model,label,r2,mse,rmse,mae,seed
subset__flexural_strength,Flexural strength,0.21735020647827896,21.076719707330575,4.590938869918721,3.872723528632051,40
catboost,Flexural strength,0.3418881020073632,17.72292042349485,4.20985990544755,3.2865861283363724,40
mt_extra_trees,Flexural strength,0.16365175314908986,22.522816363721095,4.745820936752787,3.9030690383728723,40
