model,label,r2,mse,rmse,mae,seed
subset__flowability,Flowability,0.2623921154659923,8.960715746048027,2.9934454640176806,2.35589347695351,40
catboost,Flowability,0.11440045969302925,10.758569575940715,3.2800258498891,2.7091674588443877,40
mt_extra_trees,Flowability,-62.54706977042445,771.9917867564515,27.784740177954724,27.310624176927938,40
