model,label,r2,mse,rmse,mae,seed
subset__compressive_strength,Compressive strength,0.25407476216678804,251.78862523962945,15.867848790545915,12.731801447299725,40
catboost,Compressive strength,0.8129469353409449,63.140153474595294,7.946077867388118,5.853878374629195,40
mt_extra_trees,Compressive strength,0.45059301314248135,185.45347831337648,13.61813049993928,10.050011090357064,40
