r2,mse,rmse,mae,model,seed
0.28177920931430955,25.9510473575024,5.094217050489938,3.519085451797992,catboost,40
-19.52120374264176,290.7304609776112,17.05081995030184,13.623338894376797,mt_extra_trees,40
0.04701073403269179,74.57856160730942,8.635888003402396,5.650410449509738,subset__overall,40
