model,label,r2,mse,rmse,mae,seed
subset__porosity,Porosity,-0.5457741479802918,16.48818573622956,4.06056470656848,3.6412233451536635,40
catboost,Porosity,-0.1421186597840991,12.182545955978751,3.4903504059017845,2.226709845382013,40
mt_extra_trees,Porosity,-16.151989966434165,182.95376247689583,13.526040162475336,13.229651271849312,40
