d,b,dia_top,area_top,n_top,c_top,dia_bot,area_bot,n_bot,c_bot,dia_side,area_side,n_side,c_side,n_circle,elastic_modulus_concrete,poisson_ratio_concrete,yield_strength_concrete,density_concrete,elastic_modulus_steel,poisson_ratio_steel,yield_strength_steel,density_steel,A_total,A_concrete,A_reinf_meshed,A_reinf_lumped,cx,cy,Ixx,Iyy,Ixy,Zxx_plus,Zxx_minus,Zyy_plus,Zyy_minus,M_cr,d_nc,I_cracked,cx_cracked,cy_cracked,is_cracked,M_ult,Mx_ult,My_ult,N_ult,d_n_ult,k_u,EI_initial,M_yield,kappa_yield,M_u_curve,kappa_u,row_id
100.0,100.0,13.666666666666668,122.22222222222224,2.0,20.0,11.555555555555555,100.0,4.0,20.0,,,,,4.0,27500.0,0.175,75.0,2.5e-06,195000.0,0.32,600.0,7.9e-06,10000.0,9355.555540506048,0,644.4444594939531,50.0,48.23905871046843,290188003790.35486,273904380927.11743,-0.000244140625,5606312338.238797,6015623263.548066,5478087618.542349,5478087618.542349,625161.9078995133,39.69470089095217,158109925578.56775,50.0,60.305299127476374,1,12826174.529259581,12826174.529259581,-9.313225746154785e-10,-9.163958528661169,37.61025154537437,0.5067249474877533,,,,,,0
500.0,900.0,20.0,277.77777777777777,2.0,50.0,5.222222222222222,21.419068431419294,6.0,30.0,10.5,86.59014751456867,5.0,20.0,28.0,20000.0,0.225,75.0,2.15e-06,205000.0,0.28,500.0,7.8e-06,450000.0,448450.02856811136,0,1549.9714318885601,449.9999999999992,251.3099944428659,193828383275373.12,656560664997446.8,0.25,779397558985.7106,771272084522.8424,1459023699994.3235,1459023699994.3286,110210301.04038247,69.82384087522435,14528615935866.875,449.9999999999995,430.17617694895677,1,155324448.8134677,155324448.8134677,2.5704503059387207e-07,22.258270720405562,16.085627865912176,0.03441593980696943,193824597841148.25,38764919.53173292,2e-07,43087742684.866974,0.00023009266356205927,1
1000.0,300.0,3.111111111111111,7.601878519797524,10.0,40.0,3.111111111111111,7.601878519797524,6.0,40.0,20.0,100.0,5.0,40.0,4.0,35000.0,0.2,75.0,2.5e-06,190000.0,0.28,500.0,7.9e-06,300000.0,298878.3699406418,0,1121.6300593586132,150.00000000000014,500.20243148498247,886202315376484.0,80396485216882.19,-2.375,1773122502395.3994,1771687340154.5837,535976568112.5484,535976568112.5474,144665045.8757886,121.98649772749589,48518275290099.5,150.0,878.0134930817495,1,264413572.6697813,264413572.6697813,-5.4016709327697754e-08,-9.10181179648498,33.22871633321296,0.03466942349102551,886200789446125.2,221550197.3539685,2.5e-07,95268192489.5749,0.00010905657396063207,2
1000.0,200.0,15.77777777777778,166.66666666666666,9.0,40.0,5.222222222222222,21.419068431419294,6.0,40.0,,,,,8.0,50000.0,0.2,120.0,1.975e-06,205000.0,0.32,450.0,7.8e-06,200000.0000001184,198423.6788408158,0,1576.3211593026342,99.99999999817096,509.01447067668374,882541425924022.5,33623121379265.797,-8302.1875,1797489688016.5786,1733823843457.2834,336231213786.5082,336231213798.80774,125354384.73384553,63.370488826762895,21962021526212.75,99.99999997881469,936.6295111838881,1,70784288.01163766,70784288.01163766,0.03008365072309971,30.083505493194025,31.194403556048677,0.03258279255442077,882537581858061.9,176507516.0945706,2e-07,90127853538.61769,0.00010990683881086432,3
500.0,300.0,17.88888888888889,300.0,8.0,20.0,13.666666666666668,188.88888888888889,1.0,10.0,10.5,86.59014751456867,3.0,10.0,4.0,35000.0,0.2,75.0,2.15e-06,195000.0,0.31,550.0,7.8e-06,150000.0,146891.5703132365,0,3108.4296867635603,149.99999999999994,263.4557937367596,129469591632597.12,43721070616275.14,-0.125,547337826099.6834,491428143584.3498,291473804108.50085,291473804108.50104,40126987.0394178,63.942282866458775,12479154852844.594,149.99999999999991,436.0576204683587,1,119294776.89716385,119294776.89716385,4.563480615615845e-08,25.76406704960391,28.330597570101485,0.058635248466139496,129457167984225.47,0.0,0.0,23008711899.309315,0.0002165031088822407,4
1000.0,300.0,13.666666666666668,277.77777777777777,10.0,20.0,15.77777777777778,277.77777777777777,5.0,50.0,,,,,4.0,20000.0,0.2,90.0,2.325e-06,210000.0,0.29,500.0,7.850000000000001e-06,300000.0,295833.33334731666,0,4166.666652683063,149.99999999999994,519.5914564592961,667153333686684.5,49398757778909.84,0.6875,1388720793284.889,1283995965278.0554,329325051859.3988,329325051859.3991,200987411.95888388,202.4941927700011,192461003910320.0,150.00000000000003,797.505803194438,1,642999637.9743645,642999637.9743645,1.6205012798309326e-07,-24.43736430356512,30.53132103752164,0.032407346310897756,667133990609670.6,166783497.8520056,2.5e-07,51774935220.93873,0.00010539179147692203,5
200.0,400.0,9.444444444444445,122.22222222222224,6.0,20.0,17.88888888888889,144.44444444444446,2.0,40.0,,,,,20.0,20000.0,0.25,60.0,1.8e-06,190000.0,0.3,550.0,7.75e-06,80000.0,78977.77776706114,0,1022.2222329388624,200.00000000000006,103.87716794331243,6142916677994.617,24243072048805.25,-0.015625,63906946420.095985,59136351131.048485,121215360244.02629,121215360244.02621,7558125.401838822,35.40951104799277,868560776286.5566,200.0000000000001,164.59048743209095,1,25248305.740045957,25248305.740045957,-2.2351741790771484e-08,24.610890567550086,18.136629362223452,0.12006595389354993,6140930650215.789,3377511.812916666,5.5e-07,3502603979.8153534,0.0006617595191908228,6
600.0,700.0,1.0,0.7853981633974483,6.0,50.0,15.77777777777778,144.44444444444446,9.0,50.0,,,,,4.0,20000.0,0.175,75.0,2.325e-06,190000.0,0.28,400.0,7.7e-06,420000.0,418695.2875849895,0,1304.7124150102625,350.0000000000002,293.8172221759076,264677343791711.12,350893430475698.0,0.5,864442297090.1815,900823109794.597,1002552658501.995,1002552658501.9937,128722390.07070626,121.75569455911422,52074632441627.0,349.99999999999994,478.24452949615596,1,278764064.33043563,278764064.33043563,7.450580596923828e-08,18.887865896103904,13.927296428218316,0.02569085219915058,264674505121354.0,52934900.8643507,2e-07,50408974440.07989,0.00020075541947644964,7
300.0,400.0,15.77777777777778,166.66666666666666,6.0,40.0,1.0,0.7853981633974483,5.0,10.0,15.25,300.0,1.0,40.0,8.0,42500.0,0.2,105.0,2.5e-06,195000.0,0.29,450.0,7.850000000000001e-06,120000.0,118396.07297886646,0,1603.9270211334806,199.9999999999999,152.5779036317632,39852386652518.14,71782921359463.94,0.40625,270328448952.27414,261193696491.59207,358914606797.31946,358914606797.3199,20781761.24584357,43.13103583685769,2355579405852.3906,200.00000000000006,256.8689854364312,1,59878196.221563734,59878196.221563734,-1.4901161193847656e-08,15.344057932583382,24.076462879922424,0.08316567488746951,39847007305174.086,11954102.13644081,3e-07,13661251115.691734,0.0003601390457690696,8
200.0,200.0,17.88888888888889,166.66666666666666,3.0,50.0,7.333333333333334,42.23696789826278,6.0,40.0,20.0,300.0,3.0,10.0,28.0,27500.0,0.15,105.0,1.8e-06,205000.0,0.29,550.0,7.8e-06,40000.0,37446.57821348196,0,2553.421786518027,99.99999999999993,99.14310872743008,4111731671597.1523,6265608588110.982,0.037109375,40767979457.99288,41472692599.35515,62656085881.10978,62656085881.10987,5099623.670368431,74.32147528341122,1688637929226.8984,99.99999999999994,125.67852478235717,1,84348026.26598339,84348026.26598339,-9.313225746154785e-09,18.84899477539875,60.0987629876168,0.38442705543802286,4101388369360.3545,1230416.5134700104,3e-07,3231515930.8232784,0.0008877691123891254,9
1000.0,400.0,5.222222222222222,21.419068431419294,3.0,30.0,15.77777777777778,122.22222222222224,4.0,10.0,,,,,16.0,42500.0,0.175,75.0,1.975e-06,190000.0,0.31,550.0,7.75e-06,400000.0,399446.8538839255,0,553.1461160745473,200.00000000000023,498.22407118458784,1435444855446828.0,228173051520277.0,-1.75,2860728809442.12,2881123049783.373,1140865257601.3862,1140865257601.3838,193739176.07967734,97.92668486254745,77981687299957.0,199.99999999999991,902.0733420535347,1,263313138.3720571,263313138.3720571,3.725290298461914e-09,10.83839899742452,14.207981914467751,0.014466776472375344,1435443930883772.5,502405375.88515884,3.5e-07,146390392756.9972,0.00010362839538588917,10
900.0,700.0,15.77777777777778,233.3333333333333,4.0,30.0,11.555555555555555,166.66666666666666,9.0,40.0,,,,,8.0,35000.0,0.25,60.0,1.8e-06,200000.0,0.28,550.0,7.8e-06,630000.0,627566.6667172862,0,2433.3332827139247,349.9999999999999,448.37071500012735,1554916628248649.0,918259730163112.0,0.0,3442904789154.865,3467926374826.2583,2623599229037.462,2623599229037.464,253274454.94513914,128.91235017621,176600674091470.25,350.0,771.0876436510795,1,695980038.3184776,695980038.3184776,-4.880130290985107e-07,-10.193005369626917,31.388004131948296,0.036744541787333995,1554909182968661.8,855200050.7973744,5.5e-07,179512754309.72928,0.00012139613445345724,11
800.0,500.0,13.666666666666668,144.44444444444446,8.0,40.0,3.111111111111111,7.601878519797524,6.0,30.0,15.25,100.0,10.0,50.0,16.0,20000.0,0.175,60.0,2.5e-06,200000.0,0.3,550.0,7.850000000000001e-06,400000.0,396798.833158721,0,3201.166841278994,250.00000000000068,407.89203196035794,465997818911143.5,183471956830691.25,-3.5,1188442615030.0295,1142453841698.0715,733887827322.767,733887827322.763,146015255.18934143,137.76221569057117,57401135767292.75,250.0000000000002,662.2378440476801,1,441272192.57694095,441272192.57694095,4.5634806156158447e-07,0.030007773064426146,50.88740096579349,0.06622131415347232,465991973104947.25,116497993.37776248,2.5e-07,57773066156.123505,0.00013584628458254453,12
1000.0,100.0,15.77777777777778,188.88888888888889,2.0,10.0,15.77777777777778,211.11111111111111,6.0,50.0,,,,,20.0,35000.0,0.2,105.0,2.325e-06,200000.0,0.29,550.0,7.8e-06,99999.9999936919,99154.23433500557,0,845.7656586863354,49.999999999999275,498.87696501441724,321245019491541.4,2987430543118.7246,44.578125,641050195389.2092,643936365116.1116,59748610862.37363,59748610862.37536,62213337.02341163,185.68780054424113,62780843611138.25,49.99999999999704,814.3122062840183,1,239038069.31821185,239038069.31821185,6.675603799521923e-06,5.224493825618993,27.74060804816045,0.029445155375453076,321242964475113.6,112435037.54789677,3.5e-07,29818920554.456985,0.00010373463428956164,13
100.0,800.0,11.555555555555555,122.22222222222224,9.0,20.0,20.0,233.3333333333333,10.0,50.0,,,,,16.0,42500.0,0.15,105.0,1.975e-06,210000.0,0.31,400.0,7.9e-06,80000.00000164892,76569.40663930241,0,3430.593362346488,400.0000000000006,52.10406622781923,2971827087976.742,210484122672563.38,-0.265625,62047586379.92895,57036375529.363846,526210306681.40924,526210306681.4076,4538074.059599941,22.992445181550277,292565645529.01953,400.0000000000001,77.00756477091561,1,33197073.519495055,33197073.519495055,-4.842877388000488e-08,-42.83376180767664,19.37061993205799,0.4842654983014496,,,,,,14
400.0,300.0,20.0,166.66666666666666,8.0,10.0,20.0,255.55555555555557,2.0,30.0,15.25,100.0,7.0,10.0,28.0,35000.0,0.2,90.0,1.8e-06,200000.0,0.32,550.0,7.8e-06,120000.0,116755.55541544192,0,3244.444584557995,150.00000000000028,206.00098558329313,66814951601512.28,38572978877796.766,0.1875,344408716726.75,324342873468.9075,257153192518.6456,257153192518.64462,29011588.59358543,88.60886363639425,15903413910596.875,150.00000000000003,311.3911353635395,1,227303706.13782093,227303706.13782093,-9.872019290924072e-08,-18.234490233429824,38.09620329639872,0.10582278693444089,66807108100891.58,13361421.534928309,2e-07,15060324917.798733,0.0002762780749932457,15
100.0,500.0,17.88888888888889,144.44444444444446,10.0,50.0,1.0,0.7853981633974483,2.0,10.0,,,,,24.0,35000.0,0.225,90.0,2.15e-06,205000.0,0.3,450.0,7.9e-06,50000.0,48553.984778900405,0,1446.015221099588,249.99999999999986,48.89423745053232,1478777408747.877,40128197708565.17,0.046875,28935629466.765095,30244410913.330997,160512790834.2606,160512790834.26077,2705280.36361193,30.86260211884756,409501457213.1992,250.00000000000006,69.13757649722783,1,32511514.019890543,32511514.019890543,-4.48198989033699e-09,16.313535185444266,20.25906378293133,0.22635825455789196,1475373710475.2397,516380.80418360163,3.5e-07,1847514848.28194,0.0012669409209127508,16
600.0,600.0,17.88888888888889,300.0,3.0,40.0,3.111111111111111,7.601878519797524,9.0,50.0,,,,,28.0,27500.0,0.15,60.0,1.975e-06,205000.0,0.28,500.0,7.7e-06,360000.0,359031.58309032,0,968.4169096801428,299.9999999999998,303.68242706369807,307685693129464.9,304028724844427.75,1.125,1038364650737.7634,1013182409349.3796,1013429082814.7584,1013429082814.7599,94176926.35393088,34.56996890695142,3973425045432.7188,300.0,565.4300472585636,1,36729841.10009383,36729841.10009383,-2.3283064365386963e-10,13.067327926899452,18.844178454606975,0.03435932051751777,307681279661008.8,61536255.96929078,2e-07,58850770029.19822,0.00019886584354179764,17
800.0,900.0,7.333333333333334,42.23696789826278,6.0,20.0,17.88888888888889,188.88888888888889,3.0,20.0,,,,,32.0,42500.0,0.175,105.0,1.8e-06,205000.0,0.31,500.0,7.7e-06,720000.0,719179.9115314275,0,820.0884685727405,449.9999999999995,399.39250731621553,1650500757159145.0,2079878055509187.0,14.0,4119994726264.272,4132528094354.9985,4621951234464.8545,4621951234464.865,328802774.92221576,64.8162959787429,61484381330985.25,450.00000000000006,735.1837648312295,1,220368583.59256983,220368583.59256983,0.0,33.598500632462674,6.079531414311725,0.007884686609292943,1650498836595140.2,330099767.2630173,2e-07,216408173572.18457,0.0001329037404917899,18
900.0,900.0,17.88888888888889,277.77777777777777,4.0,10.0,13.666666666666668,255.55555555555557,7.0,20.0,5.75,25.967226777328133,1.0,30.0,24.0,20000.0,0.25,105.0,1.8e-06,200000.0,0.31,550.0,7.9e-06,810000.0,807048.065523856,0,2951.9344761440693,450.00000000000006,447.01089945565866,1188183972275897.0,1138341612275150.0,-1.0,2622985786739.896,2658064878782.132,2529648027278.1113,2529648027278.111,449411489.10251343,159.85945394010648,211385094543047.75,450.0000000000005,740.1406182315645,1,865462005.2992659,865462005.2992659,7.292255759239197e-07,-54.7710580968178,16.675102300229195,0.01909727310034916,1188171763187444.2,237634352.48745376,2e-07,126340304584.66638,0.00011603408047249761,19
500.0,300.0,11.555555555555555,104.87489549761482,10.0,20.0,3.111111111111111,7.601878519797524,6.0,50.0,,,,,32.0,35000.0,0.175,75.0,1.975e-06,200000.0,0.3,450.0,7.8e-06,150000.0,148905.63980854634,0,1094.360191453721,149.99999999999974,256.869767520107,118116400122204.25,40498370217269.28,-0.03125,485815354665.8273,459829902376.3411,269989134781.79474,269989134781.79565,37546869.81989082,26.647119895914685,1690860182237.4062,149.99999999999983,473.35283611264134,1,13824637.353213092,13824637.353213092,1.4842953532934189e-08,22.641440245473405,18.05099381584864,0.040252463914615164,118114643726409.52,41340125.397510186,3.5e-07,23952213553.89367,0.00022187681461654019,20
400.0,800.0,1.0,0.7853981633974483,5.0,30.0,17.88888888888889,188.88888888888889,10.0,40.0,1.0,0.7853981633974483,1.0,30.0,12.0,50000.0,0.25,75.0,1.8e-06,205000.0,0.3,450.0,7.850000000000001e-06,320000.0,318105.6133375595,0,1894.3866624402463,399.9999999999997,197.2921753638659,219916311049921.0,868961978987187.5,2.75,1084893054546.2495,1114673253738.1648,2172404947467.9673,2172404947467.9702,63712133.40731635,73.3322505805655,35135958084274.125,399.99999999999966,326.66774850289715,1,291024919.63619405,291024919.63619405,-4.8006768338382244e-08,-21.291031629412885,19.89345975215156,0.0566675542946358,219910490084869.56,21991049.008486956,1e-07,62681953002.48329,0.0002962347537310871,21
1000.0,700.0,3.111111111111111,7.601878519797524,10.0,10.0,13.666666666666668,100.0,3.0,40.0,,,,,28.0,42500.0,0.15,120.0,2.15e-06,195000.0,0.31,450.0,7.9e-06,700000.0,699623.9812151728,0,376.0187848271398,350.0000000000004,499.4944231028006,2491320442226225.0,1218136290038731.0,-11.0,4977607757481.444,4987684200256.803,3480389400110.664,3480389400110.6562,424242897.99699414,58.988261016280134,48835982459923.75,349.99999999999955,941.0115840927826,1,128860305.67636167,128860305.67636167,-9.313225746154785e-09,0.02189978759997757,2.822138937045494,0.002960803221644939,2491319967881332.0,747395990.3041214,3e-07,253568868713.22693,0.00010238845631611658,22
100.0,500.0,20.0,300.0,4.0,50.0,13.666666666666668,122.22222222222224,5.0,50.0,20.0,100.0,7.0,50.0,28.0,35000.0,0.175,105.0,1.975e-06,205000.0,0.32,500.0,7.7e-06,50000.000006133705,48100.71216932751,0,1899.2878368061886,249.9999999999999,49.37535170609965,1488460270894.7773,43020851686433.66,0.046875,29401888626.53528,30145816069.41543,172083406745.73456,172083406745.7347,2912511.1060223226,31.58740898878352,410732341783.50195,249.99999999999991,68.41261387328605,1,40045154.58151157,40045154.58151157,-3.91155481338501e-08,-31.79379575530038,24.63532177533422,0.39376310641431933,,,,,,23
200.0,300.0,3.111111111111111,7.601878519797524,7.0,10.0,7.333333333333334,42.23696789826278,10.0,50.0,5.75,25.967226777328133,1.0,20.0,28.0,50000.0,0.175,75.0,1.975e-06,205000.0,0.29,400.0,7.75e-06,60000.0,59472.48270986813,0,527.5172901318753,150.00000000000006,99.30743225017078,10207395652784.328,23116497347913.85,-0.0703125,101371887527.43512,102785817954.39359,154109982319.42575,154109982319.42563,5874998.546819656,36.13750664514033,1312196143966.1055,150.00000000000009,163.86250787226632,1,25365103.475381505,25365103.475381505,-3.725290298461914e-09,5.962155172419443,11.793057016099379,0.08059036687056217,10207076007782.8,1020707.6007782801,1e-07,5635195871.9574175,0.0005663267218050322,24
500.0,700.0,1.0,0.7853981633974483,6.0,50.0,11.555555555555555,144.44444444444446,8.0,20.0,10.5,150.0,10.0,30.0,8.0,27500.0,0.2,105.0,1.975e-06,210000.0,0.29,450.0,7.7e-06,350000.0,345839.73186968674,0,4160.268130313131,349.9999999999998,244.81116921440088,217672822556285.25,456234070318843.0,0.375,852987263926.008,889145798595.699,1303525915196.6934,1303525915196.695,109332398.66363949,131.34883678198435,61595586649003.875,349.9999999999998,368.65143788749793,1,571150167.6705686,571150167.6705686,6.556510925292969e-07,24.37550453505537,35.66828057572715,0.07521427483833903,217662512545921.38,141480633.45120072,6.5e-07,44259467856.9285,0.00022241093820373888,25
600.0,100.0,3.111111111111111,7.601878519797524,7.0,30.0,5.222222222222222,21.419068431419294,2.0,10.0,1.0,0.7853981633974483,7.0,30.0,28.0,50000.0,0.15,90.0,2.325e-06,205000.0,0.31,450.0,7.850000000000001e-06,60000.0,59892.95313456943,0,107.04686543061247,50.00000000000013,300.0960553319702,91175830503224.31,2503919306290.127,-0.2265625,304016776452.03644,303822155883.9366,50078386125.802666,50078386125.802414,19023246.32107616,45.75522654874872,2937919636215.328,50.00000000000007,554.2447748671616,1,13450237.82243071,13450237.82243071,1.1641532182693481e-10,3.033526224545028,7.499061954099886,0.012766775293423302,91175808797760.0,59264275.716370784,6.5e-07,15606057698.907272,0.0001739943686967221,26
900.0,800.0,13.666666666666668,233.3333333333333,8.0,40.0,20.0,211.11111111111111,10.0,50.0,,,,,24.0,20000.0,0.15,105.0,1.8e-06,190000.0,0.32,450.0,7.7e-06,720000.0,716022.2222268346,0,3977.777773165134,400.00000000000017,449.2021581604694,1078169751229928.0,801877089312959.0,-2.0,2391692353340.328,2400188270789.1426,2004692723282.3984,2004692723282.3967,405811082.15686584,169.55152603970782,211087337765147.25,399.99999999999983,730.448475373736,1,811048441.8945669,811048441.8945669,-7.82310962677002e-08,-63.689159787871176,27.893280672703735,0.033206286515123494,1078156427090099.2,592986034.9536837,5.5e-07,119716524104.06139,0.00012402953585262134,27
600.0,200.0,5.222222222222222,21.419068431419294,10.0,30.0,13.666666666666668,211.11111111111111,6.0,20.0,1.0,0.7853981633974483,7.0,10.0,20.0,35000.0,0.15,105.0,1.8e-06,210000.0,0.31,500.0,7.850000000000001e-06,120000.0,118508.1470546528,0,1491.852945347239,99.99999999999993,288.67204087425046,144687202951026.5,14851316920441.625,-0.046875,464742078923.2277,501216544951.28,148513169204.41614,148513169204.41635,48424589.01531563,170.83634032679143,55493888134656.0,99.99999999999989,429.1636596858405,1,352610953.31903785,352610953.31903785,1.7338606994599104e-08,-9.090816226135132,41.83650644600976,0.0729918693628426,144682657927479.44,28936531.43389129,2e-07,22415460203.98594,0.00018188070950882863,28
200.0,800.0,11.555555555555555,144.44444444444446,4.0,50.0,5.222222222222222,21.419068431419294,4.0,50.0,,,,,8.0,20000.0,0.2,90.0,1.8e-06,205000.0,0.29,550.0,7.75e-06,160000.0,159336.54594588373,0,663.4540541162316,399.99999999999994,101.19652644812298,10907792069265.535,178766770396170.44,0.09375,110398872399.34303,107788206296.36201,446916925990.426,446916925990.42615,16872383.72163001,26.451822832124247,458847770938.166,400.0,173.5481778413159,1,23519634.16142998,23519634.16142998,1.5832483768463135e-08,25.546732072094528,7.100797173800554,0.048177289577404143,,,,,,29
500.0,700.0,1.0,0.7853981633974483,3.0,10.0,13.666666666666668,144.44444444444446,8.0,50.0,,,,,16.0,50000.0,0.225,60.0,2.15e-06,205000.0,0.31,500.0,7.8e-06,350000.0,348842.08828177693,0,1157.9117182229743,349.99999999999966,248.04797230116256,371222211900606.1,721210886633501.5,2.5,1473384498196.3564,1496574265279.1936,2060602533238.5737,2060602533238.5776,76509935.11641371,70.97180105458425,36990697714698.69,350.0,429.0284557265591,1,251097108.14488542,251097108.14488542,-3.725290298461914e-08,-13.241079974395689,19.25426739044521,0.043447011791164426,371219488600520.2,129926821.09645915,3.5e-07,75924587903.11377,0.00020918771240415035,30
500.0,900.0,17.88888888888889,188.88888888888889,7.0,20.0,1.0,0.7853981633974483,7.0,10.0,10.5,150.0,3.0,10.0,20.0,35000.0,0.175,105.0,2.15e-06,190000.0,0.29,450.0,7.850000000000001e-06,450000.0,447772.2799864661,0,2227.7200135340654,450.0000000000004,252.7221316567372,339318846328465.4,1106494124352939.0,-5.5,1372216804527.9102,1342655841433.5837,2458875831895.4224,2458875831895.418,129719495.42638105,46.055763505059375,10577810880081.25,449.99999999999983,453.944259837836,1,116789794.89199322,116789794.89199322,3.46451997756958e-07,7.484150669260998,14.862099712616775,0.030361797165713536,339313029342534.7,84828257.18228638,2.5e-07,68269103330.78972,0.00020918955449073458,31
400.0,400.0,3.111111111111111,7.601878519797524,2.0,20.0,1.0,0.7853981633974483,1.0,20.0,5.75,25.967226777328133,1.0,10.0,12.0,35000.0,0.175,105.0,2.15e-06,210000.0,0.31,400.0,7.75e-06,160000.0,159932.07639637555,0,67.92360362445204,199.99999999999983,200.07935148995304,74755804534659.34,75079412280927.97,0.3125,373927381147.4382,373630781877.12537,375397061404.6395,375397061404.64014,36098004.42168071,17.208595830311385,412028925647.91406,200.0,382.7913868676711,1,4402084.489941991,4402084.489941991,-6.51925802230835e-09,-15.017481780905655,0.9057891844844281,0.002386796270051194,74755780051748.83,41115679.030465744,5.5e-07,20796219475.1631,0.0002785720394034714,32
800.0,400.0,20.0,277.77777777777777,2.0,10.0,7.333333333333334,42.23696789826278,9.0,30.0,15.25,100.0,7.0,30.0,24.0,35000.0,0.225,120.0,1.8e-06,190000.0,0.32,600.0,7.9e-06,320000.0,317664.3117552615,0,2335.6882447384874,200.00000000000009,401.0915457689971,625229604843366.0,157942175988357.25,-1.5,1567351100764.847,1558820203115.0713,789710879941.7866,789710879941.7859,161002472.0871429,124.68505326471409,68163134339874.5,200.00000000000006,675.3149639058105,1,490563485.3684283,490563485.3684283,-2.682209014892578e-07,-17.263615092822874,29.57513692759474,0.03859304514467523,625224912161859.2,156306227.9962931,2.5e-07,78079165182.17953,0.00013152341947832814,33
300.0,300.0,9.444444444444445,70.05557692032795,8.0,40.0,13.666666666666668,211.11111111111111,5.0,50.0,1.0,0.7853981633974483,1.0,20.0,24.0,42500.0,0.25,60.0,1.8e-06,190000.0,0.32,550.0,7.7e-06,90000.0,88382.42899746295,0,1617.5710025370277,150.0,148.57237602887676,30949951620043.0,30431433742901.016,0.046875,204387751774.70297,208315653604.59415,202876224952.67343,202876224952.67343,12529176.887737367,71.20360806138801,7528312797321.195,150.00000000000023,228.79655767949612,1,129575673.11143717,129575673.11143717,6.948539521545172e-09,-7.676503148032225,45.066998286615316,0.18533378323021069,30945988637819.926,7736497.168156915,2.5e-07,13437430866.444225,0.0004762606386477285,34
500.0,800.0,13.666666666666668,188.88888888888889,3.0,40.0,20.0,211.11111111111111,4.0,10.0,15.25,250.0,3.0,50.0,12.0,20000.0,0.25,60.0,1.8e-06,195000.0,0.3,400.0,7.8e-06,400000.0,397088.88889809186,0,2911.1111019082555,399.99999999999994,247.95951384128895,180650640364988.44,474722363554447.5,0.625,716752467503.3038,728548937552.028,1186805908886.1187,1186805908886.119,93114710.76719168,111.17683197422588,39215320657103.94,400.00000000000006,388.8231680440521,1,311930047.8903487,311930047.8903487,2.2351741790771484e-08,-25.515993800974684,31.89994518016277,0.0664582191253391,180640393781464.1,54192118.16916606,3e-07,36042428631.31936,0.00021732552921909607,35
600.0,400.0,9.444444444444445,70.05557692032795,8.0,50.0,11.555555555555555,104.87489549761482,7.0,10.0,10.5,86.59014751456867,10.0,50.0,12.0,20000.0,0.175,120.0,1.8e-06,200000.0,0.31,500.0,7.8e-06,240000.0,236973.62827028465,0,3026.371729715337,199.99999999999974,296.46678585361747,166758083332665.38,72669313375908.06,0.625,549389903841.77295,562484876181.0482,363346566879.53986,363346566879.5408,101668266.13015394,162.51963436181077,53874130704542.81,200.0,437.48034777060724,1,474008205.7845091,474008205.7845091,-8.754432201385498e-08,-5.325291396424291,39.70044015015025,0.06795434792504403,166753846649325.0,0.0,0.0,25139751049.841114,0.00017575410637124485,36
600.0,700.0,7.333333333333334,42.23696789826278,3.0,40.0,11.555555555555555,166.66666666666666,5.0,30.0,,,,,28.0,20000.0,0.225,75.0,2.325e-06,200000.0,0.3,550.0,7.9e-06,420000.0,419039.9557793082,0,960.0442206918465,350.00000000000085,296.05883027976273,263839551156996.62,351834104152909.9,-4.375,868061248168.0182,891172713570.7444,1005240297579.745,1005240297579.74,127343404.50344336,103.76616726357592,40635334289858.625,349.99999999999994,496.2338299742502,1,258339592.19643778,258339592.19643778,-1.4901161193847656e-08,18.98885448485089,14.091131164669665,0.024974434910578484,263837255156026.22,92343039.3890764,3.5e-07,47537852774.30085,0.00018908959047914573,37
1000.0,900.0,15.77777777777778,122.22222222222224,2.0,40.0,1.0,0.7853981633974483,2.0,20.0,,,,,16.0,50000.0,0.25,75.0,1.975e-06,205000.0,0.32,550.0,7.7e-06,900000.0,899753.9847425949,0,246.0152574051359,450.00000000000006,500.37775197065196,3757794579475348.0,3043671663740872.0,-12.0,7521271509219.528,7509915388275.994,6763714808313.05,6763714808313.048,429249315.4302334,9.921558674172713,390092305883.4375,450.0000000000001,990.0785166642995,1,7127554.456568906,7127554.456568906,-7.188646122813225e-09,24.182142175416914,2.808886086784531,0.00286767339130631,3757794092237844.5,0.0,0.0,390907293410.78296,0.00010429562772424162,38
900.0,1000.0,15.77777777777778,277.77777777777777,10.0,30.0,9.444444444444445,70.05557692032795,1.0,30.0,20.0,300.0,10.0,30.0,28.0,50000.0,0.25,75.0,2.5e-06,190000.0,0.32,400.0,7.9e-06,900000.0,891152.1667706108,0,8847.833229389556,500.0000000000005,453.3491964371338,3143958043243166.0,3961606228468094.0,-20.0,7038962021705.292,6934958896919.851,7923212456936.196,7923212456936.18,396386138.209611,119.49392068656945,217397109992436.0,500.00000000000045,780.5060898555209,1,1058870735.0408417,1058870735.0408417,-7.301568984985352e-07,-26.907994079738273,43.33980814307852,0.05008773974342597,3143919088643030.5,1729155497.7470627,5.5e-07,362939455812.49005,0.00012070358983615323,39
900.0,1000.0,13.666666666666668,277.77777777777777,4.0,20.0,13.666666666666668,122.22222222222224,10.0,30.0,,,,,24.0,50000.0,0.175,60.0,2.5e-06,210000.0,0.3,450.0,7.7e-06,900000.0,897666.6667208546,0,2333.333279145713,500.0000000000007,449.87729779415156,3102722461128498.0,3789209340333612.0,-50.0,6893059261226.892,6896819369063.156,7578418680667.234,7578418680667.214,352588718.56800705,86.852494413419,166249834665862.5,499.99999999999966,813.1475056238221,1,475028587.9920241,475028587.9920241,-7.972121238708496e-07,-47.63667878851993,19.263843053707618,0.022317640146384887,3102714807010764.0,620542961.3854513,2e-07,356956380870.3324,0.00011816494727814177,40
400.0,500.0,11.555555555555555,122.22222222222224,8.0,20.0,3.111111111111111,7.601878519797524,7.0,30.0,5.75,25.967226777328133,10.0,40.0,20.0,27500.0,0.15,90.0,2.325e-06,200000.0,0.3,400.0,7.8e-06,200000.0,198449.66456672552,0,1550.3354332747358,249.99999999999935,204.87185393138475,79296301824552.97,121620570290460.06,1.25,406380644833.6216,387053176426.61993,486482281161.839,486482281161.8415,44062906.07199998,47.26473609301203,4825364353158.641,250.00000000000006,352.7352639124234,1,52781637.655662715,52781637.655662715,1.2991949915885925e-07,43.12022643149612,16.834561713165705,0.04569090935970075,79294178470387.2,15858835.722175518,2e-07,20784629077.28682,0.00028603120504571425,41
500.0,500.0,13.666666666666668,100.0,10.0,50.0,5.222222222222222,21.419068431419294,7.0,20.0,,,,,16.0,50000.0,0.25,120.0,2.5e-06,195000.0,0.31,600.0,7.7e-06,250000.0,248850.06652185658,0,1149.933478143419,250.00000000000023,251.82096187650572,266910393616799.62,263121709987467.38,-0.25,1075475171613.7468,1059921269571.2513,1052486839949.8705,1052486839949.8685,76631648.08512686,36.677328630112754,6170595229823.5625,250.0,463.3225072409288,1,72099629.40310192,72099629.40310192,-6.05359673500061e-09,0.49707394721008313,16.1104864956996,0.0337470914794474,266908791791670.44,26690879.179167043,1e-07,57015761968.82346,0.00022032672173683733,42
400.0,1000.0,15.77777777777778,122.22222222222224,5.0,40.0,9.444444444444445,70.05557692032795,10.0,50.0,20.0,300.0,3.0,40.0,24.0,20000.0,0.225,60.0,2.15e-06,210000.0,0.3,550.0,7.8e-06,400000.0,396888.3331198062,0,3111.6668801936926,499.99999999999955,199.94098677461852,113436769678523.25,759038822705244.8,3.25,567016541017.9657,567351254529.8865,1518077645410.488,1518077645410.491,72512284.68805647,86.65871347263943,20324252325823.188,500.0000000000004,313.3413878912938,1,310448130.40424514,310448130.40424514,-2.2351741790771484e-07,-29.824965184816392,35.313723883220746,0.10227627192340942,113425677258161.39,51041554.7633841,4.5e-07,34993979399.87265,0.0003287966824793555,43
600.0,900.0,15.77777777777778,166.66666666666666,8.0,30.0,11.555555555555555,188.88888888888889,3.0,30.0,15.25,200.0,5.0,30.0,16.0,50000.0,0.225,60.0,2.15e-06,210000.0,0.28,400.0,7.75e-06,540000.0,536100.0000366353,0,3899.9999633646203,449.9999999999997,301.14476942304975,835884583780856.0,1902825173254520.0,9.5,2796954840533.1646,2775690195058.978,4228500385010.042,4228500385010.047,141902665.07596925,79.41982193660019,62957717100638.5,450.0,520.5802641051587,1,358716282.82353973,358716282.82353973,-3.390014171600342e-07,-36.672674905115855,31.25814871182972,0.05540042112973161,835872396617167.1,3134521488.4686174,3.7499999999999997e-06,152209151804.9828,0.00018945737763785377,44
200.0,700.0,9.444444444444445,70.05557692032795,4.0,20.0,3.111111111111111,7.601878519797524,4.0,30.0,15.25,300.0,3.0,20.0,12.0,27500.0,0.2,120.0,1.8e-06,200000.0,0.32,400.0,7.9e-06,140000.0,137889.3701896845,0,2110.6298103155823,349.9999999999992,101.0300381539086,13405903064044.258,192640656988360.7,0.5,135454261212.02142,132692249839.81277,550401877109.6007,550401877109.6033,17442849.226410415,44.09580403905539,1972841721320.0586,350.0,155.90418341988763,1,69071711.90430756,69071711.90430756,-7.450580596923828e-08,21.63702576624928,14.081195313896256,0.08359548666811899,13396992535640.002,71673910.29355843,5.35e-06,8484868344.657158,0.0006637883222347703,45
200.0,200.0,15.77777777777778,122.22222222222224,6.0,50.0,1.0,0.7853981633974483,4.0,30.0,5.75,25.967226777328133,5.0,10.0,28.0,42500.0,0.175,60.0,2.5e-06,200000.0,0.28,400.0,7.850000000000001e-06,40000.0,39003.85283081008,0,996.1471691899284,99.9999999999999,102.29919742331437,5901243930133.961,6343932958797.523,0.05078125,60401181714.9819,57686121482.60164,63439329587.975174,63439329587.975296,3469540.6106873713,39.50168498675494,558197142395.332,99.99999999999994,160.49831093190713,1,19353473.347800583,19353473.347800583,1.0477378964424133e-09,13.41955478872842,38.38217671344301,0.22644352043329208,5899710030682.903,10324492.624139588,1.75e-06,4071322686.7641444,0.0007243125190450712,46
100.0,1000.0,20.0,100.0,10.0,10.0,5.222222222222222,21.419068431419294,7.0,30.0,15.25,300.0,1.0,30.0,8.0,50000.0,0.25,90.0,1.8e-06,195000.0,0.32,550.0,7.9e-06,100000.0,98250.06647270182,0,1749.933527298186,500.0000000000009,50.86044276369959,4306575163512.3145,449880562614629.75,-0.390625,87639681871.83742,84674354557.25188,899761125229.2611,899761125229.2578,5301723.63215037,15.218342551768712,242045495016.45215,499.9999999999999,84.7815434645822,1,23160455.175182607,23160455.175182607,-8.940696716308594e-08,70.35061833434156,12.21975674523644,0.18133192239702037,4302180444731.381,0.0,0.0,6831473757.164681,0.001654577570161114,47
1000.0,400.0,1.0,0.7853981633974483,1.0,50.0,20.0,233.3333333333333,10.0,30.0,1.0,0.7853981633974483,10.0,20.0,28.0,20000.0,0.175,75.0,1.8e-06,210000.0,0.28,500.0,7.7e-06,400000.00000000006,397650.17340247397,0,2349.826597526009,199.99999999999977,475.86187033415854,755761457965109.2,111990899673355.12,2.125,1441912761521.3506,1588195031121.9521,559954498366.775,559954498366.7762,226943845.1141116,287.3531956538605,285334305766790.5,200.0000000000001,712.6468045240393,1,1095305317.5063825,1095305317.5063825,4.409230314195156e-09,11.282210404242392,54.84848993722792,0.05713384368461241,755752357352957.9,75575235.73529579,1e-07,71715217512.99622,0.0001083786637886681,48
800.0,900.0,15.77777777777778,233.3333333333333,3.0,30.0,13.666666666666668,233.3333333333333,7.0,40.0,5.75,25.967226777328133,7.0,40.0,4.0,42500.0,0.25,90.0,1.975e-06,205000.0,0.3,450.0,7.8e-06,720000.0,717303.1255270415,0,2696.8744729584,450.0000000000009,398.31556239180793,1681829159407387.0,2106734715106544.0,-12.0,4186941295066.7104,4222353626627.913,4681632700236.773,4681632700236.755,311028988.26701707,109.36792950815786,164535487438389.0,450.00000000000017,690.6320360085442,1,618892383.340461,618892383.340461,-4.563480615615845e-08,26.311320721515585,20.991006715102394,0.027870334209031726,1681820123153853.5,336364024.6830526,2e-07,224157061587.58508,0.00013821286869044035,49
700.0,600.0,3.111111111111111,7.601878519797524,10.0,40.0,11.555555555555555,122.22222222222224,5.0,40.0,5.75,25.967226777328133,10.0,50.0,24.0,20000.0,0.175,75.0,2.15e-06,200000.0,0.29,400.0,7.8e-06,420000.0,418793.5255570951,0,1206.474442904631,299.99999999999955,346.629224236317,356778678337297.4,261334833833597.62,2.75,1009643985318.9597,1029280433937.275,871116112778.6575,871116112778.66,147078195.56231192,120.89913929671488,49929675883246.375,299.9999999999997,579.1006395488884,1,230222223.29564372,230222223.29564372,2.0302832126617432e-07,-16.312061851300314,15.024034042142953,0.02296472595536957,356777265464151.75,107033179.69733857,3e-07,55505107243.221085,0.0001622235550859252,50
100.0,700.0,13.666666666666668,233.3333333333333,2.0,40.0,20.0,144.44444444444446,4.0,50.0,,,,,16.0,50000.0,0.2,60.0,2.5e-06,190000.0,0.3,550.0,7.7e-06,70000.00000147976,68958.60886656662,0,1041.3911349131083,349.99999999999955,50.27780256965005,2927238477776.6504,152665534663962.94,0.0234375,58871864661.19239,58221289081.23092,436187241897.0364,436187241897.03754,2976469.095683623,17.122631132247736,196795684854.41992,349.99999999999994,82.87736889932954,1,19790185.00748406,19790185.00748406,7.450580596923828e-08,15.127477790345438,19.106202750722606,0.4077452586963291,,,,,,51
300.0,800.0,1.0,0.7853981633974483,2.0,40.0,20.0,277.77777777777777,3.0,50.0,,,,,24.0,50000.0,0.25,75.0,1.975e-06,190000.0,0.29,400.0,7.8e-06,240000.0,239165.09586739645,0,834.9041326035442,399.99999999999983,149.13542809577166,90941158500771.1,649022111454352.0,0.75,602799963920.6364,609789100161.838,1622555278635.8794,1622555278635.8806,34854128.21160635,39.80992698344589,7190103495294.859,399.99999999999994,260.1898663596379,1,78863478.65993723,78863478.65993723,1.4901161193847656e-08,-21.60484141865163,7.797455153080443,0.03248939647116851,90937658442250.4,27281297.553626984,3e-07,41065035513.927795,0.0004576746232726194,52
100.0,1000.0,20.0,233.3333333333333,5.0,30.0,15.77777777777778,233.3333333333333,1.0,10.0,,,,,12.0,20000.0,0.225,60.0,1.8e-06,195000.0,0.29,500.0,7.9e-06,100000.0,98599.99998635892,0,1400.0000136411165,500.00000000000006,50.32537327270121,1733498822461.9043,188272049232997.94,-0.09375,34897067913.12952,34445821456.07718,376544098465.9959,376544098465.99585,4402467.063912094,24.68963969407532,308755587483.93066,500.0,75.31035917767291,1,27822294.33147563,27822294.33147563,2.8729724953475383e-07,21.69921944051748,16.345411971290037,0.19906455720979935,1728429744730.2673,432107.4336259498,2.5e-07,2583981636.6369095,0.0015517695771319667,53
200.0,100.0,5.222222222222222,21.419068431419294,6.0,50.0,1.0,0.7853981633974483,9.0,10.0,,,,,4.0,42500.0,0.225,105.0,1.975e-06,190000.0,0.3,500.0,7.8e-06,20000.0000046477,19940.059620926688,0,59.94038372101448,50.000000001519844,100.32165717870767,2859113732837.285,709064753800.8123,57.57275390625,28683399542.09741,28499466747.685516,14181295076.447311,14181295075.585178,2267547.500340705,16.702209862463643,59665702034.13037,50.00000001584542,183.29775866986384,1,2006875.9348433902,2006875.9348433902,-0.0034349153229413787,-3.7602045071752173,3.9983548771633135,0.021099498032524082,2859103723577.92,714775.9299275979,2.5e-07,1581072539.1544392,0.0005589438594539749,54
700.0,100.0,7.333333333333334,42.23696789826278,2.0,10.0,9.444444444444445,122.22222222222224,3.0,20.0,10.5,86.59014751456867,3.0,40.0,24.0,50000.0,0.15,105.0,1.8e-06,205000.0,0.3,600.0,7.75e-06,70008.99536628198,69155.15717185276,0,853.8381944292084,50.00000000000631,347.8682498129491,149958622511488.25,2921072797069.4395,-7.4375,425859418901.67773,431078785120.86664,58421455941.396164,58421455941.38142,29153804.376729105,138.31173385207825,25850312536217.906,50.00000000002656,561.6882682616705,1,197219349.4534439,197219349.4534439,-6.696069613099098e-05,-4.077099064495997,57.26392275204346,0.08480054374311642,149957453835647.22,44987236.16618774,3e-07,21045719438.243576,0.00014891953132854297,55
200.0,500.0,9.444444444444445,70.05557692032795,4.0,40.0,1.0,0.7853981633974483,4.0,50.0,,,,,16.0,50000.0,0.25,105.0,2.5e-06,200000.0,0.31,500.0,7.75e-06,100000.0,99716.6361107243,0,283.36388927569953,249.99999999999952,100.45615893924011,16795444881638.352,105161343849841.56,0.46875,168724098876.059,167191788527.34064,420645375399.3654,420645375399.36707,11307159.768381763,12.333346981593783,86560630485.38477,250.00000000000003,187.66663036549392,1,6264356.319267868,6264356.319267868,5.893525667488575e-09,18.811832149656823,3.781363857358105,0.02529340372814786,16795132426172.066,3359026.478333857,2e-07,15010589229.816883,0.0009025145172809542,56
600.0,200.0,13.666666666666668,233.3333333333333,1.0,40.0,13.666666666666668,188.88888888888889,10.0,40.0,,,,,4.0,27500.0,0.175,75.0,2.5e-06,195000.0,0.32,400.0,7.7e-06,120000.00001076651,118139.18364508983,0,1860.816365676696,99.99999997184082,283.63105546743645,118013368870144.38,11329755735905.422,23932.953125,373024504805.64594,416080561684.8027,113297557327.15056,113297557390.95789,43240360.372792475,197.3046302902588,55161059167334.91,99.99999992945317,402.69530228358,1,342587803.99721354,342587803.99721354,0.20861923042684793,-6.351837002672255,59.2999003857569,0.10720078400124732,118008401499520.0,11800840.149952,1e-07,18932475932.681183,0.00019586497839041973,57
600.0,400.0,9.444444444444445,70.05557692032795,8.0,50.0,15.77777777777778,300.0,2.0,10.0,,,,,16.0,50000.0,0.25,105.0,2.325e-06,200000.0,0.28,550.0,7.75e-06,240000.0,238839.55541914335,0,1160.4445808566786,200.00000000000003,299.6081581415953,372221100794050.1,163747824181852.2,-0.5,1239118540940.6143,1242359697756.0864,818739120909.2611,818739120909.2609,84020631.13302584,76.6843587192355,33704903251310.938,200.0000000000001,523.3156318723373,1,202920337.95118213,202920337.95118213,-6.332993507385254e-08,9.175628826022148,21.290196377272384,0.036574110981489896,372217611174487.2,93054402.77692579,2.5e-07,63223738831.20496,0.00017715797259837572,58
200.0,200.0,20.0,211.11111111111111,9.0,40.0,3.111111111111111,7.601878519797524,7.0,50.0,,,,,28.0,50000.0,0.15,60.0,1.8e-06,195000.0,0.31,600.0,7.75e-06,40000.00001042776,38273.170955717265,0,1726.8290547105091,100.0000000002805,105.22572591373523,7233321520048.203,6940017027293.262,28.2734375,76321571331.31235,68740999002.26044,69400170273.12727,69400170272.73796,3514272.225253883,34.92355730486024,354731955851.8672,100.00000000092028,165.0765059954802,1,13965389.74798762,13965389.74798762,-0.0005739602202083915,21.68465023461522,38.37126172802259,0.2584890384912781,7228474907803.476,3252813.6438319995,4.5e-07,6295816862.745007,0.000969089997473292,59
600.0,1000.0,1.0,0.7853981633974483,10.0,20.0,11.555555555555555,104.87489549761482,8.0,20.0,,,,,12.0,20000.0,0.225,75.0,1.975e-06,205000.0,0.28,600.0,7.850000000000001e-06,600000.0,599153.1468848344,0,846.8531151660621,500.0000000000002,296.5321706892015,371640427617113.75,1015097007964998.5,-3.75,1224645223387.0757,1253288730033.39,2030194015929.9978,2030194015929.996,179087679.95013276,91.09972413403442,45193874350386.25,500.00000000000017,508.90007993703347,1,287021293.6293323,287021293.6293323,-3.725290298461914e-09,26.18810036425566,9.49196352741411,0.016530122243827276,371638992524515.6,74327798.37843125,2e-07,64345964574.4613,0.00017898553711818318,60
700.0,600.0,11.555555555555555,100.0,8.0,50.0,1.0,0.7853981633974483,3.0,40.0,,,,,20.0,42500.0,0.15,90.0,1.975e-06,200000.0,0.28,400.0,7.75e-06,420000.0,419197.6438076355,0,802.3561923646204,299.9999999999996,352.05587345308896,739742977502395.2,538738465355612.25,2.75,2126039559407.9976,2101209021871.2546,1795794884518.705,1795794884518.71,154780242.01683867,21.34614005608769,465542444530.4375,299.9999999999999,678.6536478406414,1,17287373.26291695,17287373.26291695,2.5640474632382393e-08,17.87493415214192,8.32708946203756,0.012626367645242697,739741703863836.5,221922511.2330651,3e-07,117537444617.31966,0.00016178562925654282,61
800.0,300.0,3.111111111111111,7.601878519797524,8.0,50.0,17.88888888888889,144.44444444444446,5.0,10.0,20.0,250.0,5.0,20.0,16.0,42500.0,0.15,60.0,1.975e-06,205000.0,0.29,450.0,7.9e-06,240000.0,236716.96276903342,0,3283.037230966515,150.00000000000023,395.5371706188993,574155542744278.0,83289242238444.97,-1.125,1419550824046.8896,1451584289400.3955,555261614922.9673,555261614922.9656,87305759.38320658,180.82151078737533,122215460418063.0,149.99999999999994,619.1784891539653,1,647070348.5644361,647070348.5644361,1.4901161193847656e-08,-9.716462997210328,108.35565405680087,0.13872976549919805,574143637031899.0,143535909.32982743,2.5e-07,70481984034.26318,0.00013092293796495072,62
1000.0,100.0,17.88888888888889,211.11111111111111,4.0,50.0,13.666666666666668,188.88888888888889,3.0,50.0,20.0,200.0,5.0,50.0,28.0,27500.0,0.15,120.0,2.15e-06,200000.0,0.31,450.0,7.850000000000001e-06,100000.0000007572,97108.48496750911,0,2891.5150332480885,49.99999999980702,502.2786398758904,274185561393556.5,2343021557117.6914,324.921875,550881644551.4551,545883379514.81647,46860431142.172966,46860431142.53469,71758233.77458043,290.9656434713145,95660977886818.25,49.99999999953678,709.0340663247642,1,562441885.8844998,562441885.8844998,0.0027153785340487957,5.509201743640006,114.44635409522175,0.12134266207212996,274177148196477.6,205632861.09923992,7.5e-07,25399452443.975674,0.00011290312130840524,63
900.0,600.0,9.444444444444445,70.05557692032795,3.0,10.0,17.88888888888889,211.11111111111111,10.0,40.0,,,,,16.0,42500.0,0.2,105.0,2.15e-06,190000.0,0.28,550.0,7.850000000000001e-06,540000.0,537678.7221466461,0,2321.27785335343,300.00000000000045,445.21771621390855,1604556613297327.0,698183285680159.0,-7.0,3528186278364.432,3603981950543.9546,2327277618933.8667,2327277618933.86,286749234.137605,147.66579973150587,226376374491075.0,300.0,752.3341763366413,1,975072071.8532674,975072071.8532674,-1.2293457984924316e-07,-22.58567278800183,25.111644579135636,0.02950646924932672,1604549651028673.2,320909930.317126,2e-07,177015073194.33533,0.00011513558141294507,64
200.0,600.0,1.0,0.7853981633974483,7.0,20.0,3.111111111111111,7.601878519797524,5.0,30.0,1.0,0.7853981633974483,7.0,10.0,32.0,20000.0,0.2,120.0,1.8e-06,190000.0,0.29,400.0,7.7e-06,120000.0,119945.49725040088,0,54.50274959916606,300.00000000000097,99.8515626435044,8038742515931.461,72460283005939.62,-0.375,80268277050.7559,80506927514.31268,241534276686.4662,241534276686.46463,14551501.877557382,14.627557718411431,199601183267.87793,300.00000000000006,185.37253858403548,1,3020028.1665103715,3020028.1665103715,-5.980837158858776e-09,25.727952333773032,0.4247107345951571,0.002521369797101291,8038737954915.782,4421305.872879135,5.5e-07,5030524705.260285,0.0006290046873029735,65
100.0,300.0,20.0,211.11111111111111,9.0,30.0,7.333333333333334,42.23696789826278,5.0,10.0,,,,,32.0,42500.0,0.25,60.0,1.975e-06,205000.0,0.3,450.0,7.850000000000001e-06,30000.0,27888.815022365146,0,2111.184977634856,149.99999999999997,51.13754816066673,1141886395245.7866,11443343141107.438,-0.001953125,23369404363.916744,22329705594.373547,76288954274.04958,76288954274.04959,1343023.5625693507,30.72729896153875,297342049453.0386,150.00000000000006,69.2727018675299,1,14933292.584002681,14933292.584002681,7.450580596923828e-09,16.61699228570069,31.594396502923114,0.3659582611049466,1135197421806.37,227039.4788393844,2e-07,1442489067.9777987,0.0013738572721714907,66
600.0,900.0,11.555555555555555,100.0,2.0,50.0,15.77777777777778,300.0,8.0,10.0,10.5,86.59014751456867,10.0,20.0,20.0,27500.0,0.25,60.0,1.8e-06,195000.0,0.31,500.0,7.9e-06,540000.0,535668.1970182932,0,4331.802981706728,449.99999999999727,292.8912699839194,484299837020210.75,1091446694888122.0,22.0,1576965386151.1921,1653514073829.5144,2425437099751.3677,2425437099751.397,153696779.295871,145.07527815353848,131438636180918.38,450.0,454.9247223411867,1,925464273.0839059,925464273.0839059,1.4454126358032227e-06,-20.71512911486934,53.714422860849396,0.09227520630653173,484286025908545.6,145285807.99400896,3e-07,78053343016.1867,0.00017674152599218937,67
500.0,900.0,20.0,122.22222222222224,10.0,20.0,9.444444444444445,70.05557692032795,9.0,50.0,,,,,32.0,50000.0,0.2,120.0,1.975e-06,190000.0,0.29,400.0,7.7e-06,450000.0,448147.2775199938,0,1852.722480006102,450.00000000000097,250.89665320724208,480381673487660.75,1536795887347471.0,-3.0,1928443273334.723,1914659551440.3403,3415101971883.2764,3415101971883.2617,138428693.86719084,44.92312197490486,20601529443927.188,450.0000000000008,455.0768637248234,1,123801330.9050173,123801330.9050173,3.5390257835388184e-08,24.701421558158472,9.613835682027702,0.021590647823342933,480378747227859.0,144113624.0867288,3e-07,105611213777.62202,0.00022698514840829663,68
1000.0,700.0,1.0,0.7853981633974483,7.0,50.0,9.444444444444445,70.05557692032795,6.0,30.0,,,,,24.0,20000.0,0.2,90.0,2.15e-06,195000.0,0.31,500.0,7.75e-06,700000.0,699574.1687426633,0,425.83125733661586,349.99999999999983,497.59902307107455,1182704500718297.5,575117562797148.8,-0.5,2354104699294.035,2376822392895.5864,1643193036563.2812,1643193036563.283,372050531.58446234,100.58837772755231,66036642675723.5,349.99999999999994,899.4116581450966,1,202570695.95007432,202570695.95007432,1.862645149230957e-08,22.610985691870155,4.735312993281221,0.004905647993332202,1182704043370984.5,532216819.6352175,4.5e-07,125237008415.50438,0.00010743081406804364,69
700.0,1000.0,1.0,0.7853981633974483,3.0,10.0,7.333333333333334,42.23696789826278,2.0,50.0,20.0,250.0,1.0,10.0,28.0,50000.0,0.2,75.0,2.5e-06,195000.0,0.3,500.0,7.7e-06,700000.0,699413.1698748702,0,586.8301251299348,500.00000000000074,349.94445152885885,1430316796162935.0,2936323793750516.0,-14.0,4085970933498.434,4087268107592.731,5872647587501.041,5872647587501.023,233618748.87471473,39.090790264812036,15233614653520.75,499.99999999999966,660.9092047001674,1,108709309.50399914,108709309.50399914,3.725290298461914e-08,26.832735034273355,5.481462810998018,0.008480860460971202,1430314801087264.5,286062960.21160585,2e-07,210478050299.25314,0.00014730134265474853,70
800.0,1000.0,9.444444444444445,70.05557692032795,7.0,50.0,3.111111111111111,7.601878519797524,7.0,30.0,,,,,20.0,35000.0,0.175,105.0,1.975e-06,190000.0,0.3,450.0,7.7e-06,800000.0,799456.3977923838,0,543.602207616139,500.0,400.82628942647005,1503495970311900.0,2340836290241773.0,-6.0,3766520515972.0757,3750991414418.4653,4681672580483.546,4681672580483.546,362398686.7010699,24.32584231952979,5852859832462.5,500.00000000000017,775.6741645915113,1,30136569.03090981,30136569.03090981,-3.282912075519562e-08,37.60376273956217,3.26442577957074,0.004248096011832837,1503495444533360.8,150349544.45333606,1e-07,202501148427.4074,0.0001357555888952809,71
600.0,500.0,17.88888888888889,233.3333333333333,10.0,30.0,15.77777777777778,211.11111111111111,7.0,20.0,10.5,86.59014751456867,3.0,20.0,12.0,20000.0,0.175,75.0,1.975e-06,210000.0,0.3,500.0,7.75e-06,300000.0,295669.34796037636,0,4330.652039623721,250.0000000000001,305.6847745443578,231968558754274.62,144982142089436.2,-0.3125,788163637797.3788,758848912576.8145,579928568357.745,579928568357.7445,108435101.92774348,144.09802311022432,75876917744375.0,249.99999999999991,455.9019744218014,1,485537168.8303231,485537168.8303231,5.774199962615967e-08,-15.835388634521223,38.66036506760557,0.06757492434905811,231953494713195.66,46390698.98142534,2e-07,32632776926.753437,0.00018397102304660223,72
1000.0,500.0,17.88888888888889,166.66666666666666,5.0,20.0,7.333333333333334,42.23696789826278,6.0,20.0,1.0,0.7853981633974483,10.0,50.0,28.0,42500.0,0.2,60.0,2.15e-06,200000.0,0.29,600.0,7.75e-06,500000.0,498897.5368806496,0,1102.4631193502764,249.9999999999997,501.99812823652974,1809080802446664.0,445922124626995.75,3.5,3632678720745.6533,3603760055444.4053,1783688498507.9807,1783688498507.9854,216748700.4184951,63.67455254401678,45003838659008.0,249.99999999999937,936.3256216705147,1,156936827.22068655,156936827.22068655,-1.807784428820014e-07,30.326403020923408,19.26826874448093,0.019735338421089845,1809078421837217.5,361815684.2390221,2e-07,185256348564.26343,0.0001050542103922762,73
200.0,700.0,3.111111111111111,7.601878519797524,1.0,20.0,3.111111111111111,7.601878519797524,8.0,20.0,20.0,250.0,7.0,30.0,8.0,20000.0,0.15,120.0,2.15e-06,190000.0,0.3,600.0,7.7e-06,140000.0,136431.5829593389,0,3568.417040661123,350.00000000000017,99.79169247825989,10331935195497.879,171973991094852.2,0.03125,103104577365.069,103535023195.93127,491354260271.0065,491354260271.006,18713794.33975662,61.92753611462098,3262807615491.578,350.00000000000034,138.07248063080624,1,179155614.36913267,179155614.36913267,-8.158385753631592e-07,-13.439974937355146,31.49476100798943,0.17649617024878209,10318697568973.424,2063739.5145043423,2e-07,5947046749.509814,0.0006372977079321088,74
400.0,1000.0,5.222222222222222,21.419068431419294,10.0,50.0,15.77777777777778,188.88888888888889,4.0,20.0,,,,,8.0,20000.0,0.225,75.0,1.975e-06,190000.0,0.31,600.0,7.8e-06,400000.0,399030.25375277747,0,969.7462472226212,499.9999999999999,197.9497582545499,111230154029295.19,685542834378698.0,-0.125,550507403843.7766,561911037477.8069,1371085668757.3958,1371085668757.3962,80293823.46523735,65.93091763851007,15377111673069.938,500.00000000000034,334.0690806763363,1,172642594.651516,172642594.651516,2.2351741790771484e-08,26.930716425937135,10.869356068669536,0.02920997451395515,111227926669512.28,33368378.0343336,3e-07,30908414902.01052,0.0002903302100083911,75
400.0,600.0,13.666666666666668,166.66666666666666,6.0,50.0,5.222222222222222,21.419068431419294,3.0,50.0,,,,,20.0,35000.0,0.15,75.0,1.975e-06,205000.0,0.32,500.0,7.7e-06,240000.0,238935.74279672443,0,1064.2572032755777,300.00000000000006,202.64870056137076,115663812259474.81,257138952664341.88,-0.3125,586080824339.5582,570760197026.0195,857129842214.473,857129842214.4728,46604752.55167705,30.272277225624364,1666247917419.3594,300.0,369.72772962239924,1,35654805.61503339,35654805.61503339,-6.938353180885315e-08,0.006372210791596444,16.5668412655229,0.0476896118187579,115661070682684.45,52047481.88675699,4.5e-07,37911733684.271416,0.00034015035677563296,76
400.0,1000.0,9.444444444444445,70.05557692032795,10.0,10.0,1.0,0.7853981633974483,2.0,40.0,15.25,150.0,7.0,40.0,16.0,42500.0,0.225,60.0,1.975e-06,205000.0,0.3,400.0,7.75e-06,400000.0,397197.87347704545,0,2802.126522954314,500.00000000000045,201.45798886924985,233140656912339.25,1496173159669217.0,-2.0,1174263600859.7903,1157266873460.412,2992346319338.4365,2992346319338.431,69603993.32940243,50.739195331886414,13239217229903.062,500.00000000000034,349.26082326369783,1,150149337.16396272,150149337.16396272,-3.241002559661865e-07,-27.92131326397066,18.238999088027125,0.05073435073164708,233134717806107.0,58283679.36245285,2.5e-07,60724693850.47397,0.0002694194669712778,77
600.0,900.0,7.333333333333334,42.23696789826278,9.0,30.0,20.0,300.0,9.0,10.0,,,,,20.0,50000.0,0.225,75.0,1.975e-06,210000.0,0.29,400.0,7.7e-06,540000.0,536919.8672218204,0,3080.1327781794284,450.0000000000006,296.1895041387482,847794385517963.5,1860185165802991.0,-11.0,2790536854609.3467,2862337704987.7476,4133744812895.5415,4133744812895.53,163604573.00414288,108.12074458305756,145563936238447.25,450.0000000000002,491.8792536848272,1,616802194.9142036,616802194.9142036,-1.043081283569336e-07,-29.65084012140869,24.324327586910766,0.04193849583950132,847780580031391.9,84778058.00313918,1e-07,142328555638.16226,0.0001779199915810997,78
300.0,900.0,1.0,0.7853981633974483,3.0,20.0,7.333333333333334,42.23696789826278,1.0,10.0,,,,,32.0,50000.0,0.2,90.0,1.8e-06,190000.0,0.29,450.0,7.850000000000001e-06,270000.0,269955.4068381326,0,44.5931618674641,450.00000000000006,149.9434746493356,101365415574935.06,911290587015886.0,-0.875,675514879063.4465,676024187194.4923,2025090193368.6357,2025090193368.6353,42327968.46099287,9.939547012558652,627866392265.6562,450.0,290.0606372519607,1,5465202.164795002,5465202.164795002,-8.333298381651126e-10,28.941935641170858,0.34758154886230236,0.0012139052933368675,101365388566324.05,30409616.57142417,3e-07,37116343857.949265,0.00036670358605273994,79
300.0,200.0,15.77777777777778,300.0,8.0,30.0,17.88888888888889,166.66666666666666,10.0,50.0,,,,,12.0,27500.0,0.175,120.0,2.15e-06,190000.0,0.31,400.0,7.9e-06,60000.00001119403,56385.20540290546,0,3614.794608288564,99.99999997807919,160.5290405544264,18630093321797.32,6296150174803.395,-1968.3828125,133576863569.70554,116054349153.60939,62961501734.23227,62961501761.83562,15255740.382722987,85.23186585037122,7906798351546.125,99.99999995506187,214.7681342283501,1,117357963.12553534,117357963.12553534,0.037718563340604305,23.524903302968596,35.96607681241962,0.14920243892808788,18617292733337.66,4654323.218670996,2.5e-07,5089991135.366322,0.000438354958127409,80
600.0,200.0,13.666666666666668,188.88888888888889,7.0,10.0,15.77777777777778,277.77777777777777,6.0,50.0,1.0,0.7853981633974483,10.0,40.0,32.0,35000.0,0.25,90.0,1.975e-06,195000.0,0.32,600.0,7.75e-06,120000.0,116995.40319065178,0,3004.5968093482193,100.0,299.0159903769044,158647528298546.94,14621688741928.602,-0.015625,527096201878.67065,530565365747.07764,146216887419.286,146216887419.286,47457630.09506968,162.79897815001016,61444395111967.0,99.99999999999987,437.2010090841881,1,525189210.6321851,525189210.6321851,-1.2187229003757238e-08,-9.42381953617351,47.20970510789628,0.08708492437169091,158636468413857.53,31727293.687377404,2e-07,21452187792.35173,0.0001765502897318018,81
600.0,800.0,20.0,166.66666666666666,6.0,30.0,17.88888888888889,300.0,6.0,10.0,,,,,24.0,42500.0,0.175,105.0,2.15e-06,200000.0,0.3,400.0,7.75e-06,480000.0,477200.0000434655,0,2799.9999565344497,399.99999999999966,298.14167975248904,644978180969962.2,1116744858074729.5,5.0,2136691744793.079,2163327789343.005,2791862145186.8213,2791862145186.826,172124221.29058582,98.38808340575643,95210135775868.5,399.99999999999955,501.61178363446123,1,425056592.79861176,425056592.79861176,-2.1606683731079102e-07,23.46772221988067,18.6802836285181,0.03214887707667339,644966934408143.6,419228507.0748242,6.5e-07,107431715607.33975,0.00017763123378366857,82
100.0,900.0,17.88888888888889,255.55555555555557,3.0,50.0,11.555555555555555,104.87489549761482,6.0,50.0,15.25,100.0,3.0,50.0,32.0,20000.0,0.2,120.0,2.5e-06,200000.0,0.31,550.0,7.7e-06,90000.0000005707,88555.96895263118,0,1444.0310479394977,449.99999999999955,49.72281186771301,1518379978234.3242,145111145680195.94,0.1171875,30200176951.80633,30536888828.289864,322469212622.6573,322469212622.65796,5519495.139603013,27.914598094818103,320009371654.57227,450.00000000000017,72.08564449167011,1,37814684.50311613,37814684.50311613,-5.21540641784668e-08,9.721489276431384,10.30282739403409,0.16790056841709494,,,,,,83
700.0,600.0,17.88888888888889,300.0,5.0,10.0,15.77777777777778,277.77777777777777,3.0,50.0,,,,,12.0,20000.0,0.25,120.0,2.5e-06,195000.0,0.3,500.0,7.75e-06,420000.0,417666.66672463005,0,2333.333275369827,299.99999999999994,355.02961763918984,383999879763090.4,268076170942148.0,0.0,1113138690733.9153,1081599564330.8342,893587236473.8265,893587236473.8268,195497438.25868014,104.13141880629547,53462404920651.375,300.00000000000006,595.8685814734832,1,268748869.51833034,268748869.51833034,-3.7997961044311523e-07,64.50200430306722,14.179360348902383,0.022082409262945055,383989305244847.25,95997326.15615298,2.5e-07,51409528370.03686,0.00015087635096574004,84
700.0,600.0,17.88888888888889,277.77777777777777,9.0,50.0,1.0,0.7853981633974483,10.0,30.0,,,,,20.0,50000.0,0.225,105.0,2.325e-06,195000.0,0.29,550.0,7.8e-06,420000.0,417492.1460740161,0,2507.8539259838726,300.0000000000006,354.9216232233589,887815370398001.5,638818406713669.8,-8.5,2572793400418.2993,2501440634512.3765,2129394689045.5703,2129394689045.5613,169172117.5704058,31.130751184921795,1313723087673.25,300.0000000000001,668.8692489259837,1,64825808.03591187,64825808.03591187,-9.668292477726936e-08,-21.555792833396026,30.476067847768135,0.045520639055665627,887804595238294.8,221951148.4415705,2.5e-07,133473670790.39124,0.00015714327024216108,85
900.0,700.0,7.333333333333334,42.23696789826278,5.0,30.0,15.77777777777778,144.44444444444446,8.0,30.0,,,,,4.0,27500.0,0.225,90.0,2.5e-06,195000.0,0.28,400.0,7.850000000000001e-06,630000.0,628633.2595570658,0,1366.740442934181,349.99999999999994,446.29488965588104,1208202870814361.0,717290349157610.5,-0.5,2662969499942.3364,2707185089540.1353,2049400997593.1726,2049400997593.173,308191353.50137335,129.60075363909903,135203622525134.75,350.0000000000002,770.399042244254,1,398383162.9458025,398383162.9458025,3.725290298461914e-09,22.6289703294824,12.157915092556221,0.014102492054015786,1208200142951223.2,543690063.9703345,4.5e-07,140047251676.73047,0.00012022195481250154,86
800.0,800.0,13.666666666666668,146.6949236301234,2.0,40.0,17.88888888888889,255.55555555555557,4.0,40.0,,,,,12.0,27500.0,0.175,90.0,2.5e-06,195000.0,0.29,450.0,7.7e-06,640000.0,638684.3878898134,0,1315.6121101865301,400.00000000000006,397.60089565189435,965799000375492.5,956523156599361.5,-1.5,2400102261510.014,2429066460708.037,2391307891498.4043,2391307891498.4033,276529773.73540676,106.80205554952626,91851048831837.25,400.0,693.1976745834969,1,348643918.3217383,348643918.3217383,1.341104507446289e-07,25.803456058725715,11.520264485661448,0.015338764755538626,965794279208177.1,627766281.1646688,6.5e-07,132568058356.8367,0.00014168366851924688,88
800.0,800.0,17.88888888888889,277.77777777777777,3.0,10.0,9.444444444444445,70.05557692032795,1.0,30.0,,,,,32.0,20000.0,0.25,105.0,2.5e-06,195000.0,0.3,400.0,7.8e-06,640000.0,639096.6110732837,0,903.3889267163389,399.9999999999994,403.9428947967982,705279782598519.8,696786950159502.5,5.0,1780752758460.5952,1745988830805.6707,1741967375398.7534,1741967375398.759,295202516.1884877,31.88260062108037,7548291722456.25,399.9999999999999,768.1174354605777,1,26795084.985655684,26795084.985655684,-2.7644196089598694e-08,11.703385460779828,6.027055053844163,0.007875643628258497,705276114913577.5,0.0,0.0,89306386821.97412,0.000131119954288307,89
300.0,100.0,13.666666666666668,144.44444444444446,1.0,50.0,7.333333333333334,42.23696789826278,10.0,40.0,20.0,100.0,10.0,20.0,16.0,27500.0,0.25,105.0,2.5e-06,200000.0,0.32,400.0,7.7e-06,30000.00000038048,27473.184224492423,0,2526.815775888035,50.000000000984684,144.47725712300684,8065493679971.176,847810864779.0405,-120.3203125,51860541620.91506,55825351619.904274,16956217295.914742,16956217295.24688,6864475.554498505,125.02476541772504,4692838982487.363,50.00000000149895,174.97523458948152,1,111561194.88093922,111561194.88093922,-0.002483302931068465,-8.787881735588599,91.05298809760676,0.3552132175150436,8061745606693.249,0.0,0.0,2796081859.7145505,0.00046563235236961857,90
200.0,800.0,5.222222222222222,21.419068431419294,7.0,40.0,9.444444444444445,70.05557692032795,4.0,20.0,,,,,8.0,35000.0,0.225,120.0,2.15e-06,200000.0,0.32,500.0,7.8e-06,160000.0,159569.8442226014,0,430.1557773986219,399.99999999999983,99.63659702359952,19009706545182.625,303688932367610.9,0.125,189408748422.496,190790403456.6743,759222330919.0269,759222330919.0275,19705753.457418058,25.253683806275852,1421121446195.6602,400.0,174.74627629505724,1,27449033.951219883,27449033.951219883,6.705522537231445e-08,-34.382203311841295,3.138273176770586,0.017904569607053018,19009342973782.805,5702802.896256541,3e-07,12354968530.445557,0.0006636715135402557,91
1000.0,400.0,7.333333333333334,42.23696789826278,4.0,20.0,11.555555555555555,144.44444444444446,9.0,10.0,15.25,250.0,3.0,10.0,24.0,42500.0,0.15,60.0,2.15e-06,190000.0,0.29,400.0,7.850000000000001e-06,400000.0,397031.0521308114,0,2968.9478691885733,200.00000000000009,495.30608098231613,1475412414265610.5,237224440754604.12,-0.25,2923380604896.7153,2978789219263.163,1186122203773.0212,1186122203773.02,179159733.7676508,183.20290172172955,234245760338809.5,200.00000000000026,816.7972555670742,1,783287191.4690709,783287191.4690709,5.960464477539063e-08,-6.2823130072356435,62.365592626080826,0.06336535714482973,1475403798150015.0,0.0,0.0,144570743029.2395,0.00010302242832186984,92
400.0,100.0,5.222222222222222,21.419068431419294,8.0,10.0,13.666666666666668,146.6949236301234,10.0,20.0,,,,,20.0,42500.0,0.225,120.0,1.975e-06,210000.0,0.32,450.0,7.9e-06,40000.00000005804,39063.624582254335,0,936.3754178037043,49.99999999973368,190.94621566267836,27365492822601.758,1469420513549.752,64.515625,130901685943.39238,143315188141.4873,29388410270.838505,29388410271.151573,12190116.35520119,129.70876076055183,13008506904652.695,49.99999999933245,270.29120307630484,1,123365418.94376877,123365418.94376877,0.0010594397317618132,-4.430957897566259,34.16570679515255,0.09155615937902356,27364362128066.96,5472872.375179045,2e-07,5852165272.410576,0.00026966346218372387,93
400.0,800.0,13.666666666666668,255.55555555555557,1.0,10.0,13.666666666666668,211.11111111111111,2.0,10.0,10.5,100.0,7.0,40.0,4.0,42500.0,0.15,60.0,2.15e-06,200000.0,0.31,500.0,7.7e-06,320000.0,317922.2221934979,0,2077.777806502395,399.99999999999994,199.65476849673067,186766227677148.62,761380690066514.0,-1.625,932221976414.2521,935445865297.2614,1903451725166.2847,1903451725166.2852,56262534.82351578,61.44102564579581,19177912106917.938,400.0000000000003,338.5590607492215,1,210358615.4923834,210358615.4923834,4.805624485015869e-07,18.54744486875279,25.399984840654884,0.0662896516067548,186761541496224.94,102718847.79167089,5.5e-07,49196601788.96809,0.00027286638082321495,94
600.0,300.0,15.77777777777778,233.3333333333333,5.0,40.0,15.77777777777778,277.77777777777777,2.0,30.0,1.0,0.7853981633974483,1.0,10.0,4.0,27500.0,0.15,105.0,1.975e-06,200000.0,0.31,400.0,7.75e-06,180000.0,178276.20699388767,0,1723.7930061123363,150.00000000000003,304.8818934418865,167756174871372.88,40564939363676.125,-0.125,568437419268.7462,550233314866.7251,270432929091.17422,270432929091.1741,67658564.24676093,99.71202531448955,27043189875914.688,150.0,500.28797469186685,1,137448949.88737723,137448949.88737723,-5.326000973582268e-09,-31.468905187016844,29.43265130479661,0.052360913578875345,167749386461970.84,33549877.21554314,2e-07,27974441150.37179,0.00019117634469076238,95
500.0,300.0,9.444444444444445,70.05557692032795,1.0,40.0,11.555555555555555,122.22222222222224,10.0,10.0,,,,,32.0,27500.0,0.175,120.0,2.5e-06,200000.0,0.32,600.0,7.9e-06,150000.0,148707.72222124148,0,1292.277778758604,150.00000000000023,239.2129624115449,97509252344656.84,32487069436032.67,-0.59375,373903753983.8734,407625286529.8358,216580462906.8848,216580462906.88416,53583735.466055475,141.51070359203752,36618868858781.66,150.00000000000009,358.48929648869637,1,346195338.791039,346195338.791039,7.450580596923828e-09,-14.032452110099257,29.391417545933567,0.06069820052499268,97506797204172.28,63379417.83095339,6.5e-07,18034268258.063736,0.00021253514689086562,96
700.0,700.0,5.222222222222222,21.419068431419294,6.0,30.0,3.111111111111111,7.601878519797524,3.0,10.0,,,,,16.0,50000.0,0.225,90.0,1.8e-06,205000.0,0.29,600.0,7.7e-06,490000.0,489848.6799458079,0,151.3200541920041,350.00000000000006,350.2090220953227,1002827160718534.5,1001623063345938.5,-3.0,2866932608512.9,2863510353669.806,2861780180988.396,2861780180988.395,179293253.4572035,14.403942597105708,2167712798607.5312,349.99999999999994,685.5958083192742,1,11845429.839015903,11845429.839015903,-1.6763806343078613e-08,-22.528249205181964,2.0185292306338196,0.0029320146990649675,1002827112933917.4,200565422.59190917,2e-07,147732269758.5229,0.0001477565556689407,97
400.0,700.0,7.333333333333334,42.23696789826278,9.0,20.0,17.88888888888889,166.66666666666666,8.0,20.0,,,,,32.0,35000.0,0.2,60.0,2.15e-06,200000.0,0.29,600.0,7.9e-06,280000.0,278286.533942801,0,1713.4660571986883,349.9999999999996,197.36457455807937,138987206675144.56,412671565745058.5,2.5,685897869891.3684,704215571544.9541,1179061616414.4514,1179061616414.454,51431257.69383257,78.09429008241506,26966147018740.0,350.0000000000004,321.9057525632032,1,287331636.9428092,287331636.9428092,3.725290298461914e-08,17.40689887192275,26.21600664945551,0.07065251079142361,138983414099151.31,34745853.56464625,2.5e-07,36800106055.09643,0.00028415342423636553,98
800.0,600.0,13.666666666666668,100.0,2.0,10.0,20.0,233.3333333333333,5.0,40.0,10.5,100.0,7.0,10.0,24.0,20000.0,0.2,75.0,2.5e-06,205000.0,0.3,550.0,7.9e-06,480000.0,477233.3332946773,0,2766.666705322794,300.0,394.356174814501,552328623746763.0,320434197962383.9,-2.5,1361609839602.9712,1400583175872.8508,1068113993207.9463,1068113993207.9463,200135200.71913126,177.98843805983986,123511494813123.38,299.99999999999983,622.0115623044733,1,750190876.7545604,750190876.7545604,-3.8929283618927e-07,-9.213656164582062,42.02826080400961,0.05603768107201282,552321573311026.2,110464314.49099715,2e-07,66677249711.97247,0.00013059030050342592,99
900.0,900.0,5.222222222222222,21.419068431419294,3.0,10.0,9.444444444444445,70.05557692032795,4.0,20.0,5.75,25.967226777328133,1.0,30.0,12.0,20000.0,0.175,105.0,2.5e-06,210000.0,0.32,400.0,7.850000000000001e-06,810000.0,809603.5860345628,0,396.4139654373897,450.0000000000002,448.94054530996885,1105447553289498.5,1101736259808185.5,-3.0,2450780139503.2593,2462347330482.809,2448302799573.7466,2448302799573.744,416320605.758465,74.81190023980325,41751684943357.875,449.9999999999998,825.1882235765275,1,107492196.08427536,107492196.08427536,-1.2014061212539673e-07,5.768011042229773,2.3508691058477247,0.002685854897254341,1105447179863834.2,276361794.9056085,2.5e-07,124937964768.21054,0.00011433290541647067,100
700.0,700.0,13.666666666666668,146.6949236301234,8.0,30.0,7.333333333333334,42.23696789826278,6.0,40.0,,,,,4.0,50000.0,0.25,90.0,1.975e-06,190000.0,0.29,400.0,7.850000000000001e-06,490000.0,488573.01873093063,0,1426.9812690694448,350.00000000000006,351.64310548661126,1019794632364229.0,1008878065309960.0,0.5,2927442081457.1655,2900084251482.8076,2882508758028.4575,2882508758028.4565,181583258.49319035,40.7199003076026,19040210608707.375,349.9999999999998,659.2800758319803,1,80605705.13334517,80605705.13334517,3.5390257835388184e-08,22.754228222900565,12.693770797270723,0.019340432905948283,1019791867993426.9,968802274.1676211,9.5e-07,158541814665.2259,0.00015940548942634306,101
400.0,200.0,11.555555555555555,104.87489549761482,9.0,30.0,15.77777777777778,300.0,8.0,20.0,1.0,0.7853981633974483,7.0,20.0,32.0,42500.0,0.175,105.0,2.15e-06,205000.0,0.29,500.0,7.850000000000001e-06,80000.0,76645.13041672949,0,3354.869583270497,100.00000000000013,189.36874899866504,60599842344574.125,12576427838125.562,-0.328125,287705846385.4922,320009730565.4236,125764278381.25578,125764278381.25546,25461433.052506458,148.04788849630168,35863432221224.95,99.99999999999991,251.9523842022479,1,410306917.35459805,410306917.35459805,-2.94130586553365e-08,-6.284743498377495,67.48546929970583,0.18135838273435356,60586481309454.18,15146620.390276657,2.5e-07,12075006682.376875,0.0002862097226467084,102
200.0,600.0,20.0,233.3333333333333,2.0,40.0,13.666666666666668,166.66666666666666,8.0,10.0,,,,,4.0,27500.0,0.15,60.0,1.975e-06,190000.0,0.28,600.0,7.75e-06,120000.0,118200.0000186576,0,1799.9999813424313,299.99999999999983,96.03958845717153,12636100125503.215,111189428516195.25,0.0625,121547230700.38573,131571785432.40253,370631428387.31726,370631428387.3177,12229808.011451295,60.56189631323269,5042995371758.176,300.00000000000006,139.4380659400188,1,137685485.2623246,137685485.2623246,-1.2293457984924316e-07,-18.764861592731904,35.40127302462976,0.19327355609443,12631093676251.734,4420882.822257545,3.5e-07,6484426204.018092,0.0005978015163217329,103
700.0,400.0,17.88888888888889,122.22222222222224,6.0,10.0,3.111111111111111,7.601878519797524,4.0,20.0,,,,,28.0,42500.0,0.175,90.0,2.325e-06,205000.0,0.32,600.0,7.9e-06,280000.0,279236.2591368124,0,763.7408631876305,200.00000000000023,353.1460022816763,499392262550597.0,160578234270564.88,-2.375,1439776579874.2444,1414124071415.2888,802891171352.8253,802891171352.8235,104167868.94459984,21.244553383610466,2748497880016.4688,200.0,678.7554470944712,1,16169331.745184332,16169331.745184332,-5.044275894761086e-07,43.99534629789923,11.66484704925101,0.017193518413815053,499390796995570.25,99878159.28563046,2e-07,72871418499.51396,0.00015075976325860276,104
900.0,800.0,7.333333333333334,42.23696789826278,3.0,30.0,7.333333333333334,42.23696789826278,6.0,50.0,,,,,12.0,27500.0,0.175,60.0,2.5e-06,200000.0,0.28,500.0,7.7e-06,720000.0,719619.8672985036,0,380.1327014967898,399.9999999999996,449.58592913850043,1347152270689570.0,1060402720102981.5,2.5,2990919595635.3984,2996428899078.297,2651006800257.451,2651006800257.4565,278522861.38139683,59.769220142342355,32938486107329.0,399.9999999999997,840.2307781098276,1,108911054.4649108,108911054.4649108,3.3527612686157227e-08,17.157763602994237,5.5480302608686705,0.006555372502714152,1347152015073667.0,404145604.53855187,3e-07,160396240463.11288,0.00012010750491235376,105
600.0,1000.0,15.77777777777778,255.55555555555557,6.0,10.0,3.111111111111111,7.601878519797524,3.0,20.0,1.0,0.7853981633974483,5.0,20.0,4.0,20000.0,0.175,120.0,2.15e-06,210000.0,0.32,550.0,7.8e-06,600000.0,598436.007091874,0,1563.9929081260925,500.0000000000001,306.58563389488114,383020818662439.25,1031313233721053.0,0.25,1305392178804.285,1249311044997.5142,2062626467442.1064,2062626467442.1055,225811027.42621174,17.895633259116654,1707615076114.625,500.00000000000034,582.1043636381404,1,19470721.629655313,19470721.629655313,8.500937838107347e-07,-122.66685426692112,9.714363758375411,0.016793944264727745,383014268130648.9,95753566.7492161,2.5e-07,63534799805.80184,0.00017703426081757865,106
200.0,500.0,1.0,0.7853981633974483,2.0,50.0,13.666666666666668,100.0,8.0,50.0,1.0,0.7853981633974483,5.0,30.0,12.0,35000.0,0.175,75.0,2.15e-06,195000.0,0.31,450.0,7.7e-06,100000.0,99190.57523132622,0,809.4247686738722,250.00000000000006,98.4821873008647,11899061888676.328,75483049403344.66,-0.046875,117211566840.40416,120824508622.30038,301932197613.3787,301932197613.37854,9865783.136001643,42.48333486704126,2035181550812.2148,249.9999999999999,157.51666687553083,1,49713430.63054835,49713430.63054835,4.831235855817795e-09,13.389521757181285,13.608471137906738,0.095053348987094,,,,,,107
300.0,1000.0,7.333333333333334,42.23696789826278,6.0,20.0,9.444444444444445,70.05557692032795,9.0,50.0,,,,,4.0,42500.0,0.15,105.0,2.15e-06,205000.0,0.31,450.0,7.850000000000001e-06,300000.0,299116.07795741817,0,883.9220425820075,500.0000000000001,149.64639396422533,97211426038054.88,1075325366842157.0,0.0,646552008968.2764,649607541236.8064,2150650733684.3145,2150650733684.3135,51685737.46923238,35.4084948354025,6328390434919.266,500.0,264.5914062741425,1,71356428.93747672,71356428.93747672,-3.3527612686157227e-08,37.47876809531954,5.3077895457373625,0.02163991205814561,97210530905947.86,24302632.71052958,2.5e-07,37741264903.02066,0.0003959667031704487,108
200.0,200.0,3.111111111111111,7.601878519797524,9.0,10.0,1.0,0.7853981633974483,8.0,40.0,20.0,200.0,5.0,10.0,12.0,20000.0,0.25,120.0,1.8e-06,190000.0,0.31,450.0,7.8e-06,40000.0,37925.29986223811,0,2074.700137761878,100.00000000000003,105.10600562583677,3221438524161.211,4889660696173.924,-0.00390625,33947759765.061714,30649423931.388832,48896606961.73925,48896606961.73923,5539835.68438091,63.59639750236297,1030036033959.3711,100.0,136.40360250107364,1,56629183.30592224,56629183.30592224,3.306195139884949e-08,-0.9196015697052644,38.32704270505274,0.24029493858967235,3215382638847.2915,321538.2638847291,1e-07,1493568833.7449255,0.0005626193979283126,109
800.0,900.0,7.333333333333334,42.23696789826278,4.0,50.0,7.333333333333334,42.23696789826278,4.0,30.0,5.75,25.967226777328133,7.0,40.0,28.0,50000.0,0.15,120.0,1.8e-06,195000.0,0.31,600.0,7.850000000000001e-06,720000.0,719298.5631056498,0,701.4368943504791,450.0000000000001,399.9718272751259,1927904767491711.0,2443231675035351.0,6.0,4819422478070.461,4820101407206.304,5429403722300.781,5429403722300.778,348490331.66498584,46.97721633971043,30197643169712.25,450.00000000000006,753.0227824687106,1,171544276.6608808,171544276.6608808,3.2316893339157104e-07,33.5906697120372,5.459920790793187,0.007124733524608998,1927904399530406.8,481976099.8841268,2.5e-07,261785117622.18323,0.00013648513376307152,110
900.0,500.0,15.77777777777778,277.77777777777777,7.0,50.0,17.88888888888889,233.3333333333333,3.0,20.0,1.0,0.7853981633974483,7.0,10.0,8.0,50000.0,0.15,60.0,2.5e-06,205000.0,0.28,600.0,7.850000000000001e-06,450000.0,447344.56003691873,0,2655.4399630814532,250.00000000000003,453.16297232430935,1584174848874408.0,479934731633616.25,-3.5,3545307910391.4023,3495817058373.167,1919738926534.4653,1919738926534.4648,178717984.47976544,90.73833710530783,94344717885711.75,250.0,809.2618760305288,1,379331045.54122293,379331045.54122293,2.3641041480004787e-07,31.199390592382883,41.66636178414118,0.04783433332108936,1584163373699704.0,554457180.4687868,3.5e-07,178792270105.70776,0.00011896524598392012,111
400.0,400.0,5.222222222222222,21.419068431419294,8.0,40.0,11.555555555555555,122.22222222222224,5.0,40.0,,,,,32.0,42500.0,0.15,120.0,1.8e-06,195000.0,0.32,400.0,7.75e-06,160000.0,159217.5363198174,0,782.4636801826668,200.0000000000002,198.51721333549597,93516291560561.44,92053325150344.28,-0.0625,464140352179.45764,471073968797.4464,460266625751.72186,460266625751.72095,40068652.63909141,63.356501386272136,11535415239974.938,199.99999999999986,336.6434965091159,1,88239231.90971965,88239231.90971965,0.0,17.227286933390133,9.135713775609807,0.025790910906417816,93515075679062.48,32730276.441502415,3.5e-07,28659898923.12036,0.00031837402861648,112
800.0,900.0,9.444444444444445,70.05557692032795,1.0,40.0,13.666666666666668,255.55555555555557,7.0,30.0,20.0,250.0,1.0,50.0,8.0,35000.0,0.15,105.0,2.325e-06,205000.0,0.3,500.0,7.7e-06,720000.0,717641.0554909745,0,2358.944509025531,449.9999999999996,395.8381683559444,1385178291455824.5,1734829551652812.0,11.0,3427286257638.865,3499355045040.1455,3855176781450.69,3855176781450.697,338087063.52902204,128.48093414931165,177865309776477.25,450.0000000000001,671.5190461588243,1,775990807.3264188,775990807.3264188,-1.7881393432617188e-07,15.051540233384003,17.486266113871167,0.022912774988375326,1385168715452027.8,484809049.92874724,3.5e-07,183888718587.19733,0.0001374485394493866,113
200.0,400.0,11.555555555555555,104.87489549761482,3.0,30.0,5.222222222222222,21.419068431419294,9.0,20.0,,,,,8.0,42500.0,0.175,105.0,2.5e-06,195000.0,0.29,400.0,7.7e-06,80000.0,79492.60370561662,0,507.3962943833768,199.99999999999994,100.23188335087771,11707554739245.316,46581872726623.91,0.0703125,117347657071.84785,116804696747.65216,232909363633.11948,232909363633.1196,9293514.172846844,26.99147772029746,967016871709.5762,200.0,173.00856685321062,1,17570701.055925764,17570701.055925764,-8.149072527885437e-09,13.889450649106948,6.770540045778907,0.03816777980564979,11706978636640.916,6438838.253781081,5.5e-07,7273099868.52242,0.0006464567878791029,114
400.0,200.0,9.444444444444445,70.05557692032795,5.0,30.0,5.222222222222222,21.419068431419294,7.0,50.0,5.75,25.967226777328133,10.0,10.0,16.0,27500.0,0.2,60.0,2.325e-06,200000.0,0.28,500.0,7.7e-06,80000.0,78980.4441460567,0,1019.5558539433342,100.00000000000009,202.93613160151492,32130128483062.156,8321424027949.125,-0.1640625,163044239130.08478,158326308033.4695,83214240279.49132,83214240279.49118,14716683.702723192,78.79516684362767,5179160291875.469,100.00000000000003,321.20472278057247,1,69682981.76864773,69682981.76864773,1.4551915228366852e-08,-4.696016965828676,37.39597961083025,0.10764874996102287,32129472117391.355,6425894.430454151,2e-07,8778248519.151537,0.00030189412303070865,115
200.0,200.0,9.444444444444445,70.05557692032795,1.0,20.0,5.222222222222222,21.419068431419294,6.0,40.0,15.25,250.0,1.0,40.0,20.0,42500.0,0.175,60.0,2.325e-06,190000.0,0.31,500.0,7.8e-06,40000.0,39301.43001240804,0,698.569987591955,100.0000000000001,100.1939260885284,5795042660496.016,5899664798581.898,-0.0390625,58063025960.08578,57838263123.61177,58996647985.819046,58996647985.818924,3478691.1929850644,41.5925984026228,768634194041.6758,100.00000000000001,158.40765728008367,1,27813066.851246323,27813066.851246323,-3.725290298461914e-09,4.78190337579872,35.65403974852785,0.22653466823475876,5793036868349.412,2027562.904796435,3.5e-07,3754708651.230401,0.0006654292676698576,116
800.0,800.0,1.0,0.7853981633974483,1.0,40.0,1.0,0.7853981633974483,8.0,40.0,15.25,150.0,1.0,10.0,8.0,20000.0,0.2,75.0,2.325e-06,205000.0,0.3,550.0,7.75e-06,640000.0,639692.9313822105,0,307.0686177893843,400.0000000000003,399.9715602452271,682836324792568.2,690857597438044.2,-3.25,1706969447500.1914,1707212193721.7573,1727143993595.1118,1727143993595.1094,243950706.3532444,52.754432341393375,8842789277593.25,400.0,747.2456675362519,1,68354295.69415064,68354295.69415064,1.1175870895385742e-07,21.496255839811056,3.9440078914951333,0.005192900449631512,682835590603362.5,0.0,0.0,94945165580.31548,0.0001390815220964944,117
300.0,600.0,17.88888888888889,144.44444444444446,6.0,10.0,11.555555555555555,104.87489549761482,2.0,10.0,,,,,16.0,20000.0,0.25,120.0,2.325e-06,205000.0,0.32,400.0,7.850000000000001e-06,180000.0,178923.5835987461,0,1076.4164012538852,299.9999999999997,154.1599584170468,30389308457049.42,117047192054758.56,0.28125,208374244324.1427,197128416283.28445,390157306849.1948,390157306849.19556,35630654.50679579,36.255659147679474,2884757964900.3203,300.0000000000003,263.7445908299543,1,28808376.6537946,28808376.6537946,-7.450580596923828e-09,0.01641044691496063,8.378059109495515,0.029477143076228764,30386907568251.23,6077381.466237501,2e-07,9996110171.37212,0.00037329737776260177,118
700.0,500.0,5.222222222222222,21.419068431419294,9.0,10.0,11.555555555555555,166.66666666666666,2.0,50.0,,,,,8.0,42500.0,0.15,90.0,2.325e-06,190000.0,0.3,450.0,7.850000000000001e-06,350000.0,349473.8950492626,0,526.1049507373896,250.00000000000006,349.67412535568724,614887799296237.2,312418855324492.25,0.5,1755188080014.1733,1758459533346.2996,1249675421297.9692,1249675421297.9688,129532468.83823544,58.07119894788862,23206414395883.312,250.0000000000001,641.9288099726633,1,96919304.68777218,96919304.68777218,-4.284083843231201e-08,-6.883486939666909,7.222254288753673,0.01121081211128056,614886896833928.8,153721724.2157915,2.5e-07,89785103309.43562,0.00014822584304096908,119
200.0,300.0,1.0,0.7853981633974483,4.0,30.0,3.111111111111111,7.601878519797524,8.0,40.0,,,,,16.0,35000.0,0.25,105.0,2.5e-06,195000.0,0.3,400.0,7.850000000000001e-06,60000.0,59936.043369656865,0,63.95663034312005,150.00000000000028,99.74706411526726,7035535524971.668,15803035787680.422,-0.046875,70177850283.21642,70533760440.72269,105353571917.86967,105353571917.86928,6814556.293984127,17.861417285176397,254424276688.5586,150.00000000000003,182.13859047680174,1,3878580.942027515,3878580.942027515,-1.1059455573558807e-09,-11.266696248288099,1.137311755378032,0.007177984430345824,7035528307422.796,1758882.077656331,2.5e-07,5034787758.621208,0.0007198427110385019,120
700.0,200.0,13.666666666666668,166.66666666666666,9.0,10.0,1.0,0.7853981633974483,3.0,30.0,,,,,12.0,42500.0,0.225,90.0,2.15e-06,205000.0,0.32,450.0,7.8e-06,140000.0,138497.64375277297,0,1502.3562472269566,99.99999999999989,363.0909441100705,268995402211241.88,20540275575545.53,0.1875,798421406336.8024,740848557571.5607,205402755755.45508,205402755755.45554,54572733.05281762,14.934937972629468,221426466271.8125,99.99999999999997,685.0650621535987,1,2534810.17747467,2534810.17747467,-3.62597347702831e-08,41.19022106246587,14.277703410461488,0.021325919955879742,268991323024465.12,53798264.685980156,2e-07,35316118327.59577,0.0001488094435463795,121
200.0,500.0,13.666666666666668,122.22222222222224,2.0,10.0,5.222222222222222,21.419068431419294,6.0,10.0,5.75,25.967226777328133,1.0,20.0,32.0,42500.0,0.15,90.0,1.8e-06,190000.0,0.31,400.0,7.850000000000001e-06,100000.0,99575.1067005691,0,424.893299430891,250.0000000000002,100.30744638833023,14560839805364.344,91190309890227.6,-0.28125,146057446397.47986,145162102412.55182,364761239560.91064,364761239560.9101,10692998.701803863,21.054609297155416,807567230062.6855,250.00000000000006,178.94538941634136,1,13001144.081890475,13001144.081890475,1.3504177331924438e-08,13.660007643655263,5.291732560506945,0.028239308056332155,14560326083926.861,6552146.730474552,4.5e-07,8060101028.229862,0.0005726523984874782,122
100.0,300.0,15.77777777777778,277.77777777777777,6.0,30.0,20.0,188.88888888888889,4.0,10.0,5.75,25.967226777328133,7.0,40.0,4.0,50000.0,0.175,60.0,2.325e-06,195000.0,0.3,600.0,7.7e-06,29999.99998267289,27280.43142489442,0,2719.568557778468,149.9999999999999,49.56941729245858,1399109495662.7324,13537061349438.203,0.005859375,27743274428.86177,28225256056.733814,90247075662.92128,90247075662.92142,1442970.4957822452,34.93656294392272,567484373117.7896,149.99999999999997,65.06343720525969,1,31360813.891538337,31360813.891538337,2.1507730707526207e-08,-23.03954840671736,39.868184460401565,0.4979356777229885,1389927928343.9717,625467.5706096285,4.5e-07,1994172765.926587,0.0016412069889317014,123
600.0,500.0,1.0,0.7853981633974483,7.0,40.0,17.88888888888889,166.66666666666666,1.0,30.0,,,,,12.0,35000.0,0.25,90.0,2.5e-06,200000.0,0.29,500.0,7.8e-06,300000.0,299827.8355522664,0,172.16444773349434,249.99999999999983,299.3404865249047,316930997045436.0,218768060016230.62,-1.0,1054119303867.2582,1058764221053.8994,875072240064.9219,875072240064.9231,94703582.26251654,44.36165918992618,9408802336696.188,250.0000000000003,555.6383351457121,1,46758508.169235826,46758508.169235826,5.674034493931695e-09,-16.091106746564037,2.6795098229037895,0.004775836895593684,316930554810227.9,95079166.45695557,3e-07,60252658927.4993,0.00019145659326284478,124
700.0,900.0,17.88888888888889,144.44444444444446,1.0,50.0,3.111111111111111,7.601878519797524,10.0,40.0,,,,,28.0,27500.0,0.225,120.0,2.5e-06,190000.0,0.3,450.0,7.75e-06,630000.0,629779.5367650903,0,220.46323490951147,449.99999999999994,350.1740406909853,710600906162417.5,1170277371104045.0,1.5,2031298384962.6677,2029279225725.0579,2600616380231.211,2600616380231.2114,266755681.77749568,28.342423070073004,5948365229128.125,449.9999999999999,671.6575392860353,1,26285477.34253141,26285477.34253141,-2.444721758365631e-08,-38.59251727774972,1.2864459928160263,0.0019537654293583953,710600581933914.5,142120116.38980457,2e-07,114627835560.32515,0.00016211349873876773,125
600.0,800.0,5.222222222222222,21.419068431419294,1.0,30.0,13.666666666666668,146.6949236301234,2.0,50.0,15.25,100.0,5.0,20.0,32.0,27500.0,0.2,105.0,2.325e-06,205000.0,0.31,450.0,7.7e-06,480000.0,478685.1910620736,0,1314.8089379263524,400.000000000001,299.2930286597224,401942933735924.5,735866590102915.8,-4.25,1336659845112.4336,1342974594282.6777,1839666475257.2942,1839666475257.2847,165136734.57059,79.94782243659283,28496384001886.75,400.00000000000034,520.0521707347579,1,198986125.2890195,198986125.2890195,-5.736947059631348e-07,27.976677137005026,9.868519879941148,0.018168493179061874,401940592710112.1,80388118.5515195,2e-07,73986035231.24776,0.00018706255250561818,126
800.0,500.0,17.88888888888889,300.0,4.0,50.0,9.444444444444445,70.05557692032795,9.0,30.0,5.75,25.967226777328133,3.0,30.0,28.0,20000.0,0.225,105.0,2.15e-06,205000.0,0.31,400.0,7.7e-06,400000.0,398013.69646799617,0,1986.303532003962,249.99999999999986,403.9149631324086,468533992724865.75,175777723805745.38,-1.125,1182912630151.9277,1159981767180.2224,703110895222.9811,703110895222.9819,196123554.95215806,124.47161050483105,63769347367131.625,250.00000000000014,675.5283901576064,1,239483941.33379623,239483941.33379623,-1.1641532182693481e-08,1.284558417111839,21.20228309444901,0.02770534269767718,468527333016604.6,117131833.30328858,2.5e-07,58084705549.03144,0.00013697656404923467,127
700.0,700.0,13.666666666666668,100.0,6.0,20.0,13.666666666666668,144.44444444444446,8.0,50.0,10.5,100.0,1.0,20.0,32.0,50000.0,0.25,105.0,2.15e-06,205000.0,0.32,600.0,7.850000000000001e-06,490000.0,488044.4444430573,0,1955.555556942625,350.00000000000017,349.11342138238797,1025513811881616.5,1016238363839009.0,3.0,2922636186091.3394,2937480340403.0674,2903538182397.17,2903538182397.167,198661428.39895755,88.12481579739487,83815088956663.5,350.00000000000006,611.8750923066003,1,482406383.2943517,482406383.2943517,-2.2351741790771484e-07,-34.06461513356771,18.610230123956473,0.02893531504497202,1025509784106030.2,205101956.7552364,2e-07,153958651587.3496,0.00015482781775873024,128
600.0,600.0,5.222222222222222,21.419068431419294,2.0,40.0,11.555555555555555,104.87489549761482,9.0,30.0,,,,,28.0,20000.0,0.2,105.0,2.325e-06,205000.0,0.28,600.0,7.7e-06,360000.0,359013.28779337875,0,986.7122066212336,299.9999999999999,294.0267467091187,228453673532240.88,221605907583013.75,-0.5,746645894943.8157,776982625183.5878,738686358610.0455,738686358610.0461,131368094.65332738,119.35313311956125,45143269463359.44,299.9999999999999,480.6466378432762,1,317161849.75306755,317161849.75306755,-1.1175870895385742e-08,7.847363261047576,13.165658214677599,0.02333417170908993,228452043282509.4,57113010.886774026,2.5e-07,40729736768.08011,0.0001890445705150889,129
700.0,200.0,11.555555555555555,104.87489549761482,6.0,10.0,17.88888888888889,233.3333333333333,1.0,50.0,,,,,24.0,27500.0,0.225,90.0,2.325e-06,190000.0,0.3,500.0,7.9e-06,140000.0,139137.4172809047,0,862.5827190952812,100.0,355.79909595219937,171709873039809.7,13173373324832.898,-0.03125,498865258691.95166,482603455133.2262,131733733248.32898,131733733248.32898,54940540.49596346,81.19778048585859,15316631867857.281,100.00000000000004,618.8022206874331,1,74633862.10101093,74633862.10101093,-8.149072527885437e-09,19.96106168271217,13.727002798747835,0.021413125083132853,171708052298909.1,34341610.390363656,2e-07,23239928572.246174,0.00014929869213476039,130
200.0,500.0,9.444444444444445,70.05557692032795,6.0,50.0,9.444444444444445,100.0,2.0,50.0,15.25,300.0,3.0,10.0,12.0,35000.0,0.175,90.0,1.975e-06,195000.0,0.31,600.0,7.9e-06,100000.0,97579.66654618795,0,2420.3334538120725,249.9999999999998,100.41062246006943,11975396331550.57,91984346577349.56,0.015625,120247727492.31223,119264237569.21594,367937386309.39795,367937386309.39856,10667861.936597843,49.83492411830732,2091570438591.539,250.0000000000002,150.16507342069977,1,106368805.16694713,106368805.16694713,-1.043081283569336e-07,-29.40342408505967,39.54171707015613,0.27218007931124294,,,,,,131
600.0,200.0,20.0,188.88888888888889,4.0,30.0,3.111111111111111,7.601878519797524,10.0,20.0,,,,,28.0,42500.0,0.2,75.0,1.975e-06,190000.0,0.31,400.0,7.8e-06,120000.0,119168.42562417232,0,831.5743758276832,99.99999999999989,304.95024307546333,161276686801445.44,17252681181484.438,0.34375,546608438124.1986,528862299550.73596,172526811814.84418,172526811814.84457,35562988.59997216,42.109813378213126,4368591261569.7812,100.00000000000004,557.8901866380044,1,24201990.26350059,24201990.26350059,-4.193861968815327e-08,-18.240316350255853,25.560785146627495,0.04418883332650604,161274520495692.53,40318630.03343618,2.5e-07,27239082530.296104,0.0001803288458629482,132
1000.0,100.0,20.0,255.55555555555557,8.0,20.0,17.88888888888889,255.55555555555557,7.0,30.0,,,,,28.0,27500.0,0.15,90.0,2.15e-06,205000.0,0.32,500.0,7.7e-06,99999.99999540055,98383.60595940851,0,1616.394035992029,49.99999999975666,508.9499708957622,291341426220679.5,2347973782457.922,-635.046875,593302940541.7975,572436276414.1881,46959475648.92989,46959475649.38698,65167288.1558841,219.869509782444,89290758668953.38,49.99999999918737,780.1304463484215,1,306356016.4496457,306356016.4496457,-0.0016325919423252344,-7.704103928452241,38.49177141145681,0.04005155704750878,291337696276908.9,131101963.41973983,4.5e-07,23676969180.50024,0.00010615467083660865,133
700.0,100.0,7.333333333333334,42.23696789826278,6.0,40.0,9.444444444444445,70.05557692032795,4.0,40.0,20.0,150.0,10.0,10.0,24.0,20000.0,0.25,90.0,1.8e-06,205000.0,0.3,450.0,7.75e-06,69999.99999999999,66466.3558634354,0,3533.64413656456,49.99999999999992,349.4297231850799,80559122021414.44,1737963441310.629,0.171875,229794501557.0866,230544560683.366,34759268826.212524,34759268826.21263,36087772.73915591,261.5398570276275,43264284863986.53,49.999999999999964,438.46014310666067,1,427601082.8979753,427601082.8979753,-5.122274160385132e-09,-2.3743264669683413,155.00930097920747,0.2365551011336108,80551286146419.88,0.0,0.0,9180248379.36755,0.00016324203362997448,134
600.0,900.0,5.222222222222222,21.419068431419294,4.0,40.0,11.555555555555555,104.87489549761482,4.0,50.0,,,,,8.0,27500.0,0.15,60.0,2.5e-06,205000.0,0.31,450.0,7.9e-06,540000.0,539494.8241664895,0,505.17583351030225,450.00000000000034,299.0447698954231,450935698952231.75,1010206773201916.5,-2.25,1498348105781.5115,1507920366271.3293,2244903940448.705,2244903940448.7017,140163611.18342033,57.96767061724564,21944841268538.938,450.00000000000006,542.0323344385328,1,103783668.81975427,103783668.81975427,-2.60770320892334e-08,6.866392363568593,5.898071808267104,0.010837616629173251,450934951451421.25,112733737.81290747,2.5e-07,86466716372.8342,0.00019433175900030703,135
900.0,500.0,7.333333333333334,42.23696789826278,8.0,30.0,5.222222222222222,21.419068431419294,10.0,20.0,1.0,0.7853981633974483,1.0,20.0,16.0,20000.0,0.15,75.0,1.975e-06,195000.0,0.32,500.0,7.8e-06,450000.0,449446.3427839844,0,553.6572160154485,250.0000000000004,450.9450508480806,624588416612796.5,189602537348791.62,-2.125,1390895296427.281,1385065465156.23,758410149395.1677,758410149395.1653,197917809.99041793,78.5231369773988,28431919858969.0,250.00000000000017,821.4768683107271,1,98740131.79366569,98740131.79366569,6.650225259363651e-09,9.601592275664245,10.342615475121947,0.01178794900324117,624588124026006.0,124917624.77941027,2e-07,70967025160.66217,0.00011700334424390692,136
1000.0,500.0,1.0,0.7853981633974483,9.0,10.0,9.444444444444445,70.05557692032795,10.0,10.0,1.0,0.7853981633974483,7.0,50.0,24.0,35000.0,0.175,120.0,1.975e-06,195000.0,0.29,550.0,7.75e-06,500000.0,499281.3800530741,0,718.6199469262086,250.00000000000063,496.94368423428125,1484941223340399.0,366414129027634.9,-10.5,2951838942882.8076,2988147893716.5283,1465656516110.5432,1465656516110.536,308630332.6637317,116.78563412285686,112784545427888.5,250.00000000000009,883.2143676485756,1,381061213.807565,381061213.807565,-1.4479155652225018e-08,14.326463177806204,9.152594519889002,0.009289354461101271,1484940461011267.0,296988092.2560894,2e-07,148692604878.17212,0.00010224122420577198,137
700.0,600.0,1.0,0.7853981633974483,4.0,40.0,1.0,0.7853981633974483,9.0,20.0,,,,,4.0,27500.0,0.225,105.0,1.975e-06,190000.0,0.32,500.0,7.9e-06,420000.0,419989.78982611303,0,10.21017388687431,299.9999999999998,349.9809139155298,471798606277591.25,346556487371413.6,0.75,1347922513470.3997,1348069530418.6301,1155188291238.0444,1155188291238.0464,165763225.28747976,10.538932354015058,607992107618.8594,299.99999999999994,689.4610735432288,1,2457046.2302255663,2457046.2302255663,-1.6123522073030472e-08,-22.47449943710683,0.1130267959390953,0.0001663381838691616,471798606157690.7,259489233.38576972,5.5e-07,71563501457.24203,0.00015174409549207393,138
400.0,500.0,5.222222222222222,21.419068431419294,5.0,50.0,7.333333333333334,42.23696789826278,1.0,30.0,1.0,0.7853981633974483,7.0,40.0,28.0,27500.0,0.175,120.0,1.975e-06,190000.0,0.28,400.0,7.850000000000001e-06,200000.0,199839.6721109941,0,160.32788900585612,250.00000000000028,200.2545131179391,73912124456444.4,115036061117495.0,-0.625,370031511651.0522,369090929865.4066,460144244469.9805,460144244469.9795,48518262.7338817,23.316679980803105,1105100911730.6797,249.99999999999997,376.6833273829994,1,9317195.142343681,9317195.142343681,-1.7025740817189217e-09,-21.457042342193176,1.4969531689929076,0.004086314383419662,73912062655945.9,14782412.53259562,2e-07,22027754888.549984,0.0003006517918246173,139
900.0,800.0,7.333333333333334,42.23696789826278,5.0,30.0,1.0,0.7853981633974483,5.0,30.0,,,,,16.0,50000.0,0.225,60.0,2.15e-06,200000.0,0.28,400.0,7.75e-06,720000.0,719784.8881790142,0,215.1118209863039,400.00000000000034,450.3591610462786,2435589928490800.0,1922165895051707.0,-9.0,5416745360937.909,5408105661340.195,4805414737629.271,4805414737629.264,276480641.7238883,9.239567512862836,617093624934.6875,400.0000000000001,890.7604772776666,1,4121285.2645737315,4121285.2645737315,1.3737007975578308e-08,17.160181476901812,2.511917348099009,0.002888921619435318,2435589786349172.0,608897446.6067048,2.5e-07,289513393937.8799,0.00011921808324255705,140
500.0,700.0,11.555555555555555,100.0,9.0,30.0,9.444444444444445,70.05557692032795,1.0,40.0,,,,,4.0,50000.0,0.2,75.0,2.325e-06,190000.0,0.3,500.0,7.9e-06,350000.0,349029.94440041087,0,970.0555995893277,350.0000000000002,251.41636160558744,370744570114573.6,719767992271884.0,-1.0,1491427885234.891,1474623877885.0193,2056479977919.67,2056479977919.6672,84286074.79218622,21.634107091094027,2656782055623.7812,349.99999999999994,478.3658900994279,1,29258266.44099605,29258266.44099605,2.3122466924809498e-08,18.979170334743685,12.94374486439631,0.028430434099501137,370743135385217.06,0.0,0.0,84519638226.48177,0.0002329575956638069,141
900.0,700.0,1.0,0.7853981633974483,4.0,20.0,5.222222222222222,21.419068431419294,7.0,30.0,,,,,32.0,35000.0,0.15,60.0,2.5e-06,190000.0,0.31,400.0,7.7e-06,630000.0,629846.9249250304,0,153.0750749696981,350.000000000001,449.5700388612603,1492509453490086.0,901444884753771.0,-19.0,3313521706497.6035,3319859698102.974,2575556813582.2104,2575556813582.1953,242460642.08139092,43.75428095624063,20009475829853.375,349.9999999999999,856.2457200626254,1,51983633.28951816,51983633.28951816,-2.7939677238464355e-08,-15.0188998804515,2.0419461097384684,0.0023541298900936563,1492509404801887.2,149250940.48018873,1e-07,173215073612.24557,0.00011643458753994484,142
300.0,800.0,13.666666666666668,100.0,7.0,50.0,3.111111111111111,7.601878519797524,10.0,10.0,20.0,300.0,10.0,50.0,12.0,27500.0,0.25,75.0,1.8e-06,205000.0,0.29,450.0,7.9e-06,240000.0,233223.98124096755,0,6776.01875903273,400.00000000000017,148.1541702796711,55278051530539.53,482311018823936.0,-0.875,364040630107.20264,373111681069.73285,1205777547059.8406,1205777547059.8396,38774903.31061273,93.476799271333,18981689709624.72,399.99999999999983,206.52329613941484,1,393647572.8134971,393647572.8134971,-5.140900611877441e-07,-34.642953022594156,59.33986900410385,0.2057237368828404,55247535935795.17,13811884.005552601,2.5e-07,17705127645.711197,0.00036054158004113977,143
200.0,1000.0,7.333333333333334,42.23696789826278,10.0,50.0,7.333333333333334,42.23696789826278,5.0,10.0,10.5,86.59014751456867,5.0,20.0,20.0,50000.0,0.2,90.0,1.975e-06,195000.0,0.3,550.0,7.7e-06,200000.0,198500.54402234638,0,1499.4559776537158,499.9999999999992,99.77321321011539,33866687008120.17,870768386622221.0,0.0,337900556256.665,339436667603.35065,1741536773244.4392,1741536773244.4448,21253181.2218807,30.599704050462453,3036322329411.3984,499.99999999999983,169.40036208576765,1,86550686.42741269,86550686.42741269,1.0244548320770264e-06,30.20205045594048,12.838238318207587,0.06889931113596338,33865108301681.516,0.0,0.0,19217030202.767315,0.000578651302546065,144
1000.0,900.0,15.77777777777778,255.55555555555557,7.0,40.0,1.0,0.7853981633974483,6.0,50.0,10.5,150.0,1.0,10.0,28.0,27500.0,0.15,75.0,1.8e-06,195000.0,0.3,550.0,7.9e-06,900000.0,897906.3987380667,0,2093.601261933567,449.99999999999955,505.38554659899586,2123185763111304.0,1705066508469036.0,23.0,4292607602774.5,4201120861883.2363,3789036685486.7427,3789036685486.7505,436593286.89115906,47.193831434197214,13548291010224.5,450.00000000000034,952.806186569443,1,119628360.46691202,119628360.46691202,1.9371509552001953e-07,24.67439653776819,23.899994962199113,0.02517113740094693,2123177969372997.0,743112289.6185019,3.5e-07,227158072733.13586,0.00011046164618997644,145
600.0,600.0,5.222222222222222,21.419068431419294,7.0,20.0,20.0,233.3333333333333,8.0,50.0,,,,,24.0,27500.0,0.25,120.0,2.15e-06,195000.0,0.29,550.0,7.75e-06,360000.0,357983.3997989251,0,2016.6002010749694,300.0000000000004,293.3507368361559,316495184642798.5,305583082266926.6,-1.5,1032108087843.9733,1078896845653.977,1018610274223.0901,1018610274223.0874,141824673.50060466,132.78368497766266,73548452126001.62,299.99999999999983,467.21633369171275,1,545316068.4217856,545316068.4217856,7.82310962677002e-08,-25.218956435623113,20.18203292950714,0.037374135054642856,316488376709437.75,79122093.93910165,2.5e-07,53328275313.870094,0.00018064592355620832,146
400.0,800.0,17.88888888888889,211.11111111111111,9.0,10.0,3.111111111111111,7.601878519797524,1.0,50.0,,,,,32.0,27500.0,0.15,75.0,2.5e-06,205000.0,0.31,600.0,7.8e-06,320000.0,318092.39817195944,0,1907.6018280405253,399.9999999999999,206.65973867719785,128018847629701.81,489743092714769.5,-1.375,662142725751.0566,619466803012.2065,1224357731786.9233,1224357731786.924,64376878.58516418,14.43246613283995,210350970383.29688,400.0000000000001,385.56764691452173,1,8796396.955401964,8796396.955401964,7.919312130748284e-07,57.106678003233355,12.90860492230346,0.037046378927342534,128012302600075.83,38403690.90174409,3e-07,32026998386.317204,0.0002752366191190879,148
100.0,700.0,1.0,0.7853981633974483,2.0,10.0,15.77777777777778,255.55555555555557,9.0,50.0,20.0,300.0,1.0,30.0,4.0,20000.0,0.175,105.0,2.5e-06,190000.0,0.31,450.0,7.850000000000001e-06,69999.99999549834,67153.96950287714,0,2846.030492621164,349.99999999999983,52.84914378733707,1241754202504.6611,81962771293142.47,0.0078125,26335772078.11495,23496202842.97192,234179346551.8355,234179346551.83572,3972613.156362398,28.480674029710553,200787766886.3711,349.99999999999994,71.51932603736161,1,34795149.76130955,34795149.76130955,1.7695128917694092e-07,-34.22573092805396,20.971422618935467,0.48751419899986054,1230551540242.0232,69341576.27353866,5.635e-05,1488091324.823715,0.0012747905124767436,149
1000.0,700.0,11.555555555555555,188.88888888888889,3.0,10.0,3.111111111111111,7.601878519797524,8.0,40.0,15.25,250.0,10.0,40.0,28.0,27500.0,0.15,120.0,2.15e-06,210000.0,0.31,450.0,7.8e-06,700000.0,694372.5182990328,0,5627.48170096724,349.99999999999966,502.79871575193914,1686046335101529.0,876325263075306.5,10.0,3391073974499.9053,3353322676212.5566,2503786465929.445,2503786465929.4497,440805713.3652503,181.00628810487618,210532994647664.0,349.99999999999994,818.9937120746429,1,1086180553.8995852,1086180553.8995852,-3.501772880554199e-07,-0.6099039357359288,35.57881263743279,0.03712141360057197,1686023648997234.5,505807094.812669,3e-07,164872224545.27252,0.0001031875639785023,150
1000.0,600.0,3.111111111111111,7.601878519797524,1.0,40.0,20.0,166.66666666666666,7.0,20.0,,,,,28.0,42500.0,0.175,60.0,2.5e-06,190000.0,0.28,600.0,7.7e-06,600000.0,598825.7314480578,0,1174.2685519424165,299.99999999999955,496.86968865416753,2162999583959344.0,770577783020158.0,0.5,4299084223674.5723,4353253243960.3906,2568592610067.1895,2568592610067.1973,261827083.02000293,121.43248621313481,174845221523754.5,300.0000000000001,878.5675144325629,1,670556960.8432877,670556960.8432877,9.313225746154785e-08,7.845360171821085,27.329590788359248,0.028174835864287883,2162996643943762.2,540749160.7046628,2.5e-07,224908959250.7541,0.00010623545872068455,151
1000.0,600.0,20.0,100.0,1.0,20.0,13.666666666666668,211.11111111111111,3.0,50.0,10.5,150.0,5.0,50.0,20.0,42500.0,0.25,90.0,2.325e-06,205000.0,0.3,400.0,7.75e-06,600000.0,597766.6666515382,0,2233.33334846127,299.99999999999955,498.65825560288613,2160096237672558.0,783662994350304.5,10.5,4308630314178.548,4331816857340.436,2612209981167.6777,2612209981167.6855,319092319.97998524,129.5017230402434,158037521610663.5,300.0,870.4982376494187,1,522668944.2915889,522668944.2915889,2.1047890186309814e-07,-21.517180617949634,22.655801141949375,0.024020994322733538,2160090223215240.2,432018044.5389439,2e-07,225476142686.06134,0.00010645321138670396,152
400.0,300.0,20.0,144.44444444444446,8.0,50.0,1.0,0.7853981633974483,1.0,30.0,1.0,0.7853981633974483,10.0,20.0,20.0,27500.0,0.2,105.0,2.5e-06,190000.0,0.31,500.0,7.9e-06,120000.0,118827.95116175411,0,1172.0488382459139,149.99999999999991,207.51465985109087,47506389350878.78,25953822410592.516,0.0625,246805233656.3773,228930280805.06982,173025482737.28333,173025482737.28354,28150047.794962276,36.967333542410685,388250012124.9297,149.99999999999997,363.0326497244285,1,29703458.72473335,29703458.72473335,1.6349076759070158e-08,11.522340043727127,26.06449519409862,0.07053990580270263,47503865206561.54,14251159.614427678,3e-07,12932821545.134361,0.0002963189343710375,153
600.0,100.0,1.0,0.7853981633974483,2.0,20.0,20.0,188.88888888888889,9.0,30.0,15.25,250.0,10.0,20.0,12.0,35000.0,0.2,105.0,2.5e-06,190000.0,0.28,550.0,7.75e-06,60000.00001466066,54201.54166720579,0,5798.458347454834,50.00000000031968,291.8332042651711,86638507829728.62,2182388236050.6572,-241.4140625,281141605873.3312,296876800047.0758,43647764721.29221,43647764720.73408,28682486.99144417,241.12982210170736,52044337877587.56,50.000000000511186,358.870177922393,1,627290354.1864374,627290354.1864374,-0.0027752364985644817,-10.72489966393914,203.1088439913757,0.36269436427031376,86618370301046.19,0.0,0.0,10817470116.93231,0.00017994263241545496,154
300.0,400.0,1.0,0.7853981633974483,3.0,50.0,3.111111111111111,7.601878519797524,3.0,10.0,10.5,150.0,1.0,10.0,8.0,27500.0,0.225,105.0,2.15e-06,205000.0,0.31,500.0,7.75e-06,120000.0,119674.83814990158,0,325.16185009841956,200.00000000000014,149.53667745512533,24851835756298.89,45924042502451.234,-0.09375,165168729069.4182,166192242460.09286,229620212512.25635,229620212512.256,20435564.714075904,40.6450884420452,1554744374876.2344,200.00000000000003,259.35490754021725,1,28378517.449773666,28378517.449773666,-3.725290298461914e-08,10.126118790329201,5.423541126591646,0.018802723488582418,24851098780122.414,8697884.576932114,3.5e-07,8941457451.381561,0.0003613162200727658,155
1000.0,600.0,11.555555555555555,166.66666666666666,2.0,50.0,5.222222222222222,21.419068431419294,2.0,30.0,,,,,12.0,35000.0,0.175,75.0,1.975e-06,200000.0,0.32,400.0,7.75e-06,600000.0,599623.8285343056,0,376.17146569461244,300.0,501.0031578788439,1762376967338783.0,633786548987484.2,1.0,3531839920764.226,3517696325109.738,2112621829958.2808,2112621829958.2808,287233355.8610243,30.422348015520633,7762428801751.25,300.00000000000006,969.5776648575012,1,23691827.098913983,23691827.098913983,-3.5390257835388184e-08,-16.125107844995,4.684059159361703,0.004841960883180769,1762376068752677.0,528712820.541289,3e-07,187060827387.58234,0.00010701434571402898,156
500.0,800.0,5.222222222222222,21.419068431419294,4.0,10.0,13.666666666666668,100.0,2.0,30.0,1.0,0.7853981633974483,7.0,20.0,24.0,35000.0,0.25,105.0,1.8e-06,210000.0,0.28,600.0,7.9e-06,400000.0,399703.3281378492,0,296.6718621509959,400.0000000000005,249.72400386596726,294125924831270.75,753004293045137.0,-4.75,1175206289754.4302,1177803976701.9556,1882510732612.845,1882510732612.84,113792479.69146858,35.91811880230422,8231220351599.031,400.00000000000045,464.08207172609417,1,57569968.23489322,57569968.23489322,3.341119736433029e-08,29.95946940258358,2.969320489894273,0.006410911457294617,294125559755807.06,132356501.90368724,4.5e-07,61375418444.02417,0.00021065365338864957,157
500.0,700.0,9.444444444444445,70.05557692032795,7.0,20.0,9.444444444444445,70.05557692032795,5.0,20.0,,,,,28.0,42500.0,0.25,90.0,2.5e-06,200000.0,0.29,400.0,7.7e-06,350000.0,349159.3331145707,0,840.6668854294567,349.99999999999983,250.33125771550036,316614490400205.6,613947168977058.8,4.0,1268138283964.3608,1264782086302.765,1754134768505.8813,1754134768505.883,93166969.76779824,43.94953328330593,13904635515668.312,350.0000000000002,456.05051837335367,1,70326499.11836457,70326499.11836457,-2.421438694000244e-08,17.931404218805255,7.478287856052472,0.015734562406366635,316613553032898.4,94984065.91981201,3e-07,68431808372.17326,0.00022187594224956026,158
900.0,200.0,5.222222222222222,21.419068431419294,4.0,50.0,5.222222222222222,21.419068431419294,3.0,20.0,1.0,0.7853981633974483,10.0,10.0,24.0,27500.0,0.25,75.0,2.325e-06,200000.0,0.3,550.0,7.7e-06,180000.0,179834.35854791032,0,165.6414520893591,99.99999999999982,450.2199611413024,338609667410012.5,16640885079394.21,0.78125,752833914704.6714,752098300021.2627,166408850793.9418,166408850793.9424,78160348.07538047,64.7294664021965,9635771779847.188,100.00000000000001,835.2705386917335,1,37162023.82139146,37162023.82139146,1.673470251262188e-09,5.251470852323791,8.509443184585663,0.00969859921041001,338609616091126.3,67721923.21932046,2e-07,39042278864.86258,0.00011699357713137535,159
300.0,200.0,11.555555555555555,104.87489549761482,9.0,20.0,11.555555555555555,104.87489549761482,10.0,10.0,,,,,28.0,20000.0,0.25,90.0,1.975e-06,210000.0,0.31,450.0,7.850000000000001e-06,60000.0,58007.376972724756,0,1992.623027275262,100.00000000000006,147.16970217609997,15347708795578.648,4990653517261.613,-0.0078125,100423208055.66428,104285790951.82188,49906535172.61616,49906535172.616104,16324141.036496835,108.88474340696462,9734006703647.504,99.99999999999996,191.1152587905519,1,126657882.45932405,126657882.45932405,1.4435499906539917e-08,11.301076264338917,31.94403969867883,0.11239107010171592,15344216583877.658,6904897.438171487,4.5e-07,3212473129.391699,0.0003716970108068506,160
800.0,800.0,7.333333333333334,42.23696789826278,3.0,20.0,17.88888888888889,122.22222222222224,9.0,10.0,,,,,28.0,27500.0,0.225,60.0,2.325e-06,205000.0,0.32,450.0,7.7e-06,640000.0,638773.2890819084,0,1226.7109180918046,400.0000000000003,396.29936734056054,969960938898318.5,952605107402696.0,6.5,2402673814278.0527,2447546019080.0176,2381512768506.7417,2381512768506.7383,227503319.30335605,115.9564320877177,111378982611484.5,399.9999999999999,684.0438137169402,1,383845130.0451264,383845130.0451264,-3.5762786865234375e-07,-20.529518437142542,15.619045580072013,0.019997355463480953,969958657688019.1,242489664.52091035,2.5e-07,122609355708.92616,0.00013107984664178994,161
900.0,300.0,11.555555555555555,188.88888888888889,1.0,10.0,20.0,188.88888888888889,1.0,30.0,,,,,24.0,42500.0,0.25,75.0,2.5e-06,200000.0,0.29,600.0,7.75e-06,270000.0,269622.222233803,0,377.7777661969994,149.99999999999997,450.0624744613156,785173654940061.5,86063394355959.25,0.5,1745072616470.5159,1744588139412.9646,573755962373.0615,573755962373.0618,117313652.65834735,66.80070715431658,25113793279691.5,149.99999999999991,833.1993030932458,1,97547688.76255044,97547688.76255044,3.6428163751526977e-09,-15.965767034649616,10.566904538784339,0.012287098300912022,785172519234689.5,353327633.6581325,4.5e-07,88952138871.59085,0.00011514391268613636,162
900.0,500.0,20.0,277.77777777777777,9.0,30.0,20.0,122.22222222222224,3.0,40.0,,,,,28.0,50000.0,0.25,60.0,2.325e-06,210000.0,0.29,550.0,7.9e-06,450000.0,447133.3332851019,0,2866.666714898312,250.00000000000043,456.12114544552986,1594525855476815.0,477673857071303.25,-5.0,3592254596307.075,3495838488082.6226,1910695428285.2163,1910695428285.2097,178719080.03894886,63.866046323762745,49994777470184.0,250.0000000000002,836.1339558860413,1,180748848.46887293,180748848.46887293,7.990747690200806e-07,44.84612794642453,30.94435719497503,0.03640512611173533,1594513500110617.8,478354050.3142522,3e-07,182250280061.2327,0.00012149711739356035,163
100.0,300.0,3.111111111111111,7.601878519797524,9.0,40.0,5.222222222222222,21.419068431419294,8.0,40.0,,,,,8.0,35000.0,0.175,60.0,1.975e-06,205000.0,0.31,450.0,7.8e-06,30000.0,29760.23054402114,0,239.76945597886177,150.0000000000001,49.89271565314131,877463856260.9551,8076022015814.055,-0.013671875,17511702493.930202,17587013350.02816,53840146772.09374,53840146772.09366,1284439.3850675186,18.05452955716716,82761298201.30103,150.0,81.94547088862976,1,5301604.429978504,5301604.429978504,1.979060471057892e-09,5.713425512201866,8.398321730093036,0.1463405532502672,,,,,,164
1000.0,700.0,20.0,255.55555555555557,6.0,40.0,11.555555555555555,104.87489549761482,4.0,30.0,1.0,0.7853981633974483,3.0,50.0,20.0,42500.0,0.175,90.0,2.325e-06,195000.0,0.3,600.0,7.8e-06,700000.0,698042.4547070288,0,1957.5452929713495,350.0000000000004,502.51333065681234,2540144931783931.0,1227115258995741.5,-14.0,5105955773925.733,5054880690356.658,3506043597130.694,3506043597130.686,372354986.33204854,68.30952158972988,69113149425927.75,350.00000000000034,931.690442021568,1,275374529.4016693,275374529.4016693,-5.1048118621110916e-08,-51.04535700478044,25.234987441756054,0.026171339824827958,2540138167671678.0,762041450.4525476,3e-07,266004042664.4073,0.00010782330695497872,165
1000.0,300.0,9.444444444444445,70.05557692032795,7.0,20.0,3.111111111111111,7.601878519797524,6.0,40.0,5.75,25.967226777328133,10.0,30.0,16.0,20000.0,0.15,120.0,1.975e-06,210000.0,0.29,500.0,7.7e-06,300000.0,298944.6552067284,0,1055.3447932711845,149.99999999999997,506.63510378039314,528468685898633.25,46961425528695.97,1.0,1071151778223.3962,1043095280913.8629,313076170191.3064,313076170191.3065,188537848.9446245,116.18205627657055,32564333244823.375,149.9999999999999,883.8179525960207,1,149945338.54466662,149945338.54466662,2.7939677238464355e-09,-16.554339982507372,16.73291714375363,0.01745841111662523,528467881041601.9,132116970.1164067,2.5e-07,52423741494.11114,0.00010511969542227445,166
300.0,300.0,1.0,0.7853981633974483,4.0,20.0,5.222222222222222,21.419068431419294,9.0,20.0,,,,,12.0,27500.0,0.225,75.0,2.325e-06,195000.0,0.32,550.0,7.75e-06,90000.0,89804.08678072559,0,195.91321927442596,150.00000000000017,148.38698402853728,19088842582559.688,18785785897050.438,-0.078125,125905038299.30193,128642297756.3085,125238572647.00305,125238572647.00278,13368899.742979808,45.894705471219424,2280700045653.582,150.0,254.10523440506486,1,29124801.81638339,29124801.81638339,8.614733815193176e-09,7.6513840652241925,6.70981203812136,0.02418918819102866,19088778431791.72,1908877.8431791717,1e-07,7155705414.668559,0.00038657703893478593,168
600.0,800.0,1.0,0.7853981633974483,4.0,40.0,20.0,166.66666666666666,9.0,20.0,,,,,28.0,35000.0,0.25,75.0,2.15e-06,200000.0,0.32,400.0,7.850000000000001e-06,480000.0,478496.85840144125,0,1503.141598558977,399.99999999999903,296.08807992989887,521820051497278.0,910158313661372.0,6.5,1717010808187.1667,1762381152327.4524,2275395784153.4243,2275395784153.4355,143905160.05483827,100.31211455280035,75608845016172.0,400.00000000000006,499.6878605729993,1,338300792.4451647,338300792.4451647,5.960464477539063e-08,21.67173641108093,14.039767386010434,0.024631170852649882,521816073251295.9,104363214.45018762,2e-07,92560860425.87267,0.00018473963775221487,169
200.0,1000.0,1.0,0.7853981633974483,8.0,30.0,5.222222222222222,21.419068431419294,1.0,30.0,,,,,16.0,42500.0,0.2,120.0,1.975e-06,190000.0,0.28,550.0,7.8e-06,200000.0,199972.29774536053,0,27.70225463947602,499.99999999999903,99.98253874019126,28352159980981.875,708420890841440.0,1.3125,283472102009.60156,283571114898.9338,1416841781682.8772,1416841781682.8828,24120017.776339605,5.688832437980756,109758147931.80078,500.00000000000017,194.31129639325053,1,2080392.581839775,2080392.581839775,-5.272640209264856e-09,42.82234828827495,0.17838217000189097,0.0010656750962814454,28352152969796.734,8505645.890790528,3e-07,20381900903.290474,0.0007194624819213455,170
200.0,400.0,20.0,166.66666666666666,5.0,50.0,20.0,188.88888888888889,1.0,10.0,20.0,150.0,10.0,10.0,20.0,27500.0,0.2,60.0,1.975e-06,195000.0,0.28,450.0,7.75e-06,79999.9999987456,76322.51317534964,0,3677.4868233959896,199.99999999999997,97.79299986140549,8380058147095.141,46011531973824.375,-0.140625,81991039123.85289,85691799607.04297,230057659869.12186,230057659869.12192,7965189.906830897,71.38291928089579,3566176438749.867,200.0,128.61708173108124,1,112784565.88803583,112784565.88803583,2.561137080192566e-08,-19.535139918936693,61.75655870177822,0.3430919927876568,8371899825559.896,1674379.946467395,2e-07,4514567538.732799,0.0006223639797962995,171
500.0,800.0,15.77777777777778,122.22222222222224,6.0,20.0,17.88888888888889,211.11111111111111,6.0,50.0,,,,,12.0,50000.0,0.15,90.0,2.5e-06,205000.0,0.31,550.0,7.850000000000001e-06,400000.0,398000.00003915594,0,1999.9999608440426,400.0000000000001,249.3961623074525,429437824787690.25,1084673352943062.0,0.75,1713612324303.4475,1721910316560.0625,2711683382357.656,2711683382357.6543,107814138.8320527,67.94527423681251,40518688740598.75,400.00000000000006,432.0547196970602,1,306349902.4411507,306349902.4411507,8.195638656616211e-08,-40.705217583075864,18.215463852161232,0.04129970391417921,429432000183854.25,42943200.018385425,1e-07,93147318976.50095,0.00022524779756597925,172
800.0,100.0,13.666666666666668,277.77777777777777,2.0,50.0,11.555555555555555,104.87489549761482,7.0,20.0,20.0,250.0,5.0,40.0,8.0,27500.0,0.2,90.0,1.8e-06,205000.0,0.29,550.0,7.9e-06,81250.00002366038,78149.74803409306,0,3100.251989567373,50.00000000071223,401.0780616079919,144485309108473.2,1846758750985.9668,-649.1953125,362189429066.9269,360242364115.3704,36935175020.24546,36935175019.193214,41010709.69037804,256.0261408969807,57123986542577.875,50.000000001500304,543.9738825685403,1,517219179.54515827,517219179.54515827,-0.004626287029721747,-0.002957633936603088,166.0217766667127,0.2144368525548736,144473423481989.47,36118355.87599829,2.5e-07,15619355038.718758,0.00013391143318388718,173
300.0,900.0,9.444444444444445,70.05557692032795,5.0,20.0,7.333333333333334,42.23696789826278,6.0,40.0,5.75,25.967226777328133,1.0,50.0,16.0,35000.0,0.175,75.0,2.325e-06,190000.0,0.28,550.0,7.75e-06,270000.0,269344.36588419345,0,655.6341158064447,450.0000000000007,150.2827950140786,72171647971189.5,646265885853041.0,-1.875,482053134627.8882,480238925316.956,1436146413006.76,1436146413006.7556,39213344.582715765,27.574670769593325,2866695221671.7812,449.9999999999995,272.4252608967068,1,43307100.78225607,43307100.78225607,8.754432201385498e-08,20.997456456261716,7.4848202996174376,0.029199559036153986,72171094694307.78,7217109.469430778,1e-07,28199777100.311443,0.000398976318981255,174
200.0,200.0,9.444444444444445,100.0,10.0,10.0,9.444444444444445,70.05557692032795,6.0,30.0,,,,,24.0,27500.0,0.225,60.0,2.15e-06,210000.0,0.32,600.0,7.8e-06,40000.0,38579.666552528084,0,1420.3334474719334,100.00000000000007,107.76603554676593,5240644833657.545,4361799235765.254,-0.029296875,56819034774.491776,48629837843.327965,43617992357.65257,43617992357.65251,4520221.250303434,44.07407756544776,1612851083647.2227,99.99999999999993,155.92592502012215,1,38948011.3962399,38948011.3962399,-2.0954757928848267e-08,-14.638135280358256,18.450284464514674,0.11163197326957244,5238481720586.9,1833468.5547048585,3.5e-07,2048597306.1223335,0.0005799673222740205,175
800.0,400.0,20.0,166.66666666666666,2.0,20.0,13.666666666666668,255.55555555555557,2.0,20.0,20.0,150.0,7.0,10.0,16.0,35000.0,0.225,120.0,2.325e-06,190000.0,0.28,550.0,7.8e-06,320000.0,317055.5556073808,0,2944.4443926193007,199.99999999999955,399.0595885821274,626670934958339.0,164217622366461.5,4.5,1563002673495.047,1570369320494.021,821088111832.3057,821088111832.3093,162195320.65602833,149.0430829865064,93230257867608.38,199.9999999999998,650.9569188779428,1,654520880.2168816,654520880.2168816,-3.5390257835388184e-08,-19.041730300916242,41.32234224154373,0.05344558167308436,626663357256175.4,156665839.3304866,2.5e-07,79472978367.42993,0.00013393513287820013,176
700.0,100.0,7.333333333333334,42.23696789826278,8.0,10.0,17.88888888888889,188.88888888888889,8.0,40.0,,,,,16.0,50000.0,0.15,105.0,1.8e-06,205000.0,0.3,400.0,7.9e-06,69999.99998511546,69440.1137464488,0,559.886238666654,50.00000000077721,352.0230358334479,151945704203302.12,2947131491630.6387,-845.015625,436654491101.8202,431635684987.3653,58942629833.52899,58942629831.696556,29191467.445118744,92.32032891026898,15843117181441.344,50.000000004982425,607.6797591677024,1,57354739.75361039,57354739.75361039,-0.005439159867819399,-3.1175653691316256,13.321005326674149,0.020460627690027065,151944886857454.34,30388977.349722307,2e-07,20848481665.273003,0.0001484042748209637,177
700.0,1000.0,9.444444444444445,100.0,4.0,40.0,5.222222222222222,21.419068431419294,8.0,30.0,15.25,100.0,7.0,40.0,4.0,42500.0,0.175,105.0,1.975e-06,200000.0,0.31,500.0,7.8e-06,700000.0,698028.6473960157,0,1971.3526039849494,499.99999999999926,350.310425804902,1228732221961859.0,2533967200746455.0,7.0,3513779971250.523,3507552534694.401,5067934401492.902,5067934401492.918,279076870.2016472,68.44848701248632,46821248550236.25,500.0000000000002,631.5512641805333,1,309606828.9600095,309606828.9600095,6.891787052154541e-07,37.70567752282659,13.152165089366028,0.01970689850057572,1228729298852782.5,307182324.68053544,2.5e-07,191003039388.41086,0.0001575694490944114,178
700.0,800.0,20.0,144.44444444444446,9.0,40.0,20.0,100.0,8.0,20.0,,,,,8.0,35000.0,0.2,90.0,2.5e-06,205000.0,0.3,450.0,7.8e-06,560000.0,557899.999930101,0,2100.000069898834,399.99999999999994,351.1414541494027,834127352981760.5,1064596477482333.5,5.5,2391018832426.6685,2375473881323.2183,2661491193705.8335,2661491193705.834,212479683.06713334,80.20168753152201,62069706000016.5,400.0000000000003,619.7983109182985,1,262718655.27455437,262718655.27455437,-3.781169652938843e-07,3.7993775246068253,18.38809347847065,0.027444915639508436,834122984848174.4,375355343.0563887,4.5e-07,124319226150.78708,0.00015633133080880562,179
400.0,300.0,9.444444444444445,100.0,5.0,50.0,17.88888888888889,144.44444444444446,3.0,50.0,5.75,25.967226777328133,7.0,40.0,32.0,27500.0,0.15,60.0,1.8e-06,190000.0,0.31,400.0,7.9e-06,120000.0,118703.1254986898,0,1296.874501310179,149.99999999999963,200.56850452820348,47419309358865.22,26359184721680.25,0.453125,237772420282.38828,236424504786.57892,175727898144.53458,175727898144.53543,21976036.072170142,81.31687748102333,8385008645356.125,150.00000000000014,318.6831225228719,1,88400757.34486713,88400757.34486713,9.313225746154785e-10,-12.617726149610462,36.17827855056096,0.10607737644818542,47417464237919.375,82980562.4492907,1.75e-06,14999100361.389654,0.0003439951209352866,180
500.0,600.0,9.444444444444445,122.22222222222224,9.0,20.0,5.222222222222222,21.419068431419294,10.0,20.0,10.5,150.0,5.0,10.0,4.0,20000.0,0.15,90.0,2.325e-06,210000.0,0.31,600.0,7.9e-06,300000.0,297185.8093450656,0,2814.1906549341325,300.0,255.7429372911757,140745627146173.38,211570522386401.5,0.75,576219273192.3352,550340230846.4443,705235074621.3384,705235074621.3384,86146266.56613219,93.54098573969685,22298204135427.156,300.00000000000017,406.45896709415916,1,274976258.7350204,274976258.7350204,-1.601874828338623e-07,-0.008156880692695267,26.31244992011078,0.05511743265244545,140739543330849.9,14073954.33308499,1e-07,27407526887.781734,0.00022014591788196254,181
100.0,500.0,3.111111111111111,7.601878519797524,8.0,10.0,7.333333333333334,42.23696789826278,8.0,40.0,,,,,16.0,35000.0,0.25,90.0,2.5e-06,195000.0,0.32,500.0,7.7e-06,50000.0,49601.28923567146,0,398.7107643285194,250.0000000000002,50.01746562251204,1475070212697.6465,37682045706517.06,-0.02734375,29511713062.753685,29491102644.62783,150728182826.06836,150728182826.0681,2637898.986176309,17.026607058992177,131113315437.29932,250.00000000000009,82.97339356813626,1,9318882.950220574,9318882.950220574,1.1175870895385742e-08,16.063485740425676,6.207062121432243,0.11018453469886656,1474841575975.4863,663678.7092998548,4.5e-07,1890937197.0047758,0.0012983674433221645,182
200.0,1000.0,17.88888888888889,188.88888888888889,8.0,30.0,7.333333333333334,42.23696789826278,9.0,30.0,,,,,12.0,35000.0,0.225,60.0,2.325e-06,195000.0,0.29,400.0,7.75e-06,200000.0,198108.7561855332,0,1891.2438144667435,499.9999999999999,101.46898405187243,24490328002634.47,610874785397408.5,-0.1875,248554506080.88315,241357772835.43762,1221749570794.8167,1221749570794.8174,17627178.8251937,27.820937284302467,1714518363066.875,500.0000000000003,172.17906275502017,1,42886611.696052514,42886611.696052514,1.3969838619232178e-08,21.776013303322543,17.664623470359814,0.10620014116232632,24485649741475.79,7345694.879533139,3e-07,17507498366.80984,0.0007566456555348424,183
700.0,700.0,11.555555555555555,104.87489549761482,8.0,20.0,1.0,0.7853981633974483,4.0,40.0,,,,,24.0,50000.0,0.15,90.0,1.975e-06,195000.0,0.29,400.0,7.7e-06,490000.0,489157.85923326947,0,842.1407667306208,349.9999999999999,351.5962168963985,1013186949540249.5,1005922652642069.0,-4.0,2908082514244.5938,2881677620094.5176,2874064721834.482,2874064721834.484,180430762.2842751,12.22238402223835,309393858342.1875,350.00000000000006,687.7776319391041,1,8357978.028097288,8357978.028097288,7.392372936010361e-09,3.2637117519486765,7.4910723326669855,0.011358714681830152,1013185583715465.1,101318558.3715465,1e-07,153485133489.87006,0.00015399419442505376,184
400.0,400.0,7.333333333333334,42.23696789826278,2.0,50.0,1.0,0.7853981633974483,7.0,10.0,,,,,8.0,20000.0,0.15,60.0,2.15e-06,205000.0,0.31,500.0,7.850000000000001e-06,160000.0,159910.02828065006,0,89.97171934995227,199.99999999999994,200.6510234084207,43036522327605.0,43017594522786.94,0.0625,215885343699.44144,214484439683.14636,215087972613.93463,215087972613.93475,27412923.876144018,16.33315005353683,192759382526.46875,200.0,383.66685006834393,1,3283143.415628349,3283143.415628349,-7.727066986262798e-09,-8.596122976067363,2.6255330288433023,0.006740777994462907,43036464031349.29,12910939.213593,3e-07,11255231422.968569,0.000263885659463648,185
500.0,400.0,3.111111111111111,7.601878519797524,9.0,20.0,7.333333333333334,42.23696789826278,3.0,40.0,,,,,16.0,50000.0,0.2,90.0,2.15e-06,190000.0,0.28,600.0,7.8e-06,200000.0,199804.8721874622,0,195.12781253780616,200.0000000000002,249.8531880097099,209588280327532.88,133749518745509.56,-0.25,837861089093.8256,838845731755.8333,668747593727.5485,668747593727.5471,52522729.73360956,31.81514481473258,4554489765250.469,199.9999999999999,468.184853939601,1,35344072.42289783,35344072.42289783,-1.0244548320770264e-08,12.784573316763272,4.556706006390151,0.009985477004494805,209588191530104.75,41917638.307493046,2e-07,45532492882.80099,0.0002189066998824081,187
100.0,300.0,15.77777777777778,211.11111111111111,1.0,30.0,13.666666666666668,211.11111111111111,3.0,30.0,,,,,20.0,27500.0,0.25,105.0,1.8e-06,210000.0,0.29,500.0,7.9e-06,30000.0,29155.55555290158,0,844.444447098417,149.99999999999997,48.92225405868511,714640595353.0537,7176915958959.395,0.00390625,13991232036.240025,14607679247.481125,47846106393.06262,47846106393.06264,1796210.0406464264,32.41295352062669,223743451816.0017,149.99999999999997,67.58707652977472,1,20474226.00997006,20474226.00997006,5.587935447692871e-09,11.406947791751008,18.779234428648028,0.2972965879353528,,,,,,188
400.0,300.0,11.555555555555555,166.66666666666666,1.0,40.0,11.555555555555555,122.22222222222224,4.0,10.0,5.75,25.967226777328133,5.0,20.0,24.0,27500.0,0.25,120.0,2.325e-06,210000.0,0.3,600.0,7.850000000000001e-06,120000.0,119084.77218250804,0,915.2278174919378,149.99999999999994,196.4071131083511,48020301770395.55,26282121105957.58,0.078125,235864339386.04007,244493699899.2719,175214140706.3838,175214140706.3839,32139531.50465515,92.41008984079302,12146848034551.031,150.0,307.589910365429,1,145560736.83315873,145560736.83315873,1.234002411365509e-08,12.473992837354672,21.37093100435496,0.05562127794980833,48018726459592.78,0.0,0.0,11835729915.738903,0.00027094047914382944,189
100.0,100.0,17.88888888888889,211.11111111111111,5.0,40.0,1.0,0.7853981633974483,9.0,10.0,1.0,0.7853981633974483,1.0,20.0,4.0,50000.0,0.2,105.0,1.8e-06,200000.0,0.3,450.0,7.9e-06,10000.0,9136.616625248946,0,863.3833747510554,50.000000035213,50.141259632207515,420009540208.0359,451111751872.4182,94.348876953125,8423990199.306191,8376525505.917861,9022235043.802362,9022235031.094366,566503.373363038,33.279094010567746,110610993764.69434,50.00000006537538,66.72090635658073,1,8637387.046828352,8637387.046828352,-0.02500021070773073,-10.569849046245508,33.142610817022415,0.3703085007488538,417651811651.6009,125295.54331763211,3e-07,522731337.6985044,0.001258327054860455,190
500.0,800.0,13.666666666666668,144.44444444444446,1.0,10.0,5.222222222222222,21.419068431419294,6.0,10.0,10.5,150.0,10.0,20.0,12.0,27500.0,0.2,105.0,2.325e-06,205000.0,0.28,600.0,7.850000000000001e-06,400000.0,396727.0412004375,0,3272.958799562324,399.99999999999943,249.95154247907013,239894247868078.88,662972482254951.8,1.75,959391032628.1415,959763022419.3019,1657431205637.377,1657431205637.3818,118015733.25262998,97.15486773237339,34950044608381.75,400.00000000000034,402.84513237894544,1,465312752.35585266,465312752.35585266,-3.501772880554199e-07,-37.64565408225462,30.729555307067326,0.06304935545436147,239886521581466.84,47977304.314609826,2e-07,48146695906.45413,0.0002106140917879537,191
500.0,1000.0,17.88888888888889,300.0,5.0,10.0,5.222222222222222,21.419068431419294,2.0,10.0,,,,,32.0,42500.0,0.25,75.0,1.975e-06,190000.0,0.32,600.0,7.75e-06,500000.0,498457.16184811236,0,1542.8381518875753,500.0000000000004,252.3103672217207,454766860496288.5,1797939825930425.0,-5.0,1836035103267.2227,1802410521231.8,3595879651860.853,3595879651860.847,121201879.72084232,15.245949509104353,1875162147825.4688,500.00000000000017,484.75405097196136,1,20467443.49146219,20467443.49146219,2.0116567611694336e-06,88.84948061411887,11.304089022577015,0.023193161107257592,454760042253005.3,90952008.50022219,2e-07,92906389407.81747,0.00021105103236801386,192
300.0,600.0,15.77777777777778,255.55555555555557,8.0,30.0,5.222222222222222,21.419068431419294,2.0,20.0,15.25,300.0,5.0,50.0,28.0,27500.0,0.175,105.0,1.8e-06,200000.0,0.31,600.0,7.850000000000001e-06,180000.0,174912.7174745953,0,5087.282525404695,299.9999999999995,155.94475195599597,43170447343107.22,188232319276406.94,0.375,299679795976.05566,276831677896.342,627441064254.6887,627441064254.6909,34040166.88634163,71.22887495444728,9157287000738.125,300.0000000000003,228.77118068551937,1,256743540.25755173,256743540.25755173,-2.3096799850463867e-07,-20.79542002006201,40.01264560173022,0.1442474706331748,43147793094464.27,161804225.36872432,3.7499999999999997e-06,14485488701.34019,0.00039463298641357513,193
100.0,500.0,7.333333333333334,42.23696789826278,2.0,30.0,7.333333333333334,42.23696789826278,6.0,20.0,1.0,0.7853981633974483,5.0,50.0,12.0,20000.0,0.25,120.0,1.8e-06,200000.0,0.29,500.0,7.75e-06,50000.0,49654.25029084204,0,345.7497091579286,250.0000000000001,49.096306747881094,868537219742.1455,22296481574185.953,-0.0078125,17062361574.442184,17690479738.165436,89185926296.74385,89185926296.74377,3197526.685874827,23.949880642240302,188366781724.6914,249.9999999999999,76.05020270917312,1,11000500.498783028,11000500.498783028,3.939203452318907e-08,17.370101035627215,4.037010149685533,0.052886595910301995,868309990153.8562,260492.99320641792,3e-07,1575016483.139618,0.0018942685375470897,194
800.0,300.0,7.333333333333334,42.23696789826278,6.0,10.0,3.111111111111111,7.601878519797524,6.0,20.0,,,,,16.0,50000.0,0.25,90.0,2.5e-06,205000.0,0.28,450.0,7.850000000000001e-06,240000.0,239700.96692691953,0,299.03307308050796,150.0,401.0376431452738,646862428421207.5,90395277987401.78,0.375,1621362059119.6501,1612971848098.7705,602635186582.6786,602635186582.6786,100993163.8661203,29.20146762787064,5383059610028.0,149.99999999999994,770.7985327555633,1,17118112.02997785,17118112.02997785,1.8044374883174896e-09,0.13231777201326622,6.982388529500878,0.008969668393462282,646862248025194.2,64686224.802519426,1e-07,82535716844.84149,0.00012932948736471458,195
1000.0,800.0,13.666666666666668,166.66666666666666,2.0,30.0,11.555555555555555,104.87489549761482,8.0,10.0,,,,,28.0,50000.0,0.15,90.0,1.975e-06,200000.0,0.32,600.0,7.8e-06,800000.0,798827.6674855202,0,1172.332514479771,399.99999999999983,499.0596098818352,3373533852681494.0,2147891892855069.0,18.0,6734401775599.937,6759781368562.891,5369729732137.67,5369729732137.675,423250851.0666915,86.09382475118446,143985082403107.0,399.99999999999983,913.9062194727527,1,498551730.3475353,498551730.3475353,-4.842877388000488e-08,25.137888137855043,13.687392449664536,0.013906811024040443,3373531567705901.0,674706313.5789605,2e-07,342974724555.8019,0.00010320685805605468,196
400.0,500.0,15.77777777777778,211.11111111111111,3.0,10.0,15.77777777777778,300.0,2.0,20.0,10.5,100.0,10.0,40.0,12.0,42500.0,0.15,120.0,2.5e-06,190000.0,0.29,550.0,7.850000000000001e-06,200000.0,196766.66667585442,0,3233.333324145722,250.0000000000009,200.3626389661519,121588963498041.94,195615624690091.38,-2.125,609049142246.6097,606844490197.5087,782462498760.3683,782462498760.3627,51617034.04189948,81.507588316898,21985360880862.344,249.9999999999999,318.4924116919729,1,316178497.69912213,316178497.69912213,-6.426125764846802e-08,-28.235591336029756,30.47613383587084,0.08190062842781075,121581196409570.31,30395299.107275657,2.5e-07,30654683701.05768,0.0002744006882092511,197
800.0,200.0,7.333333333333334,42.23696789826278,6.0,50.0,7.333333333333334,42.23696789826278,5.0,40.0,20.0,150.0,10.0,40.0,8.0,20000.0,0.15,60.0,1.975e-06,210000.0,0.31,400.0,7.9e-06,160000.0,156535.39328257815,0,3464.60671742186,100.00000000000001,399.8776867800147,200746785277868.0,12233740507643.406,0.0625,501713547695.84766,502020472545.90906,122337405076.43408,122337405076.43405,64162458.67764095,242.24795005563752,70175987330184.81,100.00000000000006,557.7521324364349,1,468136943.42686945,468136943.42686945,5.820766091346741e-10,7.240479844894253,122.57562454723238,0.16206561202389314,200738937266712.28,50184734.31738599,2.5e-07,23756581565.11699,0.00014029666254914154,198
700.0,200.0,5.222222222222222,21.419068431419294,8.0,30.0,20.0,255.55555555555557,2.0,40.0,,,,,32.0,50000.0,0.175,90.0,2.325e-06,210000.0,0.29,500.0,7.850000000000001e-06,140000.0,139317.5363208449,0,682.4636791550572,100.00000000000013,347.77307105573277,295921598634246.6,23592846911181.375,0.46875,840144731469.6095,850904291513.771,235928469111.81406,235928469111.81345,53277753.51350893,106.16499353709324,35883711185075.125,100.0,593.8349957747768,1,164427367.91974843,164427367.91974843,-3.725290298461914e-09,-9.482558631934808,23.265175304688317,0.03579257739182818,295919354677982.25,0.0,0.0,44712030830.43981,0.00015781175037193955,199
500.0,300.0,7.333333333333334,42.23696789826278,2.0,40.0,9.444444444444445,70.05557692032795,1.0,40.0,,,,,28.0,20000.0,0.15,120.0,1.975e-06,210000.0,0.29,450.0,7.75e-06,150000.0,149845.47049032623,0,154.52950967375818,149.99999999999994,250.19122780965273,63744216386305.875,22681602476891.6,-0.0625,255172049513.6759,254781979945.36774,151210683179.27728,151210683179.2774,46051446.42842923,44.80015905684725,2658786991082.0234,150.0,455.1998409513327,1,15931999.701093923,15931999.701093923,-5.016290253915044e-09,12.896174809018703,2.706683836136839,0.005945126179618067,63744074752291.445,12748814.94872039,2e-07,15127134235.66685,0.00024231293122085662,200
700.0,700.0,9.444444444444445,70.05557692032795,10.0,10.0,7.333333333333334,42.23696789826278,9.0,20.0,,,,,20.0,20000.0,0.225,90.0,1.8e-06,190000.0,0.32,550.0,7.8e-06,490000.0,488919.3115143244,0,1080.688485675732,350.00000000000034,351.8871967223543,420401421978079.25,408489185462290.75,-1.25,1207658603819.8027,1194705081326.9116,1167111958463.689,1167111958463.6868,187010464.86390212,72.44794533696627,28511212085747.875,349.99999999999994,627.5520523365151,1,142793115.17478666,142793115.17478666,-4.079192876815796e-07,-55.51139083451926,9.512066850158233,0.014064169809969754,420400436989522.94,105100109.27564244,2.5e-07,59499912768.282585,0.00014908303326836562,201
500.0,200.0,7.333333333333334,42.23696789826278,1.0,50.0,7.333333333333334,42.23696789826278,2.0,50.0,15.25,250.0,10.0,50.0,4.0,42500.0,0.25,75.0,2.15e-06,205000.0,0.28,450.0,7.7e-06,100000.0,94873.28902680869,0,5126.710973191416,100.00000000000006,249.73489836653715,97892656483693.69,15671126541673.812,-0.1875,391155841724.456,391986290758.6754,156711265416.73822,156711265416.73804,26358853.7156803,155.71155111449013,32025256629616.53,99.99999999999999,344.28848551225525,1,385493453.139413,385493453.139413,-5.122274160385132e-09,-5.99436092999531,136.43684416418247,0.30568374345970684,97872177462278.81,24468044.360853318,2.5e-07,22130187396.228893,0.00025457960243362355,202
500.0,800.0,15.77777777777778,211.11111111111111,7.0,30.0,3.111111111111111,7.601878519797524,8.0,20.0,5.75,25.967226777328133,10.0,40.0,12.0,42500.0,0.2,120.0,2.5e-06,205000.0,0.28,550.0,7.850000000000001e-06,400000.0,397942.0627376207,0,2057.9372623792515,400.00000000000057,252.76844208520802,366480314601096.9,931210868737900.0,-5.25,1482336307274.3481,1449865780624.4526,2328027171844.7534,2328027171844.7466,123322815.91667779,40.594754595807345,9603136236977.688,400.0000000000001,459.4052550955064,1,112221162.31970495,112221162.31970495,-4.0978193283081055e-07,0.05705141036196437,16.518066965488146,0.03452452454120849,366474998165720.9,109942499.25775914,3e-07,77191022191.72914,0.0002193825595633745,203
700.0,200.0,13.666666666666668,255.55555555555557,2.0,40.0,3.111111111111111,7.601878519797524,7.0,20.0,,,,,16.0,42500.0,0.25,105.0,2.325e-06,210000.0,0.3,600.0,7.75e-06,140000.0,139435.67574091585,0,564.324259084114,100.0000000000001,353.8095541445865,251702395348164.88,20101452887974.4,-0.375,727063379020.253,711406439989.1957,201014528879.74417,201014528879.74377,56602739.58826919,42.29709333181712,4741021802692.3125,99.99999999999997,657.7029245624334,1,32622467.128522977,32622467.128522977,1.1525116860866547e-08,7.656693532629106,22.589474060569376,0.03329598207365577,251700205577346.25,62925051.42887693,2.5e-07,36824178476.40008,0.00015254951954429133,204
100.0,1000.0,1.0,0.7853981633974483,1.0,10.0,15.77777777777778,277.77777777777777,6.0,40.0,1.0,0.7853981633974483,5.0,10.0,16.0,50000.0,0.175,60.0,2.5e-06,210000.0,0.32,500.0,7.9e-06,100000.0,98324.6939480948,0,1675.30605190522,500.00000000000045,49.898537937571234,4174451497683.5312,445898426250126.5,-0.15625,83319953666.86044,83658793828.91432,891796852500.2538,891796852500.2522,4276920.321474042,20.914356325619593,501188606619.8457,499.9999999999996,79.08585132877182,1,36260533.11798609,36260533.11798609,6.070695235393941e-08,21.65099325789854,19.508946391078688,0.37437210550873806,4166714680288.8247,12291808.322085386,2.9499999999999997e-06,5259774789.47094,0.0012626397872171856,205
200.0,300.0,11.555555555555555,104.87489549761482,5.0,40.0,15.77777777777778,233.3333333333333,7.0,50.0,,,,,32.0,50000.0,0.225,75.0,1.975e-06,200000.0,0.29,500.0,7.8e-06,60000.0,57842.29222490693,0,2157.7077750930657,150.00000000000009,98.17902047052185,10659907178956.605,23856260991250.89,-0.0390625,104692640241.891,108576222576.56595,159041739941.6727,159041739941.67252,6205964.621885135,59.0016414277013,3303804101064.6133,149.99999999999994,140.99835702235308,1,97528342.02181217,97528342.02181217,1.862645149230957e-09,9.553514518003794,49.918724389307854,0.3512654569089002,10652966415740.568,3195889.900512954,3e-07,9145239516.571278,0.0009305669791603642,206
100.0,200.0,1.0,0.7853981633974483,8.0,50.0,11.555555555555555,104.87489549761482,1.0,10.0,,,,,12.0,27500.0,0.25,75.0,2.5e-06,210000.0,0.3,600.0,7.9e-06,20000.0,19888.84193077207,0,111.15806922793301,99.99999999999987,48.850445426827314,480155417082.93115,1834697265331.124,0.0048828125,9387284426.808416,9829089845.294289,18346972653.31122,18346972653.311264,1021468.9802525415,22.527934861813584,106003354815.86804,100.00000000000001,77.47206669063672,1,5305408.827059393,5305408.827059393,9.473164663711493e-10,5.180683240083454,6.229746589101807,0.07396796747210443,479971525121.48914,215987.18859918462,4.5e-07,664871990.2614454,0.0014567740334017966,207
600.0,900.0,9.444444444444445,70.05557692032795,6.0,50.0,7.333333333333334,42.23696789826278,10.0,10.0,,,,,12.0,20000.0,0.25,120.0,2.15e-06,200000.0,0.32,600.0,7.8e-06,540000.0,539157.2968912071,0,842.7031087933706,449.9999999999989,299.70678404894153,334784703354331.75,740414357617627.2,3.25,1114859362686.6838,1117040791774.8772,1645365239150.2788,1645365239150.2866,201903384.97181538,68.83708835102001,24595223042792.5,449.9999999999998,531.1628348286102,1,160926189.08726716,160926189.08726716,-1.043081283569336e-07,38.70485197362723,6.55950388129691,0.011187328963580084,334783950737140.44,83695987.68910192,2.5e-07,56496182531.301704,0.00017460187077904927,208
800.0,600.0,1.0,0.7853981633974483,7.0,30.0,9.444444444444445,70.05557692032795,3.0,50.0,,,,,16.0,35000.0,0.175,120.0,2.325e-06,190000.0,0.29,600.0,7.75e-06,480000.0,479784.3354917131,0,215.66450828680456,299.99999999999966,399.3505278731241,899993012070421.5,505334223616172.25,1.75,2246335199926.1235,2253641723885.1235,1684447412053.9055,1684447412053.9094,232766991.3561227,51.35460944643862,20176929447542.75,300.0000000000004,748.645267779051,1,93945419.78699565,93945419.78699565,3.91155481338501e-08,25.751683918009803,2.518369868619643,0.003379102320652025,899992789282879.0,179998557.8675085,2e-07,121197913902.47015,0.00013535205746561114,209
200.0,600.0,9.444444444444445,70.05557692032795,10.0,20.0,1.0,0.7853981633974483,3.0,40.0,15.25,200.0,3.0,50.0,16.0,35000.0,0.25,90.0,2.15e-06,210000.0,0.29,550.0,7.850000000000001e-06,120000.0,118097.08805993546,0,1902.9119400645513,300.0000000000008,102.39597590067885,14846203431928.117,141362594734693.5,-0.53125,152106468651.54584,144988153111.88113,471208649115.64624,471208649115.64374,12968796.2742579,35.29738696166412,1338016575007.5664,300.00000000000006,164.7025952464607,1,56823882.44882022,56823882.44882022,-1.043081283569336e-07,-33.21599605897791,19.9179175099025,0.12487722576741381,14841372434926.787,67528245.06223144,4.55e-06,9191219371.22673,0.0006615296217725047,210
700.0,200.0,3.111111111111111,7.601878519797524,9.0,40.0,13.666666666666668,122.22222222222224,1.0,10.0,,,,,4.0,20000.0,0.25,75.0,2.15e-06,195000.0,0.29,550.0,7.8e-06,140000.0,139809.36087554294,0,190.63912445704113,100.00000000000003,348.788339370542,117842637972140.19,9350587721617.625,-0.0625,335531678421.3175,337862894685.0995,93505877216.17627,93505877216.17622,48278645.215918034,83.08098124935479,9367952181786.86,99.99999999999993,616.9191228155184,1,47032553.582576916,47032553.582576916,-2.5339518248233883e-10,5.269798627268756,9.793567138565809,0.014335545945692817,117842398060905.8,29460599.52037605,2.5e-07,17128736193.28554,0.00015004360996777202,211
700.0,900.0,13.666666666666668,233.3333333333333,9.0,30.0,9.444444444444445,70.05557692032795,10.0,50.0,5.75,25.967226777328133,1.0,30.0,24.0,35000.0,0.2,90.0,2.15e-06,210000.0,0.3,450.0,7.850000000000001e-06,630000.0,627147.5097313892,0,2852.4902686105274,450.0000000000005,353.5021130216905,946837781273012.0,1524716979009556.0,-10.5,2732593233194.1846,2678450131965.449,3388259953354.5728,3388259953354.565,239580085.31507125,69.34769488455787,53501033980916.125,450.0,630.6523591220301,1,233048751.28832105,233048751.28832105,-8.149072527885437e-07,-35.69080109018614,21.741084523894095,0.033692597629360166,946828749271515.0,284048624.93939424,3e-07,142406143281.0808,0.0001593871930163917,212
1000.0,600.0,3.111111111111111,7.601878519797524,9.0,30.0,15.77777777777778,188.88888888888889,7.0,40.0,5.75,25.967226777328133,5.0,10.0,20.0,42500.0,0.15,105.0,2.325e-06,205000.0,0.31,500.0,7.850000000000001e-06,600000.0,598349.6886133493,0,1650.3113866503377,300.0,496.4456761129842,2173025433443202.0,776467508042419.5,1.5,4315374390332.454,4377166602511.916,2588225026808.065,2588225026808.065,348267329.9108928,136.83069613922302,211283682036748.0,300.00000000000034,863.1693038638344,1,687583623.9569172,687583623.9569172,1.1222437024116516e-07,-24.450182838487308,18.269018075291775,0.01918790555255298,2173021241556554.0,543255310.0685792,2.5e-07,226146232996.7289,0.00010689928384364188,213
1000.0,900.0,5.222222222222222,21.419068431419294,6.0,50.0,3.111111111111111,7.601878519797524,9.0,20.0,10.5,86.59014751456867,3.0,40.0,8.0,50000.0,0.2,60.0,2.5e-06,190000.0,0.32,600.0,7.9e-06,900000.0,899283.527810125,0,716.4721898750788,450.0000000000004,500.05182420888065,3758409532463140.0,3051475586970380.0,-4.0,7517598252090.475,7516040039268.379,6781056859934.184,6781056859934.172,384245372.2999924,50.76414689528857,37998132901392.25,450.00000000000057,949.2358424328523,1,202800705.88314876,202800705.88314876,4.470348358154297e-07,19.481270954078354,11.153524236318809,0.011399241216139226,3758408802763961.5,2067124841.5306993,5.5e-07,391702423916.2952,0.00010451020007800469,214
900.0,500.0,9.444444444444445,70.05557692032795,3.0,10.0,15.77777777777778,166.66666666666666,3.0,30.0,,,,,32.0,42500.0,0.2,60.0,2.5e-06,190000.0,0.32,450.0,7.9e-06,450000.0,449289.8332892292,0,710.1667107707967,249.99999999999963,449.1211658815381,1309322563387471.5,401794715815218.5,1.25,2903934414990.671,2915299172813.475,1607178863260.8716,1607178863260.8765,175341115.20099857,82.31118878773479,61861554335656.25,249.99999999999986,817.6888193798826,1,193054887.69083315,193054887.69083315,1.30385160446167e-08,-12.786102139696595,11.865255330496748,0.013763023324932908,1309321080628978.5,130932108.06289785,1e-07,147880094804.32706,0.00011492081152489107,215
800.0,200.0,3.111111111111111,7.601878519797524,7.0,30.0,11.555555555555555,104.87489549761482,3.0,20.0,20.0,100.0,7.0,30.0,32.0,42500.0,0.15,105.0,2.325e-06,190000.0,0.3,550.0,7.7e-06,160000.0,158232.1621567815,0,1767.8378432184816,100.00000000000011,397.8654920093661,377321211729332.6,23556047953911.953,0.21875,938296028397.8435,948363754352.5643,235560479539.1198,235560479539.11926,75456143.78102444,155.08507503976531,59101461759414.625,100.00000000000016,644.9149270472896,1,418048968.6705174,418048968.6705174,-1.0244548320770264e-08,0.0001476701072533615,62.21585848922117,0.08035917428993292,377318589807852.0,113195576.97249807,3e-07,48028872991.204216,0.0001334440756824568,216
1000.0,200.0,3.111111111111111,7.601878519797524,7.0,50.0,9.444444444444445,70.05557692032795,4.0,30.0,15.25,250.0,5.0,30.0,8.0,35000.0,0.225,120.0,1.8e-06,195000.0,0.31,550.0,7.9e-06,200000.0,197166.56450521923,0,2833.4354947808547,100.00000000000009,497.26169308117505,613285427971697.0,25021665704042.266,-0.0625,1219889989546.2346,1233325302360.626,250216657040.42288,250216657040.42245,127383788.18216123,225.1531358033636,118551198461226.25,99.99999999999997,774.8468642018657,1,787328190.907769,787328190.907769,-6.51925802230835e-08,9.437244350643596,88.79934375068837,0.09199356472773619,613275418357562.2,61327541.83575622,1e-07,62270672244.84373,0.00010738086212468266,217
500.0,500.0,15.77777777777778,100.0,2.0,40.0,9.444444444444445,70.05557692032795,9.0,50.0,,,,,4.0,35000.0,0.15,120.0,1.975e-06,205000.0,0.32,450.0,7.8e-06,250000.0,249169.49978135296,0,830.5002186469519,249.99999999999997,248.41876225253876,187746489266639.3,185384443639611.12,0.0625,746265862063.6105,755766140867.3274,741537774558.4445,741537774558.4446,78059173.69831344,73.43977993463422,20204620031360.47,249.99999999999997,426.5602095765851,1,129200426.33883959,129200426.33883959,-2.7939677238464355e-09,21.546128871908877,8.726933959608397,0.01959885354891525,187745442576565.88,84485449.08212958,4.5e-07,44945126820.500244,0.00024768551348993713,218
100.0,900.0,9.444444444444445,70.05557692032795,4.0,30.0,17.88888888888889,100.0,5.0,10.0,,,,,32.0,35000.0,0.225,60.0,2.325e-06,200000.0,0.32,400.0,7.7e-06,90000.0,89219.77772209038,0,780.2222779095848,450.00000000000034,49.434023010560146,2715223041632.425,224720406005244.38,-0.140625,53696639584.34876,54926200140.5873,499378680011.65454,499378680011.6538,4011447.158681917,20.789814833767178,469532889024.7363,449.99999999999994,79.21018546879746,1,18979388.500418432,18979388.500418432,3.725290298461914e-09,18.679204165906413,8.097410755580894,0.09989951569322157,2714114846337.7427,678528.7050895226,2.5e-07,4188373675.4446015,0.0016044120607237498,219
1000.0,500.0,1.0,0.7853981633974483,10.0,50.0,13.666666666666668,277.77777777777777,1.0,40.0,,,,,4.0,27500.0,0.2,105.0,2.5e-06,205000.0,0.32,400.0,7.9e-06,500000.0,499714.3682432414,0,285.6317567585185,249.99999999999983,498.42638451909085,1156207305885161.5,286482020256573.75,2.75,2305159741659.4355,2319715291558.5195,1145928081026.2942,1145928081026.296,285240100.6037252,84.76930395259548,45737381045098.25,250.00000000000006,915.2306828580214,1,105901692.01844734,105901692.01844734,2.5314269517296604e-09,-18.806143406996853,3.0483958841827765,0.0031981771810981473,1156206047253114.2,0.0,0.0,126250592826.3421,0.00011029243121108929,220
1000.0,100.0,15.77777777777778,255.55555555555557,3.0,20.0,1.0,0.7853981633974483,8.0,30.0,10.5,150.0,7.0,40.0,28.0,50000.0,0.15,60.0,1.975e-06,195000.0,0.31,600.0,7.9e-06,100209.56783939329,97771.74831736306,0,2437.8195220302473,50.000000000007375,504.2280614281772,444945771120324.5,4178733228610.9805,18.90625,897480749721.5072,882429609054.4001,83574664572.23193,83574664572.20728,45112784.37689778,210.67904840196127,74506560020211.12,50.000000000026596,789.3212514238734,1,502774377.6146101,502774377.6146101,0.0001016888563754037,3.8497090681048576,186.93448745102268,0.19281535580301462,444939824544693.7,956620623.2357137,2.1499999999999997e-06,43415047832.29206,0.00010564138636502695,221
100.0,100.0,5.222222222222222,21.419068431419294,8.0,40.0,5.222222222222222,21.419068431419294,7.0,40.0,1.0,0.7853981633974483,5.0,30.0,20.0,27500.0,0.15,60.0,2.325e-06,190000.0,0.32,550.0,7.75e-06,9999.999998842646,9672.788586626428,0,327.21141221621593,49.999999999925336,50.0713104951085,232101590793.69153,236593771644.06567,-1.0823974609375,4648661783.341071,4635420732.923811,4731875432.874248,4731875432.888379,430869.77523068397,29.85147809773445,51954140366.83484,49.99999999983003,70.14854081314795,1,4943179.917482823,4943179.917482823,-5.920546482229838e-05,-7.661943174239411,29.53220729344742,0.5145979965674846,,,,,,222
300.0,500.0,7.333333333333334,42.23696789826278,7.0,50.0,3.111111111111111,7.601878519797524,2.0,20.0,,,,,12.0,50000.0,0.15,90.0,1.8e-06,200000.0,0.29,400.0,7.9e-06,150000.0,149689.13747562666,0,310.86252437329694,250.00000000000006,150.52730076283055,56697238721864.28,157128945404500.94,0.0,379315012114.03394,376657512853.4055,628515781618.0039,628515781618.0037,23583693.64093199,15.617866140778489,327600377024.90625,250.00000000000003,284.38188895111836,1,7828320.475717496,7828320.475717496,1.1757947504520416e-08,16.11374068044597,3.8717540950600564,0.013904942876903229,56697038094216.58,17009111.43622371,3e-07,21874041817.381016,0.0003896943598203167,223
500.0,100.0,5.222222222222222,21.419068431419294,10.0,40.0,1.0,0.7853981633974483,4.0,20.0,,,,,20.0,20000.0,0.2,75.0,2.5e-06,205000.0,0.29,500.0,7.9e-06,50000.00000150167,49899.548966242066,0,100.451035259606,50.000000000174694,253.5344003787165,21625514127657.766,834160538441.3574,35.59765625,87742525370.2233,85296173203.14204,16683210768.885437,16683210768.76886,12188327.718520556,25.268475975052674,149653322384.5703,50.000000002501984,474.73152647593827,1,2616997.1426669555,2616997.1426669555,-0.0004340535251685651,1.0797301971529123,9.38227382389925,0.019566785868403026,21625496199826.67,7568923.653738976,3.5e-07,4533751817.637263,0.00021802984368681302,224
200.0,700.0,7.333333333333334,42.23696789826278,2.0,20.0,13.666666666666668,255.55555555555557,1.0,40.0,,,,,4.0,42500.0,0.175,60.0,2.15e-06,195000.0,0.31,500.0,7.9e-06,140000.0,139659.97049901792,0,340.0295009821016,350.00000000000006,99.8186100680499,20019185448743.68,244331036251187.75,-0.03125,199829384103.595,200555642230.4006,698088675003.3937,698088675003.3934,12062449.815259792,21.10207246946508,963506835572.4141,350.0,178.89806947056385,1,20143268.018794216,20143268.018794216,1.2664006195522045e-08,15.007868948901887,5.671673763174582,0.03702942609254352,20018116638398.68,4003623.3287684144,2e-07,12972251507.1537,0.0006552718321670674,225
300.0,100.0,13.666666666666668,211.11111111111111,5.0,10.0,1.0,0.7853981633974483,9.0,50.0,,,,,8.0,27500.0,0.15,120.0,1.8e-06,195000.0,0.29,500.0,7.850000000000001e-06,30000.000000847413,28944.966306411676,0,1055.0336944357236,50.00000000838762,173.4220516328039,8772346199783.078,787596409158.811,913.328125,69303905719.30392,50583798987.43933,15751928185.818645,15751928180.533796,6649413.059934601,15.7506861153496,26435299751.027344,50.000000035446114,284.24930395993664,1,1382731.0603992455,1382731.0603992455,-0.004408442274382196,26.51549761029122,14.444140528507262,0.05789234680764434,8768903766240.778,2192225.859442168,2.5e-07,2148374843.6364546,0.0003670887839773658,226
900.0,700.0,9.444444444444445,70.05557692032795,3.0,20.0,17.88888888888889,277.77777777777777,2.0,10.0,15.25,250.0,1.0,50.0,28.0,35000.0,0.175,120.0,1.8e-06,205000.0,0.29,550.0,7.75e-06,630000.0,628734.2777201681,0,1265.7222798316927,349.99999999999983,448.842951370352,1512360367555379.0,917722493714558.0,2.5,3352181623115.6045,3369464448395.651,2622064267755.879,2622064267755.8813,348014546.3327657,99.9759829818623,90615931341449.0,350.0000000000004,800.0240170331064,1,393029987.032542,393029987.032542,5.21540641784668e-08,30.154956566082546,11.611177291087943,0.013178711851479922,1512355570440231.8,151235557.04402316,1e-07,172189612895.03955,0.0001159533318949798,227
800.0,200.0,20.0,166.66666666666666,10.0,20.0,9.444444444444445,70.05557692032795,6.0,30.0,,,,,8.0,42500.0,0.225,105.0,1.975e-06,195000.0,0.28,450.0,7.75e-06,160000.0,157912.9998788527,0,2087.0001211473354,100.00000000000006,409.9219437616918,405317890855876.0,23305252650953.61,-0.25,1039068679649.7402,988768464396.9868,233052526509.53622,233052526509.53595,78670926.71273182,95.05442130831727,40331520354950.125,99.99999999999997,704.9455786971077,1,146180081.2102059,146180081.2102059,4.1443854570388794e-08,31.073581661119533,25.153726997515285,0.03286875396180037,405313122760881.0,121593936.96951823,3e-07,47422815525.954666,0.00013429649200229636,228
700.0,600.0,3.111111111111111,7.601878519797524,6.0,30.0,3.111111111111111,7.601878519797524,10.0,40.0,,,,,24.0,42500.0,0.175,75.0,2.15e-06,205000.0,0.31,450.0,7.75e-06,420000.0,419878.36995342385,0,121.63004657611643,300.00000000000057,349.91885882195504,730801749158834.5,536085418821349.25,-3.25,2087521043549.0493,2088489176088.3328,1786951396071.1675,1786951396071.161,140439045.89812666,27.812635201314013,6380659471094.6875,300.0000000000002,672.1873651855544,1,23136148.03193665,23136148.03193665,1.909211277961731e-08,16.091740746770938,1.7045279400111497,0.002588719449684111,730801734089706.2,146160346.81359112,2e-07,114386876576.40349,0.00015702132864228014,229
400.0,100.0,17.88888888888889,122.22222222222224,4.0,10.0,5.222222222222222,21.419068431419294,5.0,40.0,20.0,200.0,10.0,30.0,28.0,27500.0,0.2,75.0,2.5e-06,210000.0,0.3,500.0,7.7e-06,39999.999998619125,35511.90959086271,0,4488.090407756385,49.99999999996247,209.4583321336854,23074039768182.844,1010550995930.6436,-12.28515625,121097080898.71321,110160524688.2993,20211019918.597702,20211019918.62804,11448217.544914804,149.2736606572145,12870711709981.047,49.999999999944365,250.72624170732362,1,229742985.52997163,229742985.52997163,-0.00017200608272105455,-10.562924004698289,131.13770423883184,0.3669327959585701,23060009948677.9,10377004.377073107,4.5e-07,3853906142.6987076,0.00027359118755863535,230
100.0,200.0,15.77777777777778,166.66666666666666,6.0,30.0,3.111111111111111,7.601878519797524,5.0,10.0,10.5,86.59014751456867,1.0,20.0,24.0,20000.0,0.2,60.0,1.8e-06,205000.0,0.31,600.0,7.9e-06,20000.0,18788.81033144993,0,1211.1896685500642,100.00000000000007,52.4811090683872,375252823857.33887,1985597682169.375,-0.00634765625,7896918814.822236,7150245688.755426,19855976821.693764,19855976821.693737,913861.8216367578,33.868064586359765,111755738159.72974,100.0,66.13179131037697,1,10171053.286679482,10171053.286679482,5.587935447692871e-09,-16.755923836775764,30.934200668438937,0.34975855005533985,372284567185.44183,111685.37325240497,3e-07,430840856.6832188,0.0012826792749941701,231
300.0,600.0,15.77777777777778,255.55555555555557,4.0,20.0,20.0,188.88888888888889,9.0,20.0,10.5,86.59014751456867,10.0,20.0,32.0,42500.0,0.15,75.0,2.15e-06,210000.0,0.29,450.0,7.9e-06,180000.0,175545.97468560588,0,4454.025314394217,300.00000000000045,148.45693237030338,65177949828570.06,267099613974974.0,-1.0625,430095225390.5522,439036081292.5429,890332046583.248,890332046583.2454,29522685.14365012,80.90895056724693,20888534330997.906,300.00000000000017,219.0910378295469,1,290841473.0308546,290841473.0308546,3.67872416973114e-08,23.77538109411944,41.62632999324178,0.15417159256756216,65165712249399.336,19549713.622997172,3e-07,22934108606.306343,0.0004106099550757964,232
300.0,600.0,13.666666666666668,144.44444444444446,8.0,10.0,17.88888888888889,277.77777777777777,3.0,20.0,,,,,24.0,27500.0,0.2,75.0,2.5e-06,200000.0,0.29,550.0,7.8e-06,180000.0,178011.11108937382,0,1988.8889106262206,299.9999999999997,151.72731451208898,42756103143614.95,162396400655391.44,0.21875,288361291919.1441,281795689069.6061,541321335517.97095,541321335517.972,29285067.04934637,57.65963075953839,8982192462834.5,300.0,242.34057930057583,1,121427443.62840812,121427443.62840812,-6.705522537231445e-08,-21.574506751756417,15.982783715234794,0.05896497374843143,42749762580576.9,14962416.862059228,3.5e-07,13720782198.22161,0.000374902958178111,233
900.0,800.0,11.555555555555555,104.87489549761482,10.0,40.0,20.0,277.77777777777777,10.0,40.0,,,,,8.0,27500.0,0.25,90.0,1.8e-06,210000.0,0.29,600.0,7.850000000000001e-06,720000.0,716173.4733720075,0,3826.5266279927605,400.00000000000017,443.8818960312686,1448130006522990.0,1091097046765960.5,-1.5,3174901399270.6255,3262421872733.8647,2727742616914.9023,2727742616914.9,371400617.02287555,181.83887185831952,308072843939705.5,400.00000000000006,718.1611536361286,1,1395374930.9485378,1395374930.9485378,-2.7567148208618164e-07,-31.362034557794686,35.94609936194541,0.04228952866111224,1448115272742300.0,289623054.6738709,2e-07,164358301642.86694,0.00012385803262436425,234
200.0,100.0,3.111111111111111,7.601878519797524,5.0,10.0,3.111111111111111,7.601878519797524,5.0,50.0,1.0,0.7853981633974483,10.0,40.0,20.0,50000.0,0.175,90.0,2.325e-06,210000.0,0.28,450.0,7.9e-06,20000.0,19908.27325382873,0,91.72674617125006,49.99999999999993,100.28928003316017,3399316804661.4785,834001334837.1626,0.0185546875,34091788784.515526,33895116243.107048,16680026696.743229,16680026696.743277,2122278.2239108784,21.420883488518957,161305282949.9248,50.000000000000036,178.5791149180788,1,3184388.6180474437,3184388.6180474437,-1.446096575818956e-10,2.648478937397499,6.425833320493135,0.04328779932765967,3399306944230.2793,3229341.593936749,9.5e-07,1873468167.696258,0.000564765303457907,235
200.0,500.0,17.88888888888889,255.55555555555557,8.0,40.0,9.444444444444445,70.05557692032795,8.0,20.0,,,,,24.0,50000.0,0.225,75.0,1.975e-06,190000.0,0.28,600.0,7.850000000000001e-06,100000.0,97395.1108767381,0,2604.8891232618735,249.9999999999995,101.62297920854095,17849506150322.797,110838077365797.44,0.296875,181439791596.8651,175644389579.38586,443352309463.18884,443352309463.1907,10039425.224925289,38.56422145449764,2518545140859.242,249.99999999999991,161.43576341346596,1,72851424.51020123,72851424.51020123,6.146728992462158e-08,40.142964668346394,33.20365782730041,0.18943449796759704,17841013015595.707,4460253.223425222,2.5e-07,10925849958.544033,0.0006674393037321546,236
400.0,300.0,11.555555555555555,122.22222222222224,6.0,20.0,3.111111111111111,7.601878519797524,8.0,10.0,15.25,150.0,7.0,10.0,32.0,27500.0,0.25,60.0,2.325e-06,205000.0,0.28,550.0,7.7e-06,120000.0,117105.85163853015,0,2894.148361469845,149.99999999999977,204.7179930222252,51338181938571.41,32470491958670.14,-0.109375,262892535431.66547,250775133053.38962,216469946391.13394,216469946391.1346,23309949.93500945,99.3036874663339,12981038183642.969,150.00000000000009,300.696123391669,1,212648685.29942873,212648685.29942873,2.60770320892334e-08,-12.457503246077977,62.92261530962113,0.16198613783008944,51331573339196.484,17966050.713701416,3.5e-07,11569900159.186613,0.0002661198113806329,237
800.0,400.0,11.555555555555555,104.87489549761482,9.0,50.0,13.666666666666668,277.77777777777777,5.0,40.0,,,,,16.0,50000.0,0.15,75.0,2.5e-06,190000.0,0.28,450.0,7.850000000000001e-06,320000.0,317667.2370198591,0,2332.762980140757,200.00000000000057,398.57992625891535,893215631980690.5,216764806733020.75,-7.5,2225139424783.259,2240995025425.4966,1083824033665.1068,1083824033665.1007,128090069.03702027,125.1272701050757,117789716284220.5,200.0000000000002,674.8726341079038,1,468188548.23491806,468188548.23491806,-2.9802322387695312e-08,-0.010808066843310371,39.521693693555584,0.05247403455929485,893208301842199.9,223302075.4953275,2.5e-07,119014716850.9169,0.00014140318571779391,238
300.0,500.0,9.444444444444445,122.22222222222224,3.0,10.0,17.88888888888889,255.55555555555557,10.0,30.0,,,,,4.0,50000.0,0.225,90.0,1.8e-06,210000.0,0.3,550.0,7.7e-06,150000.0,147077.7777364533,0,2922.2222635467124,250.0000000000003,145.29678996598895,62199079933783.97,165844183661869.75,-0.625,402054229644.6834,428082960045.7348,663376734647.4799,663376734647.4781,26803600.188777328,85.01760060623097,22053219695296.312,249.99999999999997,214.9824716287512,1,342256425.414235,342256425.414235,-3.3527612686157227e-08,-1.3306683136324864,40.03612598933477,0.15336247446292847,62187416743410.26,12437483.386155078,2e-07,20434020069.396667,0.00037278791121869123,239
100.0,400.0,20.0,300.0,7.0,40.0,13.666666666666668,188.88888888888889,1.0,50.0,,,,,24.0,35000.0,0.2,105.0,2.15e-06,190000.0,0.28,400.0,7.7e-06,39999.99999903722,37833.24281040377,0,2166.7571886334376,200.00000000000006,50.065456330418634,1175805768062.8403,21929053455936.64,-0.00390625,23546941288.64356,23485370038.43202,109645267279.68323,109645267279.68317,2269018.059039181,32.119732499001344,292467026084.89746,199.99999999999997,67.88026945847825,1,31556667.837689824,31556667.837689824,-2.7179217852536252e-09,-18.297381718795805,28.28015909420504,0.5322278839545017,,,,,,240
200.0,400.0,3.111111111111111,7.601878519797524,2.0,40.0,11.555555555555555,122.22222222222224,8.0,40.0,,,,,32.0,35000.0,0.225,75.0,1.975e-06,200000.0,0.28,450.0,7.850000000000001e-06,80000.0,79007.01844034114,0,992.981559658866,200.00000000000009,97.09794336158826,9792839526433.59,39042409867807.66,0.015625,95166606444.46318,100855272391.97546,195212049339.03836,195212049339.0382,8235218.639721868,53.10932768723563,2700630378035.664,199.99999999999991,146.89067232058437,1,63993604.608571105,63993604.608571105,-5.587935447692871e-09,10.819593510881532,20.867892081670664,0.1353105393935347,9790935601035.521,979093.5601035522,1e-07,7985524355.043013,0.0008625709400662796,241
900.0,1000.0,20.0,277.77777777777777,10.0,20.0,13.666666666666668,277.77777777777777,1.0,50.0,,,,,24.0,27500.0,0.2,60.0,2.15e-06,195000.0,0.28,600.0,7.7e-06,900000.0,896944.4444525144,0,3055.555547485422,500.0,457.0115136906628,1758661674486101.0,2104384590171386.0,-5.0,3969994094289.02,3848178047602.7256,4208769180342.772,4208769180342.772,357694307.7985519,49.62028818057849,35420127607153.0,499.99999999999983,850.3797125763108,1,154020397.20362866,154020397.20362866,1.204970734328434e-06,73.12985504753306,20.765909456930064,0.02462847533891055,1758648505449036.2,615526976.110107,3.5e-07,197589460489.6443,0.00011885877003916024,242
800.0,900.0,20.0,166.66666666666666,6.0,20.0,17.88888888888889,233.3333333333333,1.0,20.0,,,,,24.0,27500.0,0.225,105.0,2.5e-06,195000.0,0.29,400.0,7.9e-06,720000.0,718766.6667168194,0,1233.3332831806745,450.0000000000012,402.3728643843588,1084202129610980.5,1350291546546668.5,-17.0,2726680431234.4624,2694520991791.6274,3000647881214.8267,3000647881214.811,331327487.28880125,48.9709624802519,24756209100172.75,450.0,751.0290075984743,1,82368811.67764038,82368811.67764038,-2.1212205597224523e-07,23.519017726692255,7.314169078324079,0.009485917097103537,1084198698021215.8,379469544.42610776,3.5e-07,141959379920.23367,0.00013485220484683332,243
900.0,600.0,17.88888888888889,166.66666666666666,4.0,30.0,5.222222222222222,21.419068431419294,2.0,30.0,5.75,25.967226777328133,5.0,20.0,8.0,42500.0,0.25,75.0,2.5e-06,210000.0,0.28,600.0,7.850000000000001e-06,540000.0,539030.8229520433,0,969.1770479568668,300.0,451.8504636679458,1570824290592011.0,696951968206090.2,6.0,3505134253732.925,3476425093914.195,2323173227353.6343,2323173227353.6343,233769860.4883578,47.33747165538353,18021144383890.0,299.9999999999998,852.6627814239513,1,103799344.78825614,103799344.78825614,1.825392246246338e-07,16.344205878909634,18.104631957121626,0.020872566148745962,1570822306195127.5,706870037.5525805,4.5e-07,185262118453.94208,0.00011988966495114726,244
700.0,600.0,11.555555555555555,166.66666666666666,6.0,50.0,11.555555555555555,104.87489549761482,5.0,50.0,,,,,16.0,42500.0,0.175,120.0,2.15e-06,205000.0,0.29,400.0,7.75e-06,420000.0,418475.6255157442,0,1524.3744842556384,299.99999999999994,351.25652263781717,750292807821484.0,542567086075369.25,1.75,2151417464482.8625,2136025267764.5383,1808556953584.5637,1808556953584.5645,181686232.20864215,68.49737791699802,38391874390588.5,299.9999999999999,631.5026124055781,1,154224250.46001434,154224250.46001434,3.725290298461914e-08,20.609945744428842,11.86504720170252,0.018417631048211532,750289192018416.0,262601217.1041148,3.5e-07,122977364516.87787,0.00016978296470321962,245
200.0,500.0,13.666666666666668,166.66666666666666,8.0,40.0,20.0,122.22222222222224,8.0,30.0,,,,,8.0,35000.0,0.225,90.0,2.325e-06,200000.0,0.32,400.0,7.850000000000001e-06,100000.0,97688.8888154834,0,2311.1111845165337,249.9999999999998,100.51958066907616,12872776497628.188,79862154402472.16,0.09375,129400102896.69778,128062377617.82036,319448617609.88837,319448617609.88885,11454831.65401119,49.196052707888036,3101621046934.5156,250.0,150.80413487788164,1,75436597.79597145,75436597.79597145,-5.029141902923584e-08,-19.192840443683963,28.376211112789562,0.17735131945493476,12867337700866.943,1286733.7700866943,1e-07,9572571280.511742,0.0008343799340373984,246
600.0,100.0,13.666666666666668,277.77777777777777,8.0,30.0,3.111111111111111,7.601878519797524,8.0,20.0,,,,,4.0,20000.0,0.225,75.0,2.325e-06,195000.0,0.29,500.0,7.850000000000001e-06,60000.00000589256,59090.256320696826,0,909.743685195742,49.99999999773913,326.58415602816876,46154859034768.59,1023552173341.8271,-926.2890625,168808282520.46622,141326081448.93475,20471043465.910896,20471043467.762188,20194676.164094225,56.776673375184785,3409709594454.8906,49.99999998878353,543.2233360779647,1,20202427.087404214,20202427.087404214,-0.018008322804234922,13.177679041055399,29.368620566275613,0.050771722079764166,46152931725923.7,16153525.941473344,3.5e-07,6392376108.234596,0.00018063840051201375,247
300.0,500.0,1.0,0.7853981633974483,3.0,30.0,9.444444444444445,122.22222222222224,9.0,20.0,10.5,86.59014751456867,10.0,30.0,28.0,50000.0,0.25,120.0,2.15e-06,200000.0,0.3,450.0,7.75e-06,150000.0,147165.8409107181,0,2834.1590892819036,250.0000000000007,147.30237070044805,59853745418390.41,171430912142890.88,-1.625,391975603635.42615,406332533100.286,685723648571.5654,685723648571.5615,29377589.23799584,75.37513629702508,15856803029586.203,249.99999999999994,224.6248637065009,1,238539426.61594638,238539426.61594638,8.475035429000854e-08,15.125246356416028,29.75617488457907,0.10809508535250774,59849218784577.69,17954765.67813141,3e-07,21927013060.96008,0.000396583063073852,248
300.0,400.0,17.88888888888889,300.0,5.0,40.0,13.666666666666668,255.55555555555557,1.0,40.0,20.0,250.0,1.0,40.0,20.0,50000.0,0.175,75.0,2.15e-06,210000.0,0.28,550.0,7.7e-06,120000.0,117744.44446469758,0,2255.555535302427,200.00000000000028,153.13643560429907,47831797403915.94,84546286169085.81,-0.375,325688659407.99744,312347595235.3506,422731430845.4297,422731430845.42847,17853062.850796334,47.43512790563047,4121340029213.797,199.99999999999994,252.56481309161938,1,82070482.7574436,82070482.7574436,-3.3527612686157227e-08,29.79166019379045,35.72973945958747,0.14113129475175584,47821097233633.37,0.0,0.0,21638682847.40306,0.0004885602357492548,249
600.0,1000.0,3.111111111111111,7.601878519797524,2.0,40.0,13.666666666666668,188.88888888888889,9.0,50.0,,,,,12.0,50000.0,0.25,60.0,2.325e-06,205000.0,0.3,550.0,7.9e-06,600000.0,598284.7962560394,0,1715.2037439605692,500.0000000000005,297.90307040328975,915609045843721.5,2522061967880618.0,-7.0,3030845255746.327,3073513289420.633,5044123935761.241,5044123935761.23,157128388.3524074,80.30354505069523,83303044991843.75,500.0,519.6964549593454,1,498953506.42573225,498953506.42573225,-1.043081283569336e-07,-22.288110413224786,22.025201057577696,0.04054961840570878,915603804915590.1,183120761.04658335,2e-07,173715809517.19107,0.00019385867173506263,250
700.0,700.0,15.77777777777778,277.77777777777777,5.0,10.0,5.222222222222222,21.419068431419294,7.0,50.0,15.25,250.0,1.0,50.0,24.0,50000.0,0.175,90.0,2.325e-06,200000.0,0.28,500.0,7.850000000000001e-06,490000.0,487961.1776194263,0,2038.8223805738587,350.00000000000006,352.5721224707957,1025249024415787.5,1016606474360072.0,-2.5,2950969368684.603,2907912903694.509,2904589926743.0635,2904589926743.0625,182073434.6587565,47.922870053317425,20360926571673.375,349.99999999999955,652.0771287427065,1,133020613.80303626,133020613.80303626,2.905726432800293e-07,61.11717035518086,13.515655599589367,0.02087718191098208,1025240844268366.8,256310210.84377912,2.5e-07,149330743541.10742,0.00015026492458879135,251
800.0,100.0,20.0,144.44444444444446,1.0,20.0,17.88888888888889,166.66666666666666,10.0,50.0,5.75,25.967226777328133,5.0,40.0,12.0,27500.0,0.25,75.0,2.325e-06,200000.0,0.32,400.0,7.7e-06,79999.99999559516,79397.8124113875,0,602.1875842076934,50.00000000044519,399.22500369308364,125985662050166.31,1836570485325.5781,-352.5390625,314355095031.1421,315575579897.85034,36731409706.838615,36731409706.18451,32795576.28066531,153.2347091929087,21626639658891.28,50.0000000019117,646.7652915597936,1,95956846.42890805,95956846.42890805,-0.002051022369414568,-3.1642904414547957,33.34053732169068,0.04499060437483183,125984778845265.72,31496194.70506721,2.5e-07,15738216193.582731,0.00013518114603984198,252
700.0,100.0,1.0,0.7853981633974483,9.0,50.0,11.555555555555555,144.44444444444446,10.0,20.0,5.75,25.967226777328133,10.0,20.0,32.0,27500.0,0.15,120.0,1.975e-06,205000.0,0.31,550.0,7.75e-06,70000.00000058817,68689.78631468459,0,1310.2136859036113,49.999999999764654,328.7394349013844,94826455857937.1,1713964715002.88,156.0,255417528206.2315,288454763227.2448,34279294299.896248,34279294300.21895,37918363.35344968,243.96525405821643,47383589216925.59,49.999999999456705,456.0347371211739,1,366866381.8866715,366866381.8866715,0.001362945738947019,-1.2535510795087248,81.41081105189242,0.12074774213188906,94825153994739.34,23706288.56749137,2.5e-07,11808685512.142765,0.00015314575600359912,253
400.0,200.0,3.111111111111111,7.601878519797524,1.0,20.0,20.0,122.22222222222224,2.0,30.0,1.0,0.7853981633974483,1.0,50.0,4.0,27500.0,0.2,75.0,1.8e-06,200000.0,0.29,400.0,7.8e-06,80000.0,79746.3828561686,0,253.61714383139616,100.00000000000001,197.0985301292508,30436097660483.14,7401871769369.684,-0.0078125,150004323181.4502,154420723688.4219,74018717693.69685,74018717693.69682,16047872.350194098,71.5399584703827,4747479638928.102,99.99999999999997,328.46003992201435,1,34958273.67703948,34958273.67703948,-3.079549060203135e-09,3.118927441701942,9.47537269180169,0.02632047969944914,30435621286165.73,19783153.78718142,6.5e-07,8199865916.057374,0.0002807032214916881,254
600.0,100.0,5.222222222222222,21.419068431419294,9.0,40.0,15.77777777777778,300.0,7.0,20.0,15.25,250.0,10.0,50.0,16.0,42500.0,0.15,90.0,2.15e-06,200000.0,0.31,600.0,7.9e-06,60163.36460857193,54506.41309202614,0,5656.951516545765,50.00000000036387,291.3160899275861,99087967620127.94,2194604205939.7852,-275.40625,321001401067.1401,340139014102.37494,43892084119.11512,43892084118.47628,25055479.190380268,235.24631752067714,56201260477166.16,50.000000000610065,364.7536823242413,1,610398134.5735669,610398134.5735669,-0.0031920595793053508,-10.845660534745548,223.3617389330052,0.3904167121358445,99066379740250.58,64393146.99546139,6.5e-07,13297398063.560156,0.00018203408000506177,255
500.0,800.0,20.0,233.3333333333333,3.0,20.0,17.88888888888889,233.3333333333333,9.0,20.0,20.0,300.0,5.0,40.0,16.0,27500.0,0.175,60.0,2.325e-06,200000.0,0.3,600.0,7.7e-06,400000.0,394199.9999781287,0,5800.0000218713185,400.0000000000008,245.518061808383,258085656371454.75,678544526983657.5,-4.5,1014160997850.9526,1051188065230.3302,1696361317459.1472,1696361317459.1404,97709612.88885756,134.46811480690425,81304806647602.94,400.00000000000017,365.5317857409866,1,925606305.5162754,925606305.5162754,-1.8998980522155762e-07,5.439792080469488,76.13798152244689,0.16163270050199893,258060934841359.97,0.0,0.0,51211829251.990425,0.0002257411875695069,256
100.0,900.0,3.111111111111111,7.601878519797524,9.0,10.0,5.222222222222222,21.419068431419294,1.0,30.0,,,,,20.0,42500.0,0.2,75.0,1.975e-06,190000.0,0.3,550.0,7.9e-06,90000.0,89910.16403062716,0,89.83596937281382,450.0000000000002,50.086764754950075,3203352864032.129,258995812776168.12,-0.03125,64178425788.37478,63956074617.80692,575546250613.7073,575546250613.7067,4300683.097403953,4.285898121534343,17910743753.725586,450.0,95.71410426683816,1,1207337.5647920948,1207337.5647920948,1.2894272559906414e-08,24.133444952656646,1.0260220121434551,0.015225388453494536,3203338067070.215,1761835.9347239663,5.5e-07,4139147393.080985,0.0012999049049323855,257
700.0,400.0,7.333333333333334,42.23696789826278,8.0,10.0,1.0,0.7853981633974483,5.0,30.0,10.5,86.59014751456867,3.0,20.0,8.0,42500.0,0.175,120.0,1.8e-06,200000.0,0.28,450.0,7.850000000000001e-06,280000.0,279138.63642613246,0,861.363573867554,199.9999999999998,351.52798254580364,493444813147910.5,161885369218049.06,1.375,1416024209785.4229,1403714178240.7473,809426846090.2445,809426846090.2461,119397248.70826069,57.114282855760926,11722364638553.0,200.00000000000006,642.8856682197354,1,80883785.84574947,80883785.84574947,-9.313225746154785e-10,-27.879091767208593,9.484140108165985,0.014166004642518274,493443870149521.4,123360967.47301434,2.5e-07,71945939885.84473,0.00014852623277834825,258
300.0,800.0,3.111111111111111,7.601878519797524,5.0,30.0,17.88888888888889,255.55555555555557,9.0,40.0,,,,,24.0,35000.0,0.225,75.0,2.325e-06,195000.0,0.31,450.0,7.75e-06,240000.0,237661.9905495961,0,2338.0094504038716,400.0000000000004,145.8436532466896,66699330226309.53,467317074613760.75,-1.125,432673267309.8794,457334472508.6519,1168292686534.403,1168292686534.4006,37343108.42920572,74.97913785091266,17859610240152.625,400.00000000000006,225.02086247370036,1,248774843.80570444,248774843.80570444,1.2665987014770508e-07,-22.533934424602194,24.321024569623305,0.0968750701610575,66690205202300.2,13338040.93105564,2e-07,26492937788.437416,0.00042454317725396475,259
400.0,200.0,13.666666666666668,100.0,9.0,20.0,17.88888888888889,233.3333333333333,10.0,20.0,1.0,0.7853981633974483,5.0,50.0,16.0,27500.0,0.25,90.0,2.15e-06,195000.0,0.28,400.0,7.75e-06,80000.00000367606,77520.42430909506,0,2479.5756945810335,99.99999999580228,192.58235560125425,41424869403011.91,7659969235985.664,51.984375,199717191481.43213,215102101507.07138,76599692356.6412,76599692363.07208,24487652.529038984,140.38500560105516,23411591511226.625,99.99999999108195,259.61515182489796,1,222644923.768825,222644923.768825,0.007145644527554396,-10.765258685374818,40.64422960626473,0.1095367769151143,41419526923592.37,12425857.999479398,3e-07,8106757917.244638,0.0002904999074872634,260
100.0,200.0,1.0,0.7853981633974483,3.0,40.0,11.555555555555555,104.87489549761482,5.0,40.0,20.0,300.0,1.0,30.0,20.0,42500.0,0.175,105.0,2.325e-06,210000.0,0.29,400.0,7.850000000000001e-06,20000.000000844804,19003.84902150508,0,996.1509793397188,100.0,49.95707499462199,713497425534.1704,3292932287029.3066,0.0078125,14257708266.602968,14282209789.32374,32929322870.293068,32929322870.293068,1136357.7218423805,30.883777820307134,168478386143.97412,99.99999999999999,69.1162311313963,1,15311148.543412894,15311148.543412894,-4.6566128730773926e-09,7.516977164632408,26.572377130990752,0.46787206252927344,,,,,,261
900.0,1000.0,11.555555555555555,144.44444444444446,1.0,40.0,9.444444444444445,70.05557692032795,5.0,10.0,,,,,20.0,20000.0,0.2,105.0,2.5e-06,205000.0,0.32,600.0,7.8e-06,900000.0,899505.2776638886,0,494.7223361113948,499.99999999999983,449.0379528314621,1231627929925111.0,1507630856943745.0,0.5,2731112158236.2676,2742814771354.9263,3015261713887.489,3015261713887.491,463740550.71664095,75.71793605991809,49980069317467.5,500.0,824.2821178400815,1,189483401.3396198,189483401.3396198,-4.0978193283081055e-08,-37.61454684128694,3.9600807717030713,0.004473263501683391,1231627189420791.5,369488156.7566182,3e-07,139471505025.4247,0.00011485734840169813,262
700.0,200.0,13.666666666666668,122.22222222222224,7.0,50.0,9.444444444444445,70.05557692032795,7.0,10.0,,,,,12.0,42500.0,0.175,105.0,1.975e-06,195000.0,0.3,450.0,7.75e-06,140000.0,138654.05542470425,0,1345.944575295754,99.99999999999979,352.14070420885594,262552062998951.25,20184783866389.92,1.0,754765119620.6309,745588510106.5472,201847838663.8988,201847838663.89966,59322420.9190564,107.08337170618904,35778891543612.06,99.99999999999997,592.9166310176876,1,160416509.7980438,160416509.7980438,-1.5366822481155396e-08,19.61834862186879,35.217594870217496,0.051391707148984646,262549907387743.9,52509981.438019,2e-07,35649668268.616684,0.00014932444416926218,263
500.0,200.0,7.333333333333334,42.23696789826278,9.0,10.0,7.333333333333334,42.23696789826278,3.0,20.0,1.0,0.7853981633974483,1.0,10.0,12.0,42500.0,0.15,60.0,1.975e-06,190000.0,0.28,400.0,7.7e-06,100000.0,99491.58560338122,0,508.4143966188264,100.00000000000006,252.08604586141323,92612203137479.78,14435772816486.82,-0.125,373565915074.34265,367383298908.9537,144357728164.8683,144357728164.86813,22096324.77436279,45.17482025892955,4804558147292.328,99.99999999999991,454.825368126806,1,24434299.5386059,24434299.5386059,2.8874637791886926e-08,13.013754042213804,11.298418092161288,0.023719562129421546,92611879533100.38,60197721.62884925,6.5e-07,18491130050.155262,0.00021111817094588686,264
100.0,800.0,20.0,188.88888888888889,9.0,50.0,9.444444444444445,70.05557692032795,10.0,40.0,,,,,32.0,27500.0,0.2,105.0,1.8e-06,190000.0,0.28,450.0,7.9e-06,80000.0,77599.44423918836,0,2400.5557608116414,400.0000000000006,48.701464639247135,1864548985252.001,136498274773557.62,-0.171875,36347021842.62589,38285275382.65068,341245686933.8946,341245686933.89355,4707687.9828867195,32.75185831639085,570589788673.919,399.99999999999983,67.24818485288992,1,54666420.95797975,54666420.95797975,2.0302832126617432e-07,30.4821547610336,18.017432188171846,0.30029053646953063,,,,,,265
900.0,700.0,15.77777777777778,233.3333333333333,8.0,30.0,1.0,0.7853981633974483,7.0,30.0,,,,,32.0,20000.0,0.175,90.0,2.15e-06,210000.0,0.31,550.0,7.7e-06,630000.0,628127.8355766337,0,1872.1644233663947,350.0000000000003,461.2478479960609,909286344738082.5,529360805304746.25,-6.75,2072437344375.5073,1971361706485.0737,1512459443727.8477,1512459443727.8452,308582657.68419355,27.178840402913888,965082900680.625,349.99999999999994,872.8211560679676,1,29523772.731820405,29523772.731820405,1.2601958587765694e-07,66.60097155798718,21.0311073075202,0.024187587472708685,909279064522859.5,90927906.45228595,1e-07,101165212459.0298,0.00011934264075714471,266
500.0,900.0,13.666666666666668,211.11111111111111,5.0,50.0,13.666666666666668,144.44444444444446,7.0,20.0,,,,,24.0,42500.0,0.225,120.0,1.8e-06,200000.0,0.3,450.0,7.75e-06,450000.0,447933.3332996748,0,2066.666700325136,450.00000000000074,249.82389486954065,412576051956389.0,1316465767332944.0,-1.0,1649142517992.4475,1651467535448.6743,2925479482962.1025,2925479482962.093,140470676.3813607,65.13283068608276,37207851759588.125,449.9999999999996,434.867167386489,1,237302388.46564013,237302388.46564013,-7.450580596923828e-09,35.300517690622655,12.064555301436478,0.02549747509824364,412570180941419.7,103142545.22336623,2.5e-07,88586424122.91965,0.00022399435797499387,267
100.0,200.0,3.111111111111111,7.601878519797524,5.0,30.0,1.0,0.7853981633974483,5.0,30.0,1.0,0.7853981633974483,5.0,50.0,20.0,50000.0,0.15,60.0,2.15e-06,195000.0,0.3,600.0,7.7e-06,20000.0,19950.209633738195,0,49.790366261791036,100.00000000000003,50.08930463278296,835511621949.417,3343291997785.5996,0.009765625,16740131865.5682,16680439628.27511,33432919977.856007,33432919977.855988,852760.4565180062,7.621946414085729,11600155933.04248,100.00000000000004,92.37785657152953,1,1075340.8697330365,1075340.8697330365,1.0877556633204222e-09,4.287034925410069,3.4882958840210168,0.05019130768375564,,,,,,268
500.0,300.0,9.444444444444445,70.05557692032795,2.0,30.0,3.111111111111111,7.601878519797524,2.0,10.0,10.5,86.59014751456867,3.0,20.0,24.0,50000.0,0.2,120.0,2.15e-06,210000.0,0.28,450.0,7.75e-06,150000.0,149325.14422675467,0,674.8557732454209,149.99999999999963,250.4315376646119,158150715932739.3,57936330575867.53,1.125,633696719740.9943,631512777534.1985,386242203839.1159,386242203839.1178,45657980.75628533,55.808455770842,7033212601825.375,149.99999999999994,444.1915377165228,1,65093425.279325575,65093425.279325575,-5.3085386753082275e-08,12.858351561066229,11.818843972999273,0.02419690531053256,158149798211703.97,71167409.17720965,4.5e-07,32694276795.022995,0.0002098255761132758,269
800.0,600.0,17.88888888888889,144.44444444444446,6.0,10.0,3.111111111111111,7.601878519797524,9.0,10.0,5.75,25.967226777328133,3.0,20.0,16.0,20000.0,0.175,90.0,2.5e-06,210000.0,0.28,400.0,7.8e-06,480000.0,478909.1131307692,0,1090.8868692306905,299.9999999999999,405.87200258434615,538266153342091.5,296341175183907.6,3.5,1365714074796.9426,1326196805679.475,987803917279.6917,987803917279.6925,207593225.31355006,52.50163252044876,13390545951671.25,299.9999999999999,747.4983773153293,1,51112682.726798594,51112682.726798594,4.0512531995773315e-08,19.47532772238992,11.321421893723613,0.014359187858237582,538263984461580.44,134565996.20177764,2.5e-07,65757696606.06982,0.00012884389360919398,270
1000.0,200.0,3.111111111111111,7.601878519797524,7.0,10.0,13.666666666666668,166.66666666666666,8.0,40.0,,,,,4.0,35000.0,0.15,105.0,2.5e-06,210000.0,0.32,500.0,7.7e-06,199999.99998707365,198646.37494062204,0,1353.6250464515983,100.00000000461783,486.3781793313379,630949310075138.0,23646361667762.97,-14843.6875,1228431668369.7983,1297240165960.063,236463616688.54916,236463616666.7102,125331700.48662709,235.39060415023695,171597902695022.0,100.00000001731449,764.6094186752363,1,607726688.7935798,607726688.7935798,-0.07956947851926088,-3.751531184941996,42.05448564723732,0.04412081026113376,630945769512808.6,157736442.52607164,2.5e-07,59251611047.91296,0.00010277885981365453,271
500.0,500.0,11.555555555555555,104.87489549761482,7.0,50.0,1.0,0.7853981633974483,6.0,30.0,10.5,100.0,1.0,20.0,8.0,42500.0,0.175,105.0,2.325e-06,205000.0,0.28,450.0,7.9e-06,250000.0,249061.16336218864,0,938.8366378112422,250.00000000000014,252.096107600938,225850239027755.12,225681517320058.12,-0.5,911039503422.5355,895889433506.3298,902726069280.233,902726069280.2319,71281047.58991349,34.85501998690232,2677209104178.5312,250.00000000000003,465.14521084954185,1,40943028.74625002,40943028.74625002,2.7939677238464355e-08,12.240834941738285,11.274348785008911,0.024013522438783623,225848656938824.88,169386492.51209575,7.5e-07,50322054640.881294,0.00022826837591235062,272
1000.0,300.0,1.0,0.7853981633974483,5.0,30.0,13.666666666666668,277.77777777777777,2.0,50.0,,,,,16.0,42500.0,0.15,120.0,1.8e-06,210000.0,0.28,500.0,7.9e-06,300000.0,299440.5174409373,0,559.4825590626576,150.00000000000003,496.81320373188015,1080792416976647.5,96439478341887.5,0.0,2147895026245.391,2175450267541.458,642929855612.5835,642929855612.5833,185039647.43850577,122.51136706431461,86395050738877.25,150.0,877.4886332991323,1,260701676.36714345,260701676.36714345,1.4901161193847656e-08,12.751844669430284,10.887032012147833,0.011543062745282398,1080789838434757.2,324236951.3667059,3e-07,112925055373.71783,0.00010663545694545687,273
300.0,800.0,7.333333333333334,42.23696789826278,1.0,10.0,7.333333333333334,42.23696789826278,6.0,10.0,20.0,100.0,3.0,40.0,4.0,35000.0,0.175,105.0,2.325e-06,210000.0,0.29,600.0,7.850000000000001e-06,240000.0,239104.34119241327,0,895.6588075867012,400.0000000000002,149.4111637448808,64284986967492.09,463491357236757.0,-0.5625,426890787963.7509,430255580347.78815,1158728393091.893,1158728393091.8918,41568758.77254407,43.236052624760916,5733581608959.578,399.9999999999999,256.76394584320445,1,95675255.80363266,95675255.80363266,2.7194619178771973e-07,-32.59534400665143,8.786236782543766,0.030685343827277414,64283775655864.555,12856755.116057344,2e-07,23037897958.082523,0.00036653655179486446,274
1000.0,900.0,20.0,100.0,2.0,40.0,5.222222222222222,21.419068431419294,4.0,50.0,20.0,150.0,5.0,20.0,24.0,42500.0,0.15,105.0,1.8e-06,200000.0,0.32,500.0,7.850000000000001e-06,900000.0,898214.3237327752,0,1785.6762672246296,450.0000000000005,500.21920821314745,3207150965272350.0,2630478545417091.0,-9.0,6417115299301.342,6411491027561.175,5845507878704.653,5845507878704.64,510127455.4262978,84.89019987535299,85380946386018.0,449.9999999999998,915.1098002921068,1,414362793.9580767,414362793.9580767,-8.530914783477783e-07,34.12169068506046,13.237108885153596,0.013972201955287441,3207147036854114.0,0.0,0.0,353741548224.0873,0.0001111002209105184,275
200.0,500.0,1.0,0.7853981633974483,7.0,10.0,13.666666666666668,188.88888888888889,3.0,50.0,5.75,25.967226777328133,5.0,10.0,24.0,35000.0,0.225,60.0,1.975e-06,210000.0,0.28,400.0,7.9e-06,100000.0,99168.16326883338,0,831.8367311666004,250.0000000000004,99.1381787844814,11926856357557.11,79092182682120.34,-0.171875,118249464602.39053,120305380871.33067,316368730728.4819,316368730728.4809,8786311.032534592,40.308949113061736,1769748308823.3828,250.00000000000023,159.69105141445576,1,38164882.23970074,38164882.23970074,-3.119930624961853e-08,10.710610974283554,15.397330148842665,0.10754828970723797,11924954845616.678,3577486.4599686745,3e-07,6508050970.585059,0.0005592205206655896,276
400.0,500.0,15.77777777777778,277.77777777777777,9.0,50.0,15.77777777777778,122.22222222222224,2.0,30.0,,,,,16.0,27500.0,0.15,105.0,2.5e-06,200000.0,0.28,600.0,7.8e-06,200000.0,197255.55554753117,0,2744.4444524688247,249.99999999999991,209.1153411619482,82664427307359.6,123122070651453.31,0.1875,433059564925.502,395305417804.5244,492488282605.8131,492488282605.8134,48608101.84512061,51.62344346359156,5374708431895.031,250.00000000000003,348.3765554022533,1,98415646.11542457,98415646.11542457,-4.284083843231201e-08,-54.86103898964939,33.35493714557432,0.0921124376705159,82652899925309.17,20663224.790753268,2.5e-07,22478946744.32643,0.00030995101210882164,277
100.0,800.0,1.0,0.7853981633974483,4.0,50.0,11.555555555555555,104.87489549761482,3.0,50.0,20.0,100.0,10.0,50.0,32.0,35000.0,0.2,105.0,2.15e-06,210000.0,0.28,500.0,7.9e-06,79999.99998592965,79485.62505759642,0,514.3749283332365,399.9999999999997,50.123281252209075,2336129964634.3506,157665868945356.38,0.0859375,46838084446.72034,46607682224.143906,394164672363.3907,394164672363.39124,4502959.607767905,15.38082898994753,137251342702.0747,400.0000000000003,84.6191733095989,1,11351880.725971725,11351880.725971725,-9.685754776000977e-08,30.09452938132017,4.289996933189415,0.08495043432058247,,,,,,278
500.0,100.0,17.88888888888889,233.3333333333333,4.0,20.0,1.0,0.7853981633974483,9.0,50.0,,,,,4.0,27500.0,0.25,75.0,2.15e-06,205000.0,0.31,400.0,7.850000000000001e-06,49999.999998108615,49150.544092454,0,849.4559056546414,49.9999999925918,271.74816876251884,35291304036120.72,1188068907284.8252,-2251.1640625,154615644679.76782,129867679318.05952,23761378142.175926,23761378149.217083,13496245.130396461,25.040808408574286,92927588614.92188,49.999999952460456,474.9591917498546,1,2642492.173830272,2642492.173830272,0.008208868970541516,15.52922638892727,23.424068597204688,0.052111387313024886,35288364514336.82,8822091.178358538,2.5e-07,6218519967.130092,0.000223474245803592,279
400.0,1000.0,5.222222222222222,21.419068431419294,1.0,10.0,3.111111111111111,7.601878519797524,7.0,20.0,10.5,86.59014751456867,7.0,20.0,8.0,50000.0,0.25,75.0,2.5e-06,210000.0,0.32,450.0,7.850000000000001e-06,400000.0,398713.105762606,0,1286.8942373936145,500.0000000000005,199.99952179825652,268685760832166.88,1711250821087714.0,3.0,1343425592018.5327,1343432016318.4966,3422501642175.4316,3422501642175.4243,76787452.78968513,41.423700654139566,10633628826651.625,500.0000000000001,358.5761459542128,1,113032749.03429395,113032749.03429395,7.82310962677002e-07,-27.794600184475712,10.682511553857026,0.028227423382358167,268683992224508.06,0.0,0.0,71036081351.9295,0.00026683277481075543,280
1000.0,500.0,17.88888888888889,144.44444444444446,1.0,50.0,9.444444444444445,100.0,2.0,20.0,,,,,20.0,35000.0,0.15,120.0,2.15e-06,190000.0,0.29,450.0,7.850000000000001e-06,500000.0,499655.55555897375,0,344.44444102628614,249.99999999999986,499.7231948938343,1469690360876442.5,366157089765570.1,2.0,2937754350942.8823,2941008894311.333,1464628359062.2798,1464628359062.2812,303761589.3533843,62.86908259817741,33085045266773.25,249.99999999999994,937.1309154952759,1,91346070.97967628,91346070.97967628,-7.450580596923828e-09,-21.502421826480713,3.6187272773499464,0.0037104580462956793,1469689743069836.0,367422435.7504528,2.5e-07,153204833795.1101,0.00010519075780128602,281
400.0,500.0,9.444444444444445,70.05557692032795,3.0,20.0,1.0,0.7853981633974483,8.0,10.0,5.75,25.967226777328133,1.0,10.0,4.0,27500.0,0.175,75.0,2.15e-06,210000.0,0.3,400.0,7.9e-06,200000.0,199731.6156267413,0,268.38437325862435,250.0000000000002,201.1602418722622,74546119229641.12,116560146959374.88,-0.34375,374905501452.8408,370580779461.27295,466240587837.4999,466240587837.49915,38511884.300124116,19.9597462081111,599899791279.3984,250.00000000000017,380.0402341625274,1,7170658.119762424,7170658.119762424,-1.862645149230957e-09,12.948071551005341,4.011197058568605,0.01029832364202466,74545850500173.66,14909170.10647292,2e-07,19329650794.211437,0.00026403929355579446,282
400.0,800.0,17.88888888888889,277.77777777777777,3.0,50.0,1.0,0.7853981633974483,6.0,20.0,,,,,12.0,20000.0,0.175,120.0,1.8e-06,200000.0,0.29,400.0,7.9e-06,320000.0,319161.9542684831,0,838.0457315169177,400.0,203.20661932987147,88281121130002.72,353025547611172.9,0.1875,448598021078.67847,434440184188.5539,882563869027.9321,882563869027.9321,78524387.29303415,26.705818349339108,395791801815.4531,400.0,373.2941834928332,1,19627000.384761237,19627000.384761237,6.51925802230835e-09,-34.39052676561619,4.891561264901941,0.012889489499082847,88277436718709.06,17655487.364747904,2e-07,23747341393.724113,0.0002788302422429957,283
700.0,400.0,7.333333333333334,42.23696789826278,10.0,10.0,20.0,233.3333333333333,2.0,20.0,,,,,16.0,50000.0,0.25,75.0,2.5e-06,195000.0,0.29,550.0,7.75e-06,280000.0,279110.96364549326,0,889.0363545066554,200.0000000000001,349.92532548600855,585525000106826.8,189490000485238.0,-0.125,1672571718933.1416,1673285576840.132,947450002426.1906,947450002426.1895,95641115.94375709,71.37291412935573,35239956451657.125,199.99999999999977,628.6270858773763,1,170630555.66149634,170630555.66149634,-1.862645149230957e-08,-18.685934216016904,12.868236650655536,0.019206323359187368,585523033573041.2,146380758.39484292,2.5e-07,84438566518.42975,0.0001486683735031819,284
500.0,200.0,13.666666666666668,122.22222222222224,1.0,10.0,7.333333333333334,42.23696789826278,7.0,10.0,10.5,86.59014751456867,1.0,50.0,4.0,35000.0,0.225,60.0,1.8e-06,195000.0,0.28,550.0,7.7e-06,100000.0,99408.93867257405,0,591.0613274259287,100.00000000000001,248.14608876248627,76610257162756.62,11767825119717.102,0.015625,304185298478.4836,308730464158.4915,117678251197.17104,117678251197.171,22547635.55602279,87.99160042479119,11741275227321.719,100.00000000000001,412.00848913925046,1,99784616.43442729,99784616.43442729,-1.3969838619232178e-09,-5.153215477563208,27.544913964895766,0.05663793138772262,76609598945929.36,0.0,0.0,15291698689.838675,0.00021132305062618908,285
1000.0,100.0,3.111111111111111,7.601878519797524,8.0,30.0,11.555555555555555,166.66666666666666,4.0,30.0,5.75,25.967226777328133,7.0,20.0,8.0,35000.0,0.25,60.0,1.8e-06,190000.0,0.3,600.0,7.8e-06,100000.0,98908.97710076577,0,1091.0228992342566,50.000000000000014,488.16198575183586,318554812598283.25,2996568553315.3535,0.171875,622374274146.4926,652559645970.1086,59931371066.30709,59931371066.30705,47658649.806414224,246.5884787005896,91263551959222.38,49.99999999999999,753.4115217348842,1,455839353.9838181,455839353.9838181,1.2878444977104664e-09,-0.0009315456477452244,132.08366983630037,0.13698467720680718,318552982472558.2,31855298.247255817,1e-07,30836464713.403847,0.0001071603598851985,286
900.0,600.0,17.88888888888889,188.88888888888889,5.0,20.0,5.222222222222222,21.419068431419294,9.0,30.0,,,,,12.0,20000.0,0.175,120.0,2.5e-06,195000.0,0.29,500.0,7.75e-06,540000.0,538862.7839415108,0,1137.2160584892501,300.0000000000001,455.0468617102133,763901215908355.0,331079091086912.4,-0.25,1716812738627.872,1678730874084.8516,1103596970289.7083,1103596970289.7075,303427993.3464905,63.8246933809072,25516357885593.625,299.99999999999994,836.1754355628974,1,94473844.5627623,94473844.5627623,-1.2153759598731995e-07,2.739923372935664,11.064154293758136,0.012755702124007881,763898384127064.4,152779676.65888122,2e-07,86269302669.06155,0.00011866609952070857,287
900.0,1000.0,20.0,166.66666666666666,10.0,10.0,7.333333333333334,42.23696789826278,7.0,10.0,1.0,0.7853981633974483,3.0,20.0,12.0,42500.0,0.2,60.0,1.8e-06,195000.0,0.31,600.0,7.9e-06,900000.0,898032.962209228,0,1967.0377907727593,499.9999999999997,452.3246710935153,2637272242705726.0,3215089548910806.0,1.0,5891037706160.1,5830485072437.0205,6430179097821.608,6430179097821.615,350675417.568642,44.77270247301675,42444596499611.25,499.99999999999966,855.227241283431,1,163189363.11813858,163189363.11813858,8.715142030268908e-07,65.77010843355811,13.989959918088687,0.015784084151396965,2637267739318544.0,791180321.437099,3e-07,294905840462.5808,0.00011471393656909773,288
900.0,400.0,17.88888888888889,122.22222222222224,7.0,30.0,11.555555555555555,122.22222222222224,6.0,10.0,,,,,12.0,27500.0,0.175,60.0,1.975e-06,190000.0,0.3,500.0,7.9e-06,360000.0,358411.11111297976,0,1588.8888870202013,199.99999999999991,450.5319179573705,714209445977872.8,135492598650607.12,-0.375,1589010375847.1865,1585258263645.2664,677462993253.0353,677462993253.0359,147352292.50885928,129.69496113986062,88470838124920.75,199.99999999999997,770.3052447750096,1,323086732.17534524,323086732.17534524,-6.332993507385254e-08,19.717321648342477,29.951960606156486,0.03387379309461422,714206509819699.8,0.0,0.0,76394145586.75905,0.0001151587379374909,289
800.0,800.0,9.444444444444445,70.05557692032795,5.0,30.0,1.0,0.7853981633974483,4.0,30.0,,,,,4.0,42500.0,0.15,120.0,2.325e-06,205000.0,0.28,600.0,7.75e-06,640000.0,639646.580508123,0,353.41949187703267,400.0000000000001,400.7558686068104,1458315841485816.5,1454503069603729.0,-2.5,3652691991731.7856,3638913252987.4424,3636257674009.3237,3636257674009.3213,309519015.64408916,11.298948940348055,426376175174.8125,399.99999999999994,788.7012054352385,1,8469575.498434052,8469575.498434052,-3.2654497772455215e-08,34.3946657777596,3.0951130142955288,0.004022239134886977,1458315440926745.5,437494632.31922954,3e-07,196182567293.3291,0.00013536987929717518,290
200.0,900.0,3.111111111111111,7.601878519797524,4.0,50.0,1.0,0.7853981633974483,10.0,50.0,15.25,200.0,5.0,20.0,32.0,20000.0,0.175,60.0,2.5e-06,190000.0,0.31,550.0,7.850000000000001e-06,180000.0,177961.73853145092,0,2038.2614685490662,449.99999999999903,100.00123830983614,12202115547173.54,304289140863709.25,0.375,122022666490.41685,122019644490.47565,676198090808.2413,676198090808.2443,15595141.683718137,47.5160350060014,1935763338807.336,449.9999999999999,152.4839455990824,1,97494356.92923978,97494356.92923978,3.501772880554199e-07,-20.370158480422106,29.000012591538802,0.19398001733470766,,,,,,291
500.0,700.0,1.0,0.7853981633974483,7.0,30.0,7.333333333333334,42.23696789826278,2.0,10.0,,,,,16.0,42500.0,0.225,120.0,2.15e-06,190000.0,0.31,450.0,7.9e-06,350000.0,349910.0282801344,0,89.97171986560201,349.99999999999955,249.81416961608252,310630360242381.1,608842131888586.2,2.25,1241598534040.516,1243445720952.345,1739548948253.1013,1739548948253.1057,105765119.63841331,22.386732749308816,3566098069705.25,349.9999999999999,477.6132696354961,1,18542921.965721264,18542921.965721264,2.7939677238464355e-09,-30.027851519502292,0.6747656622220007,0.0013874550970963888,310630306258771.94,77657576.55500953,2.5e-07,65516278057.80837,0.00021152771694461138,292
600.0,600.0,1.0,0.7853981633974483,2.0,10.0,9.444444444444445,122.22222222222224,7.0,20.0,20.0,100.0,10.0,30.0,12.0,20000.0,0.225,105.0,1.975e-06,205000.0,0.3,400.0,7.8e-06,360000.0,357142.8736566209,0,2857.1263433785907,299.99999999999966,294.7137536860859,235872371535134.5,245987976825024.0,1.75,772626917796.3427,800343956076.0159,819959922750.0791,819959922750.0809,135317904.3767804,149.42414108477172,62482146325725.31,300.00000000000006,450.575858918847,1,418284640.76128036,418284640.76128036,-9.313225746154785e-09,22.812918270545197,25.39154937027325,0.044137893644325195,235867403391163.25,47173480.55566731,2e-07,37171084837.56719,0.00017291571390148865,293
700.0,400.0,1.0,0.7853981633974483,9.0,40.0,5.222222222222222,21.419068431419294,4.0,30.0,1.0,0.7853981633974483,5.0,30.0,32.0,20000.0,0.2,75.0,2.15e-06,210000.0,0.32,600.0,7.75e-06,280000.0,279899.4011564234,0,100.59884357685509,199.9999999999999,349.15345530582164,230463745767844.62,74979038024915.97,0.75,656879052261.2456,660064342098.4697,374895190124.57965,374895190124.5801,94319360.58427364,53.66496161125374,7373947594270.75,200.0000000000004,646.3350366244161,1,36075351.26993459,36075351.26993459,-5.762558430433273e-09,10.746613886622868,2.8192647363163523,0.004224320756799554,230463714857461.75,23046371.485746175,1e-07,36007404104.427216,0.00015751771496445713,294
1000.0,900.0,11.555555555555555,104.87489549761482,4.0,40.0,17.88888888888889,255.55555555555557,5.0,20.0,,,,,4.0,27500.0,0.2,90.0,2.325e-06,210000.0,0.31,450.0,7.850000000000001e-06,900000.0,898302.722615742,0,1697.2773842579982,449.9999999999997,497.0042445820051,2129820156563411.0,1698251245715017.0,8.0,4234270634736.286,4285315829354.0356,3773891657144.48,3773891657144.4844,487848906.50155914,132.80736950249144,208458112000663.5,450.00000000000006,867.1928169109984,1,562522773.1100016,562522773.1100016,8.195638656616211e-08,28.819521901459666,13.210897641353792,0.013604677471088672,2129813963649129.0,638944189.2448851,3e-07,218055592294.26794,0.00010607466532461193,295
400.0,1000.0,15.77777777777778,188.88888888888889,4.0,40.0,9.444444444444445,100.0,5.0,30.0,10.5,150.0,5.0,40.0,20.0,35000.0,0.15,60.0,1.975e-06,210000.0,0.31,550.0,7.850000000000001e-06,400000.0,397244.444435302,0,2755.55556469813,500.00000000000085,200.27085195161996,193601405655185.88,1245040145543294.0,-2.75,969319738991.1769,966697868254.7112,2490080291086.5923,2490080291086.584,70601232.32607736,64.97451553801274,20794075757190.625,499.99999999999955,335.02548899894384,1,263875307.4531654,263875307.4531654,5.21540641784668e-07,-33.882134785540984,31.478367821236922,0.08617652030787984,193594425129103.78,87117491.28652269,4.5e-07,56230629347.323204,0.00030261733802701554,296
800.0,600.0,9.444444444444445,70.05557692032795,3.0,50.0,17.88888888888889,300.0,3.0,10.0,20.0,200.0,3.0,50.0,12.0,35000.0,0.225,60.0,2.325e-06,210000.0,0.29,450.0,7.850000000000001e-06,480000.0,477689.8332521884,0,2310.166747811514,299.9999999999999,397.0313266430149,927793257755214.0,523679743313568.0,0.75,2302395493987.4272,2336826329549.1196,1745599144378.5593,1745599144378.5605,170666372.62380037,134.72106670650479,122060375731361.5,300.0000000000002,665.278727854699,1,527656470.228157,527656470.228157,7.450580596923828e-08,-6.065704965003533,38.876088001197765,0.0497737807542051,927784488451244.9,278335346.6375216,3e-07,116866399987.73047,0.0001310812739480192,297
700.0,1000.0,11.555555555555555,104.87489549761482,9.0,40.0,7.333333333333334,42.23696789826278,6.0,20.0,,,,,20.0,35000.0,0.25,105.0,1.975e-06,190000.0,0.32,550.0,7.850000000000001e-06,700000.0,698802.7041356704,0,1197.2958643297893,500.0000000000003,351.2837194281329,1018100721469004.5,2058404000082109.0,-7.5,2919567505708.078,2898229166801.144,4116808000164.22,4116808000164.216,280009823.4749775,42.20861059064929,20243096092050.625,500.00000000000034,657.7914937566283,1,115468546.86701621,115468546.86701621,6.146728992462158e-08,29.095548617609893,8.78677833840442,0.01299178659912676,1018099062632841.8,661764390.8856395,6.5e-07,152960929079.89404,0.00015330743621686375,298
600.0,800.0,13.666666666666668,146.6949236301234,5.0,20.0,13.666666666666668,211.11111111111111,4.0,10.0,10.5,86.59014751456867,1.0,10.0,4.0,50000.0,0.225,105.0,2.325e-06,210000.0,0.32,600.0,7.850000000000001e-06,480000.0,478248.90059687226,0,1751.0994031277341,400.0000000000004,299.7388908367084,739593578709870.2,1303740806765781.0,-3.5,2463168076514.55,2467459516665.7427,3259352016914.4556,3259352016914.449,166873978.8161974,68.86817050721417,53499999213461.125,399.99999999999994,531.1317184805796,1,329440302.998497,329440302.998497,-9.685754776000977e-08,-0.02875331472750986,15.672114038156957,0.02687415953956609,739588550821655.1,480732558.0689444,6.5e-07,126289739744.87582,0.00017653743394321927,299
700.0,900.0,7.333333333333334,42.23696789826278,3.0,40.0,9.444444444444445,70.05557692032795,7.0,50.0,,,,,20.0,27500.0,0.175,90.0,1.975e-06,195000.0,0.3,500.0,7.9e-06,630000.0,629382.9000635314,0,617.0999364686245,449.99999999999926,348.98140051077775,716573332101084.8,1177478166500402.5,3.5,2041411290295.7058,2053328146005.175,2616618147778.668,2616618147778.677,233754974.10385638,66.57721039069334,34470922746373.75,450.00000000000017,633.4227957573323,1,160257844.5982476,160257844.5982476,-1.862645149230957e-09,15.958855689626944,5.337016442637804,0.008270882133750332,716572716130754.6,465772265.35184705,6.5e-07,115354186846.62433,0.00016327635020305252,300
1000.0,400.0,1.0,0.7853981633974483,1.0,20.0,9.444444444444445,122.22222222222224,10.0,30.0,1.0,0.7853981633974483,5.0,10.0,20.0,20000.0,0.175,105.0,2.5e-06,190000.0,0.3,600.0,7.75e-06,400000.0,398769.1384247772,0,1230.861575222355,199.99999999999977,488.23267587124053,710609371126020.2,109622494064637.06,2.25,1388539943099.6743,1455472782230.2212,548112470323.1847,548112470323.1859,246083606.02167067,209.68089298054534,157366137327513.5,200.00000000000014,790.3188807353486,1,702100110.5195297,702100110.5195297,-1.6167177818715572e-08,-15.329089393184404,24.618150143055907,0.02550369510895823,710607111432746.2,177651778.00308803,2.5e-07,69383985935.57124,0.00010439394064527637,301
200.0,100.0,3.111111111111111,7.601878519797524,1.0,50.0,7.333333333333334,42.23696789826278,1.0,20.0,5.75,25.967226777328133,3.0,50.0,24.0,35000.0,0.175,75.0,1.975e-06,210000.0,0.31,450.0,7.75e-06,20000.012417687307,19794.37021622608,0,205.64220146122503,50.00000000000003,98.8043579837875,2401543800950.535,583640690115.1936,-0.0009765625,23731691929.636505,24306051372.193493,11672813802.303879,11672813802.303865,1984682.035663723,44.43606698754538,436154284141.85254,50.0,155.56393305802848,1,10805049.478321614,10805049.478321614,-1.5279510989785194e-10,2.4580224487108353,17.286643228348627,0.0980338935676751,2401445421638.3564,720433.6229716233,3e-07,1519355777.9142916,0.000653583464241508,302
900.0,1000.0,17.88888888888889,188.88888888888889,5.0,30.0,5.222222222222222,21.419068431419294,7.0,50.0,,,,,20.0,50000.0,0.25,120.0,2.15e-06,210000.0,0.32,600.0,7.75e-06,900000.0,898905.6220740452,0,1094.3779259548025,499.9999999999996,451.16395884036575,3066762199793258.0,3768197384172738.0,-2.0,6832700404071.439,6797445007965.193,7536394768345.47,7536394768345.482,491451043.2827714,32.785273033010114,21491362138380.75,500.00000000000034,867.2147273214199,1,96073968.16851977,96073968.16851977,1.341104507446289e-07,32.238027114732176,7.666449369452777,0.009047144078908786,3066759165444062.5,613351832.931066,2e-07,368379831646.8471,0.00012155575006296729,303
800.0,900.0,5.222222222222222,21.419068431419294,7.0,40.0,9.444444444444445,70.05557692032795,8.0,40.0,10.5,100.0,3.0,20.0,20.0,20000.0,0.225,60.0,2.325e-06,210000.0,0.28,600.0,7.9e-06,720000.0,718689.6218927426,0,1310.378107257674,449.99999999999966,398.1206757653509,787441749263307.5,1003135083435386.5,4.0,1959398510393.474,1977897148269.2332,2229189074300.8574,2229189074300.8604,252791969.6200101,110.67845214335472,70307644349713.25,450.0000000000004,689.3215282378934,1,394298903.16158545,394298903.16158545,2.7567148208618164e-07,19.611649396494613,20.398609959470065,0.027008089689062525,787440037072894.6,196860009.1718683,2.5e-07,107377850399.03944,0.00013993572829397395,304
400.0,600.0,20.0,122.22222222222224,4.0,20.0,15.77777777777778,300.0,2.0,20.0,,,,,16.0,50000.0,0.25,60.0,1.975e-06,205000.0,0.28,400.0,7.8e-06,240000.0,238911.11107470532,0,1088.8889252946567,299.9999999999999,199.7432684188483,164947000801363.06,369958091755539.0,1.875,823677683636.4186,825795042341.4531,1233193639185.1296,1233193639185.1304,42217433.89207208,50.35449567824285,14045704743104.656,300.0000000000001,349.6454950544229,1,91888708.29615644,91888708.29615644,1.4901161193847656e-08,3.8706261365732644,16.950424156132325,0.045552050597415045,164943089648916.03,49482926.88217834,3e-07,46073335107.452614,0.0002903892830060271,305
500.0,900.0,9.444444444444445,70.05557692032795,6.0,20.0,5.222222222222222,21.419068431419294,1.0,40.0,5.75,25.967226777328133,1.0,50.0,24.0,50000.0,0.2,105.0,2.15e-06,205000.0,0.32,600.0,7.7e-06,450000.0,449506.3130099923,0,493.6869900077468,450.00000000000017,250.62280217893962,472191517441425.5,1524770389156935.0,-1.5,1893483131445.9016,1884072452052.0295,3388378642570.968,3388378642570.9653,127419584.5274743,15.159595729977138,1462646726219.0625,450.0,484.84040441680366,1,19053041.47160716,19053041.47160716,3.818422555923462e-08,30.03025935095502,4.391883621742347,0.009602077638619134,472191007441178.2,165266852.63956395,3.5e-07,103781893367.03442,0.0002218010327073761,306
300.0,1000.0,7.333333333333334,42.23696789826278,7.0,30.0,17.88888888888889,188.88888888888889,9.0,10.0,,,,,32.0,20000.0,0.15,105.0,2.15e-06,205000.0,0.32,550.0,7.9e-06,300000.0,298004.34123246925,0,1995.6587675306566,499.9999999999989,144.52773978394194,50956131828817.14,535616402663016.5,2.5,327750633830.13776,352569907375.51636,1071232805326.0306,1071232805326.0353,59610646.96019156,81.74870133548094,17617513347784.03,499.9999999999997,218.25129868324026,1,261113475.52586305,261113475.52586305,-5.960464477539063e-08,37.82802813789749,14.645704428455797,0.05210964215544439,50950690052159.87,33117948.27249957,6.5e-07,17018225393.574102,0.0003806701052300506,307
100.0,700.0,11.555555555555555,104.87489549761482,8.0,10.0,7.333333333333334,42.23696789826278,10.0,20.0,,,,,16.0,42500.0,0.175,90.0,1.975e-06,195000.0,0.32,450.0,7.7e-06,70000.0,68738.63113734568,0,1261.3688626542817,349.9999999999996,50.84691299484071,2672691717469.758,130400286944648.06,0.1953125,54374849685.21351,52563500123.2218,372572248413.2798,372572248413.2806,3871957.137838187,17.619134366740184,339990025249.9053,350.00000000000006,82.38084244979653,1,16663987.059729721,16663987.059729721,-3.818422555923462e-08,-0.014843552762613399,10.198231257194557,0.1336012828443466,2671049522647.7373,934867.3208555635,3.5e-07,3538352351.4298477,0.0014520564659671615,308
900.0,300.0,13.666666666666668,255.55555555555557,5.0,10.0,7.333333333333334,42.23696789826278,2.0,50.0,15.25,150.0,10.0,30.0,12.0,27500.0,0.175,120.0,1.8e-06,190000.0,0.3,550.0,7.7e-06,270000.0,265637.7483432966,0,4362.251656703221,149.99999999999972,461.4926774879384,564275339733372.0,63369163273596.22,1.625,1286809388953.4788,1222717861537.727,422461088490.6407,422461088490.6423,160730437.01488596,174.3693815552352,91386208092127.75,150.0,725.6305935338062,1,713359054.0781589,713359054.0781589,8.568167686462402e-08,-19.162003548786743,50.842838182014155,0.06007424756297851,564263545606855.5,366771303.94335663,6.5e-07,57055712461.086494,0.00011507602563855502,309
200.0,300.0,7.333333333333334,42.23696789826278,2.0,50.0,3.111111111111111,7.601878519797524,8.0,50.0,,,,,8.0,35000.0,0.225,60.0,1.8e-06,195000.0,0.31,600.0,7.850000000000001e-06,60000.0,59854.71104262308,0,145.28895737691585,150.00000000000023,100.07293044780397,7051891414087.504,15915894114446.844,-0.09375,70570381436.07333,70467521861.625,106105960762.97913,106105960762.97879,5146482.728236094,19.906529772715313,242379387826.7119,150.0,180.0934020958535,1,7874053.130866172,7874053.130866172,1.3969838619232178e-09,6.423553850340795,6.785455418771284,0.045710403337556854,,,,,,310
600.0,1000.0,11.555555555555555,104.87489549761482,3.0,30.0,20.0,100.0,8.0,40.0,1.0,0.7853981633974483,1.0,10.0,16.0,35000.0,0.2,120.0,1.8e-06,210000.0,0.29,550.0,7.850000000000001e-06,600000.0,598883.8044761482,0,1116.1955238517146,499.99999999999955,299.0351579357659,642575734147613.5,1772497989169532.0,-0.5,2135052485666.9812,2148830052570.7473,3544995978339.0605,3544995978339.0674,221941536.21288195,67.36583234949362,42773411672545.25,500.00000000000034,532.6341676698464,1,246498705.2596402,246498705.2596402,-5.980837158858776e-08,42.838201556328954,7.167829186988431,0.013032416703615329,642573845611948.0,64257384.5611948,1e-07,118954291669.15883,0.00018932634346454502,311
100.0,900.0,9.444444444444445,70.05557692032795,2.0,50.0,3.111111111111111,7.601878519797524,7.0,20.0,,,,,28.0,42500.0,0.25,90.0,2.15e-06,195000.0,0.32,600.0,7.850000000000001e-06,90000.0,89806.67569563517,0,193.32430436481002,450.00000000000006,49.91393750727564,3194637687845.4316,262188149942361.25,-0.03125,63782967333.6668,64002918771.53088,582640333205.2473,582640333205.2472,4714612.946226252,10.04663938523023,116163626957.68262,449.9999999999999,89.95344395792159,1,6999926.659192441,6999926.659192441,-2.2351741790771484e-08,-28.967558886293773,2.0057641014668515,0.025569230737329203,3194479093232.91,2076411.4124258857,6.5e-07,5599457164.409121,0.0017573844377274481,312
600.0,100.0,11.555555555555555,100.0,4.0,30.0,5.222222222222222,21.419068431419294,5.0,40.0,20.0,200.0,5.0,40.0,24.0,42500.0,0.225,120.0,2.325e-06,210000.0,0.28,500.0,7.8e-06,61000.00001021954,58714.17854150139,0,2285.821468718129,49.999999999973035,301.9965280037128,85492462329340.66,2132360836316.3594,-2.5234375,286884114995.834,283090878211.3204,42647216726.304184,42647216726.35019,24079169.760327064,165.9519378603259,23478362631328.28,49.99999999993132,434.04793352196066,1,265600359.47816312,265600359.47816312,-0.00014506586049460872,-6.687777036211628,98.89300249535216,0.1774219121950434,85485532933240.77,149599682.72843835,1.75e-06,14322738445.91771,0.00018902205355971692,313
800.0,900.0,17.88888888888889,255.55555555555557,9.0,50.0,3.111111111111111,7.601878519797524,8.0,40.0,,,,,32.0,27500.0,0.225,90.0,2.15e-06,210000.0,0.29,500.0,7.7e-06,720000.0,717639.184980742,0,2360.815019257968,450.00000000000057,406.8795822016049,1105301892149531.5,1364047920772587.5,-9.5,2811611511657.3926,2716533196796.9463,3031217601716.8647,3031217601716.8574,309255560.6881239,38.99926641762055,7301693796817.625,449.9999999999997,761.0007337162101,1,80135331.70806022,80135331.70806022,2.360902726650238e-07,29.46507501707447,20.41707010972019,0.026919664664325077,1105292063303031.4,221058412.24306697,2e-07,146916378205.65952,0.00013974767553778304,314
400.0,800.0,7.333333333333334,42.23696789826278,1.0,10.0,17.88888888888889,144.44444444444446,4.0,20.0,10.5,150.0,3.0,30.0,24.0,27500.0,0.15,75.0,2.325e-06,210000.0,0.29,400.0,7.7e-06,320000.0,318479.98525360157,0,1520.0147463986066,400.0000000000008,198.30944294745748,121547239548747.44,498825358984496.25,-3.375,602642192698.6056,612917053984.9261,1247063397461.2432,1247063397461.238,63696208.699639715,72.81634953201653,17360988544493.156,400.0000000000002,327.183677472679,1,151373402.41787294,151373402.41787294,-3.688037395477295e-07,0.006427171283576172,13.811685030384151,0.03722268760000208,121543558892830.86,36463067.69854103,3e-07,31415946765.569183,0.0002686592592666394,315
1000.0,800.0,20.0,211.11111111111111,5.0,20.0,7.333333333333334,42.23696789826278,9.0,10.0,,,,,4.0,20000.0,0.25,75.0,1.975e-06,200000.0,0.32,550.0,7.75e-06,800000.0,798564.3117620881,0,1435.6882379116266,399.9999999999998,503.4457936036611,1391298317581311.5,870597445660080.0,5.0,2801906216198.292,2763551379826.6323,2176493614150.1987,2176493614150.2012,394895440.4329114,85.16914098132473,65617572139211.75,399.99999999999994,914.8308540045982,1,216058446.04971793,216058446.04971793,-3.725290298461914e-07,-33.67264324403004,16.683993605522843,0.01691516756220633,1391294516007400.0,278258903.0334108,2e-07,136836169166.44565,0.00010284473902927238,316
800.0,400.0,13.666666666666668,211.11111111111111,2.0,10.0,7.333333333333334,42.23696789826278,2.0,50.0,15.25,300.0,3.0,20.0,12.0,50000.0,0.25,75.0,1.8e-06,210000.0,0.29,450.0,7.850000000000001e-06,320000.0,317693.3038547414,0,2306.696145258459,200.00000000000003,401.6193988241404,871321649428433.0,224344794021928.5,-1.5,2187158829663.4958,2169520824889.1487,1121723970109.6426,1121723970109.6423,124004769.79396266,104.89058228139459,52847291962745.5,200.00000000000003,695.1095541638958,1,324295415.04162943,324295415.04162943,4.470348358154297e-08,13.005085261596832,34.4383721934168,0.046143419648421884,871311076411441.0,261393322.8174002,3e-07,110714898154.92667,0.00013038339750784752,317
300.0,400.0,5.222222222222222,21.419068431419294,2.0,20.0,11.555555555555555,104.87489549761482,8.0,10.0,15.25,150.0,5.0,30.0,28.0,27500.0,0.225,60.0,2.5e-06,190000.0,0.29,500.0,7.75e-06,120000.0,117618.16264605356,0,2381.837353946429,199.99999999999972,145.0514519961828,28162578426392.906,52201533578522.03,0.15625,181754387435.10596,194155784301.5183,261007667892.60977,261007667892.61053,18047090.860070877,92.90648887603207,10935421210163.64,200.0,207.09350649930093,1,197693277.4120843,197693277.4120843,1.210719347000122e-08,-8.4414383488147,59.53999118135987,0.20948394084911337,28157832415192.723,0.0,0.0,9059970950.45949,0.0003709882980893408,318
1000.0,900.0,1.0,0.7853981633974483,5.0,30.0,15.77777777777778,300.0,6.0,50.0,,,,,20.0,50000.0,0.175,75.0,2.325e-06,210000.0,0.29,500.0,7.850000000000001e-06,900000.0,898196.0729774751,0,1803.9270225249152,449.9999999999996,497.19503524425767,3806082177249876.0,3058226312743904.0,-10.0,7569698877374.517,7655108976259.3,6796058472764.226,6796058472764.237,437548243.58380353,117.67772479286951,281380877614669.0,449.9999999999996,882.3222762487599,1,840428905.5264511,840428905.5264511,1.1175870895385742e-07,-23.614768158324296,18.711751607569003,0.019861512500056907,3806073151842479.5,380607315.1842479,1e-07,398469116310.54144,0.00010665448311673272,319
1000.0,900.0,1.0,0.7853981633974483,2.0,10.0,7.333333333333334,42.23696789826278,9.0,30.0,,,,,32.0,42500.0,0.175,75.0,2.325e-06,200000.0,0.3,600.0,7.8e-06,900000.0,899618.2965004585,0,381.70349954194415,450.00000000000006,499.2743772278469,3200559241422348.0,2586247001436849.0,0.0,6391842350114.186,6410421578597.76,5747215558748.554,5747215558748.553,431064475.0331975,60.018190815493604,65206110975401.5,449.99999999999994,939.981809191101,1,219938344.93493655,219938344.93493655,-7.450580596923828e-09,24.113839830726647,4.75395394589213,0.004919579799673942,3200558985591075.5,1760307442.2001872,5.5e-07,325425287740.9009,0.0001021738603786048,320
400.0,900.0,5.222222222222222,21.419068431419294,2.0,50.0,11.555555555555555,104.87489549761482,1.0,30.0,20.0,300.0,10.0,30.0,32.0,35000.0,0.25,120.0,2.5e-06,210000.0,0.31,500.0,7.8e-06,360000.0,353852.286960886,0,6147.713039113853,449.99999999999966,199.2141942637832,175700571637910.3,1028336254772609.5,1.5,875064703870.2412,881968136292.8483,2285191677272.464,2285191677272.4673,91093924.72683808,96.5558649185107,35177138737941.375,450.0000000000003,303.44405958404076,1,590721874.8661314,590721874.8661314,-2.8312206268310547e-07,40.546667662565596,39.710922461436056,0.10902937834648019,175670292109704.62,61484602.26526293,3.5e-07,50860423277.42263,0.00030420115482455745,321
400.0,700.0,15.77777777777778,100.0,9.0,10.0,17.88888888888889,100.0,2.0,10.0,,,,,32.0,35000.0,0.2,75.0,2.325e-06,195000.0,0.29,400.0,7.7e-06,280000.0,278899.99999451474,0,1100.0000054852956,349.9999999999999,202.0479373824022,136450904870509.94,410293063525347.75,0.75,689312872349.831,675339261752.8123,1172265895786.7075,1172265895786.7083,55144033.07451947,30.991467622228768,5048519537638.4375,350.0000000000003,369.0085786645104,1,34392228.808628775,34392228.808628775,3.6135315895080566e-07,-58.23529647797113,10.978011904405147,0.028809478673341445,136449197729425.52,13644919.77294255,1e-07,35536475966.29678,0.0002740262604546352,322
100.0,900.0,3.111111111111111,7.601878519797524,1.0,20.0,3.111111111111111,7.601878519797524,9.0,10.0,15.25,150.0,7.0,20.0,32.0,27500.0,0.15,90.0,1.975e-06,190000.0,0.3,400.0,7.9e-06,90000.00000510339,88327.260652998,0,1672.739352105411,449.9999999999995,49.38488383487776,2168589066227.2217,214204145083401.3,0.09375,42844692070.8946,43912000957.17689,476009211296.44684,476009211296.4479,4999029.827046227,27.2719225620557,546469212644.0117,449.99999999999983,72.72807532217784,1,34168285.570582926,34168285.570582926,3.7997961044311523e-07,5.713337836852588,11.572910056352319,0.1308494856301726,2165781327415.7764,541445.3259402977,2.5e-07,2663711562.0822344,0.0012974322457510875,323
200.0,1000.0,7.333333333333334,42.23696789826278,6.0,40.0,15.77777777777778,144.44444444444446,3.0,10.0,,,,,24.0,27500.0,0.25,90.0,2.15e-06,190000.0,0.32,500.0,7.9e-06,200000.0,199313.24483769826,0,686.7551623017346,500.0000000000001,99.3830410327673,18937596619781.062,473247552707657.75,0.40625,188214758368.4014,190551591327.71155,946495105415.3157,946495105415.3153,21692773.45314565,30.834286515442326,2161937125183.3867,500.0000000000001,169.16556027510745,1,44176760.42075451,44176760.42075451,-1.043081283569336e-07,32.26650913327467,5.345715581715468,0.02935414293153957,18936488433881.44,4734122.096352939,2.5e-07,11115351791.750114,0.0006083389140125083,324
700.0,900.0,11.555555555555555,100.0,2.0,50.0,5.222222222222222,21.419068431419294,6.0,40.0,,,,,20.0,20000.0,0.15,105.0,2.325e-06,200000.0,0.31,500.0,7.7e-06,630000.0,629671.4855853657,0,328.51441463441563,449.999999999999,350.2750028517673,519801521279510.25,857886762505191.0,6.5,1486315034721.9524,1483981206330.8577,1906415027789.309,1906415027789.3176,250903658.92154694,42.59536925916633,10185960686526.375,449.9999999999999,657.4046635115245,1,47653508.19221858,47653508.19221858,2.7008354663848877e-08,33.791120790376226,2.4356654637178754,0.0037050602840329053,519801159124871.1,51980115.91248711,1e-07,83645724712.91786,0.00016266742315219606,325
300.0,700.0,9.444444444444445,100.0,3.0,20.0,3.111111111111111,7.601878519797524,4.0,20.0,,,,,12.0,50000.0,0.2,60.0,2.15e-06,195000.0,0.32,550.0,7.850000000000001e-06,210000.0,209669.5924850543,0,330.4075149456843,350.00000000000006,150.46296002073694,79503540765246.38,432082953161534.25,0.0,531664534594.7163,528392773572.2408,1234522723318.6694,1234522723318.6692,27013224.642381586,11.589664022872084,450966072064.1172,350.0,288.41043075122155,1,8247021.449473752,8247021.449473752,-1.0011717677116394e-08,9.063571873921319,6.06206540465128,0.021771184609909944,79503071601248.0,15900614.325132912,2e-07,30606163491.690956,0.0003896505056936184,326
900.0,1000.0,9.444444444444445,122.22222222222224,2.0,30.0,1.0,0.7853981633974483,5.0,30.0,,,,,8.0,20000.0,0.175,105.0,2.15e-06,190000.0,0.31,450.0,7.8e-06,900000.0,899751.6285544112,0,248.37144558871964,500.00000000000017,450.9409619289759,1222268401668839.0,1509070071089418.0,2.5,2721843450516.461,2710484309166.282,3018140142178.837,3018140142178.835,458274287.920893,12.862454858901803,584362638899.625,500.0000000000002,887.1375451594383,1,5298652.867344037,5298652.867344037,2.561137080192566e-08,37.54017507308237,1.4917853140242114,0.0017156817872618878,1222267949727465.5,122226794.97274655,1e-07,144780404856.1044,0.00011920671261580504,327
400.0,600.0,15.77777777777778,300.0,10.0,40.0,1.0,0.7853981633974483,3.0,50.0,5.75,25.967226777328133,7.0,10.0,28.0,50000.0,0.225,105.0,2.5e-06,195000.0,0.32,500.0,7.7e-06,240000.0,236634.10269901567,0,3365.8973009842866,300.0000000000002,205.2999506851765,170032081688561.38,378479849368439.6,-2.25,873302715057.9976,828212968980.7002,1261599497894.7998,1261599497894.7979,56011939.611371435,35.5329335529836,2887628772708.6562,300.0,364.46691949682554,1,73527880.4859357,73527880.4859357,9.872019290924072e-08,-74.0271670495531,29.15169411429697,0.08340971134276672,170017968663567.25,93509883.06279917,5.5e-07,51130534832.19487,0.0003254183982871963,328
100.0,900.0,15.77777777777778,144.44444444444446,2.0,50.0,13.666666666666668,166.66666666666666,8.0,10.0,1.0,0.7853981633974483,1.0,40.0,20.0,20000.0,0.15,105.0,1.975e-06,190000.0,0.31,500.0,7.850000000000001e-06,90000.0,88376.20698505195,0,1623.793014948057,450.0000000000001,46.18953719263476,1725935933169.4941,145279216246454.25,0.0546875,32074355861.761124,37366382909.86614,322842702769.89844,322842702769.89825,6317709.518659977,37.54247413151088,871851207513.7041,450.0,62.45769947007031,1,59513941.37983963,59513941.37983963,-7.11588654667139e-08,28.851644972144925,12.037046529051022,0.14473402616937658,1721945134319.5842,0.0,0.0,2224259462.572247,0.0014976117774366656,329
500.0,500.0,17.88888888888889,300.0,9.0,10.0,17.88888888888889,211.11111111111111,2.0,30.0,,,,,16.0,35000.0,0.225,120.0,2.15e-06,200000.0,0.28,550.0,7.850000000000001e-06,250000.0,246877.7777580003,0,3122.2222419996706,250.0,259.5229493927492,208350270804882.12,195316636127676.75,0.0,866403967774.7112,802820217989.9518,781266544510.707,781266544510.707,82919145.82555586,49.28582817123338,15438466335784.938,249.99999999999997,450.71415941326984,1,110328811.15628454,110328811.15628454,3.166496753692627e-07,81.51112517612637,15.345686337799465,0.03328381179505391,208335961496278.44,52083990.065258674,2.5e-07,38353864743.13925,0.00021501007756010698,330
300.0,200.0,5.222222222222222,21.419068431419294,10.0,50.0,7.333333333333334,42.23696789826278,6.0,40.0,15.25,200.0,7.0,40.0,12.0,20000.0,0.15,105.0,2.5e-06,210000.0,0.29,550.0,7.850000000000001e-06,60000.0,56732.38744508634,0,3267.612554913668,99.99999999999996,148.05814127416394,11322848707745.023,5593961998956.332,0.0078125,74520930589.48276,76475691308.17432,55939619989.56329,55939619989.56335,12930103.61985518,116.88485271296882,5684025028261.805,99.99999999999996,183.11514729262132,1,186945104.3002665,186945104.3002665,1.31258275359869e-08,14.316555244343817,80.57973045402835,0.3143552554586386,11313234820421.121,5090955.681564827,4.5e-07,4212541942.5838594,0.0004703985617094384,331
300.0,1000.0,1.0,0.7853981633974483,10.0,10.0,15.77777777777778,233.3333333333333,6.0,30.0,,,,,4.0,27500.0,0.225,90.0,2.15e-06,200000.0,0.29,500.0,7.9e-06,300000.0,298592.1460181457,0,1407.8539818541772,500.0,146.83429921309428,64856092655602.94,711703416639760.5,0.25,423437442732.9199,441695795894.9366,1423406833279.521,1423406833279.521,50283530.92615861,63.54730096505731,13401090398735.516,499.99999999999994,236.4527334116615,1,180087707.77863804,180087707.77863804,7.450580596923828e-08,31.067088424868416,10.894431696218092,0.041564173456055314,64850893227090.19,42153080.74548074,6.5e-07,22125982568.62806,0.0003591591715069199,332
100.0,500.0,13.666666666666668,122.22222222222224,3.0,40.0,7.333333333333334,42.23696789826278,7.0,10.0,15.25,300.0,5.0,10.0,16.0,20000.0,0.175,90.0,2.5e-06,195000.0,0.32,600.0,7.7e-06,50000.00000127347,47981.25068138849,0,2018.7493198849597,250.00000000000009,45.58832559958981,981264436328.6553,37235257682443.484,0.00390625,18034079030.680553,21524467578.547882,148941030729.774,148941030729.7739,3369283.9770476967,43.19926118033456,571537040794.0049,250.00000000000009,56.80073897345548,1,57019082.03185376,57019082.03185376,-8.195638656616211e-08,-33.3752493441425,31.878060166496198,0.359844343933035,976098049899.641,292829.39108903345,3e-07,1077877603.351318,0.0012985488983972427,333
1000.0,100.0,11.555555555555555,104.87489549761482,1.0,10.0,11.555555555555555,188.88888888888889,4.0,20.0,10.5,86.59014751456867,3.0,40.0,16.0,27500.0,0.2,75.0,1.8e-06,200000.0,0.31,500.0,7.7e-06,100009.17466989932,99065.5742130342,0,943.6004568650837,50.00000000005938,494.19813079382374,249136003470761.38,2296566264281.003,-87.5625,492556510045.65173,504121703314.77704,45931325285.67461,45931325285.56551,52389864.20036146,228.0771629454057,58613069564033.44,50.00000000021265,771.9228371266591,1,271587644.72770417,271587644.72770417,-0.00043222206295467913,-2.8387068914598785,70.39457621331385,0.07225720643677157,249134454682223.88,0.0,0.0,23508705023.686295,0.00010340022254393983,334
100.0,400.0,1.0,0.7853981633974483,9.0,10.0,11.555555555555555,104.87489549761482,5.0,40.0,1.0,0.7853981633974483,10.0,20.0,32.0,42500.0,0.225,120.0,2.5e-06,200000.0,0.28,400.0,7.75e-06,40000.0,39452.84899550452,0,547.151004495464,200.0000000000006,49.85382467008791,1421619536882.754,24015442772913.33,-0.08203125,28349510755.903267,28515756740.640198,120077213864.567,120077213864.56628,2425495.8398536225,20.480666769503088,169916951703.18262,200.0000000000002,79.51933324152716,1,10982738.129505549,10982738.129505549,-1.5774276107549667e-08,-17.77215883538065,6.384695615888552,0.11775053404750152,1420743997407.9814,6464385.199825137,4.55e-06,1790257781.717299,0.0012641274921447077,335
400.0,200.0,17.88888888888889,300.0,1.0,50.0,3.111111111111111,7.601878519797524,5.0,10.0,,,,,12.0,27500.0,0.2,60.0,2.5e-06,205000.0,0.29,400.0,7.9e-06,80000.0,79661.99060694218,0,338.00939305780366,100.00000000000004,202.76099359138482,30616461089827.97,7360996212296.359,-0.03125,155225184142.3324,150997785853.8608,73609962122.96362,73609962122.96356,14035485.838228723,38.17119122096192,1085978209698.2969,100.0,361.828813440478,1,12030245.046853239,12030245.046853239,-2.2118911147117615e-09,4.348096878630713,15.785455369096985,0.04063761393142914,30614988109458.156,10715245.85390994,3.5e-07,7760019802.753169,0.00026569853810362376,336
1000.0,900.0,1.0,0.7853981633974483,4.0,10.0,17.88888888888889,144.44444444444446,1.0,10.0,1.0,0.7853981633974483,10.0,20.0,16.0,42500.0,0.175,105.0,2.325e-06,195000.0,0.28,500.0,7.75e-06,900000.0,899836.7059997511,0,163.2940002490683,449.9999999999979,499.7295367465614,3192863688332882.0,2582366244451662.0,40.0,6382275034925.192,6389183455354.066,5738591654337.0,5738591654337.054,508352563.283763,38.22515763003902,26588981842756.5,450.00000000000034,961.7749239504587,1,74703508.8012276,74703508.8012276,4.918547347187996e-09,-33.76705253101625,1.2099416546278603,0.0012333059507596343,3192863364237217.5,638572672.8577949,2e-07,325509933431.06525,0.00010215701645387506,337
100.0,300.0,13.666666666666668,277.77777777777777,5.0,30.0,11.555555555555555,104.87489549761482,5.0,50.0,,,,,4.0,50000.0,0.15,105.0,1.8e-06,210000.0,0.3,450.0,7.75e-06,30000.000013060166,28185.813979466162,0,1814.186033594009,150.00000000000003,51.836720549702804,1289850349348.9512,13037756552591.422,0.0,26780783286.985912,24882946599.837444,86918377017.27617,86918377017.27612,1682830.5695555382,25.684793555590186,160405550072.2329,150.0,74.31521185564763,1,16276990.628970373,16276990.628970373,-2.7939677238464355e-09,30.637656165330554,25.654793301093406,0.5801335154012741,,,,,,338
700.0,400.0,17.88888888888889,144.44444444444446,3.0,30.0,15.77777777777778,144.44444444444446,7.0,10.0,,,,,32.0,42500.0,0.25,90.0,1.975e-06,195000.0,0.32,550.0,7.8e-06,280000.0,278555.55556964164,0,1444.444430358395,200.00000000000009,347.4708418243246,509242905653432.5,162084739791584.2,0.5,1444541235365.4507,1465570184190.871,810423698957.9213,810423698957.9205,107957516.57286806,112.43995868342428,72400984433618.62,199.99999999999983,587.560038783934,1,376097846.37799746,376097846.37799746,-5.21540641784668e-08,-17.653958423703443,26.354171862575804,0.038636186145421345,509239668335864.9,152771900.3781431,3e-07,72314093663.74843,0.00015030626063430736,339
600.0,500.0,3.111111111111111,7.601878519797524,10.0,40.0,5.222222222222222,21.419068431419294,9.0,30.0,20.0,100.0,5.0,30.0,8.0,42500.0,0.225,90.0,2.15e-06,205000.0,0.32,500.0,7.75e-06,300000.0,298731.20956334966,0,1268.7904366501302,250.0000000000005,299.54383010442575,388062863779163.0,273649576952140.38,-2.375,1291578947818.0364,1295512792381.2622,1094598307808.5637,1094598307808.5592,95430669.4162712,78.35131216392406,26507367553231.938,249.99999999999991,521.6486814720383,1,202932704.61458626,202932704.61458626,1.210719347000122e-07,16.275224932724086,19.7512305144009,0.03481074604388946,388061155714964.0,174627520.03922763,4.5e-07,71319195840.45998,0.0001869359215767769,340
600.0,600.0,20.0,100.0,1.0,50.0,9.444444444444445,70.05557692032795,7.0,10.0,20.0,250.0,5.0,40.0,8.0,35000.0,0.2,75.0,1.975e-06,200000.0,0.31,600.0,7.75e-06,360000.0,356909.61092680844,0,3090.389073191533,300.00000000000034,297.82900473577155,392016973673214.75,406133552429014.0,-2.0,1297334885932.4568,1316248476272.501,1353778508096.7148,1353778508096.712,107476721.13934281,118.31978402427382,61585074029918.5,300.0000000000002,481.68021786657977,1,611610282.9371283,611610282.9371283,-4.76837158203125e-07,1.6020783557614777,55.99384236403287,0.09567054220881913,392006320849979.06,117601896.14114761,3e-07,65935216279.10665,0.0001751210022030626,341
900.0,200.0,7.333333333333334,42.23696789826278,8.0,40.0,9.444444444444445,122.22222222222224,2.0,20.0,,,,,8.0,27500.0,0.15,60.0,2.15e-06,205000.0,0.31,400.0,7.850000000000001e-06,180000.0,179417.65982765838,0,582.3401723417004,99.99999999999999,451.171123927342,351868583818565.25,16828067975793.96,-0.125,783970467536.5039,779900497078.8672,168280679757.93958,168280679757.93964,72492999.28524813,111.52302991120631,32050663547252.625,100.00000000000001,788.4769688835927,1,88586831.96028477,88586831.96028477,1.1175870895385742e-08,-10.73352416446869,26.75281647252107,0.030564944240382943,351867863552392.2,105560359.07755394,3e-07,39067435719.27338,0.00011760379082092566,342
700.0,1000.0,15.77777777777778,188.88888888888889,4.0,40.0,9.444444444444445,70.05557692032795,4.0,50.0,1.0,0.7853981633974483,3.0,30.0,32.0,20000.0,0.225,75.0,2.15e-06,190000.0,0.29,600.0,7.75e-06,700000.0,698959.5097452693,0,1040.4902547308423,500.0000000000004,351.7451543863097,587514366603026.0,1187813048997289.0,0.5,1687024241020.1519,1670284179544.8843,2375626097994.58,2375626097994.576,238673907.61914456,55.408311426969796,19758190630899.0,500.0000000000002,644.5916563626276,1,127948650.16760856,127948650.16760856,-1.2479722499847412e-07,17.975261491653498,11.662083674292873,0.01807296652263201,587511912150524.2,146877977.95103836,2.5e-07,94462951695.33228,0.00016545556091905126,343
200.0,400.0,20.0,100.0,7.0,30.0,13.666666666666668,122.22222222222224,6.0,40.0,20.0,200.0,10.0,50.0,8.0,20000.0,0.2,60.0,2.15e-06,200000.0,0.28,500.0,7.7e-06,80000.0000067081,75530.30228604222,0,4469.697720665879,199.9999999999998,101.01953953485418,6654848195703.75,34410418307143.344,0.0625,67233958747.31391,65876841513.4942,172052091535.71655,172052091535.7169,8419617.032722779,73.5461959401692,2992746586272.6797,200.00000000000009,126.45380406236866,1,120287446.88165115,120287446.88165115,-1.0477378964424133e-07,-24.787134166381293,63.09675615859708,0.4094409127071921,6644762699062.818,0.0,0.0,4323277369.706416,0.0008181883462589094,344
400.0,200.0,9.444444444444445,70.05557692032795,9.0,20.0,5.222222222222222,21.419068431419294,3.0,40.0,,,,,8.0,50000.0,0.15,90.0,1.8e-06,210000.0,0.3,400.0,7.8e-06,80000.0,79305.24262122707,0,694.7573787729128,99.99999999999997,203.90738466122144,56625088605329.28,13594678913039.39,0.0625,288767062989.6041,277700038669.06586,135946789130.39388,135946789130.39395,17387659.644519426,28.4905229586914,1538807770414.7188,100.00000000000003,371.50922292225374,1,12261240.930957872,12261240.930957872,3.0850060284137726e-08,-24.345472819457427,16.740177772105206,0.04684023006606471,56624327628125.04,16987298.22418195,3e-07,14871607485.395298,0.0002835394416715056,345
800.0,300.0,1.0,0.7853981633974483,9.0,20.0,7.333333333333334,42.23696789826278,2.0,30.0,,,,,12.0,42500.0,0.2,120.0,1.8e-06,205000.0,0.31,500.0,7.7e-06,240000.0,239908.45749269635,0,91.54250730360735,150.00000000000014,399.55038586215915,546005575957464.75,76693846250463.12,-0.375,1363481338677.2832,1366549990383.018,511292308336.4213,511292308336.42035,116236133.82499363,44.24056113878954,9398184535628.0,149.9999999999999,755.759438879339,1,32408893.0167562,32408893.0167562,1.0244548320770264e-08,12.866812197622494,1.7817551119819937,0.0023250392938578327,546005517707942.44,163801655.29401207,3e-07,71637671097.54613,0.00013178321181729432,346
300.0,700.0,13.666666666666668,166.66666666666666,6.0,10.0,9.444444444444445,70.05557692032795,1.0,10.0,5.75,25.967226777328133,1.0,50.0,20.0,50000.0,0.225,60.0,1.8e-06,200000.0,0.29,600.0,7.7e-06,210000.0,208878.00997098495,0,1121.9900290150647,349.99999999999983,151.73834960134403,81572142203068.25,435456074125876.75,0.25,550190436864.3647,537584219265.462,1244160211788.2188,1244160211788.22,27483122.414867472,17.178262711173442,1254775944168.5703,350.00000000000006,282.8217384354846,1,19519545.87516919,19519545.87516919,-3.241002559661865e-07,48.895709766577056,11.572632498313357,0.04056618988281617,81569389861905.22,16313877.990926318,2e-07,28935306473.291664,0.0003708391686723224,347
500.0,700.0,5.222222222222222,21.419068431419294,6.0,10.0,3.111111111111111,7.601878519797524,1.0,10.0,15.25,300.0,5.0,50.0,20.0,20000.0,0.175,75.0,2.15e-06,190000.0,0.3,500.0,7.8e-06,350000.0,346863.8836655715,0,3136.116334428425,350.00000000000006,250.61183367933563,153562683158331.3,330343638471928.0,-0.375,615757697824.6825,612751125530.7231,943838967062.6516,943838967062.6512,87558576.74967378,107.16247060030284,25044250817345.75,350.0,392.8377159867538,1,351743971.5918043,351743971.5918043,-1.7881393432617188e-07,19.790351786330575,39.013665735654655,0.07987329200474094,153549032871044.78,391550033.9340861,2.5499999999999997e-06,30553989405.40962,0.0002097316394661883,348
800.0,200.0,15.77777777777778,211.11111111111111,3.0,10.0,20.0,100.0,3.0,10.0,1.0,0.7853981633974483,3.0,20.0,20.0,50000.0,0.25,90.0,2.5e-06,195000.0,0.28,400.0,7.8e-06,160000.0,159061.95427599017,0,938.0457240098704,99.99999999999989,402.2813690380222,446332631554118.25,27133330521469.625,-0.1875,1122232143046.8467,1109503610921.4705,271333305214.69595,271333305214.69656,69469457.9573237,83.65053748922294,30830664755814.438,99.99999999999996,716.349461323617,1,94303688.2015089,94303688.2015089,-1.371845428366214e-07,19.52695038926487,15.207805949603372,0.019497187114876118,446330091392626.56,513279604.8695047,1.15e-06,54985916484.85799,0.0001306207869839981,349
100.0,400.0,17.88888888888889,300.0,1.0,50.0,20.0,300.0,3.0,50.0,15.25,200.0,7.0,40.0,4.0,27500.0,0.175,75.0,2.325e-06,190000.0,0.28,400.0,7.75e-06,40000.000022247455,38264.92765289834,0,1735.0723693491043,200.00000000000017,50.45152505156438,943304269506.7383,18961114963875.258,-0.021484375,19038008142.297443,18697239945.524475,94805574819.37637,94805574819.3762,1943074.1728172845,31.371385826073826,232010213583.6714,200.00000000000014,68.62861595520647,1,21775602.50485304,21775602.50485304,-4.470348358154297e-08,-23.940027241769712,27.025020372239833,0.4545295280814624,,,,,,350
100.0,200.0,7.333333333333334,42.23696789826278,9.0,30.0,9.444444444444445,70.05557692032795,4.0,50.0,,,,,16.0,27500.0,0.225,120.0,1.975e-06,195000.0,0.29,600.0,7.8e-06,20000.0,19339.645003910107,0,660.3549960898956,99.99999999999993,51.90979363956251,474432557788.72485,2004002669800.378,0.00537109375,9865471448.23707,9139557769.829796,20040026698.003765,20040026698.00379,1201426.0694777733,25.118990176126527,57232212457.16382,100.0,74.88101886754252,1,10267095.92891637,10267095.92891637,2.3283064365386963e-09,14.860209085600218,19.382390383639688,0.42807733306577805,,,,,,351
300.0,400.0,13.666666666666668,211.11111111111111,1.0,30.0,3.111111111111111,7.601878519797524,3.0,50.0,5.75,25.967226777328133,3.0,20.0,8.0,27500.0,0.25,75.0,1.8e-06,200000.0,0.28,450.0,7.9e-06,120000.0,119610.27988645411,0,389.7201135459088,199.99999999999983,151.16764124805962,25302182847619.812,44927371381894.78,0.109375,170004581394.7697,167378300267.97873,224636856909.47372,224636856909.4741,17394463.208919518,29.617792513020305,772827769844.5273,199.99999999999997,270.3823194565637,1,15411704.376321204,15411704.376321204,4.889443516731262e-09,9.755004341574022,8.19037593150603,0.03296662944923419,25301406338347.71,7590421.909367737,3e-07,10899189347.104809,0.0004413734327371183,352
900.0,400.0,13.666666666666668,211.11111111111111,7.0,30.0,20.0,188.88888888888889,3.0,40.0,15.25,300.0,5.0,10.0,20.0,35000.0,0.225,75.0,2.325e-06,200000.0,0.29,600.0,7.8e-06,360000.0,354955.55552107963,0,5044.444478920408,200.00000000000023,454.95837587074675,924976614704846.0,190136765070913.62,-2.25,2078404725658.2126,2033101628109.4492,950683825354.5692,950683825354.567,166010522.07943836,171.90571227858572,146559863306894.0,200.0,728.0942877238516,1,1009379335.9153103,1009379335.9153103,-2.0489096641540527e-07,-0.009340970893390477,81.4146451267898,0.0957819354432821,924955621304954.1,323734467.62324035,3.5e-07,101627374313.67421,0.00012081110192588127,353
300.0,400.0,13.666666666666668,100.0,10.0,30.0,7.333333333333334,42.23696789826278,3.0,40.0,,,,,16.0,42500.0,0.25,105.0,2.15e-06,210000.0,0.29,550.0,7.75e-06,120000.0,118873.28911300286,0,1126.7108869971116,200.00000000000028,153.15739477418035,40583777365075.45,70164014578094.09,0.0,276376037476.7549,264980854662.051,350820072890.47095,350820072890.47,21083084.815117594,29.74149934716393,1527624813582.6094,199.99999999999994,270.2585006695999,1,32042614.302179668,32042614.302179668,2.3748725652694702e-08,-42.33051040193459,20.00367658446549,0.07803775000424333,40582016968423.59,12174605.023732746,3e-07,16609848352.077272,0.0004394099553569969,354
600.0,700.0,5.222222222222222,21.419068431419294,9.0,10.0,5.222222222222222,21.419068431419294,1.0,50.0,,,,,8.0,42500.0,0.225,75.0,1.975e-06,190000.0,0.32,400.0,7.7e-06,420000.0,419785.8093198155,0,214.19068018450244,350.00000000000017,300.41327320381936,538038769739447.0,730223660853651.5,0.25,1795936607383.456,1790995331202.9841,2086353316724.7195,2086353316724.7175,120434272.96723905,12.15525767292583,1183728321490.4375,350.0,587.844762999615,1,5580297.730851258,5580297.730851258,3.68940010319658e-08,17.508126200915285,2.286786718468961,0.004177627214339325,538038700299828.7,53803870.029982865,1e-07,93031787417.38885,0.00017392142303827106,355
600.0,200.0,13.666666666666668,144.44444444444446,5.0,50.0,5.222222222222222,21.419068431419294,9.0,40.0,,,,,4.0,42500.0,0.225,90.0,2.325e-06,205000.0,0.28,600.0,7.8e-06,120000.0,119085.00613711546,0,914.9938628845274,100.00000000000009,303.90107210094544,161936351545639.88,17153715529365.227,-0.21875,546899486244.8367,532858770211.41345,171537155293.6524,171537155293.65213,39251692.02855777,65.76283882196951,10367973200423.969,100.00000000000006,534.2371625792209,1,75883577.53900018,75883577.53900018,-5.122274160385132e-09,-18.365485479218478,33.34779188084936,0.0598285910589657,161934582154918.5,40483645.56944287,2.5e-07,29481761794.67006,0.00019481558140998508,356
200.0,800.0,1.0,0.7853981633974483,1.0,30.0,7.333333333333334,42.23696789826278,7.0,10.0,,,,,12.0,42500.0,0.2,90.0,2.15e-06,195000.0,0.31,600.0,7.75e-06,160000.0,159703.55583644344,0,296.4441635565257,400.00000000000006,99.43255632897109,23001253249291.96,365657721945924.25,-0.0625,228714705372.57053,231325172544.01733,914144304864.8108,914144304864.8105,17039983.085102033,23.500848717705384,1675947734859.7852,399.99999999999994,176.49915146605045,1,32797584.815530423,32797584.815530423,-5.21540641784668e-08,25.789130084147473,3.461467216699665,0.01857674714697314,23001059498885.566,8050370.807130728,3.5e-07,13071027481.849314,0.0005783840386878252,357
500.0,200.0,9.444444444444445,70.05557692032795,10.0,30.0,13.666666666666668,100.0,9.0,40.0,20.0,250.0,1.0,30.0,20.0,35000.0,0.225,75.0,2.325e-06,200000.0,0.31,600.0,7.850000000000001e-06,99999.99999999999,97899.44424107343,0,2100.5557589265877,99.99999999999994,248.75569296774088,84403834849827.44,12414688789058.54,0.34375,335943273090.72205,339304133476.74854,124146887890.58533,124146887890.58546,27705479.924564853,129.54070750543426,26276387670308.406,100.00000000000009,370.4592672598141,1,292927777.1207035,292927777.1207035,-9.313225746154785e-09,7.436269438563613,64.32480458277008,0.1419451370425386,84399631968432.78,37979834.35946982,4.5e-07,16594076996.082272,0.00023259703460249624,358
600.0,500.0,15.77777777777778,122.22222222222224,7.0,30.0,9.444444444444445,70.05557692032795,1.0,50.0,,,,,24.0,42500.0,0.175,60.0,2.15e-06,210000.0,0.28,600.0,7.850000000000001e-06,300000.0,299074.38885238924,0,925.6111476108191,249.9999999999997,302.68761771893105,392959604423731.25,268492005036454.75,2.625,1321706150981.094,1298234818408.1477,1073968020145.8176,1073968020145.8203,78082531.96627063,29.3154698247622,4109988873260.625,250.00000000000003,570.6846100205295,1,34329308.55974312,34329308.55974312,-9.189902518774586e-08,33.68811696142075,21.38674233731849,0.039221738371104306,392957774599201.9,98239443.7018262,2.5e-07,72461199912.23645,0.00019039732770938914,359
300.0,900.0,15.77777777777778,122.22222222222224,2.0,20.0,15.77777777777778,144.44444444444446,4.0,50.0,15.25,150.0,5.0,50.0,24.0,35000.0,0.225,60.0,2.325e-06,210000.0,0.28,550.0,7.8e-06,270000.0,267677.77774497925,0,2322.2222550208603,449.9999999999989,149.98454658136836,73103755493829.47,693507492820002.0,3.0,487308166111.5729,487408584151.5001,1541127761822.223,1541127761822.2305,35597106.20809759,54.59155836089155,8850627298998.938,450.00000000000045,245.4084420547628,1,173214000.0446754,173214000.0446754,-7.37607479095459e-07,0.011026480511645786,29.529644685091757,0.12196732551068981,73098101515847.6,18274525.3784288,2.5e-07,28921330692.488422,0.00040945802539794234,360
300.0,500.0,3.111111111111111,7.601878519797524,4.0,10.0,17.88888888888889,211.11111111111111,7.0,50.0,,,,,8.0,20000.0,0.175,60.0,1.8e-06,200000.0,0.3,500.0,7.8e-06,150000.0,148491.8147508858,0,1508.185249114224,250.0000000000001,142.82799540035762,24646537307155.945,66992729140601.16,-0.265625,156812514861.8994,172560969143.8282,267970916562.40475,267970916562.4045,22054750.07008213,93.05503002059471,9201170500905.625,250.00000000000003,206.9448823515134,1,166969026.7928119,166969026.7928119,-2.60770320892334e-08,9.293784549474367,34.01213219643219,0.1410966535180656,24641568152621.086,7392470.492712355,3e-07,8114165694.751115,0.0003616889223821354,361
900.0,400.0,9.444444444444445,70.05557692032795,9.0,30.0,11.555555555555555,100.0,9.0,10.0,10.5,100.0,3.0,20.0,32.0,35000.0,0.175,105.0,2.5e-06,195000.0,0.28,400.0,7.8e-06,360000.0,357869.4997694813,0,2130.5002305186117,199.99999999999991,448.33519048298245,897910197059082.5,174046642403400.56,-0.75,1988001230424.0664,2002765377600.1433,870233212017.0024,870233212017.0032,193495388.93177888,148.36230574005597,126419267835618.0,199.99999999999986,751.6378364806924,1,425390354.5930489,425390354.5930489,8.381903171539307e-09,-24.285642232025566,24.880272399956464,0.0281380311183913,897907184219810.9,404058232.7804225,4.5e-07,96973553582.42172,0.00011507655845140096,362
400.0,1000.0,3.111111111111111,7.601878519797524,3.0,10.0,20.0,144.44444444444446,3.0,30.0,15.25,250.0,1.0,10.0,32.0,20000.0,0.25,90.0,1.8e-06,205000.0,0.32,450.0,7.8e-06,400000.0,399043.86102580983,0,956.1389741902648,500.0000000000011,198.6894697710706,108876187693023.56,701177500021911.0,-3.5,540837022132.97076,547971605231.3712,1402355000043.825,1402355000043.819,85775499.09867369,62.35212035121684,11061625005520.312,500.0000000000001,337.64787877009303,1,110841866.05451429,110841866.05451429,2.2351741790771484e-08,31.70630157116102,6.696857412606684,0.018602381701685235,108873124488053.98,27218281.138087608,2.5e-07,28299008509.96217,0.00026556152064529645,363
900.0,700.0,5.222222222222222,21.419068431419294,10.0,40.0,17.88888888888889,144.44444444444446,8.0,10.0,20.0,300.0,3.0,20.0,32.0,20000.0,0.25,75.0,2.5e-06,200000.0,0.3,500.0,7.8e-06,630000.0,626830.2537491377,0,3169.7462508625276,349.9999999999995,444.0938741139729,904633438886772.5,558559905414127.25,5.0,1984253747695.6904,2037032014214.648,1595885444040.3613,1595885444040.366,291080042.98429143,189.7530811469067,180372672636258.5,349.9999999999991,710.2469213708076,1,898832618.6307236,898832618.6307236,-8.940696716308594e-08,-20.891674098122166,39.687413370343776,0.04504530176624685,904622114213243.8,90462211.42132437,1e-07,98313006921.56052,0.00011592712167243109,364
100.0,400.0,13.666666666666668,144.44444444444446,9.0,30.0,17.88888888888889,188.88888888888889,3.0,10.0,20.0,150.0,1.0,40.0,20.0,35000.0,0.225,60.0,1.975e-06,210000.0,0.3,600.0,7.9e-06,40000.0,37833.333329574474,0,2166.666670425532,200.00000000000026,49.68870673279495,1310507348663.025,23584972898834.42,-0.046875,26047975783.54574,26374350125.681164,117924864494.17226,117924864494.17195,1926208.4688717825,33.85914984418463,493922720786.19727,199.99999999999997,66.14085057181603,1,30808921.81203783,30808921.81203783,-3.3527612686157227e-08,27.51577667836682,33.337265445261025,0.4112890873296159,1304828617395.9375,587172.8747820401,4.5e-07,1842287451.8547106,0.0015993872323470859,365
900.0,100.0,20.0,122.22222222222224,6.0,30.0,5.222222222222222,21.419068431419294,4.0,20.0,,,,,24.0,42500.0,0.225,75.0,2.325e-06,190000.0,0.3,450.0,7.9e-06,89999.99999630879,89546.84150038255,0,453.15849592621316,50.00000000004563,454.3224961034675,269534998918975.0,3196973931723.0234,72.265625,604775867218.8884,593268000661.7833,63939478634.51882,63939478634.402115,39893906.52762765,72.95121865176709,11143248057078.094,50.000000000467075,827.0488842970212,1,36305225.430501476,36305225.430501476,-0.00026563851861283183,3.2877233974722913,26.697857177415226,0.030428761427017656,269534563580731.3,53906912.665678956,2e-07,29973158012.06024,0.00011726094885118795,366
900.0,1000.0,5.222222222222222,21.419068431419294,9.0,40.0,17.88888888888889,300.0,8.0,40.0,,,,,8.0,42500.0,0.175,90.0,2.5e-06,200000.0,0.28,500.0,7.8e-06,900000.0,897407.2284112048,0,2592.771588795175,500.00000000000017,446.39844931048714,2647221219344471.0,3223114721285664.0,-4.0,5836005664708.311,5930175661303.043,6446229442571.33,6446229442571.326,436831373.9874525,127.3792348867853,280888730241909.5,499.9999999999998,772.6208134324028,1,1013746075.3464717,1013746075.3464717,8.940696716308594e-08,32.76158241316443,20.18079907432935,0.023712669453046745,2647209695866237.0,661802423.4792539,2.5e-07,315797398733.1955,0.00012295913593292793,367
600.0,600.0,9.444444444444445,70.05557692032795,3.0,10.0,9.444444444444445,70.05557692032795,1.0,40.0,,,,,32.0,50000.0,0.2,105.0,2.5e-06,195000.0,0.3,400.0,7.850000000000001e-06,360000.0,359719.77769931545,0,280.222300684478,299.9999999999997,300.338152140266,543140223525512.5,541653621389295.75,3.75,1812510426017.7495,1808428997964.439,1805512071297.651,1805512071297.6543,122303827.17877671,21.718625201559423,3993224686402.0625,300.0000000000001,578.2811234196938,1,16679977.527191123,16679977.527191123,-1.0488598746428756e-08,21.957976210040215,2.4931178884864704,0.004489857128413702,543139918836274.25,54313991.88362742,1e-07,94452960127.5649,0.00017520686249249408,368
900.0,900.0,15.77777777777778,100.0,3.0,40.0,3.111111111111111,7.601878519797524,8.0,30.0,1.0,0.7853981633974483,1.0,10.0,32.0,50000.0,0.2,90.0,1.975e-06,195000.0,0.3,600.0,7.9e-06,810000.0,809637.6141671129,0,362.3858328872046,450.00000000000074,450.34030061346067,2742323356962567.0,2739935720017585.0,-10.0,6098663857810.378,6089446920977.16,6088746044483.532,6088746044483.513,381279134.82754654,22.738861264985,8753628038490.75,450.0000000000002,877.2610859925275,1,40363653.726925164,40363653.726925164,1.581211108714342e-07,-29.020912319070078,3.7602360854588905,0.004329852196895044,2742322884379229.5,1508277586.3188756,5.5e-07,326459021489.6178,0.00011951529607987416,369
700.0,800.0,3.111111111111111,7.601878519797524,5.0,50.0,15.77777777777778,122.22222222222224,6.0,40.0,,,,,16.0,50000.0,0.225,105.0,1.975e-06,190000.0,0.31,600.0,7.8e-06,560000.0,559228.6572344465,0,771.3427655533967,400.0,348.9530155929255,1153147990913774.5,1499597501849434.5,0.5,3284882201342.5493,3304593854718.2246,3748993754623.5864,3748993754623.5864,223489269.50321597,63.984274266242245,51689309367438.125,399.99999999999983,636.0158025419057,1,286523554.34961605,286523554.34961605,4.842877388000488e-08,25.031115961202886,7.719310308646207,0.011837415707151973,1153146631075751.0,403601320.9500845,3.5e-07,188603080114.06598,0.0001653456877712674,370
1000.0,300.0,5.222222222222222,21.419068431419294,7.0,50.0,1.0,0.7853981633974483,8.0,30.0,,,,,4.0,42500.0,0.225,60.0,1.975e-06,200000.0,0.29,500.0,7.850000000000001e-06,300000.0,299843.7833375417,0,156.21666245812833,150.00000000000017,500.790651291762,1067436799865428.5,95730640356951.31,-1.5,2138254827613.9956,2131503048453.548,638204269046.3428,638204269046.3413,128199577.26996742,18.63470929806419,1198350851758.6562,149.99999999999997,981.3652968644676,1,6781739.397113299,6781739.397113299,2.837623469531536e-10,6.4527309359476135,6.079898905491811,0.006271169577608883,1067436748574305.6,1014064911.2314422,9.5e-07,113083915871.02745,0.00010653279613632683,371
100.0,600.0,13.666666666666668,146.6949236301234,8.0,30.0,20.0,144.44444444444446,6.0,20.0,15.25,250.0,5.0,30.0,28.0,35000.0,0.2,75.0,2.5e-06,190000.0,0.3,550.0,7.850000000000001e-06,59999.99999371881,57092.104137943694,0,2907.895855775097,299.99999999999966,49.69197290800076,1848601205998.623,81916831632005.94,0.2109375,36745650999.55224,37201203691.813675,273056105440.01947,273056105440.0201,3037620.5308557516,32.13023258445186,564128509194.46,300.0000000000003,67.86977204514568,1,45302953.47839962,45302953.47839962,-1.8067657947540283e-07,34.26387666701339,30.478323374415137,0.4144291911497353,,,,,,372
400.0,500.0,20.0,144.44444444444446,7.0,40.0,13.666666666666668,100.0,4.0,50.0,,,,,24.0,27500.0,0.175,75.0,1.8e-06,195000.0,0.31,550.0,7.75e-06,200000.0,198588.88884224938,0,1411.1111577506435,250.00000000000006,202.75645138694705,78476131905410.0,118985563814964.75,-0.5,397864125124.63135,387046288138.2925,475942255259.85913,475942255259.8589,40223030.15618796,55.82597838220157,7245786759640.922,250.00000000000009,344.1740215378222,1,91957921.6107599,91957921.6107599,5.587935447692871e-08,-16.54367388321407,27.017108713464097,0.07872882578260597,78473245022143.67,19618311.20019389,2.5e-07,24228596921.723103,0.00033268933551578155,373
200.0,100.0,7.333333333333334,42.23696789826278,8.0,30.0,7.333333333333334,42.23696789826278,4.0,30.0,20.0,100.0,5.0,50.0,32.0,35000.0,0.15,120.0,2.15e-06,200000.0,0.3,500.0,7.75e-06,19999.999998883613,18809.197971617043,0,1190.8020272665701,50.00000000024062,100.00997936126419,2634561254215.6074,601620991915.4248,0.998046875,26348241928.404873,26342983680.646816,12032419838.3664,12032419838.250591,2720830.4628460803,67.39532120602448,969922353939.2559,50.000000000465526,132.60467964127204,1,41181187.229914576,41181187.229914576,-0.00041595757647883147,-8.270423806487088,49.39796753938814,0.29698176896482215,2632891628956.782,1184801.2330618661,4.5e-07,1730163890.1501765,0.0007537467880476541,374
200.0,200.0,20.0,233.3333333333333,7.0,20.0,5.222222222222222,21.419068431419294,10.0,50.0,15.25,100.0,7.0,30.0,8.0,42500.0,0.15,60.0,1.975e-06,200000.0,0.31,550.0,7.9e-06,40000.0,36752.476129630784,0,3247.523870369276,99.99999999999996,108.54706555019412,7066072199940.5,7005152333909.863,-0.02734375,77264575953.20496,65096851436.05306,70051523339.0986,70051523339.09866,3915260.0986250695,49.2771567279423,1530001759974.9414,100.00000000000001,150.72284325289888,1,57204122.73493287,57204122.73493287,-2.242450136691332e-08,10.84728209162563,46.22370172562782,0.313617275478833,7057705254688.047,2117311.614209881,3e-07,3704819340.950932,0.0006909509674446221,375
700.0,400.0,3.111111111111111,7.601878519797524,9.0,30.0,3.111111111111111,7.601878519797524,3.0,40.0,5.75,25.967226777328133,7.0,10.0,8.0,35000.0,0.25,120.0,2.325e-06,210000.0,0.32,500.0,7.850000000000001e-06,280000.0,279545.23625830165,0,454.76374169836174,200.00000000000048,350.2935167561324,403323999693262.5,133166140429232.81,-1.75,1153321482495.9502,1151388708041.8018,665830702146.1656,665830702146.1625,118920981.36623095,59.010381593742075,10808282808180.938,200.00000000000006,640.9896184645196,1,70632844.6122306,70632844.6122306,2.3748725652694702e-08,17.23481482113857,6.637173239171506,0.010080080859331418,403323830318616.44,80664766.06662327,2e-07,62763519790.54826,0.00015699412326194897,376
100.0,500.0,9.444444444444445,70.05557692032795,10.0,10.0,5.222222222222222,21.419068431419294,4.0,50.0,,,,,12.0,50000.0,0.15,60.0,2.5e-06,190000.0,0.28,550.0,7.8e-06,50000.0,49213.76795501406,0,786.2320449859284,250.00000000000023,51.33762052071006,2201372170885.1875,54555414061594.34,-0.0234375,45237659860.469055,42880292240.991844,218221656246.37756,218221656246.37717,2192185.4820342646,9.96785486847721,34827062375.49902,250.00000000000003,90.03210845753753,1,3773773.8643603646,3773773.8643603646,5.587935447692871e-09,37.09866007659002,10.274591751199454,0.21681436235399928,2200602346532.664,39940933.21974676,1.815e-05,2872774266.321566,0.001402163868478292,377
800.0,800.0,1.0,0.7853981633974483,6.0,30.0,15.77777777777778,100.0,5.0,40.0,15.25,250.0,5.0,30.0,32.0,50000.0,0.15,90.0,2.325e-06,190000.0,0.31,600.0,7.7e-06,640000.0,636995.2875531365,0,3004.712446863527,400.0000000000008,399.3411315289156,1725580562415991.0,1757266052412727.0,-7.0,4306857274870.296,4321068946265.1675,4393165131031.826,4393165131031.8086,270555511.97706884,100.06008719433979,107794637436533.5,399.99999999999994,699.9398830420794,1,784528597.8006923,784528597.8006923,2.5331974029541016e-07,-22.298118055332452,35.02423104955152,0.04656789473578148,1725570356335303.8,431392589.1158668,2.5e-07,230473933124.53268,0.00013538979922018732,378
600.0,400.0,20.0,211.11111111111111,3.0,50.0,17.88888888888889,211.11111111111111,10.0,10.0,10.5,100.0,10.0,10.0,4.0,42500.0,0.15,90.0,1.8e-06,210000.0,0.3,400.0,7.75e-06,240000.0,235255.5555220413,0,4744.444477958549,200.00000000000023,292.65089391111906,345801823484964.75,154458644291025.44,0.375,1125110880865.76,1181618886802.335,772293221455.128,772293221455.1263,87040963.25840877,167.06570935465538,121268151981346.88,200.0000000000001,432.93407587605054,1,700165340.6172327,700165340.6172327,-2.775341272354126e-07,7.057307582348585,63.52546884666139,0.10932770236363415,345788799818681.2,103736639.62239972,3e-07,52688655446.645424,0.00017684546028355738,379
100.0,400.0,17.88888888888889,166.66666666666666,10.0,10.0,1.0,0.7853981633974483,9.0,50.0,10.5,86.59014751456867,3.0,20.0,28.0,35000.0,0.2,105.0,2.5e-06,190000.0,0.32,500.0,7.7e-06,40000.00000043232,37913.9702605261,0,2086.029739906236,199.99999999999991,55.19306956036685,1388863763216.4248,23719853098129.08,0.01171875,30996628190.98027,25163734763.788944,118599265490.64534,118599265490.64545,2431171.768572278,17.209779204660997,59669403736.640625,199.99999999999997,82.79022083725486,1,9005697.727611665,9005697.727611665,4.190951585769653e-08,54.46858180510026,15.154399088160169,0.3061494765284882,1384355429771.2207,0.0,0.0,1705689397.0425835,0.001518874962097094,380
600.0,1000.0,1.0,0.7853981633974483,1.0,10.0,11.555555555555555,104.87489549761482,3.0,20.0,15.25,300.0,5.0,40.0,28.0,42500.0,0.2,90.0,2.325e-06,205000.0,0.32,500.0,7.9e-06,600000.0,596684.5899427445,0,3315.410057255469,500.000000000001,299.6060057460233,777498384731288.0,2231807802117670.0,-14.5,2588262081145.1035,2595069423909.9307,4463615604235.35,4463615604235.331,191159218.0037232,86.28248272061848,61447508028763.25,500.0000000000001,513.7173606824808,1,509859095.3116683,509859095.3116683,-2.5331974029541016e-07,32.32486536586657,25.795606288426097,0.04492268897226338,777483164295323.1,233244949.3091153,3e-07,131821577484.85168,0.00017277514599938759,381
400.0,800.0,15.77777777777778,277.77777777777777,4.0,20.0,3.111111111111111,7.601878519797524,2.0,50.0,10.5,100.0,5.0,30.0,8.0,50000.0,0.2,105.0,2.15e-06,205000.0,0.3,550.0,7.850000000000001e-06,320000.0,317873.68514656916,0,2126.31485343074,400.0000000000001,201.906093370309,219339125400642.38,886825736219548.5,-1.5,1107248219455.1616,1086342277933.9307,2217064340548.872,2217064340548.8706,73469192.52399795,38.591180821325196,6847413618194.0,400.0000000000002,361.40884001961064,1,111419289.77852945,111419289.77852945,-9.313225746154785e-08,64.6973546774534,16.817083228795138,0.04826331286805454,219332456871699.84,54833114.26461348,2.5e-07,61378986924.43399,0.0002897071966988815,382
900.0,600.0,1.0,0.7853981633974483,6.0,40.0,9.444444444444445,122.22222222222224,10.0,10.0,,,,,4.0,20000.0,0.225,120.0,2.5e-06,195000.0,0.3,500.0,7.7e-06,540000.0,538773.0654053723,0,1226.934594627312,299.99999999999983,441.5782306019476,768883956915423.8,331119728344454.5,0.5,1677241370812.3748,1741217985015.479,1103732427814.8477,1103732427814.8489,314722441.41580117,168.66487287134495,141600750753185.5,300.00000000000017,731.3351224272142,1,537851181.9011419,537851181.9011419,3.725290298461914e-09,25.919758345393348,11.937486015505286,0.01348445235682862,768881637868144.5,153776327.66639224,2e-07,83378306040.8045,0.00011473962147108962,383
800.0,700.0,15.77777777777778,188.88888888888889,2.0,50.0,3.111111111111111,7.601878519797524,2.0,10.0,,,,,12.0,50000.0,0.2,120.0,1.975e-06,210000.0,0.32,550.0,7.7e-06,560000.0,559607.0184549161,0,392.9815450839601,349.99999999999994,400.7031989649747,1500761838148656.0,1148770542843100.5,-0.5,3758512049829.8535,3745320331919.379,3282201550980.2866,3282201550980.2876,270784328.87549734,17.935884621955275,2090651260282.6875,349.99999999999994,782.0641192552,1,18262377.12618208,18262377.12618208,1.0943040251731873e-07,-30.109964178235714,3.6043812546716887,0.0045715094828164705,1500760643536677.5,525266225.28717077,3.5e-07,192076094761.31567,0.0001287732510367164,384
400.0,800.0,7.333333333333334,42.23696789826278,3.0,30.0,15.77777777777778,166.66666666666666,8.0,40.0,1.0,0.7853981633974483,7.0,20.0,20.0,27500.0,0.175,120.0,1.8e-06,190000.0,0.3,600.0,7.7e-06,320000.0,318528.9601850738,0,1471.0398149260634,400.0000000000012,196.73418876006173,122834146229403.69,484395342007184.5,-1.25,604303032960.168,624366039291.7928,1210988355017.9648,1210988355017.9575,82075047.32646523,78.92154409945518,22597741503832.344,400.0000000000002,321.0785442195217,1,280455329.4256294,280455329.4256294,-1.8387800082564354e-07,-34.72005963644142,12.880211276902285,0.036579962594779615,122830704946945.5,36849211.543123305,3e-07,35182536779.46359,0.0003011372450848556,385
400.0,500.0,5.222222222222222,21.419068431419294,7.0,40.0,17.88888888888889,100.0,4.0,40.0,5.75,25.967226777328133,3.0,30.0,16.0,20000.0,0.175,105.0,1.8e-06,205000.0,0.31,550.0,7.850000000000001e-06,200000.0,199294.26316406147,0,705.7368359385753,249.99999999999983,198.37280442539875,55813254015045.84,87106729673077.1,0.1875,276814116548.0585,281355371149.3518,348426918692.30817,348426918692.3086,47570071.492444016,72.15599161589867,8278705463850.844,250.00000000000003,327.8440353705592,1,95827528.53047118,95827528.53047118,-1.0244548320770264e-08,18.819393784597196,10.35864314662085,0.029507133512739016,55812483022836.57,16743744.920293452,3e-07,16917038564.802206,0.0003178499896322562,386
700.0,900.0,7.333333333333334,42.23696789826278,9.0,40.0,13.666666666666668,100.0,8.0,10.0,,,,,16.0,35000.0,0.25,90.0,1.975e-06,200000.0,0.28,550.0,7.7e-06,630000.0,628819.8673150812,0,1180.1326849188654,450.0000000000007,348.88673849729804,920886525217206.5,1503305869150317.0,-2.0,2622762014957.7285,2639499939675.518,3340679709222.9316,3340679709222.9214,236096096.46626168,77.56984331705392,63653991510260.25,449.9999999999997,622.430156724047,1,306489929.35160756,306489929.35160756,4.0978193283081055e-08,28.561572625396366,11.226987551084987,0.016433746114328112,920884996691697.1,184176999.26404697,2e-07,134612407710.72757,0.00014999907138718666,387
600.0,200.0,15.77777777777778,300.0,4.0,40.0,3.111111111111111,7.601878519797524,8.0,30.0,5.75,25.967226777328133,7.0,50.0,24.0,35000.0,0.25,120.0,2.325e-06,200000.0,0.3,600.0,7.850000000000001e-06,120000.0,118375.64384988675,0,1624.3561501132353,99.99999999999999,310.45976500243745,139843919058919.12,14343228635968.578,-0.390625,482986135105.1828,450441360921.0237,143432286359.68576,143432286359.6858,46523757.19384247,72.36983197057862,9275129473435.156,99.99999999999997,527.6301315982547,1,94636396.0440462,94636396.0440462,3.573950380086899e-08,24.519670293513627,33.29213545435166,0.05856708738474986,139838032346106.84,48943311.11083245,3.5e-07,23246344216.792664,0.00018732501201531088,388
900.0,1000.0,9.444444444444445,70.05557692032795,1.0,10.0,20.0,255.55555555555557,10.0,40.0,20.0,100.0,1.0,20.0,16.0,42500.0,0.225,60.0,2.325e-06,200000.0,0.3,500.0,7.7e-06,900000.0,897174.3888437545,0,2825.6111562450233,499.99999999999983,445.9777363170098,2647757796025363.0,3230690357304098.0,10.0,5831779645665.338,5936973037917.041,6461380714608.193,6461380714608.198,357080152.56012243,133.19990118270985,299835192495597.5,500.0000000000001,766.7998332224448,1,1109876192.1635978,1109876192.1635978,1.9744038581848145e-07,-22.105781695827318,31.723137046681963,0.03732133770197878,2647747006968697.5,529549400.92681444,2e-07,295606666839.0862,0.00011509019166618692,389
800.0,200.0,9.444444444444445,70.05557692032795,3.0,10.0,7.333333333333334,42.23696789826278,10.0,20.0,5.75,25.967226777328133,3.0,20.0,20.0,50000.0,0.225,60.0,1.975e-06,195000.0,0.28,550.0,7.75e-06,160000.0,159211.66022492078,0,788.3397750792766,99.99999999999991,398.61898881812743,440395364233430.75,27061979981357.75,0.75,1097200295890.1315,1104802773041.9136,270619799813.57727,270619799813.57773,56481252.17902338,110.12209676447235,44493760101249.875,99.99999999999991,689.877878329855,1,209822030.49788427,209822030.49788427,1.1641532182693481e-08,-4.2164916687470395,30.810671775725293,0.03968742606703074,440394796041205.7,88078959.21944703,2e-07,54952656378.74687,0.000129903864096887,390
300.0,1000.0,17.88888888888889,166.66666666666666,1.0,40.0,17.88888888888889,188.88888888888889,10.0,40.0,,,,,24.0,20000.0,0.25,105.0,2.325e-06,195000.0,0.3,500.0,7.9e-06,300000.0,297944.4444471032,0,2055.5555528968343,499.9999999999999,145.21095097309723,48533059703394.42,527404276194470.5,-0.25,313543238417.0746,334224515287.3215,1054808552388.9408,1054808552388.9413,56508905.52327726,79.04407404264809,14223007203320.39,499.99999999999983,220.95592598227032,1,234909520.19800594,234909520.19800594,-5.960464477539063e-08,-37.926178419351345,13.71290628281806,0.05462100312998794,48527091825302.72,14558127.60850487,3e-07,22096933156.960384,0.0004933555774578891,391
1000.0,100.0,17.88888888888889,255.55555555555557,10.0,10.0,1.0,0.7853981633974483,5.0,50.0,,,,,28.0,20000.0,0.15,105.0,2.5e-06,210000.0,0.28,400.0,7.9e-06,99999.9999972195,98650.51007736647,0,1349.4899198530475,50.00000000003296,554.524949709942,219286560227795.75,1793393245628.921,80.2109375,492253292490.82245,395449402849.2298,35867864912.602066,35867864912.55477,66860484.26349899,19.093319797660047,330309726278.125,50.00000000024138,980.9066751062908,1,1929039.2189256134,1929039.2189256134,0.00826788006378365,27.25700292174713,17.028351970439772,0.017934019979399442,219283252770961.7,43856650.6772226,2e-07,16793619107.206598,0.0001030985838498072,392
800.0,600.0,13.666666666666668,233.3333333333333,4.0,20.0,13.666666666666668,211.11111111111111,1.0,10.0,10.5,86.59014751456867,5.0,30.0,16.0,27500.0,0.225,120.0,2.325e-06,195000.0,0.32,550.0,7.7e-06,480000.0,477989.65413438465,0,2010.3458656154032,300.00000000000017,403.25514266764793,735435554875280.8,412185687685251.5,1.25,1853673819038.8398,1823747491501.6943,1373952292284.1724,1373952292284.171,239737833.6693454,92.68136487642225,46524568511857.0,299.9999999999999,707.3187202120296,1,284949026.1402655,284949026.1402655,-2.1606683731079102e-07,-17.79074621244945,17.341239468997205,0.022142463679558286,735430320851534.8,183857580.05865982,2.5e-07,91576197354.06557,0.00013060433349976482,393
400.0,900.0,5.222222222222222,21.419068431419294,6.0,40.0,9.444444444444445,70.05557692032795,4.0,40.0,,,,,20.0,20000.0,0.15,75.0,2.325e-06,195000.0,0.28,600.0,7.9e-06,360000.0,359591.2632824967,0,408.7367175031834,450.0000000000002,199.43959897330794,97737520568199.75,492216980966774.75,-1.5,487322123748.6064,490060755593.88025,1093815513259.5,1093815513259.4989,70026835.51744606,43.48474317627597,5805865985497.016,450.00000000000006,356.51525683489467,1,62464246.91734503,62464246.91734503,-3.725290298461914e-09,0.02168808960414026,5.090105417322766,0.01432711454880014,97737173266033.2,24434293.302245963,2.5e-07,30477598582.446014,0.00031773474543327453,394
100.0,400.0,1.0,0.7853981633974483,2.0,10.0,11.555555555555555,104.87489549761482,1.0,50.0,,,,,20.0,42500.0,0.225,120.0,1.975e-06,205000.0,0.3,550.0,7.75e-06,40000.0,39893.55430335838,0,106.44569664162299,200.0,50.06320887304346,1417769222779.0024,22675975164541.523,-0.005859375,28391276066.8691,28319583476.44792,113379875822.70761,113379875822.70761,2408809.7164406413,9.388661110187098,30956296881.479736,200.0,90.611295891446,1,2516171.010337709,2516171.010337709,-2.4401063794622455e-09,17.060831107286504,1.7092746531401457,0.038651939481869374,1417589774850.7896,425276.932672335,3e-07,1793727385.315904,0.0012661602342789707,396
800.0,100.0,11.555555555555555,104.87489549761482,6.0,30.0,1.0,0.7853981633974483,9.0,20.0,,,,,28.0,27500.0,0.2,60.0,2.5e-06,190000.0,0.28,550.0,7.9e-06,80000.00000035051,79573.11901772513,0,426.880982625382,49.9999999999956,410.756805977446,126286381358494.06,1842068693681.0156,-8.265625,324440820797.4386,307448055688.2805,36841373873.61707,36841373873.62355,28577788.788109463,31.39322075093551,782005390305.4531,49.99999999994043,768.6067774445081,1,5533003.6672687875,5533003.6672687875,-0.0005710909554181853,5.926317480799639,24.999363075022284,0.032071023829406395,126285914800726.64,12628591.480072664,1e-07,15382877468.233261,0.0001321362692383033,397
600.0,200.0,7.333333333333334,42.23696789826278,10.0,30.0,7.333333333333334,42.23696789826278,3.0,40.0,1.0,0.7853981633974483,7.0,20.0,4.0,50000.0,0.225,120.0,1.8e-06,190000.0,0.32,450.0,7.7e-06,120000.0,119439.92377121872,0,560.0762287811523,100.00000000000014,301.84410444513236,185365931566135.38,20219264171252.133,-0.15625,621708087378.818,614111486149.0701,202192641712.5216,202192641712.52103,44399878.219866455,48.67985246517229,6764994746386.656,100.00000000000024,551.3201461389258,1,37933060.23411725,37933060.23411725,7.661583367735147e-09,8.690792481884387,14.712924517900868,0.02644623939706567,185365580674415.97,37073116.146092445,2e-07,33427417617.12944,0.00018734697134815728,398
100.0,700.0,20.0,144.44444444444446,3.0,20.0,5.222222222222222,21.419068431419294,4.0,20.0,,,,,24.0,35000.0,0.25,105.0,2.325e-06,210000.0,0.32,500.0,7.850000000000001e-06,70000.0,69480.99037355802,0,519.0096264419941,350.00000000000006,50.43529753878273,2083663053035.1377,106112252612676.06,0.03125,42039252725.57693,41313587005.86398,303177864607.64594,303177864607.6459,3991475.324706035,14.427562370750602,118992744577.11377,350.0000000000001,85.57243793491502,1,9245093.63203471,9245093.63203471,2.7474015951156616e-08,24.385764002681753,4.9469157827095005,0.06392281704089123,2082586373274.6587,624775.9141944264,3e-07,3724201021.244417,0.001829022357581959,399
800.0,900.0,5.222222222222222,21.419068431419294,4.0,40.0,7.333333333333334,42.23696789826278,1.0,30.0,,,,,8.0,35000.0,0.15,75.0,1.8e-06,195000.0,0.28,450.0,7.7e-06,720000.0,719872.086758359,0,127.91324164085106,450.0000000000001,400.09609300577495,1346657631346841.5,1702263985880657.0,-3.0,3367453050080.574,3365835495242.899,3782808857512.5723,3782808857512.5703,274833338.4191744,20.34032881835545,4680199926729.25,449.99999999999994,779.6596746586923,1,16168038.140851744,16168038.140851744,2.3432143903178483e-08,-24.115338380182948,1.1942022145393705,0.001558332598524443,1346657575211813.0,336664393.7944707,2.5e-07,183388564317.17166,0.00013649343908596104,400
400.0,200.0,3.111111111111111,7.601878519797524,10.0,30.0,15.77777777777778,211.11111111111111,6.0,30.0,,,,,20.0,35000.0,0.25,60.0,1.8e-06,205000.0,0.3,450.0,7.9e-06,80000.0,78657.31457966377,0,1342.6854203361931,100.00000000000024,189.19144229878617,43008821963551.06,9749288334580.45,-0.1796875,204018387263.5234,227329637329.09286,97492883345.80473,97492883345.80426,16602656.390099034,129.87238893690161,19245615775735.64,99.99999999999996,270.12747950005325,1,190059894.885673,190059894.885673,-9.313225746154785e-10,4.742462808208074,64.1993720178058,0.17729191412405115,43004450544663.016,27952892.608547807,6.5e-07,10923519403.852722,0.00030003843617177776,401
200.0,1000.0,11.555555555555555,104.87489549761482,9.0,40.0,7.333333333333334,42.23696789826278,2.0,20.0,,,,,8.0,20000.0,0.25,90.0,1.8e-06,200000.0,0.32,550.0,7.850000000000001e-06,200000.0,198971.65204545323,0,1028.34795454672,500.0000000000006,101.92385696147589,13907416440537.922,351390139039326.75,-0.5,141802236605.84937,136449079294.50218,702780278078.6544,702780278078.6526,21358748.82257563,25.323127106214013,574142500904.7734,500.0000000000001,174.67687292448247,1,29743005.078409247,29743005.078409247,-9.872019290924072e-08,18.82825930334002,8.804615109778897,0.04993165471043404,13905784281926.248,4867024.462442258,3.5e-07,8727348636.601025,0.000655395997727035,402
800.0,300.0,17.88888888888889,122.22222222222224,6.0,10.0,13.666666666666668,166.66666666666666,9.0,30.0,15.25,250.0,10.0,30.0,4.0,35000.0,0.175,105.0,2.325e-06,190000.0,0.3,400.0,7.8e-06,240000.0,232766.66656605873,0,7233.333433941102,149.99999999999955,396.4089490557934,524394651510858.0,74701070996333.25,2.5,1299321801819.019,1322862798026.921,498007139975.55347,498007139975.5565,127807208.20844191,231.9393006895696,188728409173367.25,149.99999999999991,568.0606980537327,1,1123626824.146382,1123626824.146382,4.6798959374427795e-08,-13.368957601811417,94.96467066520898,0.12443503472182876,524370616413956.9,104874123.31698227,2e-07,57282444386.10914,0.00013144257109146904,403
400.0,900.0,11.555555555555555,104.87489549761482,1.0,50.0,20.0,233.3333333333333,7.0,50.0,,,,,28.0,42500.0,0.2,120.0,2.15e-06,205000.0,0.28,450.0,7.75e-06,360000.0,358261.79188519396,0,1738.2081148060918,450.00000000000006,197.7731068416601,209484440536854.25,1050697235875675.5,0.25,1035888141607.5153,1059216007081.1366,2334882746390.39,2334882746390.3896,90094891.81888649,68.81937840898144,28788224274462.75,449.99999999999994,331.1806201128335,1,249004016.95956802,249004016.95956802,2.384185791015625e-07,18.38098525792884,10.146970122838143,0.029844029773053362,209478043553009.16,52369510.94030298,2.5e-07,70555842358.17233,0.00034781144524655665,404
1000.0,900.0,3.111111111111111,7.601878519797524,10.0,20.0,17.88888888888889,188.88888888888889,1.0,50.0,,,,,12.0,27500.0,0.175,120.0,2.15e-06,200000.0,0.28,600.0,7.9e-06,900000.0,899735.0923262489,0,264.9076737516787,450.0000000000005,499.6734472538775,2071838029361206.0,1671606179199396.0,-8.0,4140971567448.481,4146384084941.2446,3714680398220.8843,3714680398220.876,545056342.8966568,51.7944253389203,31032991976519.25,450.0000000000002,948.2057014731654,1,107509460.55013245,107509460.55013245,6.287629916304401e-10,38.457436996439355,2.06235159705622,0.0021915301227291976,2071837452395752.8,1139510598.7650323,5.5e-07,215470148619.40442,0.00010451101574889672,405
600.0,700.0,20.0,144.44444444444446,9.0,40.0,20.0,122.22222222222224,5.0,40.0,,,,,28.0,27500.0,0.225,60.0,2.15e-06,200000.0,0.3,500.0,7.75e-06,420000.0,418088.8889151991,0,1911.1110848012752,350.0000000000005,302.5007716676075,367033475559005.1,484781727741118.25,-2.75,1233729168362.49,1213330708333.8853,1385090650688.9114,1385090650688.9072,112781031.04366048,74.05041677490553,30425738599863.062,350.00000000000017,525.9496030556835,1,185037060.1782927,185037060.1782927,-4.470348358154297e-07,-0.013602767416159622,29.013088642830134,0.052751070259691155,367029297935993.25,110108789.44021454,3e-07,68809724716.54169,0.00019979063553313454,406
700.0,200.0,3.111111111111111,7.601878519797524,4.0,50.0,20.0,188.88888888888889,9.0,30.0,,,,,12.0,35000.0,0.25,105.0,1.8e-06,210000.0,0.31,450.0,7.75e-06,139999.99999668833,138280.88751997353,0,1719.1124767147453,99.99999999999139,332.6904795907811,227403223003155.38,16788724481180.477,13.28125,619105169802.8568,683527894404.6367,167887244811.7903,167887244811.8192,66038437.27917238,212.3877877826305,93549569512628.56,99.99999999997574,487.6122122288451,1,484401080.6887779,484401080.6887779,9.597744792699814e-05,-8.050208028158522,50.71761976611552,0.07684487843350836,227397923106596.97,79589273.31236927,3.5e-07,31295539897.70001,0.00015986919751089412,407
500.0,100.0,20.0,233.3333333333333,2.0,20.0,5.222222222222222,21.419068431419294,1.0,10.0,,,,,28.0,35000.0,0.25,105.0,2.5e-06,190000.0,0.29,450.0,7.8e-06,50000.0,49511.9142955728,0,488.08570442719633,49.999999999999964,258.2848214748804,40022396574566.766,1488615409764.6113,0.01171875,165576679208.86295,154954504666.69858,29772308195.292206,29772308195.292248,14970791.12838556,31.651978180773813,883861444024.1484,49.99999999999998,468.3481667772638,1,7547197.153214124,7547197.153214124,-1.4243783594415089e-08,0.12154521171214583,19.73817105501175,0.04049778627624817,40020743117508.47,12006222.965502977,3e-07,7596341399.9223585,0.0002118970378606549,408
400.0,1000.0,5.222222222222222,21.419068431419294,8.0,20.0,1.0,0.7853981633974483,7.0,20.0,20.0,100.0,1.0,10.0,24.0,27500.0,0.225,105.0,1.975e-06,195000.0,0.28,400.0,7.9e-06,400000.0,399623.14967217576,0,376.8503278245315,500.00000000000085,200.44207024554484,147597674991626.25,927405447120119.5,-5.125,739623202010.749,736360759050.3164,1854810894240.2422,1854810894240.2358,90545429.32767878,23.061405530661993,1484593250074.4219,499.9999999999999,376.9385948833145,1,18341320.97460719,18341320.97460719,-1.0058283805847168e-07,37.53703018894157,2.011793349275288,0.005301168245784685,147597307570694.06,44279192.28098949,3e-07,40836598125.04288,0.0002786368289887237,409
900.0,300.0,3.111111111111111,7.601878519797524,8.0,20.0,15.77777777777778,144.44444444444446,10.0,40.0,5.75,25.967226777328133,5.0,50.0,24.0,35000.0,0.2,90.0,1.8e-06,205000.0,0.31,600.0,7.75e-06,270000.0,268235.0682280278,0,1764.9317719719731,149.99999999999977,440.3867157516362,680278776549670.0,72186079961012.06,1.0,1480111214936.2156,1544730465787.54,481240533073.413,481240533073.4145,138171942.1860577,197.51829231116326,159261602862973.0,150.00000000000003,702.4817456548559,1,782855961.953627,782855961.953627,-1.3969838619232178e-09,-9.833122269015803,52.14335700770846,0.06119314293005206,680275256288190.6,442178915.8843496,6.5e-07,74013292512.62047,0.00011706012566794742,410
500.0,700.0,7.333333333333334,42.23696789826278,5.0,10.0,7.333333333333334,42.23696789826278,9.0,10.0,,,,,16.0,27500.0,0.2,120.0,1.8e-06,210000.0,0.32,400.0,7.8e-06,350000.0,349408.6824773081,0,591.3175226919257,349.99999999999983,249.2513176334573,206543189970079.5,398470931504831.0,0.25,823705983300.6663,828654355495.9927,1138488375728.0881,1138488375728.089,108929443.89121446,58.085711758066225,15974082264809.25,350.0000000000001,441.9144006495012,1,74695031.6463294,74695031.6463294,9.313225746154785e-09,29.592435230628325,3.9454032006129847,0.008112549418660103,206542772525612.38,72289970.4021815,3.5e-07,42272550247.935684,0.00021149308232915222,411
800.0,600.0,20.0,122.22222222222224,8.0,50.0,5.222222222222222,21.419068431419294,2.0,30.0,20.0,300.0,3.0,10.0,24.0,20000.0,0.25,60.0,2.325e-06,205000.0,0.31,400.0,7.9e-06,480000.0,477179.38405170396,0,2820.615948296075,300.0000000000002,405.3380153074473,540707231866480.25,320849338545351.75,-1.5,1370051468949.3057,1333966249023.9312,1069497795151.1733,1069497795151.1716,170492159.20679122,128.2060212638474,50637599853143.25,300.00000000000006,671.793978809863,1,310276832.9608141,310276832.9608141,-1.4901161193847656e-08,-24.589533552905777,40.20640064354488,0.052393774822567615,540696457581797.7,162208937.38260013,3e-07,69574477879.90335,0.00013627904477963072,412
500.0,900.0,1.0,0.7853981633974483,5.0,20.0,5.222222222222222,21.419068431419294,5.0,20.0,15.25,150.0,1.0,50.0,28.0,42500.0,0.175,120.0,2.5e-06,200000.0,0.32,450.0,7.8e-06,450000.0,449588.97765847534,0,411.02234152478945,449.99999999999994,249.81012427377092,399342177081807.75,1299593813194408.5,-0.25,1596156422887.3472,1598582836635.405,2887986251543.1294,2887986251543.1304,135972404.84221947,34.199880576158,7484857308749.125,449.9999999999998,465.8003438247733,1,56453006.02958889,56453006.02958889,1.30385160446167e-07,0.012561844414449297,2.3993293545660057,0.005025943021481692,399341424290739.7,179703640.9435856,4.5e-07,86780138722.64914,0.00021790621052038178,413
400.0,100.0,1.0,0.7853981633974483,9.0,40.0,11.555555555555555,100.0,1.0,50.0,1.0,0.7853981633974483,1.0,10.0,16.0,35000.0,0.2,105.0,2.325e-06,210000.0,0.28,500.0,7.8e-06,40000.0,39891.36061562432,0,108.639384375711,49.99999999999993,198.3618972988239,19058484831887.766,1168039094697.9604,0.0234375,94518270984.38872,96079363483.68839,23360781893.959175,23360781893.959244,9282621.925425433,58.645481859244406,1954423558392.1406,49.999999999999986,341.35446479932307,1,17330556.682535402,17330556.682535402,7.457856554538012e-10,2.1746141445050284,7.248047601473401,0.021056303560905383,19058317582552.996,5717495.279414875,3e-07,5842930097.060911,0.0003139297787384092,414
300.0,100.0,15.77777777777778,166.66666666666666,10.0,20.0,13.666666666666668,144.44444444444446,4.0,40.0,,,,,12.0,35000.0,0.25,105.0,2.325e-06,195000.0,0.31,450.0,7.75e-06,29999.9999930548,28972.6729179762,0,1027.3270750786023,49.9999999981173,159.68549393744954,10055552863078.223,909620100540.0361,-260.26171875,71664385566.77513,62970985122.90094,18192402010.115707,18192402011.485737,6083885.508532923,55.43439922996189,2054204220182.8438,49.99999999376099,244.5656230712078,1,26450008.685895365,26450008.685895365,0.0011557582765817642,-13.298841736999748,24.07168661822531,0.09508236975761071,10054075251785.217,3016222.5284883785,3e-07,3024774875.947455,0.0004031442742046611,415
400.0,800.0,3.111111111111111,7.601878519797524,4.0,30.0,20.0,277.77777777777777,8.0,40.0,15.25,300.0,3.0,40.0,28.0,20000.0,0.2,120.0,2.325e-06,210000.0,0.3,400.0,7.8e-06,320000.0,315947.37023790565,0,4052.629762094534,399.9999999999994,191.74251576123592,96000001628234.06,406395392936684.75,0.8125,460967834981.4862,500671440797.0761,1015988482341.7103,1015988482341.7135,90495583.8676464,126.5749005093522,37334450055037.56,399.99999999999994,273.4250911474629,1,431723280.2722175,431723280.2722175,-1.341104507446289e-07,-35.51270089620084,23.573727414248303,0.0673535068978523,95980658673797.25,19196131.55714097,2e-07,25252348227.21306,0.000297980300268754,416
300.0,300.0,9.444444444444445,70.05557692032795,8.0,40.0,5.222222222222222,21.419068431419294,1.0,30.0,20.0,100.0,1.0,20.0,8.0,35000.0,0.15,90.0,2.325e-06,205000.0,0.28,450.0,7.7e-06,90000.0,89218.13632027595,0,781.8636797240276,149.99999999999991,152.86241532632175,24706311230786.58,24756252433232.92,0.1875,167912986240.60086,161624498592.70502,165041682888.2194,165041682888.21957,14456872.166379157,36.2527600293964,999015999046.1797,149.99999999999997,263.7472400001775,1,25044135.597325023,25044135.597325023,1.955777406692505e-08,9.806110187353624,18.256919827910323,0.06827852837587413,24705337072508.22,0.0,0.0,10036421624.195396,0.0004277762670357784,417
600.0,700.0,3.111111111111111,7.601878519797524,10.0,20.0,15.77777777777778,144.44444444444446,4.0,20.0,15.25,200.0,7.0,50.0,32.0,42500.0,0.15,90.0,1.8e-06,195000.0,0.32,500.0,7.8e-06,420000.0,416546.20350682,0,3453.7964931802553,350.0000000000001,298.9445399557901,551003860967075.75,769981693295712.8,-0.75,1830240384566.2224,1843164156965.5757,2199947695130.6084,2199947695130.607,135772020.4522205,103.03976303791313,66571768750816.25,349.99999999999994,496.96025984401933,1,552777244.8071071,552777244.8071071,1.825392246246338e-07,18.39558265937376,37.263014378771295,0.06513247803092373,550993867284446.75,192847853.4622755,3.5e-07,95718650429.5823,0.0001797235453409311,418
300.0,900.0,11.555555555555555,100.0,6.0,50.0,11.555555555555555,104.87489549761482,3.0,20.0,20.0,250.0,1.0,40.0,20.0,20000.0,0.175,120.0,2.325e-06,210000.0,0.29,400.0,7.9e-06,270000.0,268585.3753497993,0,1414.6246502008328,450.0,150.3334918443366,42458567428313.94,394907658029275.75,0.3125,283687833380.5592,282429197296.0877,877572573398.3905,877572573398.3905,51048637.94485762,54.15091551776102,5446797081096.375,449.9999999999997,245.8490846198475,1,79054755.5515425,79054755.5515425,9.685754776000977e-08,38.79918366546917,7.340790925538939,0.026769496902128324,42454924416045.234,4245492.441604523,1e-07,16269686351.137426,0.00040275323880989753,419
200.0,1000.0,13.666666666666668,233.3333333333333,10.0,20.0,1.0,0.7853981633974483,6.0,50.0,,,,,12.0,42500.0,0.225,75.0,1.8e-06,200000.0,0.32,550.0,7.75e-06,200000.0,197661.9543015348,0,2338.045698465132,499.99999999999983,103.02788425850805,30228030354105.703,741930951796528.5,0.3125,311718787642.9088,293396594248.7989,1483861903593.0564,1483861903593.0576,19729256.07554998,15.773676435152733,138198953822.375,499.99999999999994,184.22630724425318,1,17527637.468250923,17527637.468250923,-9.650830179452896e-08,88.69525227375959,16.47989139538876,0.11023338726012548,30219364924362.676,16620650.82923356,5.5e-07,18924609349.30361,0.0006774686370746536,420
800.0,300.0,11.555555555555555,188.88888888888889,8.0,10.0,11.555555555555555,166.66666666666666,8.0,30.0,1.0,0.7853981633974483,5.0,30.0,28.0,35000.0,0.25,120.0,2.15e-06,210000.0,0.31,400.0,7.8e-06,240000.0,237147.70160099037,0,2852.298399009567,149.99999999999983,401.86916581343297,518011446239834.5,65809996513178.97,1.6875,1301108584815.3386,1289005204445.8677,438733310087.8593,438733310087.8603,133134677.13226564,158.65879711816396,122202373371069.38,150.00000000000023,641.3412029352157,1,403693473.94948965,403693473.94948965,-9.614450391381979e-08,-6.693401648724489,18.53257943023033,0.02425024932627809,518002962755310.7,103600592.50116006,2e-07,56854321829.50104,0.00013001982753145012,421
200.0,100.0,3.111111111111111,7.601878519797524,5.0,10.0,9.444444444444445,122.22222222222224,3.0,50.0,15.25,250.0,7.0,40.0,32.0,35000.0,0.25,75.0,1.8e-06,190000.0,0.32,500.0,7.850000000000001e-06,21156.328363823202,17430.144388386623,0,3726.183975436575,50.0000000000002,108.45485056814894,3287651196604.453,598788464750.0513,6.677734375,35912893441.196236,30313546875.79065,11975769295.001074,11975769295.000978,2475217.0149059677,71.10271912272262,1453323775635.963,50.000000000000306,128.89727099164318,1,56525491.19638285,56525491.19638285,-7.289345376193523e-07,18.65076076303376,70.56542266761588,0.48572757474085443,3274529587837.55,982358.8955288758,3e-07,1286988872.6517003,0.0005620161852263706,422
900.0,700.0,11.555555555555555,104.87489549761482,8.0,20.0,15.77777777777778,255.55555555555557,3.0,10.0,,,,,12.0,35000.0,0.25,90.0,2.5e-06,210000.0,0.31,500.0,7.7e-06,630000.0,628394.3341861276,0,1605.665813872301,349.9999999999996,450.193070570132,1539852982682363.0,916859150301673.5,1.0,3423364296842.053,3420427997108.5903,2619597572290.4927,2619597572290.4985,305947988.94389313,97.25490050052409,107442917530786.25,350.00000000000006,802.7449453253497,1,341614178.64147615,341614178.64147615,-4.6938657760620117e-07,-3.582288071833318,15.866728448530353,0.017987222070222204,1539848238130965.5,692931707.1352218,4.5e-07,171383493018.0483,0.00011571767442931784,423
800.0,300.0,15.77777777777778,233.3333333333333,4.0,20.0,9.444444444444445,70.05557692032795,2.0,30.0,,,,,12.0,20000.0,0.2,90.0,2.325e-06,190000.0,0.31,400.0,7.75e-06,240000.0,238926.55553894717,0,1073.4444610528267,150.00000000000014,410.1036148102411,280642601539964.62,37633995148439.64,-0.6875,719787646667.6615,684321209092.0503,250893300989.59784,250893300989.59738,107118676.75861466,65.13701903084014,13825557660486.188,150.00000000000003,734.862980986246,1,48239890.16066696,48239890.16066696,-2.3748725652694702e-07,33.039790853585146,18.02233592915939,0.023550057839091757,280639159889160.6,322735034.4011165,1.15e-06,34091669898.115788,0.0001341002582891833,424
600.0,800.0,3.111111111111111,7.601878519797524,1.0,20.0,1.0,0.7853981633974483,1.0,30.0,,,,,16.0,35000.0,0.25,120.0,1.8e-06,205000.0,0.3,500.0,7.7e-06,480000.0,479991.61272256816,0,8.387277431859921,400.0000000000003,300.01927551554,504109887190635.0,896000000790094.0,0.25,1680474263994.7507,1680258331150.2056,2240000001975.237,2240000001975.2334,173545187.90531114,2.930701354318152,52459732572.01953,400.0,597.0692988600194,1,295194.3152628114,295194.3152628114,2.438089907071664e-10,-34.22290792790443,0.06070056948387336,0.00010658572341329827,504109886240354.44,226849448.80702922,4.5e-07,90498972436.1907,0.0001795672043979253,425
300.0,800.0,13.666666666666668,211.11111111111111,1.0,50.0,5.222222222222222,21.419068431419294,6.0,20.0,10.5,150.0,1.0,10.0,4.0,35000.0,0.25,105.0,2.15e-06,195000.0,0.28,600.0,7.8e-06,240000.0,239360.37448216727,0,639.6255178328195,400.0000000000001,149.96544719119035,63642082787039.66,456546760840933.75,-0.75,424182840523.0049,424378308330.6024,1141366902102.3347,1141366902102.334,41000931.38370339,32.71768115756758,2909064306306.7656,400.0000000000001,267.2822614160056,1,57579195.6892167,57579195.6892167,-7.450580596923828e-09,30.155764310256927,6.401290251818515,0.023076952658730436,63640650195845.72,15910162.547933195,2.5e-07,24703197813.160614,0.0003925974969786484,426
900.0,300.0,13.666666666666668,211.11111111111111,4.0,20.0,11.555555555555555,104.87489549761482,10.0,50.0,15.25,200.0,3.0,40.0,28.0,20000.0,0.225,90.0,1.975e-06,190000.0,0.29,450.0,7.850000000000001e-06,270000.0,266906.8065735742,0,3093.193426425745,149.99999999999986,448.8888388967815,423635952995985.0,44283025340238.0,0.875,939094373014.3114,943743564747.8792,295220168934.91974,295220168934.9203,147726769.9906295,220.31396805251222,121241578421125.38,150.00000000000014,679.6859305422018,1,612235593.3896489,612235593.3896489,-3.725290298461914e-08,-13.342504914020537,45.442273511151996,0.05382738373463174,423627965933097.2,127088389.75359121,3e-07,42688485817.30334,0.00011821334656649635,427
300.0,700.0,9.444444444444445,122.22222222222224,10.0,30.0,5.222222222222222,21.419068431419294,4.0,30.0,,,,,32.0,35000.0,0.175,60.0,2.325e-06,205000.0,0.28,600.0,7.8e-06,210000.0,208692.10150581395,0,1307.8984941860167,349.99999999999966,152.93732015833316,58023571932363.94,309356400541251.6,0.375,394549942887.17084,379394459588.3674,883875430117.861,883875430117.8627,27708467.41700607,23.88921661564262,1184595172704.2734,350.0,276.1107834513933,1,27465659.25144973,27465659.25144973,-1.4901161193847656e-08,-37.407404773697635,20.05368932811239,0.07499821480695534,58021104835919.75,14505276.242343564,2.5e-07,23390596603.24517,0.00042742212040202044,428
500.0,100.0,15.77777777777778,188.88888888888889,1.0,50.0,13.666666666666668,188.88888888888889,7.0,20.0,5.75,25.967226777328133,10.0,50.0,24.0,35000.0,0.2,120.0,2.15e-06,205000.0,0.3,400.0,7.850000000000001e-06,50000.04139174604,48891.807570125704,0,1108.2338216203168,50.00000000011068,244.64641479623404,42035077268524.984,1463691779742.505,-80.1796875,164615183432.73706,171819715010.07278,29273835594.914898,29273835594.785297,17746369.21862373,145.36075532141552,15426374499218.281,50.00000000029535,354.63923257790435,1,124367117.58517607,124367117.58517607,-0.00041825175867415965,-6.115409385118255,46.319844849438375,0.09789329658012517,42033571896831.2,27321821.7900158,6.5e-07,7943039854.421892,0.00022306070310067742,429
1000.0,700.0,17.88888888888889,144.44444444444446,1.0,50.0,15.77777777777778,300.0,7.0,10.0,20.0,100.0,3.0,50.0,4.0,42500.0,0.25,75.0,2.5e-06,190000.0,0.28,500.0,7.8e-06,700000.0,697155.5554922564,0,2844.4445077435153,350.00000000000034,495.301432455115,2557828885442712.0,1233989693082870.5,-4.0,5068032782191.785,5164186327433.056,3525684837379.6333,3525684837379.6265,347262226.19129074,157.36815747748767,329347296391963.0,350.00000000000006,842.6318024636778,1,1166980130.002919,1166980130.002919,8.568167686462402e-08,-20.97071409670025,37.29989610923935,0.03797930365665046,2557818135957345.0,255781813.59573448,1e-07,254782609902.72614,0.00010348900696003411,430
400.0,700.0,7.333333333333334,42.23696789826278,5.0,20.0,1.0,0.7853981633974483,6.0,10.0,5.75,25.967226777328133,5.0,20.0,16.0,50000.0,0.25,105.0,1.8e-06,200000.0,0.29,500.0,7.8e-06,280000.0,279524.4305322976,0,475.56946770224874,350.0000000000004,200.36922314101668,187966584739456.5,577557561341547.8,-2.875,941571173027.262,938101080559.5059,1650164460975.8525,1650164460975.8489,63443658.86751259,23.721871594034827,2404810739454.3594,350.00000000000017,376.278128775782,1,29764207.961655762,29764207.961655762,1.2665987014770508e-07,25.855612875415318,4.532935134271112,0.01163783089671659,187966335347807.12,46991583.844745055,2.5e-07,49192696124.27425,0.00026399259596983165,431
300.0,100.0,20.0,144.44444444444446,1.0,50.0,13.666666666666668,188.88888888888889,3.0,10.0,5.75,25.967226777328133,10.0,20.0,20.0,35000.0,0.175,120.0,1.8e-06,205000.0,0.29,500.0,7.75e-06,30000.0,28769.544355894497,0,1230.455644105517,50.00000000000007,140.0538633887318,10000489990592.812,976340095793.0947,0.001953125,62524110944.28571,71404599263.61028,19526801915.861923,19526801915.861866,7375011.5483872695,116.7785717080978,5833838938479.52,49.999999999999915,183.22148139041758,1,108834770.46003136,108834770.46003136,-4.132743924856186e-09,2.7402132389033795,60.85940656423371,0.21492433147310772,9998183362476.453,2999455.033790844,3e-07,2800871790.559021,0.0003703102296706518,432
400.0,400.0,11.555555555555555,122.22222222222224,2.0,20.0,9.444444444444445,70.05557692032795,5.0,50.0,,,,,8.0,42500.0,0.2,105.0,1.975e-06,210000.0,0.32,600.0,7.7e-06,160000.0,159405.27767911478,0,594.7223208852803,200.00000000000003,199.79850482476888,93148213902234.53,92529343999553.38,0.1875,465272318874.0641,466210765610.7295,462646719997.76697,462646719997.7668,37093853.91494699,49.456571197281974,7146357961609.984,199.99999999999986,350.54341818876475,1,74459000.00771761,74459000.00771761,-1.210719347000122e-08,12.81506083066779,11.903301451901104,0.034474565727485376,93147304536912.58,23286826.13631352,2.5e-07,25898648009.38607,0.00028702177479216797,433
200.0,100.0,9.444444444444445,122.22222222222224,7.0,50.0,9.444444444444445,122.22222222222224,7.0,10.0,10.5,86.59014751456867,7.0,10.0,12.0,42500.0,0.225,120.0,1.8e-06,210000.0,0.29,400.0,7.7e-06,20000.000001958106,17099.308321947843,0,2900.691680010281,49.99999998852569,92.72582865822483,4382516956912.7324,1114793556622.3916,195.0517578125,40853421677.339714,47263173813.91232,22295871127.331238,22295871137.564426,4020115.3525953856,92.62662184913496,3313878052765.7266,49.99999998390261,107.37325147127176,1,85731170.06411318,85731170.06411318,0.008832137311401311,-10.392641934525955,73.10139434893591,0.3945502544162283,4377359690905.988,79449080.14391968,1.815e-05,1429219242.6799119,0.0005671101863669014,434
300.0,300.0,1.0,0.7853981633974483,7.0,20.0,17.88888888888889,166.66666666666666,7.0,40.0,,,,,32.0,27500.0,0.175,75.0,2.15e-06,205000.0,0.28,450.0,7.7e-06,90000.0,88827.83552564163,0,1172.164474358384,150.00000000000026,142.24745088263344,20535136381857.46,19512423064603.14,-0.125,130173087514.29109,144362069439.12646,130082820430.68782,130082820430.68738,15002546.337261202,95.02182657782905,8190875520747.859,150.00000000000006,204.97806470493384,1,124175955.17597175,124175955.17597175,-2.0489096641540527e-08,8.315856587039889,32.63264633039117,0.12998177334295077,20531964472873.785,7186187.471903351,3.5e-07,7133779388.241568,0.0003884053795143039,435
500.0,800.0,11.555555555555555,144.44444444444446,4.0,10.0,11.555555555555555,100.0,4.0,10.0,15.25,150.0,5.0,10.0,8.0,20000.0,0.2,90.0,2.15e-06,210000.0,0.3,400.0,7.850000000000001e-06,400000.0,397522.2221272711,0,2477.7778727287755,400.00000000000045,250.9339763327269,180330792753408.44,483578504514246.75,-1.75,724028071345.0986,718638405961.8062,1208946261285.6182,1208946261285.6155,112490441.7571457,95.31340298534762,29400650005768.5,399.99999999999994,404.6865970506705,1,222473976.72811225,222473976.72811225,5.066394805908203e-07,-35.54528323627892,15.265989780286347,0.031526826071964414,180324969518647.25,54097490.87141711,3e-07,35409961106.40782,0.00021341568124978364,436
700.0,300.0,5.222222222222222,21.419068431419294,7.0,20.0,3.111111111111111,7.601878519797524,9.0,30.0,10.5,86.59014751456867,10.0,40.0,24.0,35000.0,0.2,60.0,2.325e-06,200000.0,0.29,450.0,7.7e-06,210000.0,208049.84672973948,0,1950.153270260659,150.0000000000003,350.75371809392936,312051032498011.75,58444515849965.22,-2.375,893498509976.8005,889658516504.8677,389630105666.4356,389630105666.43396,64974786.515287615,124.71520468005576,37821542280211.56,149.9999999999999,575.2847959738524,1,267637077.57634118,267637077.57634118,-5.541369318962097e-08,-8.294293392522377,56.81982649635676,0.08500306489784465,312048586525889.4,202831581.1984604,6.5e-07,45577125411.94128,0.00015266041200334493,437
700.0,500.0,7.333333333333334,42.23696789826278,3.0,40.0,11.555555555555555,166.66666666666666,10.0,10.0,,,,,8.0,27500.0,0.25,75.0,2.325e-06,210000.0,0.3,500.0,7.9e-06,350000.0,348206.62242551293,0,1793.3775744871261,250.0,340.49712490580276,428273017516578.75,207979520763344.88,-0.125,1191292329454.5623,1257787470702.018,831918083053.3795,831918083053.3795,130713108.26276678,161.85148143955732,115265261037004.5,249.99999999999986,538.1485410629998,1,559075988.1746457,559075988.1746457,0.0,-13.824316497411928,32.195270134610006,0.0470538212578106,428268287006309.2,107067071.42056356,2.5e-07,58113097848.460655,0.00014917738064497215,438
900.0,700.0,7.333333333333334,42.23696789826278,7.0,30.0,20.0,255.55555555555557,3.0,40.0,,,,,4.0,50000.0,0.25,60.0,2.5e-06,195000.0,0.32,450.0,7.8e-06,630000.0,628937.67457079,0,1062.3254292096212,349.99999999999983,449.1590887797787,2151447543860267.0,1294828994451911.0,8.0,4772077001701.725,4789945472783.509,3699511412719.744,3699511412719.7476,244878203.39838427,80.37636445790712,94706669006561.5,350.00000000000017,819.6236493152791,1,294343089.7653863,294343089.7653863,-1.1175870895385742e-07,14.03001166965987,15.946639870310413,0.018760752788600486,2151444309513165.8,215144430.95131657,1e-07,254647101361.95157,0.00012016413247156627,439
100.0,400.0,5.222222222222222,21.419068431419294,5.0,30.0,9.444444444444445,70.05557692032795,9.0,30.0,1.0,0.7853981633974483,7.0,10.0,8.0,35000.0,0.175,60.0,1.8e-06,190000.0,0.28,600.0,7.9e-06,40000.0,39251.40889785298,0,748.591102147026,200.00000000000003,49.20673898378062,1194231135750.5718,20417712723356.36,-0.02734375,23511605907.114883,24269666318.35145,102088563616.78181,102088563616.78178,1772496.253986598,26.306324378866407,269617778247.59424,199.9999999999999,73.69365036510098,1,21426454.127731673,21426454.127731673,-7.850758265703917e-09,-9.66914957550918,23.745548016991112,0.3637615854049307,,,,,,440
200.0,400.0,15.77777777777778,122.22222222222224,9.0,40.0,20.0,166.66666666666666,10.0,10.0,10.5,150.0,10.0,10.0,8.0,35000.0,0.25,105.0,1.8e-06,205000.0,0.32,550.0,7.7e-06,80000.00006479301,74391.60895469671,0,5608.391110096302,200.0000000000002,94.77813336976475,12230194405091.29,60159584091236.0,-0.0625,116232441000.78502,129040254014.88708,300797920456.1803,300797920456.1797,12467108.93733613,81.50919687257543,7361149513785.781,199.9999999999999,118.49080325803715,1,247350315.02631027,247350315.02631027,-5.972106009721756e-08,-31.742754395465454,63.570347619361804,0.35274985252715174,12216885189544.62,3054221.2287866874,2.5e-07,5508786317.4093485,0.0006146920992606309,441
900.0,400.0,11.555555555555555,122.22222222222224,9.0,30.0,17.88888888888889,144.44444444444446,1.0,20.0,,,,,4.0,50000.0,0.225,120.0,1.8e-06,195000.0,0.28,550.0,7.8e-06,360000.0,358755.55557940085,0,1244.444420599232,200.0,453.1489697052503,1245901696800406.0,241794073545535.0,-0.25,2788181322931.247,2749430717255.74,1208970367727.675,1208970367727.675,198782129.5862922,46.403503414602994,19840761067139.625,200.00000000000006,853.5964568132042,1,84101698.23787835,84101698.23787835,3.31323109758486e-08,-50.03507338378404,18.966010563553905,0.02177359462340858,1245899287354530.5,311474821.6382592,2.5e-07,143580295193.20633,0.00011899060389362692,442
1000.0,500.0,11.555555555555555,104.87489549761482,10.0,50.0,15.77777777777778,144.44444444444446,1.0,40.0,15.25,200.0,1.0,10.0,8.0,42500.0,0.225,75.0,2.5e-06,190000.0,0.29,500.0,7.9e-06,500000.0,498406.8066334664,0,1593.1933665334884,250.00000000000006,502.7392018685517,1805556060774629.0,449354089291757.25,0.0,3631004228685.1245,3591436780867.384,1797416357167.0293,1797416357167.0286,241503743.79872873,71.65956419791969,38125278414838.75,250.00000000000028,928.3404190653617,1,188214616.31828013,188214616.31828013,7.078051567077637e-08,-32.57796642702306,29.732510607060096,0.031227984061676494,1805552872168579.2,180555287.2168579,1e-07,195260727048.55533,0.00011074408193951123,443
800.0,1000.0,13.666666666666668,166.66666666666666,8.0,30.0,3.111111111111111,7.601878519797524,2.0,40.0,,,,,24.0,27500.0,0.15,120.0,1.975e-06,195000.0,0.31,550.0,7.8e-06,800000.0,798651.4628537798,0,1348.537146220272,500.0000000000002,403.6081541310692,1202829581018587.5,1854404476593165.0,-2.5,3034445823127.0225,2980191477073.023,3708808953186.3315,3708808953186.328,391756343.44260836,21.283343391853606,1765748857906.5,499.9999999999999,778.7166586740417,1,30503284.6332684,30503284.6332684,2.00001522898674e-07,20.475178852697354,8.659482851882126,0.011417425382556063,1202826131669654.2,0.0,0.0,160978311711.37643,0.00013754168678769605,444
400.0,200.0,20.0,166.66666666666666,8.0,30.0,7.333333333333334,42.23696789826278,10.0,50.0,15.25,250.0,7.0,20.0,12.0,42500.0,0.175,90.0,2.15e-06,205000.0,0.29,450.0,7.850000000000001e-06,80000.0,74744.29710799476,0,5255.702892005292,99.99999999999989,206.70173463964562,55535347504552.53,14944874270404.664,0.171875,287303910363.7134,268673833828.10175,149448742704.04648,149448742704.0468,19791177.646130204,117.25828235920136,18731808994022.062,100.00000000000004,282.74171756683734,1,284694612.8518085,284694612.8518085,2.223532646894455e-08,-12.418570122314122,84.42573818304345,0.24377017768577097,55517157360981.555,0.0,0.0,13401971698.296936,0.00030921298305552604,445
100.0,200.0,11.555555555555555,104.87489549761482,6.0,20.0,9.444444444444445,70.05557692032795,8.0,10.0,,,,,28.0,42500.0,0.225,75.0,2.5e-06,195000.0,0.28,450.0,7.850000000000001e-06,20000.0,18810.3060212063,0,1189.693978793693,99.99999999999987,49.33031032797597,871816184317.7646,3347687095313.7305,0.01171875,17205871793.588577,17673032634.93448,33476870953.13726,33476870953.13735,1188411.1585511412,33.8013214394452,406598975327.39404,100.0,66.19868094239507,1,18906057.29619689,18906057.29619689,6.984919309616089e-09,-10.013746455399087,25.050759305566096,0.2937548319742931,870182875855.4797,565618.873105109,6.5e-07,947773513.3393416,0.0014066238175714603,446
800.0,400.0,9.444444444444445,122.22222222222224,7.0,20.0,17.88888888888889,122.22222222222224,3.0,10.0,1.0,0.7853981633974483,5.0,30.0,24.0,42500.0,0.2,120.0,1.8e-06,205000.0,0.28,400.0,7.8e-06,320000.0,318769.92379210313,0,1230.0762078970154,200.00000000000026,402.1352196703861,753544374713351.5,184090188138508.62,-6.25,1893971047372.1055,1873858189618.4104,920450940692.5443,920450940692.542,159386800.94425073,74.18947281996877,40439112285551.125,200.00000000000003,725.8105216933716,1,121143341.37776884,121143341.37776884,-2.0227162167429924e-09,17.381673193753898,14.361563893836388,0.018387378195903314,753541937380814.2,150708387.50562885,2e-07,94501871344.84517,0.00013137271517874095,447
500.0,800.0,7.333333333333334,42.23696789826278,6.0,30.0,7.333333333333334,42.23696789826278,1.0,20.0,,,,,32.0,50000.0,0.15,75.0,2.15e-06,200000.0,0.29,600.0,7.8e-06,400000.0,399704.3412299535,0,295.65877004639617,399.9999999999997,250.33872851091823,418768090736902.0,1069047462104226.0,1.5,1677345021273.0156,1672805854802.5977,2672618655260.563,2672618655260.567,95613696.14665394,15.512758480260565,1860528228342.0938,399.99999999999994,484.48733205018306,1,16868707.148737244,16868707.148737244,-1.7708543230810367e-08,21.301292161984748,4.142652810263955,0.008696961814963013,418767891920612.2,41876789.192061216,1e-07,91965144158.3917,0.0002209956667374526,448
600.0,800.0,15.77777777777778,144.44444444444446,10.0,50.0,20.0,255.55555555555557,10.0,50.0,5.75,25.967226777328133,5.0,20.0,28.0,50000.0,0.2,60.0,2.325e-06,200000.0,0.32,400.0,7.850000000000001e-06,480000.00000000006,475740.32772923197,0,4259.672270767989,400.000000000001,298.3967874141082,755230567969661.2,1319152819897170.0,-4.5,2504053459823.753,2530960787193.629,3297882049742.9336,3297882049742.9165,129391270.51890521,105.34062592946195,115267401936868.75,399.99999999999926,494.659417541057,1,574429296.3088284,574429296.3088284,-8.42846930027008e-08,-29.196693174135362,42.238998781650736,0.07822036811416803,755216746213624.2,151043349.1242205,2e-07,146936985836.92822,0.00020691286961795576,449
500.0,900.0,11.555555555555555,104.87489549761482,1.0,20.0,17.88888888888889,100.0,1.0,30.0,,,,,20.0,35000.0,0.175,105.0,2.15e-06,195000.0,0.31,500.0,7.9e-06,450000.0,449795.12510043173,0,204.8748995682791,449.9999999999999,250.02442892674583,329681592944467.1,1063125267361116.0,-1.0,1318855244650.508,1318597524088.5757,2362500594135.8125,2362500594135.814,127395122.57483183,23.348512908637595,3870048942867.125,449.99999999999994,476.6514556199378,1,24326871.93073661,24326871.93073661,1.3023765790813533e-09,-33.77823214154341,1.5181662030485086,0.0032928053570393133,329681267098060.4,0.0,0.0,73114458591.61703,0.00022298842614537878,450
600.0,300.0,20.0,100.0,3.0,30.0,3.111111111111111,7.601878519797524,3.0,20.0,,,,,24.0,50000.0,0.225,120.0,2.325e-06,200000.0,0.3,600.0,7.75e-06,180000.0,179677.1943817547,0,322.80561824532344,150.0,301.18777454791706,273294817016291.62,67900984822575.84,0.0625,914603867371.2725,907390140341.8755,452673232150.5056,452673232150.5056,65603742.378639124,21.969510000763353,1485423538226.9688,150.00000000000003,578.0303962744903,1,14468051.34716253,14468051.34716253,0.0,8.945084806462546,7.537816217968463,0.01303118439402835,273294336684840.72,27329433.66848407,1e-07,48387425812.34547,0.000179759987301775,451
1000.0,1000.0,15.77777777777778,166.66666666666666,8.0,30.0,11.555555555555555,104.87489549761482,5.0,20.0,,,,,4.0,35000.0,0.175,75.0,2.325e-06,195000.0,0.32,600.0,7.7e-06,1000000.0,998142.2922774691,0,1857.7077225309731,500.00000000000006,501.6657535850102,2980996817875412.0,2945628414545307.0,1.0,5981922453294.48,5942197163295.63,5891256829090.614,5891256829090.613,485203120.06978536,69.94903066374447,87829180161107.0,500.0000000000003,930.0509693415474,1,325116862.42071295,325116862.42071295,1.1175870895385742e-08,-49.250387950305594,19.547516123864312,0.02006474054456137,2980992516735818.0,1043347380.5929518,3.5e-07,306706344382.247,0.00010548839829944382,452
500.0,800.0,5.222222222222222,21.419068431419294,4.0,30.0,20.0,100.0,5.0,30.0,,,,,28.0,35000.0,0.15,120.0,2.5e-06,210000.0,0.3,450.0,7.8e-06,400000.0,399414.32366867445,0,585.6763313256189,400.00000000000006,248.92816015385546,296218492025125.25,753461678646389.0,1.5,1179815674297.2305,1189975822108.8406,1883654196615.9727,1883654196615.9722,122906444.69489889,54.903125539327476,18783821216366.5,400.0000000000004,445.09687481844634,1,104314449.69626623,104314449.69626623,8.568167686462402e-08,33.38331946959079,3.846710728344538,0.008362414626835952,296217625643394.3,192541456.75134215,6.5e-07,66978203227.56325,0.00023017017190088583,453
1000.0,700.0,13.666666666666668,146.6949236301234,6.0,10.0,11.555555555555555,144.44444444444446,5.0,30.0,,,,,32.0,42500.0,0.175,75.0,2.325e-06,190000.0,0.31,450.0,7.850000000000001e-06,700000.0,698397.6082156852,0,1602.391784314882,350.00000000000017,500.44268659765316,2532428160633552.0,1226778386230349.0,-7.0,5069344583078.733,5060375999998.534,3505081103515.2847,3505081103515.2812,340281570.74610317,86.53521668652202,112766890987270.5,350.00000000000017,913.4647833921019,1,313261251.81237304,313261251.81237304,6.593763828277588e-07,43.355554502610175,12.873238736799038,0.013350904425933638,2532424630992813.5,1646076010.2183378,6.5e-07,255252113254.47794,0.00010346132155252719,454
800.0,400.0,3.111111111111111,7.601878519797524,4.0,50.0,9.444444444444445,70.05557692032795,2.0,20.0,1.0,0.7853981633974483,1.0,20.0,12.0,50000.0,0.25,75.0,2.325e-06,205000.0,0.29,600.0,7.7e-06,320000.0,319827.9105372715,0,172.0894627283571,200.00000000000009,399.59374080362284,856961609280920.0,214091882204208.12,0.75,2140230302595.314,2144582163768.3433,1070459411021.0411,1070459411021.0402,122579333.8655414,45.93723111177001,15968830373037.625,199.99999999999997,754.063025044578,1,66279467.87454514,66279467.87454514,1.2034433893859386e-08,-10.749977013954776,4.821416500389505,0.006218953565695979,856961445429897.0,214240361.33468592,2.5e-07,113545096919.01813,0.00013319908947820674,455
600.0,300.0,5.222222222222222,21.419068431419294,3.0,20.0,3.111111111111111,7.601878519797524,10.0,50.0,,,,,24.0,35000.0,0.175,90.0,2.325e-06,200000.0,0.31,550.0,7.9e-06,180000.0,179859.72400928978,0,140.27599071015715,150.00000000000014,299.9722820641981,190590039509161.38,47414253465832.125,-1.0,635241439759.0514,635358834481.8224,316095023105.5478,316095023105.5472,56831121.0853646,38.03901157843738,4155981987348.5312,149.99999999999997,561.9611458046634,1,23595140.87105344,23595140.87105344,2.561137080192566e-09,9.549013412492968,4.003793530432747,0.007300271833530547,190590008405111.34,47647502.1015408,2.5e-07,34027114676.13954,0.00018025248543621344,456
400.0,600.0,17.88888888888889,255.55555555555557,6.0,20.0,13.666666666666668,211.11111111111111,2.0,50.0,20.0,200.0,3.0,10.0,4.0,27500.0,0.225,75.0,2.15e-06,195000.0,0.32,450.0,7.8e-06,240000.0,236844.4444009147,0,3155.55559908531,299.9999999999999,205.1357581866472,97652023623990.62,228906338769047.38,0.4375,501128491893.98663,476036086966.07556,763021129230.1576,763021129230.1582,49471121.331691176,69.23234177601272,12586793025907.969,299.99999999999983,330.7676190642228,1,158981742.94744807,158981742.94744807,9.313225746154785e-08,-29.13285475561861,26.1099771098502,0.07608541168484759,97640835254521.48,29292250.64957752,3e-07,25342366386.029995,0.00029134125798649407,457
200.0,100.0,11.555555555555555,104.87489549761482,6.0,50.0,9.444444444444445,70.05557692032795,5.0,40.0,10.5,86.59014751456867,7.0,30.0,4.0,50000.0,0.25,90.0,1.8e-06,195000.0,0.32,550.0,7.9e-06,19999.999995618564,18041.552738900107,0,1958.4472567184578,49.99999999749158,99.44862959979913,3711406228519.8594,886032255369.6255,-1754558.58984375,36910548446.51272,37319832796.643745,17720645106.503494,17720645108.28153,2336710.3359741056,70.69121577938805,1476598656718.8184,49.99999999544222,129.30878408261805,1,49991943.451770835,49991943.451718144,-72.57968788888684,6.1050289643503675,72.52889050206332,0.46709124406754016,3708970297174.475,1298139.6057809235,3.5e-07,2919402942.2407713,0.000900696461294421,458
400.0,300.0,17.88888888888889,100.0,5.0,30.0,13.666666666666668,100.0,10.0,10.0,,,,,16.0,42500.0,0.15,105.0,2.5e-06,190000.0,0.29,600.0,7.8e-06,120000.0,118500.00000486005,0,1499.9999951399218,149.99999999999986,197.15494741464062,74820311009232.94,39772195990877.08,0.09375,368854502762.6333,379500042937.68396,265147973272.5136,265147973272.5141,30194753.514552012,90.21153907221213,19622399375839.844,149.99999999999991,309.78846128544984,1,223877221.73609045,223877221.73609045,-9.313225746154785e-09,-12.709786538820481,30.300841805454645,0.07908005694228057,74818042899916.1,22445412.9002533,3e-07,18116493325.933304,0.00027201435394179005,459
700.0,1000.0,3.111111111111111,7.601878519797524,3.0,30.0,15.77777777777778,188.88888888888889,7.0,40.0,15.25,200.0,3.0,40.0,32.0,27500.0,0.225,90.0,1.8e-06,200000.0,0.29,550.0,7.8e-06,700000.0,697454.9721578672,0,2545.027842132876,500.0000000000006,346.6497434905398,810378952112705.5,1667806282199562.0,-9.0,2293415491240.7974,2337745714024.511,3335612564399.128,3335612564399.1196,266133637.6781072,118.84135142157469,106410175987978.0,499.9999999999999,581.1586478945418,1,686596735.6378884,686596735.6378884,1.1920928955078125e-07,33.303925206462736,21.69167824011943,0.03326377647758057,810371154031516.4,283629904.0759385,3.5e-07,123229178266.79749,0.00015718297947191247,460
900.0,300.0,7.333333333333334,42.23696789826278,3.0,10.0,3.111111111111111,7.601878519797524,8.0,40.0,,,,,12.0,20000.0,0.2,90.0,1.8e-06,200000.0,0.29,500.0,7.7e-06,270000.0,269812.4740669877,0,187.52593301223374,149.9999999999999,451.00864931656673,370663094139709.1,40837873276755.94,0.25,825546179398.564,821853626757.2501,272252488511.70605,272252488511.70645,128647003.50922927,54.32378058122328,8223134642459.4375,150.00000000000003,845.6762206816171,1,26769390.473713763,26769390.473713763,1.3562384992837906e-08,7.558401884224622,4.865620499596525,0.005667950361624959,370663001658766.8,111198900.475707,3e-07,41724354450.43705,0.00011457565203465986,461
900.0,300.0,11.555555555555555,104.87489549761482,8.0,30.0,17.88888888888889,144.44444444444446,10.0,20.0,1.0,0.7853981633974483,3.0,20.0,4.0,27500.0,0.225,105.0,2.15e-06,210000.0,0.3,500.0,7.9e-06,270000.0,267711.84409013763,0,2288.155909862105,150.0,443.93398627790356,573935116449537.2,58292664595541.66,-0.3125,1258447459755.8245,1292838877378.162,388617763970.2777,388617763970.2777,158971875.89775008,206.40113057598066,162734407100496.62,149.99999999999991,693.5988696093049,1,619973139.5248303,619973139.5248303,7.110793376341462e-08,-17.147132641509245,33.72318780817587,0.038715312230992734,573930159767918.6,172179047.7400826,3e-07,58599850409.007545,0.00011857267634861031,462
400.0,100.0,11.555555555555555,104.87489549761482,7.0,50.0,15.77777777777778,166.66666666666666,4.0,50.0,,,,,20.0,50000.0,0.25,105.0,2.5e-06,205000.0,0.3,600.0,7.75e-06,40000.000000012085,39370.68396854349,0,629.3160314686116,50.00000000019812,198.42179560109733,28654211808382.484,1672042818956.3047,-54.15234375,142149355352.32135,144410606312.5659,33440856379.2586,33440856378.993587,9766471.261583766,87.73105640972061,6358147749797.734,50.000000000747775,312.2689436280029,1,78568828.76293859,78568828.76293859,0.0012383329449221492,-5.087633613846265,39.4331878595961,0.11526427103515986,28653256218490.97,21489942.13573024,7.5e-07,9101427647.791399,0.00034766982914030594,463
700.0,200.0,7.333333333333334,42.23696789826278,7.0,20.0,20.0,255.55555555555557,9.0,30.0,5.75,25.967226777328133,1.0,30.0,32.0,42500.0,0.175,60.0,2.5e-06,200000.0,0.29,400.0,7.7e-06,140000.00000740043,137517.72911066984,0,2482.270896730698,100.00000000008362,335.9701451882459,278985979421812.12,20482148625064.9,-157.1875,766382140734.255,830389198020.8383,204821486250.82025,204821486250.47772,49943885.48168137,208.84649636288432,114496487984699.75,100.00000000023569,491.1535036403675,1,537341090.8398695,537341090.8398695,-0.00106425816193223,-3.3021527479650103,89.96762999114351,0.136314590895672,278977695780058.53,153437732.10077477,5.5e-07,36340240832.768974,0.0001547841807231535,464
1000.0,600.0,7.333333333333334,42.23696789826278,1.0,10.0,9.444444444444445,70.05557692032795,1.0,40.0,,,,,12.0,20000.0,0.225,90.0,2.325e-06,195000.0,0.32,600.0,7.8e-06,600000.0,599887.7074597045,0,112.29254029553309,300.0,499.83469883815263,1004289165453953.5,360000093185024.75,0.25,2007914509705.218,2009242591177.4167,1200000310616.7493,1200000310616.7493,314512256.51698905,45.09535987198652,11691298661476.625,300.00000000000006,954.9046401489896,1,40447467.67390102,40447467.67390102,1.9061975194509576e-09,0.030662681827379856,1.7480107780627288,0.0018298455368304094,1004289061594221.4,753216796.208581,7.5e-07,102792345872.91086,0.0001028112853626265,465
900.0,700.0,20.0,211.11111111111111,4.0,10.0,15.77777777777778,144.44444444444446,6.0,20.0,,,,,4.0,35000.0,0.225,60.0,2.15e-06,210000.0,0.29,450.0,7.9e-06,630000.0,628288.8889151246,0,1711.11108487571,349.9999999999999,449.9787132481331,1542726917653906.0,916663329810805.5,-2.0,3428119875814.9766,3428444217989.475,2619038085173.729,2619038085173.731,250390938.7824306,102.2094956426514,117603564572883.75,349.99999999999994,797.7904000054763,1,338594534.5142317,338594534.5142317,-5.960464477539063e-08,33.7392090572539,16.693877462025025,0.019141915808047794,1542721846501347.8,308544369.3007456,2e-07,172131044653.773,0.00011627918127425116,466
700.0,400.0,15.77777777777778,144.44444444444446,10.0,20.0,11.555555555555555,188.88888888888889,5.0,30.0,1.0,0.7853981633974483,3.0,50.0,24.0,35000.0,0.15,120.0,1.8e-06,200000.0,0.28,400.0,7.9e-06,280000.0,277606.39868374774,0,2393.601316252245,200.00000000000023,352.72748779123214,440223746438041.25,134270762237181.38,-2.875,1267660787886.933,1248056252135.913,671353811185.9076,671353811185.9061,128905271.75369388,110.32433769419724,65911563318627.25,200.00000000000017,589.6756637625807,1,254151190.49509913,254151190.49509913,-1.1183146852999926e-07,47.07583817499295,20.388436590171825,0.030695203963806896,440217586771254.9,88043517.2708312,2e-07,61010030597.98138,0.00015499779645208916,467
200.0,500.0,13.666666666666668,166.66666666666666,3.0,50.0,20.0,277.77777777777777,2.0,20.0,,,,,12.0,50000.0,0.15,75.0,2.15e-06,190000.0,0.3,550.0,7.850000000000001e-06,100000.0,98944.44447632362,0,1055.555523676369,250.00000000000023,99.5293547480698,17179720019662.844,109675048305540.62,-0.203125,170992432432.22623,172609578984.49567,438700193222.1629,438700193222.1621,9865962.502249248,35.93053914045461,2328975985264.383,250.0,164.06946529871365,1,61971306.81626199,61971306.81626199,3.725290298461914e-08,13.675502996717114,21.689940016794743,0.12758788245173378,17176126777526.867,0.0,0.0,11778853486.955608,0.0007125934641577764,468
100.0,1000.0,1.0,0.7853981633974483,4.0,40.0,11.555555555555555,104.87489549761482,10.0,10.0,,,,,24.0,50000.0,0.25,75.0,1.8e-06,195000.0,0.29,500.0,7.9e-06,100000.0,98948.10945544943,0,1051.890544550568,500.00000000000114,48.99082514125234,4340826140481.256,431247766238472.5,-0.59375,85098928820.19124,88604879137.38153,862495532476.947,862495532476.943,5064449.031326667,22.482964019893327,970841552404.3867,499.9999999999998,77.51703808004999,1,41929308.04835434,41929308.04835434,5.587935447692871e-08,26.959174715681,9.82510399127195,0.11665690746963057,4339119308392.1426,1952603.7069757436,4.5e-07,5964179592.377493,0.001448783922832846,469
900.0,400.0,1.0,0.7853981633974483,6.0,50.0,17.88888888888889,211.11111111111111,4.0,40.0,,,,,16.0,42500.0,0.2,90.0,2.5e-06,190000.0,0.32,550.0,7.75e-06,360000.0,359150.8431486853,0,849.1568513146674,199.99999999999983,446.7795651284627,1052737256946940.5,205588276312817.75,3.75,2322793007436.509,2356278888100.548,1027941381564.0879,1027941381564.0896,173569317.83710787,117.6366888906612,95534196194319.25,200.00000000000009,782.3633111675033,1,391627082.9105901,391627082.9105901,1.4901161193847656e-08,12.852400934250909,18.1758898354085,0.02135687819320399,1052734561970944.5,368457096.4662881,3.5e-07,127994956817.9393,0.00012445545536835588,470
400.0,100.0,15.77777777777778,188.88888888888889,9.0,50.0,13.666666666666668,122.22222222222224,3.0,30.0,,,,,24.0,20000.0,0.175,60.0,2.5e-06,195000.0,0.31,450.0,7.7e-06,39999.99999636613,39200.40487177216,0,799.5951245939659,49.99999999984936,200.31580019895142,13906110725196.086,679824976003.0166,-32.455078125,69640516070.13057,69420937895.9857,13596499520.019367,13596499520.101295,8872582.499525316,115.50856456435208,5665590887317.059,49.99999999962572,284.49165876961695,1,57950302.76421639,57950302.76421639,-0.0006804962176829576,5.434398161203717,49.1057790010803,0.1352155456546718,13904746131234.8,7647610.373514877,5.5e-07,3208205333.309509,0.00030628326818934516,471
100.0,100.0,11.555555555555555,100.0,4.0,20.0,17.88888888888889,300.0,7.0,50.0,,,,,32.0,27500.0,0.25,60.0,2.325e-06,200000.0,0.32,400.0,7.850000000000001e-06,10000.000001109014,8952.146223996091,0,1047.85377711292,49.999999999503736,55.85944078844013,264735605130.25098,262973793056.92822,9.6455078125,5997558931.263381,4739317139.476929,5259475861.086363,5259475861.190766,440527.1124861485,29.661235406900968,44095199357.20654,49.99999999919582,70.33875004380359,1,3838646.926827097,3838646.926827097,0.0013020975748077035,14.074732456007041,29.73063779757111,0.7241562663453672,,,,,,472
900.0,600.0,20.0,166.66666666666666,7.0,30.0,11.555555555555555,104.87489549761482,9.0,50.0,,,,,8.0,42500.0,0.2,105.0,1.975e-06,200000.0,0.32,550.0,7.8e-06,540000.0,537889.4592963288,0,2110.5407036711867,299.99999999999943,450.718669669086,1603108473585439.0,697718825433010.0,8.5,3568161784965.9688,3556782936820.4966,2325729418110.029,2325729418110.0376,282993865.4307198,100.67052287049387,113720273696544.0,300.0,799.3294589879416,1,448322513.15004444,448322513.15004444,6.891787052154541e-08,49.79646196660906,23.023553709516523,0.027271911466630657,1603103803284717.2,320620760.673676,2e-07,187538425925.81943,0.00012190556914729993,473
300.0,500.0,13.666666666666668,100.0,6.0,50.0,9.444444444444445,70.05557692032795,1.0,50.0,20.0,300.0,10.0,30.0,28.0,35000.0,0.2,75.0,2.5e-06,205000.0,0.32,450.0,7.8e-06,149999.99998738943,143606.47520194482,0,6393.524785444579,250.00000000000003,151.1584923691684,42765705134788.125,154469429202831.8,-0.25,287323783637.4178,282919632661.7438,617877716811.3273,617877716811.3271,23101469.83078928,89.98969679362355,11978007208197.36,250.00000000000006,210.01031763579667,1,278969009.9114799,278969009.9114799,-4.112953320145607e-07,-2.487244088122452,74.5821171453467,0.3040720516833187,42737919643037.664,12821375.863546303,3e-07,20478893914.68161,0.0005259143467270388,474
1000.0,300.0,9.444444444444445,70.05557692032795,10.0,20.0,9.444444444444445,70.05557692032795,9.0,30.0,5.75,25.967226777328133,5.0,30.0,24.0,27500.0,0.25,105.0,2.15e-06,190000.0,0.32,600.0,7.75e-06,300000.0,298409.2717663265,0,1590.7282336735418,150.0000000000002,500.78111638944176,737466352876189.2,63638800764465.34,-0.625,1477240499282.652,1472632111596.4062,424258671763.10284,424258671763.10175,181079864.92679396,154.94120024893914,98953867731397.0,149.99999999999972,845.0588564138869,1,436650940.17030287,436650940.17030287,4.959292709827423e-08,-17.19916251374707,24.34274645341244,0.02521838481655047,737464841108838.5,147492968.20182925,2e-07,71829219120.61035,0.00010518343491185459,475
200.0,500.0,3.111111111111111,7.601878519797524,1.0,40.0,15.77777777777778,277.77777777777777,5.0,50.0,,,,,12.0,50000.0,0.2,90.0,2.325e-06,200000.0,0.32,500.0,7.75e-06,99999.99999999999,98603.50928801813,0,1396.4907119818777,250.00000000000023,98.32871700315505,17030062761778.914,108015717423858.06,-0.203125,167501208402.25247,173195209709.0057,432062869695.4326,432062869695.4319,10844288.581717135,46.16943118106154,3383184936848.664,250.0,153.83056897784078,1,92092610.81411923,92092610.81411923,7.450580596923828e-09,12.234759061015211,21.73896060687113,0.15297157575887532,17023921692605.139,4255980.392678518,2.5e-07,14283102592.427294,0.0008617964561535604,476
800.0,900.0,13.666666666666668,211.11111111111111,8.0,40.0,17.88888888888889,300.0,10.0,10.0,,,,,32.0,50000.0,0.15,120.0,1.975e-06,190000.0,0.31,500.0,7.9e-06,720000.0,715311.1111391911,0,4688.888860809242,449.9999999999997,397.9119895435372,2010330519378804.0,2478279025007966.0,11.0,4999727589729.955,5052198908821.383,5507286722239.921,5507286722239.928,365270836.5721084,125.60621125777992,276089835898461.0,450.0000000000001,674.3937869705051,1,1175414896.5313582,1175414896.5313582,1.0952353477478027e-06,69.37746188027086,27.919164606851233,0.035745427338122734,2010311520032559.2,402062304.0830511,2e-07,248153569599.03143,0.0001309998132041727,477
700.0,500.0,7.333333333333334,42.23696789826278,7.0,50.0,1.0,0.7853981633974483,5.0,30.0,10.5,100.0,5.0,50.0,32.0,50000.0,0.2,75.0,2.5e-06,210000.0,0.29,600.0,7.9e-06,350000.0,348700.4142351667,0,1299.5857648333238,249.99999999999983,350.6756342285374,722187456656447.8,371476110734990.5,2.5,2067383576469.2183,2059417268169.2334,1485904442939.961,1485904442939.9631,117711506.3009758,69.8525305469246,25448094276113.75,249.99999999999983,630.1474192739543,1,217540868.3494805,217540868.3494805,1.1920928955078125e-07,-7.029018191584328,28.601882552320493,0.04272125847994099,722185576911815.2,252764951.865297,3.5e-07,111646150149.40018,0.00015658165811820277,478
100.0,300.0,11.555555555555555,144.44444444444446,10.0,30.0,11.555555555555555,104.87489549761482,6.0,50.0,,,,,4.0,35000.0,0.15,120.0,2.5e-06,200000.0,0.28,400.0,7.75e-06,29999.999994154015,27971.201651384188,0,2028.7983427698273,150.0,52.830898969917094,918528355028.0532,9538139337615.79,0.001953125,19473094355.6089,17386195823.60468,63587595584.10526,63587595584.10526,1795730.1953090457,28.08447084478804,130387274546.65039,150.00000000000003,71.91552933021147,1,17744501.06847088,17744501.06847088,-5.587935447692871e-09,38.511477280408144,24.54497827311483,0.5550371957361714,,,,,,479
200.0,200.0,17.88888888888889,144.44444444444446,2.0,40.0,11.555555555555555,188.88888888888889,4.0,20.0,,,,,20.0,27500.0,0.25,60.0,1.8e-06,205000.0,0.3,400.0,7.850000000000001e-06,40000.0,38955.55554112927,0,1044.4444588707343,99.99999999999999,94.2927707766879,4499877704705.914,4213386067422.865,0.00390625,42569252242.90654,47722404036.28507,42133860674.228645,42133860674.22866,4435873.825764329,72.65389832727365,2332697612439.631,99.99999999999999,127.34623872229865,1,48526418.9934088,48526418.9934088,4.6566128730773926e-09,-7.053607367910445,39.952094957526384,0.22931687173045473,4496868718663.784,449686.8718663784,1e-07,2381104873.911924,0.0006664736610813084,480
100.0,300.0,15.77777777777778,255.55555555555557,8.0,30.0,20.0,211.11111111111111,8.0,20.0,20.0,150.0,7.0,20.0,32.0,50000.0,0.2,120.0,1.8e-06,190000.0,0.3,450.0,7.75e-06,30000.00000624067,25794.27959348198,0,4205.720412758691,150.0,49.264181834593884,1398181455792.334,15494329702340.633,-0.001953125,27558074479.73067,28381298617.457493,103295531348.93755,103295531348.93755,2051950.2252574582,38.79236539996782,640207313507.9707,150.00000000000009,61.20749632661863,1,46783693.807536624,46783693.807536624,2.7474015951156616e-08,21.249941425734505,36.89389784820144,0.5022394148387004,,,,,,481
700.0,800.0,5.222222222222222,21.419068431419294,9.0,50.0,11.555555555555555,104.87489549761482,10.0,20.0,,,,,32.0,35000.0,0.15,120.0,2.325e-06,205000.0,0.32,450.0,7.75e-06,560000.0,558758.479450861,0,1241.5205491391196,400.0000000000015,347.57413635248184,821858152073431.0,1057154758665983.0,-20.5,2332002945434.8438,2364554971489.502,2642886896664.9673,2642886896664.9478,244222646.73949093,93.89009288801212,80189325612465.88,400.00000000000006,606.1099076152503,1,320727289.496588,320727289.496588,-1.4901161193847656e-08,0.039735396472678985,8.153251449979223,0.012092825157749867,821856290929328.6,164371258.04168862,2e-07,122771736365.35117,0.0001540355945471689,482
800.0,800.0,17.88888888888889,166.66666666666666,8.0,20.0,15.77777777777778,211.11111111111111,6.0,30.0,20.0,300.0,7.0,30.0,20.0,50000.0,0.225,60.0,1.975e-06,190000.0,0.31,550.0,7.75e-06,640000.0,633199.9999618325,0,6800.000038167504,400.0000000000002,400.233035982841,1775403899608391.0,1804171125827869.0,-20.0,4441097087582.721,4435925423418.838,4510427814569.675,4510427814569.67,226779501.82693404,131.15882400743274,210447495230906.5,399.99999999999994,668.8411907224784,1,1338739431.483276,1338739431.483276,-2.1606683731079102e-07,-16.275307581745437,73.08721590466028,0.0959009976856293,1775377445621839.2,5237363464.803284,2.9499999999999997e-06,227516361155.5843,0.0001347283065416745,483
700.0,800.0,13.666666666666668,277.77777777777777,3.0,20.0,1.0,0.7853981633974483,2.0,40.0,,,,,16.0,50000.0,0.15,90.0,2.325e-06,200000.0,0.32,450.0,7.9e-06,560000.0,559165.0958598861,0,834.9041401138742,400.0000000000005,351.43369144084545,1156355442732121.5,1504970994857429.0,-9.5,3317461884116.3145,3290394378499.0327,3762427487143.577,3762427487143.568,206021784.598168,11.681025382865354,195043747746.0,399.99999999999994,688.3190124592867,1,9308908.016319867,9308908.016319867,-1.4450051821768284e-08,7.244660753995618,7.310727987285445,0.011085258509909697,1156351758973432.5,231270351.6737176,2e-07,176126674974.66544,0.0001545304688461913,484
600.0,1000.0,17.88888888888889,277.77777777777777,10.0,30.0,15.77777777777778,233.3333333333333,7.0,40.0,1.0,0.7853981633974483,7.0,10.0,8.0,27500.0,0.225,120.0,1.975e-06,200000.0,0.31,400.0,7.7e-06,600000.0,595577.8932252476,0,4422.106774751797,499.9999999999988,303.1318941549965,545440991170503.25,1449751653449015.5,18.5,1837317584581.757,1799352036812.1013,2899503306898.024,2899503306898.038,236530967.86916494,94.65168327409495,77762968251844.0,500.00000000000006,505.34831700148794,1,389041099.91887146,389041099.91887146,3.4371623769402504e-08,43.77433927943258,20.651629869850886,0.03740484378786515,545422645527215.1,0.0,0.0,93581150207.91368,0.00019125171113802442,485
900.0,400.0,20.0,122.22222222222224,4.0,10.0,1.0,0.7853981633974483,6.0,40.0,,,,,8.0,35000.0,0.25,120.0,1.975e-06,205000.0,0.31,600.0,7.7e-06,360000.0,359506.3986702097,0,493.6013297904482,199.99999999999997,452.7917039093375,865903538283580.5,169506318995708.06,0.25,1936242117717.8608,1912366173689.7908,847531594978.5402,847531594978.5404,197518405.8332083,14.154775612559582,707975385195.7188,200.0,885.8452247992275,1,7157633.175898211,7157633.175898211,-4.866160452365875e-08,0.016973732876010672,8.644143470821867,0.010057176813056273,865902563094027.6,822607435.2403097,9.5e-07,98564051601.93372,0.0001161762244710078,486
200.0,900.0,7.333333333333334,42.23696789826278,5.0,20.0,3.111111111111111,7.601878519797524,10.0,10.0,1.0,0.7853981633974483,3.0,10.0,32.0,27500.0,0.2,60.0,1.975e-06,195000.0,0.29,500.0,7.8e-06,180000.0,179708.08399860503,0,291.9160013949949,450.0,100.31391298093557,16806273269326.492,338642138730324.9,-0.25,168591964755.4466,167536812889.75824,752538086067.3887,752538086067.3887,15572814.868768843,15.52282166918561,485563180083.4238,449.99999999999994,184.47708655607323,1,9667414.435246322,9667414.435246322,1.3271346688270569e-08,18.672506502811245,3.787262294069422,0.020097500386195385,16806125846130.117,10923981.788215429,6.5e-07,9313873499.20358,0.000565507134389792,487
1000.0,600.0,5.222222222222222,21.419068431419294,6.0,50.0,11.555555555555555,122.22222222222224,9.0,20.0,15.25,200.0,3.0,50.0,8.0,27500.0,0.225,60.0,1.975e-06,195000.0,0.29,550.0,7.850000000000001e-06,600000.0,597571.4855630987,0,2428.514436901175,299.99999999999955,495.2420480562399,1427515904927483.5,512006657281356.75,9.5,2828119694658.197,2882461031994.953,1706688857604.52,1706688857604.5251,267929365.75219914,173.60476813989877,201891918653166.0,299.9999999999999,826.3951349396564,1,900582842.4984398,900582842.4984398,-1.5273690223693848e-07,-14.33162324805744,49.41780094481136,0.050725388743358094,1427510052535329.8,285502010.2657409,2e-07,144349074301.0243,0.0001053404415203971,488
200.0,1000.0,13.666666666666668,122.22222222222224,5.0,50.0,11.555555555555555,100.0,7.0,30.0,,,,,32.0,50000.0,0.225,75.0,2.5e-06,195000.0,0.32,550.0,7.850000000000001e-06,200000.0,198688.88890264736,0,1311.1110973526397,500.00000000000017,99.73567417626788,33918041538794.36,851758014197518.5,0.0625,338286237504.0885,340079332885.9371,1703516028395.0376,1703516028395.0364,19438144.544364892,29.436890289370126,2996627559469.1016,500.0000000000001,170.5632960997437,1,78007413.75022964,78007413.75022964,-1.6391277313232422e-07,23.63745604910946,13.47071867895731,0.08202738039839354,33915796302166.402,6783159.25235275,2e-07,25798603118.40808,0.0007774914949263338,489
900.0,600.0,20.0,255.55555555555557,5.0,10.0,7.333333333333334,42.23696789826278,1.0,40.0,,,,,20.0,42500.0,0.175,105.0,1.8e-06,210000.0,0.3,400.0,7.8e-06,540000.0,538679.9852741928,0,1320.0147258074999,300.0000000000003,453.8477780735917,1589528134058390.0,696894265055601.8,-4.5,3562748443110.0264,3502337591703.8135,2322980883518.675,2322980883518.6704,278661945.5629718,23.053522939026177,6269421939362.625,299.99999999999994,876.9464772993298,1,21920920.57847141,21920920.57847141,1.1103063033470367e-07,-22.731290997788165,11.741271361668439,0.013711099291207096,1589522646403293.0,1033189720.6525061,6.5e-07,178820034016.45456,0.00011606256445544704,490
100.0,800.0,17.88888888888889,100.0,5.0,40.0,20.0,233.3333333333333,7.0,30.0,10.5,86.59014751456867,7.0,30.0,16.0,42500.0,0.2,105.0,2.325e-06,195000.0,0.29,550.0,7.9e-06,80000.0000037455,77836.87362045715,0,2163.1263832883674,399.99999999999994,49.351423506373315,2861726409513.385,201699872110235.25,0.140625,56501615793.16029,57986704459.37222,504249680275.5881,504249680275.5882,4613686.561715159,27.298839428402726,626826983946.2529,400.0000000000001,72.7011573078616,1,57706391.107091986,57706391.107091986,-9.313225746154785e-08,30.425839397023083,19.843214783101516,0.3197898950620973,,,,,,491
300.0,200.0,1.0,0.7853981633974483,1.0,10.0,15.77777777777778,166.66666666666666,5.0,10.0,15.25,200.0,10.0,50.0,4.0,20000.0,0.225,105.0,2.325e-06,190000.0,0.31,400.0,7.850000000000001e-06,59999.99999999999,55165.88130368447,0,4834.118696315527,99.99999999999999,141.9948112545969,14787870371844.852,5359278533729.801,0.01171875,93591042732.60823,104143737656.23154,53592785337.298,53592785337.29801,17608069.913715884,133.1987579400584,10487563834821.11,99.99999999999999,166.80104701217425,1,238182701.08281204,238182701.08281204,-3.259629011154175e-09,-15.827276234791498,82.24303744709334,0.2915271119792703,14773674787814.004,5170786.102902878,3.5e-07,3137582927.321197,0.0003607218572798219,492
200.0,400.0,3.111111111111111,7.601878519797524,4.0,50.0,3.111111111111111,7.601878519797524,1.0,20.0,,,,,20.0,27500.0,0.2,75.0,2.5e-06,205000.0,0.28,450.0,7.9e-06,80000.0,79961.99061459301,0,38.00938540696214,199.99999999999994,100.07052148572312,7354296411334.25,29399412018697.406,-0.015625,73594864305.06635,73491137071.6048,146997060093.487,146997060093.48706,7637422.99884169,9.755737656867511,58645815792.15918,200.0,190.2444059267787,1,1308740.5353952916,1308740.5353952916,-1.1456046974394844e-09,-10.72425313293752,0.798262246894684,0.004473449703512785,7354291696145.913,4044860.433580544,5.5e-07,4673297916.817506,0.0006374233705675944,493
100.0,700.0,17.88888888888889,300.0,6.0,20.0,1.0,0.7853981633974483,6.0,20.0,,,,,32.0,50000.0,0.2,60.0,1.975e-06,190000.0,0.3,450.0,7.75e-06,70000.0,68195.28761003414,0,1804.7123899658707,349.9999999999985,51.40874425242673,3027530278486.5547,155077925341113.0,0.2890625,62306071985.75548,58891348592.776436,443079786688.8924,443079786688.8962,3010724.8028288474,16.00426519696813,116866700926.47852,350.0,83.99573077173046,1,11679722.72383132,11679722.72383132,1.024163793772459e-07,-12.22370107349633,18.731198763891165,0.2356125630678134,3019365521065.402,905809.6668926952,3e-07,4957321068.251414,0.0017191523778739375,494
200.0,800.0,9.444444444444445,70.05557692032795,8.0,40.0,3.111111111111111,7.601878519797524,6.0,10.0,15.25,100.0,1.0,50.0,8.0,20000.0,0.15,120.0,2.5e-06,200000.0,0.28,500.0,7.850000000000001e-06,160000.0,159193.9441232584,0,806.0558767417107,400.0000000000004,101.27150308120672,11044487073973.727,180506892952339.06,-0.25,111867266479.89081,109058192462.27113,451267232380.8481,451267232380.8472,19712098.590467505,28.987383307918844,697474756643.7109,400.00000000000006,171.01261681237654,1,27436480.52701866,27436480.52701866,-1.30385160446167e-07,34.26668514435005,5.882155214755329,0.031214267095683822,11043538409796.535,2208707.669199429,2e-07,6029375229.260227,0.0005657170327505917,495
800.0,600.0,11.555555555555555,166.66666666666666,6.0,20.0,13.666666666666668,277.77777777777777,2.0,40.0,1.0,0.7853981633974483,10.0,10.0,4.0,42500.0,0.175,105.0,1.975e-06,210000.0,0.3,450.0,7.9e-06,480000.0,478428.7364396049,0,1571.2635603950264,300.0000000000007,401.4443950381808,1123119918689282.5,626000727601789.0,-5.5,2817975471193.9756,2797697346309.8525,2086669092005.968,2086669092005.9585,222597555.26302707,75.08778768693536,58097901098010.25,299.99999999999983,724.9121741045196,1,197452935.1803221,197452935.1803221,4.5925844460725784e-08,-48.95430955104911,15.30389269124354,0.02031939723541103,1123114554073380.4,336934366.2817061,3e-07,144318641440.63342,0.00013350386793679032,496
800.0,600.0,17.88888888888889,100.0,10.0,10.0,15.77777777777778,100.0,1.0,40.0,,,,,20.0,20000.0,0.15,120.0,1.975e-06,195000.0,0.3,500.0,7.9e-06,480000.0,478900.000022842,0,1099.9999771579733,300.0000000000001,406.1805234418819,539207741798989.5,293633384714136.5,-0.5,1369174898386.2551,1327507624515.9788,978777949047.1221,978777949047.1213,239944937.4984749,40.884728486512714,10223092076155.312,299.9999999999998,759.1152726390529,1,44269607.19577119,44269607.19577119,1.0812982530020321e-07,-73.10546854885615,10.374520744470354,0.013793867145120946,539206034257066.5,161761810.39816567,3e-07,66912315592.71692,0.00013108932162417657,497
1000.0,800.0,11.555555555555555,104.87489549761482,1.0,10.0,1.0,0.7853981633974483,2.0,10.0,,,,,20.0,20000.0,0.225,120.0,2.325e-06,190000.0,0.31,600.0,7.75e-06,800000.0,799893.5543033584,0,106.44569664162297,399.9999999999998,500.53079684827327,1337573277260279.0,853373994172208.0,2.5,2677989491283.923,2672309647443.6113,2133434985430.5188,2133434985430.5212,483015810.5993694,7.557039020583997,291585178676.8594,399.99999999999994,992.442961117034,1,1916042.1519165174,1916042.1519165174,-4.685716703534126e-09,34.32518302467497,0.9325601986603761,0.0009424559865188237,1337573110858667.8,334393277.7274205,2.5e-07,136180157248.84483,0.00010215017792956193,498
200.0,100.0,17.88888888888889,233.3333333333333,2.0,30.0,13.666666666666668,144.44444444444446,4.0,30.0,5.75,25.967226777328133,1.0,30.0,20.0,42500.0,0.225,105.0,2.5e-06,195000.0,0.32,400.0,7.75e-06,20000.00000018513,19006.501733593606,0,993.4982665915228,50.000000000623544,99.76247405523193,3389512962765.7773,729491324857.6895,-62.84765625,33814810679.12066,33975831041.331497,14589826497.335737,14589826496.971842,2703272.0096780774,61.89656751832902,1340917557546.2441,50.000000001429136,138.10345754956606,1,30939086.628436282,30939086.628436282,-0.0012809681647922844,8.706005859059587,33.73888033908756,0.20677556910347175,3386913740370.2524,1862802.5582741222,5.5e-07,2141268116.090814,0.0007907693551213288,499
1000.0,600.0,17.88888888888889,255.55555555555557,1.0,20.0,1.0,0.7853981633974483,4.0,10.0,20.0,100.0,7.0,30.0,12.0,20000.0,0.175,90.0,2.15e-06,210000.0,0.3,550.0,7.9e-06,600000.0,598341.3028510005,0,1658.6971490000356,299.9999999999996,501.63433383497846,1026249349780360.0,378008789105069.0,2.75,2059229636899.8718,2045811621255.5,1260029297016.895,1260029297016.8984,320236507.1470515,132.99402436200504,68991283398464.75,300.0000000000001,867.0062297168143,1,387509834.6363864,387509834.6363864,-6.51925802230835e-08,-24.836737432546215,21.474325275835394,0.0217021983586007,1026245918972392.2,205249183.73409712,2e-07,102108226434.96841,0.00010216498376920247,500
500.0,400.0,7.333333333333334,42.23696789826278,9.0,20.0,1.0,0.7853981633974483,7.0,20.0,20.0,150.0,7.0,40.0,20.0,27500.0,0.25,60.0,1.8e-06,210000.0,0.32,500.0,7.850000000000001e-06,200000.0,197514.36948567195,0,2485.630514328066,200.00000000000014,252.49673286317426,123135730093709.56,82679074945751.78,0.4375,497511533961.43726,487672567868.17804,413395374728.7592,413395374728.7586,45329945.61013584,104.39355602461184,20068035164519.53,199.99999999999994,395.6062986004526,1,238307229.4376334,238307229.4376334,-4.0978193283081055e-08,-13.033821517245087,52.15535591026426,0.10877029386916426,123130197810025.11,0.0,0.0,24856831617.330727,0.00021812106940407824,501
1000.0,1000.0,11.555555555555555,104.87489549761482,8.0,10.0,20.0,122.22222222222224,6.0,20.0,15.25,250.0,5.0,20.0,28.0,27500.0,0.25,60.0,1.975e-06,195000.0,0.32,600.0,7.850000000000001e-06,1000000.0,995927.6674928775,0,4072.3325071228237,499.9999999999989,500.4717532899491,2372959639578666.0,2411323452513741.0,14.0,4750401314054.3,4741445693946.863,4822646905027.472,4822646905027.492,440724965.0304737,140.8128072698778,211212917621633.5,499.99999999999983,859.1869782828167,1,1132577176.284738,1132577176.284738,-1.043081283569336e-07,-16.007304038386792,39.37309525936575,0.04059081985501623,2372947184710477.5,474589436.9553903,2e-07,235977379174.24323,0.0001032515850834266,502
100.0,600.0,3.111111111111111,7.601878519797524,6.0,30.0,9.444444444444445,70.05557692032795,4.0,10.0,,,,,8.0,35000.0,0.25,90.0,2.15e-06,210000.0,0.28,550.0,7.8e-06,60000.0,59674.16642432622,0,325.8335756737781,300.0,49.26622848694228,1812862123714.752,65485901067861.94,0.0078125,35732847561.86838,36797258068.88669,218286336892.87314,218286336892.87314,3291414.7335778316,19.486730540749257,308242872921.04346,299.9999999999999,80.51328708961512,1,13564396.331428247,13564396.331428247,1.1175870895385742e-08,7.962743421841878,4.6496442754138485,0.05452351579111088,1812528284049.398,1178143.3727614055,6.5e-07,2460514357.4626527,0.0014130034878192777,503
700.0,300.0,9.444444444444445,100.0,8.0,40.0,20.0,188.88888888888889,1.0,50.0,10.5,150.0,7.0,10.0,8.0,20000.0,0.175,90.0,1.975e-06,195000.0,0.29,450.0,7.75e-06,210000.0,206911.11104784347,0,3088.888952156486,149.99999999999994,357.58562330824435,195220972322811.75,39276905169335.39,-0.03125,570130770235.0107,545941893627.3292,261846034462.23584,261846034462.23602,85457782.77140239,159.78124738111754,41222692184785.75,150.00000000000006,540.2187488023802,1,353431362.18408096,353431362.18408096,-1.0244548320770264e-07,-6.111432600722765,52.061928034856194,0.0813467625544628,195214289574466.12,0.0,0.0,27852740945.93099,0.00016353236833096995,504
500.0,400.0,5.222222222222222,21.419068431419294,7.0,30.0,11.555555555555555,144.44444444444446,8.0,30.0,15.25,250.0,1.0,50.0,4.0,50000.0,0.15,120.0,2.15e-06,195000.0,0.29,400.0,7.850000000000001e-06,200000.0,198194.51093368733,0,1805.4890663127073,199.99999999999991,246.9738999642575,216959618025538.25,136509847005212.44,0.75,857459439934.8151,878471846850.7686,682549235026.0619,682549235026.0625,63512967.75824742,97.88114542274079,38799474782033.875,200.00000000000006,402.1189018396581,1,259294317.41761395,259294317.41761395,1.1175870895385742e-08,-15.599394472956192,20.7847038476346,0.04477317729015264,216955038701896.47,54238759.566787824,2.5e-07,47534224691.22813,0.00023097092286694301,505
200.0,800.0,3.111111111111111,7.601878519797524,4.0,20.0,1.0,0.7853981633974483,7.0,40.0,,,,,28.0,20000.0,0.175,90.0,2.5e-06,200000.0,0.31,600.0,7.75e-06,160000.0,159964.09469770358,0,35.905302296331065,400.00000000000045,100.11553941269642,10703811118310.125,171159009921631.94,-0.40625,107161925442.39157,106914582702.16034,427897524804.0803,427897524804.07935,16735633.023050683,5.756675112654555,28529414550.894043,399.99999999999983,194.2431632273846,1,912830.733488692,912830.733488692,-1.5279510989785194e-08,-25.68819379863345,0.41869177432294846,0.002625026798263,10703807374358.404,3211142.2108256165,3e-07,6797380831.221352,0.0006373487810206926,506
300.0,100.0,3.111111111111111,7.601878519797524,7.0,20.0,15.77777777777778,100.0,3.0,30.0,10.5,86.59014751456867,7.0,40.0,32.0,27500.0,0.175,120.0,2.5e-06,205000.0,0.3,500.0,7.75e-06,30021.12351059045,28609.880557832166,0,1411.242952758278,50.00000000003683,150.0061444748798,7463776252664.828,694549130054.4731,-14.58984375,49760546700.6269,49756470168.55847,13890982601.099695,13890982601.079231,6540657.862356564,102.04279300898739,3087616957307.3086,50.00000000007095,197.95720871437965,1,81904430.37725504,81904430.37725504,-0.00043385127355577424,4.370277793190326,61.13943960350055,0.23325771773050116,7461876199043.438,4104031.909471111,5.5e-07,2378540056.061393,0.00038967371762020604,507
500.0,1000.0,5.222222222222222,21.419068431419294,4.0,10.0,15.77777777777778,255.55555555555557,2.0,10.0,,,,,4.0,42500.0,0.175,75.0,2.325e-06,195000.0,0.32,500.0,7.9e-06,500000.0,499403.2126411747,0,596.787358825205,499.9999999999997,249.297590193162,447634985224905.25,1790675918831025.0,3.0,1785523264693.7876,1795584886633.146,3581351837662.048,3581351837662.0522,120742894.52634893,45.05480468185427,20349609237885.438,499.99999999999994,454.9452359028974,1,123012852.6049,123012852.6049,1.1175870895385742e-07,26.891537397619686,5.574463706327357,0.011562611977070484,447632929731092.3,111908232.45525855,2.5e-07,93083409404.01443,0.0002107573802756514,508
500.0,100.0,11.555555555555555,104.87489549761482,10.0,50.0,13.666666666666668,277.77777777777777,7.0,30.0,,,,,20.0,20000.0,0.15,105.0,1.975e-06,205000.0,0.31,600.0,7.75e-06,50000.0000015012,48993.70094699769,0,1006.2990545034984,49.99999999972627,231.68763532255946,28556295267357.07,855738149601.9277,59.49609375,106429292968.61456,123253427950.95868,17114762991.944859,17114762992.132252,20839034.83116217,191.69267059838728,17115015211677.562,49.9999999994449,308.30758898467775,1,200777946.90805483,200777946.90805483,0.0034820525906980038,-3.893306624289835,60.77568052921896,0.13121773411648252,28554171290863.074,7138542.855297996,2.5e-07,4784072533.283029,0.00023345500935439888,509
800.0,100.0,9.444444444444445,70.05557692032795,7.0,40.0,3.111111111111111,7.601878519797524,6.0,50.0,,,,,16.0,27500.0,0.225,105.0,2.325e-06,195000.0,0.29,400.0,7.8e-06,80000.00000263713,79813.5896151195,0,186.4103875176067,49.99999999995029,404.0623457746826,121223850601878.56,1834136138655.8604,-43.015625,306169037746.7695,300012737810.2107,36682722773.080734,36682722773.15368,36890589.042023696,42.24134194855564,1743494047743.5469,49.99999999926846,757.7587033309375,1,7850942.239400518,7850942.239400518,0.00022737454582966166,1.9810569572873646,9.949195092463288,0.013293164463408993,121223747750624.61,36367124.343315385,3e-07,16426297236.89445,0.00014054469875015554,510
600.0,800.0,17.88888888888889,233.3333333333333,6.0,30.0,15.77777777777778,233.3333333333333,9.0,40.0,5.75,25.967226777328133,7.0,20.0,20.0,20000.0,0.225,105.0,1.975e-06,190000.0,0.29,450.0,7.75e-06,480000.0,476136.4587844051,0,3863.541215594593,400.00000000000017,297.30948757622645,327865973597161.0,556689682747297.75,0.5,1083172283702.5735,1102776693303.8093,1391724206868.2449,1391724206868.244,186451624.95517573,138.07559697507463,87636939324036.88,400.0000000000003,461.9244030341709,1,569102486.2626369,569102486.2626369,-1.6391277313232422e-07,-46.359139391382996,25.50336397593861,0.0461924483207081,327853483369324.75,65570696.59107683,2e-07,54717268822.25155,0.00019165697157739542,511
300.0,600.0,20.0,233.3333333333333,2.0,40.0,17.88888888888889,233.3333333333333,3.0,20.0,,,,,32.0,27500.0,0.175,90.0,1.975e-06,190000.0,0.32,550.0,7.7e-06,180000.0,178833.33331887968,0,1166.6666811202974,299.99999999999983,148.79625724647119,39546349722971.11,158814663145880.75,0.25,261543457872.16415,265775164340.76154,529382210486.26886,529382210486.2695,30256375.133605316,57.98006595888733,7119071666855.773,299.99999999999994,242.0199354721917,1,112438389.31848004,112438389.31848004,-8.195638656616211e-08,16.614687835608493,16.648019676698837,0.0614192158724238,39542233737334.414,3954223.373733441,1e-07,15217588230.69092,0.0004125235881850102,512
500.0,600.0,3.111111111111111,7.601878519797524,8.0,40.0,1.0,0.7853981633974483,8.0,10.0,5.75,25.967226777328133,10.0,20.0,28.0,35000.0,0.2,60.0,1.975e-06,205000.0,0.31,400.0,7.7e-06,300000.0,299413.55728167883,0,586.442718321334,300.00000000000097,250.0498381536862,220489792690326.75,322159885396199.6,-3.5,882135026685.4347,881783384937.8811,1073866284654.0022,1073866284653.9952,64399638.87959143,47.526616591123094,7519947936472.75,299.9999999999999,452.47338341520884,1,56448348.53012068,56448348.53012068,2.444721758365631e-07,0.0017434666006010957,9.128905628241796,0.01864944970018753,220489565061512.38,66146869.51951021,3e-07,45621000771.05635,0.00020877261641008785,513
500.0,700.0,1.0,0.7853981633974483,4.0,20.0,15.77777777777778,277.77777777777777,1.0,20.0,,,,,28.0,50000.0,0.175,75.0,1.8e-06,190000.0,0.3,450.0,7.9e-06,350000.0,349719.0806286473,0,280.9193713527066,349.99999999999983,249.51328154120563,366521722607117.75,714610721695250.8,3.0,1463238150358.9038,1468946744410.4329,2041744919129.2869,2041744919129.2888,83961583.0327482,36.25056603594118,10583468268608.688,350.00000000000017,463.74942505400054,1,58857723.95167924,58857723.95167924,-4.174583377675731e-10,18.713736282268655,3.373920734545873,0.007146454835703597,366520556010129.94,73304111.17641582,2e-07,79355828010.33922,0.00021799974797623282,514
800.0,1000.0,15.77777777777778,233.3333333333333,5.0,30.0,5.222222222222222,21.419068431419294,6.0,10.0,,,,,4.0,35000.0,0.175,90.0,1.975e-06,205000.0,0.29,500.0,7.850000000000001e-06,800000.0,798704.8189305901,0,1295.1810694103388,499.9999999999998,402.24503323181483,1522479783019204.0,2356935643848035.0,4.0,3827682644391.7607,3784956077112.8154,4713871287696.067,4713871287696.072,338554035.054248,34.390578405448764,15419904331313.5,499.9999999999999,765.6094051350385,1,69796236.94994198,69796236.94994198,1.564621925354004e-07,10.301974832542328,10.080927793964499,0.012802984572255198,1522475296615537.5,380618824.2489171,2.5e-07,192360842574.60373,0.00012917692503829786,515
1000.0,1000.0,7.333333333333334,42.23696789826278,10.0,40.0,13.666666666666668,211.11111111111111,2.0,20.0,5.75,25.967226777328133,1.0,30.0,24.0,50000.0,0.2,105.0,2.5e-06,195000.0,0.31,600.0,7.7e-06,1000000.0,999103.4736270602,0,896.5263729394405,500.0000000000002,499.978372246771,4193128642945574.0,4186870746348202.0,-22.0,8385894549775.294,8386620053389.028,8373741492696.408,8373741492696.4,567186066.3472531,56.31731309352993,74268773402438.5,499.99999999999983,943.6826837184788,1,271744482.36340255,271744482.36340255,-2.9802322387695312e-08,37.02453633735968,7.177786672837631,0.007375701325149945,4193126962005249.5,1467594436.7045465,3.5e-07,439561863665.2252,0.00010566971814512228,516
900.0,700.0,3.111111111111111,7.601878519797524,2.0,50.0,17.88888888888889,144.44444444444446,4.0,40.0,15.25,300.0,3.0,30.0,16.0,20000.0,0.25,60.0,1.975e-06,190000.0,0.32,600.0,7.7e-06,630000.0,627607.0185033709,0,2392.9814966290173,350.0,447.0198504086671,874752182392044.5,549909194052044.5,1.75,1931104890978.608,1956853105275.6226,1571169125862.9844,1571169125862.9844,250102363.09432292,158.51298081589985,109704147824971.0,349.99999999999994,741.4870796876008,1,752242499.81001,752242499.81001,-5.960464477539063e-08,15.113275775016518,47.61368384689469,0.05594662244904086,874742754540516.9,0.0,0.0,105926398209.28082,0.00012462922543303665,517
700.0,100.0,20.0,144.44444444444446,10.0,10.0,9.444444444444445,70.05557692032795,5.0,10.0,,,,,12.0,35000.0,0.2,120.0,1.975e-06,210000.0,0.28,550.0,7.75e-06,69999.99998696834,68726.20108532079,0,1273.7989016475933,49.999999998966125,362.26424105932966,124131657107645.75,2148800486236.1084,-877.953125,367540758778.3792,342655009902.8851,42976009723.833534,42976009725.6108,35391062.777582206,120.33437266156275,27138291317719.125,49.99999999578978,579.6656022456561,1,129954466.54072478,129954466.54072478,-0.0006596918683499098,13.518511852431402,21.72914053625551,0.03170851476807501,124129771683206.25,24825954.238297455,2e-07,14497869033.453157,0.000149958215259115,518
500.0,100.0,9.444444444444445,70.05557692032795,3.0,50.0,1.0,0.7853981633974483,1.0,30.0,10.5,86.59014751456867,3.0,20.0,24.0,50000.0,0.175,120.0,2.5e-06,210000.0,0.32,400.0,7.7e-06,50000.0,49269.50701015293,0,730.4929898470934,49.999999999999964,252.11404698079082,53968826405571.125,2149337995232.538,-0.02734375,217716356042.92984,214065130649.71402,42986759904.650734,42986759904.650795,15476775.709842334,85.53796680198333,5284019360548.422,50.00000000000003,414.46203323408116,1,54724230.87402466,54724230.87402466,1.3969838619232178e-09,-5.563939393614419,33.83856151196456,0.07207361344401397,53967828612872.4,10793565.705977855,2e-07,11796694829.751871,0.00022849418898176143,519
500.0,600.0,20.0,300.0,9.0,40.0,20.0,211.11111111111111,6.0,10.0,15.25,300.0,10.0,10.0,28.0,50000.0,0.225,60.0,2.5e-06,190000.0,0.31,450.0,7.9e-06,300000.0,290033.33347712795,0,9966.666522871981,300.0000000000001,251.35485687165425,347781620884371.6,535846029047815.75,1.5,1398706672926.4587,1383628011858.7659,1786153430159.3865,1786153430159.3853,70735740.86403105,121.94342978082042,88653515079122.5,299.99999999999994,378.0565620096741,1,828002471.1848164,828002471.1848164,-4.5925844460725784e-07,-23.6216613557674,90.12080885217242,0.18775168510869253,347738115070470.4,69547623.03630736,2e-07,65940405421.167145,0.00021776009280492106,520
300.0,800.0,5.222222222222222,21.419068431419294,7.0,10.0,1.0,0.7853981633974483,10.0,40.0,5.75,25.967226777328133,3.0,50.0,16.0,42500.0,0.225,60.0,1.8e-06,210000.0,0.32,400.0,7.8e-06,240000.0,239686.4091848301,0,313.59081516994746,400.00000000000006,150.35798223077214,77059953095648.56,548557135077422.0,-0.25,514962002279.9174,512509891076.98694,1371392837693.5552,1371392837693.5547,30824985.88515561,15.821077170726001,699277107213.4062,399.9999999999998,284.17892305898204,1,9848749.491280656,9848749.491280656,4.6100467443466187e-08,16.17105202127277,3.6616238122193083,0.014110303707974213,77059831751973.14,23117949.510911096,3e-07,27786018544.48062,0.00036374386647383943,521
800.0,100.0,15.77777777777778,144.44444444444446,7.0,40.0,15.77777777777778,300.0,1.0,30.0,,,,,16.0,50000.0,0.15,105.0,1.975e-06,205000.0,0.28,550.0,7.8e-06,80000.00000491079,79497.84722642678,0,502.15277848401126,49.99999999986319,398.576393911135,223308507511067.62,3335064938162.8984,-194.859375,556291419148.9596,560265261371.3385,66701298763.07546,66701298763.440475,37890669.62438731,121.76455214534772,28399309943330.375,49.99999999920468,678.2354468092157,1,125770412.41040692,125770412.41040692,0.0011580691234371965,-5.165221156668849,31.028608701126302,0.040714022211816706,223306689944562.28,100488010.4431243,4.5e-07,29081151474.693275,0.00013793709183845284,522
700.0,600.0,5.222222222222222,21.419068431419294,7.0,10.0,1.0,0.7853981633974483,8.0,30.0,5.75,25.967226777328133,1.0,10.0,16.0,42500.0,0.15,105.0,2.15e-06,195000.0,0.28,450.0,7.850000000000001e-06,420000.0,419791.84888038517,0,208.15111961458783,300.0000000000005,350.41825050736526,731573108208325.0,537026720116469.0,-1.25,2092709671686.503,2087714059268.0073,1790089067054.8997,1790089067054.8936,166108048.21124488,17.622389977318555,1627200537158.8438,299.9999999999995,682.3774131347228,1,10635333.802003933,10635333.802003933,1.210719347000122e-08,22.0548174345422,2.0834768442470954,0.003111989311795512,731573037296216.4,73157303.72962163,1e-07,107901344881.13965,0.0001481586251943856,523
1000.0,1000.0,13.666666666666668,144.44444444444446,3.0,40.0,9.444444444444445,70.05557692032795,5.0,10.0,,,,,12.0,42500.0,0.25,120.0,1.8e-06,200000.0,0.31,600.0,7.9e-06,1000000.0,999216.3888024042,0,783.6111975957856,499.9999999999997,500.0975156097362,3568675116818374.0,3557507610712368.0,10.0,7138742511294.226,7135958498948.594,7115015221424.732,7115015221424.74,606971009.3963767,55.13415156035148,62989928688633.0,499.99999999999955,944.8658469502498,1,218122074.25503668,218122074.25503668,-1.862645149230957e-08,42.962162529285706,5.489666352075781,0.00557169407044846,3568673730035793.5,713734746.0113137,2e-07,364391443151.7167,0.00010303696275342151,524
500.0,600.0,13.666666666666668,166.66666666666666,1.0,40.0,7.333333333333334,42.23696789826278,5.0,40.0,,,,,28.0,42500.0,0.225,120.0,2.5e-06,190000.0,0.29,600.0,7.9e-06,300000.0,299622.148485763,0,377.851514236915,300.00000000000006,249.88811880174222,267966141974896.5,383523806064660.5,-0.875,1071385096506.0155,1072344468635.9703,1278412686882.202,1278412686882.2014,91211573.70022494,36.68600634422075,7489686767051.969,300.0,463.3140159662908,1,62066933.541265436,62066933.541265436,-3.259629011154175e-08,25.353745851363783,4.411884114608268,0.00966811712547113,267965587132005.1,120584514.20152245,4.5e-07,64243521492.58319,0.00024229842850689927,525
700.0,700.0,9.444444444444445,100.0,1.0,50.0,3.111111111111111,7.601878519797524,4.0,30.0,,,,,8.0,20000.0,0.225,120.0,2.15e-06,200000.0,0.31,450.0,7.850000000000001e-06,490000.0,489869.5924829054,0,130.4075170945016,350.0,350.36362304020247,402289951260926.25,400475166263909.75,1.0,1150595240572.4163,1148206962155.9014,1144214760754.0278,1144214760754.0278,207536621.77289838,25.35017409296777,2608569723155.9688,350.0,674.6498218581058,1,11573033.893264879,11573033.893264879,-4.190951585769653e-09,-30.03980452725682,0.9782488171094519,0.0014634706377771975,402289788462764.9,100572447.10318902,2.5e-07,62816024792.21073,0.00015702319569727092,526
300.0,700.0,11.555555555555555,104.87489549761482,5.0,30.0,11.555555555555555,104.87489549761482,10.0,30.0,,,,,28.0,20000.0,0.25,60.0,2.15e-06,205000.0,0.28,450.0,7.850000000000001e-06,210000.0,208426.8765351022,0,1573.1234648978411,349.9999999999997,147.53272170813358,35272047461153.7,184096080039223.5,0.5625,231341753170.36102,239079487267.46176,525988800112.0667,525988800112.06757,30556378.79602069,73.14804169527926,9813833537761.008,350.0000000000001,226.8519583090513,1,125077234.1223758,125077234.1223758,3.725290298461914e-08,-26.98864717678225,22.26790134203102,0.08427717077474114,35269355949677.266,8817339.004040236,2.5e-07,13671101776.365833,0.0004371389946351217,527
100.0,700.0,1.0,0.7853981633974483,5.0,40.0,5.222222222222222,21.419068431419294,9.0,10.0,15.25,200.0,10.0,40.0,20.0,42500.0,0.2,90.0,1.8e-06,200000.0,0.3,550.0,7.8e-06,69999.99997901634,68229.08614959902,0,1770.9138294173308,350.0,48.62861381810565,2613415707342.8,145359170267673.06,0.0546875,50872984001.0408,53742344314.3625,415311915050.49445,415311915050.49445,3958793.7101666313,29.48561630663238,813929657675.167,349.9999999999999,70.51437847325194,1,54893446.672457926,54893446.672457926,3.7997961044311523e-07,22.963098277163226,21.65798677356503,0.2445723056594405,2610799139963.1704,522159.81460552494,2e-07,3161328144.380956,0.001287734089580143,528
800.0,400.0,5.222222222222222,21.419068431419294,6.0,10.0,20.0,100.0,5.0,20.0,10.5,150.0,7.0,50.0,12.0,20000.0,0.15,120.0,1.975e-06,195000.0,0.32,600.0,7.850000000000001e-06,320000.0,317271.48561556434,0,2728.514384435372,200.00000000000028,397.0240006286172,369834901287535.0,94124016465031.34,-0.5625,917759126758.0555,931517743768.5553,470620082325.1574,470620082325.15607,168370382.72285718,185.60266418406377,82998968321754.25,199.99999999999994,614.3973358192206,1,693576730.0899293,693576730.0899293,1.1362135410308838e-07,17.49470991740236,44.3237488389731,0.05756331018048455,369829194441807.2,92457298.6411529,2.5e-07,43999934376.81995,0.00012912764937470195,529
600.0,1000.0,11.555555555555555,104.87489549761482,8.0,40.0,17.88888888888889,188.88888888888889,10.0,50.0,1.0,0.7853981633974483,1.0,30.0,4.0,20000.0,0.175,120.0,1.8e-06,210000.0,0.28,600.0,7.75e-06,600000.0,597270.5410785468,0,2729.4589214533808,500.00000000000006,296.32669104640075,390994515095680.4,1045876307166817.0,1.0,1287549822679.423,1319471134088.4778,2091752614333.6343,2091752614333.6338,238492354.35867038,123.75561525582702,82697135999796.88,500.0000000000002,476.24438779042714,1,622594944.2350758,622594944.2350758,8.181086741387844e-08,40.24592796617736,19.120218555725625,0.0353387343600353,390987081775292.9,117296124.62455733,3e-07,70597999535.77951,0.00019678468929593772,530
500.0,600.0,7.333333333333334,42.23696789826278,3.0,30.0,15.77777777777778,211.11111111111111,1.0,20.0,,,,,20.0,20000.0,0.25,60.0,2.15e-06,190000.0,0.29,600.0,7.9e-06,300000.0,299662.177989874,0,337.8220101260996,300.00000000000006,249.4533463163538,127777498443762.12,181019319946587.75,-0.25,509994831561.79333,512230043535.7408,603397733155.2926,603397733155.2924,65467328.1253538,52.3376691046002,7649683995041.656,299.9999999999999,447.66233092030456,1,61651874.72091356,61651874.72091356,2.8119756904718146e-08,12.630764340312453,7.888590083010613,0.016709181158924686,127776743637508.62,25555348.73081309,2e-07,28106571851.55439,0.00022508472598831906,531
800.0,900.0,11.555555555555555,104.87489549761482,4.0,50.0,13.666666666666668,255.55555555555557,8.0,30.0,,,,,8.0,35000.0,0.2,120.0,2.325e-06,190000.0,0.29,600.0,7.9e-06,720000.0,717536.0559166609,0,2463.944083338882,450.0000000000009,396.3762942132521,1393169986061757.0,1729804585839169.0,-20.0,3451655505085.298,3514766161349.2603,3844010190753.717,3844010190753.701,363022008.3462027,124.38315377663014,179022764494796.25,450.0000000000001,675.6168193807654,1,937588951.3983834,937588951.3983834,-8.195638656616211e-08,39.09246066655032,19.178093869440225,0.02512962725574941,1393161420355704.8,278632284.1638414,2e-07,183752440802.11682,0.00013746922374869986,532
300.0,700.0,9.444444444444445,122.22222222222224,7.0,10.0,5.222222222222222,21.419068431419294,6.0,40.0,5.75,25.967226777328133,5.0,20.0,16.0,42500.0,0.25,120.0,1.8e-06,205000.0,0.32,450.0,7.9e-06,210000.0,208756.25772526104,0,1243.7422747390433,350.00000000000017,151.8793591841824,69838046656443.25,376536799512746.0,-0.125,471494359407.2362,459825792204.9265,1075819427179.2748,1075819427179.2738,39111904.2077158,26.332172723710016,2422851375366.3906,350.00000000000006,273.66783157125207,1,33908150.65152386,33908150.65152386,-2.5704503059387207e-07,-60.6586114595284,8.80685825570149,0.034216155572016745,69836185722812.55,17459046.45643281,2.5e-07,24449063190.80322,0.0003685244264110051,533
900.0,800.0,5.222222222222222,21.419068431419294,5.0,50.0,13.666666666666668,166.66666666666666,7.0,10.0,,,,,12.0,20000.0,0.15,120.0,1.8e-06,200000.0,0.31,600.0,7.75e-06,720000.0,718726.2379534526,0,1273.7620465475616,400.0,444.30563306670274,1013975668228514.0,782868884749289.0,-1.5,2225122235002.1626,2282158029889.9517,1957172211873.2224,1957172211873.2224,412496512.811551,145.87524189947138,143566036902694.5,399.99999999999983,754.1247144195107,1,617819363.6077929,617819363.6077929,-8.940696716308594e-08,34.5798794664297,11.153819486974081,0.012629348351569316,1013972537873663.5,202794507.32481954,2e-07,111913917518.81218,0.00011535962685487959,534
500.0,900.0,9.444444444444445,70.05557692032795,8.0,20.0,11.555555555555555,104.87489549761482,5.0,30.0,20.0,300.0,10.0,10.0,4.0,20000.0,0.175,75.0,2.5e-06,200000.0,0.29,600.0,7.9e-06,450000.0,442915.18076421914,0,7084.819235780802,450.0000000000007,250.82490801182712,211227835410896.38,824308779777455.2,-3.25,847708467670.2852,842132613882.7344,1831797288394.3477,1831797288394.3423,120335859.10134359,132.87808113615097,57483219974197.25,449.9999999999999,367.1219172004634,1,886296959.6819872,886296959.6819872,2.6691704988479614e-06,27.4372328688396,66.74348631673942,0.14377486278288173,211197687304426.1,116158728.05557717,5.5e-07,41515305692.63576,0.00022185435582846764,535
700.0,300.0,5.222222222222222,21.419068431419294,5.0,40.0,7.333333333333334,42.23696789826278,10.0,20.0,,,,,24.0,50000.0,0.15,60.0,2.15e-06,195000.0,0.31,400.0,7.9e-06,210000.0,209470.53497329765,0,529.4650267023272,149.99999999999972,348.5617123224463,436717681290603.25,79237996715816.53,0.6875,1242658232193.795,1252913518185.2847,528253311438.7759,528253311438.7779,64053174.11024072,80.41096431497785,31870857624408.062,150.00000000000014,619.5890358150898,1,114539070.65001982,114539070.65001982,7.450580596923828e-09,6.364255068325292,16.484411237355825,0.024373205379553536,436717368714778.5,87343473.75816804,2e-07,65253549482.57739,0.00015301961357651626,536
300.0,500.0,15.77777777777778,166.66666666666666,7.0,20.0,11.555555555555555,166.66666666666666,3.0,50.0,1.0,0.7853981633974483,3.0,20.0,8.0,42500.0,0.225,105.0,1.975e-06,195000.0,0.32,400.0,7.850000000000001e-06,150000.0,148328.62092883553,0,1671.3790711645524,250.0000000000002,152.194785860571,51115344978469.16,139310385089446.75,-0.0625,345829105394.4183,335854771169.9996,557241540357.7875,557241540357.7865,26722136.718781937,40.745129771389664,4559125403748.5,250.00000000000014,259.2548702665107,1,56427319.6212265,56427319.6212265,-7.561175152659416e-08,1.850466407473732,17.01932032197563,0.06968784487586731,51111034329090.8,5111103.43290908,1e-07,19187523729.994812,0.0004076628016849085,537
500.0,400.0,9.444444444444445,70.05557692032795,8.0,20.0,7.333333333333334,42.23696789826278,7.0,30.0,5.75,25.967226777328133,3.0,20.0,16.0,20000.0,0.15,90.0,2.15e-06,205000.0,0.31,600.0,7.8e-06,200000.0,198988.09327617742,0,1011.9067238226264,200.0000000000002,252.78311255695587,91358216734425.44,56359471798208.41,-0.15625,369546828614.0982,361409493736.8138,281797358991.0423,281797358991.04175,56572419.82672616,76.80770349493635,11855572655486.938,200.00000000000017,423.19229684460663,1,106440388.64139278,106440388.64139278,-1.019798219203949e-07,28.368134649514104,16.831272544451238,0.036092793161752706,91357306400034.14,27407191.943317145,3e-07,18413284720.203144,0.00022182581267270066,538
300.0,500.0,13.666666666666668,255.55555555555557,6.0,10.0,5.222222222222222,21.419068431419294,6.0,50.0,,,,,12.0,35000.0,0.25,120.0,2.5e-06,205000.0,0.3,550.0,7.7e-06,150000.0,148338.15224764834,0,1661.8477523517035,249.99999999999997,155.88962112278972,44018138335011.3,116390984121900.75,-0.125,305447384691.9596,282367344393.88684,465563936487.60297,465563936487.603,29164261.788016785,22.53964085117401,1412600028484.4766,250.00000000000003,277.46015430082076,1,22027224.349753063,22027224.349753063,-2.3283064365386963e-08,62.75804175184385,11.677173592171293,0.04720168977423757,44011701326880.92,13203510.267726623,3e-07,14431293403.883904,0.00037296792320634686,539
200.0,100.0,20.0,255.55555555555557,1.0,10.0,7.333333333333334,42.23696789826278,7.0,40.0,,,,,16.0,27500.0,0.2,90.0,2.5e-06,210000.0,0.28,500.0,7.8e-06,19999.99999786656,19610.770418917564,0,389.2295789489977,50.00000000074239,103.79500853989262,2201282540375.8926,459997581736.397,-39.5703125,22881167670.896603,21207980724.13907,9199951634.864538,9199951634.591341,2414358.8518041573,40.71535629975829,458133202581.34766,50.00000000246981,159.2844234845063,1,10431985.214818584,10431985.214818584,-0.0010977669444400817,8.878604986850405,16.369793138395618,0.10471083030918533,2200138074958.4443,550034.5104907028,2.5e-07,1117638510.5646622,0.0006212982667286191,540
300.0,1000.0,11.555555555555555,104.87489549761482,7.0,20.0,7.333333333333334,42.23696789826278,2.0,40.0,10.5,86.59014751456867,3.0,40.0,32.0,27500.0,0.225,90.0,2.325e-06,190000.0,0.28,600.0,7.8e-06,300000.0,298661.8609311085,0,1338.1390688916185,500.00000000000074,151.66692648097194,64042908962765.875,718758092766640.5,-1.5,431750704299.60785,422260214858.38354,1437516185533.2832,1437516185533.2788,48070945.592084385,31.588109436187843,2506893755704.078,500.0000000000006,268.41189727378315,1,63853555.72239602,63853555.72239602,-1.6391277313232422e-07,13.74804502738698,12.498360130931106,0.04875823200056776,64041010597577.055,16010252.670566197,2.5e-07,24800439658.710285,0.00040204709678478987,541
800.0,500.0,3.111111111111111,7.601878519797524,3.0,50.0,17.88888888888889,300.0,3.0,20.0,,,,,24.0,20000.0,0.25,120.0,1.975e-06,210000.0,0.3,400.0,7.8e-06,400000.0,399077.19435800845,0,922.8056419915564,249.99999999999952,392.42346880345997,450271210322619.5,172355183471526.8,2.625,1104752545493.0852,1147411523820.2834,689420733886.106,689420733886.1086,207392847.531456,152.60957621288614,84184049013753.38,250.0000000000003,647.3904220445849,1,276642568.1833494,276642568.1833494,4.0978193283081055e-08,20.410483376894263,8.619431827817289,0.011178742914597556,450266694763344.25,157593343.3220221,3.5e-07,57213087380.13525,0.000134572918537588,542
400.0,100.0,5.222222222222222,21.419068431419294,4.0,30.0,17.88888888888889,122.22222222222224,7.0,10.0,10.5,86.59014751456867,7.0,50.0,28.0,35000.0,0.225,75.0,2.325e-06,210000.0,0.31,450.0,7.75e-06,40000.06076841078,38396.33321053687,0,1603.7275578739084,49.99999999989611,193.5052245169754,22422817292528.79,1178026394926.7432,17.228515625,108587818941.56015,115877064035.35234,23560527898.48591,23560527898.583817,9461805.367511006,139.62629570715373,10531268775624.29,49.99999999978503,260.3737545190161,1,133209293.30535752,133209293.30535752,0.00020385105744935572,5.203932982294646,98.7569643309141,0.2591668403867672,22420665594967.8,227569756.88592717,1.015e-05,4987198669.312084,0.00027456099746614335,543
100.0,700.0,5.222222222222222,21.419068431419294,3.0,40.0,9.444444444444445,70.05557692032795,8.0,40.0,10.5,86.59014751456867,1.0,40.0,28.0,35000.0,0.15,75.0,2.325e-06,200000.0,0.32,450.0,7.850000000000001e-06,69999.99999979282,69245.5088429272,0,754.4911568656313,349.99999999999983,49.856798642645074,2045486789808.0186,106390504077615.88,0.0390625,40792903812.233154,41027238922.20406,303972868793.18805,303972868793.18835,3350030.937354742,20.114930278871768,232635576748.2124,350.0000000000001,79.88506974093335,1,16613206.14140838,16613206.14140838,5.4016709327697754e-08,13.909935466021125,9.060679903656059,0.16072895440385215,,,,,,544
900.0,1000.0,3.111111111111111,7.601878519797524,9.0,20.0,13.666666666666668,146.6949236301234,9.0,50.0,,,,,32.0,50000.0,0.2,75.0,1.8e-06,200000.0,0.32,600.0,7.850000000000001e-06,900000.0,898611.3287479364,0,1388.671252063745,500.0000000000007,448.37496492828745,3069879516444250.0,3767186995530402.0,-16.0,6797407756540.313,6846679133691.692,7534373991060.814,7534373991060.794,391340272.0482974,89.08914091229308,161982732801595.0,499.99999999999994,810.9108833346583,1,662831858.294422,662831858.294422,-2.2351741790771484e-08,-28.7133204904967,15.122955077076313,0.017935902441883755,3069876426474037.5,920962927.6483525,3e-07,353875349382.6949,0.00011681082175723793,545
1000.0,500.0,15.77777777777778,188.88888888888889,5.0,30.0,20.0,144.44444444444446,7.0,10.0,20.0,100.0,7.0,30.0,8.0,20000.0,0.225,60.0,1.975e-06,190000.0,0.3,450.0,7.7e-06,500000.0,496644.44438992813,0,3355.555610071815,250.00000000000009,499.0122513729867,920440302432803.0,225816224708795.5,-0.25,1837251120322.452,1844524457867.1072,903264898835.1823,903264898835.1816,235745812.7307218,202.35127615365806,187895491245176.25,250.00000000000023,797.6487240041738,1,742435790.5932359,742435790.5932359,2.9802322387695312e-08,11.923731748531281,47.39199411809114,0.04835917767152157,920433280267279.5,230108320.03027686,2.5e-07,86269479353.42946,0.0001041535992935779,546
200.0,400.0,7.333333333333334,42.23696789826278,8.0,40.0,7.333333333333334,42.23696789826278,8.0,30.0,,,,,4.0,20000.0,0.175,90.0,2.325e-06,195000.0,0.32,550.0,7.8e-06,80000.0,79324.20845338108,0,675.7915466188438,200.0,99.655863376669,5781362862101.285,22654231032859.0,0.03515625,57615353090.36743,58013273541.6629,113271155164.295,113271155164.295,9080976.906244878,44.62413851477605,1213471961175.3047,199.9999999999999,155.37570615519192,1,36635283.5211773,36635283.5211773,2.2351741790771484e-08,8.937383635635342,14.465018624069042,0.08696403982406238,5780919931105.766,1734275.9805143634,3e-07,4001725074.8996534,0.00075328511254213,547
700.0,1000.0,9.444444444444445,70.05557692032795,3.0,30.0,15.77777777777778,100.0,5.0,40.0,,,,,20.0,50000.0,0.15,90.0,1.975e-06,210000.0,0.29,550.0,7.75e-06,700000.0,699289.8332597244,0,710.1667402755922,499.99999999999943,349.61362166101435,1439806432985149.0,2929696747592764.0,10.0,4109196367194.9326,4118278990803.1284,5859393495185.521,5859393495185.534,257858204.68895876,50.07856527786041,40158657001565.5,500.00000000000006,649.9212578450446,1,182298424.49417,182298424.49417,-7.450580596923828e-09,32.16120842154487,6.080676455867678,0.009324601824203485,1439805351240103.5,935873478.3806858,6.5e-07,226310257878.49838,0.0001586368596375752,548
900.0,200.0,15.77777777777778,188.88888888888889,2.0,40.0,13.666666666666668,277.77777777777777,6.0,20.0,15.25,250.0,3.0,20.0,16.0,50000.0,0.225,105.0,1.8e-06,205000.0,0.32,600.0,7.8e-06,180000.0,176455.55554245174,0,3544.4444575482567,99.99999999999996,440.76172021689257,669047780815332.5,32178950272347.016,0.4375,1456864138440.9756,1517935315449.1357,321789502723.47003,321789502723.4703,102657775.72590308,235.1009334729871,208836890093692.0,100.00000000000001,664.8990665333348,1,1187107384.3092828,1187107384.3092828,-7.078051567077637e-08,8.820796413143398,119.5864671366551,0.13695720611787815,669032947597054.9,167258236.59049383,2.5e-07,69655121983.86537,0.00011750967199474688,549
300.0,1000.0,5.222222222222222,21.419068431419294,3.0,10.0,15.77777777777778,144.44444444444446,5.0,40.0,20.0,150.0,5.0,30.0,12.0,42500.0,0.2,75.0,1.975e-06,200000.0,0.28,500.0,7.8e-06,300000.0,297713.5205951256,0,2286.479404874291,500.00000000000057,149.53795195445787,97829769795157.12,1126114010374527.5,-3.25,650195654425.3992,654213652898.9739,2252228020749.0576,2252228020749.0522,43992155.80266629,50.15705794502435,10681566660741.906,500.00000000000017,249.84295910617865,1,180115237.64523157,180115237.64523157,-1.1920928955078125e-07,23.233124311387655,20.549847075140537,0.08151107261250591,97824506644601.31,24456126.639949042,2.5e-07,34686618835.69703,0.0003641699131829357,550
300.0,300.0,20.0,122.22222222222224,2.0,50.0,20.0,233.3333333333333,9.0,50.0,,,,,8.0,27500.0,0.15,75.0,1.975e-06,195000.0,0.3,450.0,7.8e-06,90000.0,87655.55576898284,0,2344.4442310171676,149.99999999999991,140.24564958912515,21477398138286.336,20088233103388.43,0.0703125,134440145655.17784,153141278900.3312,133921554022.58946,133921554022.58961,15914908.54748696,110.93620748806374,10689966689709.07,150.0000000000001,189.0635447024969,1,202074988.4392093,202074988.4392093,1.862645149230957e-08,9.800761114252964,58.994088106861085,0.24580870044525452,21469330620320.215,6440799.242041046,3e-07,9973730489.532217,0.0005478080226795493,551
900.0,600.0,17.88888888888889,188.88888888888889,5.0,40.0,20.0,122.22222222222224,3.0,40.0,,,,,24.0,27500.0,0.25,90.0,2.325e-06,205000.0,0.28,600.0,7.7e-06,540000.0,538688.8888759252,0,1311.1111240749378,299.99999999999966,452.7315475536828,1039642919753894.0,453498005189766.25,2.0,2324427117690.97,2296378340258.292,1511660017299.219,1511660017299.2227,261424293.28896016,79.91819518801651,47547237995317.75,299.9999999999999,820.0818003957744,1,207599002.43203318,207599002.43203318,1.2665987014770508e-07,19.680915039032698,20.410021930833274,0.024011790506862675,1039639278857932.2,363873747.41488004,3.5e-07,124484908940.99022,0.00012459549781523578,552
800.0,500.0,20.0,100.0,1.0,10.0,1.0,0.7853981633974483,2.0,50.0,,,,,24.0,50000.0,0.25,75.0,2.15e-06,195000.0,0.31,600.0,7.9e-06,400000.0,399898.4292083602,0,101.5707916398125,249.99999999999986,400.2713199836151,1068786930199873.0,416675847195267.5,1.0,2673780951009.228,2670156158686.621,1666703388781.069,1666703388781.071,152619922.32260975,6.292515075834899,175085540327.79688,250.00000000000003,793.7074982596372,1,1849956.8443378308,1849956.8443378308,-3.055902197957039e-10,13.354566112314217,2.2772971408834914,0.003038421802379575,1068786775058980.0,374075371.24620634,3.5e-07,140251446242.4004,0.0001315542974130008,553
700.0,800.0,1.0,0.7853981633974483,10.0,10.0,1.0,0.7853981633974483,5.0,40.0,1.0,0.7853981633974483,7.0,10.0,4.0,27500.0,0.15,90.0,1.975e-06,190000.0,0.28,550.0,7.7e-06,560000.0,559977.2234569988,0,22.776543000956785,399.9999999999987,350.0170473950107,629088998835527.5,821731696013105.5,11.25,1797484689334.435,1797309598253.8557,2054329240032.757,2054329240032.7705,204609311.67471743,10.28311564123996,597734632914.6094,399.99999999999994,689.7171148947733,1,3485361.4747748426,3485361.4747748426,-5.7159923017024994e-08,-25.69588252600562,0.24325488231358824,0.0003688474333792089,629088998566449.9,283090049.3540089,4.5e-07,92607850141.49565,0.00014727469342078891,554
200.0,400.0,5.222222222222222,21.419068431419294,8.0,50.0,7.333333333333334,42.23696789826278,4.0,50.0,10.5,150.0,1.0,40.0,4.0,27500.0,0.175,75.0,2.325e-06,205000.0,0.31,400.0,7.9e-06,80000.0,79359.69957188336,0,640.3004281165896,199.99999999999983,100.03457098655245,7466809349356.441,31339393411568.766,0.0625,74693915917.19165,74642288917.90016,156696967057.8437,156696967057.84396,7757054.207942307,38.18869927842806,848457725967.4629,199.99999999999994,161.81130076977982,1,24069511.0926525,24069511.0926525,3.725290298461914e-09,10.630933364052908,11.961239764837188,0.08173967948635891,,,,,,555
400.0,1000.0,7.333333333333334,42.23696789826278,7.0,20.0,17.88888888888889,100.0,4.0,10.0,10.5,150.0,5.0,10.0,4.0,50000.0,0.15,90.0,2.5e-06,190000.0,0.28,450.0,7.7e-06,400000.0,397804.34122217813,0,2195.6587778219277,500.0000000000002,199.83571925596183,271283244241154.62,1727566757839618.0,-1.25,1355302970303.9797,1357531302467.8958,3455133515679.238,3455133515679.2344,84999240.0333155,51.69558643257237,19075409064827.812,499.9999999999996,348.30441033675487,1,201230782.07874304,201230782.07874304,-1.30385160446167e-07,-0.04271305953443516,14.863231762848276,0.039005419398346425,271279048737865.2,54255809.73756467,2e-07,73273230588.01535,0.00027609053734881583,556
400.0,500.0,15.77777777777778,277.77777777777777,2.0,20.0,20.0,233.3333333333333,6.0,40.0,,,,,12.0,50000.0,0.2,60.0,2.5e-06,210000.0,0.32,400.0,7.9e-06,200000.0,198044.44445745874,0,1955.5555425413145,250.0000000000001,198.22540162575442,140980066725236.88,216905976058775.38,-0.3125,698700767396.6532,711210902179.9558,867623904235.1019,867623904235.1011,36359505.3331504,77.76983060255631,25936407468920.312,250.0,322.23017898138113,1,189516987.12231696,189516987.12231696,-1.1175870895385742e-08,-13.174659097654512,26.998534192703293,0.07713866912200941,140972028994307.62,35243007.184522614,2.5e-07,38261030927.71879,0.0002912893042568375,557
600.0,900.0,9.444444444444445,70.05557692032795,3.0,40.0,7.333333333333334,42.23696789826278,9.0,50.0,1.0,0.7853981633974483,1.0,20.0,12.0,50000.0,0.2,90.0,2.5e-06,190000.0,0.29,550.0,7.8e-06,540000.0,539408.1297807358,0,591.8702192647196,449.99999999999915,299.793323129259,815145922979378.5,1830119026441653.0,11.5,2715282456327.09,2719026276071.9316,4066931169870.3325,4066931169870.3477,170246657.79461518,40.43415188829598,19497106521326.625,449.9999999999999,559.5656644430334,1,118841316.92552258,118841316.92552258,-3.93774826079607e-08,29.027062407267863,5.630909297824832,0.010306728429701843,815145457534850.2,203786364.3921087,2.5e-07,158406675483.91907,0.00019590841241093684,558
500.0,300.0,17.88888888888889,255.55555555555557,1.0,30.0,17.88888888888889,166.66666666666666,7.0,20.0,,,,,4.0,20000.0,0.25,60.0,1.975e-06,200000.0,0.3,450.0,7.75e-06,150000.0,148577.77775443133,0,1422.2222455685962,149.99999999999994,238.72447413849412,74400553651390.88,23871449672313.906,0.09375,284758985389.3484,311658676471.6381,159142997815.426,159142997815.42612,39832612.50129809,151.9441272585224,31368094225297.156,150.0,348.05562407956916,1,237728617.24596742,237728617.24596742,1.862645149230957e-08,-8.037195966695435,40.636874472758464,0.08626768962579513,74396419919636.44,18599104.8514132,2.5e-07,13919434568.55524,0.00022541183467265872,559
800.0,600.0,9.444444444444445,70.05557692032795,10.0,10.0,1.0,0.7853981633974483,10.0,20.0,10.5,86.59014751456867,10.0,40.0,24.0,20000.0,0.2,75.0,2.5e-06,195000.0,0.29,550.0,7.7e-06,480000.0,477559.78735645243,0,2440.212643547458,300.00000000000153,404.74596033098,542261415483494.5,310963577651670.4,-8.75,1371931368336.1118,1339757449438.3135,1036545258838.9065,1036545258838.896,191443557.71029916,117.56227734166384,48323647717069.0,300.00000000000006,682.4377235090959,1,370240808.7855542,370240808.7855542,2.7008354663848877e-07,-19.533230536457268,25.66090163529268,0.032919694208201004,542258326366548.25,54225832.636654824,1e-07,66264030360.492004,0.0001296883560113043,560
1000.0,300.0,15.77777777777778,144.44444444444446,9.0,20.0,20.0,255.55555555555557,3.0,30.0,,,,,28.0,35000.0,0.15,90.0,2.5e-06,205000.0,0.31,400.0,7.8e-06,300000.0,297933.33332135336,0,2066.666678646653,150.00000000000017,504.09011714206486,951660639187345.0,81179612319283.12,-1.75,1919019305892.66,1887877994083.2363,541197415461.8881,541197415461.8869,168865556.0501366,140.6481710135345,118065550912572.5,150.00000000000006,859.3518421289834,1,293756589.3843741,293756589.3843741,-3.520399332046509e-07,16.18307810452825,23.552134930501975,0.024533473885939558,951654379238521.5,190330875.8920876,2e-07,91247848970.03622,0.00010575431420631074,561
500.0,900.0,20.0,188.88888888888889,5.0,40.0,15.77777777777778,255.55555555555557,4.0,20.0,,,,,28.0,20000.0,0.15,105.0,1.8e-06,205000.0,0.32,550.0,7.7e-06,450000.0,448033.33330298506,0,1966.6666970150136,449.99999999999955,249.2461172012748,203819523218040.38,640203916876610.8,1.25,812826987734.5906,817744025490.4717,1422675370836.9114,1422675370836.9143,138259815.67791483,90.09207678961984,35257402673164.5,450.0000000000003,409.9079268599151,1,283691012.6728724,283691012.6728724,2.2351741790771484e-08,26.513911741611082,16.036438209987814,0.03396750857233651,203812351301334.62,132478028.38469332,6.5e-07,42028032672.95652,0.00022504775504505694,562
600.0,700.0,11.555555555555555,104.87489549761482,2.0,30.0,17.88888888888889,100.0,1.0,10.0,5.75,25.967226777328133,5.0,40.0,20.0,20000.0,0.2,60.0,2.325e-06,210000.0,0.32,550.0,7.850000000000001e-06,420000.0,419430.5779358491,0,569.4220641509071,349.9999999999997,300.56117585134865,257099460018538.0,351342796517164.75,0.25,858604293379.4895,855398104197.2437,1003836561477.6128,1003836561477.6144,109327106.1937996,58.22172834955775,10996425292038.406,349.99999999999994,541.778163475216,1,78681681.34890509,78681681.34890509,4.0978193283081055e-08,14.290385002328549,10.447277579367565,0.017979825647391527,257098812664090.1,51419762.51849424,2e-07,44801933155.18117,0.00017791999711016667,563
500.0,1000.0,7.333333333333334,42.23696789826278,2.0,50.0,3.111111111111111,7.601878519797524,9.0,10.0,,,,,28.0,35000.0,0.175,90.0,1.8e-06,200000.0,0.3,600.0,7.850000000000001e-06,500000.0,499847.1091503329,0,152.89084966717218,499.99999999999966,250.0025553908001,365762492268248.0,1462232254114282.5,3.75,1463064923883.5776,1463035014568.1262,2924464508228.563,2924464508228.567,130864506.09105074,19.970818719376588,3115231234305.625,500.00000000000006,480.0291812934615,1,22720488.75399339,22720488.75399339,-5.960464477539063e-08,32.18281969797499,1.4284929753856128,0.0029245761549190033,365762427205385.1,73152485.44103225,2e-07,76416995634.47226,0.00020969062001342022,564
300.0,700.0,1.0,0.7853981633974483,3.0,20.0,13.666666666666668,211.11111111111111,10.0,50.0,1.0,0.7853981633974483,1.0,20.0,24.0,27500.0,0.175,120.0,2.5e-06,190000.0,0.28,550.0,7.8e-06,210000.0,207884.96186838733,0,2115.038131612656,349.99999999999943,144.78530479374248,46136114376205.47,250470114371617.5,0.25,297240633787.2671,318651913202.9996,715628898204.6202,715628898204.6226,41887881.80483067,81.95887017951513,13965607904178.484,350.0000000000001,218.04112983375853,1,272440734.3868558,272440734.3868558,1.752050593495369e-08,30.426361246668193,19.38177242606861,0.07970571251684873,46129375468628.875,13838812.704402909,3e-07,16689012979.646788,0.0003873601804166869,565
600.0,400.0,11.555555555555555,188.88888888888889,3.0,40.0,11.555555555555555,144.44444444444446,5.0,20.0,1.0,0.7853981633974483,1.0,30.0,8.0,20000.0,0.25,105.0,2.15e-06,190000.0,0.3,400.0,7.9e-06,240000.0,238709.54032533438,0,1290.4596746656448,199.9999999999998,298.1708906676165,159444635215762.44,67398128817278.09,0.375,528261291856.3037,534742458791.8678,336990644086.39014,336990644086.3908,90411414.18718942,118.00655726647139,33459182034700.125,199.99999999999994,481.9934440700357,1,172505565.12402686,172505565.12402686,9.786162991076708e-09,11.068105739965404,17.218688315423208,0.029986105799231933,159441439614919.8,31888287.89544103,2e-07,26046673750.202908,0.0001822314776193882,566
900.0,200.0,17.88888888888889,188.88888888888889,4.0,10.0,7.333333333333334,42.23696789826278,5.0,30.0,1.0,0.7853981633974483,7.0,30.0,12.0,50000.0,0.15,105.0,2.15e-06,195000.0,0.3,450.0,7.75e-06,180000.0,179022.26404383738,0,977.7359561626484,100.00000000000003,453.7725062408082,633107464163241.0,30303708720265.266,-0.8125,1418799766974.6895,1395208954830.911,303037087202.6528,303037087202.6526,94357807.29129674,74.00868675829891,27925344214730.25,100.00000000000011,825.9911725276642,1,85356294.17682381,85356294.17682381,4.5372871682047844e-08,24.001197786393732,14.934579690345426,0.01723883765899612,633105111348494.0,158276277.7164177,2.5e-07,69447203211.25237,0.00011570128729281424,567
100.0,200.0,20.0,100.0,7.0,50.0,20.0,100.0,3.0,40.0,15.25,200.0,1.0,20.0,28.0,27500.0,0.2,75.0,1.975e-06,205000.0,0.3,500.0,7.8e-06,20000.000002810782,18882.03107742629,0,1117.9689253844824,99.99999999999993,48.199991501660136,470500736340.52026,2406188404717.1816,0.00341796875,9083024307.912987,9761427786.233427,24061884047.1718,24061884047.171833,1014437.3328102533,38.761161472192846,187540235874.79102,100.00000000000001,61.23883861225518,1,16116679.726004843,16116679.726004843,-1.862645149230957e-09,-20.695585531437246,36.285211499866804,0.5762815281266043,,,,,,568
400.0,300.0,7.333333333333334,42.23696789826278,2.0,30.0,9.444444444444445,70.05557692032795,3.0,30.0,5.75,25.967226777328133,1.0,50.0,28.0,20000.0,0.225,90.0,1.975e-06,210000.0,0.31,400.0,7.8e-06,120000.0,119653.42489206103,0,346.57510793897615,150.0,198.40827537109172,33528908765424.094,18483989005302.203,-0.09375,166320858790.927,168989467312.86032,123226593368.68135,123226593368.68135,26452385.055717032,68.27345210946902,4736974685810.3125,149.99999999999997,331.726671576394,1,35547181.33521131,35547181.33521131,1.979060471057892e-09,9.670170409073762,7.193818734813182,0.01969410451688256,33528580597574.52,6705716.107740047,2e-07,9596194790.568182,0.00030079058615342235,569
900.0,100.0,7.333333333333334,42.23696789826278,5.0,40.0,17.88888888888889,100.0,5.0,30.0,20.0,300.0,3.0,50.0,16.0,20000.0,0.25,75.0,2.15e-06,200000.0,0.31,450.0,7.7e-06,89999.99999700856,87808.11011839952,0,2191.8898786090417,49.99999999985581,442.8330565576394,142269463612851.62,1543737497824.3516,85.4375,311198055007.20526,321271100939.8951,30874749956.397995,30874749956.57607,45907774.26109774,294.45032282443407,56119291226220.75,49.99999999968768,605.5497826396706,1,404719099.70007944,404719099.70007944,0.0004152150359004736,-5.227927543397527,157.6700234970756,0.1831124861681411,142260516966462.47,64017232.5798595,4.5e-07,14665927314.96742,0.00012152469272713418,570
1000.0,100.0,15.77777777777778,255.55555555555557,2.0,30.0,5.222222222222222,21.419068431419294,9.0,50.0,20.0,200.0,3.0,40.0,8.0,35000.0,0.225,90.0,1.8e-06,195000.0,0.29,500.0,7.8e-06,100600.00000613503,98970.77027613363,0,1629.2297300014159,50.00000000024493,505.070351856591,313384220714216.5,2922225393512.3066,-490.0,633189427810.1753,620476374355.0688,58444507870.53243,58444507869.95984,55499925.47178439,203.96254910708578,49399277372769.875,50.000000000908145,796.0375744992575,1,316405493.8422486,316405493.8422486,-0.0027270545871473833,-3.9127163826778997,87.53434683922396,0.09239536991218518,313379373643473.9,109682780.82273683,3.5e-07,31282465467.29137,0.00010804434834462024,571
300.0,100.0,3.111111111111111,7.601878519797524,4.0,50.0,5.222222222222222,21.419068431419294,1.0,10.0,10.5,150.0,1.0,10.0,24.0,50000.0,0.2,75.0,2.15e-06,210000.0,0.29,450.0,7.9e-06,30000.0,29648.173420717947,0,351.82657928205003,50.0,149.4046405541572,11380068330077.238,1312539541409.1548,0.0,75567191259.76617,76169443518.4034,26250790828.183094,26250790828.183094,4353668.423218046,56.924552761029524,1345259607692.504,49.99999999999994,243.07544799912387,1,24270954.365964115,24270954.365964115,0.0,2.7520430774748093,29.574885929040907,0.10290894003516872,11379304784104.63,5120687.156090016,4.5e-07,4086073222.655038,0.00036405586666980364,572
100.0,700.0,3.111111111111111,7.601878519797524,4.0,10.0,20.0,100.0,5.0,40.0,10.5,86.59014751456867,7.0,40.0,4.0,42500.0,0.225,75.0,2.15e-06,210000.0,0.3,550.0,7.850000000000001e-06,70000.00001627274,68730.10049477899,0,1269.8995214937297,349.9999999999993,50.85547861801839,2549350036333.329,137034236246459.31,0.15625,51874552129.99642,50129309675.40004,391526389275.5973,391526389275.5988,3370911.615415118,18.398121682417266,202769240985.89355,349.9999999999998,81.60185375249901,1,19895395.406537827,19895395.406537827,4.416797310113907e-07,-23.01873392129164,15.134355891431243,0.29712058310110684,2547880055938.3433,636970.0044400305,2.5e-07,3198545597.395047,0.0012961789575452228,573
900.0,1000.0,5.222222222222222,21.419068431419294,1.0,20.0,3.111111111111111,7.601878519797524,8.0,20.0,,,,,28.0,27500.0,0.225,60.0,2.325e-06,195000.0,0.29,450.0,7.75e-06,900000.0,899917.7658966202,0,82.23410337951202,500.00000000000017,449.88567912659676,1673149905935758.0,2063499349382906.0,-2.0,3717166569348.8105,3719055714740.6724,4126998698765.8135,4126998698765.8105,345692180.3233955,27.0759868481351,8777728390553.125,499.9999999999997,872.9239449583564,1,24253530.027084693,24253530.027084693,-2.0954757928848267e-08,21.453639217709224,0.8645702665865703,0.0009842059699964986,1673149891614414.8,418287472.9078504,2.5e-07,194925724655.0414,0.00011669780023205003,574
1000.0,500.0,9.444444444444445,70.05557692032795,5.0,30.0,15.77777777777778,122.22222222222224,4.0,20.0,,,,,8.0,35000.0,0.15,75.0,2.325e-06,190000.0,0.28,600.0,7.7e-06,500000.0,499160.83319455624,0,839.1668054438002,250.00000000000028,499.4036226548305,1486971678245289.5,367919338816656.75,-1.75,2970400397484.295,2977494777351.725,1471677355266.6287,1471677355266.6252,243123833.87179664,94.57500177247134,76661151828223.75,249.99999999999997,905.4249986506792,1,287797521.71046096,287797521.71046096,1.1362135410308838e-07,-18.701093031078926,17.93777244136711,0.018452389071980383,1486970403878804.2,297394080.7442181,2e-07,153969717945.01602,0.00010588687546566713,575
800.0,100.0,5.222222222222222,21.419068431419294,5.0,50.0,9.444444444444445,70.05557692032795,7.0,10.0,10.5,150.0,1.0,30.0,32.0,35000.0,0.15,90.0,2.15e-06,210000.0,0.28,400.0,7.75e-06,79999.999999949,79248.96182291134,0,751.0381770376292,49.99999999997425,393.97093283410726,160442759380662.0,2355718517401.6816,29.828125,395150919860.3984,407245169653.72424,47114370348.00937,47114370348.0579,36426973.69101084,179.59658411326367,37167570934454.625,49.99999999990318,620.4034165457743,1,153963925.24579912,153963925.24579912,0.00014434452168643475,-4.3232769328169525,42.571984839396315,0.05421264429944149,160441678270840.3,40110419.50585177,2.5e-07,19125216115.144634,0.0001295489339658174,576
1000.0,200.0,3.111111111111111,7.601878519797524,7.0,10.0,5.222222222222222,21.419068431419294,4.0,10.0,,,,,8.0,20000.0,0.225,60.0,2.5e-06,195000.0,0.31,550.0,7.7e-06,200000.0,199861.11057876318,0,138.88942123686115,100.00000000000003,499.3144035159273,339114821532119.9,13429351874294.992,-0.0625,677300932787.8827,679160903719.6594,134293518742.94997,134293518742.94989,86802502.69354685,84.8418515663021,14473592190001.125,99.99999999999991,915.1581601158625,1,46506938.049629994,46506938.049629994,-1.1059455573558807e-08,-6.849888317490695,7.4805028260645186,0.007576045174596379,339114786750894.5,152601654.04755914,4.5e-07,34093988883.07589,0.0001023731766865736,577
700.0,300.0,17.88888888888889,211.11111111111111,1.0,50.0,13.666666666666668,277.77777777777777,2.0,40.0,,,,,4.0,50000.0,0.2,90.0,2.15e-06,210000.0,0.28,500.0,7.7e-06,210000.0,209233.33333882588,0,766.6666611741567,150.00000000000003,348.38864016780997,439756121877903.0,79698571528149.34,-0.8125,1250688038315.3176,1262257350486.7542,531323810187.6624,531323810187.6622,79033842.77238631,92.56862908129625,40672258827394.0,150.0,607.4312274402286,1,184267177.18815592,184267177.18815592,5.587935447692871e-09,9.293656920985086,19.891108147943324,0.030453342390087592,439752798363389.2,87950559.62132709,2e-07,70162781500.25221,0.00016470230989241264,578
300.0,500.0,13.666666666666668,144.44444444444446,2.0,10.0,13.666666666666668,277.77777777777777,5.0,40.0,5.75,25.967226777328133,1.0,10.0,20.0,35000.0,0.2,90.0,2.325e-06,210000.0,0.28,450.0,7.850000000000001e-06,150000.0,148270.28773302722,0,1729.7122669728187,250.0000000000001,146.72112842456897,42806768432581.33,119247606968303.31,0.0625,279273770693.93036,291755992420.60614,476990427873.21344,476990427873.213,26096780.642326243,75.27592501137643,11936651993881.11,250.00000000000009,224.72407500843474,1,155541759.90655473,155541759.90655473,4.7031790018081665e-08,-19.351937840125174,19.723438830310368,0.0779069341296305,42799601494365.91,12839880.375483416,3e-07,14653815173.093328,0.0003767721377791764,579
300.0,500.0,11.555555555555555,104.87489549761482,10.0,10.0,15.77777777777778,233.3333333333333,8.0,30.0,10.5,86.59014751456867,10.0,10.0,32.0,35000.0,0.225,120.0,2.325e-06,210000.0,0.29,450.0,7.75e-06,150000.0,145352.7814253237,0,4647.218574676308,250.0000000000011,148.57527916548722,48075551576147.28,137730458340403.69,-1.375,317488130809.8135,323577057005.5562,550921833361.6172,550921833361.6123,33420599.748751886,90.52195815300739,19240006191511.875,249.99999999999932,209.47782353459567,1,304198457.0185477,304198457.0185477,1.7415732145309448e-07,26.637063118581864,31.268025189292082,0.11929301681381807,48063928974030.59,14419178.657655356,3e-07,14239005961.665848,0.00037302901980331744,580
300.0,800.0,7.333333333333334,42.23696789826278,5.0,20.0,9.444444444444445,70.05557692032795,9.0,30.0,15.25,150.0,1.0,50.0,8.0,20000.0,0.25,120.0,1.975e-06,195000.0,0.32,450.0,7.75e-06,240000.0,238858.31498901412,0,1141.6850109859379,400.0000000000002,148.44787377674183,38047039883749.53,269852773819483.25,-0.0625,251049198925.1325,256298988431.25482,674631934548.7085,674631934548.7078,46325643.35175278,60.03159599007554,6800606583658.836,400.00000000000017,239.9684059773663,1,95309633.03194474,95309633.03194474,0.0,34.3834563256969,7.498118180364662,0.028265157514869795,38045517841416.24,13315931.209574273,3.5e-07,14217262743.98895,0.00039625451438444884,581
200.0,300.0,11.555555555555555,188.88888888888889,6.0,10.0,17.88888888888889,277.77777777777777,3.0,20.0,,,,,8.0,42500.0,0.15,75.0,2.15e-06,200000.0,0.32,550.0,7.75e-06,60000.0,58033.33329582519,0,1966.6667041747987,150.00000000000009,101.99584731219072,10423025273829.945,21913545046622.406,-0.0546875,106352894116.97005,102190682743.45486,146090300310.81613,146090300310.81595,6871743.530435207,48.07260199512517,3185486425343.1836,149.99999999999994,151.92732707463244,1,73248638.35688339,73248638.35688339,1.1175870895385742e-08,18.26636284828419,21.05536563558269,0.123090802698766,10415934093644.691,2603983.5034344825,2.5e-07,4792319447.374826,0.0005900867750278888,582
600.0,400.0,11.555555555555555,122.22222222222224,10.0,20.0,11.555555555555555,100.0,6.0,30.0,20.0,150.0,1.0,30.0,4.0,42500.0,0.2,60.0,1.8e-06,200000.0,0.32,500.0,7.9e-06,240000.0,237877.77777666447,0,2122.222223335524,200.00000000000023,302.6632202264042,327002558657576.4,140517141855024.0,-0.875,1099771642467.4043,1080417232106.9121,702585709275.1208,702585709275.1191,64981859.881357305,83.50057008885153,34359135644005.312,200.0000000000001,516.4994341076449,1,208197287.05982086,208197287.05982086,3.91155481338501e-08,-0.009284648069296964,26.27930050122307,0.04657615293504528,326998509750356.56,81749627.47967178,2.5e-07,54894559057.87724,0.0001819710314588937,583
100.0,300.0,15.77777777777778,166.66666666666666,7.0,40.0,20.0,211.11111111111111,2.0,50.0,,,,,28.0,20000.0,0.225,105.0,2.15e-06,200000.0,0.28,550.0,7.75e-06,30000.00000166832,28418.767527672208,0,1581.2324739961064,149.9999999999999,51.351247014456256,510917698257.042,6080011186188.078,0.0185546875,10502174606.795452,9949470128.99628,40533407907.92049,40533407907.920555,1682203.5542269747,34.507480124358786,130858338192.87207,150.00000000000003,65.49251988172435,1,21251281.041825067,21251281.041825067,6.51925802230835e-09,40.27797265961999,27.664316982135848,0.5766334431814536,,,,,,584
500.0,900.0,3.111111111111111,7.601878519797524,1.0,40.0,20.0,300.0,4.0,40.0,1.0,0.7853981633974483,10.0,30.0,20.0,50000.0,0.2,120.0,2.325e-06,200000.0,0.28,550.0,7.850000000000001e-06,450000.0,448776.69012847025,0,1223.3098715293804,450.00000000000057,248.42385996483802,475974334243086.5,1535978942200927.0,1.5,1891969302719.0938,1915976727478.818,3413286538224.2866,3413286538224.278,138523924.87495017,64.32745708803743,39836711975909.25,450.0000000000001,435.6725429335367,1,296693273.7672893,296693273.7672893,9.400537237524986e-09,38.55684284306625,8.728426272159636,0.019396502827021413,475968603191293.94,142790581.0288929,3e-07,112210573080.15727,0.00024034424060428105,585
900.0,700.0,5.222222222222222,21.419068431419294,5.0,50.0,5.222222222222222,21.419068431419294,8.0,30.0,,,,,24.0,42500.0,0.15,60.0,1.8e-06,210000.0,0.28,500.0,7.850000000000001e-06,630000.0,629721.5521092984,0,278.4478907017515,350.00000000000006,449.8191325970652,1815144705448034.0,1095344936178231.0,-1.5,4032034315273.0815,4035276789958.126,3129556960509.232,3129556960509.231,242702340.4987717,44.74344207850331,25241815119244.375,349.99999999999983,855.256802803897,1,76837419.43129304,76837419.43129304,-5.122274160385132e-09,-15.046990875798656,4.643583907946872,0.005353520165705718,1815144605828960.0,363028921.15123826,2e-07,216302542774.25415,0.00011978203832551846,586
600.0,700.0,5.222222222222222,21.419068431419294,7.0,20.0,15.77777777777778,188.88888888888889,3.0,40.0,10.5,86.59014751456867,3.0,50.0,20.0,50000.0,0.15,120.0,1.8e-06,210000.0,0.3,400.0,7.8e-06,420000.0,418763.8589811921,0,1236.1410188076673,349.9999999999996,299.28515798518805,638584141033655.5,870824408941318.0,4.75,2123553785224.2144,2133697993354.0833,2488069739832.3345,2488069739832.34,154265036.8859872,67.8225380421965,38134104054427.75,350.0000000000001,532.1774619628976,1,184413851.27102783,184413851.27102783,2.5890767574310303e-07,30.169284936280746,8.24728195689332,0.014937721395402087,638581547001463.6,287361696.06731653,4.5e-07,113249397464.72453,0.0001803826462877501,587
800.0,400.0,3.111111111111111,7.601878519797524,9.0,20.0,20.0,233.3333333333333,10.0,20.0,,,,,24.0,27500.0,0.2,60.0,2.15e-06,200000.0,0.28,400.0,7.8e-06,320000.0,317598.2497019412,0,2401.7502980586182,200.00000000000026,384.3223463327105,523868565819845.0,122236463034747.69,-0.75,1260275988372.3555,1363096813960.2488,611182315173.7393,611182315173.7377,126702030.23367439,215.87053034120999,180633861233395.75,200.00000000000014,584.1294703615645,1,696592883.1711076,696592883.1711076,-2.2351741790771484e-08,-8.451344436223735,53.24846456912615,0.06915385008977422,523859893883922.94,235736951.4532434,4.5e-07,61461514693.593185,0.00013277076811443403,588
600.0,900.0,15.77777777777778,100.0,5.0,30.0,17.88888888888889,255.55555555555557,8.0,50.0,,,,,24.0,20000.0,0.2,90.0,1.8e-06,210000.0,0.31,550.0,7.75e-06,540000.0,537455.5555172312,0,2544.444482768641,450.0000000000005,293.9082308432787,352688288218082.9,762534125172276.0,-0.5,1152230552261.2854,1199994594251.9302,1694520278160.6152,1694520278160.6113,187838446.83742204,135.36605036831025,86456204788810.75,449.99999999999983,464.63395179098796,1,602533024.747698,602533024.747698,1.9371509552001953e-07,-20.370921199850272,22.982150878065394,0.042476508442293906,352678720844586.8,105803616.39084837,3e-07,61624776385.17353,0.00019094766743812014,589
300.0,900.0,5.222222222222222,21.419068431419294,5.0,30.0,15.77777777777778,211.11111111111111,4.0,50.0,,,,,12.0,42500.0,0.15,105.0,2.325e-06,205000.0,0.31,600.0,7.7e-06,270000.0,269048.4602081179,0,951.5397918819383,450.0000000000006,149.08881214787445,87459250949824.03,787801903310279.0,-0.875,579541200321.8964,586625177904.5443,1750670896245.067,1750670896245.062,46674573.51293769,42.41083992030656,7880929256783.141,450.0000000000002,257.5891331732328,1,122619567.01744898,122619567.01744898,-2.3096799850463867e-07,33.996361838217126,8.464627664583825,0.03496174800887146,87456305422083.69,48100967.913266994,5.5e-07,36601582687.841965,0.00042648567438550924,590
300.0,600.0,7.333333333333334,42.23696789826278,9.0,50.0,5.222222222222222,21.419068431419294,7.0,20.0,,,,,20.0,35000.0,0.15,60.0,1.8e-06,205000.0,0.3,400.0,7.7e-06,180000.0,179469.93380945403,0,530.0661905460535,299.9999999999998,150.4660842794265,48262205723328.56,191505789421737.88,0.3125,322750898956.68695,320751390284.751,638352631405.7925,638352631405.7935,23425564.665090647,29.997437855331064,2114066505183.7969,300.00000000000017,270.00255576060044,1,24019403.601261314,24019403.601261314,4.190951585769653e-08,12.581085578764032,8.251805215518347,0.0297481461709341,48261891441745.664,21717851.132404823,4.5e-07,18494681822.457737,0.0003926847513032273,591
700.0,600.0,7.333333333333334,42.23696789826278,5.0,50.0,15.77777777777778,300.0,1.0,10.0,5.75,25.967226777328133,3.0,10.0,20.0,27500.0,0.2,120.0,1.8e-06,190000.0,0.29,550.0,7.7e-06,420000.0,419333.01179099776,0,666.9882090023631,299.99999999999966,349.4447002192083,480438029178681.0,349995362727370.25,2.5,1370505679072.9087,1374861398319.3906,1166651209091.233,1166651209091.2356,180730224.31263015,72.10556755654936,26362206213050.25,300.0000000000005,627.8944324654472,1,149132719.0575242,149132719.0575242,4.423782229423523e-08,-25.909831298688005,7.13761850710105,0.010464011496069955,480436472303042.3,144130941.7038606,3e-07,70867153191.37863,0.00015052867646975882,592
800.0,600.0,17.88888888888889,255.55555555555557,2.0,40.0,13.666666666666668,122.22222222222224,5.0,30.0,5.75,25.967226777328133,10.0,40.0,32.0,50000.0,0.225,75.0,2.5e-06,200000.0,0.3,500.0,7.850000000000001e-06,480000.0,478358.43331372214,0,1641.5666862778608,300.0000000000013,399.7175744990716,1304251309145540.5,732922772950523.2,-20.0,3258327685791.7295,3262932110953.68,2443075909835.0884,2443075909835.067,186501618.52805156,86.76992394984377,76765125566117.0,300.00000000000017,713.2303144353101,1,341810374.4306773,341810374.4306773,-1.0943040251731873e-07,12.176481069132933,25.553953112563867,0.03348410541329226,1304247826853356.2,391274348.0697026,3e-07,175318705880.36884,0.0001376474197262116,593
600.0,200.0,17.88888888888889,255.55555555555557,10.0,40.0,7.333333333333334,42.23696789826278,6.0,40.0,,,,,8.0,27500.0,0.2,90.0,2.15e-06,205000.0,0.3,450.0,7.75e-06,120000.00004367501,117789.74712361683,0,2210.2529200581707,100.00000000100214,320.4940358016549,122302367040653.56,11467553602667.422,763.609375,437566215774.43134,381605750430.6982,114675536027.82343,114675536025.52501,43442760.22483633,75.5990048116505,13050397423390.0,100.00000000453944,524.4011208127978,1,73403603.62447946,73403603.62447946,-0.01053277077153325,5.527042276487919,37.49121874190385,0.06738984795839366,122295881505647.03,24459176.074117802,2e-07,18981062263.34332,0.00019691566551513994,594
400.0,1000.0,1.0,0.7853981633974483,10.0,10.0,7.333333333333334,42.23696789826278,8.0,40.0,20.0,250.0,3.0,10.0,12.0,27500.0,0.15,120.0,1.975e-06,195000.0,0.31,400.0,7.75e-06,400000.0,398154.25032655324,0,1845.7496734465549,500.0000000000001,199.60808563290956,149421774665600.0,980425328163082.0,0.0,745647723050.7407,748575761306.5585,1960850656326.1646,1960850656326.1636,98402839.3126092,62.95544242680016,13670133734165.812,500.00000000000006,337.0446101966126,1,155413844.92183086,155413844.92183086,-1.1920928955078125e-07,38.470436537405476,8.595260108772484,0.024121403491942386,149415734049294.4,67237080.29780523,4.5e-07,38656839695.37019,0.0002639775858276169,595
100.0,300.0,5.222222222222222,21.419068431419294,6.0,20.0,5.222222222222222,21.419068431419294,10.0,20.0,,,,,4.0,50000.0,0.225,105.0,1.975e-06,210000.0,0.28,500.0,7.850000000000001e-06,30000.0,29657.29490528731,0,342.70509471271487,150.00000000000003,49.75852551977757,1291134323828.981,11632386427823.473,0.01171875,25698575473.481304,25948002082.895172,77549242852.1565,77549242852.15646,1754860.1388017302,19.045595242685273,188117618300.26758,149.99999999999991,80.95440513196635,1,9160247.313681299,9160247.313681299,1.3969838619232178e-08,10.448986642739328,7.621529617738073,0.09848351293124145,1291011652276.3713,580955.2448384507,4.5e-07,2257900886.1094604,0.001821350927186396,596
900.0,500.0,17.88888888888889,300.0,3.0,30.0,7.333333333333334,42.23696789826278,5.0,30.0,1.0,0.7853981633974483,10.0,30.0,20.0,27500.0,0.25,60.0,1.8e-06,190000.0,0.32,400.0,7.7e-06,450000.0,448873.10719808534,0,1126.89280191442,250.00000000000043,453.6488426915058,865927818327586.5,263085205025507.25,-6.5,1940014726407.6729,1908806408917.5737,1052340820102.0308,1052340820102.0272,177426610.38892195,65.41714285702247,27714939105995.0,250.0000000000003,834.5828558644798,1,85819478.17769708,85819478.17769708,2.0023435354232788e-08,-10.94546576861245,21.04972524286777,0.02429748969532821,865923600493603.2,173184720.14454305,2e-07,99982132949.35757,0.00012022387171135148,597
700.0,500.0,3.111111111111111,7.601878519797524,1.0,50.0,1.0,0.7853981633974483,2.0,50.0,15.25,200.0,3.0,50.0,28.0,50000.0,0.175,90.0,1.8e-06,210000.0,0.28,550.0,7.8e-06,350000.0,348790.8272978963,0,1209.172702103584,250.00000000000023,350.01053452606385,717577620821475.5,371701955892262.6,-2.5,2050283484532.2332,2050160066733.7642,1486807823569.0518,1486807823569.049,128366872.50026964,74.66161636964452,26513799956371.75,249.99999999999991,625.3382286176465,1,226002756.83696723,226002756.83696723,1.043081283569336e-07,15.8677130308497,20.705441625470712,0.03187904792220279,717573609128535.1,143514721.82589343,2e-07,119208998662.41058,0.00016694754022698673,598
500.0,300.0,20.0,166.66666666666666,10.0,40.0,3.111111111111111,7.601878519797524,1.0,50.0,1.0,0.7853981633974483,5.0,40.0,32.0,50000.0,0.225,120.0,2.15e-06,205000.0,0.28,500.0,7.75e-06,150000.0,148317.87750564722,0,1682.1224943527236,149.99999999999986,256.62744275912684,166303024800724.94,57320492678906.34,0.5625,683326939923.3448,648032895518.5774,382136617859.37524,382136617859.376,46852375.00428056,31.352046795690132,639165841861.5,150.00000000000009,468.6479180684154,1,29982838.36642778,29982838.36642778,6.358459359034896e-08,43.523916358505915,29.05578595110851,0.06479238691450367,166298492776978.72,41574623.01422641,2.5e-07,38046399194.70075,0.00024778756081197744,599
