d,b,dia_top,area_top,n_top,c_top,dia_bot,area_bot,n_bot,c_bot,dia_side,area_side,n_side,c_side,n_circle,elastic_modulus_concrete,poisson_ratio_concrete,yield_strength_concrete,density_concrete,elastic_modulus_steel,poisson_ratio_steel,yield_strength_steel,density_steel,A_total,A_concrete,A_reinf_meshed,A_reinf_lumped,cx,cy,Ixx,Iyy,Ixy,Zxx_plus,Zxx_minus,Zyy_plus,Zyy_minus,M_cr,d_nc,I_cracked,cx_cracked,cy_cracked,is_cracked,M_ult,Mx_ult,My_ult,N_ult,d_n_ult,k_u,EI_initial,M_yield,kappa_yield,M_u_curve,kappa_u,row_id
1000.0,100.0,5.222222222222222,21.41906843141929,8.0,30.0,15.77777777777778,277.77777777777777,6.0,50.0,5.75,25.967226777328133,3.0,20.0,12.0,27500.0,0.225,105.0,1.8e-06,205000.0,0.3,450.0,7.8e-06,99999.99998324033,98596.40953810484,0,1403.5904451354795,49.99999999839682,476.690729544782,272488089649346.62,2379543614320.255,2148.421875,520701820191.93695,571624478431.8763,47590872284.879166,47590872287.93103,70288894.64530526,314.0792160413547,119906666211764.31,49.99999999580202,685.920556426852,1,473523076.42444587,473523076.42444587,0.0105541278026066,-4.390248445191901,68.54057252305,0.0727521114053443,272484623221097.03,54496924.71412706,2e-07,24163375952.38868,0.0001075844184321,0
500.0,800.0,1.0,0.7853981633974483,9.0,20.0,3.111111111111111,7.601878519797524,1.0,50.0,15.25,200.0,7.0,30.0,16.0,27500.0,0.175,90.0,2.15e-06,190000.0,0.28,500.0,7.8e-06,400000.0,397185.3295554446,0,2814.670444555559,399.9999999999995,250.61825749453945,234596323979493.12,646487868602718.0,1.0,940711704163.172,936070365841.5812,1616219671506.793,1616219671506.797,106564118.62487309,85.2571152451341,22681153119819.938,399.99999999999966,414.74288582433417,1,312908689.6629128,312908689.6629128,-4.246830940246582e-07,21.83854435745161,27.30627986211671,0.060891109700908,234587855908117.3,58646963.98765471,2.5e-07,49854484441.8296,0.0002178404262649,1
800.0,900.0,3.111111111111111,7.601878519797524,4.0,30.0,7.333333333333334,42.23696789826278,8.0,10.0,,,,,8.0,42500.0,0.2,75.0,2.15e-06,200000.0,0.29,550.0,7.8e-06,720000.0,719631.6967778017,0,368.3032221984639,450.0000000000003,399.3869281602184,1640581852033588.0,2070308385532316.8,5.0,4095178034254.736,4107750495468.0215,4600685301182.93,4600685301182.924,276222911.2681245,50.928613166126624,38234393964119.25,450.0000000000003,749.0712511082065,1,146291295.7282843,146291295.7282843,-1.3597309589385986e-07,20.905970842944956,4.204795423671334,0.0053473447530101,1640581621025706.5,492174486.3453028,3e-07,210927156556.68948,0.0001293806938062,2
200.0,600.0,20.0,188.88888888888889,10.0,10.0,5.222222222222222,21.41906843141929,8.0,20.0,,,,,8.0,42500.0,0.175,60.0,2.325e-06,205000.0,0.32,400.0,7.850000000000001e-06,120000.0,117939.75857790868,0,2060.2414220913083,300.0000000000001,104.121719734611,19043537125869.57,163726908130476.94,-0.1875,198622014007.31717,182896874680.98288,545756360434.92334,545756360434.9229,11000360.536716916,20.6245041549325,943071750472.0624,300.00000000000006,179.3757119972433,1,15988961.246759605,15988961.246759605,-2.193264663219452e-07,0.9908049851219404,15.60208470014016,0.0879541261579731,19037657022951.63,4759414.177335528,2.5e-07,10217979725.259035,0.0006176886890884,3
1000.0,400.0,20.0,144.44444444444446,4.0,30.0,7.333333333333334,42.23696789826278,8.0,40.0,,,,,8.0,42500.0,0.2,75.0,1.975e-06,190000.0,0.29,400.0,7.7e-06,400000.0,399084.3264988671,0,915.6735011328216,199.9999999999999,500.9605302093734,1445063633961333.0,228401899194216.0,3.5,2895690063488.5923,2884585804309.528,1142009495971.079,1142009495971.0806,193972026.67205796,78.96836479644199,52340470678477.25,200.0,921.0316352247468,1,135718209.07762626,135718209.07762626,-4.656612873077393e-10,10.896746870916104,17.10519069115755,0.0178862224043026,1445062156169478.2,361265539.0670578,2.5e-07,153187826486.76025,0.0001086419136899,4
400.0,600.0,11.555555555555555,104.87489549761482,2.0,50.0,3.111111111111111,7.601878519797524,7.0,40.0,,,,,28.0,35000.0,0.15,105.0,2.325e-06,210000.0,0.31,550.0,7.7e-06,240000.0,239737.0370518544,0,262.9629481456625,300.0,200.4520910300888,112995858790274.31,254466080647255.25,-0.375,566259297697.3384,563705063936.2654,848220268824.1842,848220268824.1842,54461861.48866904,22.31794989725096,1390038776390.7031,300.00000000000006,377.682050613644,1,16722786.595457371,16722786.595457371,-2.8870999813079837e-08,22.5775958864906,3.216770288104167,0.0089742506473957,112995484386109.62,22599096.881040286,2e-07,35314951624.96984,0.0003156845993503,5
800.0,600.0,1.0,0.7853981633974483,1.0,50.0,3.111111111111111,7.601878519797524,7.0,30.0,,,,,28.0,27500.0,0.175,75.0,1.975e-06,195000.0,0.32,500.0,7.75e-06,480000.0,479946.0014466837,0,53.998553316382,300.00000000000017,399.7548617466326,705225260048509.8,396285475181831.25,-2.25,1761983326333.5747,1764144298251.1775,1320951583939.4382,1320951583939.4368,183335253.38723895,30.472495208536856,5806799793369.4375,300.0,769.5275935269788,1,20448987.816906184,20448987.816906184,-7.799826562404633e-09,-16.08289819148922,0.8400720985585084,0.0010932112328637,705225253794140.0,0.0,0.0,95512767338.86014,0.0001356962265854,6
500.0,200.0,5.222222222222222,21.41906843141929,10.0,50.0,9.444444444444445,70.05557692032795,3.0,10.0,,,,,4.0,50000.0,0.175,75.0,2.15e-06,195000.0,0.31,600.0,7.9e-06,100000.0,99575.64257176672,0,424.3574282332281,100.00000000000004,249.79463494919895,107063669513135.94,16843045950252.188,-0.078125,427903172625.4072,428606761449.8991,168430459502.5219,168430459502.52182,24498166.680859704,58.798032439982194,8133163106549.203,100.00000000000011,441.2019403717906,1,65260828.88705516,65260828.88705516,6.05359673500061e-09,1.9486900630727175,23.781034763757766,0.049004994339052,107063369840403.22,21412673.969120067,2e-07,21972752995.37347,0.000212447688906,7
600.0,900.0,20.0,144.44444444444446,9.0,30.0,11.555555555555555,104.87489549761482,10.0,50.0,15.25,200.0,10.0,40.0,16.0,20000.0,0.175,120.0,1.975e-06,195000.0,0.28,450.0,7.9e-06,540000.0,533651.250922931,0,6348.749077069339,450.0,301.6665107012792,362485574724279.0,869733306251302.5,-2.0,1215034810796.3262,1201610261217.3115,1932740680558.4497,1932740680558.4504,217189184.98147088,140.71520904803384,83713368114189.75,450.0000000000005,459.2847617156394,1,755252101.41661,755252101.41661,-3.7997961044311523e-07,-55.047547333015245,31.95491583160781,0.0587166685364452,362468540233140.7,108740561.9905427,3e-07,61897497128.411896,0.0001921913182482,8
500.0,400.0,9.444444444444445,70.05557692032795,7.0,10.0,11.555555555555555,104.87489549761482,10.0,50.0,1.0,0.7853981633974483,10.0,40.0,16.0,50000.0,0.225,120.0,1.975e-06,205000.0,0.31,600.0,7.9e-06,200000.0,198445.15405615853,0,1554.8459438415157,200.00000000000017,248.66824636880548,218688182666560.0,135786751868244.8,-0.875,870117601564.4412,879437507039.876,678933759341.2246,678933759341.2235,63582784.38888399,85.05342271504236,32322323240456.56,199.99999999999983,414.94671167391766,1,276388035.5507832,276388035.5507832,-2.7925125323235992e-08,12.773105991205457,17.971762797606473,0.0404566946431485,218685827896828.1,54671456.92647233,2.5e-07,43807767134.23217,0.0002127726622603,9
200.0,1000.0,17.88888888888889,122.22222222222224,8.0,40.0,1.0,0.7853981633974483,3.0,50.0,10.5,100.0,1.0,30.0,24.0,42500.0,0.2,120.0,2.15e-06,195000.0,0.31,450.0,7.9e-06,200000.0,198819.86607862636,0,1180.133921373574,499.9999999999997,100.87775485496336,28717921096494.957,728559979238797.0,0.75,289722262187.2074,284680414802.8874,1457119958477.5933,1457119958477.5947,24214372.708830487,20.155000370361886,527684469508.8125,500.00000000000006,179.84502137519743,1,29162909.586085904,29162909.586085904,-1.4528632164001465e-07,42.9663418917844,6.200594796163672,0.0414755504760111,28715756342202.57,0.0,0.0,27558514722.847942,0.0009756266890837,10
400.0,800.0,9.444444444444445,100.0,8.0,30.0,20.0,122.22222222222224,4.0,40.0,1.0,0.7853981633974483,3.0,20.0,12.0,20000.0,0.2,120.0,2.5e-06,200000.0,0.32,550.0,7.7e-06,320000.0,318706.3987306176,0,1293.6012693820453,400.0,201.59908370079847,91235548122988.77,356841819491473.5,0.1875,459854469549.9268,452559339299.3551,892104548728.6837,892104548728.6837,81799396.38548404,56.63227934224364,9476400912222.14,400.00000000000017,343.3677238966509,1,106604984.34820768,106604984.34820768,6.574555300176145e-08,25.779407876205937,10.38348724406983,0.029667106411628,91233323718588.98,27369997.136789605,3e-07,25714498770.07684,0.0003023459094268,11
300.0,900.0,7.333333333333334,42.23696789826278,4.0,30.0,1.0,0.7853981633974483,5.0,10.0,15.25,300.0,5.0,10.0,4.0,50000.0,0.2,120.0,2.5e-06,195000.0,0.29,400.0,7.7e-06,270000.0,266827.12507202534,0,3172.874927974594,449.9999999999997,149.83751409201815,103242634728555.23,995228838558047.6,1.75,687539461698.985,689030616626.167,2211619641240.104,2211619641240.107,49816484.72299565,53.008760388460736,11323685976088.562,449.9999999999998,246.9912410797612,1,187336834.32954305,187336834.32954305,8.121132850646973e-07,37.654834158718586,16.464088946100503,0.0568707735616597,103228558080081.1,30968567.428561013,3e-07,36110427188.07578,0.0003583658164048,12
1000.0,1000.0,17.88888888888889,233.3333333333333,1.0,10.0,11.555555555555555,104.87489549761482,8.0,20.0,15.25,100.0,1.0,50.0,4.0,42500.0,0.225,90.0,2.5e-06,190000.0,0.3,600.0,7.9e-06,1000000.0,998727.6675333604,0,1272.3324666394303,499.9999999999999,499.0154298121568,3577422289809466.0,3557907486339564.0,6.0,7140783374761.658,7168961270708.817,7115814972679.126,7115814972679.13,528083379.11164856,85.41175157442343,141337052161250.0,500.0,914.5883093581951,1,548200789.8753042,548200789.8753042,1.4156103134155273e-07,-36.36190083864494,11.153414318885808,0.0114485320322221,3577419834267394.0,1967580908.5738757,5.5e-07,367505019352.923,0.0001039825933549,13
300.0,700.0,13.666666666666668,122.22222222222224,8.0,30.0,1.0,0.7853981633974483,1.0,50.0,,,,,8.0,27500.0,0.15,105.0,2.5e-06,210000.0,0.31,400.0,7.8e-06,210000.0,209021.436876602,0,978.563123398032,349.9999999999999,153.38950238504788,45532538246194.64,243314511480854.0,0.25,310568062907.5976,296842597037.0256,695184318516.7255,695184318516.726,36500777.72493583,19.391588015584027,119985341897.40623,350.00000000000006,280.60841199363625,1,13186770.47491781,13186770.47491781,-4.1049624964508264e-08,14.308338787488765,7.461273972207541,0.0299049057002306,45530540934505.55,25041797.60478669,5.5e-07,18965394992.662827,0.0004403684507639,14
1000.0,200.0,1.0,0.7853981633974483,4.0,30.0,7.333333333333334,42.23696789826278,1.0,40.0,,,,,32.0,20000.0,0.225,75.0,1.8e-06,200000.0,0.31,500.0,7.7e-06,200000.0,199954.62143983785,0,45.37856016212003,100.0,499.2006701212648,335038625903869.6,13334876389598.943,0.0,669007736062.6595,671150192611.8864,133348763895.98944,133348763895.98949,95903464.2318576,61.40992551818591,7074767792433.75,99.99999999999994,938.5903369321084,1,20225494.10904064,20225494.10904064,1.3456212487329822e-10,5.363038939318358,2.119667657360038,0.0022164527615166,335038597504009.9,117263509.111986,3.5e-07,35492180093.616165,0.0001065060537604,15
300.0,800.0,1.0,0.7853981633974483,5.0,10.0,1.0,0.7853981633974483,7.0,30.0,,,,,20.0,27500.0,0.225,105.0,2.325e-06,200000.0,0.29,450.0,7.75e-06,240000.0,239990.5752171286,0,9.424782871372168,400.00000000000034,149.99714738902003,49526725486935.59,352108931968037.25,-0.9375,330171890899.8289,330184449164.8046,880272329920.0939,880272329920.0924,40600605.53132692,5.176846639602791,77862299757.13281,400.0000000000001,294.82296112962285,1,680671.049608358,680671.049608358,-8.192728273570538e-09,-29.97861211917825,0.0702358852676739,0.0002606155297501,49526725369291.69,106482459.54360186,2.15e-06,17740970348.986732,0.0003584233390836,16
800.0,300.0,13.666666666666668,100.0,4.0,20.0,11.555555555555555,104.87489549761482,7.0,50.0,1.0,0.7853981633974483,7.0,50.0,4.0,50000.0,0.2,120.0,1.975e-06,205000.0,0.32,500.0,7.850000000000001e-06,240000.0,238854.8801996015,0,1145.119800398405,149.99999999999977,398.6854605633161,662152031542341.2,90766251396926.05,0.5,1649957742552.236,1660838172043.6064,605108342646.1726,605108342646.1744,120077566.11759864,110.08698961140072,67864159701987.375,149.99999999999994,689.9129914839397,1,274181599.7155419,274181599.7155419,-1.525040715932846e-08,-16.647002863475677,18.678051814674447,0.0250974121091329,662150123039485.9,132430024.55987383,2e-07,85070507883.42378,0.0001341064237516,17
800.0,1000.0,15.77777777777778,188.88888888888889,3.0,10.0,5.222222222222222,21.41906843141929,1.0,40.0,,,,,32.0,50000.0,0.225,105.0,2.5e-06,210000.0,0.3,600.0,7.850000000000001e-06,800000.0,799411.9142571994,0,588.0857428005297,500.0000000000007,400.83353801156414,2146982712080520.8,3347383872336178.0,-19.0,5378665084700.229,5356295091301.916,6694767744672.365,6694767744672.347,362245567.784244,12.617582421909464,2533550676486.3125,499.9999999999999,787.3822338909052,1,15086242.642467918,15086242.642467918,-1.0518041884599362e-08,24.580409681720997,4.708347622004319,0.00621655227703,2146980915354837.2,6333593701.249245,2.95e-06,278581077477.08594,0.0001307839812544,18
500.0,1000.0,11.555555555555555,104.87489549761482,8.0,10.0,11.555555555555555,100.0,8.0,40.0,10.5,86.59014751456867,7.0,20.0,8.0,35000.0,0.15,120.0,2.5e-06,200000.0,0.3,400.0,7.75e-06,500000.0,497148.7388847603,0,2851.261115239496,499.9999999999994,250.47119195306715,380130958627697.5,1529484181341902.0,2.25,1523395080523.93,1517663391400.819,3058968362683.8003,3058968362683.808,156751597.98634678,72.7116695837755,37524336823046.125,500.00000000000045,427.2883838005317,1,257109949.55233803,257109949.55233803,6.612390279769897e-07,-68.82808997679967,11.553149622306238,0.0254350162915813,380126614420978.8,114037984.29242364,3e-07,77288369047.3635,0.0002133992629021,19
900.0,200.0,9.444444444444445,122.22222222222224,6.0,20.0,13.666666666666668,144.44444444444446,7.0,30.0,,,,,32.0,35000.0,0.225,120.0,1.975e-06,205000.0,0.28,500.0,7.75e-06,180000.0,178255.5555793532,0,1744.444420646758,100.00000000000018,447.2711822397735,477094012160269.5,21637685275406.56,-0.9375,1053818518822.3368,1066677289091.4948,216376852754.066,216376852754.0652,110171577.27347282,185.4912527577548,113308679701495.0,99.99999999999996,714.5087482834089,1,429661832.4330081,429661832.4330081,5.8673322200775146e-08,-12.3453840160073,28.395895292757945,0.0328973492514739,477090167258679.6,95418033.46973675,2e-07,49151709548.80699,0.0001176822463818,20
300.0,700.0,15.77777777777778,166.66666666666666,3.0,20.0,3.111111111111111,7.601878519797524,9.0,40.0,,,,,4.0,50000.0,0.25,90.0,2.325e-06,205000.0,0.31,450.0,7.7e-06,210000.0,209431.58313442467,0,568.4168655752893,350.0,150.7851828795548,80024815255645.28,434532098326426.8,-0.75,536306090775.4877,530720683076.4534,1241520280932.648,1241520280932.648,33230065.96566303,16.204379290632527,888021145606.3125,350.00000000000006,283.7956088764945,1,13586925.13172236,13586925.13172236,-1.2805685400962831e-08,17.262227119901127,5.688579942798391,0.0220108424364558,80023447239672.98,36010551.28695042,4.5e-07,32051292200.93241,0.0004087577453342,21
800.0,500.0,7.333333333333334,42.23696789826278,2.0,10.0,7.333333333333334,42.23696789826278,5.0,10.0,20.0,100.0,10.0,40.0,8.0,35000.0,0.175,120.0,2.15e-06,195000.0,0.32,500.0,7.75e-06,400000.0,397704.3412344966,0,2295.65876550302,249.99999999999983,399.4548440097084,766751349926040.5,305764055488890.25,2.25,1914269436189.6736,1919494434538.4011,1223056221955.56,1223056221955.5618,198254647.00843483,123.67956126625045,74927522655746.25,250.0000000000004,676.3205636546171,1,470465186.9433746,470465186.9433746,3.0174851417541504e-07,0.0199113553171628,25.47051579338825,0.0323914995287251,766748052546604.2,153349610.51715344,2e-07,96277134125.96445,0.0001293924725934,22
1000.0,1000.0,9.444444444444445,70.05557692032795,10.0,20.0,17.88888888888889,166.66666666666666,7.0,20.0,5.75,25.967226777328133,10.0,50.0,16.0,20000.0,0.175,90.0,2.5e-06,205000.0,0.28,450.0,7.7e-06,1000000.0,997613.4330440467,0,2386.5669559536013,499.9999999999996,498.0495906664378,1749627510651000.0,1715008060196159.0,-5.0,3485658101113.9614,3512958435142.636,3430016120392.315,3430016120392.3213,549893024.0373056,147.74360006726948,205134964515203.0,499.9999999999992,852.2563976306641,1,625253258.8852214,625253258.8852214,3.110617399215698e-07,-54.55546003650306,15.678314172473296,0.0161456407757733,1749623317579044.0,349924663.5556781,2e-07,174881614258.90826,0.0001052273450446,23
1000.0,400.0,20.0,277.77777777777777,10.0,20.0,13.666666666666668,146.6949236301234,9.0,50.0,1.0,0.7853981633974483,7.0,50.0,32.0,50000.0,0.25,90.0,2.5e-06,210000.0,0.32,450.0,7.75e-06,400000.0,395890.9723660957,0,4109.027633904401,199.99999999999991,505.58140929999087,1805792189347275.2,272071305412135.12,-3.5,3652354954514.541,3571713983406.762,1360356527060.675,1360356527060.6765,223636076.4971167,133.81663315236386,202800010287445.0,199.99999999999997,866.18337124939,1,557221715.0906526,557221715.0906526,-3.936074790544808e-07,41.076271058207226,28.485700305264142,0.0302021915208488,1805776059310268.8,812599226.0554836,4.5e-07,172952369969.90353,0.0001060428505045,24
300.0,300.0,15.77777777777778,233.3333333333333,5.0,30.0,17.88888888888889,300.0,4.0,20.0,15.25,150.0,10.0,10.0,24.0,42500.0,0.25,75.0,2.325e-06,195000.0,0.31,600.0,7.75e-06,90000.00000000003,84633.3333051906,0,5366.66669480938,149.99999999999972,149.08412840717142,35319739779887.03,40016272509539.94,0.578125,234035952660.96188,236911468425.55536,266775150063.5991,266775150063.6001,15930951.890459752,99.050311789189,15674741017710.922,150.0000000000002,200.9496961137337,1,332312735.16547745,332312735.16547745,-2.142041921615601e-08,0.0031434458724106,88.61111151886523,0.3269112538759819,35302946238059.24,33537798.962304868,9.5e-07,11319225026.118805,0.0004120481377314,25
200.0,800.0,13.666666666666668,166.66666666666666,1.0,50.0,7.333333333333334,42.23696789826278,7.0,20.0,,,,,28.0,27500.0,0.175,90.0,2.325e-06,205000.0,0.3,450.0,7.8e-06,160000.0,159537.67454821867,0,462.3254517813631,400.0,99.39114725952771,15026484339638.758,237970565667685.6,0.21875,149355488412.1445,151185339478.99777,594926414169.2141,594926414169.2141,17211240.776858658,29.84872790893573,1521110539598.1953,400.0,170.15127049087732,1,27350724.46389055,27350724.46389055,-5.960464477539064e-08,25.79330638598549,4.048715774692418,0.0229605809571302,15025827445722.998,3005165.49187351,2e-07,9574137916.551672,0.000654369052501,26
300.0,700.0,9.444444444444445,70.05557692032795,5.0,10.0,17.88888888888889,100.0,4.0,40.0,1.0,0.7853981633974483,3.0,50.0,28.0,42500.0,0.225,120.0,2.5e-06,200000.0,0.32,400.0,7.75e-06,210000.0,209245.00975763967,0,754.990242360355,350.00000000000085,150.1226579907445,68593080268729.44,369874905037038.0,-1.0625,457661440676.5604,456913574451.6221,1056785442962.9684,1056785442962.9633,38864196.524218805,33.2952358685547,4191107243224.4375,350.0000000000003,266.7047462409652,1,41809285.91645205,41809285.91645205,-2.208980731666088e-08,27.85118385907242,5.037298560364476,0.0200644775606168,68592053030009.086,20577615.91122132,3e-07,24603651010.81987,0.0003695019063424,27
900.0,900.0,11.555555555555555,166.66666666666666,3.0,50.0,17.88888888888889,277.77777777777777,3.0,30.0,,,,,4.0,42500.0,0.25,60.0,2.5e-06,200000.0,0.32,500.0,7.8e-06,810000.0,808666.6666557799,0,1333.333344220244,449.9999999999997,449.3386447037842,2358091751042307.0,2346635065352835.0,-4.0,5232513778538.552,5247916641126.7,5214744589672.963,5214744589672.97,315636750.05231047,81.75752654220233,108243200594005.5,449.9999999999999,818.2424755996269,1,367593918.4464015,367593918.4464015,1.043081283569336e-07,17.32950987596996,17.296646007487457,0.0200877235933977,2358086740837932.5,589521685.1293122,2.5e-07,281692979322.54535,0.0001215966544092,28
400.0,600.0,7.333333333333334,42.23696789826278,9.0,20.0,1.0,0.7853981633974483,6.0,10.0,10.5,100.0,5.0,30.0,8.0,50000.0,0.175,75.0,2.15e-06,200000.0,0.28,450.0,7.75e-06,240000.0,238615.1549028605,0,1384.8450971395005,300.00000000000045,200.73175452021567,162914960767732.94,372224484805107.0,-2.125,817566092256.5837,811605324514.4419,1240748282683.692,1240748282683.6882,46389474.70583052,45.64887659180864,7759034085491.094,300.00000000000034,354.350974434621,1,91851663.5116152,91851663.5116152,-6.705522537231445e-08,-25.09863870546542,16.911520627189187,0.0434185381956076,162913113715046.84,40728278.39749605,2.5e-07,42071347416.37072,0.00026415517765,29
200.0,700.0,7.333333333333334,42.23696789826278,3.0,10.0,20.0,211.11111111111111,9.0,10.0,15.25,150.0,3.0,50.0,24.0,27500.0,0.15,75.0,2.15e-06,195000.0,0.31,550.0,7.75e-06,140000.0,137073.28913818684,0,2926.7108618131533,350.00000000000057,94.66610968917792,15087355598465.844,182496650415477.2,-0.3125,143233631207.8256,159374412321.3992,521419001187.07855,521419001187.0768,16562674.774025684,68.5350734038754,7082444343621.305,349.99999999999966,131.46492511786045,1,207028172.85529196,207028172.85529196,-1.695007085800171e-07,-23.314050288325237,37.79542486273712,0.2099745825707617,15078953157302.49,11309215.01845365,7.5e-07,7359454057.164067,0.0005832339265224,30
300.0,600.0,5.222222222222222,21.41906843141929,3.0,50.0,17.88888888888889,233.3333333333333,9.0,20.0,,,,,16.0,42500.0,0.15,105.0,2.5e-06,200000.0,0.32,600.0,7.7e-06,180000.0,177835.74278314883,0,2164.257216851201,299.9999999999999,145.1127352353121,62133241108076.94,240044321660196.5,-0.0625,401151387123.2261,428172213881.3167,800147738867.3214,800147738867.322,34067333.32583402,79.33627846946014,19697259254840.406,299.99999999999994,220.6637217081077,1,326692823.63891417,326692823.63891417,2.9802322387695312e-08,-24.333902722020863,28.731863323694707,0.1059999057033107,62125420220301.92,15531355.11365571,2.5e-07,23108570039.279102,0.0004096501664828,31
800.0,400.0,5.222222222222222,21.41906843141929,2.0,30.0,13.666666666666668,233.3333333333333,3.0,10.0,,,,,24.0,35000.0,0.225,120.0,2.5e-06,200000.0,0.32,500.0,7.9e-06,320000.0,319257.1618502191,0,742.8381497808504,199.9999999999999,396.3207165032825,615093583409204.2,152116888933575.38,0.875,1523718477899.5625,1552009667413.159,760584444667.8765,760584444667.8773,160299047.09813237,115.2195199203698,69650460974319.5,200.00000000000009,684.7805155977896,1,273021826.2091729,273021826.2091729,-4.4703483581542975e-08,17.318805573420832,10.841236804957624,0.0138428220498752,615090968858473.5,123018193.81335355,2e-07,77478345779.83757,0.0001302993339727,32
700.0,700.0,9.444444444444445,70.05557692032795,4.0,30.0,15.77777777777778,100.0,3.0,20.0,10.5,86.59014751456867,3.0,50.0,20.0,35000.0,0.175,120.0,1.8e-06,205000.0,0.31,450.0,7.9e-06,490000.0,488900.2367923152,0,1099.7632076847071,350.0000000000002,349.9013497296865,711815630181115.5,713174819476222.5,-2.5,2033185873843.038,2034332336045.64,2037642341360.637,2037642341360.6345,210115659.58385396,72.8041749751681,35500461143663.625,349.9999999999998,627.1960095722295,1,175932493.05541667,175932493.05541667,2.60770320892334e-07,30.08219788524002,8.254569250228515,0.0122815545142319,711814086654439.5,213544225.98949084,3e-07,108439879112.7093,0.0001552210635321,33
600.0,300.0,11.555555555555555,104.87489549761482,7.0,30.0,5.222222222222222,21.41906843141929,6.0,40.0,15.25,100.0,3.0,20.0,4.0,35000.0,0.15,105.0,2.5e-06,195000.0,0.3,450.0,7.8e-06,180000.0,178537.36132208802,0,1462.6386779120412,149.99999999999986,303.9900387314191,199549674612290.4,49650715787996.94,0.875,674131619615.4341,656434912949.8821,331004771919.97925,331004771919.9799,63420873.06394164,78.63545266473047,14547525111631.188,149.99999999999991,521.3645480680768,1,114112772.30223088,114112772.30223088,-1.0896474123001101e-07,-24.65469003185717,23.9785293348155,0.0430193888367145,199547505861218.9,39909501.19831481,2e-07,35361863641.184296,0.0001887658463526,34
400.0,100.0,13.666666666666668,146.6949236301234,8.0,40.0,7.333333333333334,42.23696789826278,2.0,20.0,,,,,20.0,35000.0,0.175,90.0,2.15e-06,200000.0,0.3,600.0,7.8e-06,39999.99999951275,39682.012167177694,0,317.9878323350525,50.00000000002745,202.3709374727086,19996097434829.016,1177370792013.641,8.138671875,101179943775.05928,98809135761.03612,23547415840.285748,23547415840.25989,8838208.668894067,54.27204071404116,1941325419857.0469,50.00000000016207,345.7279595982049,1,22553303.269028354,22553303.269028354,0.0001552641624584,8.370913240800292,25.749433289379336,0.0684218776250877,19995680985570.297,5998704.302558517,3e-07,5251733859.877859,0.0002840359411811,35
100.0,700.0,1.0,0.7853981633974483,3.0,40.0,7.333333333333334,42.23696789826278,5.0,10.0,15.25,200.0,1.0,10.0,16.0,35000.0,0.2,120.0,1.975e-06,195000.0,0.32,550.0,7.75e-06,70000.0,69386.45897485781,0,613.5410251421765,349.99999999999994,49.18263856859255,2097256899210.2383,109053188003531.5,0.0234375,41270480011.85748,42642220105.48091,311580537152.9471,311580537152.9472,4404294.24673019,21.93815605447496,392728975569.5757,350.00000000000006,78.06184431872028,1,23188123.126707744,23188123.126707744,-5.960464477539064e-08,30.07429180343752,5.62861286288632,0.0651962879866701,2095877027054.869,419175.4074937494,2e-07,2792832312.9011493,0.0013728530808553,36
300.0,600.0,7.333333333333334,42.23696789826278,6.0,20.0,17.88888888888889,233.3333333333333,2.0,30.0,,,,,12.0,50000.0,0.225,90.0,2.5e-06,205000.0,0.31,400.0,7.7e-06,180000.0,179279.91151340632,0,720.088486593591,300.0000000000003,149.66300177787872,69019470712622.69,276330737251145.38,0.3125,459098369189.5136,461165885307.16125,921102457503.8188,921102457503.817,28875024.619424462,37.30082867282407,5317860498365.797,300.0,262.69914149431884,1,50174236.38598284,50174236.38598284,3.725290298461914e-09,18.4561425622378,7.473354142596715,0.028627447224832,69017519782524.336,17254379.934884034,2.5e-07,26572584121.9598,0.0003960494533955,37
900.0,200.0,13.666666666666668,144.44444444444446,9.0,50.0,1.0,0.7853981633974483,7.0,50.0,,,,,8.0,20000.0,0.175,75.0,1.8e-06,205000.0,0.32,550.0,7.9e-06,180000.0000035195,178812.8543752917,0,1187.1456282278382,99.99999999624016,472.3953607223342,275040773728748.4,12177467713864.484,-5299.4375,643212791594.9719,582225814640.065,121774677134.0663,121774677143.2234,83196687.12586871,44.3443982126962,887221425725.0,99.99999996586529,855.6558623485287,1,18372832.124404438,18372832.124404438,0.0253623317148594,16.40871148120715,36.91298203909451,0.0434525980448434,275038238713903.2,96263383.76372054,3.5e-07,30295042970.720043,0.0001255161110289,38
600.0,1000.0,20.0,277.77777777777777,6.0,20.0,17.88888888888889,211.11111111111111,5.0,20.0,5.75,25.967226777328133,5.0,30.0,24.0,42500.0,0.25,60.0,1.975e-06,200000.0,0.29,600.0,7.850000000000001e-06,600000.0,597018.1054915416,0,2981.8945084584493,500.00000000000045,300.9930988524056,796999048402952.5,2177524009367088.0,-5.0,2665487135394.0474,2647898079529.616,4355048018734.18,4355048018734.172,159258235.49534237,70.88813756300914,61891281529872.63,500.0000000000004,529.111861556679,1,404700750.9596339,404700750.9596339,1.407228410243988e-06,-43.53322830655634,24.1332357534642,0.0422607494393281,796988025941919.6,199247006.52416563,2.5e-07,140080226089.38925,0.000184597599455,39
1000.0,500.0,3.111111111111111,7.601878519797524,8.0,40.0,20.0,233.3333333333333,2.0,50.0,,,,,32.0,50000.0,0.25,75.0,2.15e-06,190000.0,0.31,600.0,7.7e-06,500000.0,499472.5183057898,0,527.4816942102829,249.99999999999983,499.009189802574,2097747890146896.8,523351626382266.5,0.5,4187198342660.687,4203826167964.6455,2093406505529.0645,2093406505529.0676,240280936.8003773,78.0343683578313,69850792935650.75,249.9999999999997,921.9656302838622,1,263044432.91332823,263044432.91332823,3.725290298461914e-09,-13.550901169801364,11.823455408668682,0.0125781440517751,2097746237035867.2,419549247.3326437,2e-07,226926436019.5677,0.0001091277698618,40
100.0,900.0,7.333333333333334,42.23696789826278,9.0,50.0,9.444444444444445,70.05557692032795,5.0,40.0,,,,,24.0,35000.0,0.175,75.0,1.975e-06,200000.0,0.29,600.0,7.8e-06,90000.00000057404,89343.97369449465,0,656.0263060793768,449.9999999999997,49.85108480382974,2627662306273.3486,221248172046143.72,0.03125,52397191364.84963,52710233219.86931,491662604546.9858,491662604546.98645,4303992.095022016,17.542244800925744,236404042558.1338,450.00000000000017,82.4577567335452,1,20015049.28530026,20015049.28530026,7.078051567077638e-08,20.589192373518017,8.170094003556478,0.1478006956957002,,,,,,41
200.0,900.0,3.111111111111111,7.601878519797524,6.0,30.0,9.444444444444445,70.05557692032795,3.0,10.0,,,,,8.0,27500.0,0.225,105.0,1.975e-06,205000.0,0.31,450.0,7.75e-06,180000.0,179744.2220019442,0,255.77799805592403,450.0000000000003,99.47409091662092,16808048200395.28,339498734564570.1,-0.4375,167201155937.3634,168969105879.87952,754441632365.7119,754441632365.7109,20777017.30703208,23.831095537492526,1235451214661.9062,450.0,176.1689044769936,1,18086256.170782626,18086256.170782626,-1.30385160446167e-08,33.77496783422248,1.7068955919578088,0.0092126298705817,16807802330124.354,5042340.704291547,3e-07,9649197571.805317,0.0005859291231325,42
100.0,500.0,20.0,166.66666666666666,9.0,50.0,11.555555555555555,104.87489549761482,10.0,30.0,5.75,25.967226777328133,10.0,10.0,12.0,42500.0,0.15,120.0,2.15e-06,210000.0,0.28,450.0,7.75e-06,49999.99998406158,47577.84631496956,0,2422.1536690919784,249.9999999999998,48.1290951694724,1823408660301.9255,52696609090054.125,0.015625,35152821533.75498,37885787253.662895,210786436360.21637,210786436360.21667,3222492.7505562566,35.437723352982154,673095291498.3975,249.99999999999997,64.56229002088314,1,54874708.986743,54874708.986743,-2.2817403078079224e-08,21.60634860877144,25.45113696619485,0.3863698736022053,,,,,,43
300.0,100.0,9.444444444444445,70.05557692032795,8.0,50.0,9.444444444444445,100.0,7.0,30.0,,,,,32.0,50000.0,0.25,75.0,1.975e-06,200000.0,0.32,600.0,7.9e-06,29999.999998530235,29408.369798948348,0,591.6301995818915,49.999999999519765,146.7198816025016,12312141286786.045,1259276913298.6455,77.6484375,80324450525.65266,83915970707.65437,25185538265.73101,25185538266.21481,4796441.919459928,78.88112019255834,3839277220113.125,49.99999999848843,221.11896705030117,1,63365217.04302516,63365217.04302516,0.0023388415575027,-2.26299321163242,50.12987605349728,0.1889712604017376,12311592479455.232,2462318.480257229,2e-07,4724273273.788058,0.0004302944958592,44
600.0,400.0,5.222222222222222,21.41906843141929,2.0,50.0,3.111111111111111,7.601878519797524,10.0,40.0,,,,,24.0,27500.0,0.15,75.0,1.8e-06,205000.0,0.29,600.0,7.850000000000001e-06,240000.0,239881.14308321057,0,118.85691678941916,199.99999999999997,299.7574134631013,199366259145955.0,88303208836474.31,-0.375,664017258329.3862,665092005040.5895,441516044182.37146,441516044182.3717,69118388.66628942,38.66552044753478,4423977700203.531,199.99999999999997,561.3344778630889,1,26714734.54885345,26714734.54885345,-2.3283064365386963e-10,-10.752113651153197,3.329849843704928,0.0059627235555936,199366234766358.97,69778182.16099772,3.5e-07,38280012101.375824,0.0001934486176331,45
1000.0,300.0,13.666666666666668,188.88888888888889,2.0,50.0,20.0,255.5555555555556,6.0,50.0,1.0,0.7853981633974483,7.0,40.0,12.0,20000.0,0.15,60.0,1.8e-06,195000.0,0.29,600.0,7.7e-06,300000.0,298077.89324768656,0,1922.106752313225,150.00000000000003,485.9911268059893,563790095752062.2,46985389126353.69,0.125,1096848955639.0632,1160083105750.058,313235927509.02466,313235927509.02454,148268424.1099562,253.50145841331644,176291370596989.5,150.00000000000006,746.4985418326486,1,838502452.5685914,838502452.5685914,2.9329385142773393e-08,-5.102673380425529,70.14969335712104,0.0746273333586394,563782906821004.1,169134872.22383186,3e-07,56163814074.22525,0.000112995833497,46
400.0,900.0,15.77777777777778,122.22222222222224,4.0,40.0,13.666666666666668,211.11111111111111,1.0,20.0,,,,,20.0,35000.0,0.15,60.0,1.975e-06,195000.0,0.29,450.0,7.8e-06,360000.0,359300.00001905323,0,699.9999809466701,449.99999999999966,200.47587188542303,170821222747466.12,857528001730648.5,1.5,856143186098.1338,852078712220.7639,1905617781623.6616,1905617781623.6648,62230205.62796176,31.49995019873312,5161048226902.656,450.0000000000001,368.5002235016439,1,44844247.64331367,44844247.64331367,-1.20994629731746e-08,17.80992599777528,8.1729142895854,0.0219015121734448,170819603995943.2,0.0,0.0,48399466284.92949,0.0002888572981409,47
200.0,1000.0,20.0,166.66666666666666,2.0,10.0,3.111111111111111,7.601878519797524,6.0,10.0,,,,,24.0,35000.0,0.175,60.0,2.15e-06,205000.0,0.3,600.0,7.7e-06,200000.0,199621.0554159194,0,378.9445840806262,499.9999999999992,100.5446366512477,23755315102237.36,597253381864081.2,0.625,238854037654.42456,236266357842.9926,1194506763728.1606,1194506763728.1643,17255335.476248432,11.334349459350715,316331506382.25586,500.0000000000001,188.6656375644076,1,8621226.599881003,8621226.599881003,-2.0209699869155886e-07,13.290071624041955,5.309293582741169,0.0281743173530798,23754403185460.9,8314041.097597375,3.5e-07,13170350648.2377,0.0005657725315601,48
900.0,900.0,11.555555555555555,104.87489549761482,5.0,50.0,3.111111111111111,7.601878519797524,10.0,20.0,,,,,8.0,35000.0,0.25,75.0,2.15e-06,210000.0,0.31,550.0,7.75e-06,810000.0,809399.6067394422,0,600.393260558238,449.9999999999998,451.07103210231713,1930296533688787.2,1921751361587764.0,5.0,4299781639684.094,4279362664217.672,4270558581306.14,4270558581306.145,349426324.89780664,32.00262167922784,11844911363601.877,450.0000000000002,867.9973814152759,1,51818210.21830227,51818210.21830227,2.142041921615601e-08,23.988542970939307,6.854281379163828,0.0078027488524972,1930295604712016.8,579088681.4745585,3e-07,223137227155.52628,0.0001167395520955,49
700.0,500.0,5.222222222222222,21.41906843141929,6.0,40.0,1.0,0.7853981633974483,3.0,50.0,,,,,16.0,20000.0,0.15,120.0,1.8e-06,205000.0,0.31,400.0,7.9e-06,350000.0,349869.1293897713,0,130.87061022859393,250.00000000000017,351.0218473167567,288111605657595.0,146322140716785.38,-0.625,825586368207.7113,820779697503.009,585288562867.1418,585288562867.1411,148354653.17133936,14.477248154137277,225791750346.0,250.0,685.5229002259861,1,2766638.3465819005,2766638.3465819005,-1.2732925824820995e-09,-21.44933144027561,1.2218237837228747,0.0018811759564632,288111560794003.44,86433468.20949043,3e-07,46459593244.08401,0.0001626251940351,50
100.0,500.0,15.77777777777778,300.0,7.0,40.0,7.333333333333334,42.23696789826278,5.0,20.0,20.0,250.0,1.0,30.0,20.0,35000.0,0.25,105.0,1.8e-06,190000.0,0.28,600.0,7.7e-06,49999.999997075865,47259.07651069931,0,2740.923486376555,249.99999999999977,49.51529126412117,1502705089389.1982,46674823677321.5,0.046875,29765549351.802937,30348303544.72861,186699294709.28583,186699294709.28616,2932074.2526733237,33.558970749532136,458681036522.8565,250.00000000000003,66.4410311310006,1,46384732.94701881,46384732.94701881,3.3527612686157227e-08,51.21502880746266,29.82194564923193,0.3906805099552206,1491754904250.3816,447526.4733835125,3e-07,2718436691.811295,0.0018703497007257,51
900.0,400.0,17.88888888888889,166.66666666666666,7.0,50.0,17.88888888888889,233.3333333333333,7.0,10.0,,,,,24.0,50000.0,0.2,120.0,2.325e-06,190000.0,0.31,400.0,7.850000000000001e-06,360000.0,357200.0000053085,0,2799.9999946915195,199.9999999999999,448.1135480189319,1282406919930980.0,244782295380509.6,1.5,2837896366020.521,2861790110119.145,1223911476902.5474,1223911476902.5488,206905643.7567833,146.21567105263574,189668358348795.0,199.9999999999999,753.7840996270288,1,586839977.3189234,586839977.3189234,-1.862645149230957e-08,5.282347392203519,32.68996545687597,0.0371031829339131,1282398218039438.8,448839376.1576733,3.5e-07,138408058251.65237,0.0001158321382481,52
1000.0,200.0,13.666666666666668,166.66666666666666,3.0,50.0,11.555555555555555,166.66666666666666,4.0,20.0,,,,,8.0,20000.0,0.15,120.0,1.975e-06,200000.0,0.31,500.0,7.9e-06,200000.0,198833.33332542985,0,1166.6666745702382,100.00000000000009,495.9568487601997,377929405396187.75,13815182061195.615,-0.34375,749795735675.7864,762020740999.8296,138151820611.9563,138151820611.95605,137734063.21369478,209.91656756050207,92333771345123.0,100.00000000000004,790.0834329978358,1,329395715.5152121,329395715.5152121,0.0,-16.87912880742806,32.53558696351957,0.0333964738524713,377926310546481.5,94481577.66215292,2.5e-07,34870632347.81417,0.0001053743096119,53
500.0,400.0,11.555555555555555,104.87489549761482,9.0,20.0,20.0,188.88888888888889,3.0,30.0,10.5,86.59014751456867,1.0,40.0,8.0,50000.0,0.2,60.0,1.975e-06,190000.0,0.28,550.0,7.9e-06,200000.0,198316.2790162925,0,1683.7209837074822,200.0,251.28390227252817,218462284374022.0,136415966109013.62,0.25,878360051360.2455,869384319482.154,682079830545.068,682079830545.0682,44445865.07866892,65.60098441386303,19876423803850.312,199.99999999999983,434.39906029328426,1,162259665.95650005,162259665.95650005,-6.05359673500061e-08,-9.363678703455662,25.047955975329582,0.0544520782072382,218458942460580.16,43691788.50525765,2e-07,45758664876.01189,0.0002226409820003,54
700.0,700.0,1.0,0.7853981633974483,4.0,30.0,11.555555555555555,104.87489549761482,2.0,50.0,10.5,86.59014751456867,10.0,20.0,20.0,20000.0,0.25,60.0,2.5e-06,205000.0,0.28,400.0,7.8e-06,490000.0,488055.30568516033,0,1944.694314839388,349.9999999999994,349.29310099154003,411861514546240.8,438071771371852.8,3.75,1174375285204.485,1179128684125.4165,1251633632491.0056,1251633632491.01,150702609.9695557,119.5043071480276,45773891208866.375,349.99999999999955,580.4957056189766,1,278801994.53230697,278801994.53230697,8.940696716308594e-07,15.290423821861625,25.917615187891425,0.0402308618020001,411858709417491.4,82371741.86195248,2e-07,62552626029.74786,0.000156506986169,55
300.0,900.0,17.88888888888889,300.0,2.0,50.0,3.111111111111111,7.601878519797524,7.0,30.0,,,,,32.0,27500.0,0.2,90.0,1.8e-06,195000.0,0.28,550.0,7.9e-06,270000.0,269346.78684930387,0,653.2131506962478,450.0000000000002,151.07445184033108,56639507634139.0,517252440079630.3,-1.1875,380320961272.6325,374911223864.6457,1149449866843.6233,1149449866843.6223,42680641.95984799,23.29416512760908,879395919370.0156,450.00000000000006,276.70583370410253,1,26314848.6061,26314848.6061,1.380685716867447e-07,0.041081063153797,6.2139570822320565,0.0231480189361425,56636708106715.03,14159177.03882182,2.5e-07,23491243926.97298,0.0004224360178224,56
600.0,500.0,9.444444444444445,122.22222222222224,5.0,10.0,9.444444444444445,70.05557692032795,9.0,30.0,,,,,28.0,35000.0,0.2,90.0,2.15e-06,210000.0,0.31,500.0,7.75e-06,300000.0,298758.38872130547,0,1241.6112786947017,250.0000000000008,300.1155869134403,331469721327144.4,223842285618770.5,-4.375,1105324941418.2383,1104473528803.2449,895369142475.085,895369142475.0791,98792155.62051484,80.77280629197034,34623832012170.44,250.00000000000009,519.2271926335411,1,177200334.6667411,177200334.6667411,-2.523884177207947e-07,33.48750209582795,12.33301546209942,0.0218176194876286,331467735014572.9,66293546.99919827,2e-07,54797265774.99406,0.0001752499638576,57
600.0,800.0,11.555555555555555,144.44444444444446,5.0,40.0,3.111111111111111,7.601878519797524,10.0,10.0,,,,,4.0,35000.0,0.175,60.0,1.975e-06,200000.0,0.29,450.0,7.850000000000001e-06,480000.0,479201.7589773949,0,798.2410226051643,399.9999999999994,301.57555434386575,512704536392919.25,904248552187381.0,5.75,1718037995398.318,1700086525608.497,2260621380468.4487,2260621380468.456,124163099.67210296,28.119243420704475,5027661690062.0,400.0,571.8807158445123,1,33333517.391631644,33333517.391631644,-1.2572854757308962e-08,6.415923676372586,10.484523971150008,0.017817355694518,512702866608616.3,128175716.69216932,2.5e-07,87207534806.82355,0.0001734864213054,58
600.0,700.0,9.444444444444445,122.22222222222224,1.0,10.0,20.0,300.0,10.0,30.0,,,,,32.0,50000.0,0.15,60.0,2.5e-06,195000.0,0.28,400.0,7.8e-06,420000.0,416877.7777677264,0,3122.222232273528,350.0,294.963611489266,660314699406858.5,874541612770527.0,2.25,2164707963632.4187,2238631050362.2515,2498690322201.506,2498690322201.506,114446386.2478968,120.7341902505446,133623964878775.5,350.0000000000002,479.2660791685771,1,651403602.7818711,651403602.7818711,2.9802322387695312e-08,-11.488546183871222,38.74536355862235,0.0691881492118256,660300500673869.0,165075125.33053383,2.5e-07,109433725613.96854,0.0001761780332788,59
1000.0,900.0,17.88888888888889,233.3333333333333,4.0,30.0,9.444444444444445,70.05557692032795,2.0,10.0,10.5,86.59014751456867,1.0,30.0,4.0,20000.0,0.225,120.0,1.8e-06,210000.0,0.31,600.0,7.9e-06,900000.0,898753.3752228429,0,1246.6247771574645,450.0,503.7530242709293,1543716875719914.0,1241901067367226.5,0.0,3110783442965.9404,3064431976272.701,2759780149704.948,2759780149704.948,553891311.3837491,65.48859617133387,33960689952318.25,450.00000000000017,934.5113974832536,1,154634560.830013,154634560.830013,-7.450580596923828e-09,27.8306895220594,9.70320159925164,0.0098481888213778,1543712822433434.2,308742564.281357,2e-07,154426521794.6446,0.0001030694728287,60
500.0,800.0,1.0,0.7853981633974483,8.0,10.0,3.111111111111111,7.601878519797524,6.0,40.0,15.25,100.0,10.0,20.0,24.0,35000.0,0.175,120.0,1.975e-06,190000.0,0.3,600.0,7.8e-06,400000.0,397948.1056126293,0,2051.894387370773,400.00000000000034,250.24955989147503,296347128183932.5,790187335884688.5,-0.5,1186572996849.0134,1184206391061.9802,1975468339711.723,1975468339711.7195,122310550.01812692,68.85658289787003,19988067117918.125,399.9999999999996,431.14360531879225,1,284142549.96284986,284142549.96284986,-1.121312379837036e-06,34.24964153203473,17.899497441959046,0.0390439837514401,296344098958857.94,88903229.67336455,3e-07,60788843425.98444,0.0002087352746991,61
600.0,600.0,9.444444444444445,70.05557692032795,6.0,30.0,20.0,277.77777777777777,2.0,30.0,,,,,12.0,50000.0,0.2,105.0,1.8e-06,200000.0,0.28,450.0,7.9e-06,360000.0,359024.1110322025,0,975.8889677974648,299.99999999999983,299.72772008718385,550071155605278.3,547706114287963.75,0.75,1831907879625.089,1835236178506.53,1825687047626.545,1825687047626.5469,124116793.44942407,59.98064016605961,29980868882154.125,300.00000000000006,540.0193598538882,1,144665363.49428138,144665363.49428138,-8.195638656616212e-08,20.99649714358384,9.766271144746206,0.0174397699013325,550068230802673.1,247530703.8784966,4.5e-07,101290566719.1444,0.0001885341031692,62
300.0,200.0,3.111111111111111,7.601878519797524,4.0,40.0,13.666666666666668,122.22222222222224,7.0,50.0,,,,,28.0,42500.0,0.15,120.0,1.8e-06,200000.0,0.28,600.0,7.850000000000001e-06,60000.0,59114.03690463312,0,885.9630953668853,100.0,145.52531218349472,20298416821986.445,8621996270089.242,-0.0234375,131402866766.74287,139483753839.27652,86219962700.89243,86219962700.89243,11864221.866578331,80.62374011174896,6014630757857.672,100.00000000000004,219.37625990186305,1,118078388.95844944,118078388.95844944,-1.3969838619232178e-09,-8.239059898885898,30.35801124263241,0.1248444602570117,20296749013478.383,4059349.7665911503,2e-07,8783649986.957895,0.0004647884982799,63
100.0,900.0,1.0,0.7853981633974483,5.0,10.0,20.0,188.88888888888889,10.0,30.0,,,,,24.0,27500.0,0.2,120.0,2.15e-06,195000.0,0.32,600.0,7.850000000000001e-06,90000.0,88107.18417192489,0,1892.815828075108,449.9999999999998,48.87612664776355,2096394322547.6904,188798734156790.5,-0.0390625,41006171580.61992,42891989736.74433,419552742570.6453,419552742570.64575,5638298.475622786,29.909554050787616,560027615862.1533,450.00000000000006,70.09035419730813,1,60584678.64117371,60584678.64117371,1.341104507446289e-07,-39.20093674343661,14.697649776683154,0.2449608296113858,2090857777483.3171,1359057.5318298575,6.5e-07,2604167011.97239,0.0012607923621271,64
100.0,700.0,15.77777777777778,300.0,7.0,50.0,20.0,122.22222222222224,6.0,10.0,,,,,4.0,42500.0,0.25,90.0,2.15e-06,205000.0,0.28,600.0,7.75e-06,70000.0,67166.66654244823,0,2833.33345755182,349.9999999999998,48.17574274925032,2605412357071.916,140485958618709.12,0.015625,50273993208.734825,54081415425.8672,401388453196.3115,401388453196.3121,3983770.525016244,34.00257842540925,965286938958.1914,350.0,65.99748739440653,1,73053666.1182513,73053666.1182513,-1.2293457984924316e-07,-59.3953059046471,32.39129475927535,0.4048911844909418,2593672700817.509,236932006.93839127,9.135e-05,4065365987.912727,0.0016548444165253,65
1000.0,400.0,7.333333333333334,42.23696789826278,10.0,50.0,20.0,277.77777777777777,6.0,50.0,5.75,25.967226777328133,7.0,10.0,32.0,50000.0,0.15,90.0,2.15e-06,190000.0,0.29,450.0,7.9e-06,400000.0,397547.4225761181,0,2452.577423881446,200.0,496.25858184093954,1725839979803689.0,272818714570333.6,6.5,3426043437346.9385,3477703042235.457,1364093572851.668,1364093572851.6682,217749760.25538376,162.17593781094365,231853387105182.5,200.00000000000028,837.824058138924,1,773658901.0664382,773658901.0664382,-1.862645149230957e-08,-17.700112597749467,39.05756337611454,0.041550599336292,1725832568232730.8,431458141.7917872,2.5e-07,185232926953.56128,0.0001123051385766,66
200.0,100.0,20.0,233.3333333333333,8.0,20.0,1.0,0.7853981633974483,3.0,30.0,,,,,32.0,35000.0,0.2,120.0,1.8e-06,200000.0,0.29,400.0,7.8e-06,19999.999997602736,19087.822810630885,0,912.1771869718522,49.99999999901963,112.32369075440432,2942822307114.8184,620344629728.8733,-48.0712890625,33564623470.53743,26199480157.300896,12406892594.334198,12406892594.820732,2706008.726531823,24.599214072601264,34459364970.43262,49.999999996832415,175.40078594929784,1,3962957.1353875184,3962957.1353875184,0.0008693435365785,0.2267140438541446,22.262150904091857,0.1313401233279755,2940915372783.8345,735228.8065110126,2.5e-07,1521643554.4561665,0.0006892776616041,67
100.0,800.0,7.333333333333334,42.23696789826278,7.0,50.0,20.0,144.44444444444446,1.0,30.0,20.0,250.0,10.0,50.0,16.0,50000.0,0.2,75.0,1.975e-06,200000.0,0.28,600.0,7.9e-06,80000.0000183201,78970.60955309357,0,1029.390465226577,400.00000000000034,49.7534795920985,3344160199714.4355,226250430479830.88,-0.09375,66555060381.62497,67214599403.52657,565626076199.5776,565626076199.5767,3841830.3388507934,19.5403478915266,388495945796.918,400.00000000000006,80.45965227807591,1,31015347.07194144,31015347.07194144,-4.544854164123535e-07,21.674024053529138,14.4221835140827,0.2182710093023837,,,,,,68
900.0,300.0,7.333333333333334,42.23696789826278,3.0,10.0,11.555555555555555,188.88888888888889,2.0,10.0,5.75,25.967226777328133,10.0,50.0,8.0,35000.0,0.25,120.0,2.5e-06,195000.0,0.3,500.0,7.8e-06,270000.0,268976.1667702628,0,1023.8332297373678,150.00000000000014,448.1992057764205,657395406225392.0,72322049980498.75,-2.125,1455055888857.228,1466748262274.536,482146999869.9921,482146999869.9912,151492837.7780904,127.96168741850956,65396675773054.75,150.00000000000017,772.0383031993201,1,280115894.13039845,280115894.13039845,-6.845220923423767e-08,-3.216819781697268,17.228952240443412,0.0194848668262076,657394006774850.6,164348501.63311902,2.5e-07,72813358268.63095,0.0001146664464574,69
1000.0,100.0,5.222222222222222,21.41906843141929,8.0,10.0,17.88888888888889,300.0,4.0,40.0,20.0,100.0,5.0,10.0,8.0,20000.0,0.225,90.0,2.5e-06,195000.0,0.32,500.0,7.850000000000001e-06,100000.0,97628.64744566832,0,2371.3525543316546,49.99999999999998,468.145863901705,222690581707947.2,1961106363869.837,0.140625,418706119955.3979,475686316764.52185,39222127277.39672,39222127277.39675,74460484.53123522,379.2813135014703,128316582343476.44,50.00000000000004,620.7188982880751,1,734929271.2692863,734929271.2692863,2.6775524020195007e-09,4.203096324268699,146.98503333204758,0.1545493662050065,222683387425235.3,55670846.58706326,2.5e-07,16894300055.77134,0.0001030663549922,70
900.0,100.0,9.444444444444445,70.05557692032795,6.0,40.0,15.77777777777778,122.22222222222224,6.0,30.0,5.75,25.967226777328133,10.0,30.0,20.0,35000.0,0.25,105.0,2.5e-06,195000.0,0.3,450.0,7.850000000000001e-06,89999.99999578323,88726.75906488622,0,1273.2409308970157,49.99999999998645,448.2386518566012,236586489712052.1,2662983443294.5107,106.109375,523697945130.433,527813674104.4367,53259668865.87578,53259668865.90465,50994246.90311355,201.34845094967807,57368183160979.5,49.99999999995137,698.6515490588083,1,257162419.0368865,257162419.0368865,0.0008614789112471,-4.411023234053573,54.985485267766215,0.0637800447708772,236585481795415.72,23658548.179541573,1e-07,25323380063.200623,0.000121232119459,71
500.0,100.0,13.666666666666668,144.44444444444446,10.0,10.0,17.88888888888889,300.0,4.0,20.0,,,,,12.0,27500.0,0.15,60.0,2.15e-06,200000.0,0.28,550.0,7.8e-06,49999.99999416248,47955.97854051585,0,2044.0214536466333,49.9999999838935,250.1872796665584,46828234515423.53,1285615784414.6514,-1883.81640625,187453362874.872,187172723480.7249,25712315680.01032,25712315696.575733,17398004.181723204,166.2057984592798,27484441093652.89,49.99999996681124,333.7942213037152,1,259771289.0126128,259771289.0126128,-0.0103329443372786,-3.816205172246555,51.36316771814495,0.1090384500594765,46822233460594.21,25752228.401223745,5.5e-07,5773233715.49286,0.000214320224025,72
400.0,900.0,20.0,144.44444444444446,5.0,20.0,17.88888888888889,188.88888888888889,3.0,40.0,1.0,0.7853981633974483,7.0,20.0,28.0,35000.0,0.25,120.0,1.975e-06,200000.0,0.31,450.0,7.850000000000001e-06,360000.0,358700.115541504,0,1299.8844584961423,449.9999999999997,200.4800681297285,173589052000016.3,872398892252109.0,0.5,870033637104.9106,865866884520.8529,1938664205004.6853,1938664205004.688,89430909.75320075,45.79596743163472,11662315705606.094,449.99999999999983,354.2040305894349,1,98243480.11476985,98243480.11476985,9.374343790113927e-08,34.97690873728328,7.588485195283618,0.0216161945771986,173585688056658.28,60754990.7921471,3.5e-07,49132514649.87174,0.0002939710377005,73
500.0,700.0,15.77777777777778,144.44444444444446,6.0,50.0,9.444444444444445,70.05557692032795,10.0,50.0,,,,,16.0,42500.0,0.225,60.0,2.325e-06,210000.0,0.29,400.0,7.9e-06,350000.0,348432.77756631107,0,1567.2224336887937,350.0000000000005,250.3285635136708,319728833710703.4,617346909563199.2,-0.5,1280598366438.3257,1277236721303.0508,1763848313037.7146,1763848313037.7097,76819598.2002128,61.35103474732108,23979190134389.688,349.9999999999998,438.6488676338967,1,139011542.62382764,139011542.62382764,6.705522537231445e-08,0.4810724837334419,20.91111985296252,0.0469619659766938,319725921504628.6,79931480.38361764,2.5e-07,78857109825.15706,0.0002561343185311,74
900.0,800.0,15.77777777777778,188.88888888888889,5.0,20.0,17.88888888888889,255.5555555555556,5.0,40.0,,,,,28.0,42500.0,0.175,60.0,1.8e-06,205000.0,0.32,450.0,7.75e-06,720000.0,717777.777784035,0,2222.222215964945,400.0000000000008,449.4027216732415,2126238618706952.8,1655426632497916.0,-17.0,4718711632263.952,4731254432083.593,4138566581244.7983,4138566581244.7817,284562022.367192,104.0336942836298,159834237604738.5,399.9999999999998,795.9660647626948,1,486849065.02528906,486849065.02528906,-1.1175870895385744e-07,-35.15188412551652,21.65848222220336,0.0254489640323895,2126230381271334.5,1382049747.928077,6.5e-07,243258328519.59705,0.0001184850770279,75
700.0,900.0,11.555555555555555,166.66666666666666,1.0,20.0,11.555555555555555,104.87489549761482,3.0,30.0,15.25,200.0,7.0,40.0,20.0,20000.0,0.225,105.0,1.975e-06,200000.0,0.31,600.0,7.9e-06,630000.0,626718.7087010102,0,3281.2912989899924,449.9999999999995,349.5793601141488,536104154083137.75,938278328059672.4,3.75,1529887492522.6226,1533569241353.616,2085062951243.7144,2085062951243.719,259287740.45361853,129.6594634013072,71623217543993.12,449.9999999999998,570.3405375425353,1,681937864.5144734,681937864.5144734,5.21540641784668e-07,35.452770111485734,27.68691949911742,0.0416832177200343,536094274102804.8,160828282.24193853,3e-07,79303898496.48708,0.0001542318438708,76
500.0,900.0,15.77777777777778,277.77777777777777,7.0,20.0,11.555555555555555,166.66666666666666,7.0,30.0,,,,,12.0,20000.0,0.175,60.0,1.975e-06,190000.0,0.3,600.0,7.75e-06,450000.0,446888.8889821518,0,3111.1110178480058,450.00000000000006,253.24619729201743,212818680903686.5,648811136080969.2,-0.875,862473763598.0583,840362789962.3934,1441802524624.3762,1441802524624.376,107405465.9797928,85.07562959864416,36650920838399.94,449.99999999999983,414.92437042160327,1,321181342.1989952,321181342.1989952,-2.9802322387695312e-08,-29.53066743562522,23.591586962141605,0.0508195985545509,212807574134346.88,95763408.46872036,4.5e-07,41911644137.04315,0.0002249352919799,77
500.0,700.0,11.555555555555555,100.0,4.0,50.0,3.111111111111111,7.601878519797524,2.0,20.0,5.75,25.967226777328133,1.0,10.0,4.0,42500.0,0.175,120.0,1.975e-06,200000.0,0.31,450.0,7.75e-06,350000.0,349532.8617906346,0,467.1382093655926,350.0,250.77258243029183,312391288120198.9,612509938303778.0,0.0,1253438691322.25,1245715480906.0332,1750028395153.6514,1750028395153.6514,105958181.08774497,21.23507939497548,1454652244421.2188,349.99999999999994,478.7649206569629,1,19220490.07177048,19220490.07177048,3.2596290111541755e-08,-30.09733451642387,3.505517146621021,0.0073269053244115,312390628081915.2,78097657.03780231,2.5e-07,67764842340.30684,0.0002190285957763,78
600.0,800.0,15.77777777777778,255.5555555555556,1.0,40.0,1.0,0.7853981633974483,8.0,20.0,,,,,24.0,50000.0,0.25,105.0,2.325e-06,210000.0,0.28,550.0,7.7e-06,480000.0,479738.1612619615,0,261.83873803856875,400.0000000000002,300.417086888141,722674082526497.0,1280062882314724.0,-2.5,2412267358708.349,2405569170556.472,3200157205786.812,3200157205786.808,162688342.4416961,11.61086097913782,518118729324.28125,400.0,588.3891557583995,1,8588679.082938174,8588679.082938174,-8.17817635834217e-09,30.03381479083214,2.4023901486926644,0.0041456257958458,722672990953515.0,180668247.75342017,2.5e-07,128733500536.60548,0.0001789540713729,79
1000.0,300.0,5.222222222222222,21.41906843141929,1.0,50.0,20.0,166.66666666666666,8.0,20.0,5.75,25.967226777328133,10.0,40.0,12.0,50000.0,0.2,105.0,1.975e-06,210000.0,0.3,500.0,7.9e-06,300000.0,298125.90314355685,0,1874.0968564431976,149.99999999999983,493.48537131539575,1301943738017896.0,114370872327577.56,2.75,2570397110541.477,2638262071573.748,762472482183.8496,762472482183.8513,178425334.2637575,184.48550095999929,222128718775792.75,149.99999999999994,815.5144980336676,1,762507829.1901476,762507829.1901476,2.561137080192566e-09,-11.913656167618685,41.362472170986194,0.0426417238876146,1301939792365568.5,325484947.7425372,2.5e-07,131131153258.97908,0.0001060053194079,80
900.0,700.0,1.0,0.7853981633974483,6.0,50.0,13.666666666666668,166.66666666666666,6.0,10.0,15.25,150.0,5.0,30.0,32.0,50000.0,0.2,90.0,1.975e-06,200000.0,0.3,400.0,7.8e-06,630000.0,627495.2875734572,0,2504.712426542856,349.99999999999966,447.8516519921724,2163095804076275.2,1315108565521152.0,10.0,4784040047048.513,4829938204881.473,3757453044346.145,3757453044346.152,302417392.56875086,120.98211870911008,184293336575304.0,350.00000000000034,779.0177379114067,1,623538403.6817836,623538403.6817836,2.309679985046387e-07,22.721104860793275,22.28038973858829,0.0252278426938566,2163089571133383.2,973390306.6333816,4.5e-07,243953311997.6232,0.0001152735212632,81
1000.0,800.0,7.333333333333334,42.23696789826278,4.0,10.0,17.88888888888889,144.44444444444446,5.0,20.0,,,,,8.0,27500.0,0.175,60.0,1.975e-06,195000.0,0.29,450.0,7.850000000000001e-06,800000.0,799108.8299154583,0,891.170084541506,400.0,498.0486037529541,1866786632642360.8,1184009174241449.0,1.0,3719058551484.899,3748201718819.272,2960022935603.622,2960022935603.623,348401348.0451133,104.23499018798736,114357937178259.23,400.00000000000006,895.7650124715,1,314359671.6947943,314359671.6947943,-1.0058283805847169e-07,-23.44625628637732,10.39362123872018,0.0107034259570321,1866784903531252.8,560035470.8864877,3e-07,188191329662.435,0.000102855139991,82
800.0,300.0,15.77777777777778,300.0,3.0,40.0,17.88888888888889,166.66666666666666,2.0,10.0,,,,,4.0,42500.0,0.225,90.0,2.5e-06,210000.0,0.32,400.0,7.850000000000001e-06,240000.0,238766.6666094128,0,1233.3333905871675,149.9999999999999,403.0562528148031,570704592240046.5,78511137461248.06,0.375,1437746774667.747,1415942782811.1992,523407583074.9867,523407583074.9875,104301839.71432702,82.72888425116221,36730038789524.0,149.99999999999997,717.2712691301576,1,115764776.1175985,115764776.1175985,1.6763806343078613e-08,9.877343132291571,25.598883853563656,0.0327747285936835,570699152111119.0,313884533.454382,5.5e-07,70781106103.89159,0.0001314301384844,84
700.0,500.0,1.0,0.7853981633974483,6.0,10.0,13.666666666666668,146.6949236301234,8.0,10.0,20.0,150.0,7.0,50.0,24.0,20000.0,0.225,60.0,2.325e-06,210000.0,0.32,600.0,7.75e-06,350000.0,346721.7281776513,0,3278.2718223489846,250.0000000000002,340.46018374855527,321288261433875.9,163826941002777.0,-1.875,893609683577.2493,943688210164.2795,655307764011.1085,655307764011.1074,120611327.8252918,194.11348007115117,106058674571182.62,249.99999999999972,505.8862801795185,1,835487231.351369,835487231.351369,-1.280568540096283e-07,-12.959638843245555,84.28562558884519,0.1233749093984389,321280121117345.94,176704066.1418551,5.5e-07,42006821225.84493,0.0001474677533918,85
700.0,600.0,15.77777777777778,166.66666666666666,5.0,30.0,7.333333333333334,42.23696789826278,6.0,20.0,10.5,86.59014751456867,1.0,30.0,16.0,27500.0,0.225,90.0,2.325e-06,210000.0,0.3,550.0,7.9e-06,420000.0,418740.0646010444,0,1259.9353989555368,299.99999999999955,352.72916553060287,491281459595009.25,355472889057439.6,3.5,1414692542049.0586,1392800787697.794,1184909630191.4636,1184909630191.4673,158559221.3760596,68.11817551820087,24604079536064.81,299.99999999999983,631.8815891626224,1,140111501.2665297,140111501.2665297,1.0617077350616456e-07,19.614434456205345,17.978983493344,0.0265830214292688,491278709436192.0,98255741.79079027,2e-07,72051632061.3694,0.0001533405365974,86
800.0,700.0,1.0,0.7853981633974483,9.0,50.0,11.555555555555555,144.44444444444446,8.0,40.0,10.5,86.59014751456867,10.0,30.0,28.0,42500.0,0.25,60.0,2.5e-06,190000.0,0.29,600.0,7.850000000000001e-06,560000.0,557105.5729681877,0,2894.427031812398,350.00000000000176,397.49807571605845,1299325471257016.0,1004399709684685.6,-21.0,3228122383684.352,3268759147868.561,2869713456241.973,2869713456241.9443,196600019.5299373,124.29202331708224,142725848961774.5,350.00000000000045,675.7079735682813,1,896056953.5186266,896056953.5186266,3.427267074584961e-07,-17.642970048043935,57.57088095606809,0.0763314567609528,1299320680783987.5,389796203.9927405,3e-07,178091429918.415,0.0001409429887139,87
400.0,300.0,9.444444444444445,70.05557692032795,3.0,10.0,11.555555555555555,104.87489549761482,8.0,40.0,20.0,150.0,10.0,30.0,28.0,50000.0,0.15,120.0,2.5e-06,210000.0,0.31,450.0,7.75e-06,120000.0,115950.83398711968,0,4049.166012880304,150.00000000000009,198.94414829017788,88234672559791.69,51863542213832.81,-0.34375,438856525733.6461,443514792056.58014,345756948092.21893,345756948092.21857,32065843.417951465,108.98007373272846,25840902803521.938,149.99999999999997,291.019924369933,1,333975053.8205945,333975053.8205945,-4.307366907596588e-08,12.334833829532728,56.09916617968464,0.1583728029053846,88225436088703.38,22056358.997608807,2.5e-07,21105724609.07085,0.0002702762817595,88
1000.0,500.0,20.0,188.88888888888889,3.0,50.0,1.0,0.7853981633974483,3.0,40.0,,,,,28.0,20000.0,0.175,120.0,2.15e-06,200000.0,0.3,600.0,7.850000000000001e-06,500000.0,499430.9771175581,0,569.0228824419905,249.9999999999999,504.4232077852907,852973963462250.5,210802076317200.1,0.75,1721174148713.361,1690988737824.5322,843208305268.8002,843208305268.8009,305643583.14391625,28.36808381183793,599766718438.8125,250.00000000000009,971.631928447582,1,20555168.821119443,20555168.821119443,-2.986053004860878e-08,20.0463348054422,7.972433031041954,0.0083089453163543,852972260332158.9,170594451.93237635,2e-07,90625128937.85287,0.000108857916156,89
800.0,600.0,13.666666666666668,233.3333333333333,9.0,30.0,11.555555555555555,104.87489549761482,4.0,20.0,,,,,12.0,35000.0,0.175,120.0,2.5e-06,210000.0,0.29,550.0,7.9e-06,480000.0,477480.500458782,0,2519.499541218059,299.99999999999955,406.1476552764906,954106265873417.0,517679286272027.0,7.75,2422497361398.7617,2349161083359.932,1725597620906.7542,1725597620906.7593,242632691.6959645,69.16510533565939,46500300599840.25,299.99999999999983,730.834897479819,1,200635123.59193748,200635123.59193748,-1.3783574104309082e-07,-77.93930676059244,21.947753011412917,0.0283481310446023,954097341080125.0,95409734.1080125,1e-07,118918897298.9393,0.0001339165809028,90
100.0,300.0,9.444444444444445,70.05557692032795,3.0,50.0,5.222222222222222,21.41906843141929,7.0,20.0,15.25,150.0,7.0,20.0,24.0,35000.0,0.25,120.0,2.15e-06,205000.0,0.32,500.0,7.850000000000001e-06,29999.999988276144,29018.0191502897,0,981.9808379864407,149.9999999999998,47.77189792385284,926875703815.5342,9999572059066.488,-0.009765625,17746685538.451588,19402111787.414223,66663813727.10983,66663813727.11001,2003943.7231069736,34.749928986053014,363250671656.63086,149.99999999999991,65.25014946021493,1,28349998.16077416,28349998.16077416,2.9802322387695312e-08,13.04935877994285,19.108108003062338,0.2430799945920764,925721501231.7532,0.0,0.0,1502027779.755542,0.0017313773167289,91
600.0,300.0,1.0,0.7853981633974483,4.0,50.0,7.333333333333334,42.23696789826278,1.0,10.0,15.25,250.0,10.0,40.0,12.0,50000.0,0.175,105.0,2.15e-06,190000.0,0.3,600.0,7.8e-06,180000.0,174954.6214758088,0,5045.378524191031,150.0000000000002,298.5087014885806,284445288450917.9,74853321965327.4,-0.625,943461021446.8398,952887761838.9938,499022146435.5167,499022146435.5154,64443680.27492739,148.74971784006834,63899057636751.375,150.00000000000006,451.250247137176,1,777749437.3267221,777749437.3267221,6.798654794692993e-08,-15.987761692367712,108.79379656649584,0.1855493972427618,284426361936130.3,0.0,0.0,46546316545.52557,0.000174354557141,92
500.0,700.0,1.0,0.7853981633974483,10.0,50.0,11.555555555555555,188.88888888888889,1.0,10.0,,,,,8.0,50000.0,0.2,105.0,2.5e-06,205000.0,0.28,500.0,7.9e-06,350000.0,349803.257123498,0,196.74287650217812,350.0,249.62267802362865,366235909199379.75,714628261360123.2,-0.5,1462735947123.6064,1467158000623.296,2041795032457.495,2041795032457.495,99223712.26858622,31.6714847744923,8302187772655.906,349.99999999999983,468.328398934954,1,45841806.636544816,45841806.636544816,2.5443618211175e-09,-26.267649089553743,1.8745682278997653,0.0038712973976228,366235327119562.8,91558831.75673962,2.5e-07,77704980586.51009,0.0002133834374872,93
1000.0,100.0,3.111111111111111,7.601878519797524,9.0,20.0,20.0,255.5555555555556,5.0,50.0,,,,,24.0,50000.0,0.25,90.0,2.325e-06,205000.0,0.29,600.0,7.9e-06,100000.00000228992,99319.82361635148,0,680.1763859384386,50.00000000005772,492.82170272264494,437189625379060.0,4180000508450.084,-127.625,862003811531.3496,887115204066.2177,83600010169.09819,83600010168.90518,55545030.917923406,191.8536938781785,82273908779310.12,50.00000000026912,808.1463055200691,1,336264918.5687697,336264918.5687697,-0.0008624931797385,-3.530426205252297,53.97222723286422,0.0574172630136853,437188033657753.1,415328632.28637606,9.5e-07,43179795948.50932,0.0001048900333819,94
200.0,100.0,7.333333333333334,42.23696789826278,1.0,40.0,9.444444444444445,100.0,8.0,30.0,5.75,25.967226777328133,7.0,30.0,28.0,35000.0,0.25,75.0,2.15e-06,200000.0,0.29,600.0,7.7e-06,20000.00000026851,19158.32339602721,0,841.6766042413071,50.0000000004498,94.55145129328548,2694085974690.715,610649937380.4209,-60.2939453125,25548819853.21403,28493332866.29344,12212998747.718288,12212998747.498549,2326589.5809227843,74.95916845369909,1340019411973.706,50.00000000088562,125.04083140138944,1,45971186.07499128,45971186.07499128,-0.001132149634941,-4.825136122981803,68.46142487564185,0.4142203861890015,2693491698084.7183,0.0,0.0,1724241347.629152,0.0007553348774508,95
500.0,1000.0,11.555555555555555,166.66666666666666,4.0,40.0,11.555555555555555,166.66666666666666,3.0,20.0,1.0,0.7853981633974483,1.0,20.0,24.0,27500.0,0.2,90.0,1.8e-06,205000.0,0.32,400.0,7.8e-06,500000.0,498831.7625727613,0,1168.2374272386885,500.0,250.3054865013528,295857059583605.1,1173990201312201.5,0.25,1184876092943.0994,1181983917807.5957,2347980402624.403,2347980402624.404,134559408.16660526,55.2022633283588,19565653557988.0,499.99999999999983,444.7977219783626,1,105710308.77270035,105710308.77270035,-7.174094207584858e-08,31.76844452576341,7.274677095060165,0.0153402281806109,295853887559881.1,88756166.25090928,3e-07,63660304288.659874,0.0002230194885073,96
500.0,600.0,20.0,277.77777777777777,4.0,20.0,3.111111111111111,7.601878519797524,10.0,20.0,15.25,300.0,3.0,20.0,16.0,50000.0,0.2,75.0,1.975e-06,200000.0,0.3,500.0,7.75e-06,300000.0,297012.8701584503,0,2987.129841549769,300.00000000000045,252.13112420794172,323368935287886.0,477151112737578.3,-3.0,1304596772202.9214,1282542709884.5276,1590503709125.2632,1590503709125.2583,73307161.5011034,67.06026551909196,21457180315282.188,299.9999999999997,432.9397382733832,1,234764071.3136793,234764071.3136793,2.086162567138672e-07,-12.31931290589273,29.86585936791664,0.0624228365780094,323355419205369.06,436529816.3387701,1.35e-06,67977187675.96848,0.0002194569660853,97
100.0,600.0,17.88888888888889,122.22222222222224,4.0,30.0,3.111111111111111,7.601878519797524,1.0,30.0,10.5,150.0,1.0,30.0,12.0,27500.0,0.25,90.0,1.975e-06,210000.0,0.29,550.0,7.7e-06,60000.0,59203.50924577274,0,796.4907542272712,299.99999999999994,50.4225012437213,1388326035792.111,56717142319558.72,0.0078125,28003148013.115284,27533858923.05349,189057141065.19568,189057141065.19577,3134509.4509415943,21.654000102275617,156458999600.2749,299.99999999999994,78.34598750621325,1,17402670.080420937,17402670.080420937,-4.842877388000488e-08,19.47822700116376,11.365920312866407,0.1660605239348886,,,,,,98
100.0,900.0,5.222222222222222,21.41906843141929,1.0,20.0,1.0,0.7853981633974483,9.0,30.0,,,,,4.0,35000.0,0.225,60.0,1.8e-06,200000.0,0.3,400.0,7.9e-06,90000.0,89971.51235252219,0,28.48764747775209,450.0000000000001,50.023473912933945,2628098932872.2314,212710526279164.1,0.078125,52586666954.27605,52537313530.97244,472690058398.1426,472690058398.1424,3836978.646787325,3.343431324874764,8177562249.951782,449.9999999999999,96.65653378280416,1,387770.9210868874,387770.9210868874,-1.1583324521780014e-08,-19.303323100953094,0.2951365143183523,0.0042465685513431,2628091542121.709,657022.8856415121,2.5e-07,4790480359.337181,0.0018252919404493,99
700.0,900.0,7.333333333333334,42.23696789826278,9.0,40.0,1.0,0.7853981633974483,3.0,40.0,15.25,250.0,5.0,10.0,8.0,42500.0,0.15,120.0,2.5e-06,210000.0,0.3,450.0,7.75e-06,630000.0,627117.5110829462,0,2882.488917053697,449.9999999999994,350.6867664308845,1108144893094886.0,1890707376145628.0,4.5,3172353024740.551,3159927887707.408,4201571946990.279,4201571946990.29,268777434.7208045,84.85162556786437,56484241761566.25,449.9999999999999,615.1483727528015,1,394000681.5519203,394000681.5519203,-7.599592208862305e-07,39.03792583047471,16.82693785908093,0.0255146897029278,1108134180397371.6,0.0,0.0,176290479209.97693,0.0001616263045343,100
700.0,300.0,7.333333333333334,42.23696789826278,5.0,50.0,13.666666666666668,188.88888888888889,4.0,20.0,,,,,16.0,27500.0,0.175,120.0,1.975e-06,210000.0,0.28,600.0,7.7e-06,210000.0,209033.2596054183,0,966.740394581714,149.99999999999983,344.4315835136906,253415262807938.0,44655634666125.89,0.375,712704647145.4401,735749202273.3308,297704231107.5056,297704231107.5063,96716744.34036829,140.30918624694016,52939299488330.0,149.99999999999991,559.6908820508958,1,306146658.0688323,306146658.0688323,-1.30385160446167e-08,12.7790749714477,22.57375464398285,0.0335336786015455,253412729111696.84,76023818.60094889,3e-07,36197810873.25891,0.0001544794885537,101
800.0,500.0,7.333333333333334,42.23696789826278,8.0,20.0,7.333333333333334,42.23696789826278,8.0,50.0,15.25,100.0,1.0,40.0,8.0,50000.0,0.25,105.0,1.8e-06,190000.0,0.31,550.0,7.9e-06,400000.0,399124.2085857667,0,875.7914142329303,249.9999999999999,400.0913977807527,1079047180157068.0,419540211103037.75,4.5,2698234482001.683,2697001700467.397,1678160844412.15,1678160844412.152,182397888.02663168,65.63616487700257,36063210358842.375,249.99999999999983,734.3638357804132,1,182512705.75101325,182512705.75101325,-1.2852251529693606e-07,-33.65071136028564,12.491710359579558,0.0167374413054591,1079046446213181.2,323713933.85659784,3e-07,141264675548.79785,0.0001328594045253,102
500.0,200.0,9.444444444444445,70.05557692032795,10.0,10.0,13.666666666666668,100.0,8.0,50.0,5.75,25.967226777328133,5.0,50.0,8.0,42500.0,0.175,90.0,1.975e-06,210000.0,0.29,600.0,7.8e-06,100000.0,98239.7719810089,0,1760.2280189911726,100.00000000000004,250.58081319118816,100500381664944.5,14470085507153.523,-0.234375,402937652675.379,401069740276.8212,144700855071.53528,144700855071.5352,29543786.84819898,109.92588968782889,24812834740241.28,100.00000000000004,390.074132011371,1,238857346.0374024,238857346.0374024,-2.095475792884827e-08,-9.007441974765245,33.961270783592404,0.076633179635959,100498111900579.08,65323772.749894746,6.5e-07,18362227817.680523,0.0002123409611149,103
100.0,900.0,7.333333333333334,42.23696789826278,8.0,10.0,7.333333333333334,42.23696789826278,4.0,40.0,5.75,25.967226777328133,5.0,40.0,16.0,20000.0,0.225,105.0,1.8e-06,205000.0,0.3,600.0,7.9e-06,90000.0,89233.48415714607,0,766.5158428539401,449.9999999999999,51.43879626089043,1595836750090.8691,136753165172255.88,0.046875,32862380402.76657,31023990958.050552,303895922605.013,303895922605.0131,5245371.580526876,15.906331402573638,106292472448.42334,449.9999999999997,84.09365941784012,1,12539496.3265167,12539496.3265167,2.253800630569458e-07,14.297640636163123,6.818513872336425,0.1210387077917304,1595377492244.6052,13640477.794772776,8.55e-06,2055613933.6957128,0.0013734264954639,104
100.0,400.0,3.111111111111111,7.601878519797524,7.0,40.0,3.111111111111111,7.601878519797524,9.0,20.0,,,,,8.0,42500.0,0.15,60.0,2.5e-06,190000.0,0.28,500.0,7.9e-06,40000.0,39878.36993845618,0,121.6300615438259,199.99999999999972,49.87149321120073,1425373730327.3845,22888143658515.33,0.001953125,28434394352.35422,28580931481.05814,114440718292.57648,114440718292.57678,1719004.5008436255,11.726564617631478,76010829449.85522,200.00000000000009,88.27338503779816,1,3692637.506276574,3692637.506276574,3.725290298461914e-09,-8.596979913008454,3.549555187194306,0.0452492872151202,1425359748170.055,427607.9248925533,3e-07,2483950804.748125,0.0017556536261644,105
700.0,700.0,13.666666666666668,255.5555555555556,10.0,10.0,13.666666666666668,255.5555555555556,1.0,50.0,,,,,24.0,27500.0,0.225,60.0,1.8e-06,200000.0,0.32,600.0,7.850000000000001e-06,490000.0,487188.8888537352,0,2811.111146264725,350.00000000000017,359.59512967048033,601675117047966.5,570174496246214.8,-3.5,1767527933620.7244,1673201518605.9924,1629069989274.9,1629069989274.8984,155526758.79383925,44.010435537251205,19230873072279.5,350.00000000000006,655.9894691070074,1,100358473.19684616,100358473.19684616,4.409206058337532e-07,-48.69344952094252,14.457895490739544,0.0224792363075196,601663682095694.0,391081394.0989111,6.5e-07,81646547114.21587,0.0001496681978254,106
900.0,300.0,9.444444444444445,70.05557692032795,2.0,20.0,3.111111111111111,7.601878519797524,8.0,20.0,20.0,200.0,1.0,10.0,28.0,20000.0,0.2,60.0,2.5e-06,200000.0,0.31,450.0,7.9e-06,270000.0,269399.07380973955,0,600.9261902605496,150.00000000000014,451.07503159185467,371065856455613.0,42269541529743.72,-0.875,826565423107.0841,822625573280.1539,281796943531.62506,281796943531.6245,105138499.80078603,107.69301248923966,19359413266807.56,150.00000000000009,792.3069847043596,1,104102502.67999212,104102502.67999212,-4.4703483581542975e-08,-9.307311912081786,18.3915087498042,0.0209364506372226,371064419579334.9,92766104.90371583,2.5e-07,42499616875.97629,0.0001167251048704,107
800.0,900.0,20.0,122.22222222222224,10.0,50.0,20.0,100.0,3.0,50.0,,,,,16.0,35000.0,0.225,60.0,2.15e-06,195000.0,0.31,400.0,7.7e-06,720000.0,718477.7776956352,0,1522.2223043648646,449.9999999999996,401.9717720450496,1372058386028224.0,1717987410873523.0,10.0,3447138392866.74,3413320241488.14,3817749801941.158,3817749801941.166,249286383.35334635,51.77555142136215,29184949250007.0,450.0,748.2243727922432,1,113853399.75489864,113853399.75489864,4.842877388000488e-08,1.0302620548100094,15.797219856348876,0.0213475944004714,1372055601935745.2,1303452822.2653933,9.5e-07,196753181414.386,0.0001469133942101,108
900.0,500.0,13.666666666666668,144.44444444444446,2.0,40.0,17.88888888888889,122.22222222222224,1.0,40.0,10.5,150.0,1.0,40.0,12.0,42500.0,0.25,75.0,2.15e-06,210000.0,0.3,600.0,7.9e-06,450000.0,449288.88890689606,0,711.1110931039259,249.99999999999991,450.5898599222424,1302090373770564.5,402542797016654.5,3.25,2897331986201.457,2889746285003.538,1610171188066.6174,1610171188066.619,194319039.71542928,64.06804514185062,27107526045407.0,250.00000000000009,835.9319554509367,1,148317119.4055473,148317119.4055473,1.862645149230957e-08,11.730012644009548,15.940612611728564,0.0187304019156314,1302088674905141.2,0.0,0.0,159806331128.3776,0.0001239859686022,109
700.0,700.0,17.88888888888889,144.44444444444446,3.0,20.0,15.77777777777778,255.5555555555556,4.0,50.0,5.75,25.967226777328133,3.0,40.0,8.0,35000.0,0.225,120.0,2.15e-06,195000.0,0.28,450.0,7.850000000000001e-06,490000.0,488388.6410829385,0,1611.3589170615633,349.9999999999998,348.55491527254475,721757892434245.8,715129845480391.2,3.25,2053686119963.7124,2070715003028.6711,2043228129943.9736,2043228129943.9763,213873436.9809428,95.4668748767732,69208952674172.75,350.00000000000034,604.5330981327443,1,320647222.8342194,320647222.8342194,3.073364496231079e-08,29.28569029546452,12.09424246845382,0.0188351241105588,721752804379303.2,180438201.13255975,2.5e-07,108610516875.832,0.0001558483635493,110
700.0,500.0,20.0,188.88888888888889,8.0,10.0,13.666666666666668,166.66666666666666,3.0,50.0,20.0,300.0,1.0,10.0,28.0,50000.0,0.2,75.0,2.325e-06,190000.0,0.28,550.0,7.850000000000001e-06,350000.0,347388.8888495231,0,2611.111150476909,250.00000000000057,352.84562478308544,743527939145328.5,376366426254134.9,-5.75,2141778967010.701,2107232984970.178,1505465705016.543,1505465705016.536,120444541.58066133,75.55526150242237,42334492518029.25,250.0000000000002,624.4448289945447,1,280050038.62916684,280050038.62916684,-6.48200511932373e-07,-8.001869429310318,21.647213888043243,0.0336572384941389,743519642474088.4,223055892.53887197,3e-07,106826687539.87494,0.0001511907607934,111
100.0,900.0,7.333333333333334,42.23696789826278,3.0,10.0,15.77777777777778,144.44444444444446,5.0,20.0,,,,,32.0,27500.0,0.2,120.0,2.325e-06,200000.0,0.31,450.0,7.850000000000001e-06,90000.0,89151.06688938386,0,848.9331106161674,449.9999999999998,49.25212303414469,2152302711014.964,180937265955537.8,0.0,42411679851.41718,43699694113.14212,402082813234.52826,402082813234.5287,5744473.9732424775,23.46338968883961,452241772627.51807,450.0000000000001,76.53668666274734,1,23374696.95394045,23374696.95394045,7.450580596923828e-09,38.68557472428802,4.956120360175308,0.06872894177555,2150557232711.5784,1182806.4652480332,5.5e-07,2831257357.112616,0.0013779733065546,112
200.0,900.0,20.0,122.22222222222224,2.0,40.0,7.333333333333334,42.23696789826278,5.0,40.0,,,,,12.0,27500.0,0.2,120.0,2.325e-06,195000.0,0.32,550.0,7.7e-06,180000.0,179544.3707248264,0,455.6292751735264,450.0,100.01084637672766,16715133315675.484,343596827067193.5,0.15625,167169464986.7009,167133205259.67538,763548504593.7632,763548504593.7634,21970230.39092767,23.349365031730184,867755161910.1758,450.0,176.6506291852948,1,24514328.859417763,24514328.859417763,1.5832483768463137e-07,-38.70673743878069,3.2502678091712296,0.0207906256570907,16714531289717.14,3342906.257779874,2e-07,14626273690.99221,0.0008875367583646,113
200.0,600.0,9.444444444444445,70.05557692032795,8.0,40.0,20.0,233.3333333333333,1.0,30.0,,,,,20.0,20000.0,0.25,120.0,1.975e-06,200000.0,0.29,500.0,7.850000000000001e-06,120000.0,119206.22203853723,0,793.7779614627261,300.0000000000001,101.20195379364829,8457120887821.992,74818780786981.38,0.0625,85600082314.97075,83566774857.58961,249395935956.60468,249395935956.6045,15104564.52366094,34.25663079124235,912436308471.162,300.0000000000001,165.74336921538367,1,29837057.45425872,29837057.45425872,-1.862645149230957e-08,23.46907663757156,7.723209628747034,0.0482700601796689,8455629468601.035,1691125.896776633,2e-07,6653126659.2214575,0.0008341703340746,114
800.0,500.0,15.77777777777778,188.88888888888889,2.0,30.0,20.0,122.22222222222224,3.0,40.0,1.0,0.7853981633974483,1.0,30.0,20.0,35000.0,0.15,90.0,1.975e-06,200000.0,0.28,400.0,7.9e-06,400000.0,399253.9847875887,0,746.0152124113695,250.0,400.0989983995023,762252737024839.5,296263826026351.4,-1.75,1906103595575.2173,1905160323005.1667,1185055304105.4053,1185055304105.4055,170411413.40553224,73.65539596914674,35990300455328.25,250.00000000000009,726.3446040573476,1,114745004.54517044,114745004.54517044,1.6661942936480045e-08,14.618315450837883,9.290777944980825,0.012387703926641,762250888071141.4,228675266.4157497,3e-07,102743325907.1743,0.0001380720021856,115
400.0,600.0,5.222222222222222,21.41906843141929,9.0,50.0,3.111111111111111,7.601878519797524,4.0,20.0,,,,,16.0,35000.0,0.25,120.0,1.8e-06,190000.0,0.31,400.0,7.8e-06,240000.0,239776.82086033412,0,223.17913966580687,300.00000000000006,200.422413170304,112797716414203.5,252965009279129.25,0.3125,565182284273.5156,562799911596.4961,843216697597.0977,843216697597.0973,58128690.45216783,17.87623792880908,835364231803.9844,299.9999999999999,382.12376484019865,1,8595896.762607044,8595896.762607044,7.799826562404633e-09,25.744517678853757,1.737568465163702,0.0045913435660619,112797650454435.72,11279765.045443572,1e-07,31357258277.2634,0.0002803064733896,116
700.0,600.0,20.0,166.66666666666666,8.0,30.0,5.222222222222222,21.41906843141929,8.0,30.0,,,,,32.0,50000.0,0.15,90.0,2.15e-06,190000.0,0.3,500.0,7.850000000000001e-06,420000.0,418495.31414187886,0,1504.6858581211018,299.99999999999926,352.36921997692787,877738708063471.0,636145586194300.0,5.0,2524916545091.9385,2490963053245.521,2120485287314.328,2120485287314.3384,155966912.948546,37.56053797844884,13449542102594.123,300.0000000000003,662.4392462411713,1,77317770.68360037,77317770.68360037,-1.2991949915885925e-07,19.627591450896944,19.51951580027789,0.0292475888112333,877735293135875.8,175547058.47641706,2e-07,134461552903.4294,0.000157874604716,117
1000.0,1000.0,1.0,0.7853981633974483,7.0,10.0,15.77777777777778,300.0,5.0,50.0,5.75,25.967226777328133,10.0,30.0,12.0,42500.0,0.225,120.0,1.975e-06,190000.0,0.28,400.0,7.8e-06,1000000.0,997975.1577566616,0,2024.842243338087,500.0000000000001,497.7661671295053,3589474869220380.0,3582090436568146.0,-26.0,7147019245407.859,7211166821401.294,7164180873136.294,7164180873136.29,613368085.7528114,113.14667665016744,235235321474849.5,499.9999999999996,886.8533238493451,1,660844678.2557725,660844678.2557725,-5.0291419029235846e-08,41.21355796285388,9.434895046879404,0.0100146309036359,3589467860421765.0,897366965.2488472,2.5e-07,361036498944.9049,0.0001022519940649,118
900.0,1000.0,3.111111111111111,7.601878519797524,3.0,20.0,11.555555555555555,188.88888888888889,3.0,40.0,15.25,200.0,3.0,20.0,4.0,20000.0,0.2,75.0,2.15e-06,195000.0,0.28,400.0,7.7e-06,900000.0,898210.527720556,0,1789.4722794440545,500.0000000000001,448.0433674589275,1237968172826966.5,1562340377401271.0,-3.0,2739130446801.14,2763054344154.424,3124680754802.5425,3124680754802.541,394824416.9223226,123.98962140254012,101494546674393.77,500.0000000000001,776.0103597382697,1,399751295.91144216,399751295.91144216,4.4703483581542975e-08,27.930490819038823,13.35403611036468,0.0156329767201545,1237962785310840.0,371388835.4499237,3e-07,141706279573.30145,0.0001167492180086,119
800.0,600.0,9.444444444444445,122.22222222222224,1.0,50.0,1.0,0.7853981633974483,7.0,50.0,,,,,12.0,27500.0,0.2,75.0,2.5e-06,210000.0,0.28,500.0,7.850000000000001e-06,480000.0,479872.2799954591,0,127.72000454082252,299.9999999999999,400.5559080148087,706777885125543.2,396027976326014.3,-0.25,1769403777166.757,1764492474042.883,1320093254420.047,1320093254420.048,183371436.87691087,15.04119088492774,682170084733.3125,299.9999999999999,784.9588853516527,1,5354336.741011513,5354336.741011513,-5.384208634495735e-09,16.08571958797262,1.9886642364645124,0.0026533211960834,706777635342403.6,2650416132.802325,3.75e-06,100692663714.0404,0.0001430832268956,120
500.0,300.0,1.0,0.7853981633974483,2.0,10.0,15.77777777777778,166.66666666666666,7.0,40.0,,,,,24.0,50000.0,0.15,120.0,2.15e-06,200000.0,0.3,400.0,7.7e-06,150000.0,148831.7625765533,0,1168.2374234467436,150.00000000000037,245.399097292,163251921934358.62,57067870117391.09,-1.3125,641207160689.4149,665250702777.0579,380452467449.2749,380452467449.273,48097211.75254502,104.04688439129558,33905116954524.125,150.00000000000006,395.9532349919417,1,207212183.6570725,207212183.6570725,2.142041921615601e-08,-12.621655428767554,18.1509367989897,0.0401470708285293,163248826882361.06,48974648.13533434,3e-07,32385831222.636654,0.0002098930252037,121
800.0,100.0,13.666666666666668,277.77777777777777,6.0,20.0,9.444444444444445,70.05557692032795,9.0,50.0,,,,,20.0,20000.0,0.25,105.0,2.325e-06,205000.0,0.28,550.0,7.8e-06,80000.00000110289,78728.72505061424,0,1271.2749504886174,49.9999999992449,436.2993004198127,115078890167126.44,1400578423292.7656,-696.5,316410967314.4973,263761344692.4991,28011568465.43228,28011568466.278343,44595366.96495107,90.6607639396245,15315367300354.094,49.99999999669807,709.3392570597624,1,65648298.49542928,65648298.49542928,-0.0072635949181858,-15.622253316672868,24.16499034875389,0.0324241391144142,115075263032262.64,28768815.85798961,2.5e-07,11163568054.46434,0.0001332473310431,122
600.0,1000.0,3.111111111111111,7.601878519797524,2.0,10.0,9.444444444444445,70.05557692032795,9.0,50.0,,,,,8.0,27500.0,0.2,75.0,2.15e-06,210000.0,0.28,400.0,7.8e-06,600000.0,599354.2960638637,0,645.7039361361358,500.00000000000045,298.34979408955326,502108768277139.5,1385168645354918.5,-4.0,1664539782963.73,1682953292491.3818,2770337290709.84,2770337290709.8345,174897636.56162396,67.72888091757693,33052809538737.875,500.00000000000017,532.2711199626337,1,137041781.0926198,137041781.0926198,9.313225746154784e-09,23.45774554626405,4.825109930459462,0.0088489025688104,502108027933839.0,225948612.66620755,4.5e-07,85730604612.77362,0.0001734425880036,123
600.0,200.0,17.88888888888889,188.88888888888889,10.0,20.0,13.666666666666668,277.77777777777777,8.0,20.0,,,,,8.0,42500.0,0.225,60.0,1.8e-06,195000.0,0.32,600.0,7.850000000000001e-06,120000.000010737,115892.2228620822,0,4107.77714865478,100.000000004281,297.4448504838363,199388713318693.6,18381018974045.977,6740.0,659016095536.7955,670338427423.9728,183810189748.32867,183810189732.59088,40317607.37378128,175.1741740577158,90031968947919.75,100.00000001109343,424.8258214501145,1,720099212.561075,720099212.561075,0.0489477645605802,-7.159226680872962,82.60287140582628,0.1441166700615859,199373617691662.4,39874723.49443681,2e-07,26250577954.603977,0.0001826350520876,124
100.0,300.0,13.666666666666668,188.88888888888889,1.0,30.0,3.111111111111111,7.601878519797524,8.0,20.0,15.25,250.0,5.0,20.0,28.0,35000.0,0.2,60.0,2.5e-06,200000.0,0.28,550.0,7.9e-06,30000.00000335866,28291.69959686361,0,1708.3004064950292,149.99999999999994,48.727214909466014,937160719029.224,11551973816102.98,-0.01953125,18277936674.874397,19232798771.086056,77013158774.01984,77013158774.0199,1404636.690437353,36.05936842420725,365606292784.99365,149.9999999999999,63.940632398026295,1,23460539.89373365,23460539.89373365,2.7474015951156616e-08,20.448361822909646,37.67269013478369,0.4780419465615965,932748017678.9546,186549.59845024956,2e-07,1493745928.3322835,0.0017204198009326,125
500.0,100.0,11.555555555555555,100.0,1.0,30.0,15.77777777777778,100.0,4.0,40.0,,,,,8.0,35000.0,0.175,60.0,2.325e-06,210000.0,0.28,600.0,7.7e-06,49999.9999986362,49751.019741986725,0,248.9802566494792,49.99999999986188,249.15227249037835,38325406192942.61,1458869844028.6826,76.0703125,152783549500.05508,153823225491.2411,29177396880.49305,29177396880.65425,11234233.193935432,78.98466324396833,4963587748054.156,49.99999999923837,421.01549310147647,1,39923042.08804096,39923042.08804096,0.0007077162881614,-0.00095404512831,26.228094255302235,0.0580124964190739,38325058618962.22,21078782.230546266,5.5e-07,8457183617.475169,0.0002335140690978,126
900.0,800.0,13.666666666666668,100.0,4.0,40.0,5.222222222222222,21.41906843141929,1.0,30.0,,,,,32.0,50000.0,0.2,90.0,2.15e-06,195000.0,0.3,500.0,7.850000000000001e-06,720000.0,719578.5809320195,0,421.4190679804117,400.0000000000002,450.6124979885415,2439955519452467.0,1924019438037628.8,-7.0,5429513523476.345,5414753319856.903,4810048595094.075,4810048595094.069,339034478.48237985,17.129257065198896,3155984935087.375,400.0,882.8707635669588,1,18283074.952020407,18283074.952020407,-4.406747743279178e-09,25.80815379703745,4.100534677144346,0.0047274466269177,2439954891408214.0,487990978.3037298,2e-07,290885483569.2028,0.0001198405339461,127
300.0,400.0,15.77777777777778,233.3333333333333,4.0,40.0,20.0,188.88888888888889,10.0,40.0,,,,,16.0,27500.0,0.2,120.0,1.975e-06,205000.0,0.29,400.0,7.8e-06,120000.0,117177.7777921732,0,2822.2222078268023,199.99999999999963,145.62967308490343,29765649403108.75,49211028870603.28,0.3125,192819760105.0609,204392750272.50183,246055144353.016,246055144353.01685,26868124.779544663,96.60391142469604,12819167166848.594,200.0000000000001,203.39597608556363,1,188982013.37616223,188982013.37616223,8.195638656616212e-08,-31.982587621561837,31.097741971099477,0.1243909678843979,29756276423833.266,8926882.860704493,3e-07,11910550732.257795,0.0004923519745478,128
200.0,900.0,20.0,233.3333333333333,1.0,10.0,9.444444444444445,70.05557692032795,8.0,20.0,1.0,0.7853981633974483,3.0,20.0,8.0,50000.0,0.2,75.0,2.325e-06,195000.0,0.32,500.0,7.8e-06,180000.0,179201.50967208418,0,798.4903279158947,450.00000000000017,99.62601898119496,30677534022676.56,613926094897638.0,-0.4375,305632333312.8446,307926928491.11176,1364280210883.6406,1364280210883.6394,17600387.810452726,26.72716067515427,2706358252033.875,450.0000000000001,173.2728262735303,1,50210077.86166565,50210077.86166565,-1.1990778148174286e-08,23.30601205189106,8.286990821556582,0.0472791868776233,30676079827338.84,7669019.96194839,2.5e-07,18657894274.02945,0.0006257987420674,129
700.0,600.0,3.111111111111111,7.601878519797524,5.0,40.0,20.0,255.5555555555556,5.0,30.0,10.5,150.0,5.0,30.0,16.0,42500.0,0.225,75.0,2.325e-06,200000.0,0.3,550.0,7.9e-06,420000.0,417184.21283337625,0,2815.7871666238552,299.9999999999998,346.6805259163817,753610116629976.0,559084233943713.75,3.75,2132942483808.9253,2173788431403.685,1863614113145.7112,1863614113145.7136,146174936.78492823,126.25837019387794,111459688763645.5,299.99999999999994,573.7417897182855,1,720892455.7597526,720892455.7597526,-2.123415470123291e-07,14.435572632515688,47.53224337262692,0.0720185505645862,753601334555716.8,0.0,0.0,116544698527.05132,0.0001609371522916,130
700.0,900.0,9.444444444444445,70.05557692032795,2.0,20.0,1.0,0.7853981633974483,7.0,40.0,20.0,300.0,3.0,10.0,12.0,35000.0,0.25,60.0,1.975e-06,210000.0,0.3,550.0,7.8e-06,630000.0,628054.3910757225,0,1945.6089242774428,449.9999999999998,350.4538919356029,908372728789140.0,1551354372855989.0,6.5,2598720763390.076,2591989273601.951,3447454161902.196,3447454161902.2,189301790.04393396,79.17256515002772,38161603560336.5,450.0,620.8274217766624,1,329297998.4982315,329297998.4982315,-8.940696716308595e-08,20.899837196455337,25.72047851365222,0.0389999674202459,908363540702825.6,227090885.1401365,2.5e-07,138276167590.3259,0.0001537028711076,131
200.0,500.0,3.111111111111111,7.601878519797524,9.0,50.0,7.333333333333334,42.23696789826278,5.0,10.0,,,,,32.0,20000.0,0.175,75.0,1.8e-06,200000.0,0.28,500.0,7.7e-06,100000.0,99720.39826403192,0,279.6017359680601,249.99999999999952,98.6903478193965,6975516711720.453,42930458235773.3,0.2109375,68853426712.83958,70680840283.2429,171721832943.09286,171721832943.0935,10099881.535609612,36.197948451872406,1113525095657.422,249.99999999999997,163.80217143786965,1,21112815.412234016,21112815.412234016,0.0,-13.440909029759496,5.222427671629312,0.0280273399353847,6975366497837.254,1395073.2915118036,2e-07,3847762027.911591,0.0005785626347644,132
600.0,400.0,7.333333333333334,42.23696789826278,6.0,50.0,17.88888888888889,277.77777777777777,6.0,40.0,,,,,12.0,35000.0,0.25,120.0,1.8e-06,195000.0,0.28,500.0,7.850000000000001e-06,240000.0,238079.9114940844,0,1920.0885059155507,199.99999999999977,293.4583035737981,270901546621195.88,115250765157478.12,0.75,883734740753.005,923134712230.3196,576253825787.39,576253825787.3912,95345807.32372198,136.9150726583352,68007183262858.69,200.0,463.0849332927936,1,454046749.7090666,454046749.7090666,-7.450580596923828e-09,17.461506223509787,28.021639184969896,0.0508508423604694,270894195877105.84,81268258.87705176,3e-07,49377202068.36734,0.0001983157047473,133
200.0,900.0,1.0,0.7853981633974483,2.0,40.0,9.444444444444445,70.05557692032795,10.0,50.0,1.0,0.7853981633974483,10.0,50.0,28.0,50000.0,0.2,90.0,1.975e-06,205000.0,0.31,600.0,7.7e-06,180000.0,179282.1654818717,0,717.834518128246,450.0000000000009,99.4638791326438,30223404215672.484,614840118082885.2,-0.6875,300622343043.73224,303863115728.3432,1366311373517.5256,1366311373517.52,19025810.943814594,27.581944318537523,2321133485937.4844,450.0,172.41802979828043,1,60553662.711356685,60553662.711356685,1.2153759598731997e-07,28.985617051266445,7.449985849189586,0.0512809733124871,30222603417638.074,9066781.0057525,3e-07,25218973467.824387,0.0008420403685923,134
200.0,500.0,1.0,0.7853981633974483,5.0,40.0,20.0,144.44444444444446,1.0,50.0,,,,,12.0,27500.0,0.225,120.0,1.8e-06,190000.0,0.28,400.0,7.75e-06,100000.0,99851.62857198397,0,148.37142801604418,250.00000000000009,99.6752400942133,9206458619538.848,57305940448112.31,-0.0078125,91766565184.75078,92364549218.4105,229223761792.4493,229223761792.4492,12141635.308972703,21.771352170464358,431493460557.3281,249.99999999999991,178.2286478515322,1,8118025.9752832,8118025.9752832,4.550302980039172e-09,21.45171358215157,1.386281741764515,0.0099020124411751,9206143121111.9,5983993.021965861,6.5e-07,7703816862.780749,0.0008407766994655,135
500.0,900.0,13.666666666666668,233.3333333333333,9.0,30.0,20.0,100.0,10.0,10.0,,,,,12.0,27500.0,0.25,60.0,2.5e-06,200000.0,0.28,600.0,7.9e-06,450000.0,446900.00004343735,0,3099.999956562381,450.00000000000057,252.9082378703281,283297309496659.6,874081000699655.5,-1.25,1146526727782.965,1120158488636.9448,1942402223777.0144,1942402223777.0095,104120524.11849016,73.98783239429923,36819012933415.0,450.00000000000017,426.012167946102,1,291827221.0822092,291827221.0822092,-2.1606683731079107e-07,51.941403474069375,27.179292312643,0.0566235256513395,283287918979875.6,99150771.73681805,3.5e-07,55623148593.98168,0.0002176186170761,136
500.0,1000.0,5.222222222222222,21.41906843141929,1.0,10.0,13.666666666666668,233.3333333333333,3.0,20.0,20.0,200.0,1.0,50.0,12.0,42500.0,0.175,105.0,2.5e-06,190000.0,0.29,500.0,7.8e-06,500000.0,498878.58092224126,0,1121.4190777587282,500.0,248.97865988692047,448012074103911.0,1795777233913676.0,1.0,1784756921073.29,1799399491937.9285,3591554467827.352,3591554467827.352,143168426.84046167,57.11233543039428,28294493453673.25,499.9999999999999,442.8876646429312,1,212439809.90528297,212439809.90528297,-5.21540641784668e-08,-4.81719237708603,7.451269587468979,0.0157476637907346,448008387816814.6,246404613.3976742,5.5e-07,93099626102.5638,0.0002108433028847,137
600.0,600.0,11.555555555555555,100.0,7.0,10.0,5.222222222222222,21.41906843141929,9.0,40.0,10.5,150.0,10.0,50.0,4.0,27500.0,0.175,60.0,2.325e-06,195000.0,0.29,550.0,7.8e-06,360000.0,356107.22835228645,0,3892.771647713221,300.00000000000017,303.0094694072552,318662987343446.4,331039503594359.9,-1.875,1072973561505.3008,1051660160874.8812,1103465011981.2002,1103465011981.199,97753494.93451746,113.73525659839962,45782166132911.25,300.0000000000002,486.2647434054716,1,486984973.4700608,486984973.4700608,-1.8440186977386477e-07,13.460746601067513,53.46938040027789,0.0959283212985862,318654854433260.75,79663713.49716905,2.5e-07,51896772874.12968,0.000175708950116,138
400.0,200.0,11.555555555555555,104.87489549761482,7.0,30.0,15.77777777777778,166.66666666666666,8.0,10.0,15.25,200.0,10.0,20.0,28.0,27500.0,0.225,105.0,1.975e-06,190000.0,0.32,600.0,7.9e-06,80000.0,73932.54234544467,0,6067.457654555381,99.99999999999991,191.93952266056385,44911273617338.17,11527281732294.898,-0.015625,215856822937.4412,233986585955.8361,115272817322.94888,115272817322.94908,28771788.31421312,165.17136235184958,29701032067630.97,100.00000000000004,234.8286376178383,1,562113623.9639304,562113623.9639304,-2.7939677238464355e-09,0.0909745181925245,123.14695999775844,0.3222805000963124,44894653561392.695,8978930.737958895,2e-07,7674433596.815123,0.000272666656142,139
800.0,800.0,11.555555555555555,104.87489549761482,7.0,30.0,5.222222222222222,21.41906843141929,6.0,10.0,10.5,86.59014751456867,1.0,30.0,32.0,20000.0,0.25,60.0,2.15e-06,200000.0,0.3,450.0,7.75e-06,640000.0,638964.1810381754,0,1035.818961824292,400.0000000000008,402.988253266566,703557472662951.0,696063352158406.0,-6.0,1772132634491.899,1745851068759.4822,1740158380396.0183,1740158380396.0117,223134519.7707085,59.01508793945175,19110457057757.875,400.0,740.9849083228323,1,86608524.20410864,86608524.20410864,-8.940696716308595e-08,0.0817390696902293,13.60475787953145,0.0172783208792998,703555965223971.4,211066789.41196457,3e-07,87999294555.5938,0.0001291369754361,140
600.0,800.0,20.0,255.5555555555556,10.0,10.0,17.88888888888889,211.11111111111111,9.0,50.0,15.25,200.0,1.0,30.0,20.0,35000.0,0.225,105.0,2.15e-06,195000.0,0.3,400.0,7.8e-06,480000.0,475144.444500118,0,4855.555499881976,400.0000000000006,302.4153433084043,553657819795394.5,942520382427383.0,-3.0,1860505262437.5803,1830786142456.9724,2356300956068.4614,2356300956068.4536,176879768.66771537,101.30077802227602,86575181098242.5,400.0000000000001,498.6992223073561,1,450384823.4944484,450384823.4944484,1.0803341865539553e-07,-63.68854195365566,18.40560663172233,0.0340179607150653,553640220188858.9,166092065.88684064,3e-07,88397439987.63708,0.000178306486439,141
800.0,100.0,17.88888888888889,122.22222222222224,5.0,40.0,15.77777777777778,211.11111111111111,5.0,40.0,,,,,4.0,20000.0,0.25,120.0,2.325e-06,200000.0,0.28,600.0,7.9e-06,79999.99999051762,79549.68712973426,0,450.31286078338985,50.00000000160943,394.6676236378029,95315223608792.69,1334928815766.861,-1119.39453125,235153245009.0315,241507582330.2548,26698576316.196617,26698576314.47784,43652119.71476948,174.97494309739318,23709332419441.5,50.00000000619223,625.0250576081718,1,133578277.43014348,133578277.43014348,-0.0079632207052782,-6.798714221571572,28.48850795484386,0.0378780575611571,95314244008405.23,23828560.97072724,2.5e-07,12045600061.665049,0.0001418993273001,142
700.0,600.0,9.444444444444445,70.05557692032795,8.0,40.0,9.444444444444445,70.05557692032795,9.0,10.0,20.0,250.0,5.0,30.0,20.0,42500.0,0.15,105.0,2.5e-06,210000.0,0.28,600.0,7.9e-06,420000.0,416309.0552729876,0,3690.944727012291,300.0,349.2943701258433,759135100465595.0,569744792950605.0,-1.0,2164593424799.0105,2173339066965.4792,1899149309835.35,1899149309835.35,172920764.17852956,123.32256801271532,100978080864587.5,299.99999999999994,576.6774389868442,1,771974676.4422001,771974676.4422001,1.862645149230957e-07,-19.123212272359524,42.23210991683813,0.0616277242499007,759123261793479.0,189780815.40275875,2.5e-07,107950860536.35287,0.0001490938543887,143
200.0,600.0,1.0,0.7853981633974483,10.0,30.0,7.333333333333334,42.23696789826278,10.0,10.0,5.75,25.967226777328133,1.0,20.0,4.0,50000.0,0.175,120.0,1.8e-06,210000.0,0.3,500.0,7.75e-06,120000.0,119517.8418574112,0,482.15814258872206,299.99999999999983,99.04281772830574,20505028906456.914,182780757141337.6,0.0,203106192596.3239,207031962304.4885,609269190471.1249,609269190471.1256,14968282.015992038,31.199618133353898,2503690648790.289,300.0000000000001,168.80036272738994,1,41785028.19176672,41785028.19176672,-1.2572854757308962e-08,25.515025639640957,4.691466780509344,0.0251778181422683,20504708202188.688,4100941.62298694,2e-07,11477667691.71662,0.0005775676311515,144
900.0,100.0,13.666666666666668,233.3333333333333,8.0,30.0,13.666666666666668,277.77777777777777,2.0,40.0,,,,,20.0,42500.0,0.225,75.0,1.8e-06,190000.0,0.32,550.0,7.9e-06,89999.99999602092,88922.20666224672,0,1077.7933337741706,49.99999999983462,454.55897233825885,284769091199419.75,3203772973651.1465,-201.09375,639296951819.3273,626473369856.8589,64075459472.811,64075459473.23486,42126779.181143485,141.8473794702658,43096767340432.81,49.9999999991537,758.1526211113427,1,181181494.34570897,181181494.34570897,-0.0019349282956682,-5.350882794271456,39.13235331627829,0.0458671849721923,284766457997883.2,85429937.3267136,3e-07,30481318587.61737,0.0001207135677265,145
300.0,900.0,3.111111111111111,7.601878519797524,9.0,20.0,3.111111111111111,7.601878519797524,1.0,50.0,,,,,12.0,50000.0,0.2,90.0,1.975e-06,190000.0,0.29,550.0,7.9e-06,270000.0,269923.9812112624,0,76.01878873754372,450.000000000001,150.0833059767298,101418250444735.56,911982610437637.6,-3.5,676497378130.5059,675746378217.8433,2026628023194.7544,2026628023194.745,42310573.98040397,5.017951031882824,91046673594.10548,450.0000000000001,294.98194746755115,1,1840745.871999039,1840745.871999039,2.3573898217309288e-08,28.961990349189364,0.7236601513180401,0.0029127644725407,101418241696012.77,35496384.5964183,3.5e-07,39388584550.97717,0.0003892024032602,146
400.0,100.0,17.88888888888889,255.5555555555556,7.0,10.0,9.444444444444445,70.05557692032795,8.0,40.0,,,,,16.0,20000.0,0.225,120.0,1.8e-06,190000.0,0.28,550.0,7.7e-06,40000.00000189107,38519.86523995573,0,1480.1347619353458,50.00000000580359,234.1078216044749,17445231761083.312,779052860756.1538,724.5859375,105160061974.04842,74517936400.07904,15581057216.9316,15581057213.314554,13469001.05266934,51.149806890223104,3301648636577.836,50.000000017080886,348.85019311246816,1,32808373.540968284,32808373.540968284,-0.0010629541066009,21.31558271290851,18.424210050243254,0.0518586052930457,17441343719237.86,5232402.972297095,3e-07,2791385621.1182656,0.0002724168104532,147
500.0,1000.0,11.555555555555555,104.87489549761482,3.0,50.0,1.0,0.7853981633974483,4.0,30.0,,,,,28.0,27500.0,0.225,120.0,2.325e-06,205000.0,0.31,400.0,7.7e-06,500000.0,499682.2337174192,0,317.76628258088454,499.9999999999995,250.7767490721396,288583969921238.75,1153248925747386.0,2.0,1157933575004.8923,1150760471172.004,2306497851494.769,2306497851494.7744,151271392.4030832,14.638325296789144,271699990484.5781,500.0,485.3616747435946,1,7536346.238460333,7536346.238460333,-3.7223799154162414e-08,42.88776764572828,1.4844607367814373,0.0031617907066697,288583431493616.1,72145857.88949028,2.5e-07,65225942013.31858,0.0002278746509641,148
100.0,300.0,5.222222222222222,21.41906843141929,1.0,50.0,17.88888888888889,100.0,7.0,20.0,,,,,32.0,20000.0,0.25,120.0,1.8e-06,205000.0,0.31,500.0,7.8e-06,30000.0,29278.580963583223,0,721.419036416775,150.00000000000003,46.26832885196123,548262624972.7483,5344482093894.693,0.001953125,10203714369.169777,11849631023.565886,35629880625.96463,35629880625.964615,2141802.369207622,39.25282071647989,268031077959.33157,150.0,60.747191049791326,1,23180127.017989345,23180127.017989345,0.0,13.005607612562017,14.03803748326233,0.1975642488625447,,,,,,149
300.0,800.0,3.111111111111111,7.601878519797524,1.0,10.0,3.111111111111111,7.601878519797524,4.0,10.0,5.75,25.967226777328133,1.0,50.0,8.0,27500.0,0.15,60.0,1.8e-06,195000.0,0.29,450.0,7.75e-06,240000.0,239910.05614716516,0,89.94385283491519,400.0000000000001,149.92005369106977,49622006787864.66,353391767426588.1,-0.125,330637157117.0531,330989787998.058,883479418566.4706,883479418566.4701,30766030.48034885,16.403538738195536,651991376962.9219,400.0,283.5964402027843,1,7473280.927385794,7473280.927385794,9.313225746154784e-09,17.168336288506907,1.1818500319964405,0.0040973229183506,49621981371923.22,126536052.51136091,2.55e-06,17871197037.675575,0.0003611326399022,150
200.0,800.0,5.222222222222222,21.41906843141929,5.0,10.0,15.77777777777778,166.66666666666666,6.0,40.0,,,,,32.0,27500.0,0.25,60.0,1.975e-06,210000.0,0.3,600.0,7.8e-06,160000.0,158892.90466934716,0,1107.0953306528256,400.0000000000001,98.30460790222205,15300744529192.477,246694826988174.88,0.03125,150456615718.45,155646259679.00967,616737067470.4374,616737067470.437,14467568.919270707,44.658902299037024,3100716495268.754,400.0000000000001,155.34109803663074,1,86627981.93708049,86627981.93708049,-1.1175870895385744e-07,17.552488646862912,17.14275377519854,0.1126988926274295,15297921062091.846,3824480.2382150334,2.5e-07,8377886488.241128,0.0005725148227872,151
500.0,900.0,17.88888888888889,277.77777777777777,4.0,20.0,3.111111111111111,7.601878519797524,8.0,40.0,5.75,25.967226777328133,5.0,10.0,4.0,20000.0,0.225,75.0,1.975e-06,190000.0,0.29,450.0,7.8e-06,450000.0,448568.4016193411,0,1431.5983806591908,450.00000000000017,254.314256706665,197465726863099.72,636289476067969.5,-1.875,803732948506.2417,776463456749.3542,1413976613484.3772,1413976613484.3762,110952117.9781114,38.32087105174479,4984598547552.469,450.0000000000002,461.6791296757812,1,51661489.40286767,51661489.40286767,-3.334134817123413e-07,0.0045633641784661,13.371051437268036,0.0291661325653365,197460951740036.75,424541045.4235737,2.15e-06,42212658386.48135,0.0002258988057808,152
900.0,200.0,20.0,144.44444444444446,5.0,10.0,7.333333333333334,42.23696789826278,5.0,30.0,,,,,8.0,50000.0,0.2,120.0,2.15e-06,195000.0,0.3,400.0,7.850000000000001e-06,180000.0,179066.59293776227,0,933.4070622378412,100.0,453.5337127339581,632058152745177.8,30403786406401.52,-0.0625,1415690659681.4211,1393629922095.652,304037864064.01514,304037864064.0152,100758575.95926616,73.54064321854796,27510403252072.0,99.99999999999991,826.4593560168677,1,74859484.37987421,74859484.37987421,-7.59027898311615e-08,20.87527102473541,14.436657862579068,0.0166640914166614,632056395196140.8,158014098.8474578,2.5e-07,69639218596.26312,0.0001159967737945,153
300.0,500.0,11.555555555555555,104.87489549761482,7.0,20.0,20.0,277.77777777777777,2.0,10.0,,,,,12.0,27500.0,0.2,60.0,2.15e-06,190000.0,0.3,550.0,7.7e-06,150000.0,148710.32024432556,0,1289.6797556743973,250.00000000000023,150.71125890853094,34304855681902.266,93381801814742.12,-0.25,229788632626.2455,227619727486.46756,373527207258.9688,373527207258.96814,21157617.931760624,54.45470234578989,6211210900599.289,250.0000000000002,245.54529771749552,1,84903919.25756171,84903919.25756171,7.450580596923828e-09,24.722423836909,19.962792728474827,0.0712956883159815,34301358337706.55,6860271.658292292,2e-07,11775442787.27924,0.0003848082901408,154
300.0,500.0,1.0,0.7853981633974483,6.0,30.0,3.111111111111111,7.601878519797524,4.0,10.0,1.0,0.7853981633974483,5.0,30.0,20.0,27500.0,0.225,105.0,2.5e-06,205000.0,0.28,500.0,7.8e-06,150000.0,149957.0261130983,0,42.9738869016723,250.0000000000004,149.8401791506193,31058070682049.61,86166560684513.03,-0.3125,206833429251.37552,207274649951.06583,344666242738.0526,344666242738.05164,25487197.596960984,16.782571467019455,520619886475.28125,250.00000000000017,283.21730165427016,1,5080866.576825136,5080866.576825136,-1.7433194443583492e-08,18.732664163723257,0.5738914520746592,0.001989608270211,31058066756741.5,13976130.036901042,4.5e-07,11167835119.77539,0.0003611148524411,155
900.0,800.0,15.77777777777778,255.5555555555556,10.0,30.0,11.555555555555555,104.87489549761482,3.0,10.0,,,,,12.0,35000.0,0.25,75.0,2.325e-06,210000.0,0.28,500.0,7.7e-06,720000.0,717129.8197876218,0,2870.1802123781586,400.0000000000005,456.2405847777378,1786344196412185.0,1373319462824416.5,0.0,4025478976074.1714,3915355748727.2217,3433298657061.0454,3433298657061.0366,319703768.3636861,57.29461473880762,47113555655847.0,399.99999999999966,842.7053893888835,1,161426984.0865614,161426984.0865614,-4.582107067108154e-07,72.85626977197535,24.416918199307503,0.0276140065103574,1786332732704561.2,1161116275.0549867,6.5e-07,194869282093.55505,0.0001153852307573,156
200.0,200.0,20.0,100.0,9.0,10.0,9.444444444444445,70.05557692032795,7.0,20.0,5.75,25.967226777328133,10.0,10.0,28.0,42500.0,0.2,105.0,2.5e-06,210000.0,0.3,500.0,7.850000000000001e-06,40000.0,38090.26638608355,0,1909.733613916464,100.0000000000002,103.01110207699809,7223949628759.422,6996314195162.188,-0.04296875,74482232332.34808,70127874404.83562,69963141951.62201,69963141951.62173,5579693.392817815,53.738913934344176,2523074495051.8613,100.00000000000006,146.26110425882925,1,61164035.34081572,61164035.34081572,-2.5727786123752597e-08,14.442263740619635,27.16367378876562,0.1549750009433877,7221646200940.239,4694069.984995656,6.5e-07,3324178909.923764,0.0006192029729723,157
700.0,600.0,1.0,0.7853981633974483,10.0,40.0,3.111111111111111,7.601878519797524,7.0,50.0,,,,,16.0,35000.0,0.15,90.0,2.5e-06,200000.0,0.28,550.0,7.7e-06,420000.0,419938.93286413874,0,61.067135861162896,300.0000000000001,349.8491299477374,601155847577230.8,441276426450145.25,1.25,1716848076052.1997,1718328834109.2488,1470921421500.4846,1470921421500.4836,153699844.45935962,25.17987122798722,4246350939987.625,300.0,674.8201887668322,1,19146840.867364336,19146840.867364336,6.402842700481415e-09,19.303732360363934,0.8718896041676996,0.0013445864354648,601155841018723.4,180346752.31005585,3e-07,96956679910.32169,0.0001615621249708,158
700.0,200.0,7.333333333333334,42.23696789826278,2.0,20.0,9.444444444444445,70.05557692032795,6.0,50.0,1.0,0.7853981633974483,5.0,20.0,24.0,35000.0,0.225,105.0,2.5e-06,205000.0,0.31,450.0,7.9e-06,140000.0,139487.3386102519,0,512.6613897479839,99.99999999999976,346.7130526119258,207818423870861.72,16614860362285.14,0.34375,588242575638.0406,599396020153.5068,166148603622.85104,166148603622.85178,57910111.35949391,113.27704146570642,28008548334885.125,99.99999999999989,586.7229518046843,1,122476979.26051286,122476979.26051286,-1.8226273823529478e-09,-10.405583576957156,14.895065852156812,0.0230831842757425,207817885353945.25,41563577.02161152,2e-07,30524810263.620216,0.0001534482055661,159
700.0,100.0,5.222222222222222,21.41906843141929,9.0,20.0,11.555555555555555,166.66666666666666,4.0,50.0,,,,,4.0,42500.0,0.2,105.0,2.325e-06,195000.0,0.29,450.0,7.9e-06,69999.99999903701,69451.8422367478,0,548.1577622891851,49.99999999941908,347.9332626738913,129309035895142.0,2490753357089.2725,503.5,367285580220.454,371648961934.2315,49815067141.20668,49815067142.36422,29570085.717713434,124.6331325697978,21758483556524.22,49.999999997172345,575.3669367048668,1,101520089.02290964,101520089.02290964,0.0041004844824783,-2.92152144490683,21.857798680824743,0.0339289734508532,129308356621598.9,32327089.13327515,2.5e-07,18318450257.567677,0.0001529266322668,160
100.0,500.0,1.0,0.7853981633974483,9.0,20.0,3.111111111111111,7.601878519797524,5.0,10.0,15.25,300.0,10.0,20.0,20.0,50000.0,0.15,105.0,2.325e-06,200000.0,0.28,500.0,7.75e-06,50000.0000018592,47233.46238436924,0,2766.537617489972,250.00000000000068,49.33069302632519,2272394295212.427,72438761507175.22,-0.1328125,44847550340.34799,46064511885.1213,289755046028.70166,289755046028.7001,3115337.183275672,31.949880819780105,797882785022.9551,250.0,68.05013383957848,1,52348658.65393032,52348658.65393032,-2.421147655695677e-07,-10.537785820087151,26.802718903797224,0.3000040005510807,2265490488554.086,0.0,0.0,2578802062.4031057,0.0012641525079745,161
600.0,900.0,1.0,0.7853981633974483,10.0,40.0,15.77777777777778,144.44444444444446,3.0,50.0,20.0,200.0,1.0,30.0,4.0,20000.0,0.25,90.0,1.975e-06,190000.0,0.28,450.0,7.7e-06,540000.0,539158.812670814,0,841.1873291860294,450.0000000000001,298.45583334614025,328389054176596.9,748869258487366.2,-0.5,1089024728352.8192,1100293636397.922,1664153907749.7031,1664153907749.7024,172231982.30732566,77.7545238795191,24043723921776.125,449.9999999999996,522.2453028440478,1,157195448.49007654,157195448.49007654,7.450580596923828e-08,28.89853828609921,6.547703407607261,0.0120781575487894,328386898292229.4,180612793.9508901,5.5e-07,62413460453.84087,0.0001927914991001,162
900.0,800.0,13.666666666666668,233.3333333333333,3.0,10.0,15.77777777777778,211.11111111111111,5.0,10.0,,,,,12.0,50000.0,0.175,120.0,2.5e-06,205000.0,0.29,500.0,7.75e-06,720000.0,718244.4444642792,0,1755.5555357208111,400.0000000000002,449.3466165772229,2480896965510931.0,1942568842462967.2,-10.0,5505111149212.201,5521120831861.374,4856422106157.42,4856422106157.415,399173599.7465254,90.37266838489953,146076989136094.5,400.0,809.6273317903886,1,465642044.9923541,465642044.9923541,-7.003545761108398e-07,-61.83184800295567,11.042827710787982,0.0125186357692473,2480890665963174.0,1116400799.5530808,4.5e-07,279085665809.1771,0.0001154743320306,163
900.0,700.0,11.555555555555555,188.88888888888889,3.0,10.0,7.333333333333334,42.23696789826278,7.0,50.0,,,,,8.0,27500.0,0.2,90.0,1.8e-06,195000.0,0.28,400.0,7.8e-06,630000.0,629137.6745897825,0,862.3254102173794,350.0000000000001,451.2357221214974,1195087906385598.5,716440291763800.8,1.5,2663063807206.9404,2648478052151.6763,2046972262182.2888,2046972262182.287,301508027.1995584,64.79236524804703,37190087852733.625,350.00000000000006,835.2076347835393,1,102493701.36216363,102493701.36216363,-5.308538675308228e-08,10.0294970502473,7.670768248060867,0.0090635308178213,1195086051863186.0,0.0,0.0,134272220715.48842,0.0001151085397049,164
100.0,500.0,15.77777777777778,255.5555555555556,9.0,40.0,15.77777777777778,188.88888888888889,3.0,40.0,,,,,24.0,42500.0,0.175,60.0,2.5e-06,190000.0,0.32,550.0,7.8e-06,49999.9999977026,47579.907716054106,0,2420.0922816484767,250.00000000000043,50.23722346481701,1780091949276.004,50533369198500.47,-0.0546875,35771556034.80955,35433724766.31134,202133476794.00223,202133476794.00156,2131166.802429504,28.96480369507181,355776693268.3965,249.9999999999999,71.0352194036196,1,23729396.05575717,23729396.05575717,9.313225746154784e-09,0.2319841224525589,32.22780238601079,0.618443969840845,,,,,,165
600.0,700.0,11.555555555555555,188.88888888888889,7.0,40.0,11.555555555555555,100.0,1.0,40.0,20.0,150.0,7.0,40.0,12.0,42500.0,0.15,60.0,2.15e-06,195000.0,0.28,400.0,7.8e-06,420000.0,416477.7778776895,0,3522.222122310344,350.00000000000017,302.5770293234746,554576516143813.75,765998656625089.0,1.0,1864605530912.292,1832844077370.246,2188567590357.3984,2188567590357.396,110236687.71719784,79.07799334930532,36140492551599.5,349.9999999999998,520.9220120440157,1,266073822.78784084,266073822.78784084,-1.0803341865539553e-07,-15.177077386833844,36.18957904326469,0.0652979573723051,554567596877991.75,748666256.3775909,1.35e-06,104256652544.81767,0.0001962126897599,166
600.0,600.0,9.444444444444445,70.05557692032795,7.0,20.0,13.666666666666668,122.22222222222224,2.0,20.0,,,,,32.0,50000.0,0.175,90.0,2.325e-06,190000.0,0.32,550.0,7.8e-06,360000.0,359265.16653550864,0,734.8334644912354,299.99999999999983,300.5275779554105,547751827953072.5,544866595521250.3,1.0,1829055991912.056,1822634154507.9192,1816221985070.8333,1816221985070.8352,114120770.33531344,39.78178568043196,13859404650936.688,300.0000000000003,560.2182145507612,1,81843899.190659,81843899.190659,-2.2351741790771484e-08,9.43357782017847,10.48584947314598,0.018294590533724,547750856893476.6,109550171.35004295,2e-07,97637862470.3579,0.0001815368437264,167
300.0,300.0,7.333333333333334,42.23696789826278,1.0,30.0,5.222222222222222,21.41906843141929,5.0,50.0,20.0,250.0,7.0,10.0,24.0,27500.0,0.15,60.0,1.8e-06,195000.0,0.32,500.0,7.8e-06,90000.0,86350.66768305171,0,3649.33231694832,149.99999999999977,151.49990615092503,20559399065591.17,28651143049412.883,-0.0078125,138447044259.01776,135705688458.37956,191007620329.4189,191007620329.4195,12614060.913237983,93.06650253743254,6222756183315.273,149.99999999999994,206.9334971472358,1,158154488.14051366,158154488.14051366,8.381903171539307e-09,16.29791029613989,82.82150639117096,0.3347826443518306,20545757834770.586,23627621.55859179,1.15e-06,7919723575.104793,0.0004294056590711,168
1000.0,400.0,20.0,166.66666666666666,5.0,10.0,9.444444444444445,122.22222222222224,3.0,10.0,,,,,28.0,50000.0,0.25,90.0,2.15e-06,205000.0,0.32,550.0,7.9e-06,400000.0,398800.0000038988,0,1199.9999961013978,199.9999999999998,501.7051445135672,1709754179895865.0,270062076817491.25,1.25,3431209776843.496,3407886481916.73,1350310384087.4548,1350310384087.4575,213378329.14507076,77.92386695426471,65474293918156.0,199.9999999999999,922.0763348358576,1,199783560.6551433,199783560.6551433,6.51925802230835e-07,35.54263653467933,14.828626577448626,0.0150501989508864,1709751182723048.0,170975118.2723048,1e-07,170758017496.2976,0.000103125577836,169
700.0,700.0,13.666666666666668,211.11111111111111,5.0,10.0,17.88888888888889,188.88888888888889,2.0,20.0,15.25,100.0,3.0,50.0,28.0,20000.0,0.15,90.0,2.325e-06,210000.0,0.3,400.0,7.7e-06,490000.0,487966.6666248754,0,2033.3333751244909,350.00000000000045,354.36507460531533,431675431855399.0,424616179261889.25,-1.5,1248934642129.882,1218165848697.6753,1213189083605.3994,1213189083605.3962,190682843.16097727,93.96778889485338,41611858475712.0,349.9999999999994,606.0322134793098,1,183807621.1380402,183807621.1380402,-1.0952353477478027e-06,53.64484688363154,13.111809189926245,0.0195390814997214,431669512320389.75,237418231.9763028,5.5e-07,59721903058.43257,0.0001499548079572,170
800.0,100.0,3.111111111111111,7.601878519797524,4.0,10.0,5.222222222222222,21.41906843141929,9.0,30.0,,,,,20.0,20000.0,0.225,90.0,1.8e-06,205000.0,0.3,600.0,7.7e-06,80000.00000053679,79790.52216541543,0,209.47783512135572,50.00000000087475,393.906519661376,90592790347431.44,1342263382697.0566,-515.671875,223083587236.83517,229985506270.1426,26845267654.41079,26845267653.471478,36000262.417709045,148.19452210572044,16349267684637.0,50.00000000423261,651.80547716454,1,81660211.02174908,81660211.02174908,-0.0041961044480558,0.0070753971031081,16.228503712478027,0.0211476917960979,90592728510753.16,27177818.513283093,3e-07,10963288519.234283,0.0001287989454694,171
500.0,500.0,13.666666666666668,255.5555555555556,3.0,40.0,15.77777777777778,122.22222222222224,10.0,50.0,20.0,100.0,10.0,10.0,16.0,20000.0,0.2,105.0,2.5e-06,195000.0,0.28,400.0,7.8e-06,250000.0,246011.11103852556,0,3988.88896147452,250.0000000000002,247.91200408571848,121320561062777.0,132246772534158.62,-1.0,481262745664.5342,489369449898.9609,528987090136.63495,528987090136.6341,82739986.88140985,141.18567838903374,40465636208133.94,249.99999999999972,358.8143194587594,1,393670588.6537264,393670588.6537264,3.650784492492676e-07,-20.22333684716432,37.40925920366067,0.0846150622986338,121312099296369.88,30328024.7824511,2.5e-07,25396251907.73449,0.0002462560374686,172
1000.0,300.0,3.111111111111111,7.601878519797524,10.0,20.0,5.222222222222222,21.41906843141929,3.0,20.0,10.5,86.59014751456867,5.0,40.0,20.0,50000.0,0.175,60.0,2.325e-06,210000.0,0.32,450.0,7.75e-06,300000.0,298993.82253863843,0,1006.1774613614148,150.00000000000017,500.0649254404983,1262160276118350.0,114158484159704.0,-3.5,2524648380053.0566,2523992809546.751,761056561064.6942,761056561064.6925,129035043.94864824,104.88809443951055,53669105655402.75,150.00000000000009,895.1121712788857,1,216900553.1509574,216900553.1509574,-9.313225746154784e-09,5.879679292957007,31.673074790034686,0.0324058060688053,1262158990484306.8,0.0,0.0,130334886201.72446,0.0001045018750246,174
100.0,200.0,5.222222222222222,21.41906843141929,5.0,50.0,3.111111111111111,7.601878519797524,5.0,30.0,,,,,32.0,35000.0,0.175,75.0,1.975e-06,200000.0,0.29,500.0,7.75e-06,20000.0,19854.895267189364,0,145.10473281063295,99.99999999999994,49.77648012796039,585585120409.2561,2367898868785.9326,-0.001953125,11659579454.0331,11764293475.631311,23678988687.859318,23678988687.85934,960599.546418812,17.94064160517807,58651143070.30298,100.0,82.05936009919039,1,3899424.6750079417,3899424.6750079417,-8.440110832452773e-10,5.3755946835281065,6.776853727719327,0.0990124733614822,,,,,,175
900.0,900.0,11.555555555555555,104.87489549761482,4.0,50.0,11.555555555555555,100.0,8.0,50.0,,,,,24.0,50000.0,0.25,75.0,1.975e-06,210000.0,0.31,450.0,7.75e-06,810000.0,808780.5004249271,0,1219.4995750731423,449.9999999999995,449.4102419675612,2764061239453795.0,2748072094509864.0,22.0,6134318834772.105,6150418885320.613,6106826876688.58,6106826876688.594,351543653.90781265,75.38044155768824,105760371497666.5,450.0000000000001,824.6195748464518,1,311678390.50070024,311678390.50070024,4.4703483581542975e-08,23.78827208832081,11.39055421125417,0.0134923648205572,2764059167100400.0,829217750.1781211,3e-07,345608045998.52673,0.0001267831129669,176
700.0,700.0,9.444444444444445,122.22222222222224,8.0,10.0,20.0,166.66666666666666,4.0,20.0,10.5,150.0,3.0,20.0,28.0,42500.0,0.25,75.0,2.325e-06,205000.0,0.28,550.0,7.7e-06,490000.0,487455.55554303335,0,2544.4444569667075,350.00000000000045,350.92861823236973,881919924854687.5,879150617443500.0,-7.5,2526474443103.3413,2513103460461.348,2511858906981.432,2511858906981.4253,168991947.03585318,87.88198842538999,69146903053947.5,349.99999999999983,612.1180107605587,1,406764543.9825099,406764543.9825099,1.8998980522155762e-07,10.626861213240772,20.01143217016753,0.0298678092092052,881913960597528.5,1014201054.4406272,1.15e-06,125869825723.9613,0.0001490543257734,177
200.0,200.0,17.88888888888889,144.44444444444446,8.0,20.0,20.0,233.3333333333333,2.0,50.0,,,,,20.0,42500.0,0.25,75.0,2.15e-06,190000.0,0.3,450.0,7.9e-06,40000.0,38377.77776566657,0,1622.2222343334204,100.0,104.82534889556284,6595438709409.035,6148846776775.957,-0.0078125,69298270420.46858,62918356856.41313,61488467767.75956,61488467767.75958,4230902.466510455,40.30367987187248,1092382696891.744,100.00000000000004,159.6963563899764,1,28156027.715689007,28156027.715689007,1.862645149230957e-09,17.97630908807332,26.23823241964315,0.1874159458545939,6591268747004.766,1647817.1539992662,2.5e-07,3760717426.4265895,0.0006902901232519,178
800.0,900.0,17.88888888888889,255.5555555555556,4.0,20.0,3.111111111111111,7.601878519797524,4.0,30.0,,,,,16.0,42500.0,0.2,60.0,2.15e-06,200000.0,0.28,550.0,7.7e-06,720000.0,718947.370221264,0,1052.6297787360766,449.9999999999994,401.8844112190796,1654711004568465.0,2081826554723378.0,15.0,4156358231626.64,4117380416794.5967,4626281232718.612,4626281232718.624,247640475.70829123,18.66325886999952,3527506155012.75,450.0000000000001,781.3365665096007,1,25262615.755045597,25262615.755045597,8.055940270423889e-08,19.52133115736888,15.02086179651451,0.0195471018170394,1654706842632177.8,165470684.26321778,1e-07,219073601834.63928,0.0001346130820157,179
400.0,600.0,7.333333333333334,42.23696789826278,8.0,50.0,9.444444444444445,70.05557692032795,8.0,50.0,1.0,0.7853981633974483,7.0,30.0,8.0,42500.0,0.25,60.0,2.5e-06,200000.0,0.3,550.0,7.9e-06,240000.0,239090.66408879508,0,909.3359112050732,299.9999999999999,199.51319732626808,139010012019807.38,310406484102043.9,2.25,693362406731.7258,696745949053.5928,1034688280340.146,1034688280340.1466,41905891.80627178,51.22219654505803,10895792303117.688,299.99999999999983,348.77779088157064,1,113280024.19024254,113280024.19024254,-5.887704901397228e-08,10.660653209783447,19.463879477666524,0.0563716541226887,139009159812590.5,13900915.98125905,1e-07,46294916028.98016,0.0003419157855716,180
200.0,500.0,1.0,0.7853981633974483,4.0,40.0,5.222222222222222,21.41906843141929,8.0,30.0,,,,,28.0,20000.0,0.15,105.0,1.975e-06,200000.0,0.28,550.0,7.7e-06,100000.0,99825.50585896798,0,174.49414103200502,249.9999999999999,98.99337847371316,6806731075712.156,42305192666843.61,0.0,67388958989.59171,68759458265.37909,169220770667.37436,169220770667.3745,11625483.928399991,30.63588676772873,736870682141.791,249.99999999999983,169.3640982312797,1,15734149.729963912,15734149.729963912,1.862645149230957e-09,-18.77727760288508,2.5605593772510664,0.0152970689660778,6806672602755.276,680667.2602755276,1e-07,4937388686.648544,0.0007413976878664,181
800.0,300.0,15.77777777777778,122.22222222222224,3.0,10.0,1.0,0.7853981633974483,10.0,20.0,1.0,0.7853981633974483,5.0,10.0,20.0,50000.0,0.15,90.0,1.8e-06,205000.0,0.28,400.0,7.8e-06,240000.0,239617.62537974567,0,382.3746202543245,150.00000000000048,401.7626480488044,648475815270871.2,90695182632600.05,-2.5,1628365124701.6692,1614076914367.8516,604634550884.0022,604634550883.9983,101062355.48835956,16.247242961568155,1247681286019.5,149.99999999999991,783.7528247633451,1,5788754.191821135,5788754.191821135,-6.679329089820385e-09,9.698752270491354,7.93685502428307,0.0101819820709211,648475084201071.1,356661296.1724232,5.5e-07,83338461414.15343,0.0001306876175486,182
300.0,1000.0,7.333333333333334,42.23696789826278,5.0,40.0,20.0,277.77777777777777,1.0,20.0,15.25,300.0,7.0,10.0,4.0,27500.0,0.2,75.0,1.8e-06,190000.0,0.32,400.0,7.850000000000001e-06,300000.0,295311.0372842045,0,4688.962715795485,500.00000000000006,149.28635716604225,65142709954890.22,850383614450397.0,-0.125,432228355243.582,436360771282.2404,1700767228900.7942,1700767228900.7937,45347941.57744697,74.05587107353398,13823883197700.75,499.9999999999998,225.94410559965,1,267269332.55516973,267269332.55516973,1.2516975402832031e-06,-29.965934991036196,34.08897263094198,0.126255454188674,65122357661803.92,0.0,0.0,25644109540.6444,0.0004164751441034,183
300.0,600.0,13.666666666666668,146.6949236301234,10.0,50.0,9.444444444444445,122.22222222222224,5.0,10.0,10.5,86.59014751456867,1.0,40.0,32.0,42500.0,0.175,120.0,2.15e-06,210000.0,0.29,400.0,7.7e-06,180000.0,177748.75930230567,0,2251.240697694293,300.0000000000004,151.05074256042502,61389082262273.16,241137974138974.62,-0.9375,412147622066.3751,406413641016.7968,803793247129.9165,803793247129.9143,34568768.57632617,52.7134321212335,8705733175692.719,300.00000000000006,247.2865678993205,1,107911816.34083416,107911816.34083416,3.5390257835388184e-08,5.001626283185033,17.522152632828195,0.0614213724328106,61383987396754.72,12276797.454047749,2e-07,20946756091.982227,0.0003701177337658,184
900.0,600.0,1.0,0.7853981633974483,7.0,10.0,3.111111111111111,7.601878519797524,1.0,10.0,,,,,8.0,20000.0,0.225,105.0,2.325e-06,200000.0,0.31,400.0,7.75e-06,540000.0,539986.9003246651,0,13.099675334611298,299.9999999999998,449.9847246833802,729454190884793.0,324036862632036.25,1.25,1620954289543.9866,1621064340346.3396,1080122875440.12,1080122875440.1216,274080946.98569834,14.854160248705288,1173419585247.3125,299.9999999999998,885.1458399074885,1,2734463.6425999263,2734463.6425999263,-3.294403294621024e-09,22.463292155561703,0.1170241172224298,0.0001317179909031,729454189897234.8,401199804.4428201,5.5e-07,82931903814.44962,0.0001137659059067,185
100.0,500.0,17.88888888888889,211.11111111111111,6.0,40.0,5.222222222222222,21.41906843141929,5.0,50.0,20.0,100.0,10.0,50.0,28.0,50000.0,0.175,90.0,1.975e-06,195000.0,0.29,600.0,7.9e-06,49999.999984489,48663.11826342244,0,1336.8817210665725,250.00000000000009,50.081989214050985,2086061828360.2217,55309345292434.88,0.05859375,41789762763.29122,41652934739.560165,221237381169.7396,221237381169.7394,2608019.2711457782,23.15418206278503,279288370388.9756,250.00000000000023,76.8458071151765,1,29777553.366259556,29777553.366259556,-3.3527612686157227e-08,-33.21797395355679,24.36246482450404,0.4838338512072681,,,,,,186
700.0,300.0,20.0,300.0,3.0,30.0,3.111111111111111,7.601878519797524,1.0,30.0,20.0,150.0,5.0,30.0,16.0,35000.0,0.175,60.0,1.8e-06,205000.0,0.28,500.0,7.7e-06,210000.0,207592.3981488089,0,2407.601851191208,150.00000000000006,355.9208751002922,320293594618850.9,59451396994147.625,0.1875,930871917069.1046,899901121361.8695,396342646627.651,396342646627.6507,65722838.77533756,111.06836710659135,30987282533555.0,150.00000000000003,588.931632903734,1,249290804.4786584,249290804.4786584,-1.1734664440155029e-07,-7.286224509138265,51.79166362537736,0.0774808797574012,320285518092995.6,304271242.57885087,9.5e-07,46834050373.71261,0.0001574779264503,187
900.0,400.0,3.111111111111111,7.601878519797524,5.0,40.0,20.0,211.11111111111111,2.0,40.0,,,,,28.0,50000.0,0.175,75.0,1.8e-06,210000.0,0.28,400.0,7.7e-06,360000.0,359539.7683698339,0,460.23163016611846,200.00000000000009,448.6423171769091,1226791270734411.5,241597475609830.4,-1.5,2718002412324.62,2734452867607.364,1207987378049.1523,1207987378049.1514,156294972.82074612,82.35103003786233,55984742868483.5,200.0000000000001,817.6490516099867,1,143483080.24658158,143483080.24658158,-1.1175870895385742e-08,0.0078735517017776,8.597077623583699,0.010114208968922,1226789776578746.8,552055399.3254755,4.5e-07,148485761520.30072,0.0001225226955342,188
300.0,500.0,11.555555555555555,104.87489549761482,8.0,50.0,13.666666666666668,122.22222222222224,6.0,50.0,15.25,150.0,10.0,40.0,16.0,35000.0,0.225,120.0,2.15e-06,210000.0,0.3,550.0,7.9e-06,150000.0,145427.6675195475,0,4572.332480452627,250.00000000000028,150.35616570905523,43057484245263.42,135981859105652.44,-0.28125,287733099390.8441,286369927313.6644,543927436422.6104,543927436422.60913,29577667.864952512,83.99736296758009,11693525950445.89,249.99999999999997,216.0029022270529,1,299819444.33314395,299819444.33314395,-1.1175870895385742e-08,-14.40094663725904,48.22893585350565,0.1983369535070896,43046995947266.57,27980547.349561792,6.5e-07,20641422691.96449,0.0005303050104411,189
200.0,200.0,17.88888888888889,100.0,4.0,40.0,5.222222222222222,21.41906843141929,2.0,40.0,10.5,100.0,7.0,20.0,20.0,35000.0,0.2,75.0,2.15e-06,210000.0,0.28,400.0,7.8e-06,40000.0,38157.16183238418,0,1842.8381676158217,100.0000000000002,101.37464978716824,5055623066304.141,6279382629150.838,-0.056640625,51260888355.72392,49870683419.55514,62793826291.50851,62793826291.508255,4072131.995997323,60.24651509472628,1364661135554.6855,99.99999999999996,139.7534889321933,1,45578097.42157196,45578097.42157196,-2.7939677238464355e-08,5.571379920682375,48.85263296811083,0.3103944203765121,5052599680628.141,59368046.52323303,1.175e-05,4040845752.770528,0.0008758402569583,190
400.0,300.0,15.77777777777778,188.88888888888889,2.0,40.0,3.111111111111111,7.601878519797524,6.0,10.0,15.25,100.0,1.0,20.0,16.0,50000.0,0.15,75.0,2.15e-06,195000.0,0.32,450.0,7.850000000000001e-06,120000.0,119376.61095078292,0,623.3890492170732,150.00000000000014,201.07697056045063,81505860409129.03,46303068622713.44,-0.375,409735668307.31287,405346570429.9816,308687124151.4232,308687124151.4226,23168668.203731302,38.06054067972565,2641233712118.4688,149.99999999999997,361.9394460008098,1,33568708.358041994,33568708.358041994,1.862645149230957e-08,1.342972316982923,17.46734396581584,0.0449674186749927,81504437436407.28,20376109.33614472,2.5e-07,21157428392.324177,0.0002658118185302,191
300.0,600.0,13.666666666666668,233.3333333333333,3.0,40.0,9.444444444444445,100.0,7.0,50.0,1.0,0.7853981633974483,3.0,10.0,12.0,42500.0,0.175,105.0,1.8e-06,200000.0,0.32,550.0,7.75e-06,180000.0,178595.28762378005,0,1404.7123762200108,299.9999999999997,150.1108690757502,59553320862987.25,239446392252920.25,0.5625,397315805994.5254,396728905972.39136,798154640843.0668,798154640843.0682,31565560.402061086,46.80921880606435,6400629873330.906,299.99999999999994,253.1907881913078,1,106936376.9018961,106936376.9018961,-2.578599378466606e-08,14.042156992595892,17.181183041781967,0.0700478583889239,59549607180104.59,32752283.95298457,5.5e-07,27590310154.09201,0.0004845077365209,192
800.0,900.0,11.555555555555555,104.87489549761482,7.0,30.0,11.555555555555555,104.87489549761482,2.0,30.0,1.0,0.7853981633974483,3.0,30.0,32.0,35000.0,0.225,105.0,1.975e-06,195000.0,0.29,550.0,7.9e-06,720000.0,719051.4135854476,0,948.5864145524284,450.00000000000057,401.20536785921024,1364015061180988.5,1715849398643241.0,-15.0,3420344586532.5464,3399792650978.799,3812998663651.6514,3812998663651.642,328467931.7139096,42.90533631178539,22254923167871.125,449.9999999999999,757.0946637590148,1,101859904.0520469,101859904.0520469,-2.3806933313608173e-08,26.68262216376468,7.735094586009402,0.0101215253388033,1364013525361624.5,272802704.9806498,2e-07,183997923836.0328,0.0001372102303689,193
100.0,100.0,3.111111111111111,7.601878519797524,6.0,40.0,11.555555555555555,122.22222222222224,3.0,10.0,15.25,100.0,7.0,40.0,28.0,35000.0,0.25,105.0,2.325e-06,190000.0,0.3,400.0,7.7e-06,10185.20628596227,9177.98330238802,0,1007.222983574251,49.99999999942517,45.179485518866,350633675848.0575,294147916763.35645,-6481665.441894531,6396030375.977683,7760904574.746435,5882958335.199495,5882958335.334763,749812.8667235235,46.01046814111904,224517703771.3848,49.99999999915611,53.98958795386301,1,15814328.409047242,15814328.409047242,0.0006202874610607,-3.7693412353000895,39.60804801231438,0.4541802299763748,349701951918.00616,104910.59028843144,3e-07,371010989.9882286,0.0013114924128929,194
800.0,1000.0,1.0,0.7853981633974483,7.0,50.0,5.222222222222222,21.41906843141929,4.0,40.0,,,,,24.0,50000.0,0.25,90.0,2.5e-06,205000.0,0.31,600.0,7.850000000000001e-06,800000.0,799908.8259364121,0,91.17406358768434,499.9999999999989,399.8888334753741,2135133142230780.8,3334953324237256.0,34.0,5336349796924.172,5339316738791.273,6669906648474.498,6669906648474.526,334311160.4641261,22.745778249272306,9676134604781.377,500.00000000000034,777.2542010608483,1,39092856.30710813,39092856.30710813,-1.5832483768463135e-08,32.182147388524754,0.852061248384876,0.0011249983475239,2135133112268010.8,0.0,0.0,298376560495.9839,0.000139892945198,195
400.0,400.0,1.0,0.7853981633974483,7.0,40.0,3.111111111111111,7.601878519797524,1.0,40.0,,,,,24.0,42500.0,0.225,75.0,1.8e-06,205000.0,0.32,600.0,7.9e-06,160000.0,159986.9003310258,0,13.099668974148024,199.9999999999998,199.9921742963923,90720407038538.94,90676768841777.69,0.5,453584287111.7345,453619784662.6215,453383844208.888,453383844208.8889,30503356.4396303,8.274795849138973,195469414097.09372,200.00000000000009,391.72517313747113,1,1769361.006589435,1769361.006589435,-1.0575777661178662e-10,10.70581551068608,0.3675507863073546,0.0010254051693311,90720406025654.6,49896223.31390086,5.5e-07,28419254704.369545,0.0003134824849853,196
500.0,800.0,11.555555555555555,104.87489549761482,8.0,40.0,5.222222222222222,21.41906843141929,7.0,10.0,,,,,4.0,42500.0,0.175,60.0,2.15e-06,210000.0,0.32,500.0,7.850000000000001e-06,400000.0,399011.06735949696,0,988.9326405028066,400.0000000000002,251.324627092232,361414144888113.25,915899938232399.0,0.25,1453357204865.4744,1438037127795.9968,2289749845580.999,2289749845580.996,86490963.27388273,31.501132507966577,6935563538353.531,400.0,468.4988421110124,1,52570211.7786008,52570211.7786008,1.3457611203193665e-07,17.34048459594851,14.43265877746822,0.0296122031360853,361412621024620.8,234918203.4954677,6.5e-07,74386845626.09908,0.0002108414369794,197
1000.0,400.0,17.88888888888889,255.5555555555556,8.0,10.0,3.111111111111111,7.601878519797524,5.0,50.0,,,,,4.0,35000.0,0.225,75.0,2.325e-06,200000.0,0.32,400.0,7.850000000000001e-06,400000.0,397917.5461423576,0,2082.4538576424197,200.00000000000003,511.1174029168529,1244225672078677.0,191481773648527.72,-2.75,2545039810175.661,2434324609136.981,957408868242.6388,957408868242.6388,198771912.67090932,25.870213424493446,6574079515757.5,199.99999999999997,974.1298421104808,1,18007381.475649472,18007381.475649472,1.4569377526640892e-07,57.17115814446697,15.27420220383598,0.01610447748953,1244217350530616.5,248843470.26558697,2e-07,119442384094.29474,0.0001035351605233,198
200.0,700.0,11.555555555555555,104.87489549761482,8.0,30.0,17.88888888888889,277.77777777777777,10.0,40.0,10.5,86.59014751456867,10.0,40.0,32.0,27500.0,0.25,105.0,2.325e-06,210000.0,0.31,400.0,7.9e-06,139999.9999965736,134697.77203016903,0,5302.227966404724,350.0000000000005,97.16755035640772,15045703324670.46,210587644246542.4,-0.375,146312796950.93787,154842879845.0024,601678983561.5505,601678983561.5487,19040008.39477365,71.1994142390399,6701023986815.641,349.9999999999991,128.80059056621656,1,202638276.2294005,202638276.2294005,-2.421438694000244e-07,19.439895899366093,34.00448484538145,0.2241889536808645,15029230921912.145,224687004.30898347,1.495e-05,9862412420.334396,0.0007817410411915,199
200.0,400.0,1.0,0.7853981633974483,3.0,10.0,13.666666666666668,255.5555555555556,9.0,20.0,10.5,86.59014751456867,3.0,20.0,12.0,35000.0,0.175,120.0,1.975e-06,195000.0,0.32,450.0,7.850000000000001e-06,80000.0,77178.10293775846,0,2821.897062241558,200.00000000000009,91.93827544740004,11200318741938.062,44485928745421.09,0.0390625,103647418068.79282,121824329284.3362,222429643727.10556,222429643727.1054,12582604.546656849,78.99393409236013,6413092508034.281,200.0000000000001,121.00619148891532,1,179146509.20254442,179146509.20254442,4.0046870708465576e-08,-19.760017868404248,35.98335166553167,0.2077960634071339,11190499978407.748,2238099.9170433558,2e-07,5122620071.092978,0.0005681808741946,200
100.0,300.0,1.0,0.7853981633974483,10.0,20.0,7.333333333333334,42.23696789826278,4.0,10.0,20.0,100.0,3.0,40.0,28.0,42500.0,0.175,105.0,1.8e-06,190000.0,0.29,450.0,7.9e-06,30000.0,29223.198113270417,0,776.801886729568,150.00000000000014,49.15541264756979,1113216778180.109,10610481998147.549,-0.009765625,21894499221.005096,22646880948.015915,70736546654.31705,70736546654.31691,1801889.092832148,27.527807476834624,297725701480.0835,149.9999999999997,72.47218637333602,1,18626687.26596689,18626687.26596689,2.5145709514617923e-08,11.60757894107519,15.455359871504172,0.1790196124788178,1112201621385.6978,222440.32075628283,2e-07,1440728703.9840145,0.001369485028415,201
400.0,600.0,3.111111111111111,7.601878519797524,7.0,30.0,17.88888888888889,255.5555555555556,10.0,30.0,,,,,4.0,35000.0,0.175,75.0,2.325e-06,205000.0,0.28,500.0,7.850000000000001e-06,240000.0,237391.23126078967,0,2608.768739210311,299.99999999999983,192.26030679918807,123004685644346.0,264360755432474.4,0.5625,592109691456.2366,639782010609.303,881202518108.2474,881202518108.2484,52240647.555354506,111.31812658427248,42398490973315.16,300.0000000000001,288.68187347068067,1,438744801.0260095,438744801.0260095,1.2293457984924316e-07,17.0227726601006,39.67296369963906,0.1098804964415667,122994024312416.8,264437153.67483768,2.15e-06,32977677904.287483,0.0002989498578681,202
300.0,500.0,3.111111111111111,7.601878519797524,4.0,20.0,13.666666666666668,122.22222222222224,2.0,50.0,,,,,16.0,20000.0,0.25,60.0,2.5e-06,190000.0,0.32,400.0,7.850000000000001e-06,150000.0,149725.14804874273,0,274.85195125728416,250.00000000000037,148.94718836152728,22943016249808.902,64200856021324.75,-0.21875,151887382968.54968,154034570925.37527,256803424085.29932,256803424085.29865,19686919.82182806,42.87685136414339,2128723340140.9104,250.0,257.12312542789465,1,23788858.2567632,23788858.2567632,0.0,10.772897085967998,5.134707505795869,0.0211160007125787,22942560997830.566,4588512.202773742,2e-07,8752451427.299652,0.0003894328466511,203
600.0,600.0,9.444444444444445,100.0,3.0,30.0,15.77777777777778,233.3333333333333,7.0,20.0,,,,,28.0,27500.0,0.175,105.0,2.15e-06,200000.0,0.29,450.0,7.9e-06,360000.0,358066.6666583227,0,1933.3333416773803,300.00000000000017,293.8496916454537,321122340306801.6,308705499185611.9,-0.25,1048904187073.0912,1092811561273.4893,1029018330618.7068,1029018330618.7056,134375835.17809063,130.02670551488828,76410751397766.38,299.99999999999994,469.97331697658166,1,417705369.9909679,417705369.9909679,5.587935447692872e-08,22.651201176136965,19.347534363953343,0.0338177916537032,321115796640817.7,64223159.3911027,2e-07,53954351051.36501,0.0001832860378586,204
100.0,700.0,3.111111111111111,7.601878519797524,3.0,50.0,5.222222222222222,21.41906843141929,10.0,30.0,20.0,150.0,1.0,40.0,24.0,50000.0,0.225,90.0,2.15e-06,210000.0,0.32,500.0,7.9e-06,70000.0,69463.00368075074,0,536.9963192493146,350.00000000000034,49.70543988867418,2931667130819.8945,148787978999786.56,-0.109375,58289944764.02057,58980810498.52856,425108511427.9621,425108511427.9612,3692971.2484788056,17.0708734942701,291716226806.4658,350.0000000000001,82.92914432705211,1,16013351.31522599,16013351.31522599,-9.685754776000977e-08,22.62105734305805,5.971355646402113,0.0886103888733935,,,,,,205
1000.0,300.0,20.0,300.0,3.0,30.0,11.555555555555555,104.87489549761482,8.0,20.0,15.25,250.0,3.0,50.0,16.0,50000.0,0.175,120.0,2.15e-06,195000.0,0.29,450.0,7.850000000000001e-06,300000.0,296761.0008451433,0,3238.9991548567496,150.00000000000014,500.0511896246005,1312901269632754.0,115531985897877.31,-1.25,2626071394483.224,2625533739092.548,770213239319.1829,770213239319.1814,189824455.17972708,168.86983283163983,176469750856929.25,150.00000000000009,831.1301819683896,1,690808688.9674983,690808688.9674983,-5.0291419029235846e-08,-3.6638106121390592,41.30299742578361,0.0423958687086148,1312889895390816.8,0.0,0.0,129991705795.25804,0.0001054463121187,206
400.0,800.0,17.88888888888889,144.44444444444446,2.0,20.0,5.222222222222222,21.41906843141929,5.0,20.0,20.0,100.0,5.0,30.0,28.0,27500.0,0.15,120.0,1.975e-06,205000.0,0.31,500.0,7.850000000000001e-06,320000.0,318604.015722472,0,1395.9842775279194,399.99999999999983,200.53462848088432,120630387882415.44,500306891508125.75,1.125,604768571926.5555,601543926833.1372,1250767228770.3137,1250767228770.315,79075002.73361915,56.88281417133441,9416821555518.22,400.0,343.11722574274046,1,122815108.02723986,122815108.02723986,2.048909664154053e-07,34.19448403889692,10.186762642913536,0.0269927465891335,120628038440260.5,30157009.593134888,2.5e-07,33009151379.4315,0.0002819671438055,207
1000.0,100.0,1.0,0.7853981633974483,1.0,10.0,5.222222222222222,21.41906843141929,6.0,40.0,1.0,0.7853981633974483,5.0,20.0,32.0,35000.0,0.2,60.0,2.325e-06,210000.0,0.29,500.0,7.9e-06,100000.0,99862.8462007946,0,137.15379920540707,49.99999999999997,497.1063182101472,296443963573225.9,2925774302429.504,0.328125,589476412823.7799,596339158674.517,58515486048.59004,58515486048.59011,43552676.45591179,115.4277917337096,21233703499958.625,49.999999999999964,884.5722096447033,1,62936456.81123381,62936456.81123381,1.1168594937771559e-09,-1.0923601129953229,15.890296447810677,0.0165975358934432,296443917561372.6,74110979.35465242,2.5e-07,29749021034.72864,0.0001022298879077,208
700.0,300.0,1.0,0.7853981633974483,7.0,50.0,13.666666666666668,233.3333333333333,4.0,20.0,,,,,28.0,27500.0,0.225,75.0,2.15e-06,190000.0,0.31,550.0,7.850000000000001e-06,210000.0,209061.16887559203,0,938.8311244078444,149.9999999999999,341.7763733244195,251334149694409.6,44597462527520.45,0.625,701612431393.3832,735376021606.5002,297316416850.1361,297316416850.1366,76422517.92541963,149.91079180673853,57830105905411.375,149.99999999999986,550.089378745813,1,338299092.40520394,338299092.40520394,2.7939677238464355e-08,6.521012080382207,32.07585605624399,0.0476492043470471,251330857377611.75,113098885.55182232,4.5e-07,36137769728.578606,0.0001543084554859,209
200.0,400.0,3.111111111111111,7.601878519797524,8.0,50.0,11.555555555555555,104.87489549761482,6.0,10.0,5.75,25.967226777328133,5.0,30.0,12.0,42500.0,0.175,105.0,1.975e-06,200000.0,0.3,500.0,7.75e-06,80000.0,79050.26337022363,0,949.7366297763696,199.9999999999999,97.57306719423973,12091903526147.152,47840356100836.97,-0.1484375,118053945333.67429,123926651829.80952,239201780504.18472,239201780504.18497,9860169.387383312,49.21272325309506,3266292678145.1367,199.99999999999991,150.78727695456712,1,71488786.36055656,71488786.36055656,-3.4458935260772705e-08,15.150755815466256,15.840663611396858,0.0859867144459138,12090738634123.646,6649906.192773139,5.5e-07,6592916360.352615,0.0005899292125539,210
1000.0,1000.0,13.666666666666668,277.77777777777777,5.0,40.0,1.0,0.7853981633974483,10.0,10.0,,,,,28.0,20000.0,0.175,75.0,2.325e-06,190000.0,0.3,400.0,7.75e-06,1000000.0,998603.2571019948,0,1396.742898005327,500.00000000000034,505.2548190601565,1714920774175537.0,1691046117191899.0,-14.0,3466270800086.996,3394170049412.9395,3382092234383.8003,3382092234383.796,485007185.4467218,26.22279391101288,1622812139668.125,499.9999999999999,973.7772065771948,1,26535955.796538964,26535955.796538964,4.190951585769653e-08,7.198497866478306,10.436536799030987,0.0105472832734017,1714914939793450.5,771711723.2792583,4.5e-07,170031415570.66898,0.0001022193530222,211
700.0,100.0,15.77777777777778,166.66666666666666,10.0,10.0,13.666666666666668,277.77777777777777,7.0,50.0,5.75,25.967226777328133,1.0,50.0,32.0,42500.0,0.15,90.0,2.5e-06,190000.0,0.28,500.0,7.850000000000001e-06,70000.00174147963,69018.08974550033,0,981.9119959792608,50.00000000002524,348.86111168743406,134690422636887.69,2488546452522.461,23.2265625,383581617189.0171,386086090207.62695,49770929050.47434,49770929050.424095,28440054.206721865,145.3596226882854,30787194012114.312,50.00000000010008,554.6403775953096,1,175726982.73268884,175726982.73268884,-0.0017269832897,-5.151635980728315,33.622202170508274,0.0522760334431415,134688561823396.2,33672140.44341308,2.5e-07,17873494849.68795,0.0001506660846055,212
300.0,300.0,1.0,0.7853981633974483,5.0,20.0,20.0,211.11111111111111,10.0,10.0,,,,,20.0,20000.0,0.15,60.0,2.325e-06,190000.0,0.28,400.0,7.9e-06,90000.0,87884.96189174359,0,2115.038108256374,150.00000000000028,128.43580228430164,18578221747892.4,15982643507426.305,-0.15625,108287288346.01408,144649867229.1407,106550956716.17557,106550956716.17516,18487475.384716004,137.79449690604625,13360052012853.254,149.99999999999986,162.20555777679397,1,211798106.434226,211798106.434226,2.0489096641540527e-08,6.818779603694566,65.62099059507506,0.2343606806966966,18571483625231.26,4642870.743315941,2.5e-07,4954134915.495011,0.0003792118142128,213
1000.0,500.0,9.444444444444445,70.05557692032795,10.0,20.0,7.333333333333334,42.23696789826278,9.0,30.0,5.75,25.967226777328133,10.0,20.0,24.0,27500.0,0.2,60.0,2.325e-06,190000.0,0.29,400.0,7.7e-06,500000.0,498399.9669841788,0,1600.033015821126,249.99999999999997,501.8327657343972,1190039279425842.5,294485092635131.6,-5.0,2388834908382.1143,2371386168227.384,1177940370540.526,1177940370540.5269,220424139.28731063,113.83874357921928,80497075498209.0,249.9999999999997,886.16125375598,1,247825366.26032063,247825366.26032063,-2.100132405757904e-07,-22.851338375516207,20.56776003759493,0.0212843325682805,1190038090978895.2,238007618.11874792,2e-07,119946685365.49368,0.0001051511705956,214
1000.0,700.0,15.77777777777778,300.0,9.0,50.0,1.0,0.7853981633974483,9.0,40.0,,,,,32.0,42500.0,0.225,90.0,2.325e-06,195000.0,0.28,500.0,7.75e-06,700000.0,697292.9314315111,0,2707.068568489166,350.0000000000002,506.0187966204471,2558792995688980.0,1229483760148336.0,-5.0,5179940002135.909,5056715309349.014,3512810743280.9624,3512810743280.957,372490128.8945874,31.781218218521182,1876081026211.75,350.0000000000001,968.2187818713152,1,63422258.488090746,63422258.488090746,-9.968061931431293e-08,23.100179414656797,30.10036404965442,0.0313708848876023,2558780424525885.0,511756085.0867211,2e-07,268664489050.2108,0.0001091204802257,215
400.0,1000.0,17.88888888888889,166.66666666666666,7.0,30.0,20.0,122.22222222222224,10.0,30.0,,,,,8.0,27500.0,0.2,120.0,1.8e-06,210000.0,0.29,600.0,7.850000000000001e-06,400000.0,397611.1110986373,0,2388.8889013628286,499.99999999999983,199.87779967095773,157904532251682.56,956016330585079.6,0.5,789040556180.4481,790005355830.551,1912032661170.1584,1912032661170.16,103848900.94518918,70.18609513443505,24940417481581.598,499.9999999999996,329.813906984168,1,280592734.227792,280592734.227792,3.501772880554199e-07,27.87806230400747,16.734394972573067,0.0464844304793696,157898786477489.88,31579757.29130549,2e-07,45239931168.01412,0.0003104700753433,216
300.0,400.0,15.77777777777778,100.0,6.0,40.0,17.88888888888889,188.88888888888889,5.0,10.0,,,,,28.0,35000.0,0.175,120.0,2.325e-06,200000.0,0.29,500.0,7.75e-06,120000.0,118455.55554411314,0,1544.4444558868818,199.9999999999997,147.684801429684,35188017430601.72,59626291257871.06,0.359375,231021052139.83124,238264310815.73083,298131456289.3548,298131456289.35583,24609087.677214462,72.62546488158543,10057737574882.984,200.0,227.37453512432373,1,139343481.1313345,139343481.1313345,0.0,11.150680558683234,22.539431930255358,0.0801956463356723,35184223152185.168,19351322.78011405,5.5e-07,11772285544.651016,0.0003803032743314,217
200.0,600.0,11.555555555555555,188.88888888888889,1.0,10.0,17.88888888888889,277.77777777777777,5.0,40.0,1.0,0.7853981633974483,10.0,40.0,28.0,20000.0,0.25,60.0,2.15e-06,210000.0,0.29,500.0,7.7e-06,120000.0,118406.5142629676,0,1593.4857370324526,299.99999999999955,96.15176715845634,8913337377807.73,80523662769233.31,0.203125,85830419391.03677,92700713062.49332,268412209230.7773,268412209230.7781,11847934.489795435,63.223870653071344,3354102893438.199,300.0000000000001,136.77612643550012,1,97301185.06251995,97301185.06251995,3.9975930121727294e-08,13.616551913534067,25.841751074688567,0.1710744830870284,8906293785235.285,4007832.146151143,4.5e-07,4735474841.533719,0.0005939294361046,218
600.0,700.0,5.222222222222222,21.41906843141929,10.0,10.0,13.666666666666668,255.5555555555556,1.0,40.0,,,,,12.0,27500.0,0.225,120.0,1.975e-06,205000.0,0.3,450.0,7.8e-06,420000.0,419530.253742364,0,469.74625763595486,349.99999999999966,299.9520580595527,352548373572057.9,473389137947448.8,1.75,1174973476878.674,1175349073624.5012,1352540394135.567,1352540394135.569,154503648.1360655,50.82608656105576,14119281399431.123,349.9999999999999,549.1739140335793,1,64506742.44734363,64506742.44734363,-1.5455498830417822e-08,29.25007981703675,3.52608070131378,0.0063743549877706,352547233319666.4,475938764.9885214,1.35e-06,60177575838.92741,0.0001739792011494,219
500.0,800.0,1.0,0.7853981633974483,7.0,30.0,11.555555555555555,144.44444444444446,8.0,10.0,,,,,20.0,35000.0,0.25,75.0,2.5e-06,195000.0,0.31,450.0,7.8e-06,400000.0,398838.94664740015,0,1161.053352599858,399.99999999999983,246.9608975187536,301723165336466.1,758419828830674.0,0.5,1192397389880.9883,1221744690628.8232,1896049572076.684,1896049572076.6855,99760125.67934167,80.58238673254868,41601048397621.625,399.9999999999998,419.4175485297981,1,249039695.8709252,249039695.8709252,1.862645149230957e-08,21.42045006465196,12.20019739454004,0.0251954512451686,301720574738974.0,90516172.50791638,3e-07,61776388269.64632,0.000213016348957,220
200.0,500.0,20.0,255.5555555555556,4.0,20.0,3.111111111111111,7.601878519797524,4.0,30.0,,,,,4.0,50000.0,0.225,90.0,1.8e-06,195000.0,0.31,550.0,7.75e-06,100000.0,98947.37030078829,0,1052.6296992116802,250.00000000000009,101.95507440503228,17396883432128.549,108272050088795.88,0.015625,177437876836.14157,170632835429.22778,433088200355.18365,433088200355.18335,10683850.390666883,16.8037905264393,214656936913.34372,250.0,183.1962094883869,1,14207189.19652124,14207189.19652124,3.2130628824234015e-08,50.497427238145065,16.258227775291534,0.0965198219486435,17392826210818.63,6087489.128454514,3.5e-07,11668360405.552086,0.0007087517349684,221
300.0,1000.0,7.333333333333334,42.23696789826278,9.0,10.0,1.0,0.7853981633974483,4.0,30.0,,,,,24.0,20000.0,0.225,105.0,1.975e-06,210000.0,0.29,400.0,7.850000000000001e-06,300000.0,299616.7256922944,0,383.2743077056445,500.00000000000017,151.60969221237508,46335465402608.78,507191138620777.75,0.1875,312253988103.61487,305623372268.98395,1014382277241.5558,1014382277241.5552,51673176.201352544,7.936956780925437,51358248272.24609,500.0,292.0630433490357,1,2282616.342940128,2282616.342940128,7.421476766467094e-09,36.77112774423239,2.0460688974010064,0.0075920923836772,46335196953279.75,11583799.252983034,2.5e-07,16459919797.392334,0.0003664711641286,222
300.0,600.0,5.222222222222222,21.41906843141929,9.0,50.0,20.0,255.5555555555556,2.0,30.0,,,,,32.0,20000.0,0.25,120.0,2.325e-06,190000.0,0.3,550.0,7.850000000000001e-06,180000.0,179296.11725377775,0,703.8827462222433,299.9999999999991,148.28849156419074,28353103947124.58,114711194125867.62,1.0,186888287114.4945,191202322230.4555,382370647086.2242,382370647086.22656,34559522.22788735,57.09299631390672,4745278831554.375,300.0000000000001,242.9070196144985,1,77372907.98964746,77372907.98964746,-1.564621925354004e-07,25.82559376646532,7.533470935568955,0.0289748882137267,28351066684835.52,7087766.648927085,2.5e-07,12229769694.491123,0.0004541270507368,223
1000.0,300.0,3.111111111111111,7.601878519797524,2.0,20.0,15.77777777777778,277.77777777777777,1.0,20.0,1.0,0.7853981633974483,7.0,50.0,32.0,35000.0,0.2,60.0,1.8e-06,205000.0,0.29,550.0,7.75e-06,300000.0,299696.02290374425,0,303.977096255656,149.9999999999998,498.0049037061127,886181580914233.0,78794600064031.94,1.875,1765319198248.5583,1779463564152.3618,525297333760.2122,525297333760.2136,129960274.6981627,98.05154386436035,47305934752152.125,150.00000000000003,901.9484939442508,1,150709841.1432231,150709841.1432231,1.1910742614418268e-08,-7.110918881548287,12.85394654232209,0.0132227133257208,886180320349914.6,1019107368.139257,1.15e-06,91331635367.13689,0.0001045668898283,224
200.0,1000.0,15.77777777777778,100.0,5.0,30.0,7.333333333333334,42.23696789826278,4.0,20.0,5.75,25.967226777328133,3.0,20.0,16.0,35000.0,0.15,105.0,1.8e-06,195000.0,0.31,600.0,7.8e-06,200000.0,199175.24878646687,0,824.7512135330827,499.99999999999983,100.38253195007556,23820368347579.547,601331998383185.8,0.0,239118387707.2813,237295950648.3301,1202663996766.371,1202663996766.3718,22926136.41926159,22.79353230867232,1178243862693.457,500.00000000000006,177.20666750082088,1,37803696.962068886,37803696.962068886,1.9650906324386602e-07,35.61040015022081,6.603159152612826,0.0374470273303865,23819418982440.36,13100680.422608918,5.5e-07,15252402389.237925,0.0006554422090847,225
800.0,600.0,15.77777777777778,144.44444444444446,2.0,50.0,11.555555555555555,104.87489549761482,1.0,40.0,20.0,100.0,3.0,10.0,32.0,20000.0,0.175,60.0,2.5e-06,195000.0,0.32,600.0,7.850000000000001e-06,480000.0,479006.2362160252,0,993.7637839748392,299.9999999999999,401.0393697935011,522336061115448.8,300257118642439.25,1.75,1309242119567.266,1302455819697.713,1000857062141.4636,1000857062141.4646,166464860.06238568,90.26688913524652,26043398330934.0,300.0,709.7331054977734,1,197521100.386118,197521100.386118,-3.8370490074157725e-07,11.961399096217065,23.20471533865665,0.0307664169220345,522334311961612.5,130583577.9548476,2.5e-07,72240682190.8774,0.0001411798149291,226
200.0,1000.0,13.666666666666668,188.88888888888889,1.0,40.0,1.0,0.7853981633974483,4.0,30.0,,,,,28.0,20000.0,0.25,120.0,1.8e-06,200000.0,0.32,450.0,7.850000000000001e-06,200000.0,199807.9695149703,0,192.0304850296711,500.0,100.43830380460594,13431908404746.938,333403094606054.1,0.0,134910401469.9212,133732927538.05916,666806189212.1083,666806189212.1083,24172018.56095361,11.909396853900825,73509925502.35742,500.0,188.09050021826164,1,4185915.252590709,4185915.252590709,1.2165401130914688e-08,42.90829664883648,1.0093748242271958,0.0059550137122548,13431340498645.877,4029402.153130494,3e-07,9591772135.57913,0.0007196326136491,227
1000.0,1000.0,5.222222222222222,21.41906843141929,8.0,40.0,5.222222222222222,21.41906843141929,6.0,40.0,5.75,25.967226777328133,1.0,10.0,12.0,20000.0,0.25,105.0,2.325e-06,205000.0,0.32,550.0,7.8e-06,1000000.0,999648.1985794072,0,351.8014205933606,500.0000000000002,500.1806537330689,1678271833062037.0,1674809534232194.0,-1.0,3357756848743.0,3355331359852.393,3349619068464.3896,3349619068464.3867,567301601.5901477,53.14707480581588,24671766114379.875,500.00000000000006,946.852923443116,1,85765245.16901235,85765245.16901235,-2.803280949592591e-07,37.52490365538324,2.582206126599461,0.0026971340029824,1678271706319413.2,0.0,0.0,182128382095.4137,0.0001093140607828,228
200.0,1000.0,13.666666666666668,277.77777777777777,6.0,10.0,20.0,144.44444444444446,10.0,30.0,15.25,300.0,10.0,50.0,20.0,42500.0,0.15,90.0,2.5e-06,205000.0,0.3,450.0,7.7e-06,200000.000000038,192237.76907398316,0,7762.2309260548,499.99999999999983,101.68104531189182,32173151975818.957,899600765131380.0,0.0,327232445441.2689,316412482553.9754,1799201530262.7593,1799201530262.7605,23307724.323036823,52.3451798840436,8448926422979.562,500.00000000000006,147.65492979226104,1,244378649.96094415,244378649.96094415,-3.371387720108032e-07,49.43678130810986,32.1368672433856,0.1997351742652561,32144318665334.816,0.0,0.0,16184814322.65615,0.0005861474599325,229
800.0,200.0,13.666666666666668,255.5555555555556,9.0,40.0,7.333333333333334,42.23696789826278,6.0,50.0,10.5,86.59014751456867,7.0,30.0,20.0,20000.0,0.15,105.0,2.15e-06,195000.0,0.29,400.0,7.7e-06,160000.0000020278,156339.84846756505,0,3660.1515344630056,99.9999999969436,431.5041705994679,226572568740992.88,12302482808968.656,-3747.15625,614857891633.6189,525076196659.2966,123024828085.92642,123024828093.44672,88777093.93649468,152.5125831781087,47763592160547.94,99.99999999080396,647.4874529543645,1,258441692.38688165,258441692.38688165,0.003848569933325,-19.883224275996326,44.40882463178347,0.0595026680972624,226562469464886.4,56640616.94274746,2.5e-07,23440030181.11894,0.0001405452367908,230
400.0,800.0,11.555555555555555,104.87489549761482,7.0,50.0,20.0,188.88888888888889,3.0,20.0,,,,,8.0,50000.0,0.225,75.0,1.8e-06,195000.0,0.32,400.0,7.8e-06,320000.0,318699.2091027416,0,1300.7908972583673,400.0,200.08548205596568,217924077425785.88,866440271487081.5,-0.5,1090086301219.9708,1089154871140.6788,2166100678717.704,2166100678717.704,62253561.94618405,43.495380506548045,12901488728367.28,400.00000000000006,356.5045821007964,1,97436154.46694133,97436154.46694133,-2.2351741790771484e-08,18.097256652719807,12.149739080869978,0.0328371326509999,217921221734146.75,54480305.43561254,2.5e-07,62366110608.23337,0.0002941447355082,231
600.0,200.0,5.222222222222222,21.41906843141929,6.0,30.0,3.111111111111111,7.601878519797524,6.0,30.0,10.5,150.0,10.0,30.0,20.0,27500.0,0.225,75.0,2.5e-06,210000.0,0.31,400.0,7.9e-06,120000.0,116825.8743071986,0,3174.1256928013645,99.99999999999989,300.96610818268744,111997802084958.31,13369910777566.562,0.171875,374532135485.7684,372127621815.06256,133699107775.66548,133699107775.66576,38672636.87300789,172.7766820563272,33954182422091.56,100.0,427.22305896070327,1,311602654.09475243,311602654.09475243,-3.14321368932724e-08,-7.5424426078043325,93.12835025166731,0.1638301705102693,111990230256557.05,50395603.59483776,4.5e-07,18247543871.949814,0.0001863418483466,232
1000.0,900.0,7.333333333333334,42.23696789826278,3.0,40.0,9.444444444444445,100.0,6.0,30.0,,,,,32.0,42500.0,0.15,105.0,2.5e-06,195000.0,0.28,450.0,7.7e-06,900000.0,899273.2890901029,0,726.7109098971464,450.0,499.1200658094298,3211303232812692.0,2591366599765395.0,-6.0,6411323380327.08,6433929334427.535,5758592443923.1,5758592443923.101,511912749.4143274,73.65030283512361,98127022396069.5,450.0000000000008,926.3496941134036,1,262425803.08642244,262425803.08642244,-6.332993507385254e-08,33.195925280611846,4.84866442506071,0.0050230768136181,3211302219045374.0,1123955776.5139835,3.5e-07,341832342835.7278,0.0001074178383131,233
200.0,200.0,15.77777777777778,144.44444444444446,7.0,30.0,9.444444444444445,122.22222222222224,6.0,10.0,,,,,12.0,42500.0,0.25,120.0,2.325e-06,190000.0,0.29,600.0,7.8e-06,40000.0,38255.55556824865,0,1744.4444317513571,99.99999999999996,100.01990955815272,7031398774976.07,6292231724983.32,0.01171875,70327989741.77599,70299991332.10509,62922317249.833176,62922317249.83323,5979583.079931214,58.558467751349134,2873110977344.9434,99.99999999999996,141.441614071427,1,77805189.82738395,77805189.82738395,-7.450580596923828e-09,-14.072973214861122,31.944514844010488,0.1724141730969702,7027835374058.447,1405567.0748506498,2e-07,3161033035.6242,0.0005851645371696,234
500.0,1000.0,9.444444444444445,70.05557692032795,5.0,50.0,17.88888888888889,188.88888888888889,1.0,50.0,5.75,25.967226777328133,1.0,50.0,24.0,50000.0,0.15,60.0,1.8e-06,210000.0,0.28,550.0,7.850000000000001e-06,500000.0,499408.8987801753,0,591.1012198246867,500.0000000000005,250.20672423038076,524073426626063.0,2090551393471070.0,-2.0,2098028559861.6687,2094561719866.155,4181102786942.144,4181102786942.136,107081075.09411643,28.74437933468548,7713616203024.687,500.0,471.25564961394514,1,62350796.52465065,62350796.52465065,6.332993507385254e-08,21.295536423504014,7.591671165675572,0.0172125054791635,524072397719454.7,52407239.77194547,1e-07,133121030986.41965,0.0002559798576508,235
300.0,700.0,9.444444444444445,70.05557692032795,1.0,30.0,5.222222222222222,21.41906843141929,9.0,40.0,,,,,12.0,27500.0,0.175,60.0,2.15e-06,210000.0,0.29,400.0,7.7e-06,210000.0,209737.1727995618,0,262.827200438206,350.0000000000003,149.60429329202563,43887339146444.97,237197699174655.72,-0.75,291812446692.1232,293356147612.53845,677707711927.5884,677707711927.5873,27267923.38106223,30.9537360042268,2266295093606.18,350.0000000000001,269.0462640661325,1,20658051.60920844,20658051.60920844,-4.889443516731262e-08,15.039500717044575,3.5073471689660303,0.0136266455890643,43887188107474.33,13166156.436850656,3e-07,18766622559.85028,0.0004338876886528,236
500.0,300.0,9.444444444444445,70.05557692032795,4.0,10.0,1.0,0.7853981633974483,4.0,30.0,,,,,24.0,50000.0,0.2,60.0,1.975e-06,200000.0,0.32,450.0,7.9e-06,150000.0,149716.63609363046,0,283.3639063695139,149.99999999999983,251.29745700990415,158587024271364.44,56681313749170.16,0.5625,637657429492.709,631072937061.6519,377875424994.4673,377875424994.46814,32262581.676362127,9.013246496866058,139034002219.5,150.0,490.9867567157047,1,1867296.7282720525,1867296.7282720525,4.85961209051311e-08,-1.5984879007189647,8.833558184977948,0.0188148204152884,158586711694998.5,103081362.6555726,6.5e-07,33018619666.23733,0.0002121925497077,237
300.0,200.0,1.0,0.7853981633974483,7.0,10.0,1.0,0.7853981633974483,3.0,30.0,10.5,86.59014751456867,7.0,40.0,12.0,20000.0,0.25,75.0,1.8e-06,195000.0,0.3,550.0,7.850000000000001e-06,60000.0,58779.88402703534,0,1220.115972964692,100.00000000000028,151.5609250652673,9933278293200.455,4639869280304.5625,-0.10546875,66918217440.84587,65539836794.496,46398692803.04575,46398692803.04549,9365261.997946735,82.78331570710972,2538310089374.1875,99.99999999999996,217.2168222736716,1,74849069.75267573,74849069.75267573,-6.752088665962219e-09,-7.643239307283693,48.89456482306221,0.1814269566718449,9931649293154.578,2482912.326598241,2.5e-07,3226327892.1978946,0.000358463104741,238
400.0,200.0,7.333333333333334,42.23696789826278,3.0,10.0,1.0,0.7853981633974483,9.0,20.0,1.0,0.7853981633974483,3.0,50.0,4.0,42500.0,0.15,60.0,1.975e-06,210000.0,0.3,400.0,7.9e-06,80000.0,79861.50811284164,0,138.49188715824585,100.0,201.0939843667505,46108768609950.36,11366922346166.96,0.0625,231811835671.01093,229289646605.5308,113669223461.66962,113669223461.66962,13790660.908759132,13.200533600111026,244574658191.45312,100.00000000000004,386.79926708603216,1,1977650.5110413695,1977650.5110413695,1.278749550692737e-09,4.311208701618568,6.468036767462361,0.0170435751448283,46108678981077.26,9221735.799960366,2e-07,12106778223.592876,0.0002680098244132,239
100.0,800.0,9.444444444444445,70.05557692032795,5.0,30.0,11.555555555555555,104.87489549761482,9.0,10.0,1.0,0.7853981633974483,3.0,20.0,12.0,27500.0,0.15,90.0,1.975e-06,210000.0,0.31,400.0,7.850000000000001e-06,80000.0,78701.1357034278,0,1298.8642965722463,399.9999999999997,47.97848390306893,2041994708860.295,132011783862214.2,0.0,39252887306.3882,42560634324.87243,330029459655.5352,330029459655.5357,4845187.5526130255,31.29307080167121,783832345235.459,400.0,68.70692586726337,1,34438891.98394584,34438891.98394584,-5.9371814131736755e-09,25.150123101099386,10.10992442777826,0.1200386806306922,2039930294684.3103,509982.5810608625,2.5e-07,2624862445.997149,0.0014497229367545,240
400.0,200.0,9.444444444444445,122.22222222222224,5.0,40.0,1.0,0.7853981633974483,9.0,40.0,,,,,12.0,50000.0,0.15,60.0,2.325e-06,195000.0,0.31,550.0,7.8e-06,80000.0,79381.82031625853,0,618.1796837414299,100.00000000000004,203.3244664510321,55451590129196.53,13471088515665.422,0.1875,281944526238.6452,272724631211.81375,134710885156.65424,134710885156.65416,13942605.00314767,24.143502458622077,253553018573.375,100.00000000000006,375.85649760696,1,8832025.30721166,8832025.30721166,4.729372449219227e-09,11.688689461611546,27.240568559623902,0.0757734869530567,55450430875964.67,11090086.188788813,2e-07,16631697288.476995,0.0003152897328719,241
400.0,100.0,7.333333333333334,42.23696789826278,10.0,40.0,7.333333333333334,42.23696789826278,5.0,30.0,,,,,4.0,20000.0,0.2,120.0,2.325e-06,210000.0,0.31,450.0,7.850000000000001e-06,40000.00001183567,39641.17117828279,0,358.8288335528529,49.99999999721007,197.51205033262937,12455908393518.316,672887308268.0808,-289.8955078125,61514319316.18541,63064042788.99117,13457746164.610691,13457746166.11254,11398727.604990486,100.33521277873884,3871662119572.3086,49.99999999112854,299.66459314315426,1,36056257.38301501,36056257.38301501,0.005190399591811,2.866197216219007,18.85219541697032,0.0514618619207561,12455711025470.5,6850641.049968906,5.5e-07,3172492884.9867225,0.000300285974717,242
400.0,200.0,5.222222222222222,21.41906843141929,4.0,40.0,13.666666666666668,122.22222222222224,4.0,40.0,,,,,12.0,50000.0,0.175,90.0,1.8e-06,210000.0,0.3,600.0,7.850000000000001e-06,80000.0,79425.43483581272,0,574.5651641872656,100.0,197.59929498090375,55485199051964.06,13482038549908.812,-0.046875,274135404057.6544,280796543617.8617,134820385499.08812,134820385499.08812,17581541.41131815,74.98795314776592,9365659499973.438,100.00000000000004,325.01217711720653,1,101367646.39456218,101367646.39456218,4.656612873077393e-10,-8.344581939600175,25.617246587500016,0.072535856294824,55484169933355.27,11096833.95720049,2e-07,16841729053.362623,0.0003188634643875,243
200.0,800.0,9.444444444444445,100.0,3.0,20.0,9.444444444444445,122.22222222222224,10.0,50.0,20.0,100.0,5.0,40.0,28.0,50000.0,0.15,105.0,1.8e-06,190000.0,0.29,550.0,7.8e-06,160000.0,157477.77772305417,0,2522.2222769459927,399.9999999999998,99.70240262343695,27402373092441.44,456153205139310.8,-0.4375,273210663158.3646,274841652471.8732,1140383012848.276,1140383012848.2776,18587506.616674136,40.17234322348091,3979154796268.0703,400.0000000000001,159.82765682471936,1,133517207.1864709,133517207.1864709,1.527369022369385e-07,-35.50816239209962,20.90498728072828,0.1438966619702157,27398148928816.21,6849537.223503538,2.5e-07,17603813189.29876,0.0006645318414602,244
500.0,700.0,9.444444444444445,70.05557692032795,9.0,30.0,5.222222222222222,21.41906843141929,6.0,30.0,,,,,32.0,50000.0,0.2,105.0,2.5e-06,210000.0,0.28,600.0,7.7e-06,350000.0,349240.98539331806,0,759.0146066818039,350.00000000000074,250.9787627590313,370214018616961.75,719728682538336.2,-3.25,1486676488795.6897,1475081056847.8662,2056367664395.2507,2056367664395.2424,99759547.57111026,27.1355130763662,5472416665351.344,350.0000000000001,472.8642995311399,1,47419968.02896739,47419968.02896739,-2.7474015951156616e-08,16.524301918760102,8.680913910690156,0.0185732141189207,370213234306404.3,92553308.60247198,2.5e-07,83636911480.69498,0.0002302501293246,245
900.0,800.0,9.444444444444445,70.05557692032795,8.0,10.0,17.88888888888889,233.3333333333333,3.0,50.0,10.5,150.0,5.0,40.0,8.0,27500.0,0.15,60.0,2.5e-06,210000.0,0.29,500.0,7.75e-06,720000.0,717239.555311105,0,2760.4446888950856,400.0000000000002,450.0303528851674,1385939656914473.0,1106485846055037.0,-9.0,3080073657858.9272,3079658178674.269,2766214615137.594,2766214615137.591,286259156.1124058,130.19511315093823,131702547629924.5,399.9999999999994,769.8046280936655,1,601268959.5909879,601268959.5909879,3.5762786865234375e-07,20.91290857527929,28.00578104328976,0.0332983723362101,1385932511242812.2,415779753.3740764,3e-07,153063779882.19406,0.0001148772791269,246
500.0,600.0,9.444444444444445,70.05557692032795,1.0,20.0,17.88888888888889,255.5555555555556,7.0,50.0,15.25,200.0,5.0,50.0,8.0,50000.0,0.15,60.0,1.8e-06,190000.0,0.31,550.0,7.7e-06,300000.0,296141.05544338265,0,3858.944556617058,300.00000000000034,247.3714572342604,324820029817596.0,472926274514787.25,-0.5,1285761403923.384,1313086131477.1328,1576420915049.2927,1576420915049.289,67129401.49537852,104.18772677177397,59906409805685.375,300.0000000000004,395.81227483927154,1,611982982.8511164,611982982.8511164,-2.663582563400269e-07,-15.998987297974963,74.0371541710747,0.1678635564292508,324806995177835.44,211124547.09025863,6.5e-07,68896319692.00243,0.0002227047566947,247
1000.0,500.0,5.222222222222222,21.41906843141929,4.0,30.0,17.88888888888889,100.0,1.0,40.0,10.5,86.59014751456867,10.0,40.0,4.0,35000.0,0.2,60.0,2.5e-06,210000.0,0.32,600.0,7.75e-06,500000.0,498082.5208266281,0,1917.4791733716595,250.0,500.08910781705566,1482621904527817.5,377649106854544.25,3.75,2965772356056.7,2964715450411.68,1510596427418.177,1510596427418.177,216523250.09583572,129.84337064470378,95646909729353.77,250.00000000000023,870.1566266542768,1,543211574.6097752,543211574.6097752,-2.7567148208618164e-07,9.497139943377988,50.62293264790871,0.0532281551233074,1482619200759439.0,296523840.15347725,2e-07,155749271599.63098,0.0001069720682506,248
100.0,200.0,1.0,0.7853981633974483,7.0,50.0,7.333333333333334,42.23696789826278,10.0,40.0,,,,,32.0,35000.0,0.25,75.0,2.325e-06,190000.0,0.32,550.0,7.75e-06,20000.0,19572.13254273497,0,427.8674572650479,99.99999999999974,49.458382146953646,585954808361.8464,2419123101542.6045,0.01904296875,11593511115.24675,11847431778.516796,24191231015.425983,24191231015.426105,967388.1067524396,26.354763344080823,115713258391.80836,100.0,73.64523085449079,1,10937588.60983462,10937588.60983462,-6.984919309616089e-10,5.418644223529554,21.97993064519316,0.3901762843832027,,,,,,249
200.0,1000.0,5.222222222222222,21.41906843141929,8.0,30.0,1.0,0.7853981633974483,6.0,40.0,10.5,150.0,5.0,50.0,16.0,27500.0,0.2,105.0,2.325e-06,190000.0,0.29,450.0,7.7e-06,200000.0,198323.93506002644,0,1676.0649399735366,500.0,100.48374055601658,18685925006641.53,509011436375366.5,0.3125,187767557894.99533,185959687639.4615,1018022872750.7328,1018022872750.7332,22866237.164337453,35.46935349065395,1727571075560.6057,500.0000000000003,164.53064655837596,1,64316050.70900463,64316050.70900463,-4.246830940246582e-07,36.88387190796493,10.06400676123266,0.063097221073559,18682467549150.05,339086785.5074754,1.815e-05,13574186089.016666,0.0007415799542703,250
800.0,400.0,11.555555555555555,104.87489549761482,4.0,40.0,20.0,211.11111111111111,2.0,50.0,20.0,100.0,5.0,50.0,8.0,27500.0,0.225,90.0,2.5e-06,200000.0,0.32,500.0,7.7e-06,320000.0,318158.2781913136,0,1841.7218086862288,200.00000000000003,400.2298997630554,491462656746536.8,122981270216235.38,0.0,1229363217647.4573,1227950877826.7017,614906351081.177,614906351081.1768,139792378.63447908,132.79895202229446,59157254876629.125,200.0,667.2010583703396,1,346009547.722676,346009547.722676,1.210719347000122e-07,-8.484280080258031,31.924240748648764,0.0431408658765523,491458946334029.7,147437683.9044013,3e-07,65964977559.72209,0.0001411516379794,251
900.0,200.0,3.111111111111111,7.601878519797524,1.0,50.0,13.666666666666668,100.0,6.0,40.0,,,,,8.0,27500.0,0.2,75.0,2.5e-06,205000.0,0.28,550.0,7.75e-06,180000.0,179392.39813221217,0,607.6018677877832,100.0,441.6170664346423,351295499964208.4,16641334728073.656,0.09375,766379972377.6572,795475371457.8168,166413347280.73654,166413347280.73657,82668225.57207985,174.10472904036317,66415126310012.63,99.99999999999996,725.8952696594596,1,277092255.0288189,277092255.0288189,-9.313225746154783e-10,-0.6934248612160445,31.108757657843757,0.0364626969961889,351294519794618.06,70258904.00132318,2e-07,41153707128.94807,0.0001237732125789,252
1000.0,800.0,20.0,211.11111111111111,2.0,30.0,20.0,233.3333333333333,9.0,30.0,,,,,16.0,42500.0,0.225,60.0,2.5e-06,210000.0,0.29,550.0,7.75e-06,800000.0,797477.7777114189,0,2522.22228858086,399.9999999999999,496.24452347176725,2922250696161102.0,1841501152804746.0,7.0,5800930872852.408,5888731377258.932,4603752882011.863,4603752882011.866,354178650.4920593,143.99773916272505,328257968651814.5,400.0,856.0020517636667,1,1091835274.9439044,1091835274.9439044,-5.364418029785156e-07,-22.09234485024353,34.85639791023585,0.0363087478231623,2922241016773643.0,584448203.4840009,2e-07,305665519453.70325,0.0001085265168294,253
200.0,400.0,5.222222222222222,21.41906843141929,2.0,30.0,15.77777777777778,277.77777777777777,2.0,20.0,,,,,28.0,42500.0,0.15,105.0,2.15e-06,205000.0,0.28,450.0,7.850000000000001e-06,80000.0,79401.60631129678,0,598.393688703203,200.00000000000009,98.27265923735868,11825964216077.816,48204616330653.53,-0.0859375,116251581211.3003,120338294576.0578,241023081653.26776,241023081653.26755,9574663.325353753,41.71030745882097,2350918943822.324,200.00000000000009,158.2897065963176,1,42581486.697524,42581486.697524,-3.725290298461914e-09,15.102259558509104,8.982768740671697,0.0521916840308202,11823431690160.064,3547029.519129865,3e-07,7746389496.7924385,0.0006898436776627,254
1000.0,1000.0,1.0,0.7853981633974483,9.0,30.0,17.88888888888889,166.66666666666666,7.0,50.0,1.0,0.7853981633974483,5.0,50.0,8.0,42500.0,0.15,60.0,2.5e-06,205000.0,0.31,450.0,7.75e-06,1000000.0,998818.4107848138,0,1181.589215185748,499.9999999999998,498.0544522951998,3578699471199732.0,3558414706100642.0,0.0,7129656767678.723,7185357855366.818,7116829412201.281,7116829412201.287,432164448.5846677,97.56632527602514,183643353303200.0,500.000000000001,902.433726871303,1,492940772.2431442,492940772.2431442,3.803870640695095e-08,21.247086411915237,12.41597271102932,0.0131936660219938,3578696298131729.0,715739259.7094054,2e-07,376689038297.7981,0.0001065862885065,255
600.0,700.0,13.666666666666668,144.44444444444446,2.0,40.0,5.222222222222222,21.41906843141929,3.0,30.0,,,,,28.0,27500.0,0.2,105.0,1.8e-06,200000.0,0.3,600.0,7.8e-06,420000.0,419646.8539076198,0,353.14609238018943,349.99999999999983,300.8313125444792,350479050470782.9,476950169110302.5,0.0,1171509804223.3804,1165035140479.145,1362714768886.578,1362714768886.579,143256692.7012315,28.768322196212893,3900675812512.9688,350.0,571.2316782825544,1,29620060.731843837,29620060.731843837,-7.450580596923828e-09,26.337995889107333,4.039316824622559,0.0071191327567996,350478364341291.0,105143509.32169189,3e-07,64745735627.60022,0.0001870431552471,256
400.0,800.0,9.444444444444445,70.05557692032795,6.0,20.0,3.111111111111111,7.601878519797524,1.0,30.0,,,,,24.0,42500.0,0.15,120.0,1.975e-06,210000.0,0.28,400.0,7.8e-06,320000.0,319572.0646529027,0,427.9353470972996,399.99999999999983,200.8869502419166,183522129572968.25,729960958457499.0,-1.0,921698149849.7578,913559239920.5778,1824902396143.7468,1824902396143.7483,77705605.2217344,10.393418219564625,235999109469.1016,400.00000000000006,389.6065789177794,1,5079908.147141117,5079908.147141117,7.796274047332918e-09,-34.31944692001025,2.497556821047745,0.0067786524083528,183521636636718.16,45880409.11673806,2.5e-07,51543992616.746,0.0002849625430535,257
700.0,300.0,17.88888888888889,255.5555555555556,3.0,40.0,11.555555555555555,100.0,9.0,50.0,,,,,4.0,42500.0,0.225,105.0,1.8e-06,190000.0,0.32,500.0,7.9e-06,210000.0,208333.3332986074,0,1666.666701392509,149.99999999999997,349.45330656313354,386179046984447.9,68201753640968.125,0.4375,1101647952226.3667,1105094843092.2324,454678357606.4541,454678357606.4542,87926383.72073047,114.26556341736249,54852852168488.25,150.00000000000006,585.734485665878,1,292432144.3677474,292432144.3677474,-2.7939677238464355e-09,-19.50128296548064,31.132893140011998,0.0483263260360056,386174723914582.5,115852417.1543202,3e-07,59757122404.62336,0.0001661473346298,258
200.0,800.0,9.444444444444445,70.05557692032795,10.0,30.0,15.77777777777778,188.88888888888889,2.0,10.0,20.0,300.0,7.0,50.0,20.0,35000.0,0.175,60.0,2.325e-06,200000.0,0.3,600.0,7.9e-06,160000.00000675514,154781.33004560674,0,5218.669961148358,399.99999999999983,99.48575439357988,20575919350088.83,390566767001399.4,-0.03125,204706499322.06808,206822770511.31912,976416917503.498,976416917503.4988,15104970.178071417,58.55038939358861,6301516350162.172,400.00000000000045,141.4497357055633,1,213525534.88276863,213525534.88276863,-3.096647560596466e-07,8.11801514380386,54.42834623178196,0.2988743844541265,20554514021615.86,2055451.4021615856,1e-07,11236330798.508118,0.0006083142639014,259
900.0,200.0,1.0,0.7853981633974483,2.0,40.0,13.666666666666668,255.5555555555556,1.0,40.0,,,,,28.0,35000.0,0.2,120.0,2.5e-06,200000.0,0.29,400.0,7.9e-06,180000.0,179742.87364955095,0,257.1263504490329,99.99999999999991,447.33634100258126,432103231409968.8,21001775101070.89,0.375,954579018706.763,965947077855.397,210017751010.7088,210017751010.70905,99767675.02069026,104.53540706378594,31312689600130.0,100.0,795.4645942591189,1,86967074.01860079,86967074.01860079,-4.773836470953253e-10,8.596796386715141,6.004367423929348,0.00703774263186,432102192139959.5,129630657.57441165,3e-07,51841034216.18751,0.0001222307147204,260
300.0,700.0,7.333333333333334,42.23696789826278,3.0,10.0,13.666666666666668,255.5555555555556,5.0,40.0,,,,,28.0,35000.0,0.175,60.0,2.5e-06,195000.0,0.3,400.0,7.8e-06,210000.0,208595.51131068813,0,1404.4886893118985,350.0000000000003,147.58038988824728,57637679183053.31,311053385330780.4,-1.1875,378151335912.7075,390551070008.0035,888723958087.9447,888723958087.9432,28523272.611136,61.75552042073278,11104455449513.844,349.9999999999999,238.244497173432,1,125528920.14283344,125528920.14283344,1.1175870895385742e-08,11.874842831777642,16.739921695719268,0.0661221396117001,57632529148671.24,14408132.223020272,2.5e-07,20126524923.65731,0.0003677669363855,261
500.0,200.0,20.0,255.5555555555556,4.0,40.0,5.222222222222222,21.41906843141929,10.0,50.0,1.0,0.7853981633974483,10.0,30.0,12.0,42500.0,0.175,90.0,2.5e-06,205000.0,0.29,450.0,7.75e-06,100000.0,98747.87907507284,0,1252.1209249272447,99.99999999999989,255.9179118964958,96417192489347.8,14579051623300.057,0.0,395019533135.3509,376750465705.35895,145790516233.00037,145790516233.0007,27752369.06697668,60.90257983060701,7370240690799.031,100.0000000000001,439.0972014469094,1,54697670.15482131,54697670.15482131,-1.405715011060238e-08,-17.70938523073295,33.07948411371665,0.0739389934060625,96412855562930.16,19282571.138941243,2e-07,21580850176.50154,0.0002483933658838,262
800.0,400.0,20.0,300.0,9.0,20.0,17.88888888888889,188.88888888888889,1.0,50.0,,,,,20.0,27500.0,0.25,120.0,1.8e-06,200000.0,0.31,600.0,7.7e-06,320000.0,317111.1110408674,0,2888.888959132784,199.9999999999999,417.3380295108517,534101029283914.0,122953348365848.77,0.875,1395751526082.366,1279780397463.218,614766741829.2434,614766741829.2441,168231502.16244763,52.84475786663635,18688696865978.875,199.99999999999997,747.1552406795292,1,95656827.10863262,95656827.10863262,3.9815858794003945e-08,-70.60410798310477,21.623248546875843,0.0291789844720059,534087568271573.8,160226270.8039017,3e-07,62322942201.70714,0.00013453050822,263
700.0,200.0,11.555555555555555,100.0,2.0,10.0,17.88888888888889,122.22222222222224,4.0,10.0,,,,,20.0,50000.0,0.15,90.0,1.8e-06,205000.0,0.32,500.0,7.7e-06,140000.0,139311.11107949005,0,688.8889205099308,99.99999999999996,347.92792635577337,297571720294067.4,23830800936751.28,0.71875,845201146498.11,855268283321.9479,238308009367.5128,238308009367.51288,53550996.55883121,104.8667279632291,37364473870864.19,99.99999999999994,595.1332570468177,1,164399407.6233657,164399407.6233657,-6.51925802230835e-08,-5.411099175718846,18.324176121276885,0.0269055526671173,297570419104142.2,29757041.91041422,1e-07,42375716377.68554,0.000149844769513,264
700.0,800.0,1.0,0.7853981633974483,5.0,10.0,7.333333333333334,42.23696789826278,7.0,40.0,,,,,28.0,27500.0,0.15,105.0,2.15e-06,200000.0,0.28,450.0,7.75e-06,560000.0,559700.4142304347,0,299.58576956552935,399.9999999999996,349.0037736120701,633682200063999.8,824263018534155.5,-2.75,1805381803061.4329,1815688677247.2544,2060657546335.3865,2060657546335.391,223263269.78475508,56.74762767335027,22599815140615.5,399.9999999999996,643.252371107001,1,87216874.33881512,87216874.33881512,3.725290298461914e-09,29.855655508461496,2.248982617722305,0.0034265860099044,633682001112580.4,158420500.3012351,2.5e-07,92566472540.10728,0.0001473194677814,265
600.0,1000.0,7.333333333333334,42.23696789826278,4.0,30.0,15.77777777777778,300.0,10.0,10.0,10.5,100.0,1.0,50.0,16.0,27500.0,0.25,105.0,2.15e-06,205000.0,0.31,450.0,7.7e-06,600000.0,596631.0521635544,0,3368.9478364458146,500.00000000000034,291.66467138337254,538334451549071.75,1427758455177082.5,-4.0,1745938274294.9204,1845730746187.869,2855516910354.167,2855516910354.163,226957345.0008596,141.33784751482017,146864277034919.88,499.99999999999983,458.6621626501032,1,802363439.8805407,802363439.8805407,1.1175870895385744e-07,-39.48745037512708,20.14376256284893,0.0346046694216921,538319328253682.06,0.0,0.0,86636664640.31519,0.0001766812787644,266
200.0,800.0,7.333333333333334,42.23696789826278,7.0,50.0,20.0,277.77777777777777,9.0,40.0,,,,,20.0,42500.0,0.25,90.0,1.8e-06,205000.0,0.3,500.0,7.850000000000001e-06,160000.0,157204.34108973248,0,2795.658910267686,400.00000000000017,97.50679589588476,23749480967747.85,385972725932791.75,-0.625,231717616551.65463,243567443166.80176,964931814831.9796,964931814831.979,17941778.951247096,53.84135955910213,6519242874856.031,399.9999999999999,146.15844778043245,1,178516644.25770435,178516644.25770435,1.4901161193847656e-07,26.383250154118286,27.199787318605715,0.1813319154573714,23737948331230.0,5934487.109937169,2.5e-07,22198911531.26346,0.0009892909068655,267
400.0,700.0,7.333333333333334,42.23696789826278,9.0,30.0,20.0,188.88888888888889,10.0,50.0,,,,,32.0,35000.0,0.175,105.0,2.325e-06,200000.0,0.31,450.0,7.8e-06,280000.0,277730.9784099417,0,2269.021590058083,350.0000000000013,196.73684653998785,138407203021781.94,413465343208804.8,-3.875,680926181975.2822,703514392224.6914,1181329552025.161,1181329552025.152,67969414.92254952,86.81023557423912,29743157992426.25,350.0000000000001,313.1897672326102,1,285854996.71018255,285854996.71018255,5.21540641784668e-08,-36.38009752838116,19.39881104338367,0.0570553265981872,138401268664966.08,13840126.866496608,1e-07,39039727120.25723,0.0003014945105531,268
600.0,1000.0,17.88888888888889,255.5555555555556,10.0,40.0,11.555555555555555,166.66666666666666,5.0,20.0,15.25,250.0,5.0,20.0,8.0,35000.0,0.15,75.0,1.8e-06,195000.0,0.28,600.0,7.8e-06,600000.0,594111.1109789587,0,5888.889021041004,500.0000000000001,302.80088003778746,671829241306654.2,1891229700347098.0,2.0,2260535769392.8374,2218716277253.932,3782459400694.197,3782459400694.1953,181166667.93266892,96.51660641863512,78539335878692.0,500.0000000000002,503.48339378011633,1,724603663.8171638,724603663.8171638,-1.1622905731201172e-06,-38.59173369419295,41.98677862625756,0.0731193900508043,671807252625164.0,134361450.58649018,2e-07,114052408617.15254,0.0001826180464211,269
200.0,800.0,5.222222222222222,21.41906843141929,2.0,30.0,3.111111111111111,7.601878519797524,2.0,20.0,,,,,28.0,20000.0,0.175,120.0,2.5e-06,195000.0,0.3,600.0,7.9e-06,160000.0,159941.95810166246,0,58.041898337540815,399.9999999999999,100.09235644891174,10717070477505.07,172059601587299.75,0.109375,107269775330.30138,107071817047.04076,430149003968.24927,430149003968.2495,19353064.32501104,9.326784753792184,93665691559.90527,399.9999999999999,190.6733301308988,1,2461553.576556965,2461553.576556965,2.9802322387695312e-08,34.29786147505911,0.5087266106013633,0.0028508963225418,10717054448760.926,2143410.888862751,2e-07,6797853977.81533,0.0006374137619542,270
800.0,100.0,7.333333333333334,42.23696789826278,9.0,20.0,13.666666666666668,122.22222222222224,2.0,10.0,15.25,100.0,7.0,40.0,4.0,20000.0,0.2,105.0,2.325e-06,190000.0,0.28,600.0,7.850000000000001e-06,80308.74275887903,78558.92806444223,0,1749.8146944368218,49.99999999998123,397.6726282992592,102731038750895.38,1338082047964.497,-188.1953125,255341908050.21536,258330675637.01556,26761640959.27989,26761640959.299988,43677178.290728025,242.0196001018365,38320633810262.09,49.99999999995572,557.9801190669252,1,380856649.5879632,380856649.5879632,-0.0014026441785972,-6.0815983072807285,106.1988959897703,0.1356019101805962,102728553529155.62,25682138.36686971,2.5e-07,11114853785.14916,0.0001304648334567,271
600.0,100.0,17.88888888888889,211.11111111111111,1.0,40.0,13.666666666666668,277.77777777777777,3.0,20.0,,,,,12.0,50000.0,0.25,75.0,2.5e-06,195000.0,0.32,500.0,7.8e-06,60000.0,58955.55554266396,0,1044.4444573360422,50.00000000000003,291.9647798287118,100745683757750.1,2546418506477.4795,-0.0625,327058976248.6535,345061085165.32367,50928370129.54962,50928370129.54956,19722889.930299334,159.7380747004169,34948080244634.625,50.00000000000001,440.2619253508574,1,224885226.2767793,224885226.2767793,-2.3283064365386963e-09,-3.3768024355813395,72.67199712487424,0.1267903410498324,100741400385041.6,25185350.00763145,2.5e-07,15782581640.161917,0.00018145708971,272
400.0,900.0,15.77777777777778,144.44444444444446,7.0,40.0,17.88888888888889,122.22222222222224,6.0,10.0,,,,,16.0,20000.0,0.175,60.0,2.325e-06,210000.0,0.29,450.0,7.9e-06,360000.0,358255.5555466316,0,1744.4444533684173,450.0000000000001,200.5304644778588,105013972484178.31,511891087013168.0,-0.5,526466220564.9028,523680891866.54846,1137535748918.1514,1137535748918.151,66930843.30656425,69.72235365031642,17055860891562.906,450.0,330.27764684458714,1,140426903.54633775,140426903.54633775,7.82310962677002e-08,19.68627221261704,20.3667814769946,0.0534483257962239,105010034028673.66,31503010.192621477,3e-07,26377418068.87965,0.0002761514963247,273
100.0,200.0,3.111111111111111,7.601878519797524,9.0,50.0,3.111111111111111,7.601878519797524,4.0,20.0,15.25,200.0,7.0,50.0,16.0,50000.0,0.225,90.0,2.325e-06,205000.0,0.3,550.0,7.7e-06,19999.999983163038,18903.009981328058,0,1096.990001834985,99.99999999999989,47.86390482307831,881307265571.9199,3627283099418.029,0.0048828125,16903975308.876509,18412774069.09317,36272830994.18024,36272830994.180336,1152880.8211883353,35.95536439360808,362644032856.8584,100.00000000000009,64.04465702009985,1,24003201.403957237,24003201.403957237,2.3283064365386963e-09,-15.37889301872201,36.82014959130714,0.4618710471691846,879441251220.9512,53953722.29322247,6.135e-05,1360055526.439538,0.0016563224278685,274
300.0,1000.0,11.555555555555555,104.87489549761482,10.0,30.0,9.444444444444445,100.0,10.0,50.0,,,,,20.0,35000.0,0.15,60.0,2.325e-06,210000.0,0.3,500.0,7.8e-06,300000.0,297951.2510390518,0,2048.7489609484005,500.0000000000002,150.3950548348925,82734331926829.16,905252522668932.0,-1.25,553018697580.6289,550113379842.5553,1810505045337.8647,1810505045337.8635,40176650.64894345,47.450160862010016,9493125724021.951,499.9999999999995,252.54984211417135,1,129014434.46209896,129014434.46209896,8.568167686462402e-08,-47.54113094214699,21.691882975411087,0.088438028042083,82730822813154.61,24819246.826787475,3e-07,34207844138.6294,0.0004374485746098,275
1000.0,500.0,11.555555555555555,104.87489549761482,3.0,30.0,11.555555555555555,104.87489549761482,9.0,40.0,,,,,16.0,50000.0,0.175,90.0,2.5e-06,190000.0,0.32,450.0,7.9e-06,500000.0,498741.5012323657,0,1258.4987676341564,250.00000000000009,498.42811035478735,2120028251221348.0,524478739766194.8,0.5,4226768475244.799,4253428342378.7744,2097914959064.78,2097914959064.7783,266320324.2393821,108.94608778307617,139147723371747.0,250.00000000000023,891.0539125153247,1,405929105.7485776,405929105.7485776,-1.4901161193847656e-08,15.497624631352664,17.631947831090883,0.0184778214347965,2120026255250480.5,636007876.6542923,3e-07,223455548495.56613,0.0001078142085662,276
400.0,800.0,3.111111111111111,7.601878519797524,2.0,30.0,7.333333333333334,42.23696789826278,7.0,20.0,,,,,8.0,35000.0,0.2,75.0,1.8e-06,190000.0,0.32,400.0,7.9e-06,320000.0,319689.137491364,0,310.8625086359435,400.0000000000001,199.3168769819799,150820026814368.25,600537995785486.0,-0.5,751533185981.0929,756684677675.357,1501344989463.715,1501344989463.7146,61786197.33200819,36.893251419615176,6941416652713.188,400.0,363.1067897361773,1,44533500.93855829,44533500.93855829,-5.7741999626159675e-08,-21.497774376872258,2.902937492376424,0.0077137400168801,150819836332766.28,67868926.30748332,4.5e-07,42241681468.30685,0.0002833615438922,277
100.0,1000.0,7.333333333333334,42.23696789826278,2.0,50.0,3.111111111111111,7.601878519797524,8.0,40.0,20.0,100.0,5.0,50.0,20.0,20000.0,0.15,90.0,2.5e-06,200000.0,0.3,600.0,7.850000000000001e-06,100000.0000092655,99610.37582393095,0,389.62418533451023,499.9999999999995,49.79493229262567,1669956922463.0088,179135305837353.8,0.0234375,33262716269.92983,33536684268.377235,358270611674.7073,358270611674.708,5249589.219171478,17.363429029659603,152444887343.90332,500.00000000000006,82.63657406509564,1,12726719.88584733,12726719.88584733,1.862645149230957e-07,32.244039293356764,3.639570586093108,0.0590176260965018,,,,,,278
800.0,800.0,17.88888888888889,277.77777777777777,2.0,50.0,1.0,0.7853981633974483,1.0,30.0,10.5,86.59014751456867,7.0,30.0,28.0,20000.0,0.2,105.0,2.15e-06,200000.0,0.3,500.0,7.9e-06,640000.0,638231.3970125581,0,1768.6029874418668,400.0000000000005,402.3592853809685,701178341398957.2,724737332693585.2,-9.25,1763346447233.7466,1742667230197.1506,1811843331733.965,1811843331733.9607,294640917.60314286,95.9075155241284,37133780921532.375,399.9999999999997,704.0926682623787,1,261956172.4751852,261956172.4751852,3.241002559661865e-07,29.61917506968166,14.749294285517966,0.0191673739902767,701174214336281.5,175293553.63049522,2.5e-07,92322375697.12589,0.0001353718805988,279
600.0,100.0,7.333333333333334,42.23696789826278,7.0,40.0,7.333333333333334,42.23696789826278,2.0,40.0,,,,,24.0,35000.0,0.175,60.0,1.8e-06,200000.0,0.31,400.0,7.850000000000001e-06,60000.00000155848,59781.66182171074,0,218.33817984773196,50.00000000000298,300.9779670892532,65365174832135.375,1751253529762.127,-8.91015625,218596516771.21,217175946346.7694,35025070595.24462,35025070595.240456,15861097.812645616,66.618990925994,4408372629356.719,50.000000000023455,533.3810068485044,1,20343884.893383782,20343884.893383782,-1.2752279872074723e-05,0.0017609074966458,20.39266815467141,0.0366554850021546,65365067363449.2,114388867.9205042,1.75e-06,12205347664.567244,0.0001949343009721,280
900.0,200.0,3.111111111111111,7.601878519797524,7.0,50.0,7.333333333333334,42.23696789826278,3.0,30.0,10.5,150.0,1.0,30.0,20.0,20000.0,0.225,60.0,2.325e-06,205000.0,0.31,550.0,7.8e-06,180000.0,179520.07595227417,0,479.9240477258558,99.99999999999982,448.2830550154952,248620394071681.6,12322694690314.229,0.21875,550389789075.1255,554605826140.5573,123226946903.14204,123226946903.14249,70883311.23561548,137.56523440985845,23692526677831.875,100.0,762.4347582542804,1,133843012.710561,133843012.710561,-5.587935447692871e-09,-3.58587527256168,30.11894449829848,0.0347659997999037,248619566126408.8,136740761.32835743,5.5e-07,29155368676.29204,0.0001201120298456,281
800.0,1000.0,7.333333333333334,42.23696789826278,1.0,30.0,9.444444444444445,70.05557692032795,7.0,10.0,5.75,25.967226777328133,3.0,50.0,24.0,42500.0,0.225,75.0,2.5e-06,210000.0,0.32,400.0,7.75e-06,800000.0,799311.5706347713,0,688.4293652288835,499.9999999999995,399.1410812305475,1827067548257194.0,2845789488936018.0,13.0,4557881745193.257,4577498118270.274,5691578977872.03,5691578977872.042,307810773.30474883,63.41303403927311,61970423241553.75,499.99999999999983,736.5868793346166,1,179503309.05446935,179503309.05446935,1.2945383787155154e-07,23.64545844792701,5.144355770605656,0.0065510013355282,1827066877020718.5,456766719.15262175,2.5e-07,234857813652.3973,0.0001297175465014,282
700.0,400.0,3.111111111111111,7.601878519797524,1.0,30.0,9.444444444444445,70.05557692032795,10.0,40.0,,,,,8.0,20000.0,0.175,60.0,2.5e-06,190000.0,0.28,500.0,7.7e-06,280000.0,279291.8423622738,0,708.1576377262592,200.0000000000001,343.71627000690046,239671463298363.72,75837205392228.31,0.125,672698310705.9244,697294496107.3623,379186026961.1418,379186026961.14136,89120129.03725491,131.85324673070093,42593928521975.88,199.99999999999997,568.1467515704755,1,226374677.19853023,226374677.19853023,-2.7939677238464355e-09,5.584312321276229,20.58252788425438,0.0314103859085152,239670720022025.56,131818896.17386805,5.5e-07,35844823448.272255,0.0001571921849211,283
600.0,700.0,20.0,166.66666666666666,7.0,10.0,13.666666666666668,122.22222222222224,5.0,10.0,1.0,0.7853981633974483,3.0,30.0,32.0,42500.0,0.2,105.0,2.5e-06,205000.0,0.3,450.0,7.850000000000001e-06,420000.0,418217.50988289993,0,1782.490117100043,349.9999999999998,301.37610656247995,558305237108467.75,741923578737407.0,0.0,1869593322495.743,1852519907687.912,2119781653535.4475,2119781653535.45,147394929.2875896,62.17570554087448,36797011316552.5,350.0000000000002,537.824291851694,1,165094556.99318805,165094556.99318805,-3.5767152439802885e-07,-30.009037148661605,12.865615871926847,0.0220616448240987,558300846283638.4,362895550.2216566,6.5e-07,93820715170.92076,0.0001767540717495,284
800.0,800.0,3.111111111111111,7.601878519797524,2.0,40.0,13.666666666666668,100.0,2.0,30.0,,,,,4.0,27500.0,0.225,90.0,2.15e-06,195000.0,0.28,500.0,7.850000000000001e-06,640000.0,639784.7962648002,0,215.2037351998261,399.99999999999983,399.3619172354637,943405264749942.4,943412445259522.0,0.5,2354756837493.16,2362281489633.6523,2358531113148.804,2358531113148.806,268926839.34112006,50.25501274175859,20752744912009.125,400.00000000000006,749.7448404576852,1,76542550.09905902,76542550.09905902,-4.842877388000488e-08,25.730400087421003,2.0942420437478404,0.0027441476878111,943404952491844.4,94340495.24918444,1e-07,129141576401.884,0.0001376524913566,285
400.0,500.0,11.555555555555555,104.87489549761482,1.0,20.0,7.333333333333334,42.23696789826278,9.0,50.0,15.25,200.0,10.0,50.0,28.0,27500.0,0.225,75.0,2.325e-06,205000.0,0.32,550.0,7.8e-06,200000.0,195514.9923017211,0,4485.0076982790615,250.0000000000002,200.5193895788198,80465571265962.56,141954499252299.0,-0.25,403375401228.5647,401285738177.12177,567817997009.1964,567817997009.1956,41702837.21253341,108.7160434749134,21041582471811.688,250.0000000000002,291.2839560118014,1,385808313.2641086,385808313.2641086,1.0803341865539553e-07,7.320571304811892,70.33146609212568,0.2030744930666313,80452079178687.44,28158227.7207159,3.5e-07,20922556732.00482,0.0002868936075059,286
900.0,600.0,5.222222222222222,21.41906843141929,6.0,40.0,13.666666666666668,255.5555555555556,4.0,20.0,,,,,8.0,20000.0,0.25,105.0,1.975e-06,190000.0,0.31,550.0,7.75e-06,540000.0,538849.2633202027,0,1150.7366797970376,300.0000000000003,444.1216113981476,763367931881916.8,331883068179077.4,-0.25,1674499057134.7627,1718826358120.119,1106276893930.259,1106276893930.2568,290610029.60369325,151.53501890827567,115323566159701.77,300.00000000000006,748.4649676392402,1,489951635.5056679,489951635.5056679,2.9802322387695312e-08,-22.813638369203545,14.074017146121298,0.0161183628304387,763363939822341.5,190840985.05254015,2.5e-07,85855092864.97464,0.0001180676675169,287
200.0,400.0,11.555555555555555,144.44444444444446,6.0,20.0,9.444444444444445,70.05557692032795,6.0,10.0,20.0,200.0,10.0,30.0,24.0,27500.0,0.225,60.0,1.8e-06,205000.0,0.31,500.0,7.850000000000001e-06,79999.99998198371,74830.23029966021,0,5169.769682323616,199.9999999999999,100.39954913650472,9960344154796.836,49876551059975.984,0.0625,100003002681.66174,99207060594.01326,249382755299.8798,249382755299.88007,9221455.044163285,72.77011653837415,5086467866726.137,199.9999999999999,127.22988347357442,1,158352349.13660684,158352349.13660684,1.2759119272232058e-07,8.34000205891789,62.369982798987806,0.3366295924230043,9945523382771.082,2486380.847561228,2.5e-07,4181834760.7623215,0.0005863642616654,288
500.0,200.0,1.0,0.7853981633974483,2.0,40.0,13.666666666666668,144.44444444444446,4.0,10.0,10.5,100.0,3.0,40.0,24.0,42500.0,0.2,60.0,2.5e-06,200000.0,0.3,400.0,7.9e-06,100000.0,98820.65143626434,0,1179.3485637357078,100.0,244.97613726088989,94174538251616.48,14595515296941.016,-0.0625,369277357970.0548,384423312836.0756,145955152969.41016,145955152969.41016,23121199.021536075,118.21042517204,23530255040870.03,100.0,381.7895752552752,1,162976223.46879333,162976223.46879333,-6.984919309616089e-09,2.116710871196119,54.98199304906452,0.1137950873657771,94172255269135.36,32960289.24391669,3.5e-07,18639197452.13623,0.0002134452617226,289
800.0,700.0,13.666666666666668,233.3333333333333,10.0,10.0,11.555555555555555,104.87489549761482,9.0,30.0,,,,,24.0,20000.0,0.15,75.0,1.975e-06,195000.0,0.29,400.0,7.7e-06,560000.0,556722.7926116558,0,3277.207388344237,350.00000000000074,408.1792283873494,678416948016917.0,482603433405892.5,-4.0,1731447123705.8152,1662056520360.513,1378866952588.267,1378866952588.2617,237498222.91103247,108.9034306554292,88539209613058.0,349.99999999999955,691.0965694293105,1,287678253.4010439,287678253.4010439,-7.860362529754639e-07,-65.00790017313557,15.132751365801662,0.0198015065836174,678406962511451.0,135681392.59858832,2e-07,77099214139.81927,0.0001302857044556,290
300.0,100.0,15.77777777777778,233.3333333333333,5.0,40.0,7.333333333333334,42.23696789826278,7.0,30.0,,,,,24.0,27500.0,0.25,60.0,1.975e-06,190000.0,0.3,400.0,7.8e-06,30000.000001610777,29436.256094194512,0,563.743907416266,50.00000000096711,150.23272527252453,7273417769596.707,694283217312.565,-117.9833984375,48564800173.01381,48414336865.70361,13885664346.519878,13885664345.98272,4500190.089565101,75.9075150880861,2215003509275.414,50.00000000288342,224.0924796639985,1,27455385.209847923,27455385.209847923,0.0009371291380375,5.449050186740351,36.60975979432661,0.1374584222780502,7272430744290.377,4727079.98218886,6.5e-07,2604607146.11273,0.0004297572194656,291
500.0,100.0,13.666666666666668,233.3333333333333,4.0,10.0,9.444444444444445,70.05557692032795,7.0,40.0,,,,,8.0,42500.0,0.175,75.0,1.975e-06,195000.0,0.31,400.0,7.75e-06,50000.00000733814,48895.39157641577,0,1104.6084309223631,49.99999999919788,262.132644342347,52774768441401.31,1861180437187.794,399.93359375,221866377147.42416,201328486094.53275,37223608743.15872,37223608744.35304,13538198.24538778,58.61540444001225,5791498563763.516,49.99999999567013,441.3845947173288,1,30782239.50473282,30782239.50473282,0.0037733590579591,-7.97508035181454,16.7956151077125,0.0368909178512826,52771286118671.52,113458265.72556949,2.15e-06,8945786757.653696,0.0002116801666839,292
900.0,500.0,11.555555555555555,104.87489549761482,9.0,40.0,13.666666666666668,100.0,8.0,20.0,,,,,12.0,42500.0,0.2,90.0,2.5e-06,205000.0,0.32,400.0,7.75e-06,450000.0,448256.12596667255,0,1743.8740333273583,249.9999999999995,450.3600377043306,1339277943210257.5,403879971526437.75,3.75,2978556301740.7905,2973793922829.177,1615519886105.7478,1615519886105.7544,219056999.22885,104.9039049153354,105513473044916.77,250.00000000000009,795.0960778862204,1,289962631.2806784,289962631.2806784,1.1175870895385742e-08,16.384749058357556,21.71742958863071,0.0248720323571956,1339275023229599.0,267855004.65290737,2e-07,151352199233.54074,0.0001181764072204,293
500.0,800.0,15.77777777777778,166.66666666666666,4.0,50.0,13.666666666666668,255.5555555555556,3.0,20.0,15.25,200.0,7.0,30.0,24.0,27500.0,0.175,60.0,1.8e-06,205000.0,0.32,450.0,7.75e-06,400000.0,395766.6666361794,0,4233.333363821019,400.00000000000006,248.69348329291643,245780287447763.5,672528363121198.2,-4.75,978010004150.5836,988285998464.5366,1681320907802.9958,1681320907802.9954,91862765.12023486,112.16143802695602,50880409456301.69,400.00000000000017,387.83856197583606,1,465475417.6893097,465475417.6893097,-5.103647708892822e-07,-23.14601917790424,49.01229483235697,0.103583574793507,245766143294982.03,61441535.77000851,2.5e-07,50987682843.79098,0.0002239211345864,294
600.0,200.0,9.444444444444445,70.05557692032795,1.0,30.0,15.77777777777778,166.66666666666666,5.0,30.0,,,,,20.0,42500.0,0.25,75.0,2.325e-06,210000.0,0.29,450.0,7.8e-06,120000.0,119096.6110861686,0,903.388913831408,99.9999999999999,293.6256967964296,163204003763925.5,17271158275416.648,0.15625,532694818257.9288,555823300019.5302,172711582754.16632,172711582754.16666,37375962.89050123,132.0580603970414,39004223737117.375,100.0,467.941972613972,1,204946391.30519387,204946391.30519387,9.313225746154783e-10,3.5541614863323048,35.01823502598126,0.0622977100581129,163201601073773.22,32640320.114334192,2e-07,28585722669.557865,0.0001894240504656,295
800.0,100.0,5.222222222222222,21.41906843141929,9.0,30.0,1.0,0.7853981633974483,8.0,10.0,15.25,200.0,5.0,30.0,4.0,20000.0,0.225,60.0,1.975e-06,195000.0,0.29,450.0,7.8e-06,80000.00000981761,77820.26761559761,0,2179.7323942199623,50.00000000570608,403.4590056936033,100761119572067.2,1396632146042.0166,4114.796875,254100133451.0493,249743141558.69324,27932642924.02805,27932642917.65261,31919283.92684923,244.6091545901551,34649492342648.0,50.000000012523714,555.3908871309633,1,297164585.5005887,297164585.5005887,0.0260916556580923,-3.358313598616405,154.13974516537786,0.1952371693038351,100754860432433.69,30226458.14343785,3e-07,10912531961.790096,0.000128583932649,296
400.0,400.0,13.666666666666668,255.5555555555556,9.0,20.0,9.444444444444445,70.05557692032795,2.0,20.0,,,,,16.0,27500.0,0.2,105.0,2.325e-06,210000.0,0.31,600.0,7.850000000000001e-06,160000.0,157559.88887474453,0,2440.111125255442,199.99999999999983,214.0764286182161,71087758038095.22,64705471073057.59,0.34375,382349357371.8009,332067189727.2405,323527355365.2877,323527355365.2882,40832113.72950718,34.81665103428986,3600773804501.5938,199.99999999999991,365.1833265302739,1,40001352.11875131,40001352.11875131,-1.0151416063308717e-07,-0.0982346503005828,19.84031853060561,0.0528683543293075,71077772177186.39,21323331.380336743,3e-07,16482460339.78757,0.0002865414533906,297
1000.0,500.0,20.0,211.11111111111111,3.0,40.0,5.222222222222222,21.41906843141929,5.0,20.0,,,,,20.0,42500.0,0.2,60.0,2.15e-06,190000.0,0.31,450.0,7.75e-06,500000.0,499259.5713163788,0,740.4286836210888,250.00000000000023,501.61505931720086,1793296130226506.0,445609426972156.8,-5.0,3598214921521.601,3575044442779.575,1782437707888.629,1782437707888.6255,215021595.4972283,43.199124421580585,18336670739150.125,249.99999999999997,956.8008756203276,1,59046116.24894146,59046116.24894146,5.587935447692872e-08,0.0053905106724414,15.56001876113579,0.0159199873628621,1793294073636158.5,448323518.4607845,2.5e-07,185082261734.99716,0.0001048158877323,298
700.0,700.0,11.555555555555555,188.88888888888889,1.0,50.0,3.111111111111111,7.601878519797524,10.0,30.0,,,,,28.0,20000.0,0.25,75.0,1.975e-06,190000.0,0.32,500.0,7.850000000000001e-06,490000.0,489735.0923194576,0,264.907680542534,350.0000000000002,350.54164190542093,404254522932803.5,400701064826867.5,-3.5,1156803131385.955,1153228246251.767,1144860185219.622,1144860185219.6206,164789618.00660813,37.3699899882523,6008475590469.688,350.0,662.6300272779891,1,30473256.362162765,30473256.362162765,-1.6065314412117004e-08,18.80545373388713,3.535106636123969,0.005288557134724,404253974791989.6,141488891.15320036,3.5e-07,62801188528.37761,0.0001570267497383,299
500.0,800.0,15.77777777777778,233.3333333333333,3.0,40.0,1.0,0.7853981633974483,2.0,20.0,15.25,100.0,5.0,50.0,12.0,20000.0,0.25,105.0,2.5e-06,190000.0,0.31,400.0,7.7e-06,400000.0,398298.4292169956,0,1701.5707830041451,399.9999999999994,252.6132445046982,173279974629154.12,455915530337683.75,1.125,700441599156.0427,685949681573.1346,1139788825844.2075,1139788825844.2112,115976728.147592,66.49816975012004,11018919379736.531,400.0,433.5018330295931,1,115756610.10516402,115756610.10516402,-1.527369022369385e-07,28.78845434164396,11.352322579880337,0.0236753338475085,173275993301048.3,43318998.24944552,2.5e-07,36264441906.73433,0.0002180598412623,300
500.0,900.0,17.88888888888889,166.66666666666666,10.0,40.0,15.77777777777778,211.11111111111111,7.0,20.0,,,,,28.0,20000.0,0.225,105.0,2.5e-06,195000.0,0.32,550.0,7.75e-06,450000.0,446855.55552438286,0,3144.444475617188,450.0000000000003,250.12573489563175,212056353296356.75,647100481573718.5,-0.875,848652233985.6985,847799021499.4872,1438001070163.8198,1438001070163.818,143341354.7401105,100.97913856901302,46668176777387.5,449.99999999999983,399.02086145502005,1,408463995.4577061,408463995.4577061,7.450580596923828e-09,-37.680985730927205,25.422828706038132,0.0538492488496237,212047201751601.38,116625960.95557553,5.5e-07,41934872076.99789,0.0002250757797031,301
200.0,100.0,9.444444444444445,122.22222222222224,6.0,20.0,13.666666666666668,211.11111111111111,3.0,50.0,,,,,16.0,27500.0,0.25,120.0,2.325e-06,210000.0,0.32,550.0,7.9e-06,20000.00000174847,18896.56629137436,0,1103.433710374106,49.99999999185782,107.84226668743696,2632703273664.198,502490134468.6536,-285.00732421875,28567361403.46569,24412536517.75194,10049802687.736525,10049802691.009617,3209111.264805925,55.13571468236523,967412168206.006,49.99999998322903,144.86428536129804,1,30777013.57913272,30777013.57913272,-0.000499453395605,-3.1340972670004703,26.82589075561629,0.187375255729108,2630293025377.3545,1183631.8290110764,4.5e-07,1150983439.9471672,0.0006528477018137,302
600.0,100.0,3.111111111111111,7.601878519797524,3.0,50.0,20.0,255.5555555555556,4.0,50.0,,,,,32.0,20000.0,0.25,75.0,1.975e-06,195000.0,0.31,500.0,7.850000000000001e-06,59999.99999890351,59375.242706108766,0,624.7572927947402,49.9999999995564,281.060083033492,41841409375705.33,1011055685015.8076,125.3359375,131189001908.77992,148869981550.2416,20221113700.13675,20221113700.495552,21272655.67076594,199.7420110128192,19103192501859.484,49.99999999888506,400.2578437623084,1,156451944.51440328,156451944.51440328,0.0014826094266027,0.7946077496017097,56.630417716907466,0.104871143920199,41839751989269.09,23011863.70569192,5.5e-07,7207462485.708613,0.0002021928972706,303
800.0,400.0,7.333333333333334,42.23696789826278,4.0,50.0,1.0,0.7853981633974483,3.0,50.0,5.75,25.967226777328133,10.0,10.0,32.0,20000.0,0.15,90.0,1.8e-06,205000.0,0.32,400.0,7.8e-06,320000.0,319309.3514426361,0,690.6485573638688,199.9999999999997,401.6116225214446,348290950742935.4,89311225729660.88,1.9375,874249778438.0853,867233245283.7266,446556128648.3037,446556128648.305,135750399.72694463,89.94854554804752,16046496440806.25,200.0000000000001,710.0514527506094,1,86440527.61292884,86440527.61292884,-2.9103830456733704e-08,12.90507845130378,10.751535803826911,0.0143449443680145,348290614196558.75,69658122.84983194,2e-07,48795031239.01515,0.0001431045807026,304
100.0,500.0,15.77777777777778,300.0,8.0,30.0,1.0,0.7853981633974483,7.0,30.0,5.75,25.967226777328133,5.0,50.0,16.0,42500.0,0.2,75.0,1.8e-06,190000.0,0.28,400.0,7.850000000000001e-06,49999.99999623811,47395.13973735074,0,2604.8602588873896,249.9999999999999,51.62602079738739,1827090367198.5212,51035914130633.625,-0.0390625,37770106931.78292,35390881167.64142,204143656522.5344,204143656522.5346,2379835.931918338,25.462451393319395,238043413827.2324,250.00000000000009,74.53755791454886,1,19953243.071070217,19953243.071070217,-5.587935447692871e-09,47.58687726141579,26.11091971127005,0.3756966864930942,,,,,,305
600.0,200.0,15.77777777777778,277.77777777777777,1.0,20.0,5.222222222222222,21.41906843141929,9.0,50.0,15.25,250.0,1.0,50.0,8.0,35000.0,0.25,75.0,2.325e-06,205000.0,0.31,550.0,7.75e-06,120000.0,119029.4505963875,0,970.549403612494,100.0,301.32718660409654,131510269429096.23,14186083223888.14,0.03125,440315500878.12585,436436787902.1918,141860832238.8814,141860832238.8814,35636732.572827175,98.31063481845833,14098213677690.28,100.00000000000004,501.6893670449549,1,131128026.02685522,131128026.02685522,0.0,-5.852435068110935,33.80753488083225,0.061761456207184,131506904207895.1,39452071.23919583,3e-07,23020732981.422405,0.0001838004799996,306
500.0,100.0,13.666666666666668,277.77777777777777,8.0,50.0,7.333333333333334,42.23696789826278,2.0,40.0,5.75,25.967226777328133,1.0,40.0,4.0,42500.0,0.225,60.0,2.325e-06,210000.0,0.29,500.0,7.7e-06,50000.0,49439.40079210525,0,560.5992078947451,50.00000000000004,254.8438911554643,47473578119921.47,1774337101121.916,-0.0234375,193646319252.1405,186284936651.51587,35486742022.43835,35486742022.43829,11204136.04278617,63.60049544813266,3510902615381.5,49.99999999999999,436.3995045525929,1,28810298.91641186,28810298.91641186,-5.2532413974404335e-09,6.829004292849277,40.68803408612049,0.0891629673180142,47472155224898.695,45098547.55501272,9.5e-07,10627911165.21772,0.0002435004767758,308
900.0,800.0,20.0,144.44444444444446,7.0,20.0,20.0,188.88888888888889,5.0,20.0,10.5,100.0,1.0,40.0,4.0,20000.0,0.2,90.0,1.8e-06,200000.0,0.32,450.0,7.7e-06,720000.0,717844.4444302584,0,2155.5555697419736,400.0000000000003,450.3408172107503,1034095990321631.6,792856809302541.0,-5.0,2299732841898.396,2296251973619.561,1982142023256.354,1982142023256.351,359438622.7555872,129.66979733247777,121073852787566.5,400.00000000000006,770.3304443868212,1,415081976.25035983,415081976.25035983,-1.0244548320770265e-07,-52.85633847222198,17.947393591177622,0.0206291880358363,1034090508368434.8,310227152.49037045,3e-07,115256630859.53188,0.0001190415556852,309
200.0,300.0,20.0,211.11111111111111,6.0,40.0,15.77777777777778,188.88888888888889,1.0,20.0,5.75,25.967226777328133,1.0,40.0,20.0,42500.0,0.25,105.0,2.325e-06,205000.0,0.32,400.0,7.850000000000001e-06,60000.0,58492.50998746779,0,1507.490012532218,150.00000000000023,102.85690465316624,9156350768010.04,20186340242737.484,-0.109375,94256320897.73096,89020283070.78926,134575601618.2501,134575601618.2497,7082859.5546681,37.85032304752707,1028818287077.5548,150.0,162.14967457876497,1,33448821.083469592,33448821.083469592,2.398155629634857e-08,11.44300911243954,26.819319589562998,0.1558256141536071,9151384483257.092,2745415.313037309,3e-07,5849392607.935829,0.0006992312710843,310
600.0,700.0,5.222222222222222,21.41906843141929,8.0,30.0,5.222222222222222,21.41906843141929,1.0,10.0,1.0,0.7853981633974483,1.0,40.0,12.0,35000.0,0.25,75.0,2.325e-06,190000.0,0.3,400.0,7.7e-06,420000.0,419805.6575762349,0,194.3424237650934,349.99999999999955,300.41718600446336,443170644852543.0,601348901620888.0,5.5,1479292616762.541,1475184062359.0647,1718139718916.8206,1718139718916.8252,120454419.47888276,15.570281616451355,1396887564999.0938,350.00000000000006,584.4298502062845,1,7385152.105854714,7385152.105854714,-4.2215106077492244e-08,-18.760511037168385,2.073953572634633,0.0035308015038647,443170582343276.94,110792645.59503718,2.5e-07,76679694353.22029,0.0001740233890719,311
200.0,400.0,9.444444444444445,70.05557692032795,3.0,20.0,17.88888888888889,144.44444444444446,7.0,30.0,,,,,16.0,27500.0,0.15,75.0,2.325e-06,190000.0,0.3,450.0,7.7e-06,80000.0,78778.72223089758,0,1221.2777691024346,200.0,96.88930393954465,8118230009666.9375,31929078899954.36,-0.0390625,78733151068.12097,83788712268.30583,159645394499.7718,159645394499.7718,8707578.404968526,58.18441970835163,2795906057867.256,200.0,141.81553865528684,1,69060008.3515177,69060008.3515177,5.587935447692871e-09,-13.14748527717893,21.953355086613424,0.1363092072050944,8115799245911.865,1623159.8267997594,2e-07,4835900250.787613,0.000667161825107,312
200.0,900.0,17.88888888888889,166.66666666666666,9.0,40.0,3.111111111111111,7.601878519797524,4.0,30.0,,,,,24.0,27500.0,0.2,60.0,1.8e-06,200000.0,0.29,500.0,7.7e-06,180000.0,178469.59244070656,0,1530.407559293394,449.9999999999996,102.46483039236024,17170806043723.016,351979835926920.9,0.59375,176047328494.91098,167577557860.3141,782177413170.9344,782177413170.936,15576602.178986551,25.346082975640115,429913309737.22266,449.9999999999998,174.6541681315095,1,32510790.70248533,32510790.70248533,6.007030606269836e-08,19.607301302601627,19.853180375176706,0.1178618887326275,17166823619475.74,4291705.859888296,2.5e-07,12048170469.936443,0.0007328014963528,313
300.0,300.0,5.222222222222222,21.41906843141929,6.0,40.0,9.444444444444445,70.05557692032795,1.0,10.0,,,,,4.0,27500.0,0.2,75.0,2.15e-06,210000.0,0.29,400.0,7.7e-06,90000.0,89801.43000704593,0,198.56999295404316,150.00000000000006,150.31424342993748,19066810495182.39,18688833950259.656,-0.0625,127378923232.8054,126846332457.30678,124592226335.06442,124592226335.06432,13182257.554189712,31.301590673572125,1036879861408.668,149.99999999999994,268.6983961678929,1,10010945.35648642,10010945.35648642,2.248826149699014e-09,8.077768382572685,4.946190507870476,0.0173381556129144,19066682471561.453,3813336.4951014337,2e-07,6843230122.660736,0.000369671441866,314
800.0,800.0,11.555555555555555,122.22222222222224,5.0,30.0,15.77777777777778,144.44444444444446,4.0,20.0,15.25,300.0,7.0,10.0,32.0,42500.0,0.15,105.0,2.15e-06,190000.0,0.32,450.0,7.850000000000001e-06,640000.0,634611.1110941083,0,5388.888905891702,400.0000000000006,399.952665183735,1495443749921333.5,1554827149050004.0,-3.5,3738167011181.729,3739051843133.334,3887067872625.016,3887067872625.004,297496010.5606133,128.7715458225571,157902079029035.5,399.99999999999983,671.2284747729046,1,929891081.5634376,929891081.5634376,-5.513429641723633e-07,22.55843597499188,35.95059778816838,0.0465614304322496,1495422307932107.8,1121566730.9378176,7.5e-07,193684773332.9174,0.0001343678834451,315
400.0,200.0,5.222222222222222,21.41906843141929,7.0,50.0,15.77777777777778,277.77777777777777,6.0,40.0,,,,,24.0,27500.0,0.225,60.0,2.15e-06,210000.0,0.3,450.0,7.75e-06,80000.0,78183.39986195845,0,1816.600138041606,100.00000000000009,183.31674687153523,36267661643903.984,7752873928295.605,-0.078125,167376394438.76178,197841508006.46515,77528739282.95612,77528739282.956,18389684.77674242,155.09631931068174,20720210676764.08,100.00000000000006,244.9036801509417,1,235534297.8986413,235534297.8986413,-2.7939677238464355e-09,4.91111359099159,84.2624914060696,0.2393065392533711,36259870855848.38,7251974.213403792,2e-07,9264513464.101784,0.000324479917421,316
200.0,1000.0,7.333333333333334,42.23696789826278,10.0,10.0,1.0,0.7853981633974483,6.0,30.0,,,,,4.0,20000.0,0.225,90.0,2.15e-06,200000.0,0.32,500.0,7.75e-06,200000.0,199572.91790920185,0,427.08209079810825,500.0000000000002,101.59550478391218,13893966145343.516,340746764509676.0,0.03125,141192392835.64798,136757686030.4517,681493529019.3523,681493529019.3517,21407055.881825726,7.962846808497321,30991468676.740234,500.0000000000002,192.0371532179489,1,2972012.820151978,2972012.820151978,2.5494955480098724e-08,23.91154094655945,3.324475066574801,0.0196134222216802,13893682225169.12,6252156.965550395,4.5e-07,7695560244.787535,0.0005785431764506,317
600.0,200.0,13.666666666666668,188.88888888888889,5.0,50.0,3.111111111111111,7.601878519797524,1.0,10.0,,,,,8.0,20000.0,0.175,105.0,2.15e-06,195000.0,0.29,450.0,7.75e-06,120000.0,119047.95363755422,0,952.0463624457644,99.99999999999991,315.50931048475826,81268679507487.22,8156470596968.863,0.0625,285663758086.3018,257579338570.46408,81564705969.68857,81564705969.68869,43550146.21088973,42.03911543578429,584711213181.4844,99.99999999999996,557.9608839497413,1,20720245.26282872,20720245.26282872,-3.773903430107876e-09,7.684467404789302,28.582139249465563,0.0485723665673832,81265909947998.73,24379773.064012285,3e-07,12426642061.324663,0.0001738815676329,318
1000.0,100.0,17.88888888888889,166.66666666666666,2.0,20.0,11.555555555555555,104.87489549761482,10.0,20.0,,,,,12.0,35000.0,0.25,75.0,2.325e-06,195000.0,0.28,450.0,7.7e-06,99999.99999664223,99023.86652992902,0,976.1334667132868,49.99999999985519,493.5315424303554,326478305580836.6,2969983658768.703,301.140625,644617252469.1581,661514569004.2852,59399673175.202034,59399673175.5461,54015194.04894408,219.6298965008456,85673931251425.75,49.99999999944101,780.3701054013916,1,275586326.7044615,275586326.7044615,0.0012220689095556,-4.157998069757014,44.85656505735823,0.0460434632182372,326476774139433.3,212209903.0132579,6.5e-07,30082922166.35969,0.0001051894304914,319
700.0,300.0,20.0,188.88888888888889,2.0,50.0,7.333333333333334,42.23696789826278,4.0,10.0,,,,,32.0,35000.0,0.225,105.0,2.15e-06,190000.0,0.3,400.0,7.75e-06,210000.0,209453.27435291876,0,546.7256470812888,149.9999999999998,351.099375956009,308003771838103.5,55870673987799.375,0.75,882783665641.3345,877255252873.7472,372471159918.662,372471159918.66296,84755233.0621234,61.66920222323228,13347688645113.188,149.99999999999997,638.3307444672026,1,54505563.47107552,54505563.47107552,1.862645149230957e-09,10.622699484727493,9.726925885681752,0.0141723058094182,308002585114528.25,92400775.50166433,3e-07,44442025250.27002,0.0001487395015274,320
500.0,400.0,3.111111111111111,7.601878519797524,10.0,40.0,20.0,166.66666666666666,2.0,40.0,,,,,12.0,35000.0,0.225,90.0,2.5e-06,190000.0,0.28,500.0,7.8e-06,200000.0,199590.6478887504,0,409.3521112496386,200.00000000000009,248.88478704163555,148403864204144.06,94617039083239.23,-0.1875,590979186230.1461,596275352817.4376,473085195416.1965,473085195416.196,53335209.864239015,59.21137511984038,10645290802654.969,199.9999999999997,440.7886248966442,1,75857152.96360058,75857152.96360058,-1.862645149230957e-09,12.912279181196936,7.965766541561429,0.017701703425692,148403015561072.62,29680603.08858277,2e-07,34912579050.68123,0.0002400769780713,321
400.0,700.0,3.111111111111111,7.601878519797524,6.0,30.0,13.666666666666668,255.5555555555556,9.0,40.0,,,,,32.0,42500.0,0.25,60.0,1.8e-06,210000.0,0.3,600.0,7.7e-06,280000.0,277654.3887022465,0,2345.6112977534863,350.0000000000003,195.3045570943777,167658228695561.25,501039524263374.8,-1.125,819061852651.3188,858445041886.7756,1431541497895.3577,1431541497895.3552,51631308.50750106,91.93173599077782,40704191881164.06,349.99999999999994,308.06827164752247,1,459166480.7785801,459166480.7785801,-8.940696716308595e-08,14.219786669011228,45.80805019740056,0.1297066074199749,167648399811197.12,50294520.058800295,3e-07,46849492882.06888,0.0002983515483867,322
300.0,600.0,9.444444444444445,70.05557692032795,8.0,50.0,15.77777777777778,233.3333333333333,8.0,30.0,,,,,20.0,35000.0,0.225,90.0,2.5e-06,200000.0,0.3,450.0,7.75e-06,180000.0,177572.88869766658,0,2427.111302333402,299.9999999999997,146.16152988824584,51868192034816.22,200459204154315.38,0.625,337160087441.9589,354868973213.9114,668197347181.0507,668197347181.0519,31742065.257669445,79.27538451617069,16030811023558.344,300.0,220.72461548717723,1,220204142.53069156,220204142.53069156,-3.3527612686157227e-08,17.236721970213694,28.336808347424064,0.108109908836209,51860635331375.04,12965158.742825268,2.5e-07,20621668439.89282,0.0004433582859255,323
200.0,600.0,7.333333333333334,42.23696789826278,2.0,40.0,7.333333333333334,42.23696789826278,1.0,20.0,,,,,16.0,27500.0,0.15,60.0,2.325e-06,200000.0,0.28,550.0,7.9e-06,120000.0,119873.28910219228,0,126.71089780773416,300.00000000000006,100.0796904034132,11088748202269.68,99957536412181.94,-0.078125,110975919180.38316,110799185704.63022,333191788040.6065,333191788040.6064,10298961.624177018,14.96666287221966,252403641400.8711,299.99999999999994,185.0333373880312,1,6039695.701368716,6039695.701368716,0.0,-12.896954253970762,2.7116240642757674,0.015377830232138,11088663027039.586,2772165.7558333725,2.5e-07,7200553697.926271,0.0006550393723648,324
400.0,700.0,7.333333333333334,42.23696789826278,7.0,50.0,9.444444444444445,70.05557692032795,2.0,40.0,1.0,0.7853981633974483,3.0,10.0,20.0,27500.0,0.225,75.0,2.325e-06,195000.0,0.29,600.0,7.850000000000001e-06,280000.0,279559.5176791479,0,440.4823208521385,350.0000000000003,200.46298681241765,104294616237622.56,319635868153653.6,0.5625,522683058002.75977,520268693468.1653,913245337581.8684,913245337581.8668,54067908.64046042,32.543439529647,3123629022585.0625,350.00000000000017,367.4567614705908,1,39139514.39932659,39139514.39932659,1.548323780298233e-08,18.597658717009157,7.053206440628125,0.0198526530054389,104294270050384.88,26073567.517994963,2.5e-07,33020388851.955498,0.000322085194087,325
100.0,900.0,3.111111111111111,7.601878519797524,5.0,30.0,17.88888888888889,166.66666666666666,4.0,30.0,,,,,32.0,35000.0,0.15,90.0,2.15e-06,200000.0,0.31,400.0,7.7e-06,90000.0,89295.32393270786,0,704.6760672921409,449.9999999999999,49.663091117680935,2641670315025.503,223501264668133.88,0.078125,52479788165.009766,53191822248.15285,496669477040.29736,496669477040.2976,4757863.94534261,19.02311969916425,310813105125.4883,450.0,80.97688114253465,1,16150943.04700607,16150943.04700607,5.960464477539064e-08,26.65031314377848,4.875747404063572,0.0798575551810502,,,,,,326
500.0,800.0,7.333333333333334,42.23696789826278,4.0,20.0,11.555555555555555,104.87489549761482,5.0,50.0,,,,,20.0,35000.0,0.175,105.0,1.8e-06,205000.0,0.28,600.0,7.7e-06,400000.0,399306.6776397234,0,693.3223602766657,400.00000000000017,249.23408180523305,296493218010902.5,754208599574390.5,-1.0,1182350536888.4285,1189617470706.116,1885521498935.977,1885521498935.9756,114933829.86785184,54.1529490886774,17865942558430.0,400.0000000000003,445.8470509726566,1,140885268.58364287,140885268.58364287,7.82310962677002e-08,29.920514001030824,6.938635382479857,0.0156197394839104,296492204575696.44,88947661.3294565,3e-07,64322711772.37169,0.0002210012300197,327
100.0,700.0,1.0,0.7853981633974483,5.0,40.0,3.111111111111111,7.601878519797524,8.0,30.0,,,,,32.0,42500.0,0.15,105.0,1.8e-06,190000.0,0.3,450.0,7.75e-06,70000.0,69935.25799373603,0,64.74200626403396,350.0000000000003,49.946408013257255,2482267477890.117,121896760781583.23,-0.0390625,49592194673.013145,49698618511.89079,348276459375.95245,348276459375.95184,3954248.6592727657,7.0276783880579226,47870047355.217285,349.9999999999999,92.9723851694285,1,1936173.8971159416,1936173.8971159416,2.3283064365386963e-09,-26.22790081564244,0.5548244799735568,0.0081062018232711,,,,,,328
800.0,400.0,9.444444444444445,100.0,1.0,20.0,17.88888888888889,300.0,2.0,30.0,15.25,300.0,7.0,30.0,16.0,20000.0,0.2,120.0,1.8e-06,200000.0,0.32,550.0,7.8e-06,320000.0,315100.00003331323,0,4899.999966687007,199.9999999999999,396.3110408635903,383525562461536.8,108087927216790.23,0.875,950052147281.8888,967738778172.334,540439636083.9509,540439636083.95154,174917278.33056685,225.2691357104713,117599845633427.62,200.0000000000001,574.7308607360553,1,1063786826.570276,1063786826.570276,-3.0547380447387695e-07,-22.74664913547167,72.87412614893421,0.0957540164078475,383502484726488.25,38350248.47264882,1e-07,45389360020.95158,0.000133332875603,329
100.0,300.0,20.0,122.22222222222224,1.0,20.0,13.666666666666668,255.5555555555556,4.0,10.0,,,,,28.0,27500.0,0.175,90.0,1.975e-06,195000.0,0.3,450.0,7.75e-06,30000.0,28855.55555813893,0,1144.4444418610642,150.00000000000006,44.81709964993397,860408344395.1475,7878039785208.855,-0.0068359375,15591937700.57282,19198215661.338875,52520265234.72572,52520265234.725685,2185563.1860340787,43.19690764863434,547931240651.5149,149.99999999999994,56.8030968346814,1,33500178.45439586,33500178.45439586,-3.725290298461914e-09,-11.57372858308372,24.66975498652769,0.2966303195430267,856122855520.3336,556479.8165675125,6.5e-07,980629639.380456,0.001474458582043,330
700.0,400.0,15.77777777777778,211.11111111111111,10.0,40.0,17.88888888888889,144.44444444444446,8.0,10.0,,,,,28.0,35000.0,0.175,75.0,2.15e-06,210000.0,0.3,550.0,7.75e-06,280000.0,276733.3333091686,0,3266.6666908313337,200.00000000000009,354.3065866616954,455865554281954.8,136998798283751.06,-2.625,1318698987868.2844,1286641489161.0002,684993991418.7556,684993991418.755,105059197.43092404,123.7562181027199,86348700921516.75,200.0000000000004,576.2437819090246,1,428352986.54645216,428352986.54645216,-2.123415470123291e-07,-22.77545241556072,40.68207896921458,0.0597338625911538,455855316635538.0,136756595.07999438,3e-07,59410345739.533264,0.0001512896430407,331
1000.0,200.0,15.77777777777778,122.22222222222224,9.0,20.0,15.77777777777778,188.88888888888889,8.0,40.0,5.75,25.967226777328133,5.0,40.0,12.0,50000.0,0.15,90.0,1.8e-06,190000.0,0.31,450.0,7.8e-06,199999.99999692285,197141.78597778192,0,2858.214019140733,100.00000000149213,497.9055700636233,912229304126866.4,33875680885048.266,-6976.4375,1816848086210.517,1832133157317.9631,338756808855.5373,338756808845.428,114715532.32603902,200.80059622567228,198782047977194.0,100.00000000622384,799.1994059572751,1,681345050.8462902,681345050.8462902,-0.0367547840578481,-9.868402174828589,47.56974763248038,0.0499623910221696,912222924994909.2,228055731.2814009,2.5e-07,85943324125.10631,0.0001060481196539,332
700.0,900.0,9.444444444444445,70.05557692032795,2.0,30.0,3.111111111111111,7.601878519797524,7.0,50.0,5.75,25.967226777328133,10.0,40.0,20.0,27500.0,0.25,90.0,2.325e-06,195000.0,0.29,550.0,7.850000000000001e-06,630000.0,629287.3311544766,0,712.668845522775,449.99999999999926,350.3136373146212,712802933015083.8,1188372104271199.5,4.5,2038406438104.1064,2034756449903.5083,2640826898380.439,2640826898380.448,231640735.15488183,53.14758371065352,15950198460651.123,449.9999999999997,646.8524168326538,1,118051074.1543473,118051074.1543473,8.102506399154663e-08,29.083462476350174,6.780056137246218,0.0104558782110003,712802565099581.2,178200641.28310198,2.5e-07,112113595403.91856,0.0001585729604032,333
600.0,800.0,3.111111111111111,7.601878519797524,8.0,50.0,5.222222222222222,21.41906843141929,9.0,30.0,,,,,12.0,42500.0,0.25,60.0,2.15e-06,200000.0,0.29,500.0,7.7e-06,480000.0,479746.4133406752,0,253.5866593246682,399.9999999999994,299.7192435938148,614760420563778.8,1090205976636915.6,4.0,2047285440203.8396,2051120953037.349,2725514941592.2847,2725514941592.293,123364983.83135734,34.92105714150182,11417074020811.75,400.00000000000006,565.0788622081371,1,56042009.31714993,56042009.31714993,-6.007030606269836e-08,-17.18607833432179,3.700257173252601,0.0065215538143056,614760347548398.4,122952069.49246372,2e-07,114308938406.614,0.0001869525587409,334
700.0,500.0,5.222222222222222,21.41906843141929,1.0,50.0,1.0,0.7853981633974483,7.0,10.0,20.0,300.0,3.0,30.0,16.0,20000.0,0.225,60.0,1.975e-06,190000.0,0.28,600.0,7.850000000000001e-06,350000.0,348173.0831589854,0,1826.9168410145087,250.0000000000005,349.2233935997022,291573403457030.25,159355258101950.3,-2.25,831222487865.3787,834919449271.622,637421032407.8026,637421032407.7999,106709761.04097076,128.92992798620384,33331481990970.938,250.00000000000009,571.0700737394279,1,378631906.4123291,378631906.4123291,-2.0116567611694339e-07,4.983021130406996,50.61250264123219,0.0734046448748835,291565231749950.0,72891307.94600368,2.5e-07,42152824564.26704,0.0001473776865149,335
900.0,700.0,3.111111111111111,7.601878519797524,2.0,30.0,7.333333333333334,42.23696789826278,5.0,40.0,20.0,300.0,5.0,20.0,16.0,42500.0,0.225,105.0,2.325e-06,195000.0,0.31,400.0,7.850000000000001e-06,630000.0,626773.611422683,0,3226.388577317296,350.0000000000005,449.65725512500654,1830350354414312.8,1142136496144532.0,-5.5,4064349598709.275,4070545584559.663,3263247131841.525,3263247131841.515,323871163.87153983,121.28636062989489,122987367838933.0,350.00000000000017,778.7136372408788,1,591101434.3956147,591101434.3956147,-8.195638656616212e-08,-0.0060176513798069,24.53204204936904,0.0286477719533118,1830336248454095.2,0.0,0.0,215475180232.59677,0.0001195185407331,336
400.0,200.0,1.0,0.7853981633974483,9.0,30.0,17.88888888888889,277.77777777777777,8.0,30.0,20.0,250.0,3.0,10.0,12.0,35000.0,0.15,60.0,1.8e-06,190000.0,0.28,600.0,7.75e-06,80000.0,76270.70917353983,0,3729.2908264601415,100.00000000000016,183.9234243702801,46501149614592.125,11807085933974.16,-0.25,215206805638.5664,252828859476.72787,118070859339.7418,118070859339.74142,18464951.287086528,163.38244508536,28261025810028.11,99.99999999999994,236.61758647768323,1,417161144.2067652,417161144.2067652,-2.3283064365386963e-09,3.5449845728071523,171.95629884787417,0.47625994455673,46486147018378.87,0.0,0.0,10783284939.285336,0.0003002639107561,337
100.0,100.0,7.333333333333334,42.23696789826278,7.0,40.0,11.555555555555555,104.87489549761482,2.0,20.0,15.25,300.0,3.0,30.0,4.0,20000.0,0.25,120.0,1.975e-06,195000.0,0.3,500.0,7.8e-06,10000.00001872927,8559.449376017517,0,1440.5506427117532,50.00000000258122,45.35836144171447,201993429049.37,208951419883.5547,-3832862.542114258,3696694213.038765,4453278792.024525,4179028397.886834,4179028397.4553537,804923.2122528926,49.66540662009028,133277897786.65623,50.00000000312846,50.33459281970684,1,16009641.746111332,16009641.743668873,-279.6531616410939,-14.479360116114549,41.11748605583816,0.5360701923215386,197557918117.85663,0.0,0.0,311923949.59453136,0.0018881105579757,338
200.0,300.0,17.88888888888889,255.5555555555556,8.0,40.0,5.222222222222222,21.41906843141929,2.0,30.0,1.0,0.7853981633974483,5.0,30.0,4.0,20000.0,0.25,90.0,2.15e-06,205000.0,0.29,500.0,7.9e-06,60000.0,57904.863412740175,0,2095.1365872598262,150.0,111.81936007131875,4809002112107.125,11136798596638.586,0.0,54535804185.55084,43006882788.81159,74245323977.59058,74245323977.59058,6731985.381488674,40.265761486428175,321267456099.70703,150.00000000000003,159.73423874345525,1,24540038.49722831,24540038.49722831,1.4275428839027882e-08,-38.46003678332266,32.958196739296895,0.1968959648506232,4800463992097.596,1200115.9323489314,2.5e-07,2963798342.5742207,0.0007486070928264,339
100.0,500.0,20.0,166.66666666666666,5.0,30.0,15.77777777777778,277.77777777777777,6.0,10.0,5.75,25.967226777328133,3.0,20.0,32.0,35000.0,0.225,105.0,2.325e-06,205000.0,0.3,600.0,7.850000000000001e-06,50000.00000051428,47346.86099296347,0,2653.139007550815,250.00000000000077,46.38193090643111,1748985248249.4854,47760999283151.8,-0.11328125,32619325496.36077,37708331974.74706,191043997132.60776,191043997132.60663,3643156.828567393,40.87957208609427,1003865866586.1776,249.99999999999983,59.12042853017541,1,74773053.83584562,74773053.83584562,-1.0477378964424132e-08,-29.833347509329545,32.09852854232918,0.3907269014892769,1739125018192.7722,150173452.18945813,8.635e-05,2151977982.633797,0.001519331445053,340
500.0,300.0,1.0,0.7853981633974483,10.0,30.0,20.0,166.66666666666666,9.0,40.0,10.5,100.0,7.0,10.0,8.0,20000.0,0.25,120.0,2.325e-06,205000.0,0.28,450.0,7.9e-06,150000.0,147092.14591873862,0,2907.8540812615206,149.99999999999986,235.11686870733615,75765363824255.38,29174131304793.844,0.046875,286033177932.13416,322245546399.16113,194494208698.62543,194494208698.62585,58245381.09007141,182.07022832441015,38265161498276.25,150.0,317.92954625650475,1,425235897.8722316,425235897.8722316,1.396983861923218e-07,-15.342331079096766,50.33813529122853,0.1118625228693967,75759000977919.1,18939750.323463462,2.5e-07,14150095246.109356,0.0002288947342038,341
600.0,800.0,17.88888888888889,144.44444444444446,9.0,20.0,3.111111111111111,7.601878519797524,4.0,40.0,,,,,24.0,42500.0,0.15,120.0,2.15e-06,210000.0,0.3,600.0,7.9e-06,480000.0,478669.5924957193,0,1330.4075042808558,399.9999999999997,302.79816036537983,628179567028103.0,1100857851664605.0,7.0,2113646294384.9429,2074581847756.5803,2752144629161.5107,2752144629161.514,176459972.18085602,19.024302814787948,1966079170820.4373,400.00000000000006,580.9756992816317,1,28637191.69242928,28637191.69242928,4.051253199577332e-08,34.65371948611755,11.649818544238393,0.0208611951627323,628176425737347.0,125635284.9743514,2e-07,112128708315.23802,0.0001841132981568,342
100.0,500.0,17.88888888888889,277.77777777777777,6.0,20.0,17.88888888888889,166.66666666666666,10.0,20.0,,,,,12.0,50000.0,0.25,90.0,2.15e-06,205000.0,0.3,400.0,7.850000000000001e-06,50000.0,46666.66662891437,0,3333.3333710856214,250.00000000000009,50.000000034148165,2321525886946.5654,63126432741577.22,-0.03125,46430517770.64165,46430517707.22097,252505730966.30893,252505730966.3088,2907158.5401328257,31.873385863031302,807094189016.1738,250.00000000000017,68.12661492278869,1,42386420.95085429,42386420.95085429,-1.862645149230957e-09,37.14040215309069,25.490966535243512,0.3587469877708238,,,,,,343
200.0,700.0,11.555555555555555,104.87489549761482,5.0,30.0,17.88888888888889,300.0,9.0,10.0,20.0,200.0,10.0,20.0,16.0,50000.0,0.225,60.0,2.15e-06,205000.0,0.28,450.0,7.9e-06,140000.00000490798,133149.0557167529,0,6850.944288155097,350.0000000000006,95.94350047874764,27125290709233.016,365654927850171.25,-0.90625,260678485573.05145,282721503529.481,1044728365286.2054,1044728365286.2017,14453678.9071541,70.28619816500287,13009410934279.057,350.00000000000057,129.713894813858,1,282367222.9713361,282367222.9713361,-4.3213367462158203e-07,24.649781370382694,67.70483125879085,0.3718197573384471,27100677331033.266,20325507.720298976,7.5e-07,13395899098.475708,0.0005998138440231,344
700.0,1000.0,15.77777777777778,211.11111111111111,4.0,40.0,9.444444444444445,70.05557692032795,1.0,20.0,1.0,0.7853981633974483,3.0,30.0,24.0,27500.0,0.2,90.0,2.5e-06,200000.0,0.31,400.0,7.850000000000001e-06,700000.0,699080.7876208684,0,919.2123791315212,500.00000000000017,352.0644109993048,800548684108599.0,1621629828191845.0,-5.0,2300853115968.54,2273869948502.6333,3243259656383.691,3243259656383.689,258861893.0500116,29.99978988224828,6257538371538.75,500.0,670.0001924447106,1,34854808.77525591,34854808.77525591,4.2113242670893676e-08,32.30498739544538,5.72409866401895,0.0084766578330833,800545768258724.9,200136442.12478223,2.5e-07,120664221250.96233,0.0001538224508562,345
1000.0,500.0,5.222222222222222,21.41906843141929,4.0,20.0,11.555555555555555,104.87489549761482,2.0,20.0,,,,,24.0,42500.0,0.2,120.0,1.975e-06,190000.0,0.29,450.0,7.9e-06,500000.0,499704.5739336072,0,295.4260663928402,249.9999999999997,499.5943072631503,1780667706161040.0,444627054458366.8,4.5,3558448139193.0264,3564227374638.824,1778508217833.465,1778508217833.469,303166377.38594973,58.251527435499,34852814857332.25,250.00000000000017,941.7483878899948,1,92653082.2748929,92653082.2748929,7.450580596923828e-09,21.433083220741537,3.1046724196520192,0.0031868215984538,1780667345732519.0,178066734.5732519,1e-07,185272716215.76297,0.000104756624085,346
100.0,200.0,3.111111111111111,7.601878519797524,7.0,20.0,7.333333333333334,42.23696789826278,9.0,30.0,,,,,28.0,42500.0,0.15,60.0,2.5e-06,205000.0,0.3,500.0,7.850000000000001e-06,20000.0,19566.654124269557,0,433.3458757304418,99.9999999999998,49.1710592518638,731389288580.7905,2970445996975.957,0.0146484375,14389229399.93805,14874385455.771276,29704459969.75951,29704459969.75963,894622.1911171647,26.745398504656908,176833627911.7854,100.00000000000004,73.25458401386807,1,10729270.9070051,10729270.9070051,0.0,-5.1140211084493785,22.096060360427867,0.3331064377580336,731120775110.6508,402116.42135153833,5.5e-07,1243649927.7134538,0.0017657984676593,347
200.0,100.0,11.555555555555555,100.0,5.0,10.0,1.0,0.7853981633974483,2.0,40.0,15.25,300.0,1.0,50.0,32.0,35000.0,0.225,120.0,2.325e-06,190000.0,0.3,550.0,7.9e-06,20035.848715370343,19205.30100010882,0,830.5477152615208,50.00000000046,104.9877418652022,2582072499647.756,592266009958.1077,41.158203125,27176203895.548546,24594037873.13549,11845320199.27113,11845320199.053177,2540190.9009562214,46.01635026115416,350334217989.38574,50.00000000122835,153.98366734961394,1,24122930.221913688,24122930.221913688,0.0015858232509344,-5.380519308033399,33.20331021179784,0.208171223898419,2579136813710.578,6576798.975936688,2.55e-06,1360351281.66898,0.0005921275668319,348
500.0,500.0,7.333333333333334,42.23696789826278,4.0,10.0,1.0,0.7853981633974483,4.0,50.0,,,,,32.0,50000.0,0.25,90.0,1.8e-06,210000.0,0.32,500.0,7.75e-06,250000.0,249827.9105416312,0,172.0894583688401,250.0000000000001,250.50195051942487,261943418212450.0,261266655904171.0,-1.125,1049881627362.557,1045674166086.5348,1045066623616.6844,1045066623616.6836,65472898.69356685,6.592079808155325,133700584470.75,249.99999999999997,493.4078840638487,1,1761454.0876936645,1761454.0876936645,3.448803909122944e-09,14.04121558071364,2.6792810947216785,0.005960580855888,261943298985068.56,78582989.6703678,3e-07,54984993491.85224,0.0002114529149822,349
1000.0,300.0,1.0,0.7853981633974483,10.0,50.0,15.77777777777778,255.5555555555556,3.0,50.0,10.5,100.0,3.0,20.0,8.0,50000.0,0.175,60.0,2.15e-06,200000.0,0.3,400.0,7.75e-06,300000.0,298625.47934651416,0,1374.5206534858582,150.0000000000004,496.7131306297847,1275537331297056.0,115054918560897.69,-3.0,2534414086529.202,2567955732677.7266,767032790405.9866,767032790405.9825,131282577.18125483,147.66509279524743,131450724029956.5,149.99999999999983,852.3348701652745,1,397690846.1022756,397690846.1022756,2.700835466384888e-08,6.764025995587872,42.617013699318726,0.0452356555418214,1275533257511577.0,318883314.4528656,2.5e-07,138550994765.4525,0.0001114680069658,350
1000.0,800.0,11.555555555555555,122.22222222222224,8.0,30.0,5.222222222222222,21.41906843141929,9.0,40.0,1.0,0.7853981633974483,10.0,20.0,24.0,20000.0,0.225,105.0,2.5e-06,190000.0,0.29,500.0,7.8e-06,800000.0,798813.7426207425,0,1186.257379256972,400.0000000000006,503.8381245231232,1375928158662084.5,865640664695072.0,-3.5,2773143658689.287,2730893300232.856,2164101661737.6836,2164101661737.6765,461724931.71048754,61.14470863338448,31487018159923.75,399.99999999999966,938.8552866903872,1,111066817.832806,111066817.832806,1.2310920283198357e-08,15.561091511341315,9.892741447388556,0.0103330439308852,1375926288524686.5,412777886.6817728,3e-07,143268368591.03903,0.0001076537686112,351
700.0,900.0,17.88888888888889,188.88888888888889,5.0,30.0,13.666666666666668,146.6949236301234,8.0,10.0,5.75,25.967226777328133,7.0,10.0,32.0,42500.0,0.225,60.0,2.5e-06,195000.0,0.3,400.0,7.7e-06,630000.0,627518.4549955659,0,2481.5450044341087,450.00000000000114,349.4314388217436,1128553840069606.0,1845682644171640.8,-15.5,3219210063436.81,3229686040486.2373,4101516987048.1016,4101516987048.0806,194249961.50272867,88.10178346278389,97226600285674.0,449.9999999999997,611.8981923811745,1,375688921.578516,375688921.578516,-5.038455128669739e-07,-37.78348281043873,24.449082970688806,0.0357878745562915,1128548253725257.0,282137063.4544718,2.5e-07,162833233159.79202,0.0001500146256168,352
300.0,600.0,5.222222222222222,21.41906843141929,2.0,20.0,7.333333333333334,42.23696789826278,10.0,40.0,,,,,8.0,35000.0,0.25,75.0,2.325e-06,195000.0,0.28,600.0,7.850000000000001e-06,180000.0,179534.7922371903,0,465.2077628097762,300.0000000000002,149.00967213640286,48119317180417.0,191336679715996.0,-0.75,318691388125.7839,322927475045.8398,637788932386.6538,637788932386.6528,26368263.142853912,40.9564707351409,4304052840597.8975,300.0000000000001,259.0434200846766,1,64464529.82825094,64464529.82825094,-2.8870999813079837e-08,16.190154134215845,8.690534872466179,0.0339032569907338,48119026051004.55,9623805.216513695,2e-07,18519058563.44761,0.0003928922176843,353
700.0,700.0,11.555555555555555,104.87489549761482,10.0,10.0,17.88888888888889,122.22222222222224,2.0,50.0,,,,,20.0,50000.0,0.15,90.0,1.8e-06,210000.0,0.28,500.0,7.75e-06,490000.0,488706.8065972677,0,1293.1934027323937,349.99999999999983,351.8091668865693,1022394807694610.4,1011368122944644.4,0.0,2936305929000.558,2906106218728.0986,2889623208413.269,2889623208413.2715,181960312.5164933,39.246319398051,19391188365053.125,350.00000000000006,660.7536357687266,1,81650830.54920873,81650830.54920873,-2.60770320892334e-07,63.81508651077456,10.373639801696344,0.0161821229229921,1022392470836972.4,255598117.55279663,2.5e-07,148637056521.4555,0.0001493947846946,354
700.0,300.0,7.333333333333334,42.23696789826278,8.0,50.0,1.0,0.7853981633974483,3.0,50.0,,,,,20.0,27500.0,0.175,105.0,1.8e-06,190000.0,0.32,500.0,7.8e-06,210000.0,209659.7480495088,0,340.25195049121334,149.99999999999986,352.7711164894424,240623923753194.25,43533591469015.91,1.0,692983605858.0017,682096443007.39,290223943126.77246,290223943126.773,83872904.02959472,23.262904996180804,269748428829.9844,150.00000000000006,676.7371607588394,1,9262792.395102356,9262792.395102356,-6.730260793119669e-09,10.426658392785724,7.566975063652418,0.0116504619917666,240623707779656.47,48124741.572087705,2e-07,39320126088.33872,0.0001671123513497,355
500.0,500.0,3.111111111111111,7.601878519797524,5.0,20.0,11.555555555555555,104.87489549761482,8.0,20.0,,,,,24.0,35000.0,0.15,105.0,2.5e-06,200000.0,0.29,600.0,7.9e-06,250000.0,249122.9914636929,0,877.008536307101,249.9999999999997,246.67133802804344,189481461310741.44,185439284753000.44,1.4375,747966928952.228,768153539140.4078,741757139012.0009,741757139012.0027,74214468.39339699,86.01455622878252,29027978663234.625,249.9999999999999,413.9854359747119,1,235830778.39692405,235830778.39692405,1.862645149230957e-09,-20.268533189497248,13.776592487378585,0.0290509213616677,189480056604671.38,56844016.86297172,3e-07,39758906402.78056,0.0002193218395107,356
500.0,500.0,20.0,188.88888888888889,6.0,30.0,3.111111111111111,7.601878519797524,6.0,10.0,,,,,20.0,20000.0,0.25,120.0,2.325e-06,195000.0,0.3,550.0,7.75e-06,250000.0,248821.05543575203,0,1178.94456424801,250.0000000000001,257.63433249153906,113066533569631.5,108463135675288.56,-0.5625,466512170357.9752,438864387662.0936,433852542701.1545,433852542701.154,79324055.18671279,33.272698429965615,1978824517456.344,249.9999999999999,466.7272581622246,1,32822944.628415275,32822944.628415275,6.810296326875688e-08,21.74214359376765,15.141015533624246,0.0309984394483661,113063205874583.4,33918961.841868535,3e-07,21789869536.02033,0.0002099921628188,357
400.0,200.0,3.111111111111111,7.601878519797524,5.0,10.0,20.0,144.44444444444446,3.0,30.0,5.75,25.967226777328133,3.0,30.0,24.0,50000.0,0.25,90.0,2.5e-06,210000.0,0.3,400.0,7.850000000000001e-06,80000.0,79372.85389746794,0,627.1461025320547,100.0,197.6604961214977,55433791928578.69,13627152455388.07,-0.125,273964257428.76547,280449523381.2664,136271524553.88068,136271524553.88072,17559813.399350274,76.18404222698527,9389112737051.672,100.00000000000006,323.81602655976553,1,72081912.57262146,72081912.57262146,3.841705620288849e-09,6.434908403060035,17.89543254978472,0.0497095348605131,55432673392165.02,5543267.339216502,1e-07,14055465367.341648,0.0002662136094033,358
800.0,900.0,13.666666666666668,277.77777777777777,7.0,40.0,3.111111111111111,7.601878519797524,9.0,10.0,15.25,150.0,3.0,50.0,16.0,35000.0,0.2,120.0,1.8e-06,210000.0,0.31,450.0,7.850000000000001e-06,720000.0,717087.1386405173,0,2912.861359482846,449.9999999999999,404.385332856088,1391421585561118.5,1749427660852177.0,-1.0,3517113244577.87,3440830990911.076,3887617024115.948,3887617024115.9497,355385627.19657165,66.64972758885763,38352165214395.75,449.9999999999998,733.3503244220109,1,224480964.6860385,224480964.6860385,-1.4901161193847656e-07,5.230312719300855,17.003797979423727,0.0215662601201554,1391410295827315.5,626134632.5021902,4.5e-07,172436519977.30832,0.000128944026604,359
600.0,500.0,5.222222222222222,21.41906843141929,6.0,30.0,3.111111111111111,7.601878519797524,7.0,30.0,15.25,200.0,3.0,30.0,16.0,35000.0,0.2,90.0,2.5e-06,200000.0,0.28,400.0,7.9e-06,300000.0,298618.27244018787,0,1381.727559812148,250.0,300.2990739622865,319519808112087.5,228337470208575.72,0.0,1066128864986.8236,1064005306097.6632,913349880834.3029,913349880834.3032,95172383.0764436,80.66747821642966,20119471161471.938,250.00000000000003,519.3323410432066,1,153801833.04126403,153801833.04126403,6.705522537231445e-08,16.282535140941036,17.207521396794093,0.0302712456153385,319515938113368.44,367443328.864062,1.15e-06,58566679362.9663,0.0001862952522706,360
900.0,900.0,13.666666666666668,277.77777777777777,4.0,20.0,15.77777777777778,211.11111111111111,10.0,30.0,,,,,12.0,35000.0,0.225,120.0,1.8e-06,195000.0,0.31,600.0,7.850000000000001e-06,810000.0,806777.7777461277,0,3222.222253872424,450.00000000000017,447.7837827515679,2002694180078336.0,1954692143392103.2,-7.0,4428620875792.529,4472458041629.073,4343760318649.12,4343760318649.116,461937046.72888887,133.55869364517736,245559075000144.0,449.9999999999996,766.4412996070737,1,1085346747.15685,1085346747.15685,1.0579824447631836e-06,-24.671694725795533,19.56452590672908,0.0226937405741943,2002682475461164.8,600804742.3824605,3e-07,224772689068.28204,0.0001182450233447,361
900.0,600.0,9.444444444444445,122.22222222222224,9.0,50.0,3.111111111111111,7.601878519797524,8.0,50.0,5.75,25.967226777328133,7.0,20.0,28.0,27500.0,0.2,90.0,2.15e-06,200000.0,0.3,500.0,7.850000000000001e-06,540000.0,538475.6438260088,0,1524.3561739909617,300.000000000002,454.6797441985485,1035828247879005.0,456657830803441.5,-27.25,2326029939991.849,2278149095260.0737,1522192769344.8152,1522192769344.795,259349039.6570545,65.61423260916678,22726314136355.75,299.9999999999997,834.3859049142543,1,131274086.57164772,131274086.57164772,2.169981598854065e-07,0.0113165198672504,19.77417279947767,0.0233063849114419,1035825949819443.2,362539082.613617,3.5e-07,125521743256.32368,0.0001256402795398,362
100.0,100.0,1.0,0.7853981633974483,6.0,30.0,13.666666666666668,146.6949236301234,4.0,20.0,20.0,250.0,1.0,20.0,8.0,27500.0,0.15,105.0,1.8e-06,210000.0,0.29,550.0,7.8e-06,10000.0,8908.50789910265,0,1091.4921008973563,49.99999999999998,44.45088147773365,275736178015.1096,301009921273.70264,-0.0001220703125,4963826345.949726,6203165580.714782,6020198425.4740505,6020198425.474055,762762.3875841547,48.91273678239234,184435643539.4662,49.99999999999999,51.08723489103524,1,16071603.687231332,16071603.687231332,8.149072527885436e-10,-16.060677659115754,43.04191025185725,0.5882721210270091,,,,,,363
100.0,900.0,15.77777777777778,122.22222222222224,7.0,10.0,3.111111111111111,7.601878519797524,4.0,30.0,,,,,8.0,20000.0,0.2,75.0,2.5e-06,195000.0,0.28,400.0,7.8e-06,90000.0,89114.03685643367,0,885.9631435663536,449.9999999999996,52.40894819318035,1646306284503.9414,134444042274755.06,0.109375,34592769480.83822,31412694611.531338,298764538388.3443,298764538388.34485,4488691.603259934,12.054352243871415,36669809340.586914,450.0,87.94555230615552,1,5795559.144942079,5795559.144942079,1.257285475730896e-07,24.244793459153698,7.355923346554597,0.10747290638097,1644680006570.9817,411170.0087071478,2.5e-07,2305613585.0391464,0.0015482992975421,364
300.0,800.0,5.222222222222222,21.41906843141929,2.0,30.0,5.222222222222222,21.41906843141929,3.0,20.0,,,,,20.0,50000.0,0.175,60.0,2.325e-06,205000.0,0.28,500.0,7.9e-06,240000.0,239892.90465331805,0,107.09534668199966,399.99999999999983,149.95927927985704,90253135371348.38,641841919609494.2,0.0,601524272465.2675,601850954504.2301,1604604799023.7349,1604604799023.7363,30768655.15275976,13.498367393360091,953363634523.3204,400.00000000000006,286.5018387385747,1,9575925.701694077,9575925.701694077,2.2817403078079224e-08,17.1624029998311,1.5634143983848647,0.0056361824878551,90253097945471.8,9025309.794547182,1e-07,35296440293.033585,0.0003924653742127,365
300.0,200.0,13.666666666666668,100.0,7.0,20.0,15.77777777777778,100.0,8.0,30.0,,,,,12.0,20000.0,0.175,90.0,2.15e-06,200000.0,0.3,450.0,7.8e-06,60000.0,58500.0000065548,0,1499.9999934451594,100.0,149.5748299515169,12723228017923.045,4540017470459.146,-0.01953125,84581775867.8435,85062627328.72331,45400174704.59147,45400174704.59146,13315086.482784076,95.14828321090856,6199091114899.973,100.00000000000004,204.85175117796337,1,89817002.29405709,89817002.29405709,9.778887033462524e-09,-11.47940836811904,27.882082130340983,0.1063750484440203,12720840687547.55,2544168.138134518,2e-07,3563790471.9371,0.0004058372939853,366
900.0,500.0,3.111111111111111,7.601878519797524,2.0,30.0,1.0,0.7853981633974483,10.0,10.0,,,,,8.0,50000.0,0.15,105.0,2.15e-06,205000.0,0.3,600.0,7.9e-06,450000.0,449976.9422520365,0,23.057747963558096,250.00000000000009,450.0200441679929,1519397767237802.0,468890901524095.25,0.0,3376589884828.215,3376289094071.1284,1875563606096.3816,1875563606096.3804,228338009.58271503,10.877827651917809,1254996100318.9062,249.99999999999991,889.122172528987,1,4468834.757006933,4468834.757006933,-4.365574568510056e-11,-18.73512813538736,0.3686851575226217,0.0004144858431957,1519397765254046.5,683728994.3628231,4.5e-07,172765549069.46027,0.0001137668698795,367
400.0,800.0,5.222222222222222,21.41906843141929,7.0,30.0,17.88888888888889,277.77777777777777,1.0,40.0,,,,,32.0,42500.0,0.225,105.0,1.975e-06,210000.0,0.32,450.0,7.850000000000001e-06,320000.0,319572.2887366124,0,427.7112633875739,400.0000000000001,199.7934045954476,183099147954633.6,726840952620614.2,-2.375,914551029573.4752,916442403718.8942,1817102381551.536,1817102381551.5352,72916335.59872727,33.02721407418408,6309585561534.625,399.99999999999983,366.97278946953753,1,45813206.00219039,45813206.00219039,8.069491499870444e-09,30.08413159122574,3.2106087765759166,0.009145586008458,183097804865952.2,64084231.69037293,3.5e-07,54074033369.55007,0.0002987744881909,368
800.0,400.0,13.666666666666668,255.5555555555556,6.0,20.0,17.88888888888889,122.22222222222224,6.0,40.0,20.0,150.0,5.0,10.0,16.0,50000.0,0.175,75.0,1.8e-06,210000.0,0.28,450.0,7.8e-06,320000.0,316233.33341616706,0,3766.666583832737,199.9999999999999,403.1930436140185,908819343892564.0,226754381369678.4,4.75,2290331178086.8545,2254055118973.202,1133771906848.391,1133771906848.3926,128836553.6410358,124.75762000879088,106878418554142.23,200.0,675.242381382266,1,491476052.7253405,491476052.7253405,2.4959444999694824e-07,18.43679900032293,37.83151992419503,0.0503711338621943,908807537160741.2,318082638.13879216,3.5e-07,112228169260.20695,0.0001336910022151,369
700.0,800.0,9.444444444444445,100.0,1.0,30.0,13.666666666666668,233.3333333333333,6.0,40.0,5.75,25.967226777328133,7.0,50.0,32.0,35000.0,0.175,90.0,2.325e-06,205000.0,0.31,600.0,7.75e-06,560000.0,558136.4588299948,0,1863.5411700051009,400.0000000000008,346.6651423366263,825160521550375.0,1065864478371418.0,-18.0,2335349891621.831,2380281201589.948,2664661195928.55,2664661195928.54,212909684.8005592,110.7622126520334,103056538307279.0,400.00000000000045,589.2377725031616,1,614598173.6855689,614598173.6855689,-9.872019290924072e-08,-28.51701780753683,21.339177589921302,0.0326703407828249,825154874713358.6,536350668.9289917,6.5e-07,126589723805.9092,0.0001588178267086,370
1000.0,1000.0,11.555555555555555,104.87489549761482,9.0,10.0,1.0,0.7853981633974483,9.0,10.0,10.5,86.59014751456867,10.0,40.0,20.0,20000.0,0.15,105.0,2.15e-06,205000.0,0.3,400.0,7.8e-06,1000000.0,997317.2544388748,0,2682.7455611249184,500.00000000000273,504.05281366356223,1728303196105653.0,1748050968307744.0,-25.0,3484853314468.0786,3428813706135.2373,3496101936615.507,3496101936615.4688,579725606.3348515,111.18142965238488,89226511626730.25,499.99999999999886,888.818761579372,1,349320391.55877423,349320391.55877423,9.5367431640625e-07,-34.588917431123264,11.85857789035519,0.0119844142398738,1728299134037229.0,518489740.3773044,3e-07,169986979330.75064,0.0001022006680761,371
600.0,700.0,3.111111111111111,7.601878519797524,7.0,50.0,20.0,255.5555555555556,2.0,20.0,10.5,86.59014751456867,10.0,40.0,4.0,42500.0,0.15,75.0,2.325e-06,205000.0,0.28,600.0,7.8e-06,420000.0,417703.8728890475,0,2296.127110952384,349.99999999999943,298.720870764947,547252282257540.5,762855227600977.8,5.5,1816429447492.804,1831985427921.9556,2179586364574.2185,2179586364574.2256,123190624.3720695,92.46766175955727,55178783519168.375,349.9999999999998,507.532298453007,1,476480114.6834372,476480114.6834372,8.381903171539307e-07,-18.37237485122023,36.27928858167626,0.0636478747046952,547247698775388.94,136811924.61226314,2.5e-07,98716244802.65428,0.0001850116892125,372
600.0,900.0,7.333333333333334,42.23696789826278,7.0,50.0,7.333333333333334,42.23696789826278,9.0,50.0,,,,,32.0,35000.0,0.2,75.0,1.975e-06,205000.0,0.29,600.0,7.9e-06,540000.0,539324.2085287133,0,675.7914712871268,449.99999999999886,299.81396222346285,573970935292996.0,1283488895213266.5,11.5,1912050738749.776,1914423634697.8176,2852197544918.363,2852197544918.3774,156320010.11820135,49.722150776479424,20510764319597.75,450.0000000000002,550.2778521816234,1,132616210.75138605,132616210.75138605,-3.725290298461914e-09,23.98434772245673,8.416305465328573,0.0154050740701209,573970469618525.6,545271946.1676686,9.5e-07,114884683060.64864,0.0002029561083328,373
100.0,600.0,9.444444444444445,70.05557692032795,2.0,40.0,17.88888888888889,188.88888888888889,6.0,30.0,1.0,0.7853981633974483,3.0,20.0,12.0,42500.0,0.175,105.0,2.15e-06,200000.0,0.3,500.0,7.75e-06,60000.0,58721.84313068653,0,1278.1568693134584,300.0000000000004,49.32428784993605,2148995968284.1543,84353158814618.66,-0.125,42406823251.35203,43568717602.61898,281177196048.72925,281177196048.72845,3466525.797395558,25.86572580652159,442006001373.0576,300.0,74.13424676105409,1,33814962.06339038,33814962.06339038,-7.319613359868526e-08,22.766725270896814,14.212311708243178,0.2327767160600252,,,,,,374
400.0,100.0,5.222222222222222,21.41906843141929,4.0,10.0,9.444444444444445,70.05557692032795,1.0,40.0,1.0,0.7853981633974483,3.0,50.0,8.0,42500.0,0.2,120.0,2.15e-06,200000.0,0.31,600.0,7.7e-06,40000.01052409018,39876.9644545582,0,123.04606953199249,49.99999999990717,199.83918321467627,23203556925041.523,1416787220880.3672,-28.421875,115924571540.53172,116111147732.8008,28335744417.554733,28335744417.659958,9876192.602848493,44.666163356144594,1508820379616.336,49.99999999924837,355.3337139966849,1,15483388.975014511,15483388.975014511,0.000926613756178,-7.4860816160199875,7.523503113061285,0.0211763965520559,23203467624729.254,4640693.525222364,2e-07,6022052670.922157,0.0002668493091973,375
900.0,700.0,20.0,211.11111111111111,2.0,10.0,11.555555555555555,188.88888888888889,4.0,50.0,10.5,86.59014751456867,7.0,30.0,12.0,35000.0,0.2,105.0,2.325e-06,210000.0,0.29,400.0,7.75e-06,630000.0,627609.960218671,0,2390.039781329312,350.0000000000003,449.2630643716472,1531653719594205.0,935749985624928.4,-9.0,3398110069366.7207,3409258051819.644,2673571387499.798,2673571387499.793,329382422.96564525,123.05481006801284,133652139190334.23,349.9999999999994,776.9451867462046,1,459777285.53696096,459777285.53696096,-4.3585896492004405e-07,-35.54073133375641,16.24565125870373,0.0192433352589149,1531648091040289.5,306329618.1583848,2e-07,172389000342.25623,0.0001163130670812,376
1000.0,700.0,11.555555555555555,188.88888888888889,4.0,50.0,13.666666666666668,233.3333333333333,9.0,30.0,,,,,28.0,50000.0,0.225,90.0,2.5e-06,190000.0,0.32,550.0,7.850000000000001e-06,700000.0,697144.4444830717,0,2855.5555169287045,350.0000000000009,497.4807141306387,3000392394008959.0,1446274832615429.5,-33.0,5970700982785.691,6031173287294.619,4132213807472.6665,4132213807472.645,377630442.110118,135.59538326477437,303033539832730.0,350.00000000000006,864.4044033725122,1,1108443682.4416366,1108443682.4416366,-9.685754776000977e-08,-14.87435056164395,32.52926486250971,0.0337732460961096,3000382828411830.0,750095706.7908195,2.5e-07,311860270786.0504,0.0001077856580831,377
1000.0,200.0,13.666666666666668,188.88888888888889,2.0,10.0,5.222222222222222,21.41906843141929,3.0,20.0,,,,,8.0,35000.0,0.2,90.0,2.5e-06,210000.0,0.29,600.0,7.75e-06,200000.0,199557.9650032236,0,442.03499677641184,100.0,503.7548546942467,601230943584966.0,23836514032318.062,-0.125,1211560353330.0613,1193499056103.156,238365140323.18063,238365140323.18063,106755247.10061678,53.55506776480407,11965294927406.312,100.0,946.4449289224964,1,38771424.04794538,38771424.04794538,-3.958120942115784e-09,18.912695064311265,11.549037522932782,0.0118162152812101,601229727835749.9,120245945.59372447,2e-07,60058731170.39839,0.0001033768901199,378
800.0,500.0,17.88888888888889,233.3333333333333,1.0,10.0,13.666666666666668,122.22222222222224,8.0,30.0,,,,,24.0,50000.0,0.25,90.0,2.325e-06,205000.0,0.29,500.0,7.75e-06,400000.0,398788.8889110763,0,1211.1110889236195,249.9999999999999,397.9562619762597,1091824677501652.4,419620250126080.8,3.25,2715686315296.3257,2743579588569.9263,1678481000504.3225,1678481000504.3235,171784016.7482069,101.81084281048383,96717962674847.5,249.99999999999997,698.1891571979154,1,369907421.0068383,369907421.0068383,2.421438694000244e-08,-20.960146269993857,16.101249850652295,0.0210979469534877,1091821839366338.0,272955459.9034722,2.5e-07,139306513792.4459,0.0001313956327523,379
400.0,100.0,7.333333333333334,42.23696789826278,6.0,10.0,15.77777777777778,211.11111111111111,7.0,40.0,,,,,12.0,42500.0,0.25,75.0,1.8e-06,190000.0,0.32,550.0,7.75e-06,40000.00000177028,39465.02719188244,0,534.9728098878486,49.99999999989255,200.3643240145172,24925734225472.97,1440913349067.422,-88.58984375,124856111526.3062,124402057841.72932,28818266981.286503,28818266981.41037,8365332.466686961,76.40141202587117,4846157881252.742,49.99999999953996,323.5985881815828,1,52872927.05751546,52872927.05751546,0.000553404999664,-3.489773157183663,21.747153415922597,0.0617621901608642,24924886023398.8,6231221.506821849,2.5e-07,5952485795.92925,0.0002681266045509,380
700.0,600.0,7.333333333333334,42.23696789826278,4.0,20.0,7.333333333333334,42.23696789826278,5.0,50.0,,,,,16.0,27500.0,0.25,60.0,1.8e-06,200000.0,0.29,400.0,7.7e-06,420000.0,419619.8673065768,0,380.1326934232018,300.0000000000002,349.8893947909893,477927660295778.8,348841823998738.1,-0.25,1365076216444.4097,1365939257979.7244,1162806079995.795,1162806079995.793,126966239.95407334,54.08031865692176,15712311183377.562,300.0000000000001,645.9196888675542,1,55801544.62421292,55801544.62421292,0.0,12.3108627196234,5.91784328964056,0.0091560236559597,477927404774992.3,95585480.95114426,2e-07,72156179328.07605,0.000153221415032,381
900.0,600.0,11.555555555555555,144.44444444444446,9.0,40.0,13.666666666666668,146.6949236301234,2.0,40.0,20.0,100.0,5.0,20.0,28.0,50000.0,0.2,105.0,2.5e-06,190000.0,0.3,550.0,7.9e-06,540000.0,537406.6101180282,0,2593.3898819721485,300.0000000000003,452.0861117440028,1863869197227870.0,828977174055736.0,-17.0,4161222159207.9966,4122818969239.4272,2763257246852.456,2763257246852.4507,278825731.76542073,83.83694258521442,71435480679160.25,299.99999999999966,816.1630520771612,1,393424470.4886767,393424470.4886767,4.6193599700927734e-07,-44.2888488847384,27.137250371826937,0.0318076777177079,1863864195944740.8,652352468.3237884,3.5e-07,223715465697.1009,0.0001235139627942,382
1000.0,700.0,5.222222222222222,21.41906843141929,6.0,20.0,3.111111111111111,7.601878519797524,8.0,50.0,,,,,8.0,27500.0,0.25,60.0,1.975e-06,205000.0,0.32,550.0,7.75e-06,700000.0,699810.6705574344,0,189.3294425657497,349.99999999999943,500.31368904570064,1611534348940747.0,787594769037470.0,5.0,3225092049976.402,3221047883008.34,2250270768678.482,2250270768678.4893,299401555.3974709,34.020397550972035,10680286890857.877,349.99999999999983,965.9794804292844,1,33168415.795824077,33168415.795824077,3.8184225559234626e-08,14.74935683818876,3.47399092255437,0.0036628301675496,1611534296554235.5,0.0,0.0,167933189841.64838,0.0001047297829215,383
500.0,1000.0,20.0,277.77777777777777,9.0,10.0,1.0,0.7853981633974483,5.0,30.0,,,,,32.0,20000.0,0.225,90.0,2.15e-06,210000.0,0.29,500.0,7.9e-06,500000.0,497496.07311520335,0,2503.926884796573,499.99999999999983,260.41321726785856,232371342243423.12,879026065858652.0,3.5,969883812427.2272,892317773580.625,1758052131717.3037,1758052131717.3047,139676949.77767724,15.92852353623483,216827666736.5,500.0000000000001,484.0714921270302,1,12768416.049246918,12768416.049246918,1.6669509932398796e-06,35.671139630953974,13.075640697456627,0.027850139930685,232359738235786.1,58089934.17714471,2.5e-07,44888663432.86987,0.0002168485945314,384
400.0,100.0,7.333333333333334,42.23696789826278,5.0,40.0,20.0,233.3333333333333,1.0,50.0,20.0,200.0,10.0,10.0,28.0,27500.0,0.2,105.0,1.8e-06,195000.0,0.32,400.0,7.7e-06,40000.0,35555.48177985532,0,4444.518220144671,50.00000000000006,202.99820038640829,20348322156300.875,1554523076168.0234,-0.0078125,103290031848.50597,100238928806.10628,31090461523.360504,31090461523.36043,12325720.419704406,156.6952929505655,11021609370140.156,50.00000000000004,243.3045755006306,1,208115949.6235641,208115949.6235641,7.916241884231567e-09,-10.603462841296276,122.40364233661008,0.3600107127547355,20334924864234.0,13217701.12027673,6.5e-07,4502753872.024467,0.0003181973745121,385
700.0,1000.0,20.0,277.77777777777777,8.0,10.0,15.77777777777778,277.77777777777777,10.0,50.0,,,,,12.0,42500.0,0.15,120.0,2.5e-06,205000.0,0.28,450.0,7.8e-06,700000.0,695000.000205874,0,4999.999794126342,499.9999999999998,349.5848165044288,1292645871166490.5,2550787107564141.0,-9.0,3688898004566.14,3697660224754.397,5101574215128.279,5101574215128.284,314515920.9312517,112.36626420012952,183003409872811.5,500.00000000000034,587.6338234311589,1,795606717.3433512,795606717.3433512,-5.662441253662109e-07,-83.39017636948847,17.448804197272597,0.0271741197030085,1292623213820713.2,323155803.41076666,2.5e-07,181700106135.4528,0.0001515410995399,386
500.0,700.0,1.0,0.7853981633974483,2.0,20.0,15.77777777777778,233.3333333333333,2.0,30.0,10.5,86.59014751456867,7.0,50.0,28.0,50000.0,0.15,75.0,2.15e-06,200000.0,0.32,600.0,7.9e-06,350000.0,348319.5005038547,0,1680.499496145279,350.000000000001,249.2557088982273,369967984697784.8,736377799886380.2,-6.25,1475479194649.426,1484290916878.638,2103936571103.9497,2103936571103.9373,84838620.28114422,67.21207101100543,28404711025321.312,350.0000000000001,432.7879184828023,1,292860577.13837826,292860577.13837826,2.123415470123291e-07,18.3021468096631,26.878932245733157,0.058165518183328,369964580876953.1,73992916.18860328,2e-07,79234634594.9707,0.000218051434813,387
1000.0,300.0,15.77777777777778,144.44444444444446,6.0,40.0,3.111111111111111,7.601878519797524,7.0,40.0,,,,,32.0,20000.0,0.2,120.0,2.15e-06,190000.0,0.32,600.0,7.7e-06,300000.0,299080.1202001795,0,919.879799820592,149.99999999999991,510.1461969958126,531384777110540.5,45765873536907.61,-0.6875,1084782385788.68,1041632340375.7574,305105823579.3839,305105823579.3842,188273424.71873152,52.94813288131328,8592187853893.625,150.0000000000002,947.0518671039804,1,50221588.221081816,50221588.221081816,-7.450580596923828e-09,-13.12426835653514,21.478558424530437,0.0224098105529907,531382877604842.0,106276575.58343218,2e-07,54427616007.308914,0.000109179064892,388
700.0,1000.0,13.666666666666668,166.66666666666666,2.0,20.0,1.0,0.7853981633974483,7.0,10.0,20.0,250.0,1.0,10.0,8.0,35000.0,0.15,120.0,2.15e-06,195000.0,0.3,600.0,7.850000000000001e-06,700000.0,699161.168859896,0,838.8311401036267,500.0000000000003,350.661014913731,1006084881767314.4,2072645309785172.8,4.0,2879967380448.141,2869109592963.534,4145290619570.348,4145290619570.344,296335482.58674043,41.90219007663045,11074964314869.877,500.0,658.0978111685589,1,113789656.15644012,113789656.15644012,-4.76837158203125e-07,42.29033782184706,5.876472348501701,0.008522802535898,1006082080072902.0,0.0,0.0,147273799480.6036,0.0001473288035529,389
800.0,100.0,7.333333333333334,42.23696789826278,8.0,40.0,5.222222222222222,21.41906843141929,6.0,20.0,1.0,0.7853981633974483,5.0,20.0,12.0,50000.0,0.175,75.0,1.8e-06,210000.0,0.29,400.0,7.850000000000001e-06,80000.0,79525.73586734425,0,474.2641326558311,49.99999999999989,402.8193518069688,223132013305716.62,3357909093250.0586,0.453125,561789740564.7863,553925754323.3463,67158181865.00103,67158181865.00131,31661109.153595403,82.8622662649657,14276076686253.312,50.00000000000007,717.1379295413354,1,43683268.015280604,43683268.015280604,-3.5142875276505943e-09,-8.278118535313013,29.427963882991023,0.0378548809989372,223131728819046.62,66939518.59974858,3e-07,27980147478.06288,0.0001327514838753,390
700.0,900.0,17.88888888888889,100.0,3.0,50.0,9.444444444444445,70.05557692032795,7.0,10.0,,,,,8.0,20000.0,0.225,120.0,1.8e-06,190000.0,0.3,500.0,7.75e-06,630000.0,629209.6109494589,0,790.3890505409646,449.9999999999996,348.9707396817135,528179046626198.0,862720350910506.0,1.0,1504658176208.119,1513533905759.3638,1917156335356.6785,1917156335356.6816,273568898.3719896,78.5502544545125,37227548539905.375,449.9999999999999,621.4497455543215,1,175979828.75743726,175979828.75743726,8.009374141693115e-08,38.70014551532222,5.127024072160844,0.007481672741708,528178073473282.4,132044518.38798095,2.5e-07,76596666243.71304,0.000149098146561,391
500.0,400.0,13.666666666666668,100.0,4.0,10.0,20.0,144.44444444444446,7.0,40.0,,,,,20.0,35000.0,0.25,105.0,2.325e-06,200000.0,0.32,550.0,7.7e-06,200000.0,198588.8890280871,0,1411.1109719128326,199.99999999999972,247.51443696961675,156052625781160.56,96234276957779.44,1.25,618065539701.3005,630478883138.1038,481171384788.89655,481171384788.8978,60913154.41665153,97.141630671537,29884825264898.598,200.00000000000009,402.8583862529738,1,245614510.32800776,245614510.32800776,9.12696123123169e-08,-12.433876744864392,18.37808933744809,0.0408401985276624,156049664534110.28,15604966.453411028,1e-07,31010507354.05609,0.0002147367759704,392
800.0,800.0,17.88888888888889,100.0,9.0,30.0,7.333333333333334,42.23696789826278,8.0,40.0,,,,,12.0,20000.0,0.25,90.0,2.15e-06,190000.0,0.29,500.0,7.9e-06,640000.0,638762.1042789405,0,1237.8957210601827,400.00000000000045,402.6726918550541,709814033639277.0,694104445254181.8,-6.25,1786471805709.1997,1762756819612.643,1735261113135.4563,1735261113135.4524,275929162.2930409,70.0831359947879,32220037380204.75,399.9999999999999,729.9168609532838,1,141993321.7899802,141993321.7899802,-9.220093488693237e-08,11.865533906911878,12.043855119226492,0.0159240041260537,709812456732848.5,177453114.2353714,2.5e-07,94274390252.03368,0.0001384210084227,393
400.0,500.0,9.444444444444445,70.05557692032795,3.0,50.0,15.77777777777778,122.22222222222224,3.0,10.0,5.75,25.967226777328133,5.0,20.0,4.0,35000.0,0.2,90.0,2.5e-06,210000.0,0.29,500.0,7.8e-06,200000.0,199163.49434080985,0,836.5056591901413,250.00000000000023,198.99541319796063,96517343497684.69,151533176244931.62,-0.1875,480174830998.9583,485022955788.7811,606132704979.727,606132704979.726,43383985.29091718,61.41947522070373,10941998490866.25,250.0000000000001,338.5804458649453,1,101741897.65755504,101741897.65755504,2.5611370801925662e-08,16.05094492976241,13.022029523541075,0.034079170003987,96516235927593.8,24129058.95677141,2.5e-07,25486564834.96293,0.000274329468273,394
900.0,700.0,5.222222222222222,21.41906843141929,5.0,50.0,1.0,0.7853981633974483,9.0,20.0,,,,,28.0,42500.0,0.15,120.0,2.5e-06,190000.0,0.31,600.0,7.7e-06,630000.0,629885.8360726002,0,114.16392739980682,349.99999999999886,450.21758773123946,1809998150729370.0,1094058217662269.0,17.0,4024163909832.547,4020274196417.802,3125880621892.187,3125880621892.2075,341956849.5822188,11.596024387890967,1061375457167.5,349.9999999999999,888.4039952961061,1,7062423.918540926,7062423.918540926,5.878973752260209e-08,-30.03489588203365,1.1419475975904705,0.0012984054549067,1809998116020840.8,542999434.782935,3e-07,210355781790.48825,0.0001164262242755,395
700.0,300.0,13.666666666666668,146.6949236301234,6.0,40.0,7.333333333333334,42.23696789826278,8.0,20.0,,,,,4.0,50000.0,0.2,60.0,1.975e-06,205000.0,0.28,550.0,7.7e-06,210000.0,208781.9346642948,0,1218.0653357052138,150.00000000000023,352.2704672597822,446813055200615.0,79787597253435.28,-1.0,1284944225702.0503,1268380681117.7058,531917315022.9027,531917315022.90106,64843907.760985255,71.6478928051072,27252494089968.75,149.9999999999999,628.3523252201062,1,130554220.47382912,130554220.47382912,9.313225746154784e-09,18.48789727863914,32.69147956724261,0.048336342386263,446810716298401.6,245745893.80637503,5.5e-07,65115404209.32513,0.0001534827276891,396
800.0,1000.0,17.88888888888889,122.22222222222224,6.0,50.0,3.111111111111111,7.601878519797524,6.0,40.0,,,,,12.0,27500.0,0.25,75.0,2.325e-06,210000.0,0.31,400.0,7.850000000000001e-06,800000.0,799221.055397256,0,778.9446027446023,500.00000000000057,401.9266817036918,1189889286021677.5,1846300542420860.0,-13.5,2989120926552.471,2960463537722.751,3692601084841.724,3692601084841.716,307660395.6774544,29.035883607037707,5459701159583.25,500.0,770.9640367731012,1,30310189.24503316,30310189.24503316,3.4226104617118835e-08,-26.94619783950975,5.819737612557773,0.0076732549823758,1189887781975916.8,535449502.038476,4.5e-07,163519317774.6665,0.0001395705998041,397
600.0,100.0,9.444444444444445,70.05557692032795,8.0,30.0,3.111111111111111,7.601878519797524,1.0,10.0,,,,,20.0,20000.0,0.15,75.0,1.975e-06,205000.0,0.31,450.0,7.7e-06,59999.99999805667,59644.42009967804,0,355.5798983786347,50.0000000002119,313.1711840915696,40427917485018.766,1007946945659.2172,66.90234375,140947893805.50003,129092073404.80553,20158938913.26978,20158938913.09891,18446507.474301573,32.28406273909125,505146006662.5625,50.000000001974016,567.7160019486391,1,4864670.803566343,4864670.803566343,-0.000540866997958,-10.263051556838036,22.46064450377616,0.0381695242728952,40427656637883.69,8085531.277561191,2e-07,6212073493.234041,0.0001738088928577,398
400.0,400.0,13.666666666666668,122.22222222222224,10.0,20.0,9.444444444444445,70.05557692032795,3.0,20.0,15.25,300.0,3.0,50.0,28.0,20000.0,0.15,90.0,2.15e-06,195000.0,0.28,600.0,7.75e-06,160000.0,156767.61105245893,0,3232.388947541123,199.99999999999991,208.03558732189316,51570985711520.84,51365302615121.84,0.25,268648678117.2144,247895018229.38177,256826513075.6091,256826513075.6093,38803687.471583456,93.5530993532929,12231105002002.469,200.00000000000009,306.4470485866938,1,241185340.9436,241185340.9436,-1.1175870895385742e-08,-19.32209749033791,40.83067847784629,0.1088012157580759,51560059973068.73,10312011.903835695,2e-07,12114780638.892256,0.0002859931822537,399
200.0,200.0,5.222222222222222,21.41906843141929,9.0,30.0,20.0,255.5555555555556,4.0,40.0,,,,,16.0,27500.0,0.15,105.0,2.5e-06,190000.0,0.28,600.0,7.850000000000001e-06,40000.0,38785.0061499647,0,1214.9938500352912,99.99999999999991,95.22552935276244,4198056876651.861,3960081644864.121,0.001953125,40067555108.78399,44085413913.53345,39600816448.64118,39600816448.64124,5420892.790427131,71.45085971328875,1918353169065.4475,99.99999999999996,128.54922315360304,1,80851024.4985623,80851024.4985623,-9.313225746154784e-09,-7.706562271661824,40.56323803902892,0.2704215869268594,4194044592092.173,838808.9246130035,2e-07,2702399628.6128635,0.0007459172704273,400
200.0,900.0,11.555555555555555,104.87489549761482,5.0,20.0,1.0,0.7853981633974483,9.0,30.0,5.75,25.967226777328133,7.0,30.0,32.0,50000.0,0.175,90.0,1.8e-06,190000.0,0.31,500.0,7.75e-06,180000.0,179105.01580424278,0,894.9841957571708,449.9999999999994,100.60274488119894,30472597620033.36,622726853904631.0,0.6875,306573834293.6338,302900260385.7204,1383837453121.4004,1383837453121.404,18965523.588203587,17.156668863458812,651885041590.7188,450.00000000000006,182.84358312498483,1,23566260.64069724,23566260.64069724,-1.2200325727462769e-07,21.44078341405111,7.740282483956756,0.0456653833861755,30471623369050.32,0.0,0.0,20073307963.55892,0.000672080880836,401
600.0,400.0,20.0,300.0,6.0,50.0,3.111111111111111,7.601878519797524,9.0,10.0,20.0,300.0,7.0,40.0,4.0,35000.0,0.2,105.0,2.15e-06,190000.0,0.32,450.0,7.7e-06,240000.0,233931.582944635,0,6068.417055364749,200.00000000000017,305.15303819092514,280470730915118.62,129709899378457.77,0.0,951241719413.526,919114987607.092,648549496892.2893,648549496892.2882,88799473.96193126,137.88053404216092,58222785157817.5,199.9999999999999,462.11946267442414,1,575821619.2893568,575821619.2893568,-1.862645149230957e-07,-19.781649339187425,63.482864527988326,0.1078825114916498,280443507073373.44,84133052.21827708,3e-07,43124014919.63879,0.000173928426347,402
1000.0,500.0,1.0,0.7853981633974483,10.0,10.0,9.444444444444445,70.05557692032795,7.0,10.0,,,,,16.0,50000.0,0.15,90.0,1.8e-06,210000.0,0.32,450.0,7.8e-06,500000.0,499501.7570003554,0,498.2429996443269,249.99999999999983,498.50632859514826,2102056348071387.2,522793504750146.0,4.5,4191590976976.485,4216709452807.2266,2091174019000.5825,2091174019000.5852,264021240.82025588,86.02850658785474,88589551550304.75,250.0000000000001,913.9714926492118,1,216757504.9455638,216757504.9455638,-3.725290298461914e-09,-10.245896618958795,6.948720602497064,0.0070525498075793,2102055773486675.5,420411154.7347959,2e-07,212477563922.4474,0.0001022251705761,403
900.0,900.0,5.222222222222222,21.41906843141929,9.0,30.0,13.666666666666668,233.3333333333333,3.0,30.0,1.0,0.7853981633974483,1.0,20.0,20.0,42500.0,0.175,105.0,2.5e-06,200000.0,0.31,600.0,7.8e-06,810000.0,809105.6575946665,0,894.3424053338267,450.0000000000006,449.0488147129511,2347768127096979.0,2339207665216108.0,-23.0,5206257802831.87,5228313827301.294,5198239256035.803,5198239256035.788,415988483.4005391,75.52327760488433,92447894391210.77,450.0000000000008,824.4768331615817,1,364839371.5967015,364839371.5967015,2.211891114711761e-09,33.880677701868535,7.955845412928812,0.0092170443107738,2347765462160630.0,469553092.33349055,2e-07,277924739361.0044,0.0001198452408019,404
400.0,100.0,15.77777777777778,188.88888888888889,10.0,50.0,17.88888888888889,166.66666666666666,5.0,30.0,,,,,24.0,20000.0,0.15,60.0,1.975e-06,190000.0,0.29,550.0,7.75e-06,39999.99999866288,39085.97699949355,0,914.0229991693436,50.00000000036729,197.17254984172925,14267725227054.32,679689671353.9551,-83.689453125,70344153199.78088,72361620512.12021,13593793427.178955,13593793426.979246,9248426.587884745,127.39668173231377,6723656951234.074,50.00000000083583,272.60343774568463,1,88176211.98684035,88176211.98684035,-0.002239997498691,-3.687586218919023,60.38369978701503,0.1672421288608009,14266292405900.68,4993202.329909383,3.5e-07,3250175754.267976,0.0003098781046513,405
400.0,400.0,13.666666666666668,166.66666666666666,6.0,20.0,7.333333333333334,42.23696789826278,6.0,20.0,,,,,16.0,27500.0,0.15,105.0,2.5e-06,200000.0,0.32,450.0,7.850000000000001e-06,160000.0,158746.57816786942,0,1253.4218321305782,200.00000000000003,204.8010745512674,65094659159971.31,61717350798531.59,-0.21875,333478573257.1457,317843347758.7849,308586753992.658,308586753992.6579,39083101.62926453,48.42217883816382,5949027218477.984,200.0,351.57782116700463,1,49474128.66428757,49474128.66428757,-9.313225746154783e-10,-23.077365287925204,16.445413504583954,0.0436990615710161,65091836000010.08,16272959.033246707,2.5e-07,16487348128.900057,0.0002844228972398,406
100.0,400.0,15.77777777777778,277.77777777777777,6.0,40.0,9.444444444444445,122.22222222222224,5.0,20.0,10.5,86.59014751456867,1.0,50.0,8.0,35000.0,0.15,120.0,1.8e-06,205000.0,0.29,500.0,7.850000000000001e-06,39999.999997385006,37553.53942700799,0,2446.460570377007,200.00000000000009,48.69835291125303,1242655901732.2437,23041851902947.484,0.00390625,24222534211.86589,25517411317.726425,115209259514.73746,115209259514.7374,2635561.365710062,36.79088891527924,490542536967.8257,200.0,63.20911153713863,1,44819405.87266297,44819405.87266297,-3.166496753692627e-08,43.724952711541846,29.69799706835671,0.3945121381950936,1233680930417.3928,431788.3150099387,3.5e-07,2237663072.4818125,0.0019364476792714,407
800.0,400.0,3.111111111111111,7.601878519797524,10.0,50.0,15.77777777777778,211.11111111111111,9.0,40.0,20.0,150.0,10.0,40.0,4.0,35000.0,0.15,75.0,2.5e-06,190000.0,0.31,550.0,7.7e-06,320000.0,315023.9813176871,0,4976.018682312706,200.00000000000028,391.6096269574894,650005798283346.2,162765939429702.25,-1.0,1591628601430.5366,1659830998878.6528,813829697148.5125,813829697148.5101,135531547.8959653,208.9106214975492,189559153757372.75,200.00000000000003,591.0893785049445,1,1292820595.10715,1292820595.10715,-9.28121153265238e-08,-14.163452833160363,114.1553423946848,0.1517798909298187,649992919980626.0,162498230.14582208,2.5e-07,83414101912.53337,0.0001414327711909,408
200.0,600.0,7.333333333333334,42.23696789826278,7.0,30.0,5.222222222222222,21.41906843141929,4.0,40.0,,,,,4.0,27500.0,0.175,90.0,1.975e-06,210000.0,0.31,550.0,7.7e-06,120000.0,119618.664920742,0,381.33507925793697,299.9999999999999,100.7959025315631,11286988700515.258,101276757107167.62,0.09375,113775428521.04836,111978646125.82704,337589190357.2253,337589190357.2255,12747872.55814572,20.049866964553445,395447109852.1875,300.0,179.95019601123218,1,12384956.083859574,12384956.083859574,6.05359673500061e-09,18.130184135352465,5.441878145284381,0.0345759995599798,11286749374523.809,5079037.20378545,4.5e-07,8262606106.035133,0.0007529037337744,409
400.0,100.0,7.333333333333334,42.23696789826278,4.0,10.0,5.222222222222222,21.41906843141929,7.0,40.0,5.75,25.967226777328133,1.0,50.0,24.0,27500.0,0.15,60.0,2.15e-06,210000.0,0.3,400.0,7.75e-06,40000.00413905541,39804.49970444932,0,195.5044346060869,50.0000000001376,201.7381675567304,15486855212426.57,917096521496.0616,40.474609375,78113144731.76758,76767105600.24068,18341930429.971703,18341930429.870754,7135625.316630678,53.02268106130085,1299521534335.289,50.00000000084836,346.9773265485397,1,10667857.041236494,10667857.041236494,0.0014620505571656,-4.839359903398872,11.731734384951052,0.0328262426479682,15486777645985.836,3097355.5232751654,2e-07,3909843331.5822897,0.0002681382673068,410
400.0,200.0,3.111111111111111,7.601878519797524,9.0,30.0,11.555555555555555,188.88888888888889,7.0,50.0,,,,,32.0,50000.0,0.25,120.0,2.15e-06,190000.0,0.28,600.0,7.7e-06,80000.00000043648,78624.18068516327,0,1375.8193152731967,99.99999999971438,194.08853743718768,57268462726821.34,13514464680597.812,173.234375,278121781148.3024,295063600782.4778,135144646805.59212,135144646806.36414,21332914.686238594,107.72086627439924,18119920879481.484,99.9999999991023,292.2791337699141,1,254086884.15873817,254086884.15873817,0.0037850514054298,5.812267219778732,45.47925511913334,0.1321217869243802,57264762514349.57,5726476.251434957,1e-07,15663767537.44906,0.0002997175183446,411
100.0,600.0,13.666666666666668,255.5555555555556,1.0,30.0,17.88888888888889,300.0,9.0,50.0,,,,,4.0,20000.0,0.175,60.0,1.975e-06,205000.0,0.29,500.0,7.9e-06,59999.99999999999,57231.25174154713,0,2768.748258452852,300.00000000000006,52.74022480011944,1042981496671.2635,48105571745723.09,0.0,22069116754.366188,19775825769.11772,160351905819.077,160351905819.07693,2527517.64742265,30.80882306647919,188410603980.33887,299.99999999999994,69.19117695578227,1,20747301.666482568,20747301.666482568,7.450580596923828e-09,0.4480467476823833,28.54445805706529,0.6952641997789535,,,,,,412
400.0,400.0,20.0,122.22222222222224,8.0,30.0,17.88888888888889,144.44444444444446,8.0,10.0,,,,,32.0,27500.0,0.25,120.0,2.5e-06,195000.0,0.29,600.0,7.7e-06,160000.0,157866.66661105675,0,2133.333388943228,200.0000000000004,198.14184503450844,69191736694210.53,63186632204637.78,-0.3125,342774046983.82947,349203050381.2059,315933161023.1895,315933161023.1883,45903933.08241587,98.99178094047258,22058525504371.22,199.99999999999997,301.00803148449234,1,262719953.61412364,262719953.61412364,3.5390257835388184e-08,32.943451615807135,27.67375077828649,0.0726239268233353,69187292056450.87,20756187.634614974,3e-07,15921377641.055029,0.0002757848219838,413
500.0,800.0,1.0,0.7853981633974483,6.0,20.0,3.111111111111111,7.601878519797524,4.0,20.0,5.75,25.967226777328133,5.0,10.0,8.0,27500.0,0.2,60.0,2.325e-06,200000.0,0.31,500.0,7.8e-06,400000.0,399705.2078071234,0,294.79219287678865,399.99999999999983,249.91058973233925,230005113695262.75,593877019760962.0,-1.5,919691535315.6992,920349609600.7946,1484692549402.4043,1484692549402.4055,85547969.05613701,35.41820994952569,4504410019805.844,400.0000000000006,464.5818242355608,1,39434927.67581935,39434927.67581935,1.30385160446167e-08,16.828841604667105,4.302589730776775,0.0089928721771258,230005002629853.5,586512756.7303345,2.55e-06,49916216188.314354,0.0002178739011433,414
400.0,700.0,3.111111111111111,7.601878519797524,9.0,10.0,5.222222222222222,21.41906843141929,1.0,30.0,,,,,32.0,27500.0,0.15,60.0,2.15e-06,200000.0,0.31,600.0,7.9e-06,280000.0,279910.1640290562,0,89.83597094385657,350.0000000000001,200.2080927204944,103188971921406.0,314979949313972.4,-0.9375,516482240579.6764,515408595722.7792,899942712325.6356,899942712325.635,47908053.7854354,12.520569747053624,552087189660.0156,349.9999999999999,387.4794275390263,1,5155632.612043496,5155632.612043496,1.1664925170344468e-08,14.745717686993885,1.798484331928469,0.0048953149814141,103188956326096.66,469509751.3551867,4.55e-06,27225536271.901505,0.0002653028141115,415
1000.0,300.0,15.77777777777778,122.22222222222224,8.0,20.0,17.88888888888889,300.0,1.0,20.0,,,,,32.0,42500.0,0.25,90.0,2.15e-06,205000.0,0.32,500.0,7.850000000000001e-06,300000.0,298722.2221887085,0,1277.777811291481,149.99999999999983,504.01687794436737,1108525504901872.4,96643085754616.31,2.5,2235006506486.5923,2199381714007.264,644287238364.108,644287238364.1095,162011884.7949207,84.50708527799686,51414282301133.5,149.99999999999994,915.4929139449398,1,148813546.13976473,148813546.13976473,-4.7537923960180856e-08,29.208774404920405,20.029124793256447,0.0206261368666449,1108522087668058.4,277130521.73484224,2.5e-07,111353290723.06313,0.0001057236950861,416
1000.0,200.0,7.333333333333334,42.23696789826278,7.0,40.0,20.0,211.11111111111111,4.0,20.0,1.0,0.7853981633974483,1.0,40.0,16.0,35000.0,0.25,105.0,2.5e-06,200000.0,0.29,600.0,7.850000000000001e-06,200000.0,198858.32602636865,0,1141.673973631317,100.00000000000004,493.98656842884907,624013363148162.8,23599079564747.89,-0.25,1233195255727.9497,1263219291837.9763,235990795647.47897,235990795647.47885,122044804.10641287,188.9279444622434,119833719922921.23,99.99999999999996,811.0722576662688,1,484740185.4354831,484740185.4354831,-1.0211806511506438e-08,-10.185987606044648,36.27531509084303,0.0373972320524155,624010326667377.6,187203098.08666688,3e-07,61337968665.0365,0.000106186072733,417
1000.0,400.0,3.111111111111111,7.601878519797524,6.0,20.0,5.222222222222222,21.41906843141929,9.0,10.0,,,,,16.0,20000.0,0.175,120.0,2.15e-06,195000.0,0.31,550.0,7.75e-06,400000.0,399761.6171009514,0,238.3828990485448,199.99999999999983,498.4302917268787,676487748007241.8,107278919533885.38,0.0,1348741235463.2705,1357236426509.029,536394597669.4265,536394597669.4273,245318372.20001027,91.0225039409221,32252514256244.37,199.99999999999997,908.9775450989354,1,105004786.7886255,105004786.7886255,2.3283064365386963e-09,0.0062273024086607,3.826768063941354,0.003875644245167,676487678428544.0,202946303.55380967,3e-07,68328495863.13527,0.0001025702829102,418
700.0,1000.0,17.88888888888889,277.77777777777777,1.0,10.0,7.333333333333334,42.23696789826278,2.0,10.0,,,,,4.0,27500.0,0.175,60.0,2.325e-06,205000.0,0.29,550.0,7.9e-06,700000.0,699637.7482752316,0,362.2517247683801,500.00000000000006,350.58401567459003,793136127647231.0,1607714210907428.0,2.0,2269890798437.5034,2262328264228.1533,3215428421814.8564,3215428421814.8555,210287032.5842393,28.207470267557188,7711679046410.375,500.0,671.7925832950046,1,34375405.545995735,34375405.545995735,1.6763806343078613e-08,17.56917738969787,4.652601277630101,0.0067789236682322,793134810580951.0,237940443.19684452,3e-07,116775818626.63226,0.0001486857672487,419
300.0,300.0,13.666666666666668,211.11111111111111,8.0,10.0,15.77777777777778,188.88888888888889,2.0,50.0,,,,,20.0,42500.0,0.175,105.0,1.975e-06,210000.0,0.31,550.0,7.7e-06,90000.0,87933.33332282992,0,2066.6666771701152,149.99999999999986,157.63402346054966,34003563366631.902,31380040020273.22,0.203125,238846135805.55423,215712081821.8652,209200266801.8213,209200266801.8217,17163036.63710422,39.16991256062289,3669853406541.508,150.00000000000017,260.8298744372317,1,50072958.20379721,50072958.20379721,2.9802322387695312e-08,43.49903636027011,15.377554813724592,0.0635144531118886,33996412275481.83,6799282.486939138,2e-07,10254858826.767689,0.0003708968844094,420
600.0,900.0,15.77777777777778,300.0,1.0,10.0,5.222222222222222,21.41906843141929,6.0,10.0,,,,,4.0,20000.0,0.175,90.0,1.975e-06,190000.0,0.31,550.0,7.850000000000001e-06,540000.0,539571.4855730133,0,428.5144269868776,449.9999999999998,300.7457984611525,329858553741639.25,730951734678006.8,-0.5,1102268746922.9028,1096801868652.6964,1624337188173.3474,1624337188173.349,171685406.32013205,37.19321017746327,7720584532477.031,450.0000000000001,562.8067900798383,1,44050313.50654204,44050313.50654204,5.494803190231323e-08,26.35527321829068,4.076873630572633,0.0069406720304615,329857151266227.0,32985715.12662269,1e-07,56323899723.19,0.0001740033943633,422
100.0,500.0,15.77777777777778,277.77777777777777,10.0,30.0,7.333333333333334,42.23696789826278,3.0,30.0,,,,,24.0,50000.0,0.225,105.0,2.325e-06,190000.0,0.32,400.0,7.8e-06,50000.00000000001,47095.51131782831,0,2904.488682171684,249.9999999999999,51.52070724825048,2147041831772.583,59773686998660.91,0.015625,44287812587.67642,41673376520.76761,239094747994.64352,239094747994.6437,2818365.247233376,24.987326326609534,270762706270.29395,250.0,75.01268624715767,1,26208165.51596247,26208165.51596247,-8.381903171539307e-09,-18.053447629052243,24.484253350251112,0.3691093472205629,,,,,,423
900.0,300.0,7.333333333333334,42.23696789826278,3.0,20.0,1.0,0.7853981633974483,5.0,50.0,15.25,250.0,1.0,50.0,8.0,42500.0,0.15,75.0,1.975e-06,210000.0,0.32,550.0,7.75e-06,270000.0,269369.3620991431,0,630.6379008569538,149.9999999999999,450.8556870119232,778533503496582.0,86913450964581.47,1.0,1733370502494.2605,1726790913199.6667,579423006430.5427,579423006430.5436,116116890.18639144,76.5152269876038,16071181863261.0,150.00000000000009,823.4847730179364,1,119929271.59322868,119929271.59322868,-3.725290298461914e-08,-10.753605753794544,18.608243931117386,0.0219049369406914,778531325000460.8,194632831.26497963,2.5e-07,90744622994.45764,0.0001172665143237,424
900.0,900.0,17.88888888888889,122.22222222222224,5.0,10.0,1.0,0.7853981633974483,3.0,50.0,5.75,25.967226777328133,3.0,50.0,20.0,20000.0,0.225,75.0,2.5e-06,200000.0,0.28,500.0,7.75e-06,810000.0,809230.7293068036,0,769.2706931963344,449.9999999999996,452.9188268050712,1114681655629813.6,1106379965020520.4,7.0,2493242217434.66,2461106912894.028,2458622144490.0435,2458622144490.048,351677882.8192944,35.042410314164606,6461340155026.0,450.0,864.9575836024353,1,39252429.85244053,39252429.85244053,5.587935447692871e-09,6.441856833287602,7.983408115518176,0.0093977729435175,1114680401982880.8,278670100.5672541,2.5e-07,126662696316.36824,0.00011595264105,425
800.0,400.0,11.555555555555555,104.87489549761482,9.0,40.0,15.77777777777778,300.0,5.0,20.0,,,,,24.0,27500.0,0.2,75.0,1.975e-06,195000.0,0.32,500.0,7.850000000000001e-06,320000.0,317556.12597819563,0,2443.874021804362,200.0000000000002,395.9290533037247,523814984607556.8,122628736664273.77,-1.375,1296344092269.738,1323002139491.2092,613143683321.3694,613143683321.3682,137490415.4472661,168.93209816513968,126501948476654.5,200.00000000000023,631.0679029765887,1,568549983.4233611,568549983.4233611,-2.2351741790771484e-08,-9.655916387797332,39.28562138797691,0.0508807875240963,523806465242254.8,157141939.64765808,3e-07,62226579617.252266,0.000134199840557,426
800.0,400.0,17.88888888888889,166.66666666666666,5.0,20.0,20.0,166.66666666666666,5.0,10.0,,,,,8.0,20000.0,0.15,105.0,1.975e-06,200000.0,0.32,450.0,7.75e-06,320000.0,318333.33336003835,0,1666.6666399617347,199.9999999999998,399.7997508684138,383649375696436.1,89961811339786.44,0.8125,958643520409.9332,959603838829.5712,449809056698.93176,449809056698.9326,162244719.30665538,147.90602061884272,77345765673852.38,199.99999999999991,652.0939808672098,1,293646417.0913651,293646417.0913651,4.265457391738892e-07,-33.768203312312835,19.984923247000637,0.0256216964705136,383644954739353.1,76728990.94384561,2e-07,44572536957.14848,0.0001315708392477,427
100.0,200.0,11.555555555555555,104.87489549761482,3.0,10.0,9.444444444444445,70.05557692032795,10.0,10.0,10.5,86.59014751456867,7.0,20.0,8.0,42500.0,0.15,90.0,1.8e-06,205000.0,0.29,550.0,7.8e-06,19999.99997429891,17883.08585078212,0,2116.9141235167963,99.99999999999984,47.970940205272726,959950842894.6147,4286471910395.58,0.0166015625,18450282336.10129,20011090855.982468,42864719103.95573,42864719103.95587,1474066.336794785,41.41413832934328,598162760473.2393,100.0,58.58586167508248,1,37878216.99838014,37878216.99838014,-8.614733815193176e-09,15.1016823261416,39.31167172599576,0.459673990027468,957206704829.3674,287162.0162941977,3e-07,916420324.002037,0.0013854207518641,428
700.0,400.0,17.88888888888889,188.88888888888889,8.0,20.0,11.555555555555555,104.87489549761482,10.0,40.0,20.0,150.0,1.0,30.0,4.0,35000.0,0.2,75.0,2.5e-06,205000.0,0.28,550.0,7.75e-06,280000.0,277140.13983632927,0,2859.860163670406,199.99999999999972,352.78683692051715,443076244065094.0,136792819885560.31,1.5,1276092876593.1218,1255931904752.2146,683964099427.8007,683964099427.8025,102551642.43708648,121.92671236866649,74569295417379.0,200.0,578.0732878008856,1,422177380.9668453,422177380.9668453,7.450580596923828e-08,-20.21110619996034,32.22873784545625,0.0492626767255169,443069059045829.44,132920717.7710806,3e-07,61311919256.290375,0.0001555501913034,429
200.0,900.0,3.111111111111111,7.601878519797524,5.0,20.0,5.222222222222222,21.41906843141929,9.0,30.0,,,,,12.0,50000.0,0.2,90.0,2.5e-06,210000.0,0.3,500.0,7.9e-06,180000.0,179769.21897648924,0,230.78102351075395,450.0000000000003,99.8227885678905,30177263412701.0,610297125215297.2,-0.4375,301238804527.4374,302308359099.55707,1356215833811.7725,1356215833811.7708,18928462.81516125,16.529095455054527,989332189204.0272,450.0,183.4709220051514,1,16443933.77655976,16443933.77655976,-5.1222741603851325e-08,28.96777062334877,1.9963180296270573,0.0119262278491319,30177189567439.387,3017718.9567439384,1e-07,19104688798.08533,0.0006377366661236,430
600.0,100.0,3.111111111111111,7.601878519797524,7.0,20.0,13.666666666666668,188.88888888888889,8.0,50.0,,,,,20.0,42500.0,0.175,105.0,2.15e-06,195000.0,0.29,550.0,7.9e-06,60000.00000227358,59546.31096966415,0,453.68903260944353,49.99999999975987,295.19269398747764,80680217427422.66,2131463765685.1084,216.4609375,264692531431.99948,273313733946.42752,42629275313.49744,42629275313.9069,21746086.679651197,122.73649782002292,16506859922059.734,49.99999999896519,477.2635714821015,1,116773402.24254134,116773402.24254134,0.0017740717157721,0.0012860425485996,28.928346198679264,0.0532586919728121,80679558379147.55,24203867.463379286,3e-07,13633039454.956264,0.0001801953147119,431
200.0,200.0,17.88888888888889,122.22222222222224,6.0,40.0,17.88888888888889,144.44444444444446,2.0,40.0,20.0,100.0,5.0,30.0,4.0,20000.0,0.225,120.0,2.325e-06,205000.0,0.3,400.0,7.75e-06,40000.0,37977.777795758535,0,2022.2222042414528,100.0,103.57538674813864,3255159469945.2656,3771294422879.981,0.0,33758595032.60625,31427924839.52529,37712944228.799805,37712944228.799805,5680548.512161027,67.48408454482967,1209103142387.244,100.0,132.51591545240268,1,53031870.95794722,53031870.95794722,-3.2596290111541752e-09,16.895361011120258,37.83064487593122,0.2504419298513711,3251385196315.0737,812846.3053756212,2.5e-07,2559730303.468067,0.0009728726939889,432
300.0,400.0,5.222222222222222,21.41906843141929,5.0,30.0,13.666666666666668,100.0,10.0,20.0,,,,,32.0,50000.0,0.175,105.0,2.15e-06,210000.0,0.29,600.0,7.8e-06,120000.0,118892.90466442073,0,1107.095335579275,200.00000000000023,147.1353746865719,47613943223191.16,82196047360530.28,-0.46875,311477839464.59326,323606361316.02264,410980236802.6519,410980236802.6509,21885457.782913677,65.59359602306749,10949974150285.703,200.00000000000009,234.40641510966017,1,159070488.20065787,159070488.20065787,5.587935447692871e-09,-16.279969779810926,21.22152181307744,0.0776870840873083,47612233939577.78,11903058.422961352,2.5e-07,17907434156.1858,0.00040363726346,433
600.0,300.0,20.0,188.88888888888889,10.0,20.0,5.222222222222222,21.41906843141929,3.0,20.0,20.0,200.0,1.0,30.0,28.0,50000.0,0.225,75.0,1.975e-06,210000.0,0.29,450.0,7.7e-06,180000.0,177646.85386469404,0,2353.146135306057,149.99999999999977,308.3732364020739,292172135224737.0,69864273108606.81,1.25,1001870101427.1888,947462687208.6492,465761820724.0448,465761820724.0461,54154765.91319694,53.09680541510309,9899993185342.877,149.9999999999999,546.9031045007282,1,72731122.86228248,72731122.86228248,-9.685754776000977e-08,-30.406329454606748,25.652084294088667,0.0444277414900421,292164812121913.1,87649443.79359733,3e-07,48000105771.53436,0.0001817376708481,434
1000.0,900.0,20.0,211.11111111111111,3.0,50.0,5.222222222222222,21.41906843141929,8.0,20.0,15.25,250.0,7.0,10.0,28.0,35000.0,0.225,75.0,2.5e-06,200000.0,0.3,400.0,7.75e-06,900000.0,895695.314090394,0,4304.685909606068,449.99999999999886,500.6732839890387,2682251763933886.0,2249425316599619.2,9.0,5371736936813.54,5357289573279.106,4998722925776.919,4998722925776.943,437443178.7838391,135.5046436071289,190630300467241.0,449.9999999999999,864.4952249548427,1,780989812.7099462,780989812.7099462,2.1606683731079107e-07,21.8336375731742,35.73870555541174,0.0365654919574618,2682235651285630.0,536447130.2788129,2e-07,274169573328.5126,0.0001047692511741,435
400.0,1000.0,15.77777777777778,300.0,2.0,20.0,15.77777777777778,233.3333333333333,6.0,10.0,10.5,150.0,10.0,30.0,24.0,50000.0,0.15,60.0,1.8e-06,210000.0,0.28,500.0,7.7e-06,400000.0,394999.999982926,0,5000.000017074266,499.99999999999983,198.7177777204444,281035624540345.0,1813178504862980.0,-2.0,1396226757423.326,1414245004972.3538,3626357009725.959,3626357009725.9614,72300985.04263736,80.57112619859909,50868648222524.25,500.0000000000008,319.4288743860012,1,525027219.437561,525027219.437561,-1.8272548913955688e-06,25.50605976672159,46.33773414548048,0.1212676962184352,281019637692994.72,154560800.5577907,5.5e-07,72141348663.1756,0.0002740338660021,436
900.0,200.0,5.222222222222222,21.41906843141929,3.0,40.0,13.666666666666668,277.77777777777777,2.0,10.0,5.75,25.967226777328133,7.0,20.0,16.0,20000.0,0.15,60.0,2.15e-06,200000.0,0.32,550.0,7.7e-06,180000.0,179016.64607758122,0,983.3539224188896,100.0,439.5557152632052,266173782194679.0,12973121262234.242,-0.25,578080325933.099,605551862828.7988,129731212622.34242,129731212622.34242,77394645.24002692,212.9914199873914,70872283574742.81,100.00000000000011,687.0085810250557,1,349204936.1939514,349204936.1939514,3.4458935260772705e-08,4.680507514072815,58.1744976597076,0.0658703502497564,266171153555599.8,93159903.8430801,3.5e-07,27895509086.403244,0.0001152877764379,437
500.0,700.0,9.444444444444445,70.05557692032795,8.0,10.0,20.0,144.44444444444446,2.0,50.0,15.25,300.0,1.0,20.0,28.0,20000.0,0.225,75.0,2.5e-06,195000.0,0.28,500.0,7.850000000000001e-06,350000.0,348550.66653632594,0,1449.3334636742647,350.0000000000008,252.18470587586515,153110375676285.12,306373413412925.75,-2.625,617840703566.8652,607135849672.2313,875352609751.2184,875352609751.2145,86756186.44512641,69.62609193774175,12513417375533.688,349.9999999999996,430.3739130310458,1,129568072.80081443,129568072.80081443,-8.940696716308595e-08,-0.0169317939435131,13.070034179530188,0.0297046231352958,153106325567437.44,30621265.129334584,2e-07,30918828169.860123,0.0002125457552796,438
200.0,600.0,11.555555555555555,104.87489549761482,5.0,10.0,20.0,277.77777777777777,2.0,10.0,,,,,32.0,35000.0,0.25,90.0,1.975e-06,210000.0,0.3,400.0,7.850000000000001e-06,120000.0,118920.0700075241,0,1079.9299924758786,299.9999999999997,99.98881734202054,15276064598061.297,137331650782654.77,0.234375,152743565190.1321,152777730591.69382,457772169275.5154,457772169275.5163,13665552.810774948,37.36528469312047,2784829747072.336,300.0000000000002,162.63471549259205,1,40936793.54020178,40936793.54020178,-2.048909664154053e-07,-44.19344253354939,10.30986560099316,0.0572770311166286,15272566684463.629,3054513.3367454945,2e-07,8195016779.23433,0.0005936485894255,439
400.0,300.0,3.111111111111111,7.601878519797524,7.0,30.0,1.0,0.7853981633974483,6.0,20.0,5.75,25.967226777328133,5.0,30.0,12.0,20000.0,0.175,105.0,2.15e-06,195000.0,0.32,500.0,7.7e-06,120000.0,119682.40222621468,0,317.5977737853191,149.99999999999994,200.47621377620783,32597365622959.902,18687053079810.484,0.046875,163375837236.75772,162599667107.38278,124580353865.40318,124580353865.40327,27491487.92627773,51.38736347233109,1917741697135.4688,150.00000000000023,348.61287538845727,1,27921792.55498366,27921792.55498366,-2.421438694000244e-08,11.328958339952806,7.063232102134721,0.0186119422981152,32597254641940.47,17928490.05832947,5.5e-07,8910753482.872616,0.000278617774058,440
800.0,600.0,7.333333333333334,42.23696789826278,8.0,20.0,1.0,0.7853981633974483,9.0,10.0,,,,,28.0,20000.0,0.2,105.0,2.325e-06,190000.0,0.3,550.0,7.9e-06,480000.0,479655.03567274846,0,344.96432725175686,299.99999999999966,402.1896860129119,520271551134748.5,289921998464462.4,3.0,1307838265730.926,1293597447245.4417,966406661548.2068,966406661548.209,218714584.3227685,15.980784623169876,823911336891.5,300.0000000000001,784.0192855355256,1,7118851.484765059,7118851.484765059,-1.3766111806035042e-08,18.80038753618629,4.219636455607288,0.0053446946872796,520271335055325.5,130067833.79555535,2.5e-07,65689897990.53761,0.0001284065148931,441
800.0,1000.0,15.77777777777778,188.88888888888889,1.0,40.0,5.222222222222222,21.41906843141929,6.0,30.0,10.5,150.0,10.0,10.0,8.0,50000.0,0.25,90.0,1.975e-06,205000.0,0.31,600.0,7.8e-06,800000.0,796682.5965724025,0,3317.403427597934,500.00000000000097,399.9861445346857,2156097879935659.2,3444814465786676.0,-19.0,5390057995435.152,5390431417177.973,6889628931573.365,6889628931573.339,337511608.8143913,91.81382865325008,108038670816815.0,500.0000000000003,708.1861235721295,1,769954589.3820593,769954589.3820593,1.519918441772461e-06,-20.002345994507778,30.272184424992023,0.039448296514043,2156089911968383.5,1617067433.9715188,7.5e-07,289691544265.4294,0.000136091411217,442
200.0,500.0,3.111111111111111,7.601878519797524,7.0,50.0,1.0,0.7853981633974483,2.0,40.0,,,,,8.0,42500.0,0.225,120.0,2.325e-06,200000.0,0.31,500.0,7.7e-06,100000.0,99945.21604893306,0,54.78395106693492,250.00000000000009,100.09188310179768,14187180892775.057,88699218348791.31,0.015625,142002285031.8614,141741572374.51605,354796873395.16534,354796873395.1652,12056267.601649538,7.009084593467732,30869931421.95508,249.99999999999991,192.99078444636385,1,1491320.6143399812,1491320.6143399812,3.6961864680051804e-09,21.411026533181712,0.6400992794118758,0.0040131616264067,14187174431092.352,3546793.608360036,2.5e-07,11904962376.981916,0.0008405851452831,443
400.0,100.0,11.555555555555555,104.87489549761482,3.0,10.0,15.77777777777778,122.22222222222224,1.0,50.0,1.0,0.7853981633974483,10.0,30.0,4.0,35000.0,0.2,75.0,2.5e-06,190000.0,0.31,450.0,7.75e-06,40000.0,39547.51299083732,0,452.4870091626862,49.99999999346455,204.31323763333396,20695935876677.12,1174753573612.8823,-1752.15234375,105760530893.236,101295129558.95007,23495071469.18663,23495071475.328663,8271134.659324755,54.36807420890331,2251419014781.9688,49.99999996377057,345.6319257997825,1,19814571.202024862,19814571.202024862,-0.0027334091491866,8.59598193749946,14.715255978833945,0.0430130898744655,20695211085679.68,4139042.223476972,2e-07,4953063705.489294,0.0002702383019587,444
500.0,800.0,9.444444444444445,70.05557692032795,6.0,30.0,13.666666666666668,233.3333333333333,3.0,20.0,,,,,8.0,35000.0,0.25,105.0,1.975e-06,195000.0,0.29,500.0,7.8e-06,400000.0,398879.66654674447,0,1120.333453255501,400.00000000000006,249.258316778741,300356120964186.6,761254324074594.0,-0.75,1197870721395.5603,1204999395188.902,1903135810186.485,1903135810186.4849,116419940.76911098,62.24370751098527,25353650824771.5,400.0,437.7562082754122,1,170583924.89264342,170583924.89264342,1.2665987014770508e-07,29.11528424808057,9.343212759401071,0.019746134756344,300353129374211.6,60070625.8853588,2e-07,65009402309.027466,0.0002239273341817,445
400.0,1000.0,13.666666666666668,255.5555555555556,7.0,10.0,5.222222222222222,21.41906843141929,1.0,40.0,,,,,4.0,35000.0,0.225,75.0,1.975e-06,195000.0,0.31,600.0,7.850000000000001e-06,400000.0,398189.6920178136,0,1810.307982186432,499.9999999999997,203.6310892247361,196171682825704.88,1196369582957853.5,2.5,998995625382.9568,963368037624.1632,2392739165915.7056,2392739165915.7085,78662683.98464034,12.813180359237316,533078179868.5156,499.9999999999999,387.1868084617552,1,11332618.125077909,11332618.125077909,-7.210998952967393e-07,80.22078093567143,10.93227580631716,0.0305892996480749,196164582188385.88,49041145.365492,2.5e-07,50426863371.26791,0.0002721806560619,446
400.0,400.0,5.222222222222222,21.41906843141929,2.0,30.0,13.666666666666668,144.44444444444446,7.0,30.0,20.0,250.0,1.0,30.0,20.0,42500.0,0.225,90.0,1.8e-06,195000.0,0.28,400.0,7.850000000000001e-06,160000.0,158446.05077259731,0,1553.9492274026957,200.0000000000001,196.6029589547018,94877318617903.62,94629532199079.77,0.0,466463612893.826,482583370679.39954,473147660995.3991,473147660995.3985,35548282.02695386,87.320105077726,19991282961432.656,200.00000000000003,312.6798988641492,1,180239410.76952404,180239410.76952404,3.3527612686157227e-08,13.89102908433415,23.87994826405316,0.0657547910150394,94873098581127.31,28461929.478718605,3e-07,26923663765.12169,0.0003001697076503,447
700.0,500.0,17.88888888888889,211.11111111111111,6.0,40.0,9.444444444444445,70.05557692032795,5.0,20.0,20.0,250.0,7.0,20.0,20.0,27500.0,0.175,90.0,1.975e-06,195000.0,0.32,600.0,7.850000000000001e-06,350000.0,344883.05558009737,0,5116.944419902468,250.00000000000009,353.5955873330962,432798128316011.5,235237912572409.5,0.375,1249401313868.892,1223991881743.4348,940951650289.6384,940951650289.6376,139341678.61912996,151.59763262379468,83924319771083.88,249.99999999999983,548.4022971010838,1,827282403.0986899,827282403.0986899,2.384185791015625e-07,-25.592616346199065,67.26441387800081,0.0996099917726916,432780020479569.7,86556003.98284617,2e-07,60059046624.34059,0.0001539022186362,448
500.0,200.0,5.222222222222222,21.41906843141929,10.0,50.0,20.0,277.77777777777777,1.0,50.0,,,,,24.0,50000.0,0.15,60.0,1.975e-06,205000.0,0.32,600.0,7.9e-06,100000.0,99508.0315379302,0,491.96846206985504,99.99999999999994,249.6794227087616,107014992353666.56,16698049840152.398,0.0,427511767157.5146,428609579406.5262,166980498401.5239,166980498401.52408,21911970.472477023,64.7534985481891,8929595269528.344,99.99999999999996,435.2464962108636,1,74774179.90621893,74774179.90621893,-1.884776198240935e-09,-8.241436852607876,30.556946059475678,0.0694476046806265,107013658779388.69,26753414.68915145,2.5e-07,26220365375.24326,0.0002534036646751,449
1000.0,900.0,5.222222222222222,21.41906843141929,2.0,30.0,11.555555555555555,104.87489549761482,3.0,40.0,5.75,25.967226777328133,7.0,50.0,28.0,42500.0,0.175,60.0,1.8e-06,205000.0,0.32,400.0,7.850000000000001e-06,900000.0,899278.9960139319,0,721.0039860683437,449.99999999999903,499.489659980727,3202698174996736.0,2597588630426774.0,24.0,6398865156059.335,6411940890068.301,5772419178726.152,5772419178726.177,385647166.76486087,68.06689221353484,72118436886041.0,450.0000000000001,931.9331058730808,1,191442438.7020785,191442438.7020785,2.1886080503463745e-07,8.637884660016425,7.482600330670475,0.0078415699788393,3202697467943146.5,640539493.5298886,2e-07,340738107134.7085,0.0001070023001205,450
200.0,700.0,13.666666666666668,233.3333333333333,8.0,10.0,7.333333333333334,42.23696789826278,8.0,50.0,,,,,4.0,50000.0,0.15,120.0,1.975e-06,190000.0,0.28,550.0,7.9e-06,140000.0,137795.4375499158,0,2204.562450084238,349.9999999999998,102.67387753190496,25195123335268.17,300050571009318.75,-0.15625,258873185290.28537,245389810348.19708,857287345740.9102,857287345740.9113,17741530.555270128,20.32498297777914,1125697720606.672,350.00000000000006,179.67500391100705,1,32050182.98203165,32050182.98203165,1.778826117515564e-07,91.38157313182457,11.518331553214644,0.0787129718898494,25188322268792.07,8815912.706136405,3.5e-07,13576620090.66784,0.0005954173203303,451
900.0,800.0,20.0,277.77777777777777,8.0,40.0,9.444444444444445,70.05557692032795,7.0,10.0,20.0,150.0,10.0,10.0,16.0,27500.0,0.25,120.0,1.975e-06,210000.0,0.31,500.0,7.75e-06,720000.0,714287.3888190333,0,5712.611180966946,400.0000000000002,455.4508350266626,1443956891618460.5,1166077400589430.0,-5.5,3248137676076.9854,3170390260748.8457,2915193501473.5767,2915193501473.573,416758622.8576388,147.2673316240461,177992722182447.0,399.9999999999996,752.7326684654291,1,913252785.4182084,913252785.4182084,-4.470348358154297e-07,-59.29480882415373,34.57925638275475,0.0390603460839595,1443938480706580.8,144393848.07065806,1e-07,152657200964.10828,0.000114998153862,452
300.0,400.0,17.88888888888889,233.3333333333333,10.0,20.0,5.222222222222222,21.41906843141929,2.0,50.0,5.75,25.967226777328133,7.0,10.0,4.0,50000.0,0.2,75.0,1.975e-06,200000.0,0.29,550.0,7.75e-06,120000.0,117260.28737498845,0,2739.7126250115366,200.00000000000023,156.6119515415872,50086514894504.19,86815949690747.1,-0.34375,349307459254.7433,319812852093.8842,434079748453.736,434079748453.735,18279759.588423897,30.473337173611817,1659880290772.2031,200.00000000000017,269.5265200829687,1,36330140.66107687,36330140.66107687,8.102506399154663e-08,44.99864914272621,24.04857461071324,0.0972095987832195,50077685367885.35,27542726.67680892,5.5e-07,17732696324.287968,0.0004067511350734,453
600.0,600.0,5.222222222222222,21.41906843141929,1.0,40.0,11.555555555555555,104.87489549761482,3.0,30.0,20.0,200.0,5.0,10.0,24.0,27500.0,0.175,105.0,1.8e-06,190000.0,0.28,600.0,7.850000000000001e-06,360000.0,357663.9562210686,0,2336.043778931514,300.0,298.66499668031963,305703501670777.25,325239015945257.25,-0.5,1014497148698.1964,1023566554730.8558,1084130053150.8575,1084130053150.8575,125861233.10411966,110.26172159567577,39635788578538.5,299.99999999999983,489.7382829772961,1,451600094.24424905,451600094.24424905,-3.501772880554199e-07,22.92008275681292,30.98589921247576,0.0549178993470434,305696948089696.9,198703016.15537825,6.5e-07,56077700292.3438,0.0001891528411104,454
1000.0,600.0,15.77777777777778,144.44444444444446,5.0,30.0,17.88888888888889,144.44444444444446,4.0,50.0,,,,,8.0,27500.0,0.2,75.0,2.5e-06,205000.0,0.29,600.0,7.7e-06,600000.0,598700.0000303881,0,1299.9999696117975,299.99999999999994,500.83722349306487,1422316553394429.5,502716982309543.0,0.5,2849404283203.134,2839877881828.6543,1675723274365.143,1675723274365.1436,295128766.71709883,104.73011288229094,89738354373276.25,300.00000000000006,895.2698071343838,1,332625608.6293647,332625608.6293647,1.1175870895385744e-07,35.063315778490505,21.422751012148453,0.0227645975695988,1422313490244094.8,284462698.0067969,2e-07,148306875083.2925,0.00010817962172,455
700.0,400.0,15.77777777777778,188.88888888888889,6.0,50.0,20.0,233.3333333333333,2.0,40.0,20.0,300.0,7.0,10.0,20.0,27500.0,0.25,90.0,2.15e-06,210000.0,0.3,500.0,7.7e-06,280000.0,274199.9999724546,0,5800.000027545565,200.00000000000023,353.63588504079354,356445376812295.75,133484762897857.69,0.25,1029105965132.3192,1007944589026.0208,667423814489.2892,667423814489.2877,114746423.63632502,178.98750764054054,92113479180483.38,200.0,521.0124904409677,1,799105210.7056084,799105210.7056084,-5.029141902923584e-07,-20.87673644082679,82.71880874371195,0.1272597057595568,356418923173583.4,1336570963.0632749,3.75e-06,51920020565.88285,0.0001669060296983,456
400.0,900.0,1.0,0.7853981633974483,10.0,30.0,9.444444444444445,70.05557692032795,1.0,40.0,,,,,24.0,35000.0,0.25,120.0,1.8e-06,205000.0,0.31,600.0,7.7e-06,360000.0,359922.09043915244,0,77.90956084773822,450.0000000000005,199.8713288998928,168325368569948.88,850595792893748.0,-1.5,841085725721.6791,842168656687.4032,1890212873097.22,1890212873097.216,86983242.43554278,17.585220496625467,1695167880888.2188,449.99999999999983,382.4147802614,1,15072326.04009886,15072326.04009886,1.5817728760109507e-09,38.596651358871895,0.6068929722663667,0.0017082210324574,168325288422998.7,50497586.52040776,3e-07,49549890791.12465,0.0002950139392538,457
300.0,1000.0,13.666666666666668,233.3333333333333,3.0,30.0,13.666666666666668,255.5555555555556,7.0,40.0,,,,,28.0,27500.0,0.225,90.0,1.8e-06,195000.0,0.3,550.0,7.850000000000001e-06,300000.0,297511.11111588567,0,2488.8888841143203,499.9999999999988,147.96421135477073,66538101146305.06,731625224866261.8,2.875,437647620597.8688,449690506488.54565,1463250449732.52,1463250449732.527,51193664.735707134,66.86142311827129,14962797186858.656,499.99999999999966,233.13857701082392,1,249253896.40544337,249253896.40544337,4.6193599700927734e-07,-51.137810476415325,20.431990208884248,0.0807056886940047,66528472390571.41,36590659.89421208,5.5e-07,27187050804.96542,0.0004425640193778,458
1000.0,800.0,7.333333333333334,42.23696789826278,10.0,20.0,9.444444444444445,70.05557692032795,4.0,50.0,,,,,12.0,27500.0,0.225,75.0,2.5e-06,195000.0,0.29,450.0,7.8e-06,800000.0,799297.4080264994,0,702.5919735010159,400.0,500.5786775608732,1858684792209190.0,1180524640345291.5,-6.5,3721676886224.1367,3713072241242.564,2951311600863.2285,2951311600863.2285,385873786.4403458,64.1605856399483,44476767785424.75,400.00000000000006,935.8394230075246,1,122667473.45035502,122667473.45035502,-7.450580596923828e-08,16.89892454434812,7.382837374251416,0.0078102305459526,1858684210624863.5,557605263.213057,3e-07,192124555240.356,0.0001049535539546,459
300.0,300.0,9.444444444444445,70.05557692032795,7.0,10.0,5.222222222222222,21.41906843141929,8.0,30.0,10.5,86.59014751456867,3.0,30.0,8.0,50000.0,0.15,105.0,2.15e-06,195000.0,0.31,550.0,7.7e-06,90000.0,88818.71755749792,0,1181.2824425021024,149.99999999999997,151.57906715982736,35589360735127.94,35309619564248.33,0.1875,239786666571.16623,234790735963.5744,235397463761.6555,235397463761.6556,15878868.1373663,44.79738180698833,3378709992181.0625,149.99999999999991,255.20261838997536,1,62606718.27457732,62606718.27457732,-7.450580596923828e-09,-10.345988552988274,16.454762884681404,0.061538693554563,35588072664156.44,8897018.140222134,2.5e-07,12261731587.357311,0.0003685002981777,460
500.0,1000.0,11.555555555555555,104.87489549761482,3.0,20.0,7.333333333333334,42.23696789826278,2.0,10.0,1.0,0.7853981633974483,3.0,50.0,8.0,20000.0,0.15,120.0,2.325e-06,195000.0,0.29,500.0,7.850000000000001e-06,500000.0,499596.18900285487,0,403.810997145093,499.9999999999996,250.87847491315856,211927207889268.0,843688787611708.5,1.25,850698099312.7437,844740498213.8324,1687377575223.4158,1687377575223.4185,152685530.6162566,27.682255218686382,3663339556433.6406,500.0000000000001,472.3177448031944,1,24998560.30791924,24998560.30791924,-1.2997770681977272e-07,42.88134745453016,2.357734162369477,0.0048479797726665,211926640532169.7,52981660.1020786,2.5e-07,44043248037.88255,0.0002116076217847,461
900.0,700.0,1.0,0.7853981633974483,8.0,10.0,9.444444444444445,70.05557692032795,4.0,10.0,10.5,150.0,10.0,40.0,12.0,27500.0,0.2,75.0,2.15e-06,190000.0,0.32,500.0,7.850000000000001e-06,630000.0,626713.4945564251,0,3286.5054435747893,350.0000000000007,448.9729042734765,1203687112440856.5,755118482686767.5,-4.0,2668768958330.3926,2680979410970.582,2157481379105.0544,2157481379105.046,278615553.2308278,147.91428407458793,130743254068085.0,349.99999999999994,752.0857670059712,1,764000757.9138937,764000757.9138937,-2.2351741790771487e-07,17.18728984100744,43.705216690978425,0.049368930056836,1203680011858792.8,421288004.0680343,3.5e-07,132775822033.3802,0.0001137941936645,462
800.0,1000.0,3.111111111111111,7.601878519797524,4.0,20.0,9.444444444444445,70.05557692032795,9.0,40.0,1.0,0.7853981633974483,10.0,40.0,20.0,42500.0,0.15,90.0,2.15e-06,195000.0,0.3,450.0,7.9e-06,800000.0,799323.3843232095,0,676.6156767899178,500.00000000000193,399.0505941053332,1826191949519628.0,2842685272574857.0,-31.0,4554669299097.019,4576341888711.954,5685370545149.736,5685370545149.692,337104637.24157447,63.5592770850569,62909324954043.25,499.99999999999966,736.4407214309238,1,216700168.23845536,216700168.23845536,-3.42843122780323e-08,26.76258453431092,4.740081781493204,0.0062759449855859,1826191260651447.5,547857378.0659232,3e-07,239339433899.5767,0.0001321915632531,463
600.0,300.0,17.88888888888889,300.0,5.0,40.0,15.77777777777778,300.0,9.0,40.0,,,,,32.0,27500.0,0.225,90.0,1.8e-06,200000.0,0.32,450.0,7.850000000000001e-06,180000.0,175800.00000174472,0,4199.999998255264,150.00000000000017,290.7551107834449,193944109619382.88,40486930177748.3,0.25,627153807167.9158,667035943398.5425,269912867851.6556,269912867851.655,75936703.04418781,194.2492919598577,94793640182916.88,149.99999999999994,405.7507065422336,1,636957359.1141661,636957359.1141661,-5.960464477539064e-08,-7.550158874801127,59.12522078171727,0.1070893513951887,193924056621169.28,58177216.776510425,3e-07,28344323014.278294,0.0001974137145684,464
1000.0,600.0,5.222222222222222,21.41906843141929,9.0,10.0,13.666666666666668,100.0,8.0,50.0,5.75,25.967226777328133,1.0,10.0,16.0,35000.0,0.225,60.0,1.975e-06,210000.0,0.31,400.0,7.8e-06,600000.0,598955.2939375229,0,1044.7060624769945,300.0000000000002,497.8567401809067,1785417553421613.0,636722397430236.5,3.5,3555593983407.9297,3586207455527.958,2122407991434.1235,2122407991434.12,261912924.4531736,115.29389496608512,127661682725980.77,299.9999999999996,884.706105140612,1,309723479.9252058,309723479.9252058,4.889443516731262e-08,0.0231430735548201,13.16602679204996,0.0139593851857207,1785416125436765.8,446354031.2002905,2.5e-07,179100086146.13596,0.0001026569764064,465
400.0,500.0,13.666666666666668,166.66666666666666,6.0,50.0,17.88888888888889,122.22222222222224,4.0,20.0,15.25,300.0,7.0,40.0,24.0,50000.0,0.175,90.0,2.325e-06,205000.0,0.28,450.0,7.75e-06,200000.0,194311.1111669994,0,5688.888833000552,250.00000000000009,200.0138572550278,142889801173888.5,239701242541020.25,1.25,714498510809.8489,714399507788.5867,958804970164.0812,958804970164.0808,44730766.15751965,98.24153904702736,32488904257500.0,250.0000000000002,301.75845008259626,1,421380655.042772,421380655.042772,-3.46451997756958e-07,-23.52863972715568,62.58199370490067,0.1686593631362316,142865552643172.28,50002943.42443172,3.5e-07,38309933008.92621,0.0002923353197568,466
1000.0,200.0,5.222222222222222,21.41906843141929,8.0,20.0,11.555555555555555,100.0,5.0,40.0,10.5,86.59014751456867,10.0,20.0,32.0,50000.0,0.2,105.0,2.5e-06,190000.0,0.3,600.0,7.75e-06,200000.0,197596.8443985536,0,2403.155601446349,100.00000000000036,498.3035847421907,867594922915773.5,34944707065951.688,-2.6875,1729322547520.9707,1741097093179.9426,349447070659.5182,349447070659.5156,117750178.87096362,184.3724689120187,127662910887104.5,100.0000000000001,815.6275423899106,1,741249556.4325395,741249556.4325395,-1.885928213596344e-08,6.067296641713256,80.82993058789388,0.0847076589908147,867591843952726.9,216897961.0144844,2.5e-07,86482672795.89044,0.000104833801554,468
800.0,700.0,15.77777777777778,233.3333333333333,5.0,50.0,9.444444444444445,70.05557692032795,10.0,10.0,10.5,86.59014751456867,10.0,40.0,4.0,42500.0,0.15,90.0,1.975e-06,205000.0,0.29,450.0,7.8e-06,560000.0,556400.9746807655,0,3599.025319235857,350.0,400.6120393929352,1318700537066128.0,1010949406715722.0,-6.5,3301803427078.0703,3291714695006.2017,2888426876330.6343,2888426876330.6343,242475827.8877511,114.40391016537347,126404077928669.23,349.9999999999998,685.5962231866819,1,579169296.6463289,579169296.6463289,8.25151801109314e-07,-40.376791154143575,34.87162308620247,0.0444067361424844,1318692849418137.5,329673212.3022987,2.5e-07,163527609753.45615,0.0001298117822158,469
600.0,400.0,5.222222222222222,21.41906843141929,6.0,20.0,3.111111111111111,7.601878519797524,8.0,20.0,,,,,24.0,35000.0,0.225,75.0,1.8e-06,205000.0,0.31,500.0,7.7e-06,240000.0,239810.67056325165,0,189.3294367483544,199.99999999999983,300.3773075028976,254481447925115.38,112461950374462.69,0.4375,849339700555.4792,847205969188.1368,562309751872.313,562309751872.314,69177606.91801862,30.817517701054893,3876918090239.281,199.99999999999991,569.1825171990555,1,18858694.88779364,18858694.88779364,-3.725290298461914e-09,9.93802582238959,4.421280858730695,0.0076433975652746,254481395509938.1,50896279.09244305,2e-07,45194914653.29196,0.0001796048897916,470
800.0,300.0,11.555555555555555,144.44444444444446,2.0,40.0,3.111111111111111,7.601878519797524,5.0,20.0,20.0,100.0,10.0,30.0,4.0,27500.0,0.175,120.0,2.15e-06,195000.0,0.29,550.0,7.75e-06,240000.0,237673.1016635108,0,2326.898336489044,150.00000000000014,401.5270639196097,371280388811323.5,54232675713337.31,-0.25,931758107497.7177,924670893132.2698,361551171422.2491,361551171422.2484,121551145.5448783,155.43021390343446,53747471656522.75,150.0,644.5697861250078,1,447890929.7574433,447890929.7574433,-1.0989606380462646e-07,15.09067123685236,43.924371643417246,0.0564258271263461,371276633174464.5,167074484.96586722,4.5e-07,46348153959.482574,0.0001321577215891,471
500.0,800.0,17.88888888888889,255.5555555555556,10.0,20.0,5.222222222222222,21.41906843141929,9.0,30.0,20.0,150.0,7.0,50.0,24.0,20000.0,0.225,60.0,1.975e-06,190000.0,0.32,550.0,7.75e-06,400000.0,395151.6727631676,0,4848.327236832729,400.00000000000006,260.1501113732776,192839185702448.0,490184815559871.75,-1.75,803999479868.6898,741261207556.2474,1225462038899.6794,1225462038899.6792,94739446.2978132,83.63212990423762,25422047140955.56,399.9999999999997,416.3678659706003,1,315564234.91716915,315564234.91716915,-9.83476638793945e-07,-32.304790956521174,33.25451941473245,0.0711495720337496,192824485181926.88,67488570.0375914,3.5e-07,37320272723.79555,0.000225588499425,472
900.0,200.0,1.0,0.7853981633974483,4.0,40.0,1.0,0.7853981633974483,3.0,50.0,5.75,25.967226777328133,5.0,50.0,16.0,20000.0,0.175,60.0,1.8e-06,210000.0,0.29,400.0,7.9e-06,180000.0,179734.82996567874,0,265.17003432125944,100.00000000000009,450.085545374724,244966775389464.62,12111213357470.32,-0.125,544474116959.6166,544267146338.8469,121112133574.7033,121112133574.70312,69561940.59072024,98.11562713070936,10085243178954.812,100.0,801.8842535093638,1,46490471.34645034,46490471.34645034,8.149072527885437e-09,4.057151496090228,12.38384321202233,0.0145778024861946,244966662636885.1,48993332.5264402,2e-07,29663268241.857105,0.0001221021271204,473
800.0,700.0,20.0,255.5555555555556,1.0,10.0,9.444444444444445,70.05557692032795,4.0,20.0,,,,,20.0,20000.0,0.175,60.0,1.8e-06,195000.0,0.31,500.0,7.9e-06,560000.0,559464.222129144,0,535.7778708560885,350.00000000000006,399.8752614496164,610698545620250.0,460217067495804.8,0.5,1526270402156.9788,1527222622890.8562,1314905907130.8708,1314905907130.8706,195191956.88544735,71.83357449604246,28890518290551.625,349.99999999999983,728.1664257152714,1,110120110.93498598,110120110.93498598,-4.284083843231201e-08,12.11017995463044,8.936361661278466,0.011526657823386,610697227572259.6,0.0,0.0,78497884294.04044,0.0001315810291092,474
600.0,600.0,7.333333333333334,42.23696789826278,4.0,20.0,11.555555555555555,104.87489549761482,2.0,30.0,1.0,0.7853981633974483,1.0,10.0,28.0,35000.0,0.15,75.0,1.975e-06,200000.0,0.32,400.0,7.9e-06,360000.0,359619.7315349592,0,380.2684650407341,299.9999999999998,299.8863086895223,382545024856028.5,382087595381033.5,2.5,1274667020973.3044,1275633511005.2798,1273625317936.777,1273625317936.7793,104160353.9223634,45.00234168345132,11979836529605.688,300.00000000000034,554.9976728034252,1,48806391.05147381,48806391.05147381,-4.713365342468023e-08,15.789523706145133,4.736074271344276,0.0083939874841461,382544561179374.0,114763368.34805374,3e-07,68266309014.76701,0.0001809521875411,475
500.0,300.0,20.0,166.66666666666666,8.0,20.0,17.88888888888889,188.88888888888889,10.0,30.0,20.0,100.0,1.0,40.0,4.0,35000.0,0.225,60.0,2.325e-06,190000.0,0.29,500.0,7.75e-06,150000.0,146577.77774123987,0,3422.2222587599545,150.00000000000017,247.19968330097527,132381892057140.2,41796136663932.05,0.09375,523661891669.0263,535526139392.1773,278640911092.8806,278640911092.88,39111294.87869349,136.8889852118104,49509462917449.19,149.99999999999994,363.1109903733192,1,431830026.2060194,431830026.2060194,-7.450580596923828e-09,-10.314996422406692,57.822426958226,0.1254131443544091,132372835320097.84,33093208.773369696,2.5e-07,24075011680.18142,0.0002277947626439,476
1000.0,500.0,17.88888888888889,233.3333333333333,7.0,20.0,20.0,255.5555555555556,6.0,40.0,1.0,0.7853981633974483,7.0,50.0,12.0,50000.0,0.25,90.0,2.5e-06,210000.0,0.32,450.0,7.8e-06,500000.0,496822.3376401704,0,3177.662359829338,249.99999999999983,500.4986994512621,2191098434438259.2,529285909139805.25,2.0,4386572031006.087,4377830425614.5728,2117143636559.22,2117143636559.2224,274109524.0275426,136.9373726823457,237731985113870.5,250.00000000000023,863.0626264896499,1,652188927.6607454,652188927.6607454,2.8629438020288944e-07,-34.76468536144796,25.842329790558928,0.0272024524111146,2191085517228101.2,1205097034.3927689,5.5e-07,218151472073.55475,0.0001061124198661,477
700.0,1000.0,3.111111111111111,7.601878519797524,10.0,30.0,1.0,0.7853981633974483,2.0,50.0,,,,,16.0,20000.0,0.15,75.0,2.325e-06,190000.0,0.3,400.0,7.850000000000001e-06,700000.0,699922.4104112003,0,77.5895887998345,500.00000000000085,350.2879674338432,572999966245094.0,1167875982905983.0,-4.5,1638490852146.1772,1635796885753.1858,2335751965811.97,2335751965811.962,233745873.6514655,7.356649634170611,134186867851.375,500.00000000000006,692.6435713481815,1,1350257.869327434,1350257.869327434,5.995389074087143e-09,-26.76616993290952,0.5792458561696565,0.000891833496797,572999957448620.6,143249989.36820835,2.5e-07,89738728099.20688,0.000157003219465,478
500.0,500.0,9.444444444444445,70.05557692032795,10.0,40.0,11.555555555555555,122.22222222222224,3.0,10.0,1.0,0.7853981633974483,3.0,40.0,32.0,42500.0,0.15,120.0,2.15e-06,205000.0,0.28,450.0,7.850000000000001e-06,250000.0,248928.06519009205,0,1071.934809907984,250.0000000000005,250.87062669449355,229419376271465.72,225000053173439.88,-2.25,920884491569.4852,914492777788.805,900000212693.7614,900000212693.7577,77785010.17094636,54.3749712918408,15089600918631.562,249.9999999999999,445.6250270506463,1,92142401.7247828,92142401.7247828,-1.9324943423271183e-08,16.40782140807272,11.263673228101975,0.0232613719695161,229417844598448.9,45883568.89148357,2e-07,46938961547.41189,0.0002136241282546,479
400.0,800.0,9.444444444444445,70.05557692032795,3.0,10.0,17.88888888888889,277.77777777777777,5.0,30.0,,,,,4.0,20000.0,0.2,60.0,2.325e-06,210000.0,0.32,550.0,7.9e-06,320000.0,318400.9443758252,0,1599.055624174796,400.00000000000006,194.7638338214889,93371311851157.12,362491395450408.4,-0.3125,454945702746.8749,479407855242.4509,906228488626.0212,906228488626.0208,61272375.10003594,96.17887004971674,25479873236740.312,400.0000000000001,303.8211306946016,1,268370273.0956431,268370273.0956431,-3.725290298461914e-08,-19.448253233509604,21.37649774711976,0.0592055637751209,93364618205414.5,18672923.676185217,2e-07,22964217097.35832,0.0002701616668209,480
300.0,400.0,11.555555555555555,104.87489549761482,2.0,10.0,9.444444444444445,70.05557692032795,1.0,50.0,,,,,4.0,50000.0,0.15,90.0,2.325e-06,190000.0,0.28,400.0,7.75e-06,120000.0,119720.19463314457,0,279.80536685544854,200.0,150.49791057121834,45616858811459.25,80996877977996.4,-0.03125,305125225913.2456,303106260002.6764,404984389889.98206,404984389889.98206,18978421.86234031,17.30785479139811,726720395153.2734,199.99999999999997,282.6919712516597,1,7981548.160744527,7981548.160744527,1.30385160446167e-08,10.237585820392267,4.356010612970119,0.0177594996517381,45616451981238.89,11404112.999820182,2.5e-07,16675688556.304296,0.0003720887612892,481
1000.0,800.0,9.444444444444445,70.05557692032795,1.0,20.0,13.666666666666668,255.5555555555556,6.0,50.0,,,,,4.0,20000.0,0.25,120.0,2.15e-06,200000.0,0.28,450.0,7.8e-06,800000.0,798396.6110564467,0,1603.3889435534672,400.00000000000006,492.8587677234884,1389562262809804.0,868506907954578.5,2.0,2739990705492.7944,2819392397599.3843,2171267269886.4463,2171267269886.446,509600788.82583976,171.33524675592733,209790927613857.72,400.0,828.664737460191,1,648187694.387106,648187694.387106,1.2665987014770508e-07,8.506088937763707,10.529819421799024,0.0111643252395819,1389555949347025.0,277911189.5204431,2e-07,140044886687.31183,0.0001052941883009,482
100.0,200.0,15.77777777777778,100.0,9.0,10.0,5.222222222222222,21.41906843141929,4.0,10.0,,,,,12.0,42500.0,0.175,105.0,2.5e-06,190000.0,0.29,500.0,7.8e-06,20000.0,19014.3237260956,0,985.676273904408,100.00000000000024,53.80782172054332,849526123645.5986,3260956749628.332,-0.0185546875,18391124975.8796,15788153032.057371,32609567496.283398,32609567496.283245,1256177.4316617912,17.315553095188413,95980599820.96802,100.00000000000004,82.68444708592857,1,5392283.034487809,5392283.034487809,6.868503987789154e-09,29.719029676280115,13.612262941437724,0.1557665178857889,848137564701.1329,84813.7564701133,1e-07,925857313.5653776,0.0013734643209672,483
700.0,200.0,3.111111111111111,7.601878519797524,9.0,10.0,15.77777777777778,188.88888888888889,8.0,40.0,,,,,24.0,35000.0,0.175,60.0,2.325e-06,200000.0,0.31,550.0,7.9e-06,140000.00000053344,138433.24023419945,0,1566.759766334039,100.0000000007432,336.2616932346209,222971105584256.5,16662258201807.602,-1106.5,612998690094.1913,663088035510.1353,166622582019.3144,166622582016.83765,48427573.89360276,196.08555514723307,80299674445265.88,100.0000000022773,503.914444949889,1,504476681.7165278,504476681.7165278,-0.0105432290583848,3.023268684293725,92.40326541757996,0.1416986520438872,222966630203702.9,100334983.83970866,4.5e-07,29240877178.43704,0.0001486175685023,484
700.0,700.0,17.88888888888889,166.66666666666666,10.0,40.0,13.666666666666668,211.11111111111111,7.0,50.0,,,,,12.0,27500.0,0.25,120.0,1.975e-06,200000.0,0.31,600.0,7.9e-06,490000.0,486855.555550554,0,3144.4444494459035,350.0,350.84326549532386,598193942594243.8,570590683111629.8,-1.0,1713253342923.083,1705017600237.2678,1630259094604.6565,1630259094604.6565,224130384.14238656,118.47006758483316,93436157243953.0,350.0000000000003,581.5299352234431,1,587588202.6330022,587588202.6330022,3.278255462646485e-07,-63.67561544830096,27.641291680755334,0.0429768722686011,598184556500541.9,149546139.08376414,2.5e-07,90647212465.5802,0.0001660327966049,485
500.0,900.0,11.555555555555555,104.87489549761482,7.0,50.0,20.0,255.5555555555556,8.0,10.0,,,,,24.0,35000.0,0.2,120.0,2.325e-06,200000.0,0.31,550.0,7.9e-06,450000.0,447221.4313122696,0,2778.56868773034,449.9999999999998,246.6646789763805,350366813056625.4,1098230808611584.0,0.25,1383016042298.9705,1420417444891.5522,2440512908025.741,2440512908025.744,146707567.40657997,97.94975813082227,69774475987488.375,450.0000000000001,402.0502858862269,1,548781841.323758,548781841.323758,6.705522537231445e-08,37.67373231364763,19.824690212563905,0.0413014379428414,350357271808557.3,105107181.650688,3e-07,70474634037.16513,0.0002169006006191,486
200.0,100.0,1.0,0.7853981633974483,7.0,20.0,7.333333333333334,42.23696789826278,10.0,20.0,20.0,300.0,10.0,10.0,20.0,35000.0,0.225,60.0,2.5e-06,190000.0,0.31,600.0,7.75e-06,19999.999986921197,14468.819478474095,0,5531.180508447094,49.99999999999989,97.638814025441,4092618337138.826,1346304754984.027,0.01953125,39982130904.14967,41915895619.87555,26926095099.68049,26926095099.680603,3061260.381340476,92.61456954798764,3095360442059.293,50.00000000000001,107.38543029528611,1,87515564.4337595,87515564.4337595,-1.3969838619232178e-09,-21.612246244665585,95.01942555717385,0.5388625263513592,4072592289250.193,0.0,0.0,1362854944.0081172,0.0006373477572135,487
800.0,300.0,15.77777777777778,144.44444444444446,4.0,30.0,9.444444444444445,70.05557692032795,9.0,30.0,,,,,4.0,42500.0,0.15,60.0,1.8e-06,200000.0,0.28,500.0,7.75e-06,240000.0,238791.72201163252,0,1208.2779883673709,150.00000000000006,399.6803410242179,569182733883142.8,77686858958278.31,1.0,1421820590423.655,1424094896497.9346,517912393055.18896,517912393055.1885,85652405.6373321,109.3381997534238,60276946427562.88,150.00000000000003,690.6617980587511,1,238880686.39536488,238880686.39536488,-3.3993273973464966e-08,13.77229303958302,30.775008721902203,0.0402141674652183,569180702671979.8,0.0,0.0,73739475136.86598,0.0001368561523207,488
100.0,700.0,17.88888888888889,277.77777777777777,5.0,30.0,7.333333333333334,42.23696789826278,1.0,20.0,20.0,300.0,10.0,40.0,16.0,27500.0,0.15,90.0,2.325e-06,195000.0,0.29,600.0,7.7e-06,69999.99997084707,67219.61938061481,0,2780.3805902322183,350.00000000000045,49.74367666890565,1706232118160.2158,109466090057980.06,-0.15625,33950595767.210533,34300482642.586147,312760257308.5149,312760257308.51404,3904835.399771164,32.53407505268784,530293309070.7363,349.99999999999994,67.46592758979033,1,52697230.13877139,52697230.13877139,2.570450305938721e-07,-35.126483052328695,26.480866543786718,0.3354432664601222,1698495989799.0293,764323.1920391864,4.5e-07,2752549498.716068,0.0017207740375379,489
600.0,100.0,15.77777777777778,122.22222222222224,4.0,30.0,11.555555555555555,104.87489549761482,6.0,30.0,,,,,12.0,27500.0,0.2,105.0,2.325e-06,210000.0,0.29,400.0,7.7e-06,60000.000000355045,59178.352610881535,0,821.6473894735118,50.00000000110916,299.4461568418131,59887439870897.47,1391867894014.9766,-457.86328125,199256942588.4121,199994017296.8521,27837357880.917053,27837357879.68201,24591946.184727795,145.29731817004978,19121954473174.36,50.000000003558256,454.7025897357029,1,93893725.91419576,93893725.91419576,-0.0038026348920539,9.15273554459418,30.53434791515392,0.0541175918000128,59886239141460.8,5988623.91414608,1e-07,9154995219.412846,0.0001891848022256,490
700.0,100.0,17.88888888888889,255.5555555555556,4.0,20.0,15.77777777777778,255.5555555555556,10.0,40.0,,,,,12.0,50000.0,0.25,120.0,2.15e-06,205000.0,0.28,600.0,7.7e-06,69999.9999891162,68738.45238468336,0,1261.5476044328725,50.000000000032415,358.2781710045053,162212481461734.62,2958923197943.5312,-1721.2890625,474691599124.8345,452755692614.3146,59178463958.90899,59178463958.83226,32733954.77665305,103.45633110245195,23211391897530.844,50.00000000016433,596.5434529724666,1,128420077.53012665,128420077.53012665,-0.0030899440171197,12.617489930213196,28.04086752788644,0.043000137621419,162207878209010.28,218980635.964568,1.35e-06,21366260776.42301,0.0001546765394288,491
900.0,400.0,1.0,0.7853981633974483,8.0,30.0,15.77777777777778,300.0,4.0,20.0,,,,,24.0,27500.0,0.175,90.0,2.5e-06,195000.0,0.31,600.0,7.850000000000001e-06,360000.0,358793.71684637445,0,1206.2831536256422,199.99999999999983,441.64498150527015,703548553700755.8,135325573219857.62,2.75,1534942403404.371,1593018336363.3677,676627866099.2876,676627866099.2887,181352386.70353708,172.45318178910605,133380263255744.5,199.99999999999991,727.5468158884286,1,618949165.0582557,618949165.0582557,-7.450580596923828e-09,11.62447884879657,28.03287823496316,0.0321437003596608,703542966441956.6,140708593.37279427,2e-07,78613083145.5549,0.0001182308214402,492
800.0,600.0,3.111111111111111,7.601878519797524,2.0,10.0,9.444444444444445,70.05557692032795,2.0,50.0,15.25,150.0,3.0,30.0,28.0,20000.0,0.225,120.0,1.8e-06,205000.0,0.3,400.0,7.8e-06,480000.0,478944.6850553266,0,1055.3149446732923,299.9999999999993,399.5647277913075,519327201905354.8,301490880008059.6,5.0,1296906736114.645,1299732348188.1492,1004969600026.8632,1004969600026.8676,234924599.5211967,106.6308179171266,34359691014080.875,299.9999999999999,693.3691789637921,1,176525185.17070007,176525185.17070007,2.7194619178771973e-07,21.8174357489188,8.171264058086361,0.0109640516608193,519324837545466.3,129831209.3927619,2.5e-07,65887998222.47738,0.0001287533067586,493
900.0,600.0,11.555555555555555,166.66666666666666,2.0,20.0,15.77777777777778,277.77777777777777,4.0,10.0,,,,,28.0,27500.0,0.15,120.0,1.975e-06,200000.0,0.31,600.0,7.8e-06,540000.0,538555.5555724599,0,1444.4444275400842,300.0000000000001,446.1303481453994,1048289861607442.0,458303381755254.8,-0.5,2309671636611.7974,2349738962985.301,1527677939184.183,1527677939184.182,308881208.226203,138.6993926867772,138227703810935.77,300.00000000000006,761.3005850189629,1,585945544.2512635,585945544.2512635,5.21540641784668e-07,-13.428208243305562,15.536967435084602,0.0176133904624305,1048284064639554.0,209656813.04476795,2e-07,115412299071.45486,0.000115615623263,494
800.0,600.0,13.666666666666668,233.3333333333333,1.0,50.0,11.555555555555555,104.87489549761482,1.0,50.0,15.25,200.0,7.0,50.0,24.0,50000.0,0.25,60.0,2.325e-06,205000.0,0.28,500.0,7.75e-06,480000.0,476861.79172994936,0,3138.208270050975,300.0000000000001,400.2689898041888,1299007938947305.0,745503322835477.8,-5.0,3249705191275.944,3245337440661.5376,2485011076118.2603,2485011076118.2583,165912619.7586731,109.22830566781266,87468071117034.5,300.0000000000002,690.7715499768965,1,563230376.1868408,563230376.1868408,-3.5762786865234375e-07,-11.202434426508262,56.57950342827346,0.0760250120656474,1298997735919456.5,0.0,0.0,185338746715.83472,0.0001452854511998,495
300.0,100.0,13.666666666666668,100.0,10.0,50.0,20.0,100.0,10.0,10.0,,,,,12.0,42500.0,0.175,90.0,1.975e-06,195000.0,0.28,400.0,7.850000000000001e-06,30000.000002868437,29008.368765986645,0,991.6312368817852,50.00000000091574,142.30154508636667,11714620612526.035,1109536891310.0127,-297.986328125,74284942226.87076,82322511715.63959,22190737826.606674,22190737825.793835,6064079.372471615,104.73758347877607,6130000137265.09,50.00000000208073,195.2624149581212,1,76811019.4807966,76811019.4807966,-0.0045969826169312,-5.195510592246137,49.37358416781316,0.1763342291707613,11713570186016.152,3514071.011885989,3e-07,3429604082.7786856,0.0003785892005947,496
800.0,500.0,5.222222222222222,21.41906843141929,4.0,50.0,7.333333333333334,42.23696789826278,3.0,40.0,,,,,4.0,35000.0,0.225,105.0,2.325e-06,210000.0,0.31,450.0,7.850000000000001e-06,400000.0,399787.6128073968,0,212.38719260322551,249.99999999999991,399.8081550992408,751291193325129.5,292620668982048.1,-1.25,1877327593997.916,1879129236717.6533,1170482675928.192,1170482675928.1929,181550393.56005543,46.59127561691341,13994742800775.623,250.00000000000003,753.4087160474343,1,45053438.18222636,45053438.18222636,1.210719347000122e-08,18.765868549056904,2.5509533388426315,0.0033727897825155,751291073248314.0,262951875.6247916,3.5e-07,104666187645.03587,0.0001403066027477,497
900.0,700.0,17.88888888888889,100.0,7.0,40.0,17.88888888888889,188.88888888888889,6.0,10.0,10.5,150.0,1.0,10.0,24.0,20000.0,0.175,120.0,2.325e-06,190000.0,0.3,550.0,7.8e-06,630000.0,627866.6666721585,0,2133.333327841506,350.0,447.2158949463589,905355251075968.4,535869950580539.25,0.25,1999529667607.725,2024425476166.4072,1531057001658.6836,1531057001658.6836,365911754.7638778,152.33303177512485,137695492396628.77,350.00000000000017,747.6671437638423,1,634554144.1092526,634554144.1092526,-2.60770320892334e-08,27.92560717038577,19.569876953858667,0.0222118535337215,905350275929152.2,860082761.7537555,9.5e-07,98303729906.20346,0.0001159658434003,498
400.0,300.0,5.222222222222222,21.41906843141929,1.0,30.0,13.666666666666668,146.6949236301234,5.0,40.0,1.0,0.7853981633974483,7.0,50.0,28.0,50000.0,0.25,60.0,1.8e-06,210000.0,0.28,600.0,7.8e-06,120000.0,119234.11074676616,0,765.8892532338772,149.99999999999974,197.1598633165193,82812572986625.75,45528119734292.766,0.71875,408265219796.4625,420027543099.2713,303520798228.6179,303520798228.61896,21473227.767709024,75.60908485324771,14082084166525.703,150.00000000000009,324.39069843546065,1,149784833.83285484,149784833.83285484,-1.1350493878126144e-08,6.563243965730294,34.71261677180414,0.0982896180506466,82810767267030.97,16562153.401239645,2e-07,23793588389.075893,0.0002999112394488,499
900.0,500.0,7.333333333333334,42.23696789826278,9.0,50.0,7.333333333333334,42.23696789826278,8.0,40.0,1.0,0.7853981633974483,7.0,50.0,16.0,50000.0,0.2,75.0,2.15e-06,190000.0,0.32,600.0,7.9e-06,450000.0,449270.9759994346,0,729.0240005652261,250.00000000000023,450.0824188993132,1534982231920088.0,470447845118603.0,6.0,3411696489310.061,3410446992517.3306,1881791380474.4136,1881791380474.4104,194933226.42949623,63.96213351262838,42898497750749.75,249.99999999999991,836.0378782882697,1,185676458.13863656,185676458.13863656,7.959897629916668e-09,10.264235863080444,16.34209111499562,0.0190837965531157,1534981773267222.5,460494531.9727152,3e-07,186354683560.532,0.0001230578937818,500
500.0,500.0,13.666666666666668,233.3333333333333,2.0,20.0,11.555555555555555,104.87489549761482,2.0,50.0,,,,,32.0,35000.0,0.25,120.0,1.975e-06,205000.0,0.3,450.0,7.8e-06,250000.0,249323.5835462273,0,676.4164537726857,250.00000000000017,251.21591600534043,187576478053951.25,187589584514950.56,-1.4375,753972983488.6776,746674339097.0646,750358338059.8027,750358338059.8018,77120128.54235937,42.76020408691785,7408207457477.031,250.0,457.2397863010995,1,46605413.71177018,46605413.71177018,2.9802322387695312e-08,17.021082291044877,7.107802701144172,0.0160005563582056,187574342746734.38,56272302.8455784,3e-07,40627300618.32854,0.0002238520680529,501
900.0,600.0,9.444444444444445,70.05557692032795,7.0,30.0,11.555555555555555,104.87489549761482,5.0,10.0,1.0,0.7853981633974483,5.0,30.0,28.0,35000.0,0.175,90.0,1.975e-06,195000.0,0.3,600.0,7.7e-06,540000.0,538977.382512713,0,1022.6174872869448,299.99999999999983,449.797547026238,1305151346016895.0,572475106523210.0,7.0,2899032063010.46,2901641760044.4624,1908250355077.3652,1908250355077.368,259543969.8984074,86.25678803766417,70086288451452.5,299.9999999999998,813.7432120109503,1,286239449.5316002,286239449.5316002,-1.2034433893859386e-08,13.916911831852984,15.919015075550496,0.0180034098624143,1305149959412239.0,326287489.858849,2.5e-07,146407742503.82837,0.0001151390776094,502
200.0,300.0,1.0,0.7853981633974483,6.0,40.0,9.444444444444445,70.05557692032795,6.0,30.0,5.75,25.967226777328133,1.0,40.0,32.0,35000.0,0.15,90.0,1.975e-06,205000.0,0.28,550.0,7.9e-06,60000.0,59523.01970305207,0,476.9802969479449,149.9999999999999,97.87153179763725,7297935707949.961,16225809525691.852,0.03515625,71458388012.72769,74566480915.4049,108172063504.61226,108172063504.61244,6669769.075091291,45.602849459279966,1601500940671.6775,149.99999999999986,154.39715176175486,1,39664413.85748633,39664413.85748633,-5.122274160385132e-09,2.0349306305342907,13.612514245698902,0.0823614307656626,7297433318572.664,1824358.313394868,2.5e-07,5304070743.16782,0.000762469863846,503
200.0,100.0,20.0,144.44444444444446,4.0,20.0,9.444444444444445,70.05557692032795,2.0,20.0,1.0,0.7853981633974483,7.0,20.0,20.0,42500.0,0.15,120.0,1.975e-06,195000.0,0.28,550.0,7.7e-06,19999.99999997213,19272.21335477876,0,727.7866451933555,49.99999999428388,104.72761267657842,3367210732469.696,744142373335.9814,-358.5322265625,35342986851.36346,32152081446.45073,14882847465.018185,14882847468.421074,2734794.6786156474,38.41894560309998,611143958760.8975,49.999999980429926,161.58111439633026,1,15496106.314788884,15496106.314788884,0.0053955708845023,14.479879898665558,22.600293044425708,0.1289398653088934,3365768104583.145,1009730.4404612936,3e-07,1833025326.6710677,0.0006741612652296,504
300.0,1000.0,15.77777777777778,233.3333333333333,3.0,50.0,7.333333333333334,42.23696789826278,10.0,40.0,,,,,32.0,27500.0,0.25,120.0,1.975e-06,195000.0,0.29,550.0,7.7e-06,300000.0,298877.6303428617,0,1122.369657138147,500.0000000000004,150.3883945175969,63670864257574.375,708783112865753.8,-0.5,425574366722.9289,423376181797.8864,1417566225731.5083,1417566225731.5063,55654244.419466525,38.66176408159999,4485396035047.906,500.0000000000001,261.3383748042164,1,79860722.88902201,79860722.88902201,2.421438694000244e-08,42.989534016865946,7.207476551331534,0.0281175938400724,63668052919865.125,15917013.218495885,2.5e-07,29023318282.142044,0.0004703342825652,505
900.0,900.0,15.77777777777778,255.5555555555556,8.0,50.0,5.222222222222222,21.41906843141929,9.0,20.0,,,,,24.0,20000.0,0.225,120.0,2.5e-06,195000.0,0.3,600.0,7.7e-06,810000.0,807762.7839799401,0,2237.216020060255,450.00000000000085,457.58644869892817,1153723239951047.5,1119650040042583.0,3.0,2607793627835.5864,2521323005153.3867,2488111200094.634,2488111200094.624,455725209.944144,58.38393424486639,26416368354802.5,450.00000000000034,841.6160664454483,1,162107435.67460155,162107435.67460155,-3.119930624961853e-07,39.17945984680955,17.41340555335201,0.0198468498686512,1153715069667353.8,288428766.9762911,2.5e-07,127730116946.129,0.0001170724742408,506
900.0,1000.0,17.88888888888889,144.44444444444446,4.0,40.0,11.555555555555555,104.87489549761482,7.0,10.0,20.0,100.0,10.0,40.0,20.0,27500.0,0.15,105.0,1.8e-06,190000.0,0.31,500.0,7.8e-06,900000.0,896688.0978628419,0,3311.90213715862,500.00000000000097,449.22748323996575,1723758694167504.0,2149868263304134.0,-2.0,3824010182690.7417,3837162147193.734,4299736526608.277,4299736526608.26,471830539.23957616,128.35271065819828,161221299098326.5,499.9999999999994,771.6472884436508,1,789021580.6608069,789021580.6608069,5.811452865600586e-07,37.149850689551386,22.09548673587384,0.0249886127979178,1723753244489901.2,0.0,0.0,191753165239.8204,0.0001151208161798,507
600.0,500.0,1.0,0.7853981633974483,5.0,10.0,5.222222222222222,21.41906843141929,5.0,50.0,1.0,0.7853981633974483,5.0,30.0,8.0,42500.0,0.15,90.0,1.8e-06,200000.0,0.31,450.0,7.75e-06,300000.0,299881.1236727651,0,118.87632723515406,249.9999999999998,299.68926149739264,383603303638385.5,266098089711401.25,0.5,1277354601274.2896,1280003500031.058,1064392358845.604,1064392358845.6058,94288216.66716927,32.750095647304626,6042426681050.9375,250.0000000000001,567.2499043645169,1,27349765.220638867,27349765.220638867,9.604264050722122e-09,15.826574182676096,1.6659405337111917,0.003043431403066,383603266943173.25,115080980.09088749,3e-07,66037939741.14138,0.000172749309619,508
600.0,100.0,13.666666666666668,233.3333333333333,10.0,40.0,11.555555555555555,144.44444444444446,3.0,50.0,,,,,24.0,20000.0,0.25,105.0,1.8e-06,195000.0,0.3,450.0,7.850000000000001e-06,60000.000006301365,59360.93866763904,0,639.061338662302,49.99999999947346,301.92720760949766,42933574052833.92,1004440605954.7144,-246.05078125,144037212214.2133,142198427206.2117,20088812118.882736,20088812119.30584,24042154.66255253,135.3199854268032,11781317616420.406,49.9999999982217,464.6799448849519,1,74006625.94249567,74006625.94249567,-0.0081351845292374,-6.770885772617476,31.1973799728807,0.0573247079858042,42932206038573.2,15026272.10212381,3.5e-07,7020694241.988603,0.0001973783781925,509
300.0,800.0,13.666666666666668,277.77777777777777,10.0,30.0,1.0,0.7853981633974483,10.0,30.0,1.0,0.7853981633974483,5.0,10.0,28.0,42500.0,0.175,105.0,1.8e-06,200000.0,0.28,550.0,7.850000000000001e-06,240000.0,237206.5142291414,0,2793.4857708584505,400.0000000000003,154.63898485976614,81905023007107.1,570442510101332.2,0.75,563459349317.9104,529653134242.8456,1426106275253.3315,1426106275253.3296,42141617.99001101,22.462154028724772,382884507573.625,399.9999999999996,277.5378288504988,1,36163449.3780085,36163449.3780085,2.2671883925795558e-07,97.14638403525674,21.031375908652024,0.0780385005886902,81892741842869.5,24567822.65157818,3e-07,31795329195.4924,0.000421809119758,510
400.0,1000.0,9.444444444444445,70.05557692032795,1.0,30.0,13.666666666666668,188.88888888888889,1.0,30.0,,,,,32.0,50000.0,0.225,105.0,1.8e-06,190000.0,0.32,500.0,7.7e-06,400000.0,399741.0555365591,0,258.944463440887,500.0000000000006,199.8655515195545,267638713272282.88,1666667118836557.0,-4.25,1337294580240.3076,1339093761968.7683,3333334237673.118,3333334237673.11,90562743.8093241,22.27108438070547,4357425797461.5625,500.0,377.7288594953669,1,35423233.03994381,35423233.03994381,2.2374044005990984e-08,37.52725955625647,1.7280204557473708,0.0047582022652795,267638099584375.2,26763809.95843752,1e-07,80607074817.41162,0.0003025911487653,511
1000.0,500.0,15.77777777777778,144.44444444444446,1.0,40.0,15.77777777777778,166.66666666666666,5.0,10.0,20.0,250.0,1.0,10.0,16.0,27500.0,0.225,75.0,1.975e-06,200000.0,0.3,600.0,7.7e-06,500000.0,498522.22222368943,0,1477.777776310481,250.0000000000001,495.76347938921793,1184110337868397.5,294897173484066.75,-2.0,2348323236155.2944,2388458180354.9243,1179588693936.2676,1179588693936.2664,248215855.2076943,157.46379609387498,144322061915344.0,250.0,842.5361950515307,1,635830819.946241,635830819.946241,2.9802322387695312e-08,-11.964145048201315,31.56226423357949,0.0321371623638819,1184105806475587.8,296026451.41123444,2.5e-07,118409851932.58476,0.0001036487127309,512
100.0,900.0,17.88888888888889,166.66666666666666,7.0,30.0,7.333333333333334,42.23696789826278,7.0,20.0,,,,,8.0,27500.0,0.175,120.0,2.325e-06,195000.0,0.28,550.0,7.7e-06,90000.0,88537.67461140295,0,1462.325388597048,450.0000000000005,50.314837255251554,2123213808081.2627,185740892261342.1,-0.046875,42733357219.51881,42198562569.32749,412757538358.5384,412757538358.5375,5547145.107243319,23.18190876744848,325388780042.4238,450.0,76.81808650997348,1,33668150.50236862,33668150.50236862,-2.2351741790771484e-08,3.7784956222931214,10.433273838851118,0.1366804434529409,2120002724703.5945,954001.221406756,4.5e-07,3901709973.336454,0.001895418757602,513
600.0,200.0,1.0,0.7853981633974483,9.0,10.0,7.333333333333334,42.23696789826278,10.0,50.0,,,,,4.0,42500.0,0.225,120.0,2.5e-06,205000.0,0.29,450.0,7.8e-06,120000.0,119570.56170603693,0,429.4382939629741,100.00000000000004,296.7939519549966,157208141389269.12,17064090778558.516,0.15625,518486166100.27344,529687819963.0796,170640907785.58524,170640907785.58508,45054234.94199511,95.69661924854374,20074965008193.094,100.00000000000004,504.30333279105855,1,102899154.61554764,102899154.61554764,1.0477378964424131e-09,-6.479932314217876,11.081369077430178,0.0202831648763212,157207850439962.38,31441570.038268715,2e-07,26337817008.417717,0.0001730945730769,514
300.0,500.0,5.222222222222222,21.41906843141929,9.0,50.0,9.444444444444445,70.05557692032795,3.0,30.0,,,,,16.0,50000.0,0.225,90.0,2.325e-06,195000.0,0.32,450.0,7.8e-06,150000.0,149597.06165691974,0,402.9383430802098,249.99999999999963,149.89537608792187,56920217386020.47,157645538138199.62,0.625,379203624129.26575,379732976904.0617,630582152552.7976,630582152552.7994,23776257.9719204,29.072480767559995,2512424428634.2188,250.0,270.9275192494222,1,29194680.41562822,29194680.41562822,-1.862645149230957e-09,-16.163496093577123,5.644630762310788,0.0212781892563105,56919924850742.2,19921973.69420121,3.5e-07,24309511247.382023,0.0004336068921173,515
400.0,700.0,13.666666666666668,277.77777777777777,3.0,10.0,20.0,144.44444444444446,1.0,50.0,10.5,100.0,7.0,50.0,20.0,50000.0,0.225,75.0,2.15e-06,205000.0,0.31,400.0,7.75e-06,280000.0,277622.2221855962,0,2377.7778144038243,350.00000000000017,201.75439818216728,192917158373196.5,597924902993509.5,-3.0,973122009286.5792,956198031425.3596,1708356865695.7422,1708356865695.7405,54654057.89336015,48.80860345686519,10699320970936.877,349.99999999999983,351.1914060081628,1,114957775.47395618,114957775.47395618,2.60770320892334e-07,-29.029894190905907,16.922373395956953,0.0497716864586969,192910757636112.88,106100916.8132989,5.5e-07,50374742319.333,0.0002722445736159,516
100.0,800.0,1.0,0.7853981633974483,1.0,30.0,5.222222222222222,21.41906843141929,6.0,10.0,,,,,20.0,27500.0,0.2,60.0,1.8e-06,210000.0,0.28,550.0,7.75e-06,80000.0,79870.70018781725,0,129.29981218273383,400.00000000000045,49.60688946314174,1865871056280.8972,118975912771887.2,-0.015625,37026312454.28226,37613143586.98608,297439781929.7183,297439781929.71765,3496201.88906173,13.475711250698405,165479202687.44238,399.99999999999983,86.52417758733567,1,6125217.690223563,6125217.690223563,1.30385160446167e-08,17.16518749658644,2.0761551843553043,0.0237576562493173,1865825036804.924,373165.0082351028,2e-07,2445373836.8364587,0.001336008299954,517
600.0,200.0,3.111111111111111,7.601878519797524,3.0,30.0,9.444444444444445,70.05557692032795,10.0,30.0,,,,,20.0,42500.0,0.2,75.0,2.5e-06,205000.0,0.32,550.0,7.75e-06,120000.0,119276.63858710029,0,723.3614128996836,100.00000000000006,294.4026421756806,161115430885091.25,17209842102950.729,0.0,527214737824.11646,547262177045.7749,172098421029.50735,172098421029.50717,36800275.950862594,122.05823598523264,33395463844459.938,99.99999999999996,477.9420155024852,1,211633308.2683161,211633308.2683161,-2.7939677238464355e-09,-3.521359434642364,35.91321014170038,0.0635319688131436,161114627723418.56,40278656.82863899,2.5e-07,28315239122.029926,0.0001870341543041,518
400.0,400.0,20.0,100.0,6.0,30.0,15.77777777777778,277.77777777777777,4.0,50.0,10.5,150.0,7.0,40.0,12.0,35000.0,0.2,105.0,2.5e-06,200000.0,0.32,550.0,7.8e-06,160000.0,156188.88896283112,0,3811.111037168764,200.00000000000009,198.85781931717025,82908748235002.66,86369599169184.5,0.21875,412189765237.4416,416924758200.0612,431847995845.92267,431847995845.9223,40280813.29220744,107.48438936296894,23809505123246.902,199.99999999999983,292.5156051834764,1,381501654.5723622,381501654.5723622,1.1827796697616577e-07,-20.262232488850717,54.470399234669344,0.1592184452884314,82897867664385.05,24869360.31354444,3e-07,23031837513.03164,0.0003129060249844,519
500.0,600.0,20.0,166.66666666666666,10.0,20.0,5.222222222222222,21.41906843141929,5.0,10.0,,,,,32.0,20000.0,0.15,75.0,1.975e-06,200000.0,0.29,450.0,7.75e-06,300000.0,298226.23805485805,0,1773.7619451419075,299.9999999999997,259.72006955625426,140013302662573.06,189710084678121.25,0.625,582709102687.0133,539093120149.6802,632366948927.0702,632366948927.0714,77033275.61408156,36.123194897000594,4565604999228.719,300.0,463.87680307045486,1,35265955.458854474,35265955.458854474,-7.962808012962341e-08,58.04846405623539,19.147635954751895,0.0392861560657134,140008845798237.58,35002211.23457607,2.5e-07,26202732482.51345,0.0002111469494722,520
900.0,500.0,7.333333333333334,42.23696789826278,5.0,20.0,7.333333333333334,42.23696789826278,3.0,50.0,,,,,16.0,27500.0,0.225,105.0,1.8e-06,210000.0,0.31,400.0,7.8e-06,450000.0,449662.1042729236,0,337.8957270764574,249.9999999999997,450.5842648516232,845946156853300.0,259394134915885.12,4.0,1882324295062.8037,1877442740109.5972,1037576539663.5392,1037576539663.5416,230856759.88573596,53.83491075849368,17462470643810.377,249.99999999999983,846.1651025172093,1,44686491.66447869,44686491.66447869,1.2572854757308962e-08,18.674834416124213,3.60727260870496,0.0042622362450207,845945918282568.6,84594591.82825686,1e-07,97817855583.78214,0.0001172611787132,521
100.0,1000.0,17.88888888888889,188.88888888888889,3.0,50.0,11.555555555555555,104.87489549761482,1.0,40.0,10.5,86.59014751456867,7.0,40.0,4.0,35000.0,0.2,60.0,2.15e-06,200000.0,0.31,500.0,7.75e-06,100000.0000011806,99332.35535722705,0,667.6446439535414,500.0,49.75579054445204,2925118179587.4043,306799037877687.5,-0.09375,58218015792.95051,58789502640.38295,613598075755.375,613598075755.375,4293597.27640838,17.56553639584403,283638038431.94336,499.9999999999997,82.43446745096907,1,18205740.89375499,18205740.89375499,5.476176738739014e-07,21.19750322908658,7.795201552986049,0.127147281191047,,,,,,522
100.0,400.0,5.222222222222222,21.41906843141929,9.0,10.0,17.88888888888889,144.44444444444446,1.0,30.0,1.0,0.7853981633974483,7.0,20.0,32.0,35000.0,0.25,60.0,2.325e-06,200000.0,0.3,600.0,7.7e-06,40000.0,39651.78835917398,0,348.21164082602536,200.0000000000002,50.65157241290286,1214334237614.776,19142482455817.15,-0.025390625,24607354215.52279,23974265353.812374,95712412279.08585,95712412279.08565,1750922.117111316,13.976996226235046,78688999110.77783,200.0,86.02300379212626,1,5651851.30575793,5651851.30575793,-5.005858838558197e-09,-8.032532765332348,8.596689078757377,0.1408010951386891,1213936311762.214,242787.26330208336,2e-07,1546583332.0030527,0.0013327627648072,523
100.0,500.0,3.111111111111111,7.601878519797524,1.0,10.0,15.77777777777778,144.44444444444446,5.0,10.0,,,,,4.0,20000.0,0.225,75.0,1.975e-06,200000.0,0.32,450.0,7.7e-06,50000.0,49270.17589192677,0,729.8241080732282,250.0,46.35676611115092,955872203059.1613,24336732598277.97,-0.0078125,17819063724.602554,20619906935.855698,97346930393.11186,97346930393.1119,2946464.932970127,36.28986177170969,465078874090.584,250.0,63.71011910850984,1,24930379.295334097,24930379.295334097,-1.862645149230957e-09,12.587013684147678,12.137447251891237,0.147817355094504,954211004424.3944,524816.0256414664,5.5e-07,1080354843.1048217,0.0013079009533352,524
500.0,200.0,3.111111111111111,7.601878519797524,5.0,10.0,17.88888888888889,188.88888888888889,6.0,20.0,,,,,16.0,50000.0,0.2,75.0,1.8e-06,205000.0,0.3,450.0,7.8e-06,100000.0,98828.65728581283,0,1171.3427141871684,100.0,242.7768238692575,112817979457454.77,17106250275938.951,0.0625,438599589486.87866,464698308757.0607,171062502759.3895,171062502759.38956,26561075.67163243,126.07584711800364,34410952170066.312,100.00000000000004,373.9241549011648,1,229875353.2144675,229875353.2144675,-1.3969838619232178e-08,-1.6293304584396535,46.24958172495687,0.0981828601417385,112814482097571.52,33844344.7041261,3e-07,21528341074.433548,0.0002114407091964,525
500.0,400.0,7.333333333333334,42.23696789826278,1.0,50.0,15.77777777777778,277.77777777777777,5.0,10.0,,,,,8.0,20000.0,0.25,75.0,1.8e-06,195000.0,0.28,500.0,7.8e-06,200000.0,198568.8741767631,0,1431.125823236867,200.0000000000002,237.06848910191144,96007625924640.05,57369132065400.53,-0.375,365143095997.544,404978435929.40814,286845660327.0029,286845660327.0024,57869066.227459766,149.48156546118372,38946526102001.53,200.0,350.5184345561011,1,325149527.18791354,325149527.18791354,3.725290298461914e-09,-11.67433892871486,33.144288918944945,0.0687482369991363,96001612060677.44,33600563.97389589,3.5e-07,17725992808.904137,0.0002146815576557,526
100.0,200.0,9.444444444444445,70.05557692032795,1.0,50.0,13.666666666666668,188.88888888888889,5.0,50.0,,,,,12.0,35000.0,0.175,75.0,2.15e-06,210000.0,0.29,550.0,7.7e-06,19999.99999680128,18988.23990429311,0,1011.7600925081632,100.0,51.22197470315694,592571389813.9829,2489865681116.8457,0.0029296875,12148326755.907736,11568694749.627865,24898656811.168453,24898656811.16846,944628.1625130794,29.556448766197803,109118103592.87256,100.0,70.44355247874434,1,9903052.249392284,9903052.249392284,3.2596290111541752e-09,0.0615683356299996,29.41413230146646,0.5358326497053779,,,,,,527
700.0,300.0,11.555555555555555,104.87489549761482,2.0,50.0,13.666666666666668,211.11111111111111,10.0,20.0,5.75,25.967226777328133,5.0,40.0,20.0,27500.0,0.225,75.0,1.975e-06,195000.0,0.28,600.0,7.850000000000001e-06,210000.0,207419.4668212554,0,2580.533178744637,150.0,333.15388627191,274958758093742.5,45732911290649.61,0.0625,749520705833.4674,825320578338.7728,304886075270.9974,304886075270.9974,85769830.45289306,214.99515354682364,116843282942409.88,149.99999999999994,485.00485412444976,1,853619198.6896701,853619198.6896701,7.450580596923828e-08,8.662860250926315,86.30196201541938,0.1282029641502211,274951397284544.25,68737848.95514858,2.5e-07,35723567320.79554,0.0001539179706728,528
800.0,400.0,15.77777777777778,211.11111111111111,1.0,40.0,1.0,0.7853981633974483,1.0,30.0,15.25,300.0,5.0,40.0,16.0,42500.0,0.175,120.0,1.975e-06,210000.0,0.31,450.0,7.7e-06,320000.0,316788.1035222757,0,3211.8964777242622,200.00000000000023,400.5682187194839,744318293775243.5,193013038839760.25,-2.0,1863442842202.1772,1858156136686.636,965065194198.8024,965065194198.8,158051214.29264688,139.84369542969202,79639485488209.0,200.0000000000001,660.1563061340706,1,528640778.68030405,528640778.68030405,-2.5331974029541016e-07,-12.088818432530388,40.1599496831829,0.0521896682042662,744302508917258.6,0.0,0.0,97775588270.56952,0.0001353836433293,529
700.0,900.0,17.88888888888889,211.11111111111111,4.0,50.0,11.555555555555555,166.66666666666666,10.0,20.0,15.25,250.0,3.0,50.0,4.0,42500.0,0.175,90.0,2.15e-06,200000.0,0.31,500.0,7.8e-06,630000.0,625988.8888131394,0,4011.111186860538,449.9999999999994,348.1641107115041,1135882783422997.5,1871615173244156.8,0.5,3228444902878.013,3262492452486.618,4159144829431.455,4159144829431.465,240323245.38768747,115.29010763865932,147784736721661.75,449.99999999999983,584.7101126612315,1,829365301.1799164,829365301.1799164,6.705522537231445e-08,-36.64719409742975,33.871852062888244,0.0502384094455761,1135869556357634.0,113586955.6357634,1e-07,167124050455.05823,0.0001540493815559,530
300.0,1000.0,15.77777777777778,277.77777777777777,1.0,40.0,15.77777777777778,100.0,3.0,50.0,5.75,25.967226777328133,5.0,20.0,24.0,20000.0,0.2,75.0,2.325e-06,195000.0,0.31,450.0,7.8e-06,300000.0,299162.5499672633,0,837.4500327366602,499.9999999999994,150.05777459137914,46050221516190.97,518147637148500.5,0.875,307119768235.36816,306883276401.9717,1036295274297.0,1036295274297.0022,43851837.704517,41.601631443180985,3483321559535.625,499.9999999999998,258.3985094931319,1,54438057.55026957,54438057.55026957,2.468004822731018e-07,26.87411850442186,7.040066721665171,0.0290778340878129,46048454010609.02,13814536.201762242,3e-07,22005424613.160088,0.0004896520363599,531
600.0,100.0,17.88888888888889,255.5555555555556,4.0,50.0,1.0,0.7853981633974483,3.0,50.0,,,,,4.0,27500.0,0.225,60.0,2.325e-06,190000.0,0.3,500.0,7.8e-06,60000.00002111703,59391.56329812059,0,608.4367229964308,49.9999999986929,313.54634441429897,54926594745062.72,1383456930318.7937,-556.2734375,191746880076.48697,175178552464.5965,27669138605.652542,27669138607.0992,16283126.791394508,40.6918948550477,189756898669.17188,49.99999998995205,559.3081038581025,1,7448869.123839055,7448869.123839055,0.0006058359802807,3.3183034505954083,39.61275115750243,0.0720887191219334,54924986267967.09,10984997.182520991,2e-07,9857219250.2176,0.0002016425130008,532
700.0,100.0,5.222222222222222,21.41906843141929,2.0,50.0,9.444444444444445,70.05557692032795,6.0,20.0,10.5,150.0,10.0,10.0,8.0,35000.0,0.2,90.0,1.8e-06,205000.0,0.29,450.0,7.7e-06,70000.0,66536.82826536661,0,3463.1717346334267,50.00000000000002,340.7233863074442,121572279906912.56,2715699747690.334,-0.1796875,338380721910.68286,356806385450.79065,54313994953.8067,54313994953.806656,31915361.517122816,249.0714453196169,58055348789613.31,50.00000000000003,450.9285716596937,1,467618939.2762549,467618939.2762549,8.381903171539307e-09,-6.6176221620771685,171.6121937751766,0.2541357043962678,121564443822665.28,36469333.03404273,3e-07,14856426121.331783,0.0001527928419686,533
600.0,500.0,3.111111111111111,7.601878519797524,9.0,30.0,1.0,0.7853981633974483,6.0,30.0,,,,,20.0,35000.0,0.25,90.0,2.5e-06,195000.0,0.29,400.0,7.75e-06,300000.0,299926.87070828286,0,73.12929171721345,249.9999999999993,300.2602227358341,315842902788638.1,218984607012595.5,2.25,1053723685496.3038,1051897250694.1538,875938428050.3794,875938428050.3846,94089350.42560096,9.60557185577406,299669497350.08594,249.99999999999991,590.3944222201509,1,1930013.32201901,1930013.32201901,-6.824848242104053e-09,16.082343114802256,0.911198689895786,0.0015999976995536,315842894633193.2,173713592.0605655,5.5e-07,58424690055.02894,0.0001855589957673,534
300.0,700.0,1.0,0.7853981633974483,7.0,50.0,9.444444444444445,70.05557692032795,10.0,30.0,15.25,150.0,5.0,30.0,32.0,27500.0,0.25,105.0,1.975e-06,210000.0,0.29,400.0,7.7e-06,210000.0,207793.946448197,0,2206.053551802906,349.9999999999997,147.2807942360865,45698338810298.91,267751530658890.75,1.25,299231118847.9027,310280366474.97906,765004373311.1158,765004373311.1171,38153131.66695614,74.96746340674534,11010160272260.688,349.99999999999994,225.0326067182405,1,162579920.28138268,162579920.28138268,2.2351741790771487e-07,26.604996836169448,16.820442568320157,0.0634069039394352,45693758381645.51,4569375.83816455,1e-07,18640707942.76148,0.0004326765755632,535
300.0,300.0,5.222222222222222,21.41906843141929,10.0,50.0,13.666666666666668,188.88888888888889,6.0,30.0,1.0,0.7853981633974483,5.0,10.0,24.0,20000.0,0.2,90.0,1.975e-06,210000.0,0.32,400.0,7.8e-06,90000.0,88644.62197227177,0,1355.378027728249,149.99999999999972,140.0769131381034,16448170671435.352,15627309877849.156,0.109375,102850507667.09724,117422423888.07436,104182065852.32751,104182065852.32793,18380454.23927193,107.74823026109036,8386273076545.535,150.00000000000003,192.25176859895893,1,117520032.51462972,117520032.51462972,-1.8662831280380487e-08,9.449706700764978,28.13195114364067,0.1068978510623903,16444516247197.354,3288903.2698564418,2e-07,5839457380.601687,0.0004389597439587,536
300.0,100.0,17.88888888888889,255.5555555555556,4.0,40.0,1.0,0.7853981633974483,1.0,30.0,10.5,100.0,7.0,50.0,16.0,35000.0,0.225,60.0,1.8e-06,205000.0,0.31,600.0,7.9e-06,30015.189747066885,28042.57566588963,0,1972.6140811772348,49.99999999959618,155.48963338325456,9576408280825.45,892372252794.3765,-6.78125,66267967516.98063,61588725064.52755,17847445055.743385,17847445056.031673,4498034.0080794655,92.61541806610332,3264659417017.754,49.9999999992024,207.38458216635337,1,78856904.31069608,78856904.31069608,0.000784725874837,6.027065301612311,90.21788604785068,0.3347602450755126,9572514980915.44,2871754.509503476,3e-07,3248660127.726049,0.000422171165976,537
700.0,1000.0,7.333333333333334,42.23696789826278,10.0,20.0,1.0,0.7853981633974483,2.0,30.0,,,,,32.0,20000.0,0.175,105.0,2.5e-06,210000.0,0.3,450.0,7.75e-06,700000.0,699576.0595331069,0,423.94046689334937,499.99999999999926,351.8531218407078,580195173135333.0,1174150901165074.5,5.5,1666524129709.038,1648969803365.8518,2348301802330.145,2348301802330.1523,278799054.4291254,11.41738387350146,166385465315.03125,500.0,688.5826297204204,1,4768444.6376735205,4768444.6376735205,-3.725290298461914e-09,37.555217993432734,2.545946290257953,0.0038027577150977,580194874731200.5,145048718.72193968,2.5e-07,87484334798.98961,0.0001531669026023,538
600.0,200.0,13.666666666666668,233.3333333333333,6.0,20.0,7.333333333333334,42.23696789826278,8.0,40.0,,,,,24.0,35000.0,0.2,120.0,1.8e-06,195000.0,0.3,500.0,7.9e-06,120000.0,118262.10422495972,0,1737.8957750402878,100.00000000000011,310.5695476082872,145771285685005.25,14637474320106.39,0.0625,503648750435.2844,469367608020.8049,146374743201.0641,146374743201.06372,48478551.31590195,76.50948161404246,16772005187156.906,99.99999999999989,523.4904873591995,1,95805642.4065092,95805642.4065092,-4.074536263942719e-08,-0.0012472560010792,21.608757880790407,0.0388413862475892,145765995610681.84,80171297.27822292,5.5e-07,22336992273.896103,0.0001818429735632,539
900.0,700.0,9.444444444444445,70.05557692032795,3.0,10.0,3.111111111111111,7.601878519797524,9.0,30.0,1.0,0.7853981633974483,10.0,50.0,32.0,20000.0,0.25,90.0,2.325e-06,200000.0,0.31,400.0,7.7e-06,630000.0,629705.7084107283,0,294.2915892721301,350.0000000000002,450.896010763381,859954606847511.0,517409783618426.0,-5.25,1914822908407.584,1907212719384.1904,1478313667481.218,1478313667481.216,298541240.6970317,40.71216490721773,10376682785123.877,349.99999999999955,859.2878559971587,1,27651374.40780123,27651374.40780123,-1.142325345426798e-08,21.87894714608348,2.6182647932992467,0.003014890371155,859954364157527.4,300984027.4041173,3.5e-07,97611056023.25745,0.0001148531288526,540
100.0,500.0,3.111111111111111,7.601878519797524,1.0,50.0,11.555555555555555,122.22222222222224,2.0,20.0,,,,,4.0,50000.0,0.225,75.0,1.975e-06,195000.0,0.32,550.0,7.7e-06,50000.0,49747.953683420645,0,252.0463165793612,250.00000000000009,49.66085472325733,2104179855050.5547,53865663958583.31,-0.0234375,41800071166.93562,42370995561.32123,215462655834.3333,215462655834.3332,2421827.663622964,15.151659495762477,197740536843.6123,250.0,84.84833852604854,1,9874224.351832364,9874224.351832364,-2.2351741790771484e-08,-13.468268648633966,5.178515134576529,0.0697704133853568,,,,,,541
900.0,900.0,11.555555555555555,166.66666666666666,6.0,50.0,5.222222222222222,21.41906843141929,4.0,10.0,10.5,86.59014751456867,10.0,30.0,12.0,20000.0,0.2,60.0,2.5e-06,205000.0,0.3,550.0,7.8e-06,810000.0,807182.520833442,0,2817.4791665585576,450.00000000000085,453.5334415424735,1140335539863184.0,1164963417733110.0,-6.0,2554134275594.724,2514336177691.521,2588807594962.472,2588807594962.462,321353410.7178805,118.8238148366382,82099698832567.0,450.00000000000006,781.1762099242382,1,489710882.77744937,489710882.77744937,-1.0281801223754885e-06,34.26381426648004,35.23657490298512,0.0397081542712274,1140330344131851.0,342099103.3577222,3e-07,124878189904.45724,0.0001143510542171,542
700.0,600.0,9.444444444444445,122.22222222222224,3.0,20.0,1.0,0.7853981633974483,7.0,30.0,1.0,0.7853981633974483,3.0,40.0,8.0,42500.0,0.15,75.0,2.15e-06,190000.0,0.31,450.0,7.8e-06,420000.0,419623.12313358346,0,376.87686641677806,300.00000000000017,350.9681348103983,734675890254511.0,537921225855297.5,-2.5,2104896324739.3445,2093283741133.369,1793070752850.993,1793070752850.9907,140761453.1905037,12.09808758813486,594274640896.8125,300.00000000000017,687.9018879103047,1,6076964.23730038,6076964.23730038,4.3655745685100555e-09,11.159092449900813,5.280361263387428,0.0078870220513628,734675212372449.2,146935042.49182475,2e-07,111759917015.65904,0.0001536105517736,543
900.0,900.0,7.333333333333334,42.23696789826278,9.0,20.0,11.555555555555555,122.22222222222224,10.0,30.0,20.0,150.0,3.0,10.0,4.0,27500.0,0.25,90.0,2.15e-06,195000.0,0.3,450.0,7.9e-06,810000.0,807497.6450336846,0,2502.354966314764,450.0000000000002,447.49970648299495,1554567365917268.0,1552217118488991.0,2.0,3435505762514.709,3473895833664.288,3449371374419.982,3449371374419.978,395475234.7877491,133.78922037657935,169741128973930.5,449.9999999999999,766.2107730036834,1,648700919.1751333,648700919.1751333,-9.313225746154785e-08,-37.84182913099357,17.78827467291435,0.0205829868906719,1554562704400140.0,544096946.2847099,3.5e-07,175828150885.50595,0.0001173587606006,544
300.0,200.0,17.88888888888889,255.5555555555556,1.0,50.0,11.555555555555555,188.88888888888889,9.0,20.0,,,,,4.0,42500.0,0.2,75.0,2.325e-06,190000.0,0.29,550.0,7.7e-06,59999.99998984127,58047.54876026727,0,1952.451229574004,99.99999994339568,140.25381086159123,23034707716140.914,9079248738014.207,18620.3671875,144195663385.6409,164235877618.1319,90792487328.7496,90792487431.53456,11043930.80845749,109.68882104184593,12569952130112.406,99.99999987570848,190.31117669668964,1,220227601.87935117,220227601.87935117,0.4650173932313919,6.360530573743745,84.49161590596034,0.3081136724188479,23028883147797.29,8060108.977261083,3.5e-07,7196650090.731349,0.0003948235418908,545
100.0,400.0,11.555555555555555,104.87489549761482,10.0,20.0,17.88888888888889,188.88888888888889,9.0,50.0,,,,,24.0,20000.0,0.2,90.0,2.325e-06,205000.0,0.3,550.0,7.8e-06,40000.0,37251.25104949945,0,2748.7489505005497,200.0,55.74129297728649,768876010698.6382,15679576884310.951,-0.0234375,17372310725.300945,13793652239.318172,78397884421.55475,78397884421.55478,2159158.237262106,29.27703167550857,124504642224.46826,200.00000000000009,70.72292273322583,1,19118307.169737536,19118307.169737536,1.30385160446167e-08,31.46526963502401,25.52699848354556,0.6217672169350393,,,,,,546
900.0,600.0,11.555555555555555,104.87489549761482,5.0,30.0,11.555555555555555,104.87489549761482,8.0,40.0,,,,,8.0,27500.0,0.175,75.0,2.5e-06,190000.0,0.3,500.0,7.75e-06,540000.0,538636.6263916524,0,1363.3736083475917,300.0,448.6853134091451,1039248206123770.4,452252565076583.0,0.75,2302713022645.1377,2316207317390.185,1507508550255.2766,1507508550255.2766,240707325.2749568,115.92211989789504,96009244731633.23,299.9999999999998,784.0778137169084,1,360720480.7249034,360720480.7249034,-1.7136335372924805e-07,-22.09157549183874,20.219746236516,0.0236703584904614,1039246044449046.0,0.0,0.0,120559390221.5719,0.0001207485066131,547
400.0,900.0,15.77777777777778,233.3333333333333,9.0,20.0,7.333333333333334,42.23696789826278,9.0,30.0,,,,,12.0,50000.0,0.225,120.0,2.15e-06,190000.0,0.32,600.0,7.8e-06,360000.0,357519.8673311148,0,2480.1326688851505,450.00000000000045,202.2754752827136,250091962416136.88,1240675982289527.0,-2.75,1264850492237.76,1236392904609.8733,2757057738421.174,2757057738421.1685,89390437.46082921,31.96666374603422,8575539755309.781,449.9999999999998,368.0333383076453,1,102204319.60410088,102204319.60410088,-1.601874828338623e-07,-109.4906100611588,15.4530832238886,0.0421831207308039,250084310579318.72,62521077.70745268,2.5e-07,68665255437.71207,0.0002894426998015,548
900.0,600.0,3.111111111111111,7.601878519797524,4.0,20.0,17.88888888888889,100.0,10.0,10.0,,,,,16.0,35000.0,0.25,105.0,1.8e-06,200000.0,0.32,450.0,7.9e-06,540000.0,538969.5924846453,0,1030.4075153542622,300.0,446.3830888675072,1307081296218362.0,572527456275346.8,4.0,2881465095635.706,2928160427256.513,1908424854251.156,1908424854251.156,282901605.48189926,120.18965518986997,127987231495099.5,299.99999999999994,779.8103448471064,1,394648452.6834244,394648452.6834244,8.568167686462402e-08,13.930490583523351,10.311685929928418,0.0117037862885268,1307079700300252.8,130707970.03002527,1e-07,147205169436.07748,0.0001158395544134,549
1000.0,1000.0,3.111111111111111,7.601878519797524,8.0,20.0,1.0,0.7853981633974483,4.0,20.0,,,,,24.0,20000.0,0.175,90.0,2.5e-06,210000.0,0.31,550.0,7.8e-06,1000000.0,999936.0433791336,0,63.956620866444425,500.00000000000057,500.2619479080018,1669447551907111.0,1667876494449200.0,-9.0,3340645253885.485,3337146786575.345,3335752988898.404,3335752988898.396,522372744.2285505,8.95130842993185,628265130999.75,500.0,991.048606924568,1,2420954.0877457736,2420954.0877457736,2.4621840566396717e-08,32.1798234577862,0.5480724750685443,0.0005595431087989,1669447544192549.0,584306640.4438021,3.5e-07,173782925093.28925,0.0001042779803832,550
300.0,800.0,11.555555555555555,100.0,3.0,50.0,9.444444444444445,70.05557692032795,10.0,30.0,,,,,16.0,35000.0,0.25,60.0,2.325e-06,205000.0,0.31,400.0,7.9e-06,240000.0,238999.44425953107,0,1000.5557404689472,399.9999999999997,148.9587497310132,65027189666116.125,458503609348587.25,0.5,430526028818.68567,436544948071.4691,1146259023371.4673,1146259023371.469,31882361.916462168,47.62845113853879,7816950300275.422,400.0,252.37149230416009,1,78952011.115194,78952011.115194,-2.2351741790771484e-08,17.035684421160113,11.681917560756236,0.0440365478631644,65025899549982.51,35764244.79264667,5.5e-07,27145679062.31728,0.0004330759801652,551
800.0,1000.0,17.88888888888889,166.66666666666666,3.0,10.0,5.222222222222222,21.41906843141929,1.0,10.0,,,,,4.0,50000.0,0.25,105.0,1.8e-06,210000.0,0.31,550.0,7.850000000000001e-06,800000.0,799478.5809207604,0,521.4190792397031,500.0,400.727403970947,2145443740890802.0,3345676488909210.0,-6.0,5373380898734.882,5353873280516.518,6691352977818.42,6691352977818.42,362081781.0234198,12.84617578114426,2739061458434.1875,500.0,787.1538242667715,1,14009493.58701305,14009493.58701305,-7.517544907249421e-08,30.934888159303227,3.8268619589935176,0.0048601929924027,2145442340326674.5,429088468.0944922,2e-07,275093197619.6715,0.0001291282483825,552
700.0,300.0,9.444444444444445,70.05557692032795,9.0,10.0,7.333333333333334,42.23696789826278,5.0,20.0,5.75,25.967226777328133,10.0,40.0,28.0,42500.0,0.2,105.0,1.8e-06,190000.0,0.28,600.0,7.7e-06,210000.0,208638.9704679536,0,1361.0295320464504,149.99999999999972,352.34038840122446,380447416222769.5,68422941367012.375,0.0625,1094310076667.2704,1079772369977.4615,456152942446.7483,456152942446.75006,85911612.3173846,82.58263015850189,26735731331984.0,150.00000000000017,617.4174958910918,1,189575691.9092557,189575691.9092557,-6.705522537231445e-08,-16.384077213560886,18.118541704542302,0.0267893667403873,380446409828970.8,114133922.86326,3e-07,53792625837.89806,0.0001489064671937,553
200.0,300.0,20.0,211.11111111111111,8.0,10.0,15.77777777777778,188.88888888888889,1.0,40.0,5.75,25.967226777328133,1.0,20.0,32.0,42500.0,0.25,90.0,1.8e-06,205000.0,0.32,450.0,7.8e-06,60000.0,58070.28770135643,0,1929.7122986435768,149.99999999999991,107.1496970164146,10200146890355.684,20960190089672.297,0.125,109855827741.98296,95195293821.43834,139734600597.81525,139734600597.8154,7012320.2704624105,25.34914700789881,743758000255.1328,150.0,174.6508479865353,1,16719984.23791998,16719984.23791998,3.562308847904205e-08,-43.732192793992,16.785839527123596,0.1103524877261905,10193726214202.05,2038745.2633141207,2e-07,4965929606.593967,0.000611940939153,554
700.0,800.0,5.222222222222222,21.41906843141929,1.0,40.0,9.444444444444445,70.05557692032795,6.0,30.0,,,,,20.0,35000.0,0.15,105.0,1.975e-06,190000.0,0.31,550.0,7.7e-06,560000.0,559558.2474774609,0,441.75252253908457,400.00000000000045,349.007530359,807104107111514.0,1049390458745170.0,-3.5,2299491233920.2925,2312569319869.1206,2623476146862.928,2623476146862.922,223426820.22792265,58.78678704218369,31273727600125.0,399.99999999999983,641.2130425018167,1,153854605.70142505,153854605.70142505,-5.587935447692871e-09,-30.096268493609383,4.051765071214115,0.0060903358074035,807103654753864.1,161420730.9702932,2e-07,126696343832.94151,0.0001585126837124,555
500.0,100.0,7.333333333333334,42.23696789826278,2.0,20.0,5.222222222222222,21.41906843141929,4.0,10.0,,,,,32.0,42500.0,0.175,120.0,2.5e-06,195000.0,0.31,550.0,7.7e-06,50000.0,49829.84978776636,0,170.15021223363402,50.00000000000005,249.9135507739924,45667094177882.86,1789979169901.6355,-0.03125,182605232387.51205,182731564720.88055,35799583398.03275,35799583398.03268,15542798.112342443,56.47139939385608,3371357765412.625,50.0,443.5285282288716,1,23612093.631014533,23612093.631014533,4.074536263942719e-10,3.334295501226734,10.926097109493622,0.022417616318122,45667010333944.58,15983453.617345504,3.5e-07,9263384738.50982,0.0002106044591419,556
200.0,1000.0,17.88888888888889,122.22222222222224,10.0,30.0,17.88888888888889,166.66666666666666,3.0,20.0,,,,,4.0,27500.0,0.15,75.0,2.325e-06,195000.0,0.28,600.0,7.850000000000001e-06,200000.0,198277.77777963688,0,1722.2222203631584,500.00000000000006,101.13130471653804,19515007135025.41,488455116776209.0,-0.1875,197383075391.80957,192967026280.57877,976910233552.418,976910233552.4178,20053721.62220647,32.922687496457115,2199732915530.879,499.99999999999983,167.07731252134798,1,70943220.42696527,70943220.42696527,-1.1920928955078125e-07,-62.93578003886796,19.257191093831278,0.1125785772860687,19511395873342.74,8780128.165924063,4.5e-07,12844510895.57476,0.0007045112832162,557
400.0,800.0,17.88888888888889,166.66666666666666,6.0,20.0,20.0,100.0,5.0,20.0,5.75,25.967226777328133,3.0,20.0,24.0,50000.0,0.175,90.0,1.975e-06,190000.0,0.29,500.0,7.850000000000001e-06,320000.0,318344.1966294167,0,1655.8033705831922,399.9999999999991,200.7429417783338,219551956216777.72,870224771883905.5,4.0,1101852843639.467,1093697015057.2635,2175561929709.7588,2175561929709.7688,68479758.02662681,41.33402314655324,12111545604422.656,399.9999999999996,358.6659751072663,1,116267302.77016084,116267302.77016084,-3.073364496231079e-08,-57.54528414312336,15.715529359237166,0.0424744036736139,219548619226923.0,98796878.58578928,4.5e-07,61762034816.59188,0.0002919335144703,559
300.0,1000.0,7.333333333333334,42.23696789826278,10.0,20.0,11.555555555555555,144.44444444444446,8.0,10.0,,,,,28.0,50000.0,0.225,105.0,2.15e-06,190000.0,0.32,400.0,7.75e-06,300000.0,298422.0747712037,0,1577.9252287963488,500.00000000000097,149.06419121093856,116347002670497.77,1271724750596537.5,-5.25,770837640212.3179,780516110041.8597,2543449501193.08,2543449501193.0703,52786207.0008058,45.250922082891705,14112789537911.562,500.0000000000004,254.74907297852425,1,133012148.75249743,133012148.75249743,-7.450580596923828e-09,36.91078146107611,8.42205665058074,0.0296319428506776,116344209111596.34,75623736.00087875,6.5e-07,41388719767.74254,0.0003717188023113,560
200.0,400.0,17.88888888888889,255.5555555555556,2.0,40.0,20.0,211.11111111111111,8.0,20.0,15.25,100.0,5.0,10.0,28.0,42500.0,0.2,75.0,1.975e-06,190000.0,0.3,600.0,7.850000000000001e-06,80000.0,76799.99992162955,0,3200.0000783704595,200.0,96.1296721807224,12832702430031.549,56176587520939.09,0.0,123545411855.81863,133493666824.39374,280882937604.6955,280882937604.6955,8976691.580166142,67.92875601374124,5637570791333.516,200.0,132.0714240761762,1,179677231.72809044,179677231.72809044,-5.1455572247505195e-08,-18.68022101233601,63.33099040873985,0.3725352376984697,12823824877534.926,3847147.403316848,3e-07,7768481227.993144,0.0007045880348161,561
100.0,600.0,11.555555555555555,166.66666666666666,2.0,20.0,15.77777777777778,100.0,5.0,40.0,20.0,150.0,10.0,40.0,16.0,42500.0,0.25,60.0,1.8e-06,190000.0,0.28,550.0,7.8e-06,59999.99999647764,58623.933345493824,0,1376.0666509838704,300.0000000000003,50.69069934103113,2167103511955.8997,86979032218385.19,-0.0703125,43949183683.29616,42751501560.00624,289930107394.61755,289930107394.617,2571295.608338697,20.38005792837609,212224053715.6025,300.0000000000001,79.61993494889292,1,19768730.764459837,19768730.764459837,-1.2759119272232058e-07,-22.82774167968455,21.39564266723,0.3886461315133235,2165500534440.786,0.0,0.0,4039642669.944852,0.0019084445042479,562
300.0,700.0,11.555555555555555,100.0,2.0,10.0,15.77777777777778,277.77777777777777,7.0,50.0,,,,,20.0,50000.0,0.175,105.0,1.975e-06,190000.0,0.3,500.0,7.7e-06,210000.0,207855.55552497137,0,2144.444475028636,350.0,148.02629343655914,81528262331511.34,442207709768486.5,0.0,536462945960.1794,550768788698.02,1263450599338.533,1263450599338.533,37248424.36402439,61.20772360029919,14831886977268.094,350.00000000000006,238.79228859374055,1,227355442.41338712,227355442.41338712,2.2351741790771484e-08,19.08335983392317,18.40421764939873,0.0760155845946483,81519793634820.75,52987865.70276002,6.5e-07,29172029377.84684,0.0003739320489315,563
600.0,200.0,13.666666666666668,144.44444444444446,10.0,40.0,7.333333333333334,42.23696789826278,1.0,30.0,1.0,0.7853981633974483,7.0,50.0,24.0,35000.0,0.2,90.0,2.15e-06,195000.0,0.32,500.0,7.7e-06,120000.0000013811,118738.26414240416,0,1261.7358589769096,100.00000000001091,310.70929358149925,138399149891019.5,14159618154352.977,22.796875,478408558658.65656,445429707929.5999,141596181543.54523,141596181543.51428,39842476.869013965,41.72780795546694,2631245883281.0312,100.00000000008916,558.272190179712,1,25496814.014796432,25496814.014796432,0.0010444016406836,-22.399002007222293,30.77695130759016,0.0543442342139867,138396845688730.4,76118265.34093624,5.5e-07,23432432764.68589,0.0001889686410478,564
200.0,700.0,1.0,0.7853981633974483,6.0,50.0,9.444444444444445,70.05557692032795,3.0,10.0,1.0,0.7853981633974483,10.0,30.0,20.0,42500.0,0.15,60.0,2.15e-06,200000.0,0.28,550.0,7.9e-06,140000.0,139769.41290056653,0,230.58709943347236,350.00000000000034,99.52720178759895,20078576587715.008,245439933637888.4,-0.78125,199840921572.3104,201739587038.37277,701256953251.1104,701256953251.109,12133658.35704589,21.988173929450888,1259963177706.9883,349.9999999999998,178.0118266135364,1,22325751.79056033,22325751.79056033,-5.7276338338851935e-08,-15.040400409632127,4.229923278170959,0.0228301706300821,20078342031331.72,4015668.397775384,2e-07,11586933485.905785,0.0005856642711872,565
500.0,900.0,20.0,277.77777777777777,1.0,10.0,7.333333333333334,42.23696789826278,10.0,20.0,,,,,16.0,42500.0,0.175,75.0,2.325e-06,195000.0,0.3,400.0,7.9e-06,450000.0,449299.8525717391,0,700.147428260934,450.0000000000001,249.7485730680204,403977926890249.75,1295708341775167.5,-2.5,1614288205437.7026,1617538478509.0413,2879351870611.484,2879351870611.4824,108770283.90963,42.633359779263984,16502868889551.438,450.0000000000001,457.3666431283332,1,81978961.46260299,81978961.46260299,3.632158041000366e-08,23.12178062566818,5.813226218498257,0.0122041138246843,403976452764370.06,80795290.53836782,2e-07,86366141717.68716,0.000217444854912,566
100.0,400.0,20.0,211.11111111111111,6.0,40.0,15.77777777777778,166.66666666666666,1.0,10.0,15.25,200.0,1.0,20.0,8.0,20000.0,0.175,105.0,2.5e-06,190000.0,0.3,400.0,7.8e-06,40000.00000633141,38166.709815131406,0,1833.2901912000125,200.00000000000009,48.19950873022433,714881177722.9004,15596148191820.578,-0.005859375,13800664051.617136,14831710873.32311,77980740959.10292,77980740959.10286,2507666.883049178,38.976650504693765,307461152639.3667,200.0,61.023349552436045,1,33393405.877182256,33393405.877182256,9.313225746154784e-09,15.087539994492545,24.461691509953223,0.2979096399018791,709208738319.5914,212762.62549849605,3e-07,1030394892.4076654,0.001552779539854,567
700.0,200.0,5.222222222222222,21.41906843141929,1.0,10.0,13.666666666666668,188.88888888888889,7.0,10.0,,,,,28.0,42500.0,0.2,120.0,2.15e-06,195000.0,0.3,550.0,7.75e-06,140000.0,138656.3586968826,0,1343.6413031173695,99.9999999999998,339.2642853338466,265005724469758.25,20456225158701.72,0.59375,734625693258.5967,781118838397.5767,204562251587.0168,204562251587.0176,66440477.45941324,175.19185798667235,81856016990343.56,100.0,524.8081484001915,1,483241124.3675841,483241124.3675841,1.6763806343078613e-08,-8.896920485087321,42.05903891966485,0.061564828876827,265001842441126.9,0.0,0.0,35505566056.788376,0.0001490415038039,568
300.0,400.0,15.77777777777778,233.3333333333333,7.0,50.0,13.666666666666668,146.6949236301234,8.0,20.0,20.0,300.0,3.0,50.0,32.0,50000.0,0.2,75.0,1.8e-06,210000.0,0.29,500.0,7.850000000000001e-06,120000.0,115393.10727482788,0,4606.892725172099,200.00000000000043,149.4764454345086,50703387607016.03,89653820888278.1,-0.6875,336846865949.8435,339206538258.4385,448269104441.3914,448269104441.3895,19388257.631264668,84.02082735680315,16207578718341.031,199.99999999999983,215.97917205101703,1,261763161.941658,261763161.941658,2.048909664154053e-07,-15.332946262002224,65.07141701188712,0.2382114105870756,50685117704249.04,32945326.52716164,6.5e-07,17705620460.930492,0.0004054237997933,569
400.0,300.0,13.666666666666668,122.22222222222224,3.0,50.0,3.111111111111111,7.601878519797524,8.0,40.0,,,,,16.0,50000.0,0.225,90.0,2.5e-06,205000.0,0.32,600.0,7.75e-06,120000.0,119572.51830372482,0,427.4816962751949,150.0,201.09508812991064,81394823781238.75,45376944545976.34,-0.0625,409214749982.6455,404757891096.0589,302512963639.8423,302512963639.8423,25343145.368440676,28.79244326151297,1533990291747.2344,150.0,371.2075508612314,1,24064217.96484035,24064217.96484035,-6.402842700481415e-10,3.391778882833023,13.309029440158255,0.0371299643390119,81394085091845.2,8139408.509184521,1e-07,25181285437.99265,0.0003160893539728,570
1000.0,600.0,13.666666666666668,122.22222222222224,6.0,40.0,1.0,0.7853981633974483,9.0,10.0,1.0,0.7853981633974483,3.0,10.0,20.0,42500.0,0.175,75.0,2.15e-06,205000.0,0.29,400.0,7.75e-06,600000.0,599254.885673685,0,745.1143263153191,300.0000000000001,502.085243344591,2149665656002268.8,769564535654243.5,-5.0,4317336707274.945,4281475475523.807,2565215118847.4795,2565215118847.477,287904930.36932075,21.20922658922556,1814233829644.375,300.0000000000001,978.7907716302244,1,16285423.623752585,16285423.623752585,-1.1947122402489184e-08,7.865273870853571,9.279348618343809,0.0093778156830154,2149664194223185.5,1182315306.4754815,5.5e-07,216723795077.1224,0.0001022363800841,571
900.0,600.0,5.222222222222222,21.41906843141929,5.0,10.0,9.444444444444445,100.0,2.0,30.0,1.0,0.7853981633974483,5.0,10.0,20.0,27500.0,0.15,120.0,1.975e-06,210000.0,0.31,450.0,7.75e-06,540000.0,539685.0506690077,0,314.9493309922167,300.00000000000034,449.557734047686,1012464224692710.0,449398077812000.25,-5.0,2247711418803.435,2252133926329.7266,1497993592706.6692,1497993592706.6658,296050692.9536326,63.52971313910928,28757951163816.125,299.99999999999966,836.4701038625442,1,79871654.52929789,79871654.52929789,-1.0113581083714962e-08,25.601709500630022,2.7582577604872323,0.0031877136242519,1012463851964624.2,253115963.00104567,2.5e-07,114482587389.5504,0.0001143258661179,572
700.0,1000.0,20.0,211.11111111111111,6.0,40.0,1.0,0.7853981633974483,9.0,10.0,,,,,28.0,42500.0,0.25,120.0,1.975e-06,210000.0,0.32,450.0,7.850000000000001e-06,700000.0,698726.2647204138,0,1273.7352795865347,500.00000000000034,352.1108466375483,1233893191305876.5,2499338188023647.0,-10.0,3546799833739.9526,3504274869941.757,4998676376047.298,4998676376047.291,298066931.76877284,20.42081909698802,1022356139333.4376,500.00000000000017,679.5793699745839,1,29000888.524444606,29000888.524444606,-7.508788257837297e-08,42.27234605993266,6.692342078157264,0.0097060798813013,1233888723128232.0,0.0,0.0,178577219646.33557,0.000147453897131,573
300.0,400.0,15.77777777777778,277.77777777777777,8.0,10.0,17.88888888888889,211.11111111111111,4.0,20.0,,,,,20.0,50000.0,0.15,75.0,1.975e-06,205000.0,0.29,400.0,7.75e-06,120000.0,116933.33327862836,0,3066.666721371652,199.99999999999991,154.58047653700422,52803767625233.91,87033190069472.34,-0.125,363113331468.6637,341594027966.35504,435165950347.3615,435165950347.3619,19524720.995994423,51.44042103389645,9655002634776.656,200.0000000000001,248.5595715983463,1,89074924.12065113,89074924.12065113,-9.499490261077881e-08,45.13163731811801,17.932716148332883,0.0661588216302947,52790789126711.37,10558157.855002362,2e-07,16048541561.229109,0.0003745433572842,574
600.0,1000.0,13.666666666666668,166.66666666666666,6.0,50.0,5.222222222222222,21.41906843141929,5.0,50.0,15.25,250.0,7.0,50.0,4.0,50000.0,0.175,75.0,2.325e-06,195000.0,0.32,500.0,7.7e-06,600000.0,595392.9046060469,0,4607.0953939532255,500.0000000000003,300.989503468352,917141272865053.6,2614170998444893.0,-5.0,3067254439236.654,3047087231603.3696,5228341996889.789,5228341996889.783,174164426.70763725,79.58513027030128,57122907998359.5,500.0000000000001,520.4149588155701,1,537653177.1593939,537653177.1593939,5.21540641784668e-08,-39.23861778413993,38.77756224291628,0.0708409743891055,917125073398703.2,596131297.4815614,6.5e-07,181228554717.6811,0.0002023427136952,575
900.0,300.0,15.77777777777778,188.88888888888889,5.0,10.0,17.88888888888889,255.5555555555556,3.0,20.0,,,,,28.0,42500.0,0.2,105.0,1.975e-06,210000.0,0.32,400.0,7.9e-06,270000.0,268288.8888976584,0,1711.111102341646,150.00000000000017,451.2147166972689,826854908934511.0,88702584071831.44,-1.75,1842428750892.775,1832508733285.108,591350560478.877,591350560478.8756,145802749.02338707,126.85043400933682,99727184294641.77,149.99999999999991,773.1497823534856,1,265449764.8986425,265449764.8986425,4.880130290985107e-07,-15.728684728062944,16.592931121168945,0.019049222539091,826848653412967.1,82684865.3412967,1e-07,88328068196.20757,0.0001156403313159,576
800.0,800.0,3.111111111111111,7.601878519797524,10.0,30.0,17.88888888888889,300.0,6.0,10.0,,,,,16.0,27500.0,0.225,120.0,1.975e-06,205000.0,0.29,400.0,7.9e-06,640000.0,638123.981197851,0,1876.0188021489375,399.9999999999989,393.48822006866726,986138088669010.4,961070383524366.4,10.5,2425853658744.126,2506143864985.1333,2402675958810.9097,2402675958810.923,329441166.52932936,145.53062145363575,171823148987879.5,400.00000000000057,654.4693733642661,1,559667693.8224366,559667693.8224366,-7.450580596923828e-09,13.100260419771075,10.951387911102035,0.0140212662645321,986129268847779.6,443758171.3902154,4.5e-07,122236047977.47624,0.000130963257465,577
800.0,1000.0,13.666666666666668,122.22222222222224,10.0,30.0,7.333333333333334,42.23696789826278,5.0,10.0,1.0,0.7853981633974483,3.0,10.0,24.0,20000.0,0.25,75.0,1.975e-06,205000.0,0.32,450.0,7.9e-06,800000.0,798561.8805840518,0,1438.1194159477764,499.99999999999983,404.1197571865506,888733124145004.0,1359670141550829.5,5.0,2244954478730.583,2199182564921.5786,2719340283101.658,2719340283101.66,314250414.8490148,53.26206049869173,24482645622020.625,500.0000000000007,746.7381341000264,1,92388076.05722988,92388076.05722988,6.600748747587204e-08,27.1201735013388,12.089268197232746,0.0153742283143789,888730540965170.6,177746108.26004612,2e-07,110243971408.17668,0.0001295003057452,578
1000.0,300.0,20.0,144.44444444444446,8.0,40.0,9.444444444444445,70.05557692032795,10.0,50.0,5.75,25.967226777328133,7.0,50.0,32.0,50000.0,0.15,90.0,2.325e-06,205000.0,0.31,400.0,7.75e-06,300000.0,297780.3475383206,0,2219.6524616791185,149.99999999999963,502.1103983180567,1310557184853102.0,114057699342223.8,5.5,2632224453826.41,2610097678206.1045,760384662281.4902,760384662281.4939,163426300.8572407,131.44412356025285,121392589996463.77,150.0000000000001,868.5560333350751,1,339595791.5025825,339595791.5025825,-2.456363290548325e-08,-24.064240157738823,36.17593536986429,0.0382701637793987,1310553506978020.2,262110701.42798656,2e-07,136897122793.77974,0.0001109657914536,580
400.0,1000.0,20.0,300.0,9.0,10.0,15.77777777777778,211.11111111111111,10.0,30.0,,,,,12.0,42500.0,0.25,75.0,2.5e-06,190000.0,0.32,550.0,7.9e-06,400000.0,395188.8888684751,0,4811.1111315247945,499.9999999999996,201.19739313778857,247742616323307.5,1482004392275198.0,0.5,1246173881889.869,1231341084790.511,2964008784550.393,2964008784550.399,82800700.67063141,68.16118935280427,40084821691738.56,500.00000000000006,331.8388109992939,1,408892658.73941857,408892658.73941857,-5.066394805908203e-07,-8.008822607633192,21.2730394533124,0.0587472706236014,247723630596588.1,74317089.22138725,3e-07,61629087045.91599,0.0002773244246606,581
600.0,300.0,17.88888888888889,122.22222222222224,4.0,10.0,7.333333333333334,42.23696789826278,7.0,50.0,10.5,150.0,1.0,30.0,16.0,27500.0,0.15,120.0,2.15e-06,210000.0,0.29,400.0,7.7e-06,180000.0,178915.45240049687,0,1084.5475995031063,149.9999999999999,302.4738746310745,158808721014040.8,38783512595290.44,0.34375,533763953727.1616,525032851871.0543,258556750635.26935,258556750635.26974,69017360.73625079,90.74695651384086,17723712315704.406,149.99999999999991,509.2530455416073,1,98548885.63724826,98548885.63724826,9.220093488693237e-08,-2.9829532823641784,13.77291700500986,0.0252097321628959,158806761898810.7,119105071.31585775,7.5e-07,26211904313.278107,0.0001777967060872,582
800.0,600.0,15.77777777777778,100.0,3.0,10.0,5.222222222222222,21.41906843141929,2.0,10.0,,,,,20.0,42500.0,0.2,75.0,1.8e-06,195000.0,0.32,500.0,7.75e-06,480000.0,479657.1618547672,0,342.83814523275726,300.00000000000017,400.7310109820834,1095649734049260.0,614967329732191.0,-4.0,2744139325080.652,2734127641791.7314,2049891099107.3044,2049891099107.3025,183854569.0220448,22.057051739806536,4985269818405.688,299.99999999999994,777.9429549590243,1,19145186.164906178,19145186.164906178,3.2130628824234015e-08,9.654443622397594,5.337116644157884,0.0067782473424072,1095649254133302.4,273912313.5557521,2.5e-07,140273635102.6665,0.0001291211124081,583
500.0,100.0,20.0,233.3333333333333,1.0,30.0,1.0,0.7853981633974483,2.0,40.0,1.0,0.7853981633974483,10.0,20.0,8.0,50000.0,0.225,105.0,1.975e-06,195000.0,0.28,550.0,7.9e-06,50000.0,49749.38791563192,0,250.61208436809235,49.99999999999992,252.78269283144823,53593696871292.19,2086141559794.5715,0.0625,216787802945.9816,212014898136.3517,41722831195.89136,41722831195.891495,14338541.070830695,24.6619673304013,286407375286.15625,49.99999999999997,475.3380359060534,1,6560822.055126727,6560822.055126727,-7.330527296289802e-10,3.814194549072056,18.391749133927604,0.0400255693883081,53592851883984.49,40194638.85299663,7.5e-07,12258288931.007055,0.0002372339757681,584
900.0,300.0,1.0,0.7853981633974483,1.0,50.0,11.555555555555555,122.22222222222224,4.0,20.0,1.0,0.7853981633974483,10.0,20.0,24.0,27500.0,0.15,105.0,2.325e-06,200000.0,0.29,550.0,7.850000000000001e-06,270000.0,269494.6177383552,0,505.3822616450899,149.99999999999997,445.2403362043457,516342533520405.5,56456739960775.28,-1.1875,1135418496026.559,1159693970951.0664,376378266405.16846,376378266405.16864,142599924.28698912,133.4432423274727,60677648214772.88,149.99999999999997,766.5568595832873,1,237560816.00392127,237560816.00392127,9.102222975343466e-09,11.374551200345197,12.363047102753306,0.0141417671521432,516341581956756.2,232353712.0056844,4.5e-07,58835057260.55578,0.0001177346839761,585
300.0,600.0,20.0,100.0,5.0,50.0,3.111111111111111,7.601878519797524,3.0,30.0,,,,,12.0,50000.0,0.225,120.0,2.5e-06,200000.0,0.32,450.0,7.850000000000001e-06,180000.0,179477.1943647792,0,522.8056352208055,300.0000000000004,150.6988902498091,68151655817654.53,272324941744899.5,-1.0,456471193895.914,452237277293.02814,907749805816.3328,907749805816.3304,32696473.671590567,18.735651446956098,521246669789.7344,299.99999999999994,281.2643201237332,1,15779426.54093048,15779426.54093048,-1.6647391021251682e-08,25.786070637550893,4.578292672128207,0.0170548981960963,68150857220297.65,6815085.722029764,1e-07,28466363027.89898,0.0004227780419007,586
300.0,800.0,20.0,233.3333333333333,1.0,30.0,15.77777777777778,188.88888888888889,1.0,50.0,10.5,150.0,7.0,30.0,20.0,50000.0,0.175,105.0,2.325e-06,205000.0,0.29,400.0,7.8e-06,240000.0,237477.77778287148,0,2522.2222171284966,400.00000000000034,150.3383875341466,91546661593911.6,683310351226806.8,-1.25,611691001356.8025,608937365203.0055,1708275878067.0183,1708275878067.0154,41182357.92520316,48.49583207275357,7768621922083.969,399.9999999999998,251.5041698586436,1,132962152.47432196,132962152.47432196,4.3585896492004405e-07,27.88948460073152,16.827193156711772,0.0695019451208704,91540052702331.86,41193023.69298821,4.5e-07,40704071370.182686,0.0004541806141195,587
600.0,900.0,20.0,233.3333333333333,6.0,50.0,15.77777777777778,277.77777777777777,6.0,40.0,5.75,25.967226777328133,1.0,10.0,20.0,20000.0,0.15,120.0,2.15e-06,210000.0,0.29,400.0,7.9e-06,540000.0,536881.3989278711,0,3118.601072128661,450.0,298.5907487071895,359438632459331.75,781442754023802.5,1.75,1192526874731.351,1203783553293.5825,1736539453386.2278,1736539453386.2278,217582004.14256376,122.74153972944248,77046647519754.88,450.00000000000006,477.25846042999336,1,399058861.455702,399058861.455702,4.842877388000488e-08,33.77859652994084,16.182418965531642,0.0293100766119601,359425414370318.3,71885082.8258989,2e-07,63794159104.53928,0.0001982458120964,588
900.0,700.0,17.88888888888889,166.66666666666666,6.0,30.0,3.111111111111111,7.601878519797524,6.0,10.0,,,,,20.0,35000.0,0.175,90.0,2.15e-06,190000.0,0.31,600.0,7.7e-06,630000.0,628954.3887312855,0,1045.61126871461,350.0000000000001,452.7288731401109,1515760528470453.0,907753619463276.0,-2.5,3388907616532.2783,3348053588800.7173,2593581769895.075,2593581769895.073,299474294.80634195,27.923137320890664,6620656868345.0,349.99999999999994,872.0767469820097,1,43795557.51010404,43795557.51010404,1.35740265250206e-07,22.765983232041435,13.951867632175228,0.0157037029384515,1515758002668550.0,303151600.5943236,2e-07,169434121339.11438,0.0001141420695574,589
1000.0,400.0,3.111111111111111,7.601878519797524,3.0,20.0,15.77777777777778,211.11111111111111,7.0,20.0,20.0,250.0,7.0,40.0,8.0,50000.0,0.225,105.0,1.975e-06,195000.0,0.31,450.0,7.9e-06,400000.0,394999.4164413674,0,5000.583558632444,200.0,495.2726991075413,1743399055551883.0,280357966266705.88,3.75,3454140587341.333,3520079056837.593,1401789831333.5293,1401789831333.5295,238062506.79882208,205.1962287208789,323701746922694.0,199.99999999999983,794.8037745925664,1,1354828457.905202,1354828457.905202,-4.4703483581542975e-08,8.312818249425618,74.46770099414174,0.0766041043397357,1743380634824005.5,435845158.3630934,2.5e-07,172532565272.09314,0.0001048126958029,590
800.0,800.0,15.77777777777778,300.0,3.0,50.0,5.222222222222222,21.41906843141929,7.0,40.0,1.0,0.7853981633974483,1.0,50.0,32.0,20000.0,0.175,90.0,2.15e-06,200000.0,0.28,500.0,7.8e-06,640000.0,638948.4957289939,0,1051.5042710064058,400.00000000000006,403.5240329940041,704916862009032.2,696792944808698.8,-1.75,1777956094873.14,1746901806018.3457,1741982362021.747,1741982362021.7466,273447333.5061407,52.66620017011802,15720346041064.5,399.9999999999999,747.3337991030586,1,80763263.78054331,80763263.78054331,-1.1088559404015541e-07,19.39945679988881,10.230578485996771,0.0135076954992086,704912514152166.8,211473754.0625518,3e-07,95389989548.49522,0.000139977460392,592
300.0,500.0,1.0,0.7853981633974483,6.0,50.0,20.0,122.22222222222224,7.0,10.0,,,,,24.0,20000.0,0.25,120.0,2.325e-06,210000.0,0.28,450.0,7.850000000000001e-06,150000.0,149139.73203838337,0,860.2679616164883,249.9999999999997,143.3480444662015,25117656259369.85,66340072741243.16,0.5625,160340521596.3013,175221478276.19705,265360290964.97232,265360290964.97293,31671009.549720604,83.90655079705931,8880498204187.031,250.00000000000003,216.0934492792593,1,106352971.87385944,106352971.87385944,-2.421438694000244e-08,21.514912579783413,9.039715429982309,0.0322846979642225,25115908945563.656,5023181.725983344,2e-07,8565401611.045101,0.0003834125749863,593
600.0,400.0,13.666666666666668,122.22222222222224,9.0,20.0,1.0,0.7853981633974483,6.0,50.0,10.5,86.59014751456867,5.0,30.0,16.0,20000.0,0.175,75.0,1.8e-06,205000.0,0.31,600.0,7.9e-06,240000.0,238029.38618158092,0,1970.613818419078,199.99999999999983,311.08854701443954,161061126562663.25,70620225810149.16,0.0,557475741782.7701,517734028167.8303,353101129050.7455,353101129050.7461,73981185.43150324,80.9609125035069,12541871659925.344,200.00000000000009,519.0390490656849,1,145695373.09365547,145695373.09365547,3.725290298461914e-09,-12.64288290454715,25.93085569885205,0.0471899102799855,161057710678104.8,104687511.511262,6.5e-07,26200002522.131344,0.0001827351205445,594
100.0,400.0,3.111111111111111,7.601878519797524,8.0,20.0,5.222222222222222,21.41906843141929,6.0,10.0,,,,,16.0,50000.0,0.175,120.0,1.8e-06,200000.0,0.29,600.0,7.75e-06,40000.0,39810.67054702561,0,189.32945297435813,199.9999999999997,49.77259203745285,1700928940603.244,27107085424430.547,0.08203125,33864557411.99244,34174007641.05936,135535427122.15253,135535427122.15294,2470759.4822278,14.057164981523783,157471704837.18604,199.99999999999991,85.94283243613553,1,7358179.829402631,7358179.829402631,-6.984919309616089e-09,17.151351385067755,3.316113913173683,0.0379466310345662,1700877777414.9668,425219.4427392808,2.5e-07,2213752575.880262,0.0013350832357024,595
100.0,300.0,5.222222222222222,21.41906843141929,8.0,40.0,11.555555555555555,104.87489549761482,1.0,10.0,,,,,16.0,27500.0,0.225,75.0,2.325e-06,195000.0,0.28,550.0,7.75e-06,30000.0,29723.772544896565,0,276.22745510343714,149.99999999999991,49.553416830554895,709661984299.3882,6329551390824.055,0.0009765625,14067592683.447033,14321151389.540648,42197009272.16034,42197009272.16039,1488297.7097742015,21.8495236182278,122875741905.96826,150.00000000000006,78.15047639308244,1,8234576.846542935,8234576.846542935,-1.1833206030741423e-09,5.950118109671166,9.460185494135573,0.1123241021908771,709434361076.8429,177358.58890738263,2.5e-07,998598595.9190532,0.0014564060038466,596
900.0,300.0,15.77777777777778,188.88888888888889,6.0,20.0,15.77777777777778,211.11111111111111,10.0,20.0,,,,,20.0,20000.0,0.15,90.0,2.325e-06,190000.0,0.3,500.0,7.850000000000001e-06,270000.0,266755.5555875782,0,3244.444412421654,150.00000000000003,438.2107721422972,461956691981479.0,44029815707078.58,-0.5625,1000362641901.7028,1054188352611.9048,293532104713.85724,293532104713.8571,165014995.71517944,259.072190436733,195828123901810.88,150.00000000000006,640.9277150254504,1,897725922.6163251,897725922.6163251,-9.313225746154784e-09,-14.470068170616289,45.87368903978166,0.0526007391195239,461946715998376.06,46194671.5998376,1e-07,42413859998.51246,0.00011823592605,597
500.0,100.0,20.0,255.5555555555556,4.0,30.0,20.0,144.44444444444446,9.0,30.0,5.75,25.967226777328133,7.0,10.0,16.0,50000.0,0.25,75.0,2.325e-06,210000.0,0.32,550.0,7.9e-06,50000.00001136693,47699.72431334517,0,2300.275698021725,50.00000000000397,251.26185386161308,66390069994914.94,2311102307769.5986,-2.3984375,266907472881.05316,264226618464.2594,46222046155.395645,46222046155.3883,15102579.620443068,144.0554174389486,27620421239251.25,50.00000000000996,355.9442974477376,1,253969864.1467288,253969864.1467288,-2.9944945708848536e-05,-5.022928760929517,78.94130799940338,0.1716115391291378,66383959313332.38,0.0,0.0,11557648890.94169,0.0002376787260835,598
100.0,900.0,9.444444444444445,100.0,5.0,40.0,15.77777777777778,255.5555555555556,8.0,40.0,5.75,25.967226777328133,10.0,20.0,32.0,42500.0,0.2,120.0,2.15e-06,205000.0,0.29,450.0,7.9e-06,89999.99999919874,87563.61444707621,0,2436.38555212254,449.9999999999999,49.92176731056176,3197974644022.455,287748075204163.5,-0.109375,63859574754.85999,64059724170.57984,639440167120.3632,639440167120.3635,5448797.866074924,25.64705102481885,544943929930.49023,449.99999999999966,74.35294721268453,1,48795696.22599056,48795696.22599056,1.0244548320770264e-08,39.02696885690057,14.222824587984462,0.2665083069049751,,,,,,599
800.0,800.0,15.77777777777778,300.0,3.0,50.0,5.222222222222222,21.419068431419294,7.0,40.0,1.0,0.7853981633974483,1.0,50.0,32.0,20000.0,0.175,90.0,2.15e-06,200000.0,0.28,500.0,7.8e-06,640000.0,638948.4957289939,0,1051.5042710064058,400.00000000000006,403.52403299400413,704916862009032.2,696792944808698.8,-1.75,1777956094873.14,1746901806018.3455,1741982362021.747,1741982362021.7466,273447333.5061407,52.66620017011802,15720346041064.5,399.9999999999999,747.3337991030586,1,80763263.78054331,80763263.78054331,-1.1088559404015541e-07,19.39945679988881,10.230578485996773,0.013507695499208624,704912514152166.8,211473754.0625518,3e-07,95389989548.49522,0.00013997746039202448,592
300.0,500.0,1.0,0.7853981633974483,6.0,50.0,20.0,122.22222222222224,7.0,10.0,,,,,24.0,20000.0,0.25,120.0,2.325e-06,210000.0,0.28,450.0,7.850000000000001e-06,150000.0,149139.73203838337,0,860.2679616164883,249.99999999999972,143.3480444662015,25117656259369.85,66340072741243.16,0.5625,160340521596.3013,175221478276.19705,265360290964.97232,265360290964.97293,31671009.549720604,83.90655079705931,8880498204187.031,250.00000000000003,216.0934492792593,1,106352971.87385944,106352971.87385944,-2.421438694000244e-08,21.514912579783413,9.039715429982309,0.03228469796422253,25115908945563.656,5023181.725983344,2e-07,8565401611.045101,0.0003834125749863766,593
600.0,400.0,13.666666666666668,122.22222222222224,9.0,20.0,1.0,0.7853981633974483,6.0,50.0,10.5,86.59014751456867,5.0,30.0,16.0,20000.0,0.175,75.0,1.8e-06,205000.0,0.31,600.0,7.9e-06,240000.0,238029.38618158095,0,1970.613818419078,199.99999999999983,311.08854701443954,161061126562663.25,70620225810149.16,0.0,557475741782.7701,517734028167.8303,353101129050.7455,353101129050.7461,73981185.43150324,80.9609125035069,12541871659925.344,200.00000000000009,519.0390490656849,1,145695373.09365547,145695373.09365547,3.725290298461914e-09,-12.64288290454715,25.93085569885205,0.04718991027998553,161057710678104.8,104687511.511262,6.5e-07,26200002522.131344,0.00018273512054455283,594
100.0,400.0,3.111111111111111,7.601878519797524,8.0,20.0,5.222222222222222,21.419068431419294,6.0,10.0,,,,,16.0,50000.0,0.175,120.0,1.8e-06,200000.0,0.29,600.0,7.75e-06,40000.0,39810.67054702561,0,189.32945297435813,199.9999999999997,49.77259203745285,1700928940603.2441,27107085424430.547,0.08203125,33864557411.99244,34174007641.05936,135535427122.15253,135535427122.15294,2470759.4822278,14.057164981523785,157471704837.18604,199.99999999999991,85.94283243613553,1,7358179.829402631,7358179.829402631,-6.984919309616089e-09,17.151351385067755,3.316113913173683,0.03794663103456629,1700877777414.9668,425219.4427392808,2.5e-07,2213752575.880262,0.001335083235702431,595
100.0,300.0,5.222222222222222,21.419068431419294,8.0,40.0,11.555555555555555,104.87489549761482,1.0,10.0,,,,,16.0,27500.0,0.225,75.0,2.325e-06,195000.0,0.28,550.0,7.75e-06,30000.0,29723.772544896565,0,276.22745510343714,149.99999999999991,49.553416830554895,709661984299.3882,6329551390824.055,0.0009765625,14067592683.447033,14321151389.540648,42197009272.16034,42197009272.160385,1488297.7097742017,21.8495236182278,122875741905.96826,150.00000000000006,78.15047639308244,1,8234576.846542935,8234576.846542935,-1.1833206030741425e-09,5.950118109671166,9.460185494135573,0.11232410219087714,709434361076.8429,177358.58890738263,2.5e-07,998598595.9190532,0.0014564060038466877,596
900.0,300.0,15.77777777777778,188.88888888888889,6.0,20.0,15.77777777777778,211.11111111111111,10.0,20.0,,,,,20.0,20000.0,0.15,90.0,2.325e-06,190000.0,0.3,500.0,7.850000000000001e-06,270000.0,266755.5555875782,0,3244.444412421654,150.00000000000003,438.2107721422972,461956691981479.0,44029815707078.58,-0.5625,1000362641901.7028,1054188352611.9047,293532104713.85724,293532104713.8571,165014995.71517944,259.072190436733,195828123901810.88,150.00000000000006,640.9277150254504,1,897725922.6163251,897725922.6163251,-9.313225746154785e-09,-14.470068170616287,45.87368903978166,0.052600739119523926,461946715998376.06,46194671.5998376,1e-07,42413859998.51246,0.00011823592605003857,597
500.0,100.0,20.0,255.55555555555557,4.0,30.0,20.0,144.44444444444446,9.0,30.0,5.75,25.967226777328133,7.0,10.0,16.0,50000.0,0.25,75.0,2.325e-06,210000.0,0.32,550.0,7.9e-06,50000.00001136693,47699.72431334517,0,2300.2756980217246,50.00000000000397,251.26185386161308,66390069994914.94,2311102307769.5986,-2.3984375,266907472881.05313,264226618464.2594,46222046155.395645,46222046155.3883,15102579.620443068,144.0554174389486,27620421239251.25,50.000000000009955,355.9442974477376,1,253969864.14672878,253969864.14672878,-2.9944945708848536e-05,-5.022928760929517,78.94130799940338,0.1716115391291378,66383959313332.38,0.0,0.0,11557648890.94169,0.00023767872608357237,598
100.0,900.0,9.444444444444445,100.0,5.0,40.0,15.77777777777778,255.55555555555557,8.0,40.0,5.75,25.967226777328133,10.0,20.0,32.0,42500.0,0.2,120.0,2.15e-06,205000.0,0.29,450.0,7.9e-06,89999.99999919874,87563.61444707621,0,2436.3855521225396,449.9999999999999,49.921767310561755,3197974644022.455,287748075204163.5,-0.109375,63859574754.85999,64059724170.579834,639440167120.3632,639440167120.3635,5448797.866074924,25.647051024818854,544943929930.49023,449.99999999999966,74.35294721268453,1,48795696.225990556,48795696.225990556,1.0244548320770264e-08,39.02696885690057,14.222824587984462,0.2665083069049751,,,,,,599
