d,b,dia_top,area_top,n_top,c_top,dia_bot,area_bot,n_bot,c_bot,dia_side,area_side,n_side,c_side,n_circle,elastic_modulus_concrete,poisson_ratio_concrete,yield_strength_concrete,density_concrete,elastic_modulus_steel,poisson_ratio_steel,yield_strength_steel,density_steel,A_total,A_concrete,A_reinf_meshed,A_reinf_lumped,cx,cy,Ixx,Iyy,Ixy,Zxx_plus,Zxx_minus,Zyy_plus,Zyy_minus,M_cr,d_nc,I_cracked,cx_cracked,cy_cracked,is_cracked,M_ult,Mx_ult,My_ult,N_ult,d_n_ult,k_u,EI_initial,M_yield,kappa_yield,M_u_curve,kappa_u,row_id
700.0,900.0,17.88888888888889,122.22222222222224,3.0,40.0,7.333333333333334,42.23696789826278,1.0,20.0,,,,,12.0,50000.0,0.2,105.0,2.5e-06,205000.0,0.3,500.0,7.7e-06,630000.0,629591.0963662384,0,408.9036337617766,449.99999999999994,350.47439704957446,1292091712869268.5,2132344834166878.0,-1.0,3696701191450.431,3686693589450.7085,4738544075926.395,4738544075926.396,249330626.82184985,18.807382244397907,3912270433195.1875,450.00000000000006,681.1927295233525,1,22968774.39328576,22968774.39328576,-3.112671896591853e-08,-33.80186989172216,3.0305602804441074,0.004480867837630652,1292090952835386.5,1227486405.0363958,9.5e-07,196921298380.92535,0.00015327384721215424,0
500.0,1000.0,5.222222222222222,21.419068431419294,9.0,10.0,20.0,122.22222222222224,5.0,30.0,1.0,0.7853981633974483,1.0,30.0,28.0,20000.0,0.225,105.0,1.975e-06,195000.0,0.29,500.0,7.75e-06,500000.0,499194.5464908456,0,805.453509154478,500.00000000000017,248.57545497746904,214931239776827.62,847780371028738.0,-1.5,854853847931.064,864651901356.5079,1695560742057.4766,1695560742057.4753,146190750.13774264,67.10667489775543,20520031496253.625,500.0000000000003,432.89322802244516,1,141002820.9090922,141002820.9090922,2.971501089632511e-08,37.296552760155635,5.373992219294925,0.011682591781075924,214930016799058.56,118211509.14558174,5.5e-07,43820110441.35047,0.00021068369263041177,1
100.0,700.0,1.0,0.7853981633974483,6.0,40.0,15.77777777777778,300.0,9.0,20.0,5.75,25.967226777328133,7.0,30.0,4.0,35000.0,0.175,60.0,1.975e-06,190000.0,0.32,600.0,7.9e-06,69999.99998593499,67056.53706170096,0,2943.4629242340156,350.00000000000057,46.774709271912045,2227879836352.7275,120796818241103.69,-0.0859375,41857541891.77279,47630009272.77932,345133766403.15393,345133766403.15283,3478581.5307856645,38.342714778026284,1069734602378.4814,350.0000000000003,61.65730584321384,1,65373997.122433975,65373997.122433975,-1.4802208170294762e-07,34.36353667575304,40.800779881276085,0.5617450115249263,,,,,,2
600.0,1000.0,7.333333333333334,42.23696789826278,2.0,30.0,11.555555555555555,122.22222222222224,4.0,50.0,,,,,32.0,20000.0,0.175,75.0,1.8e-06,210000.0,0.3,400.0,7.8e-06,600000.0,599426.6371689741,0,573.3628310259616,499.99999999999994,298.47956383633897,366651760846505.75,1013674686466398.5,-3.0,1216009652650.8484,1228398206342.685,2027349372932.7969,2027349372932.797,175530968.6882407,69.40749548473339,25396746549416.062,499.99999999999983,530.5925046026222,1,107133358.07249981,107133358.07249981,5.587935447692871e-08,24.74228961744666,4.284604257875637,0.007872894715715662,366650702487947.06,73330140.51600027,2e-07,67531955783.17508,0.00018779799147099964,3
700.0,500.0,5.222222222222222,21.419068431419294,4.0,10.0,9.444444444444445,70.05557692032795,5.0,10.0,20.0,300.0,5.0,50.0,32.0,20000.0,0.2,105.0,2.15e-06,205000.0,0.31,500.0,7.9e-06,350000.0,346564.0458385916,0,3435.9541614082236,249.99999999999977,347.93167791158857,308855046435919.25,167461108367222.2,1.625,877258836023.1953,887688779273.5017,669844433468.8882,669844433468.8894,150085703.0757208,170.25070076455637,70977651596688.75,250.00000000000003,529.7491259990122,1,610930493.5695885,610930493.5695885,2.644956111907959e-07,13.16406899454887,43.892807869454735,0.06405111809745026,308839933984910.44,77209983.51991718,2.5e-07,42281896567.07833,0.00014825579124967816,4
800.0,200.0,11.555555555555555,188.88888888888889,3.0,20.0,5.222222222222222,21.419068431419294,8.0,40.0,,,,,12.0,35000.0,0.25,120.0,2.15e-06,195000.0,0.28,450.0,7.9e-06,160000.0,159261.9808041747,0,738.0191958253504,99.99999999999996,404.2201485914192,314765215071153.4,19039758880348.656,-0.09375,795303788080.4285,778697489890.1296,190397588803.48648,190397588803.48663,80427634.07211816,72.89769796992614,16761904051224.5,99.99999999999999,727.1023809628924,1,61539785.579309225,61539785.579309225,6.123445928096771e-08,-25.43573328195089,16.110876874167086,0.021271604466549132,314763497401029.75,173119923.41371375,5.5e-07,39479553298.50558,0.00013335825883292325,5
900.0,500.0,13.666666666666668,144.44444444444446,8.0,30.0,5.222222222222222,21.419068431419294,10.0,30.0,,,,,32.0,27500.0,0.15,60.0,2.325e-06,205000.0,0.31,600.0,7.9e-06,450000.0,448630.25374433235,0,1369.7462556675289,250.00000000000003,455.4585291042341,876576194423051.0,262541302933926.88,-2.5,1971865960349.4827,1924601557351.5408,1050165211735.7076,1050165211735.7074,178894794.71297702,65.35630245142131,29693612140887.75,249.9999999999995,834.6437394422115,1,120166124.05506034,120166124.05506034,-4.00003045797348e-07,32.88554919597118,23.91993728527245,0.027576946846867484,876573395967363.1,175314679.26234937,2e-07,99745814350.88913,0.00011993120175735896,6
400.0,300.0,5.222222222222222,21.419068431419294,6.0,30.0,1.0,0.7853981633974483,4.0,50.0,,,,,4.0,20000.0,0.15,60.0,2.325e-06,210000.0,0.32,400.0,7.8e-06,120000.0,119868.34399506307,0,131.65600493686642,149.99999999999997,201.6486585763571,32690952589319.64,18160348555957.594,0.140625,164813367808.27524,162118373710.58313,121068990373.0506,121068990373.05064,20720098.129345518,15.177548986693363,88980522236.10352,149.99999999999997,384.8225566489968,1,2020803.9684834296,2020803.9684834296,6.501068128272891e-09,6.4489932534122545,4.099368340621009,0.011729237026097307,32690906587640.14,8172726.632916962,2.5e-07,9539420948.613407,0.0002985175155481846,7
500.0,300.0,20.0,122.22222222222224,6.0,50.0,20.0,211.11111111111111,10.0,30.0,1.0,0.7853981633974483,3.0,10.0,16.0,20000.0,0.175,60.0,1.975e-06,210000.0,0.28,450.0,7.850000000000001e-06,150000.0,147150.8431599781,0,2849.156840021779,149.99999999999994,233.68726198782124,84290715772235.56,26386117301706.75,0.03125,316510266844.1674,360698803414.5756,175907448678.04492,175907448678.04507,46100355.13451261,186.1193758897815,48386234428713.81,149.99999999999986,313.8803663746972,1,406310745.39391875,406310745.39391875,-1.639273250475526e-08,-6.405823095226594,70.80403404644468,0.15392181314444497,84281770601519.9,21070442.44818867,2.5e-07,14492197301.182184,0.00023676994294286732,8
500.0,700.0,11.555555555555555,166.66666666666666,10.0,30.0,5.222222222222222,21.419068431419294,5.0,40.0,5.75,25.967226777328133,7.0,20.0,20.0,42500.0,0.225,105.0,2.15e-06,200000.0,0.32,550.0,7.850000000000001e-06,350000.0,347862.6968134605,0,2137.303186539357,349.9999999999995,253.4796300344573,323123973495709.5,625672620840796.5,2.25,1310739447376.5962,1274753215679.6384,1787636059545.1301,1787636059545.1355,101425177.29740983,39.39717105064975,8284682410125.3125,350.00000000000006,460.60282938966,1,95168479.82501301,95168479.82501301,2.9709190130233765e-07,-32.22938672367309,19.989082254230716,0.04370259692771138,323119366301369.9,371587270.58494,1.15e-06,71472643244.24246,0.00023262737679699517,9
800.0,800.0,3.111111111111111,7.601878519797524,10.0,20.0,9.444444444444445,70.05557692032795,8.0,20.0,,,,,28.0,42500.0,0.2,60.0,2.15e-06,210000.0,0.31,400.0,7.7e-06,640000.0,639363.536598701,0,636.4634012984892,400.00000000000114,398.88634228599665,1465677637121085.5,1457076161824911.0,-15.5,3654020771753.734,3674424219995.5107,3642690404562.288,3642690404562.267,220998807.41700947,69.63663689019462,62460201299836.25,399.9999999999997,730.3635158233188,1,173606929.9069105,173606929.9069105,-2.7939677238464355e-08,-17.279399396105873,7.430163408722948,0.009583872543412527,1465676971037435.2,952690031.3415892,6.5e-07,191369085889.6126,0.0001322001409306291,10
900.0,500.0,1.0,0.7853981633974483,4.0,30.0,11.555555555555555,104.87489549761482,8.0,10.0,,,,,12.0,27500.0,0.25,90.0,1.8e-06,200000.0,0.29,400.0,7.850000000000001e-06,450000.0,449157.8592390552,0,842.1407609448537,250.00000000000006,444.9987898902948,862384106999613.5,261230963265603.62,-0.25,1895344644889.3716,1937947083434.129,1044923853062.4148,1044923853062.4143,220619763.66715965,135.1807072758401,105475712785863.0,249.99999999999977,764.8194034379244,1,295218046.9862877,295218046.9862877,2.0489096641540527e-08,16.128502060142637,10.487901055552276,0.011861159777167079,862382707182943.2,301833947.23225576,3.5e-07,95701754244.53369,0.00011499672218665219,11
200.0,500.0,13.666666666666668,122.22222222222224,3.0,40.0,9.444444444444445,100.0,4.0,50.0,,,,,4.0,20000.0,0.25,120.0,2.15e-06,205000.0,0.28,600.0,7.8e-06,100000.00000000001,99233.33332772636,0,766.6666722736564,249.99999999999991,100.11948482226774,7011328166708.215,45102239678014.95,-0.0390625,70197156614.90047,70029606915.7241,180408958712.05975,180408958712.05988,12657742.48231742,42.02161303537013,1124735093244.9453,249.99999999999997,157.9781271132846,1,42973111.37203273,42973111.37203273,3.725290298461914e-08,19.689915806186036,10.74139826755388,0.07393696692933918,7009944547686.784,1401988.9097932756,2e-07,6254213544.388178,0.0009400028644704344,12
900.0,800.0,1.0,0.7853981633974483,1.0,40.0,1.0,0.7853981633974483,2.0,10.0,20.0,150.0,10.0,50.0,28.0,50000.0,0.15,105.0,2.325e-06,210000.0,0.32,450.0,7.7e-06,720000.0,716997.6436991733,0,3002.3563008263427,399.9999999999992,449.80101632887624,2453771755843733.0,1975524431255329.0,28.0,5450416026785.714,5455238353773.827,4938811078138.3125,4938811078138.332,368937088.2627863,106.3485573758345,128246889068733.5,399.9999999999998,793.6514088557616,1,614858551.3998638,614858551.3998638,1.0058283805847168e-06,30.63920414626773,22.534136955817456,0.02533348730277398,2453764235813764.5,613441058.9280347,2.5e-07,275826643312.25287,0.00011374928941668117,13
200.0,900.0,5.222222222222222,21.419068431419294,2.0,30.0,9.444444444444445,70.05557692032795,4.0,50.0,,,,,28.0,50000.0,0.15,90.0,1.975e-06,205000.0,0.28,550.0,7.850000000000001e-06,180000.0,179676.93955931935,0,323.0604406806778,449.99999999999983,99.83213846033017,30119196016843.203,612427235528459.0,-0.125,300687221968.046,301698395740.6815,1360949412285.4639,1360949412285.4648,18890271.119796045,18.170281439136232,1020261611714.4414,449.99999999999994,181.82971947675694,1,22918713.42138195,22918713.42138195,4.842877388000488e-08,29.013533627534343,3.0737457755717825,0.02115771469601024,30118860813450.74,10541601.277871532,3.5e-07,22250368253.643696,0.0007423473159663807,14
700.0,400.0,7.333333333333334,42.23696789826278,10.0,30.0,13.666666666666668,211.11111111111111,7.0,30.0,1.0,0.7853981633974483,5.0,40.0,20.0,50000.0,0.2,75.0,1.8e-06,205000.0,0.31,600.0,7.7e-06,280000.0,278091.9985603014,0,1908.0014396987876,199.99999999999864,346.43102439065683,600530794915829.8,189741856965331.25,11.875,1698482718629.0056,1733478680127.2004,948709284826.6498,948709284826.6627,99081613.87798573,125.40524762748412,101427384485080.38,200.00000000000006,574.5946623098059,1,573189455.3654776,573189455.3654776,3.296008799225092e-08,-12.393905177058286,40.61357230880806,0.06124187833764843,600525414928668.8,210183894.9954389,3.5e-07,89485934148.76672,0.00015851027503066122,15
500.0,400.0,9.444444444444445,70.05557692032795,10.0,50.0,7.333333333333334,42.23696789826278,1.0,50.0,,,,,16.0,50000.0,0.175,90.0,1.975e-06,200000.0,0.28,400.0,7.9e-06,200000.0,199257.2072819564,0,742.7927180436432,199.99999999999994,251.90641561618455,212548593129699.5,134237509288729.88,0.3125,856727487160.1445,843760142471.1139,671187546443.6492,671187546443.6495,52830436.21172248,27.19786014803353,1725074328557.6875,199.99999999999994,472.8023763328185,1,21347232.74152728,21347232.74152728,-7.436063170340005e-09,3.8852385427053377,11.56289138463077,0.02590640340093207,212547783446285.4,42509556.708533645,2e-07,52890576165.09575,0.00025533756237320867,16
800.0,900.0,20.0,166.66666666666666,10.0,20.0,17.88888888888889,166.66666666666666,8.0,30.0,,,,,20.0,50000.0,0.25,105.0,2.15e-06,210000.0,0.28,500.0,7.8e-06,720000.0,717000.0000341332,0,2999.9999658672427,449.99999999999955,400.59324229282936,1984310564402320.0,2464619191349619.0,30.0,4968144694880.548,4953429950652.563,5476931536332.481,5476931536332.492,334999848.65797895,87.72197344583716,137967108493513.0,449.99999999999966,712.2779990088525,1,514971825.7845512,514971825.7845512,6.854534149169922e-07,79.01380256077391,18.955126784891096,0.024906364121029388,1984302208984380.2,496075552.1703502,2.5e-07,257185022499.47812,0.00013507883048115318,17
100.0,200.0,17.88888888888889,211.11111111111111,9.0,10.0,13.666666666666668,277.77777777777777,8.0,30.0,5.75,25.967226777328133,3.0,30.0,32.0,42500.0,0.15,90.0,2.5e-06,190000.0,0.28,500.0,7.850000000000001e-06,20000.000004113655,15779.243824970552,0,4220.756179143117,99.99999999391666,53.03216376679059,1031599432126.0981,3933424554008.799,156302.4541015625,21963954800.98119,19452335316.02757,39334245537.69515,39334245542.48083,1432907.0247976144,37.290498839996914,536080842603.96387,99.99999999136581,62.70949662260705,1,39558906.806154266,39558906.806152284,12.517457724752603,43.70113914703552,37.48063764203821,0.5930421921384702,1016544934173.6166,203308.99129977508,2e-07,963747088.0799035,0.0015110126867298717,18
500.0,100.0,5.222222222222222,21.419068431419294,8.0,30.0,7.333333333333334,42.23696789826278,1.0,10.0,5.75,25.967226777328133,7.0,40.0,20.0,42500.0,0.25,60.0,2.15e-06,190000.0,0.31,450.0,7.7e-06,49999.999999656815,49497.74896997566,0,502.2510296811361,49.99999999993502,250.50617557900054,45985587459332.47,1774121929882.2285,-31.62890625,184315533925.7445,183570673868.79764,35482438597.59846,35482438597.69068,11040886.292054385,83.15762244277714,5191645332773.875,49.999999999678586,416.84238078398795,1,48258029.81825622,48258029.81825622,-0.00013610384485218674,0.0036683418838947546,41.075046722474305,0.08445862928794713,45985398661162.64,13795619.593896313,3e-07,9297174187.584549,0.00021169226548994037,19
800.0,700.0,15.77777777777778,277.77777777777777,4.0,20.0,11.555555555555555,104.87489549761482,7.0,10.0,,,,,20.0,50000.0,0.225,60.0,2.5e-06,195000.0,0.32,550.0,7.8e-06,560000.0,558154.7646039008,0,1845.23539609908,349.9999999999997,400.6739719009818,1531348035068564.0,1157909312350627.0,-1.0,3834831509377.21,3821930403422.872,3308312321001.7886,3308312321001.794,195390000.99723163,73.4497954494011,77283285611025.25,350.0000000000001,726.5503974133842,1,317022122.22528636,317022122.22528636,-3.688037395477295e-07,35.32349700975465,20.82495742027896,0.026554918788171674,1531342051154841.8,382835512.7220301,2.5e-07,193097388295.3669,0.00013019345255246484,20
900.0,700.0,3.111111111111111,7.601878519797524,3.0,50.0,15.77777777777778,122.22222222222224,5.0,10.0,,,,,8.0,20000.0,0.15,60.0,1.975e-06,195000.0,0.29,500.0,7.7e-06,630000.0,629366.0832217148,0,633.9167782853032,349.9999999999997,446.48950315307627,870946667866096.5,520635892995910.0,2.5,1920455367453.3198,1950654296944.3508,1487531122845.456,1487531122845.4583,249310103.00702247,114.18136818328337,77238241762260.62,350.00000000000006,785.8186319648297,1,268635504.1712696,268635504.1712696,2.60770320892334e-08,11.149785347202851,10.573136684747919,0.01198617334358451,870945505698400.5,261283651.7987635,3e-07,98230082089.47128,0.00011565662207123509,21
100.0,400.0,17.88888888888889,300.0,1.0,50.0,7.333333333333334,42.23696789826278,1.0,10.0,,,,,32.0,50000.0,0.175,90.0,2.15e-06,195000.0,0.28,550.0,7.7e-06,40000.0,39657.76303084576,0,342.23696915424193,200.00000000000028,49.701602999594584,1679108204549.5156,26667725734297.766,-0.05859375,33382936727.307266,33783783685.270916,133338628671.48901,133338628671.48863,2115307.3475930854,17.328759685298465,176646720866.56006,200.00000000000003,82.67125356925743,1,11118362.697005415,11118362.697005415,-9.629287544526302e-11,12.854949166790902,7.325755373129372,0.08485430944637941,1677683930982.2207,2935946.8893103036,1.75e-06,2287550015.6153483,0.0013747352108710762,22
400.0,500.0,11.555555555555555,104.87489549761482,6.0,40.0,17.88888888888889,188.88888888888889,1.0,40.0,5.75,25.967226777328133,10.0,20.0,24.0,27500.0,0.2,90.0,1.8e-06,195000.0,0.28,600.0,7.7e-06,200000.0,198662.51720374468,0,1337.4827962552622,250.00000000000063,202.0288883868307,77093072335182.56,121545197086798.12,-0.625,389415767315.6906,381594300452.5678,486180788347.1937,486180788347.1913,43441456.736474484,58.57304679288968,6714879432632.281,249.99999999999983,341.4269536347044,1,109060413.81874442,109060413.81874442,3.3993273973464966e-08,-30.42155340508907,23.8061118522447,0.06781294720795415,77091285483858.38,15418257.061931428,2e-07,23640204305.22125,0.00032378835385375244,23
700.0,500.0,20.0,233.3333333333333,7.0,10.0,13.666666666666668,144.44444444444446,2.0,40.0,5.75,25.967226777328133,10.0,10.0,12.0,27500.0,0.2,60.0,2.5e-06,190000.0,0.3,400.0,7.850000000000001e-06,350000.0,347558.4332976955,0,2441.5667023047354,249.99999999999991,357.432609468561,428013387225930.5,214064229107833.38,-1.375,1249428284933.7632,1197465972291.4219,856256916431.3333,856256916431.3337,111306378.44003399,77.90982415772099,30526972379410.875,249.99999999999983,622.0901759265101,1,143498510.34161767,143498510.34161767,-2.477318048477173e-07,-11.939700964749136,18.81415419207149,0.02880452287267841,428006789362740.94,42800678.93627409,1e-07,58748200759.75965,0.00015108184143623296,24
200.0,1000.0,11.555555555555555,188.88888888888889,4.0,20.0,5.222222222222222,21.419068431419294,7.0,50.0,,,,,20.0,20000.0,0.175,75.0,1.8e-06,210000.0,0.31,400.0,7.850000000000001e-06,200000.0,199094.51096435502,0,905.489035645058,500.0000000000004,102.23032889227441,14169599381046.281,353805144754645.5,-0.09375,144928373190.84143,138604654162.6365,707610289509.2915,707610289509.2904,19805800.011953965,21.538156611429912,570580852209.875,500.0,178.46184340650166,1,15540792.29764157,15540792.29764157,-6.239861249923706e-08,13.309891976792642,6.766024100674206,0.045905930545905055,14167160654555.736,9208654.476638878,6.5e-07,8927785776.536922,0.0006722444534691793,25
500.0,400.0,20.0,100.0,4.0,10.0,9.444444444444445,70.05557692032795,10.0,30.0,,,,,4.0,35000.0,0.175,105.0,1.975e-06,205000.0,0.28,600.0,7.8e-06,200000.0,198899.44420256495,0,1100.5557974349622,200.00000000000026,248.60884052197667,154937194316745.75,95883934495971.56,-0.8125,616319184168.8069,623216752837.273,479419672479.8584,479419672479.8572,60211530.18110762,84.72732529494027,23922630760779.78,200.00000000000014,415.2727807819175,1,193344636.6946735,193344636.6946735,5.774199962615967e-08,-19.18547396447684,16.056552638042998,0.03450960565334155,154935741055898.22,38733935.27897223,2.5e-07,31464471668.260536,0.0002175583773428879,26
400.0,100.0,17.88888888888889,100.0,5.0,50.0,11.555555555555555,100.0,7.0,40.0,,,,,28.0,35000.0,0.25,120.0,2.325e-06,190000.0,0.31,400.0,7.850000000000001e-06,39999.99999894974,39508.59083004307,0,491.4091689066787,50.000000000140325,201.23185295331268,20297755357959.85,1170341946819.5742,-3.787109375,102117747031.12892,100867507107.1829,23406838936.457176,23406838936.325794,10418082.832818586,74.31669601795524,3393102870882.0156,50.00000000060392,325.6833039900479,1,32612692.011974223,32612692.011974223,-0.000436230911873281,0.007365328798186965,22.94867598042941,0.06478609902055874,20297284439748.227,11163506.43004176,5.5e-07,5968955288.838419,0.00032464242057469767,27
800.0,700.0,13.666666666666668,233.3333333333333,7.0,20.0,13.666666666666668,144.44444444444446,8.0,10.0,,,,,32.0,20000.0,0.225,60.0,2.5e-06,210000.0,0.32,500.0,7.9e-06,560000.0,557211.1110945329,0,2788.8889054671936,350.0000000000004,402.70076610628854,672705440966280.2,482190721374582.5,-9.25,1693195917780.822,1670484631729.5728,1377687775355.9517,1377687775355.9485,213502052.23987415,133.4151212714678,117064237751551.88,350.0000000000001,666.5848796574447,1,448514101.22513086,448514101.22513086,8.940696716308594e-08,-37.802220646393835,23.85910142053229,0.030464909244261484,672696282461321.2,134539256.52394387,2e-07,77463640058.03183,0.0001305375149032044,28
700.0,100.0,11.555555555555555,104.87489549761482,4.0,10.0,1.0,0.7853981633974483,10.0,30.0,15.25,150.0,5.0,20.0,32.0,35000.0,0.15,60.0,1.8e-06,195000.0,0.3,550.0,7.9e-06,70000.0,68072.64644241653,0,1927.353557583448,50.00000000000002,358.62759042063016,113176687947148.19,2187568942729.039,-0.0546875,331534373520.7,315582768783.6414,43751378854.5808,43751378854.580765,23048082.662296735,160.10135853425552,23264584392825.594,50.00000000000006,539.8986393217089,1,239123691.10856193,239123691.10856193,-8.731149137020111e-09,3.2279658064217074,114.21753849979967,0.17060125242688526,113172513455159.94,39610379.76880133,3.5e-07,14657902024.247034,0.00014900643003059084,29
700.0,500.0,7.333333333333334,42.23696789826278,2.0,30.0,11.555555555555555,104.87489549761482,7.0,30.0,1.0,0.7853981633974483,7.0,50.0,12.0,42500.0,0.25,75.0,1.975e-06,210000.0,0.32,600.0,7.8e-06,350000.0,349170.4062503922,0,829.5937496075348,250.0,347.7247353867872,620921939239949.5,312577200353502.25,0.0,1762604422202.911,1785670894390.8604,1250308801414.009,1250308801414.009,120076234.80529843,91.08083923974321,56253108440145.75,249.99999999999994,608.9191607718236,1,292350247.08042884,292350247.08042884,-1.3009412214159966e-08,-10.215990001120929,18.359759056907638,0.027640988880535435,620920593192035.8,124184118.53592488,2e-07,95741187128.02515,0.00015827032148416192,30
800.0,100.0,7.333333333333334,42.23696789826278,5.0,10.0,15.77777777777778,300.0,9.0,20.0,,,,,12.0,27500.0,0.225,90.0,1.975e-06,195000.0,0.31,550.0,7.7e-06,80000.0000074822,78637.12091092565,0,1362.8790965565731,49.999999998618954,376.0663911480143,147935420929324.3,1915360592973.6035,1167.6171875,348958935645.452,393375809196.14557,38307211858.41399,38307211860.53015,44782687.20497868,273.434713669094,76978258144099.44,49.99999999668581,526.5652418373883,1,467292703.3515234,467292703.3515234,0.009459028486162424,-3.610253268998349,84.84237794728247,0.10988363816886254,147932479485560.3,44379743.61319795,3e-07,14880387146.750185,0.00013029080031505227,31
300.0,700.0,13.666666666666668,277.77777777777777,1.0,10.0,15.77777777777778,122.22222222222224,6.0,30.0,,,,,16.0,35000.0,0.175,75.0,1.8e-06,210000.0,0.3,450.0,7.9e-06,210000.0,208988.88885553554,0,1011.1111444645151,349.99999999999994,148.94854894502004,57594048706521.91,305961300002547.5,0.25,381287622887.9041,386670760571.02814,874175142864.4213,874175142864.4216,31573146.146629438,50.29906988759405,8005384579208.594,349.9999999999998,249.701074379685,1,85902836.66519782,85902836.66519782,0.0,-0.013339603174244985,11.194404923852977,0.042708624138019756,57591261510912.65,20156941.493205488,3.5e-07,20587139656.00667,0.00037586966382782027,32
300.0,600.0,1.0,0.7853981633974483,1.0,10.0,7.333333333333334,42.23696789826278,9.0,20.0,,,,,12.0,35000.0,0.25,120.0,1.975e-06,190000.0,0.3,400.0,7.8e-06,180000.0,179619.08190119156,0,380.9180988083441,300.0000000000002,148.83211193847788,48184272378173.5,190874856844538.75,-0.0625,318746745727.92554,323749167774.2988,636249522815.1296,636249522815.1287,33438376.17940438,40.29018565296306,4482298471649.945,300.00000000000017,259.70981435347977,1,41823405.905911654,41823405.905911654,9.313225746154785e-10,25.759292662671214,2.9652962569603005,0.010730867037157091,48184029537619.805,12046007.395544909,2.5e-07,16902446238.61392,0.0003589362755959185,33
500.0,200.0,17.88888888888889,277.77777777777777,5.0,10.0,3.111111111111111,7.601878519797524,6.0,10.0,20.0,200.0,3.0,40.0,4.0,42500.0,0.225,120.0,1.975e-06,200000.0,0.3,450.0,7.850000000000001e-06,100000.0,97365.49985334829,0,2634.500146651692,100.00000000000006,260.31787891768425,101878032841051.94,14943470101813.312,0.046875,425054786652.45636,391360106592.09094,149434701018.1332,149434701018.13303,33288343.671095427,84.1667578157584,13221260295697.812,100.0,415.83323926749773,1,139502455.54367658,139502455.54367658,3.3527612686157227e-08,-16.14592743862886,25.85084236267673,0.05292483651433472,101868066885735.25,25467016.793632172,2.5e-07,18154969852.51936,0.00021188996963150846,34
200.0,900.0,7.333333333333334,42.23696789826278,5.0,30.0,15.77777777777778,144.44444444444446,7.0,40.0,,,,,4.0,42500.0,0.15,105.0,2.5e-06,205000.0,0.28,600.0,7.8e-06,180000.0,178777.70398940908,0,1222.296010591,449.9999999999993,99.1991272363827,26094129035297.22,531158775101978.5,1.0,258868086355.65244,263047969899.14267,1180352833559.9504,1180352833559.954,20929295.691574246,35.504513948942915,3391629171301.4766,450.00000000000006,164.49551032029194,1,93001450.93621346,93001450.93621346,8.195638656616211e-08,33.910847400373314,10.873053817627882,0.07148099666189331,26091601026414.29,5218320.186425628,2e-07,19181118831.58147,0.000755280139020449,35
1000.0,300.0,20.0,277.77777777777777,7.0,30.0,5.222222222222222,21.419068431419294,8.0,10.0,,,,,12.0,35000.0,0.15,120.0,2.5e-06,205000.0,0.32,450.0,7.7e-06,300000.0,297884.2031014704,0,2115.796898529612,149.99999999999997,512.694469018596,950122630041074.0,80770659274943.6,1.125,1949747272778.916,1853194616785.7175,538471061832.9572,538471061832.9574,191406881.92572814,66.849097087123,31057853126996.5,149.99999999999997,933.1511587742924,1,92302260.40336634,92302260.40336634,3.050081431865692e-07,39.8063077355655,26.557658139683884,0.02689685739382863,950113760306916.8,237528439.59422672,2.5e-07,88934125664.71303,0.00010300580003424742,36
800.0,200.0,3.111111111111111,7.601878519797524,10.0,40.0,9.444444444444445,122.22222222222224,2.0,20.0,,,,,4.0,27500.0,0.225,60.0,1.975e-06,195000.0,0.29,450.0,7.9e-06,160000.0,159679.53678588546,0,320.4632141145621,100.0000000000001,397.57472011807386,242043203877870.12,14916810609722.445,-0.34375,601461230141.6228,608799281317.451,149168106097.2246,149168106097.2243,56588867.46541277,106.28377219859946,23588290862790.0,99.99999999999997,693.7164463531728,1,85623286.4720674,85623286.4720674,2.3283064365386963e-09,4.18133644691261,16.83672728552865,0.021717025523679667,242042731406055.06,72612819.37861091,3e-07,31134565846.684,0.00013313735966594917,37
800.0,300.0,20.0,211.11111111111111,7.0,50.0,11.555555555555555,100.0,2.0,50.0,10.5,86.59014751456867,5.0,50.0,4.0,35000.0,0.25,75.0,2.5e-06,200000.0,0.28,400.0,7.75e-06,240000.0,237456.32089188995,0,2543.6791081099313,150.00000000000009,408.077634688509,483243710928433.5,65458716049801.53,-0.125,1233008763213.5063,1184195530091.4731,436391440332.01044,436391440332.00995,96694093.14153558,110.14887778364034,40644638922488.75,150.0,689.8511222295405,1,202123337.4785693,202123337.4785693,-3.073364496231079e-08,22.116404975291516,44.981955740507146,0.0604415649127273,483237233345184.2,144971170.14604017,3e-07,64504588520.823944,0.0001458480282970075,38
1000.0,800.0,17.88888888888889,255.55555555555557,7.0,30.0,3.111111111111111,7.601878519797524,2.0,10.0,,,,,8.0,35000.0,0.175,90.0,1.8e-06,200000.0,0.31,600.0,7.7e-06,800000.0,798195.9072994991,0,1804.0927005008793,400.0,504.76586548808274,2396039334686399.0,1510819305647376.0,-1.0,4838195042932.245,4746833132960.668,3777048264118.44,3777048264118.44,424591323.6908432,24.207994676339155,3044526215256.625,399.99999999999994,975.7920055369658,1,39493357.642547525,39493357.642547525,-7.380731403827667e-08,-74.80988290236746,19.98646783629303,0.020220122590654706,2396032058259882.0,0.0,0.0,238292959077.88907,0.00010250268928754398,39
500.0,300.0,20.0,100.0,6.0,10.0,9.444444444444445,100.0,9.0,30.0,,,,,16.0,20000.0,0.15,60.0,2.15e-06,205000.0,0.28,500.0,7.9e-06,150000.0,148499.9999724019,0,1500.000027598039,150.00000000000014,246.85316600045275,76058015718556.56,24299550303745.375,-0.046875,300450195315.0739,308110351391.71387,161997002024.96933,161997002024.96902,39379106.57122936,129.0197100363301,26478286288249.22,149.99999999999991,370.9801329094142,1,203048062.09238017,203048062.09238017,4.0046870708465576e-08,9.930314819335763,28.617485903600667,0.0615062383471255,76055568814353.92,19013892.167490367,2.5e-07,13441664767.214758,0.00021752677742029096,40
1000.0,800.0,13.666666666666668,144.44444444444446,2.0,30.0,5.222222222222222,21.419068431419294,6.0,50.0,,,,,28.0,20000.0,0.15,60.0,2.325e-06,205000.0,0.32,600.0,7.75e-06,800000.0,799582.5967055454,0,417.40329445461236,400.00000000000006,500.87807094215384,1349545435712052.0,861721720604926.5,-6.0,2703839196685.837,2694359194391.464,2154304301512.3167,2154304301512.316,344361873.52310604,53.2442353091482,21883141254598.125,399.99999999999955,946.7557785821067,1,78629058.61179341,78629058.61179341,5.122274160385132e-08,14.962623231020189,7.310170216435073,0.0077161240777568136,1349544709934516.5,337386177.504804,2.5e-07,143849776566.9314,0.00010794325183063467,41
200.0,900.0,17.88888888888889,300.0,4.0,30.0,17.88888888888889,166.66666666666666,2.0,40.0,15.25,150.0,10.0,20.0,32.0,20000.0,0.2,120.0,2.15e-06,210000.0,0.28,400.0,7.8e-06,180000.00000499646,176051.81084105387,0,3948.1891639424803,450.00000000000006,102.85421023142048,13354240254332.828,358562638673635.5,0.3125,137465970333.30286,129836593215.63971,796805863719.1901,796805863719.19,23467762.194963265,53.17588866718011,2965234704436.5938,449.99999999999983,146.82413287928452,1,117393759.39366929,117393759.39366929,9.238719940185547e-07,39.24920700627263,20.48710605396838,0.13473972247445426,13343016859514.22,1334301.685951422,1e-07,9490672507.434212,0.0007956430658062856,42
600.0,1000.0,17.88888888888889,166.66666666666666,1.0,10.0,15.77777777777778,255.55555555555557,5.0,30.0,15.25,150.0,5.0,20.0,28.0,50000.0,0.15,60.0,2.5e-06,190000.0,0.29,550.0,7.75e-06,600000.0,597055.5555097688,0,2944.444490231312,499.99999999999926,298.73926888210764,917552192780334.0,2566801639032043.0,15.0,3045707913459.4155,3071414736381.4775,5133603278064.078,5133603278064.094,157021103.2275799,83.37008410233261,82308172728550.25,499.99999999999994,516.6298972367588,1,610904992.654061,610904992.654061,9.462237358093262e-07,-22.859804251085734,34.84780880872047,0.061994520525890245,917543433225840.6,183508686.68351018,2e-07,159496591213.41974,0.00017812967801384934,43
300.0,100.0,5.222222222222222,21.419068431419294,9.0,50.0,11.555555555555555,104.87489549761482,2.0,30.0,,,,,20.0,20000.0,0.15,60.0,1.8e-06,190000.0,0.32,450.0,7.75e-06,30000.000000002045,29741.60352168441,0,258.39647831763205,50.000000000082004,144.92570913827038,5027373661071.699,507572193003.60547,5.6435546875,32419130425.39272,34689315587.72084,10151443860.088758,10151443860.05546,4433587.671565013,83.38164847294891,1697950558778.7754,50.000000000245684,216.61848115289524,1,24686329.393906005,24686329.393906005,-0.00012504856567829847,2.06341306570539,27.151334682652102,0.10275946687901978,5027032694865.097,1256758.1786174846,2.5e-07,1948464137.3534827,0.00043634147018485484,44
400.0,300.0,15.77777777777778,300.0,3.0,30.0,7.333333333333334,42.23696789826278,5.0,10.0,5.75,25.967226777328133,1.0,10.0,32.0,35000.0,0.15,90.0,2.5e-06,210000.0,0.3,400.0,7.9e-06,120000.0,118836.88072387096,0,1163.1192761290363,149.9999999999999,204.2093446187806,61349476602056.97,33850857307384.83,0.09375,313342209732.14905,300424433155.0282,225672382049.23203,225672382049.23236,26872149.10855844,52.20398953335689,5764233810754.156,149.99999999999994,347.7960104711577,1,45470030.24717477,45470030.24717477,9.080395102500916e-09,-26.93660260247816,23.4913655469424,0.060805950526605534,61344792776133.17,6134479.277613317,1e-07,14861930990.867237,0.0002692957582411877,45
300.0,500.0,11.555555555555555,188.88888888888889,5.0,50.0,5.222222222222222,21.419068431419294,7.0,30.0,,,,,4.0,50000.0,0.225,60.0,2.325e-06,200000.0,0.32,450.0,7.8e-06,150000.0,148905.62210775225,0,1094.3778922478339,250.00000000000006,151.39716207032492,57804780789851.09,159396497530194.8,-0.1875,388988404226.88745,381808879369.88153,637585990120.7794,637585990120.779,19519360.492284417,30.754020170275655,2042702672485.0781,249.99999999999994,269.2459945112802,1,36707673.629814155,36707673.629814155,1.257285475730896e-08,10.912568473671854,22.998728646623764,0.0860122825645703,57801890539944.695,14450472.597507931,2.5e-07,23857787031.85095,0.00042727057180465765,46
900.0,1000.0,20.0,300.0,8.0,30.0,13.666666666666668,277.77777777777777,10.0,30.0,,,,,32.0,50000.0,0.225,120.0,1.8e-06,195000.0,0.32,450.0,7.7e-06,900000.0,894822.2222002449,0,5177.777799754774,500.0000000000002,449.48122514734393,3164760561944640.0,3816777976350738.0,6.0,7024702939360.712,7040918251718.308,7633555952701.4795,7633555952701.473,509054007.266106,122.11858879440062,330176952169681.5,499.99999999999983,777.8814064860484,1,1090403093.1228683,1090403093.1228683,-7.152557373046875e-07,90.78838900706614,24.723257886107046,0.028642507691695216,3164737415567897.5,632947483.1373141,2e-07,363102960925.1382,0.00012097217528826508,47
500.0,900.0,13.666666666666668,188.88888888888889,1.0,50.0,1.0,0.7853981633974483,5.0,10.0,5.75,25.967226777328133,5.0,30.0,28.0,42500.0,0.225,60.0,1.975e-06,200000.0,0.32,500.0,7.9e-06,450000.0,449547.51185975975,0,452.4881402402674,449.99999999999966,250.24229182620962,400029748784013.25,1298108496479922.5,0.0,1601671282576.2246,1598569713635.0928,2884685547733.1587,2884685547733.163,96146220.23331249,27.294743307724083,4140404842675.1562,449.9999999999997,472.70529373065904,1,41209416.065352194,41209416.065352194,2.4121254682540894e-07,19.398731865903756,5.870245812639274,0.011992330567189527,400029073614620.4,120008722.06578176,3e-07,83138892384.42757,0.00020881100498738262,48
300.0,200.0,9.444444444444445,70.05557692032795,8.0,20.0,7.333333333333334,42.23696789826278,9.0,50.0,,,,,24.0,27500.0,0.225,120.0,1.8e-06,195000.0,0.28,500.0,7.7e-06,60000.0,59059.422659837255,0,940.5773401627811,100.00000000000014,153.11285318452983,14422422815191.25,5785675533737.777,-0.0546875,98187098925.0659,94194723141.95277,57856755337.37785,57856755337.37769,12382217.919072343,61.19776675288796,3086539278534.0938,100.00000000000001,238.80222190275097,1,47291490.50700638,47291490.50700638,-1.0826624929904938e-08,21.284127063041524,18.099410883872107,0.07347528100243672,14421564469627.885,3605391.0977137815,2.5e-07,4840572837.527271,0.00039775033208664615,49
800.0,500.0,11.555555555555555,104.87489549761482,9.0,40.0,1.0,0.7853981633974483,8.0,50.0,,,,,4.0,42500.0,0.2,60.0,1.975e-06,200000.0,0.3,400.0,7.7e-06,400000.0,399049.8427678992,0,950.1572321006136,250.00000000000006,403.05037526539775,925282091273235.0,356768157788632.1,1.0,2330981146264.774,2295698374338.3486,1427072631154.5288,1427072631154.528,138075130.29036215,22.393457471854163,848709103226.0,249.99999999999997,777.60655272018,1,16169437.33730835,16169437.33730835,1.618172973394394e-08,10.882059755050932,17.749342876945693,0.02368157822140853,925280515217613.0,92528051.5217613,1e-07,127155880262.72604,0.0001408857092316108,50
900.0,600.0,17.88888888888889,166.66666666666666,2.0,10.0,15.77777777777778,122.22222222222224,6.0,40.0,5.75,25.967226777328133,1.0,30.0,24.0,20000.0,0.225,90.0,2.325e-06,195000.0,0.3,600.0,7.850000000000001e-06,540000.0,538881.3988414705,0,1118.6011585298188,299.99999999999994,447.6056377962666,760530405085377.8,332740477284177.6,-1.25,1681122641273.9355,1699108190034.7798,1109134924280.5918,1109134924280.5923,265966067.64202762,129.1381763760124,85020226624025.0,300.0,770.8618081372824,1,386424800.8944026,386424800.8944026,-6.62636011838913e-07,-25.264295535607744,14.015938982460941,0.016448487528829957,760528131494896.0,494343285.27422386,6.5e-07,84424067019.87772,0.00011602144585728256,51
300.0,300.0,5.222222222222222,21.419068431419294,4.0,40.0,5.222222222222222,21.419068431419294,10.0,20.0,5.75,25.967226777328133,3.0,50.0,32.0,42500.0,0.25,90.0,2.325e-06,195000.0,0.32,400.0,7.8e-06,90000.0,89544.32968338576,0,455.6703166142121,149.9999999999999,149.2308267655423,29423016513092.812,29106824315286.688,0.0625,195152735017.9055,197164467629.19528,194045495435.24445,194045495435.24472,14523621.257627482,45.39232039195933,3114604676613.1875,150.00000000000023,254.6076405075347,1,34431637.14114639,34431637.14114639,-2.3283064365386963e-10,9.70193031580311,9.458138799339395,0.03409703552370454,29422854094622.793,19124855.139038302,6.5e-07,11181306715.039227,0.00039197281477862546,52
1000.0,700.0,7.333333333333334,42.23696789826278,6.0,10.0,11.555555555555555,122.22222222222224,3.0,10.0,,,,,16.0,50000.0,0.225,90.0,2.325e-06,200000.0,0.28,400.0,7.75e-06,700000.0,699379.911511457,0,620.0884885432536,350.0000000000008,499.7678995512279,2938552256288612.0,1435269858165052.0,-28.0,5874377621212.943,5879833936768.082,4100771023328.7295,4100771023328.7104,368154616.57408375,61.34902470726835,65238729020154.5,350.0,938.6509705250854,1,145139481.93975,145139481.93975,5.029141902923584e-08,20.839484700612957,5.5162663041935875,0.005604695952458642,2938551372764313.5,0.0,0.0,299273147121.249,0.00010282389681065134,53
900.0,800.0,13.666666666666668,211.11111111111111,6.0,50.0,13.666666666666668,188.88888888888889,5.0,50.0,,,,,4.0,35000.0,0.15,90.0,2.15e-06,195000.0,0.32,600.0,7.9e-06,720000.0,717788.8889002852,0,2211.1110997146698,399.99999999999994,450.7932263167462,1755676517362895.0,1364041090629342.5,8.0,3908392794185.3867,3894638195227.191,3410102726573.356,3410102726573.357,348364802.4460968,96.20837545241697,111386953298616.5,400.0000000000001,803.7915971303723,1,505749158.00012714,505749158.00012714,-3.725290298461914e-08,3.414747194008669,25.81463963218275,0.030616295262277906,1755669599372745.8,438917399.8735919,2.5e-07,215257171825.45108,0.00012713503196671333,54
900.0,800.0,5.222222222222222,21.419068431419294,2.0,30.0,20.0,211.11111111111111,2.0,50.0,,,,,32.0,35000.0,0.225,60.0,1.975e-06,200000.0,0.3,500.0,7.850000000000001e-06,720000.0,719534.9396062416,0,465.0603937584683,400.00000000000074,449.04181552349957,1712805668173195.0,1353008689694943.5,-18.0,3798147427264.2896,3814356723496.6323,3382521724237.365,3382521724237.3525,278575441.2558244,68.10264218829474,53272502020118.25,400.0000000000002,831.8973549616783,1,177329562.74350944,177329562.74350944,-3.725290298461914e-08,0.0021287675481289625,6.786936026412766,0.008079685745729483,1712804235171534.5,599481482.2010484,3.5e-07,203626239162.53394,0.0001198328818061633,55
500.0,500.0,20.0,144.44444444444446,1.0,40.0,5.222222222222222,21.419068431419294,4.0,30.0,10.5,150.0,7.0,50.0,20.0,27500.0,0.225,90.0,1.975e-06,195000.0,0.29,400.0,7.850000000000001e-06,250000.0,247669.87928760526,0,2330.1207123947324,250.00000000000028,249.81568787248926,148735951228828.5,156885321578354.5,-1.125,594505506616.3488,595382749960.6277,627541286313.4187,627541286313.4172,67779560.50020392,100.63954237924642,21674850618144.312,249.99999999999977,399.36045765057395,1,224177666.88127053,224177666.88127053,-5.587935447692871e-09,14.148262106064067,29.018042692245853,0.06208543544045496,148730710930406.88,52055748.8289901,3.5e-07,32834361420.835476,0.0002300312956441441,56
1000.0,1000.0,17.88888888888889,255.55555555555557,8.0,30.0,13.666666666666668,100.0,1.0,50.0,,,,,32.0,27500.0,0.15,120.0,1.975e-06,190000.0,0.29,400.0,7.850000000000001e-06,1000000.0,997855.5555570532,0,2144.444442947108,499.9999999999999,505.2416319851144,2364721086904935.0,2321939788002734.0,13.0,4779547431189.256,4680376550946.231,4643879576005.467,4643879576005.469,615251475.4971548,36.43421784428315,16074764632120.25,500.00000000000017,963.565785869074,1,65759157.804256395,65759157.804256395,1.3256794752402504e-08,14.732261154495063,10.01466927871205,0.010618133179741694,2364713037580610.5,1064120866.1084324,4.5e-07,247220384623.29797,0.0001082968265150051,57
300.0,100.0,15.77777777777778,255.55555555555557,2.0,30.0,17.88888888888889,166.66666666666666,2.0,10.0,,,,,20.0,42500.0,0.15,120.0,2.325e-06,210000.0,0.31,450.0,7.75e-06,30000.0,29155.555547734504,0,844.4444522654941,49.99999999999999,151.61015021839464,11596315563925.324,1131387179839.776,0.001953125,78147633284.83955,76487725572.60062,22627743596.795513,22627743596.79552,6505899.943795188,73.50085464707354,3689298149479.125,49.999999999999986,226.49914334269596,1,42683613.88732896,42683613.88732896,4.656612873077393e-10,11.802933581740945,29.013599616298748,0.103230834740505,11593204402264.953,2898301.092583827,2.5e-07,3504274569.6397924,0.0003823875887254589,58
600.0,200.0,3.111111111111111,7.601878519797524,9.0,40.0,13.666666666666668,146.6949236301234,4.0,30.0,,,,,28.0,27500.0,0.175,105.0,2.325e-06,210000.0,0.3,550.0,7.75e-06,120000.0,119344.80340938689,0,655.1965906130886,100.00000000000013,292.7023511326656,107069647557976.5,11256406707979.402,-0.109375,348423256580.7892,365797019202.7867,112564067079.79417,112564067079.79388,44979648.5532688,136.67058541741994,27208891850310.97,99.99999999999993,463.3294258837193,1,179352889.058987,179352889.058987,0.0,-4.319926784548443,23.69723272975288,0.0420785428784952,107068200151053.77,26767050.075195733,2.5e-07,18618915982.648838,0.0001894987366590059,59
100.0,1000.0,13.666666666666668,233.3333333333333,4.0,30.0,15.77777777777778,211.11111111111111,2.0,30.0,15.25,100.0,5.0,50.0,8.0,27500.0,0.25,90.0,1.975e-06,210000.0,0.31,600.0,7.8e-06,100000.00001053963,98426.25674762469,0,1573.7432629149714,499.99999999999983,50.43549718869368,2336786411977.6055,270606430124024.75,0.09375,47146370475.53625,46332177577.92724,541212860248.0493,541212860248.0497,5274547.563658809,23.13201199779362,322824014174.1631,500.00000000000006,76.86798483854096,1,36688683.28515408,36688683.28515408,-1.4901161193847656e-07,32.57957101656939,14.699183725110633,0.22774422868296829,,,,,,60
400.0,200.0,1.0,0.7853981633974483,5.0,40.0,15.77777777777778,188.88888888888889,10.0,10.0,,,,,4.0,20000.0,0.15,120.0,1.8e-06,205000.0,0.28,450.0,7.75e-06,80000.00003768339,78113.55230492458,0,1886.4477327588063,99.99999997282295,167.51794409136022,30850715027051.062,6297166751186.383,7925.55078125,132701489181.49063,184163644046.54962,62971667494.749985,62971667528.97767,33287292.098493584,191.5918270502877,23407341525580.547,99.99999995406114,208.40820786086957,1,305059199.7068887,305059199.7068887,0.11627091001719236,8.965881337760948,49.44825351175176,0.12940804935596797,30844934328665.12,6168986.675811176,2e-07,5592571205.463788,0.0002710096530361648,61
900.0,400.0,13.666666666666668,211.11111111111111,8.0,50.0,3.111111111111111,7.601878519797524,6.0,30.0,20.0,200.0,3.0,20.0,16.0,42500.0,0.25,60.0,2.5e-06,205000.0,0.28,500.0,7.7e-06,360000.0,357065.4998182382,0,2934.500181761871,199.99999999999994,456.4864877553156,1081198514789235.5,213280363098528.75,-1.5,2437802873957.8584,2368522494731.0513,1066401815492.6434,1066401815492.644,142455148.1637474,99.79691516912803,50810435695776.0,200.00000000000006,800.2030863505545,1,291123179.3170874,291123179.3170874,1.043081283569336e-07,22.495877913650475,47.80625867922149,0.05504814842725199,1081188776472342.6,702772705.2698717,6.5e-07,122689540819.99232,0.00011988352477175806,62
700.0,300.0,7.333333333333334,42.23696789826278,5.0,30.0,9.444444444444445,70.05557692032795,8.0,50.0,10.5,86.59014751456867,1.0,50.0,4.0,50000.0,0.2,60.0,1.975e-06,205000.0,0.32,550.0,7.7e-06,210000.0,209055.19022336547,0,944.8097766345091,150.0,348.58984687442273,439582134108362.0,79481601912771.4,0.25,1250909030938.774,1261029654333.9045,529877346085.1427,529877346085.1427,64468098.42407759,96.36316799109093,41319512239671.625,149.9999999999999,603.6368069075838,1,225634318.71328044,225634318.71328044,-1.955777406692505e-08,-8.688013017592311,31.948160793553512,0.049510709779244114,439581103314871.44,131874331.02448767,3e-07,67424578778.67313,0.0001582520445422263,63
800.0,1000.0,15.77777777777778,188.88888888888889,2.0,20.0,15.77777777777778,122.22222222222224,10.0,10.0,5.75,25.967226777328133,1.0,20.0,4.0,35000.0,0.225,105.0,1.8e-06,200000.0,0.29,550.0,7.75e-06,800000.0,798348.0655940855,0,1651.9344059139776,500.0,398.09331113235345,1531309867671755.0,2367493049592642.0,1.0,3810112919459.364,3846610392211.8975,4734986099185.284,4734986099185.284,371636828.8740535,97.45840094344445,126670117854840.0,499.9999999999999,702.5415990708076,1,538228696.4463202,538228696.4463202,8.475035429000854e-08,37.30321731310687,12.123266037680548,0.015500695312988142,1531306333549487.8,689087849.8007817,4.5e-07,194540099313.0893,0.00013075612537667922,64
700.0,800.0,5.222222222222222,21.419068431419294,7.0,20.0,13.666666666666668,144.44444444444446,3.0,20.0,1.0,0.7853981633974483,10.0,30.0,28.0,20000.0,0.2,105.0,2.325e-06,195000.0,0.28,400.0,7.850000000000001e-06,560000.0,559401.0252245287,0,598.9747754712895,399.99999999999835,348.5925602411329,468123292319810.25,605951335772903.2,10.5,1332138251372.9153,1342895247093.0361,1514878339432.252,1514878339432.2644,227049594.4332576,78.72604951913904,32855109503870.25,400.000000000001,621.2739505470772,1,119808502.0751361,119808502.0751361,7.307971827685833e-08,30.049019482425194,3.9964951574112764,0.005936858367486758,468122270848243.2,257467249.03813285,5.5e-07,69753887384.39313,0.00015276846327722706,65
100.0,800.0,3.111111111111111,7.601878519797524,2.0,30.0,9.444444444444445,70.05557692032795,9.0,30.0,,,,,28.0,42500.0,0.15,75.0,1.8e-06,195000.0,0.32,450.0,7.75e-06,80000.0,79354.29605971779,0,645.7039402821988,400.0000000000007,49.59233232650184,2856520831698.5215,186994144580674.38,-0.0625,56668379306.91123,57600050203.16446,467485361451.6867,467485361451.6851,3873276.5229684273,18.462444527940022,341978831812.9287,400.00000000000006,81.53756098294242,1,17860422.195934925,17860422.195934925,-1.862645149230957e-09,19.60919301064132,6.785153131497084,0.10394277124975129,,,,,,66
100.0,300.0,20.0,144.44444444444446,3.0,40.0,3.111111111111111,7.601878519797524,7.0,40.0,20.0,100.0,1.0,50.0,4.0,27500.0,0.175,60.0,2.15e-06,190000.0,0.29,500.0,7.9e-06,29999.99999905216,29444.21976896895,0,555.780230083209,150.00000000000003,49.83754871353741,689498380820.125,6699403975167.941,-0.0029296875,13745308754.602287,13834917619.711021,44662693167.786285,44662693167.78627,1285977.7328950162,25.74836948873593,119848348679.56812,150.0,74.2516282207344,1,11677560.801128278,11677560.801128278,-3.725290298461914e-09,6.493958395381924,21.62949385363393,0.3700863974387676,,,,,,67
900.0,300.0,3.111111111111111,7.601878519797524,5.0,40.0,5.222222222222222,21.419068431419294,9.0,40.0,5.75,25.967226777328133,7.0,30.0,4.0,20000.0,0.25,75.0,2.15e-06,205000.0,0.32,450.0,7.9e-06,270000.0,269405.6778357814,0,594.3221642188331,150.00000000000026,447.890899357882,374365333289213.25,41676916786006.47,-1.4375,828042020736.8367,835840455400.9055,277846111906.71027,277846111906.7093,119436746.20150983,131.3612307985612,36062915444029.44,150.0,768.6387648005463,1,146632173.1821715,146632173.1821715,4.353933036327362e-08,-8.167193474531814,16.652302683332294,0.019422111603555354,374365107333172.1,93591276.79261936,2.5e-07,44574524359.69527,0.0001224541644400521,68
800.0,400.0,7.333333333333334,42.23696789826278,2.0,10.0,17.88888888888889,144.44444444444446,6.0,10.0,,,,,16.0,35000.0,0.25,120.0,2.325e-06,200000.0,0.29,500.0,7.8e-06,320000.0,319048.8594633696,0,951.1405366304117,199.99999999999994,395.67611014569843,619967094059547.5,152006552465598.5,0.375,1533342722545.9102,1566855006311.2458,760032762327.9923,760032762327.9927,161832345.33021012,126.4324193483734,83889587906413.38,199.99999999999986,673.567501914326,1,336026249.7718372,336026249.7718372,9.313225746154785e-09,0.1709850630868459,12.781209600843075,0.016364021113208987,619965044399416.6,61996504.43994166,1e-07,76993127289.3676,0.0001296442884874409,69
1000.0,500.0,5.222222222222222,21.419068431419294,10.0,40.0,15.77777777777778,144.44444444444446,1.0,10.0,,,,,16.0,50000.0,0.175,60.0,1.8e-06,195000.0,0.32,500.0,7.850000000000001e-06,500000.0,499641.36485571344,0,358.6351442864651,250.0000000000003,500.1639738829194,2094698497613538.0,521377839474559.75,-8.5,4190771349328.2295,4188023542263.111,2085511357898.2417,2085511357898.2363,214105919.71176702,45.84416232222534,25494401998588.75,250.0000000000002,954.1558214710128,1,74830267.79324314,74830267.79324314,-1.2548483523525587e-09,9.716076768178027,8.374536399805036,0.00852707632126015,2094698102618871.2,209469810.2618871,1e-07,215760280963.34555,0.00010371983442268252,70
300.0,400.0,9.444444444444445,70.05557692032795,3.0,50.0,13.666666666666668,146.6949236301234,3.0,40.0,,,,,32.0,35000.0,0.25,90.0,1.975e-06,210000.0,0.31,550.0,7.7e-06,120000.0,119349.74849096748,0,650.2515090325289,199.99999999999983,148.9704826481911,32650104618027.734,57723116106088.125,0.109375,216183599011.12854,219171637478.91095,288615580530.44037,288615580530.44086,19604307.3489332,51.74992401830088,4397733958838.0938,200.0,248.25012028915964,1,65390263.3944255,65390263.3944255,-9.313225746154785e-09,12.559512109553907,13.918499556664665,0.05497761508393626,32648779678198.746,9794633.912341874,3e-07,15168541270.67255,0.00048394864055925266,71
300.0,400.0,20.0,144.44444444444446,6.0,50.0,13.666666666666668,144.44444444444446,8.0,40.0,,,,,8.0,27500.0,0.175,105.0,2.15e-06,205000.0,0.29,550.0,7.8e-06,120000.0,117977.77775827024,0,2022.2222417297771,199.9999999999999,148.00061762769005,28168619340491.03,47473434841955.97,0.125,185320617102.8664,190327714789.35266,237367174209.7797,237367174209.77997,23403344.67412917,82.14003655483357,9040980359806.828,200.00000000000009,217.85995454215967,1,168869025.99538213,168869025.99538213,-2.9802322387695312e-08,-29.35939033360046,34.41593293200372,0.13594180230945088,28163854148597.598,2816385.4148597596,1e-07,11817539215.482151,0.0004834901708012702,72
100.0,300.0,1.0,0.7853981633974483,8.0,30.0,17.88888888888889,233.3333333333333,5.0,40.0,,,,,28.0,50000.0,0.25,60.0,2.15e-06,210000.0,0.3,400.0,7.8e-06,30000.0,28827.050141544543,0,1172.9498584554506,149.9999999999999,49.89486494026689,1254037686440.1323,12212759732201.055,0.01953125,25028127056.14154,25133602184.141403,81418398214.67363,81418398214.67377,1284914.6994998427,27.656539122385773,244471095439.77686,150.00000000000003,72.3436427718413,1,15295698.981203606,15295698.981203606,9.313225746154785e-09,-1.776646287908079,32.53786228147068,0.637303070399268,,,,,,73
1000.0,200.0,7.333333333333334,42.23696789826278,10.0,10.0,20.0,166.66666666666666,8.0,30.0,20.0,250.0,10.0,10.0,8.0,35000.0,0.25,120.0,2.15e-06,200000.0,0.28,450.0,7.850000000000001e-06,200000.0,193244.29681892577,0,6755.703181074428,99.99999999999989,493.0441653628513,696513122625972.2,29447940451590.594,0.125,1373912824426.803,1412678967843.337,294479404515.9056,294479404515.90625,145908300.15788606,309.91001372990587,279581598742466.5,100.00000000000004,690.0899857862713,1,1481491802.3134382,1481491802.3134382,-1.3131648302078247e-07,8.119629672051815,135.93314636726706,0.1415970274659032,696489406989300.9,139297881.45430478,2e-07,58486765146.734085,0.0001030606546771054,74
300.0,200.0,7.333333333333334,42.23696789826278,1.0,50.0,11.555555555555555,104.87489549761482,9.0,30.0,,,,,20.0,35000.0,0.25,75.0,1.8e-06,195000.0,0.3,400.0,7.9e-06,60000.0,59013.88897302339,0,986.1110269766183,99.99999999999989,142.6481646507969,17662278633133.156,7260816578337.902,0.0234375,112247045571.0678,123817075925.02478,72608165783.37894,72608165783.3791,10110137.699204221,94.15495935581649,7283679060086.672,100.00000000000004,205.84487419266006,1,94088284.24464834,94088284.24464834,1.862645149230957e-09,-4.255225106804573,36.36090458228396,0.13761486180278773,17660714716694.414,5298214.448205946,3e-07,6663775735.329357,0.0004326137452809276,75
400.0,400.0,15.77777777777778,300.0,6.0,50.0,5.222222222222222,21.419068431419294,4.0,40.0,,,,,4.0,20000.0,0.15,105.0,2.325e-06,190000.0,0.28,550.0,7.8e-06,160000.0,158114.3236895841,0,1885.6763104158683,200.0000000000002,211.7008597182427,48732591538273.59,45758323538376.72,-0.25,258804110657.93314,230195529688.131,228791617691.88382,228791617691.88336,38920237.27776145,46.91926801345767,1893889598619.6719,200.00000000000006,353.08073144270645,1,55174850.928331845,55174850.928331845,-8.451752364635468e-08,46.956916631028434,31.084733763868748,0.08697733687199546,48724398731149.67,14617319.701732172,3e-07,13507702708.21759,0.00031889515459727246,76
500.0,600.0,15.77777777777778,122.22222222222224,2.0,40.0,17.88888888888889,277.77777777777777,8.0,10.0,10.5,86.59014751456867,10.0,40.0,28.0,20000.0,0.225,120.0,1.8e-06,210000.0,0.29,600.0,7.7e-06,300000.0,295801.53043587215,0,4198.469564127747,300.0000000000006,236.3289490541613,152458237364727.5,215723349196541.75,-0.75,578213788801.7305,645110292136.8617,719077830655.1406,719077830655.1377,116602681.49709523,170.30806676486932,73378225838420.38,300.0,329.6919298692531,1,867209092.321424,867209092.321424,5.308538675308228e-07,-10.025365883433551,46.14591907881605,0.09592638220505653,152444917448132.4,45733474.86271241,3e-07,26757237308.345947,0.0002157720630206995,77
200.0,200.0,7.333333333333334,42.23696789826278,4.0,30.0,5.222222222222222,21.419068431419294,5.0,40.0,1.0,0.7853981633974483,5.0,10.0,4.0,20000.0,0.25,120.0,2.5e-06,210000.0,0.32,500.0,7.7e-06,40000.0,39716.10279130848,0,283.8972086915247,100.00000000000016,101.13383141519739,2875269884268.0576,2889379571500.37,-0.0205078125,29082444737.420876,28430346641.01523,28893795715.003746,28893795715.003654,5138740.917081839,36.79945439557714,401042823044.4668,100.00000000000001,163.20033588884627,1,11124176.096782608,11124176.096782608,2.321030478924513e-09,7.455190237759325,8.286636825106836,0.0526507105762534,2875112208120.175,718778.0486412559,2.5e-07,1999922684.0637271,0.0007529143357013797,78
1000.0,800.0,20.0,255.55555555555557,5.0,50.0,15.77777777777778,277.77777777777777,6.0,20.0,5.75,25.967226777328133,1.0,50.0,24.0,35000.0,0.2,105.0,1.8e-06,200000.0,0.29,400.0,7.8e-06,800000.0,797003.6211369773,0,2996.378863022826,400.00000000000017,498.694428732381,2435409137244207.0,1521582569167476.0,-8.0,4858132996778.683,4883569971765.502,3803956422918.6914,3803956422918.6885,471821752.8778267,137.75149308699642,259221124262978.5,399.9999999999999,862.2484991448947,1,678810598.0216373,678810598.0216373,2.5099143385887146e-07,23.26259887118431,19.990400349997405,0.02056390480861133,2435396550771983.0,487079310.04279214,2e-07,245246277183.2766,0.00010585701472090692,79
200.0,900.0,7.333333333333334,42.23696789826278,6.0,10.0,20.0,211.11111111111111,5.0,40.0,10.5,86.59014751456867,5.0,10.0,8.0,35000.0,0.175,120.0,2.5e-06,205000.0,0.29,600.0,7.7e-06,180000.0,177825.12122702287,0,2174.8787729772384,449.99999999999994,99.61338122496528,21973476064302.188,473494024330658.0,-0.1875,218888496618.70273,220587593695.64655,1052208942957.0177,1052208942957.018,22783351.040602114,42.83256493415544,3804961769549.9766,449.99999999999994,157.1674350724359,1,129827302.32837705,129827302.32837705,4.805624485015869e-07,41.831184007365664,14.922013383170595,0.0994800892211373,21968443004679.0,2196844.3004679,1e-07,12104474278.42178,0.0005790400997862586,80
600.0,600.0,13.666666666666668,277.77777777777777,1.0,20.0,1.0,0.7853981633974483,2.0,50.0,15.25,100.0,10.0,10.0,12.0,35000.0,0.15,75.0,1.8e-06,205000.0,0.31,550.0,7.850000000000001e-06,360000.0,357720.65144353756,0,2279.3485564619577,299.99999999999994,301.29788325062236,387902646964172.75,405136247129100.75,0.75,1298627044178.725,1287439004812.0974,1350454157097.0022,1350454157097.0027,105124317.6333648,87.17555520143571,29080933776737.0,300.00000000000017,512.8244612092427,1,300720327.2390523,300720327.2390523,-8.381903171539307e-08,17.704372965788934,33.57159914800081,0.061094811916289,387898125350657.56,77579625.08698782,2e-07,68936106644.21983,0.0001829037199106813,81
700.0,100.0,7.333333333333334,42.23696789826278,3.0,10.0,1.0,0.7853981633974483,2.0,20.0,,,,,32.0,20000.0,0.2,120.0,1.8e-06,200000.0,0.28,550.0,7.850000000000001e-06,70000.0,69871.71830276326,0,128.28169723676018,50.00000000000007,355.32496910301336,59737127913971.28,1187062097652.9556,-0.07421875,173314347019.88892,168119701986.52914,23741241953.059147,23741241953.05908,30387374.53589247,14.134563852727233,141048732462.22266,50.000000000000014,685.8654343037448,1,1241494.7661620227,1241494.7661620227,-8.913048077374697e-10,13.658101377914477,7.468581874431864,0.010991290470098402,59737042640675.67,5973704.264067567,1e-07,8472271857.268199,0.0001485423741167047,82
300.0,400.0,5.222222222222222,21.419068431419294,5.0,10.0,11.555555555555555,188.88888888888889,8.0,10.0,5.75,25.967226777328133,1.0,40.0,20.0,35000.0,0.15,60.0,1.8e-06,190000.0,0.3,450.0,7.75e-06,120000.0,118329.85909346768,0,1670.1409065322712,200.00000000000026,143.4637151920427,35846076815539.47,58795411016729.94,-0.078125,228995321177.55542,249861623669.47882,293977055083.6501,293977055083.6493,18248243.96676103,88.9498000934305,14368212684005.805,200.00000000000006,211.05019991112724,1,184717866.55249763,184717866.55249763,-9.546056389808655e-09,-8.61601831173175,38.94966988073833,0.1370394953398751,35841706380500.74,19712938.319836494,5.5e-07,11281683970.062916,0.00036706813794841215,83
800.0,400.0,9.444444444444445,70.05557692032795,8.0,50.0,1.0,0.7853981633974483,5.0,40.0,15.25,250.0,1.0,30.0,8.0,42500.0,0.2,105.0,2.5e-06,205000.0,0.31,550.0,7.75e-06,320000.0,318935.6283744296,0,1064.3716255705483,200.00000000000006,402.2245061670699,736211220274762.8,184553030391625.38,-1.75,1850820957270.885,1830348994123.6116,922765151958.1272,922765151958.1266,145630910.32968816,64.05287835860084,13952113620140.25,200.0,735.9471136331946,1,125380265.96809764,125380265.96809764,3.725290298461914e-09,8.974448196095182,19.527604110011108,0.025711131152088357,736208540244788.1,552156405.3827384,7.5e-07,100724140329.45985,0.00013926768287587723,84
700.0,800.0,5.222222222222222,21.419068431419294,1.0,10.0,17.88888888888889,188.88888888888889,9.0,40.0,,,,,20.0,50000.0,0.175,60.0,2.15e-06,205000.0,0.3,450.0,7.8e-06,560000.0,558278.5809268202,0,1721.4190731797614,399.9999999999994,347.23322174358424,1167381007137727.5,1506868025091242.0,7.5,3309214696768.279,3361950798589.729,3767170062728.099,3767170062728.111,171874288.78892908,98.08806996531654,119174495409998.0,400.0000000000001,601.9119300387422,1,490495750.54232043,490495750.54232043,4.0978193283081055e-08,17.663547984222532,22.192909216260976,0.03408758135726462,1167375760463314.5,408581516.35767996,3.5e-07,168870075228.3982,0.00014851457153504475,85
500.0,200.0,13.666666666666668,188.88888888888889,7.0,50.0,11.555555555555555,104.87489549761482,9.0,40.0,,,,,24.0,50000.0,0.2,90.0,2.325e-06,200000.0,0.28,400.0,7.9e-06,99999.99999928077,97760.04934490893,0,2239.950654371847,99.99999999772942,251.61915712909607,117315716255426.12,17006274520084.586,-2311.859375,472321918628.8092,466243181139.1688,170062745196.98444,170062745204.70728,29192929.83926021,105.99775135694605,27335010952887.25,99.99999999160512,394.0020649902602,1,171342853.57636717,171342853.57636717,0.010027602314949036,17.857425572365173,45.112590725650584,0.09931832594917472,117310321159043.84,41058612.427264884,3.5e-07,24662484675.302315,0.0002453981869785693,86
300.0,1000.0,9.444444444444445,70.05557692032795,8.0,10.0,13.666666666666668,255.55555555555557,4.0,20.0,10.5,86.59014751456867,7.0,30.0,16.0,27500.0,0.15,90.0,1.8e-06,210000.0,0.31,600.0,7.9e-06,300000.0,297205.07117998693,0,2794.928820012873,499.99999999999966,149.1094433537362,67507437717284.03,767014737815446.5,-0.5,447393390399.79333,452737507423.5532,1534029475630.8918,1534029475630.894,51540541.40324946,65.69089127737412,14731481498020.031,500.0000000000004,234.3091087345451,1,259964982.18027678,259964982.18027678,4.023313522338867e-07,-37.453011496902036,19.97818455759198,0.07313551388208708,67500661931000.57,20250198.54809479,3e-07,22730432019.780067,0.00036982517382367643,87
1000.0,500.0,17.88888888888889,233.3333333333333,4.0,10.0,11.555555555555555,104.87489549761482,2.0,50.0,,,,,32.0,42500.0,0.15,75.0,2.15e-06,195000.0,0.32,550.0,7.7e-06,500000.0,498856.91687412944,0,1143.0831258705268,249.99999999999994,502.5326813358314,1809948879130566.0,448139360988426.75,2.5,3638327205073.004,3601654074157.6514,1792557443953.7065,1792557443953.7075,242190798.79416522,54.32899342403595,33707148742884.75,250.0000000000002,945.6709045830189,1,111366835.88876545,111366835.88876545,-6.258487701416016e-07,40.78234169422649,13.22255148756802,0.014003643609872529,1809945157849575.0,452486289.5437857,2.5e-07,183015145867.38086,0.00010382318221876952,88
700.0,900.0,7.333333333333334,42.23696789826278,9.0,20.0,9.444444444444445,70.05557692032795,4.0,40.0,,,,,32.0,27500.0,0.225,75.0,2.15e-06,210000.0,0.31,400.0,7.9e-06,630000.0,629339.6449940739,0,660.3550059266577,450.00000000000034,350.4027992517238,719589108226430.5,1179358541482562.0,-3.5,2058337728924.103,2053605478503.8662,2620796758850.1396,2620796758850.1357,213416941.64822954,52.051766609259424,22633167443125.75,450.0000000000002,647.9482339093486,1,76411225.80942447,76411225.80942447,-7.450580596923828e-09,22.23531433633616,5.482844013143059,0.008367205786118626,719588511784662.5,215876553.54945263,3e-07,108179795578.14671,0.00015319592435075928,89
100.0,700.0,17.88888888888889,166.66666666666666,9.0,10.0,13.666666666666668,277.77777777777777,1.0,40.0,5.75,25.967226777328133,7.0,30.0,16.0,27500.0,0.25,60.0,1.975e-06,195000.0,0.28,550.0,7.9e-06,69999.99999586819,67927.24476613643,0,2072.7552297317893,350.0000000000006,53.65008876069665,1832670395771.7139,93709338762171.4,-0.0390625,39539890083.277306,34159689911.161976,267740967891.9188,267740967891.91782,3175197.8433009563,18.280091464517948,134408041007.37402,350.00000000000006,81.7199111992106,1,13709930.041222544,13709930.041222544,1.1222437024116516e-07,-45.54699629127572,15.921066947218685,0.2994558048667004,1827592575037.5645,548277.7890986621,3e-07,2486479740.416146,0.0015747486332686254,90
500.0,900.0,20.0,166.66666666666666,10.0,20.0,3.111111111111111,7.601878519797524,3.0,20.0,20.0,250.0,10.0,30.0,12.0,20000.0,0.175,120.0,1.8e-06,210000.0,0.3,550.0,7.8e-06,450000.0,443310.5277577629,0,6689.472242237272,449.9999999999992,256.2959488149349,215711652962565.75,789410876385319.5,3.75,885137739457.4275,841650654097.252,1754246391967.3735,1754246391967.38,152127046.10005412,115.71861995947769,46798106734944.625,450.0000000000004,384.2813791800818,1,660917867.2855586,660917867.2855586,-3.8743019104003906e-07,45.3349152324372,35.11997494615898,0.07340449941561676,215686118313731.38,140195977.25958654,6.5e-07,40916961293.63133,0.00021916175189776963,91
800.0,500.0,7.333333333333334,42.23696789826278,8.0,20.0,20.0,277.77777777777777,9.0,50.0,15.25,200.0,3.0,20.0,8.0,42500.0,0.15,120.0,1.975e-06,190000.0,0.28,600.0,7.75e-06,400000.0,395962.10437905666,0,4037.895620943034,249.99999999999997,394.1233464416134,959599026946786.5,371461212219743.25,0.0,2364262685556.87,2434768291730.5796,1485844848878.973,1485844848878.9731,207096743.61135152,171.07210711887063,205310302405736.75,249.99999999999986,628.9279005643851,1,1335215296.2304225,1335215296.2304225,-1.862645149230957e-08,-7.285532577589038,50.21807709198106,0.06786226634051494,959584681591663.5,287875404.6843055,3e-07,119481779273.65382,0.0001333102956706725,92
500.0,500.0,11.555555555555555,100.0,4.0,40.0,15.77777777777778,188.88888888888889,1.0,50.0,20.0,100.0,10.0,50.0,28.0,35000.0,0.15,75.0,2.5e-06,200000.0,0.28,450.0,7.7e-06,250000.0,247411.11095767573,0,2588.8890423244343,249.99999999999983,251.03403775903945,189734779061246.38,195591437284285.5,0.625,762091240719.936,755812959688.6279,782365749137.1415,782365749137.1426,61715018.22512926,90.55062961984446,22832024819124.812,250.0000000000003,409.44937048048666,1,241552728.4994354,241552728.4994354,-4.842877388000488e-08,-17.718367976012814,38.49503887502337,0.08707095996211717,189730391587894.03,47432597.863760136,2.5e-07,44337111626.11068,0.0002446066326111484,93
1000.0,800.0,1.0,0.7853981633974483,3.0,20.0,3.111111111111111,7.601878519797524,3.0,50.0,5.75,25.967226777328133,1.0,40.0,8.0,50000.0,0.175,75.0,2.5e-06,210000.0,0.28,550.0,7.850000000000001e-06,800000.0,799922.9037105032,0,77.09628949670709,400.00000000000034,499.9668468774542,3334155793286998.0,2134738161743702.0,-12.0,6667869465186.999,6668753766595.699,5336845404359.26,5336845404359.25,381170471.44803244,21.775810275163323,6585139549142.125,400.0000000000001,978.2241187580499,1,25753444.91237077,25753444.91237077,-8.381903171539307e-09,21.41321680893998,0.990603867525727,0.00104445112579531,3334155767822208.0,2167201249.083107,6.5e-07,347572634953.8077,0.00010427787539926518,94
600.0,300.0,5.222222222222222,21.419068431419294,2.0,20.0,1.0,0.7853981633974483,2.0,40.0,,,,,20.0,50000.0,0.225,60.0,2.325e-06,205000.0,0.3,600.0,7.75e-06,180000.0,179955.59106416733,0,44.40893583269183,149.99999999999991,300.1974774392841,270526960963785.0,67610682653829.53,0.4375,902350516110.1438,901163338451.1031,450737884358.8633,450737884358.8638,46070515.94684617,6.5250389553753765,102142138086.38281,150.0,593.4748737089056,1,1081977.6136856212,1081977.6136856212,5.537003744393587e-09,-6.437467614595278,2.073384263059647,0.0037057806310270723,270526945993051.16,121737125.68709046,4.5e-07,48636341739.07158,0.00018022084511387166,95
600.0,600.0,3.111111111111111,7.601878519797524,2.0,30.0,5.222222222222222,21.419068431419294,10.0,20.0,,,,,12.0,20000.0,0.25,120.0,1.975e-06,190000.0,0.32,500.0,7.8e-06,360000.0,359770.60554460634,0,229.39445539362626,299.9999999999996,298.70057021714405,218975834605490.0,217327768110438.5,1.625,726771486966.6501,733094799404.9788,724425893701.4607,724425893701.4626,132505744.27986446,59.185481186037414,11759685883820.531,300.0000000000001,540.8145375549385,1,61953966.75146351,61953966.75146351,-8.568167686462402e-08,-25.727856813049584,2.2313029477503394,0.003864471572383063,218975763586333.03,65692729.03827362,3e-07,38892078975.79665,0.00018020228811462365,96
400.0,300.0,9.444444444444445,122.22222222222224,5.0,50.0,13.666666666666668,233.3333333333333,10.0,20.0,20.0,150.0,5.0,10.0,28.0,20000.0,0.225,90.0,2.325e-06,210000.0,0.28,500.0,7.850000000000001e-06,120000.0,115555.55554087301,0,4444.4444591270485,150.00000000000034,180.31208129783624,48160896391883.36,27094635803414.812,-0.234375,219224146126.92587,267097445968.31567,180630905356.09915,180630905356.09833,41809496.180444956,177.04380994400282,33870515299757.953,150.00000000000017,222.95619077521303,1,511338986.5277902,511338986.5277902,1.6763806343078613e-08,13.364036215709348,88.47878616907708,0.2371025980863213,48146790450067.77,0.0,0.0,8934891359.066292,0.0002864529837044516,97
200.0,700.0,17.88888888888889,166.66666666666666,8.0,20.0,20.0,166.66666666666666,2.0,20.0,10.5,150.0,3.0,50.0,16.0,35000.0,0.15,60.0,2.15e-06,195000.0,0.31,450.0,7.75e-06,140000.0,137433.33333376568,0,2566.666666234361,349.9999999999996,102.1656764345952,17771531408351.156,224829510375579.25,0.3125,181649249064.11218,173948159778.77072,642370029644.5114,642370029644.5128,12704025.574615998,37.817378018962266,2412595271842.6016,350.00000000000017,162.18261108321664,1,62853310.721344404,62853310.721344404,-3.0547380447387695e-07,35.5011449179583,23.945709883201687,0.1408571169600099,17765125970019.812,66619222.807367384,3.7499999999999997e-06,11270464569.281925,0.000699947642307096,98
800.0,200.0,1.0,0.7853981633974483,5.0,40.0,13.666666666666668,146.6949236301234,4.0,30.0,,,,,8.0,35000.0,0.2,75.0,2.15e-06,210000.0,0.29,400.0,7.7e-06,160000.0,159409.29329495036,0,590.7067050496095,99.99999999999991,393.504679836533,312059379872628.25,18896704567074.625,0.34375,767682589179.9628,793025841528.1409,188967045670.7461,188967045670.7464,64753592.32139938,147.19215400352738,54204369850819.31,99.99999999999997,652.8078416104858,1,176869429.43404225,176869429.43404225,4.656612873077393e-10,5.14042015515588,22.06915463798131,0.028917870235683336,312057940984599.2,62411588.2339651,2e-07,40714625957.91578,0.00013729087994273395,99
600.0,400.0,9.444444444444445,70.05557692032795,1.0,10.0,1.0,0.7853981633974483,8.0,40.0,,,,,28.0,50000.0,0.15,60.0,2.15e-06,200000.0,0.31,550.0,7.75e-06,240000.0,239923.66124359716,0,76.33875640278502,200.00000000000006,300.22921642124317,360918098446035.9,160010334439884.0,0.125,1203980234955.7998,1202141825996.181,800051672199.4203,800051672199.4198,61457553.5885861,8.803167650949161,386213596495.75,199.99999999999994,591.1968279253946,1,2457368.816033896,2457368.816033896,1.964508555829525e-09,8.104218467303781,2.4514098415477354,0.004381429564875309,360918020230166.5,126321307.08744135,3.5e-07,63041386070.02006,0.00017523102865326027,100
900.0,200.0,3.111111111111111,7.601878519797524,9.0,30.0,13.666666666666668,144.44444444444446,7.0,30.0,20.0,200.0,1.0,10.0,4.0,35000.0,0.2,60.0,1.975e-06,190000.0,0.3,550.0,7.9e-06,180000.0,178520.47197408215,0,1479.5280259178533,100.00000000000007,440.7875121476869,453309409834298.75,21915906576342.383,-0.3125,987145214526.6729,1028408013706.1967,219159065763.42398,219159065763.42368,75108134.07787515,202.61563795387173,108098216718779.5,100.00000000000001,697.384371100208,1,548182468.305781,548182468.305781,7.450580596923828e-09,-4.735359297948889,88.072591110384,0.10203428199618371,453305983565711.75,45330598.356571175,1e-07,50463772697.96908,0.00011991883388057336,101
200.0,100.0,20.0,188.88888888888889,5.0,50.0,7.333333333333334,42.23696789826278,2.0,30.0,,,,,28.0,50000.0,0.175,90.0,1.8e-06,205000.0,0.29,550.0,7.75e-06,20000.000003640285,19421.919974452023,0,578.080029188253,50.00000000002538,102.01158230173205,3509519100798.035,843839466679.2163,1.0595703125,35815652331.53132,34403143462.84233,16876789333.592894,16876789333.57576,2154087.3818398598,40.66066696501756,424405068267.52637,50.00000000008598,159.33932899902283,1,15266357.474139761,15266357.474139761,-5.206197965890169e-05,10.274119962439727,36.87289066869699,0.22168070546645874,3508500143747.2515,350850.0143747251,1e-07,2497991536.693163,0.0007586021054594203,102
700.0,300.0,5.222222222222222,21.419068431419294,7.0,40.0,9.444444444444445,70.05557692032795,1.0,40.0,,,,,8.0,20000.0,0.225,105.0,2.5e-06,200000.0,0.29,400.0,7.7e-06,210000.0,209780.01094573253,0,219.98905426745762,150.00000000000009,351.04874697003254,175220679215523.5,31638443379825.5,-0.34375,502135119716.7811,499134894307.0898,210922955865.50345,210922955865.5032,84391076.34436375,52.246528601683785,5382959913178.281,150.00000000000006,647.7534714035406,1,20760713.751207054,20760713.751207054,4.056068686424168e-09,-11.287401981884614,3.9131854730183866,0.005971796395968103,175220549949677.56,52566164.99379582,3e-07,27849493932.328335,0.00016262287990612874,103
900.0,900.0,3.111111111111111,7.601878519797524,2.0,30.0,17.88888888888889,211.11111111111111,1.0,50.0,,,,,12.0,50000.0,0.225,75.0,1.975e-06,205000.0,0.28,450.0,7.75e-06,810000.0,809773.6851321834,0,226.31486781677532,449.9999999999997,449.7086447543366,2739163765444868.0,2734163178661353.0,4.0,6083092054810.768,6090974228305.523,6075918174803.003,6075918174803.011,348145935.4235875,39.2608060019259,28730817324429.25,449.99999999999994,860.7391985623406,1,80031192.6762767,80031192.6762767,1.427907409604217e-10,24.13898245242308,2.1142696975487847,0.002513828823439802,2739163036388135.5,821748910.9400617,3e-07,326546644343.93286,0.00011951184674076781,104
900.0,400.0,11.555555555555555,104.87489549761482,5.0,50.0,7.333333333333334,42.23696789826278,3.0,10.0,1.0,0.7853981633974483,7.0,30.0,32.0,42500.0,0.25,105.0,2.15e-06,195000.0,0.29,550.0,7.9e-06,360000.0,359337.91906499566,0,662.08093500425,199.99999999999997,451.4971822204818,1048895951035993.5,205483633013579.25,0.0,2338660783066.9766,2323150602795.5254,1027418165067.8961,1027418165067.8964,184840452.943275,50.92058244183085,18466949904337.625,200.00000000000003,849.0794175785284,1,78740727.01136209,78740727.01136209,-6.504706107079983e-09,9.571875661038234,12.147069952796032,0.013704855157121127,1048895014713279.5,262223753.59761664,2.5e-07,118052473460.26353,0.00011466915963783437,105
400.0,700.0,17.88888888888889,211.11111111111111,3.0,30.0,17.88888888888889,122.22222222222224,10.0,30.0,10.5,86.59014751456867,7.0,50.0,8.0,35000.0,0.15,75.0,2.15e-06,205000.0,0.3,450.0,7.8e-06,280000.0,276932.1825132871,0,3067.8174867127627,349.9999999999999,198.43788168974024,140165407286016.5,431327572412259.5,0.125,695395585544.8157,706344000915.9471,1232364492606.4553,1232364492606.456,57675688.58265806,86.59709599454442,29234668859558.656,349.9999999999998,313.40290405699625,1,294497944.0069092,294497944.0069092,4.805624485015869e-07,-6.862379763537319,31.635656797822847,0.08761991420371383,140159076936119.52,35039769.17759785,2.5e-07,40066093889.965034,0.00030996429357691444,106
900.0,200.0,15.77777777777778,122.22222222222224,4.0,30.0,13.666666666666668,255.55555555555557,3.0,50.0,,,,,16.0,20000.0,0.15,105.0,2.15e-06,195000.0,0.32,550.0,7.8e-06,180000.0,178744.44443323382,0,1255.555566766188,100.0,445.4207496821639,278193326548671.75,12353591953618.445,-0.09375,611979817279.7427,624563015412.2375,123535919536.18445,123535919536.18445,105597796.74127966,202.1972284480046,74756586795885.56,100.00000000000007,697.8027716390893,1,350866984.0435561,350866984.0435561,7.078051567077637e-08,-13.06495057727443,31.790392820221697,0.03770356925745863,278189358847326.56,27818935.884732656,1e-07,29284368647.372814,0.00012138750925345254,107
500.0,600.0,7.333333333333334,42.23696789826278,4.0,10.0,7.333333333333334,42.23696789826278,5.0,50.0,,,,,8.0,50000.0,0.15,75.0,1.975e-06,205000.0,0.29,550.0,7.75e-06,300000.0,299619.86733162956,0,380.13266837026595,300.00000000000034,249.98420440488334,315224600246717.9,452186105719474.0,-1.25,1260818739457.5757,1260978072583.2136,1507287019064.915,1507287019064.9116,72074576.93516526,33.98042522732242,7764703711067.75,299.99999999999983,466.0196170995477,1,52510180.247374065,52510180.247374065,-9.313225746154785e-08,14.303036353969219,6.509545712147821,0.014584493756601632,315224338327158.9,94567301.49719617,3e-07,65972448798.71729,0.0002115636101470929,108
900.0,100.0,11.555555555555555,104.87489549761482,1.0,40.0,3.111111111111111,7.601878519797524,5.0,20.0,,,,,16.0,20000.0,0.15,120.0,2.325e-06,195000.0,0.28,400.0,7.9e-06,90000.0,89857.1157006485,0,142.8842993515021,49.99999999999995,452.50348603847823,125708542985279.5,1502848068299.4268,0.0625,280915133555.85297,277806794563.76605,30056961365.988506,30056961365.988564,50213145.843556814,73.81817832625819,5081344923267.969,50.0,826.1818036760186,1,15108202.02757195,15108202.02757195,1.4551915228366852e-10,4.226779399585212,6.673151695029126,0.007596555180178404,125708367781684.62,43997928.73501179,3.5e-07,14151756508.134796,0.00011674567816661878,109
300.0,600.0,20.0,100.0,6.0,10.0,9.444444444444445,70.05557692032795,9.0,40.0,5.75,25.967226777328133,5.0,50.0,32.0,27500.0,0.175,60.0,1.8e-06,205000.0,0.29,400.0,7.7e-06,180000.0,178509.82755498195,0,1490.1724450179709,300.00000000000006,150.50488239803352,40314263350788.72,156984510534156.25,-0.78125,269669431333.0432,267860169772.90738,523281701780.52094,523281701780.52075,24898031.43942628,56.32658770689994,6756788970842.3125,300.0000000000002,243.67341235993513,1,76944460.2837772,76944460.2837772,-2.7101486921310425e-07,-25.856566598260542,16.705760901983798,0.06544150083119675,40312453957963.68,12093736.192654537,3e-07,14143100173.290236,0.0003843831437556789,110
100.0,600.0,17.88888888888889,300.0,3.0,30.0,7.333333333333334,42.23696789826278,10.0,50.0,,,,,20.0,27500.0,0.175,90.0,1.8e-06,205000.0,0.31,400.0,7.7e-06,60000.0,58677.630327793704,0,1322.3696722063082,300.0000000000003,51.082928270186464,1397388856120.6514,58615429084795.34,-0.05859375,28566486232.841763,27355300556.178368,195384763615.98465,195384763615.98428,3114182.0100958017,23.908592865523733,165114689936.24902,300.0000000000001,76.091547392769,1,18618468.43970509,18618468.43970509,-6.845220923423767e-08,19.507757476560073,13.72368531602415,0.2961946461923803,,,,,,111
100.0,900.0,17.88888888888889,144.44444444444446,1.0,20.0,7.333333333333334,42.23696789826278,9.0,10.0,,,,,32.0,42500.0,0.175,120.0,1.975e-06,190000.0,0.3,550.0,7.850000000000001e-06,90000.0,89475.42285264384,0,524.5771473561708,450.0000000000008,49.592916070622685,3270750256589.2676,262635810630867.25,-0.21875,64886718326.56977,65951964831.661896,583635134735.2616,583635134735.2595,5609748.24495494,16.742779190998654,414259866257.5654,449.9999999999999,83.25731805028649,1,19868919.63166416,19868919.63166416,9.313225746154785e-09,0.03187410640384769,3.7426908218281607,0.04335163119456816,3270192054698.1113,2125624.823639326,6.5e-07,4350994257.17509,0.0013725378910280214,112
300.0,200.0,15.77777777777778,233.3333333333333,3.0,50.0,3.111111111111111,7.601878519797524,5.0,40.0,20.0,100.0,1.0,30.0,8.0,42500.0,0.25,75.0,1.975e-06,190000.0,0.28,400.0,7.9e-06,60000.0,59061.990636846975,0,938.0093631530342,100.00000000000004,153.22188449756106,20043167105655.914,8887030384757.762,0.0,136554192953.39615,130811386189.25519,88870303847.57765,88870303847.57758,8796323.428134145,43.099364333669435,1096740378721.0781,100.0,256.9003962076843,1,26749595.963037096,26749595.963037096,1.0710209608078003e-08,15.644474698521663,34.37859298890234,0.13302121116170632,20040390875170.477,13026254.003899012,6.5e-07,8786830281.524353,0.0004646467286398168,113
600.0,200.0,13.666666666666668,188.88888888888889,10.0,40.0,3.111111111111111,7.601878519797524,9.0,20.0,1.0,0.7853981633974483,5.0,10.0,16.0,50000.0,0.25,90.0,1.975e-06,195000.0,0.29,550.0,7.9e-06,120000.0,118034.84017156383,0,1965.159828436242,100.0000000000001,310.59083516291304,197640834295679.5,20817374176360.023,-1.0625,682911456542.6243,636338268616.367,208173741763.60043,208173741763.60004,39843110.1648841,42.689868721735834,4236191465407.6562,100.00000000000001,557.3103399680087,1,35090844.08690175,35090844.08690175,-9.022187441587448e-09,29.241668400187677,34.38922771125744,0.05945121963028771,197635290265785.56,39527057.85346858,2e-07,31782597916.09063,0.00018149507729453934,114
1000.0,200.0,11.555555555555555,104.87489549761482,1.0,20.0,5.222222222222222,21.419068431419294,5.0,50.0,15.25,200.0,7.0,50.0,8.0,20000.0,0.15,120.0,1.8e-06,210000.0,0.31,550.0,7.75e-06,200000.0,196988.02968768668,0,3011.970312313403,99.99999999999991,501.6367363571814,370220927736108.75,14320128064115.523,-0.0625,742873632036.9099,738025947670.028,143201280641.15512,143201280641.15536,133397041.65579052,265.88526372444534,96394615650012.25,100.0,734.1147350469942,1,736758241.0005165,736758241.0005165,2.6542693376541138e-08,-11.940703073792974,87.3845120755916,0.09223721442510067,370211347363144.0,129573971.54342408,3.5e-07,35101128580.88489,0.00010545390893239026,115
600.0,500.0,17.88888888888889,211.11111111111111,10.0,40.0,15.77777777777778,100.0,1.0,10.0,10.5,150.0,5.0,20.0,4.0,27500.0,0.15,120.0,1.975e-06,190000.0,0.3,450.0,7.7e-06,300000.0,296288.8888507653,0,3711.111149234567,250.0000000000002,308.7830470285781,273649701569705.25,191025784327701.56,0.0,939676412301.9974,886219966423.1527,764103137310.8069,764103137310.8057,116496639.9651436,92.02978055705168,27518993898546.75,250.00000000000009,507.97015057265344,1,251394713.05191272,251394713.05191272,-3.1851232051849365e-07,51.990465936934925,31.86852412255892,0.05474646252295795,273639410671222.94,95773793.38502246,3.5e-07,43549678670.590225,0.00017791867362044659,116
300.0,500.0,15.77777777777778,300.0,6.0,10.0,15.77777777777778,188.88888888888889,6.0,40.0,,,,,28.0,27500.0,0.15,120.0,1.8e-06,195000.0,0.28,600.0,7.7e-06,150000.0,147066.66669827228,0,2933.3333017277223,249.99999999999986,154.42936110953113,38098497136897.56,97146602227089.19,0.0,261718279367.88724,246705010389.02625,388586408908.3565,388586408908.357,32430215.81750785,63.65006111156622,9673160899756.922,249.9999999999998,236.34993709047214,1,166523923.4767947,166523923.4767947,3.46451997756958e-07,-0.012660278065595776,17.65614166022761,0.07003317531621323,38086795916513.78,24756417.192378383,6.5e-07,11421538723.783392,0.00037685017742223096,117
700.0,100.0,7.333333333333334,42.23696789826278,3.0,10.0,1.0,0.7853981633974483,4.0,30.0,20.0,100.0,10.0,20.0,4.0,50000.0,0.225,60.0,1.975e-06,210000.0,0.29,550.0,7.8e-06,70000.0,67870.14742674754,0,2129.8525732525177,50.0,352.4347870485695,154648201636459.88,3056858257578.2695,-0.1015625,444947295856.30524,438799480980.7115,61137165151.56539,61137165151.56539,22432912.684548352,168.6692161765989,33424290760715.125,50.00000000000002,531.3307703429456,1,282638339.69211936,282638339.69211936,5.820766091346741e-10,-3.3874096369290783,151.9757522772018,0.22699888316236264,154644769997924.9,100519100.42851506,6.5e-07,20843247078.138905,0.00014834177159240837,118
700.0,1000.0,5.222222222222222,21.419068431419294,4.0,30.0,5.222222222222222,21.419068431419294,7.0,10.0,5.75,25.967226777328133,10.0,10.0,24.0,42500.0,0.2,75.0,2.15e-06,205000.0,0.31,400.0,7.7e-06,700000.0,699245.0457109438,0,754.9542890561481,499.9999999999993,349.8444957488626,1221442490654307.5,2503602349396096.0,29.0,3488285849644.301,3491386903314.681,5007204698792.186,5007204698792.199,234775957.269309,49.65992681740131,27605708614690.625,500.0000000000005,650.3401359186929,1,116371799.13371266,116371799.13371266,2.8870999813079834e-07,4.607477537654631,5.641071820197096,0.0082065216818769,1221442188280427.8,366432656.4934192,3e-07,179813945006.19968,0.0001481815463009467,119
400.0,100.0,20.0,300.0,1.0,50.0,9.444444444444445,70.05557692032795,8.0,40.0,,,,,24.0,50000.0,0.2,90.0,2.15e-06,205000.0,0.31,450.0,7.9e-06,40000.00000228497,39530.72849844455,0,469.27150384040624,50.00000000011758,201.17524008880122,28208968126452.375,1668509994991.3652,-26.35546875,141878547415.58026,140220874666.2889,33370199899.905777,33370199899.748833,8779663.321040219,63.23225208828004,3382755055221.1484,50.00000000060639,336.76774803806063,1,32073786.80189583,32073786.80189583,-0.0005347820988390595,3.3118378172330267,32.872794192230046,0.09252702037475555,28207396894442.195,12693328.61102485,4.5e-07,8473500425.948598,0.00032263795808046595,120
900.0,400.0,1.0,0.7853981633974483,4.0,10.0,13.666666666666668,166.66666666666666,2.0,10.0,,,,,12.0,50000.0,0.2,90.0,2.5e-06,195000.0,0.28,500.0,7.7e-06,360000.0,359663.52505994367,0,336.47494005626925,199.99999999999991,448.85110383839384,1224133753892219.5,241631313628180.88,-0.25,2713369719636.2466,2727260205943.398,1208156568140.9038,1208156568140.9048,170762209.64987624,72.56766472976396,45259858091938.375,199.9999999999997,827.4323323726437,1,146713101.74490184,146713101.74490184,1.862645149230957e-09,-12.521537430846365,6.5290854576162065,0.0073928123686866735,1224132891971934.2,244826578.33217835,2e-07,138038137934.06244,0.00011384775139062109,121
600.0,200.0,20.0,100.0,5.0,30.0,1.0,0.7853981633974483,8.0,50.0,,,,,28.0,42500.0,0.15,105.0,2.15e-06,210000.0,0.3,400.0,7.8e-06,120000.0,119493.716765993,0,506.28323400699696,99.99999999999996,304.1491301375292,158638423497947.06,17152521707457.805,-0.125,536210772581.7798,521581052775.7039,171525217074.57797,171525217074.57812,41499366.388764806,23.758744105866462,431237258787.84375,100.00000000000001,576.241255992316,1,8165686.871853134,8165686.871853134,6.968548404984176e-09,7.579581201761414,13.510957748328886,0.02458773020624001,158637588066986.06,0.0,0.0,29097905832.93979,0.00019166494199241156,122
200.0,300.0,17.88888888888889,255.55555555555557,5.0,50.0,5.222222222222222,21.419068431419294,3.0,30.0,,,,,12.0,35000.0,0.25,120.0,2.15e-06,200000.0,0.32,400.0,7.9e-06,60000.0,58657.964985429404,0,1342.0350145705956,150.00000000000003,103.42089719906319,7380659009123.367,16725729073667.93,-0.03125,76420869474.58965,71365257979.89522,111504860491.11955,111504860491.1195,7370948.190778388,37.146666626376934,524046082249.1992,149.99999999999997,162.85333211765013,1,29440142.869433787,29440142.869433787,1.9907020032405853e-08,13.10875576151193,20.891400596950287,0.12480757069216396,7375439927943.612,1843859.993897998,2.5e-07,5190300314.174348,0.0007475556446028002,123
500.0,1000.0,1.0,0.7853981633974483,8.0,50.0,15.77777777777778,166.66666666666666,1.0,20.0,,,,,8.0,35000.0,0.15,60.0,2.325e-06,205000.0,0.28,400.0,7.9e-06,500000.0,499827.0501397109,0,172.94986028923523,499.99999999999983,249.6531510946077,366021890629299.6,1458426202679967.0,2.5,1462059108112.1284,1466121653279.6465,2916852405359.933,2916852405359.935,107075849.5085618,29.425423049579212,6993933400060.375,500.00000000000017,470.57479470644506,1,31545935.40211723,31545935.40211723,-9.971699987255347e-09,-21.447035694276565,1.614841479184494,0.0034204691259310228,366021437460097.06,0.0,0.0,82000411323.06947,0.00022505656224135147,124
900.0,700.0,17.88888888888889,144.44444444444446,2.0,30.0,17.88888888888889,300.0,1.0,20.0,,,,,8.0,20000.0,0.15,90.0,1.975e-06,210000.0,0.29,400.0,7.9e-06,630000.0,629411.1111023972,0,588.8888976027692,350.0000000000001,449.88689450022093,869881625158023.5,519812796336908.5,-2.5,1932584531597.1377,1933556268902.5972,1485179418105.4534,1485179418105.4524,302664868.79454577,82.22031167935158,41901223127326.125,350.0000000000001,817.7796884301702,1,108487881.10989301,108487881.10989301,-3.289824253605445e-08,22.57279689166171,5.238778832775318,0.006014287836808961,869879423794919.1,86987942.37949191,1e-07,100849764614.66907,0.00011874662419611285,125
700.0,100.0,15.77777777777778,100.0,8.0,40.0,7.333333333333334,42.23696789826278,8.0,10.0,,,,,24.0,35000.0,0.225,120.0,2.325e-06,205000.0,0.28,550.0,7.7e-06,69999.99999801014,69514.35570098538,0,485.6442970247883,50.000000000040906,345.36770974117485,108777995257058.38,2074742468680.496,7.9375,306734604391.6862,314962841600.27203,41494849373.64387,41494849373.57597,32530882.016988873,142.09199890353187,24087523986951.094,50.00000000017504,557.9080203726145,1,127291360.30639815,127291360.30639815,-0.0026924724224954844,-7.114714792660379,28.755102104724077,0.041896700495099234,108777593873055.78,27194398.485861253,2.5e-07,14659684103.509468,0.00014835196509759268,126
800.0,600.0,15.77777777777778,255.55555555555557,2.0,30.0,5.222222222222222,21.419068431419294,10.0,20.0,,,,,16.0,27500.0,0.225,105.0,2.5e-06,195000.0,0.32,600.0,7.7e-06,480000.0,479274.6982044693,0,725.3017955306505,300.0000000000003,401.3107526134292,720314304200766.2,403008139805881.75,-4.25,1806706122431.1035,1794904072492.231,1343360466019.6072,1343360466019.6045,220707523.92537925,58.525556246417764,22724622243916.25,300.0000000000002,741.4745044383645,1,109657498.4369518,109657498.4369518,-3.3527612686157227e-08,17.044781608290577,9.67792188613733,0.012449267062788963,720312206316631.8,252109272.1322459,3.5e-07,93105074493.36682,0.00013252989507047866,127
800.0,700.0,9.444444444444445,70.05557692032795,8.0,40.0,3.111111111111111,7.601878519797524,10.0,50.0,20.0,150.0,1.0,20.0,20.0,50000.0,0.175,90.0,1.8e-06,190000.0,0.31,600.0,7.7e-06,560000.0,559063.53658078,0,936.4634192197469,350.00000000000074,400.864204553495,1504509603766874.0,1151660707391467.5,-20.5,3769417879656.2456,3753165253162.679,3290459163975.6284,3290459163975.6143,234997302.57293153,41.901486508569725,15241245206142.875,349.99999999999983,758.0985141759527,1,117443660.60284828,117443660.60284828,8.568167686462402e-08,17.400810149585595,12.495412117668161,0.016695176524004086,1504508320764350.0,2632889561.7387447,1.75e-06,209601408738.68958,0.00014064419724179054,128
300.0,200.0,11.555555555555555,188.88888888888889,9.0,30.0,15.77777777777778,277.77777777777777,5.0,20.0,10.5,86.59014751456867,1.0,40.0,24.0,27500.0,0.225,120.0,1.975e-06,205000.0,0.31,550.0,7.7e-06,60000.00000243759,56817.302534801056,0,3182.697467636532,99.99999999179504,151.18843862695468,19811121137166.297,6293443802306.547,-2058.578125,133128911183.87756,131035952994.05562,62934438017.90172,62934438028.22922,17225123.35176741,104.228025715166,11546839073630.477,99.9999999846135,195.77197475496067,1,203756581.91463554,203756581.91463554,-0.011941670905798674,-12.552841672390059,45.50316876829941,0.16722275176885154,19799820689832.215,0.0,0.0,4796019289.227048,0.00040996098604021705,129
100.0,900.0,15.77777777777778,144.44444444444446,1.0,50.0,17.88888888888889,255.55555555555557,1.0,20.0,,,,,16.0,50000.0,0.175,75.0,2.325e-06,210000.0,0.29,400.0,7.7e-06,90000.00000120085,89615.44358432211,0,384.5564168787284,450.00000000000006,49.77850338191324,3770037828508.34,303751029517636.9,-0.015625,75068209479.65535,75736263092.99937,675002287816.971,675002287816.9707,4328908.836531792,13.749468525947695,267837757477.62695,449.99999999999994,86.25052716987682,1,9999636.092769295,9999636.092769295,6.547192466153201e-09,24.176963508754852,3.193155879012435,0.04493886306848875,,,,,,130
800.0,300.0,17.88888888888889,255.55555555555557,3.0,40.0,13.666666666666668,188.88888888888889,7.0,20.0,,,,,8.0,20000.0,0.15,75.0,2.5e-06,210000.0,0.32,600.0,7.9e-06,240000.0,237911.1110547643,0,2088.8889452357917,150.0,391.80073541162733,308592861523420.75,38692256734581.17,0.0,755985834111.2035,787627060473.0028,257948378230.54114,257948378230.54114,112547332.10781768,210.36346101186743,110371189082668.5,150.00000000000003,589.6365593544092,1,595893461.6592852,595893461.6592852,-5.029141902923584e-08,-12.127158435192541,49.54288742144919,0.06407788844304207,308585414087240.5,0.0,0.0,33973953326.929367,0.00013383802993293208,131
200.0,800.0,7.333333333333334,42.23696789826278,1.0,10.0,3.111111111111111,7.601878519797524,6.0,30.0,10.5,150.0,3.0,50.0,20.0,35000.0,0.225,120.0,1.8e-06,205000.0,0.3,400.0,7.9e-06,160000.0,159012.15176881832,0,987.8482311816883,400.0000000000003,100.25272227000588,18922956541682.43,317292297899973.6,-0.65625,189709002313.87744,188752545698.6408,793230744749.9346,793230744749.9335,19495273.675240684,29.847895839718866,1307278280625.5586,399.9999999999999,170.15211222115033,1,35071847.69589178,35071847.69589178,1.7136335372924805e-07,18.297927325016644,5.766798283664959,0.03423560987247946,18920719490932.01,6622251.815266601,3.5e-07,10791136466.295712,0.0005790358502424449,132
100.0,300.0,5.222222222222222,21.419068431419294,4.0,50.0,3.111111111111111,7.601878519797524,5.0,40.0,,,,,8.0,35000.0,0.175,120.0,1.8e-06,200000.0,0.3,500.0,7.7e-06,30000.0,29876.314340544097,0,123.68565945590495,150.00000000000009,49.91603955142774,875563927711.1694,7986393981551.109,-0.0107421875,17481922752.698944,17540733110.628483,53242626543.674095,53242626543.674034,1811691.5519752936,13.827312846307533,50194309495.809326,149.99999999999994,86.17284793738663,1,3297631.0699811974,3297631.0699811974,4.0745362639427185e-10,-12.893159952438964,2.4062016425847244,0.04117075069269067,,,,,,133
800.0,400.0,11.555555555555555,144.44444444444446,4.0,10.0,17.88888888888889,122.22222222222224,8.0,10.0,20.0,100.0,5.0,40.0,16.0,35000.0,0.25,105.0,1.8e-06,205000.0,0.29,450.0,7.8e-06,320000.0,317444.4444625955,0,2555.5555374043493,199.99999999999983,397.82270913705213,641450087771291.0,156085796916996.12,0.625,1594943579223.3267,1612401889180.0063,780428984584.98,780428984584.9813,155780769.00603896,152.59296563928305,116650089949358.12,200.0,647.4070398903332,1,512067475.83856493,512067475.83856493,8.288770914077759e-08,-14.644349643618625,26.51134580744596,0.03394297066406091,641445145167613.6,192433543.60094726,3e-07,76955256218.77234,0.0001302515318354973,134
300.0,100.0,3.111111111111111,7.601878519797524,4.0,50.0,13.666666666666668,255.55555555555557,1.0,10.0,10.5,86.59014751456867,5.0,50.0,28.0,20000.0,0.15,75.0,1.975e-06,190000.0,0.28,400.0,7.9e-06,30000.04340297122,28861.488074278222,0,1138.5553286930021,50.0000000000003,139.84969377972035,5701792917290.381,505963104163.2075,0.0390625,35602760006.26447,40770864513.09198,10119262083.264212,10119262083.26409,5825919.726427536,122.6778888458035,3313413026453.0645,50.000000000000576,177.3221147673669,1,69267617.83706504,69267617.83706504,2.9076181817799807e-07,1.9395734129284392,74.39518219901613,0.26272577562113064,5699670566834.222,0.0,0.0,1653454999.930674,0.00037301296471571116,135
500.0,200.0,9.444444444444445,70.05557692032795,5.0,20.0,7.333333333333334,42.23696789826278,4.0,40.0,15.25,300.0,10.0,50.0,32.0,20000.0,0.25,90.0,1.975e-06,190000.0,0.31,550.0,7.8e-06,100000.0,93480.7742553545,0,6519.225744645452,99.99999999999979,255.5176085270082,58888614068219.59,8618291892900.203,0.296875,240870574414.04764,230467929031.1809,86182918929.00185,86182918929.00221,36075777.37634846,183.44715803502515,30073730661677.906,99.99999999999996,316.5528419635393,1,543658395.3060985,543658395.3060985,6.05359673500061e-09,17.53905673720874,136.23290115827297,0.298538132630095,58860919487915.52,11772183.914733311,2e-07,9156574191.717718,0.0002213375683080868,136
100.0,100.0,5.222222222222222,21.419068431419294,1.0,40.0,13.666666666666668,277.77777777777777,10.0,40.0,,,,,28.0,27500.0,0.2,75.0,2.5e-06,190000.0,0.31,450.0,7.7e-06,9999.999996139832,9586.429008474219,0,413.57098766561194,50.00000000084436,49.46460673578591,230811325723.39526,231746794872.54468,-15.40966796875,4567320264.366894,4666191464.055679,4634935897.529164,4634935897.3726225,484924.8416153185,33.31032752491543,65065593348.32727,50.0000000016979,66.689675395422,1,6490991.742734272,6490991.742734272,-0.0020413846941664815,-9.234662343063974,30.959075231858048,0.5823023563235209,,,,,,137
100.0,800.0,5.222222222222222,21.419068431419294,5.0,50.0,9.444444444444445,70.05557692032795,7.0,20.0,5.75,25.967226777328133,5.0,20.0,16.0,35000.0,0.2,120.0,1.975e-06,200000.0,0.32,450.0,7.850000000000001e-06,79999.99999464655,79228.03826202256,0,771.961732623991,399.99999999999994,49.1570210763769,2389152015523.4814,159752767981092.5,-0.0234375,46990795309.466286,48602457252.47216,399381919952.7312,399381919952.7313,5019896.2981878035,22.68989684076159,457734436819.3154,400.00000000000006,77.31010325167259,1,23317152.391778827,23317152.391778827,-1.862645149230957e-08,34.45827120402282,5.070090674940234,0.066723387144551,2388558705005.6377,716567.6065662572,3e-07,4451359337.909595,0.0019149706044338168,138
600.0,300.0,15.77777777777778,255.55555555555557,10.0,10.0,7.333333333333334,42.23696789826278,6.0,10.0,,,,,32.0,35000.0,0.2,90.0,2.5e-06,190000.0,0.31,550.0,7.9e-06,180000.0,177191.0226275528,0,2808.977372447276,150.0000000000002,314.92119121125154,222254246586548.38,50415495349501.56,0.1875,779623878501.7694,705745604897.8887,336103302330.01086,336103302330.00995,63127026.41512305,49.9791259354451,14704710684768.188,149.99999999999977,550.0206794712203,1,82309970.44356401,82309970.44356401,-9.285286068916321e-07,53.13288568467033,16.456683606744786,0.028067112466878475,222244209259920.7,44448841.95248424,2e-07,32251341704.639694,0.00017568009810121758,139
500.0,200.0,17.88888888888889,144.44444444444446,9.0,50.0,1.0,0.7853981633974483,5.0,30.0,,,,,8.0,35000.0,0.15,90.0,1.8e-06,200000.0,0.31,600.0,7.850000000000001e-06,100000.00000115545,98852.80020083064,0,1147.1998003248254,99.9999999985537,259.73046740169957,79486170678350.78,11807327351128.555,-939.6875,330820848647.6784,306033294720.936,118073273509.57787,118073273512.99324,27373846.53291726,38.14908363761387,376879696302.59375,99.99999998925324,461.850910492595,1,20641215.650856238,20641215.650856238,0.012926151601277525,0.25360777671983215,35.483673516105426,0.07557757937402647,79483853428557.52,298064451.6673857,3.7499999999999997e-06,16504497682.994577,0.0002291883408637433,140
600.0,800.0,1.0,0.7853981633974483,4.0,30.0,15.77777777777778,122.22222222222224,2.0,30.0,20.0,100.0,10.0,40.0,8.0,50000.0,0.225,60.0,2.15e-06,210000.0,0.32,450.0,7.9e-06,480000.0,477752.41388248897,0,2247.5861175109258,399.9999999999995,299.6332548622531,728893589684458.8,1324088100024787.5,8.0,2426678723539.09,2432619136415.764,3310220250061.9644,3310220250061.973,124363712.91964915,76.55143797250449,46464533978318.125,400.0000000000002,523.4485542526579,1,315262683.4284628,315262683.4284628,-3.2782554626464844e-07,16.752227576485893,29.481689765852256,0.052448153379149716,728889748203528.9,145777949.61390448,2e-07,133248415323.93289,0.0001855923734248431,141
1000.0,100.0,9.444444444444445,100.0,6.0,20.0,15.77777777777778,144.44444444444446,8.0,30.0,,,,,32.0,50000.0,0.175,90.0,2.5e-06,190000.0,0.3,400.0,7.850000000000001e-06,100000.000003981,98950.42452389192,0,1049.5754800890745,49.999999998876035,501.60026877910076,449035485548957.25,4198731946995.4863,-1962.421875,900954509844.9042,895205831212.7969,83974638938.02203,83974638941.79742,56051610.14567451,156.4103492806201,65682255142855.75,49.999999993926195,843.5896867014512,1,178154433.53612122,178154433.53612122,0.0003395742969587445,-6.470098673984467,27.314257478460885,0.028389919997130364,449034093495022.25,157161932.74384904,3.5e-07,42768614622.06525,0.00010508901832943092,142
600.0,200.0,11.555555555555555,166.66666666666666,1.0,10.0,20.0,300.0,9.0,20.0,1.0,0.7853981633974483,7.0,20.0,20.0,20000.0,0.2,90.0,1.975e-06,210000.0,0.28,550.0,7.7e-06,120000.00000005869,117218.41576723226,0,2781.584232826537,100.00000000000043,257.4642550805964,105378465237907.75,9044561279751.582,-0.359375,307642244060.40485,409293574383.44275,90445612797.5162,90445612797.51544,64067846.37279968,276.13314204519725,77498614730601.97,100.00000000000038,323.86691879683235,1,752720450.7696707,752720450.7696707,-1.7182637748192064e-06,7.185369349628246,105.81714015723007,0.18564410553900013,105365407586700.64,31609622.525142252,3e-07,12458366055.356117,0.00017739825598755534,143
100.0,600.0,7.333333333333334,42.23696789826278,1.0,10.0,3.111111111111111,7.601878519797524,2.0,50.0,1.0,0.7853981633974483,3.0,50.0,8.0,42500.0,0.2,105.0,2.5e-06,195000.0,0.31,600.0,7.7e-06,60000.0,59937.84688042379,0,62.15311957620301,299.99999999999983,50.098164104481725,2133801176440.0547,76687871710483.0,0.0390625,42759973418.76741,42592402627.56789,255626239034.94318,255626239034.94348,3388845.727069257,4.2741524431602365,7909456084.36499,300.0000000000001,95.72584856530823,1,861203.8794971652,861203.8794971652,-1.9586877897381783e-08,-22.47941772174852,0.8287949710263112,0.017108153148931684,2133771640203.7273,426754.32829199574,2e-07,2920494096.660353,0.0013754798696633535,144
1000.0,100.0,7.333333333333334,42.23696789826278,5.0,40.0,11.555555555555555,104.87489549761482,8.0,10.0,,,,,12.0,27500.0,0.25,60.0,2.5e-06,190000.0,0.29,600.0,7.7e-06,99999.99999787012,99081.78259861012,0,918.217399260018,49.99999999972773,482.0335718247181,262655054791858.75,2358695680973.5186,200.9921875,507088955006.51105,544889547418.0127,47173913619.213486,47173913619.72726,50648355.42413904,271.76150517098,95348532323426.5,49.999999999140044,728.238495014031,1,443055416.7563544,443055416.7563544,0.0016138427890837193,-2.457127649366157,101.62785739831983,0.10325702377512626,262653827646615.34,302051902.34053636,1.15e-06,23237695953.87937,0.00010286868217234072,145
400.0,400.0,3.111111111111111,7.601878519797524,7.0,10.0,3.111111111111111,7.601878519797524,2.0,50.0,,,,,20.0,27500.0,0.15,60.0,2.15e-06,190000.0,0.32,450.0,7.9e-06,160000.0,159931.5831037195,0,68.41689628054918,199.99999999999974,200.2862667516796,59027824761718.59,58857591179948.09,0.25,295562171922.97174,294717285009.3757,294287955899.7401,294287955899.74084,27394443.280338645,13.1738281007598,333122589942.5156,200.00000000000009,386.8262765274856,1,2637713.711647717,2637713.711647717,-5.180481821298599e-09,8.465249752961427,1.7977095898691695,0.005159243083828516,59027816910627.695,32465299.292637397,5.5e-07,15552531714.375116,0.00026528242489953015,146
100.0,400.0,3.111111111111111,7.601878519797524,6.0,30.0,20.0,100.0,5.0,20.0,,,,,12.0,50000.0,0.225,120.0,2.5e-06,200000.0,0.29,600.0,7.850000000000001e-06,40000.0,39454.38872896527,0,545.6112710347192,200.0000000000001,49.3400992928321,1698688498899.5508,27841608248168.64,0.01171875,33531224404.06209,34428153231.266975,139208041240.8433,139208041240.8431,2489134.050217227,22.08576358460992,303016852033.59766,200.0,77.91423651451319,1,20472266.821747966,20472266.821747966,-5.587935447692871e-09,15.501603168122529,9.55541440433584,0.13650592006194057,,,,,,147
800.0,400.0,7.333333333333334,42.23696789826278,10.0,20.0,20.0,166.66666666666666,1.0,20.0,15.25,100.0,1.0,10.0,12.0,42500.0,0.15,90.0,2.5e-06,190000.0,0.28,550.0,7.9e-06,320000.0,319210.9636758301,0,789.0363241696933,199.99999999999994,401.0529723287284,737507930463291.2,183196533469941.5,1.25,1848636233156.7249,1838928972850.9556,915982667349.7073,915982667349.7078,135460046.33854428,62.068701292769404,21576664441090.625,199.9999999999998,737.9312987123564,1,115767780.15929854,115767780.15929854,5.587935447692871e-09,-26.356203138813726,14.149244505129506,0.018375642214453904,737506938491189.1,0.0,0.0,95967265884.3939,0.0001327835995021374,148
700.0,700.0,20.0,277.77777777777777,3.0,20.0,1.0,0.7853981633974483,5.0,30.0,,,,,20.0,50000.0,0.2,90.0,1.975e-06,190000.0,0.28,500.0,7.7e-06,490000.0,489162.73962598323,0,837.2603740169292,350.0000000000001,351.5094184636406,1012365947990644.5,1008411751239526.5,-5.5,2905002320371.2334,2880053548537.7373,2881176432112.9336,2881176432112.932,180329074.13326517,13.361126092740374,396384540024.5625,349.99999999999983,686.6389409009576,1,12080295.607676972,12080295.607676972,4.681351128965616e-08,0.004957535181347339,9.309484193458278,0.013905129489855532,1012362447636952.1,202472489.5645481,2e-07,155567453348.9829,0.00015603841038980783,149
900.0,400.0,1.0,0.7853981633974483,8.0,50.0,7.333333333333334,42.23696789826278,6.0,10.0,,,,,8.0,42500.0,0.2,90.0,1.8e-06,200000.0,0.31,400.0,7.75e-06,360000.0,359740.2950234406,0,259.7049765594343,199.99999999999997,448.89051957148683,1040488275861897.5,204656327408250.0,0.0,2306509441729.1514,2317911006129.407,1023281637041.2499,1023281637041.2501,170743044.96498877,69.76285842077108,35720204713316.375,200.00000000000006,830.2371357577147,1,89780750.71547787,89780750.71547787,-3.259629011154175e-09,-12.891839773321408,4.042215473049005,0.004560604144523191,1040488105597818.8,260122026.3398834,2.5e-07,118083407891.25497,0.00011452726244518559,150
600.0,100.0,13.666666666666668,211.11111111111111,4.0,40.0,5.222222222222222,21.419068431419294,2.0,30.0,,,,,20.0,42500.0,0.225,120.0,1.975e-06,200000.0,0.32,400.0,7.8e-06,60000.00000274187,59642.41439715132,0,357.5856055905535,49.99999999993048,304.1230886020366,80115893852925.94,2128712232256.8652,-42.0234375,270774402349.9273,263432461577.3004,42574244645.07811,42574244645.1965,22407062.363788296,46.162216746766326,2467700977434.3438,49.99999999930751,553.8377843309464,1,14556959.205948522,14556959.205948522,0.0003624015371315181,4.3536917790006555,16.6996593593343,0.029432475121968955,80115112841873.83,20028778.226587582,2.5e-07,14204756235.107115,0.00018763584946904905,151
300.0,400.0,15.77777777777778,100.0,5.0,20.0,15.77777777777778,100.0,7.0,40.0,,,,,12.0,27500.0,0.175,75.0,1.975e-06,195000.0,0.28,500.0,7.8e-06,120000.0,118800.00000524393,0,1199.9999947561262,199.99999999999983,149.5013646925708,27222063603055.297,46447766405459.97,0.125,180879139185.8655,182085719812.8844,232238832027.29965,232238832027.30005,18922903.082920007,64.13498598815877,5902301812079.883,199.99999999999994,235.86501402249218,1,86795571.75426275,86795571.75426275,2.2351741790771484e-08,-20.447609259172168,20.906249472210867,0.08292474452746697,27220201507694.5,6805050.370813601,2.5e-07,10035294228.685629,0.00040950668831716327,152
1000.0,700.0,11.555555555555555,104.87489549761482,7.0,10.0,13.666666666666668,255.55555555555557,7.0,30.0,,,,,32.0,42500.0,0.225,75.0,1.8e-06,190000.0,0.32,600.0,7.8e-06,700000.0,697476.9868529657,0,2523.0131470339356,350.0000000000004,497.68348233414076,2561004983255954.0,1231675038658494.5,-13.0,5098388950370.001,5145850875429.527,3519071539024.274,3519071539024.266,346029271.08912003,134.43382576925853,259060445417275.0,349.99999999999994,865.5659787397443,1,1021092851.1059266,1021092851.1059266,-3.725290298461914e-07,17.343830417172285,25.55031255391251,0.026527405314224258,2560996907729795.5,896348917.3914254,3.5e-07,254511706059.77765,0.00010335906238360667,153
600.0,300.0,7.333333333333334,42.23696789826278,3.0,10.0,17.88888888888889,144.44444444444446,4.0,50.0,,,,,4.0,50000.0,0.225,105.0,2.5e-06,190000.0,0.29,500.0,7.8e-06,180000.0,179295.51133634176,0,704.4886636582287,150.0,298.4152230380612,276132801710041.62,68093374829619.06,-0.0625,915605901901.6423,925330815562.3899,453955832197.4604,453955832197.4604,62580007.44133414,81.07568461932752,25973532537222.438,150.0,518.9241208673897,1,154655025.87185928,154655025.87185928,-8.381903171539307e-09,-13.67861513546086,13.068623212754453,0.024153939601732444,276131458803713.2,55226291.77516195,2e-07,46921766558.57822,0.00017488464436076447,154
700.0,700.0,5.222222222222222,21.419068431419294,4.0,50.0,11.555555555555555,104.87489549761482,8.0,40.0,,,,,8.0,20000.0,0.2,60.0,2.15e-06,205000.0,0.32,600.0,7.75e-06,490000.0,489075.32460803294,0,924.6753919669611,350.0000000000005,345.7370495607481,415753886577120.0,407103321647929.0,-2.0,1173574278827.7048,1202514706206.138,1163152347565.5132,1163152347565.5098,153691541.21329394,114.54282284624523,57169516444812.125,349.9999999999997,585.4571613640128,1,327475653.61368936,327475653.61368936,-3.725290298461914e-09,15.246643821963517,18.50711888065537,0.028288734691132925,415752420801804.4,124725726.3255538,3e-07,65616382924.39418,0.00016425179050116192,155
100.0,900.0,1.0,0.7853981633974483,8.0,30.0,15.77777777777778,144.44444444444446,10.0,30.0,,,,,12.0,50000.0,0.2,120.0,1.8e-06,200000.0,0.29,600.0,7.8e-06,90000.0,88549.27239224772,0,1450.727607752366,450.00000000000074,49.447666045501364,3783189795064.2227,318815229740326.25,-0.46875,74837094533.94205,76508965895.03255,708478288311.8373,708478288311.835,5531550.614317564,22.548045205998168,627535757815.7236,449.9999999999999,77.45195480717459,1,49571469.84493058,49571469.84493058,2.2351741790771484e-08,13.265980581156327,11.2916033547123,0.18179683430090793,,,,,,156
1000.0,600.0,9.444444444444445,70.05557692032795,8.0,40.0,20.0,255.55555555555557,2.0,20.0,,,,,16.0,27500.0,0.2,120.0,1.975e-06,205000.0,0.3,500.0,7.8e-06,600000.0,598928.4442941356,0,1071.5557058643099,299.9999999999997,500.1588413506604,1415662293536421.0,504394356858011.0,2.0,2832224335750.57,2830425409882.7437,1681314522860.0352,1681314522860.0383,372069082.6388603,101.69035481768711,85107606911940.0,300.00000000000006,898.3097673506891,1,257947162.46986514,257947162.46986514,1.7136335372924805e-07,23.872571843879996,10.42574784631051,0.010748193655990217,1415659522199897.2,283131904.44263095,2e-07,145857450952.8805,0.00010638543592129425,157
1000.0,600.0,1.0,0.7853981633974483,1.0,10.0,1.0,0.7853981633974483,3.0,20.0,,,,,28.0,35000.0,0.175,120.0,1.975e-06,200000.0,0.32,400.0,7.9e-06,600000.0,599996.8584087733,0,3.1415912267519097,299.9999999999996,499.9941438819061,1750120437093132.0,630020247338496.2,5.0,3500199879018.576,3500281870314.253,2100067491128.318,2100067491128.3237,361526000.8795265,6.612206151575009,448058509428.9219,300.00000000000006,993.387795839684,1,939283.2731668854,939283.2731668854,5.340552888810635e-09,25.684517298099536,0.024951998892272922,2.547422041069211e-05,1750120437055061.8,0.0,0.0,178752171508.7664,0.00010214524306252396,158
500.0,300.0,11.555555555555555,104.87489549761482,8.0,40.0,7.333333333333334,42.23696789826278,4.0,50.0,5.75,25.967226777328133,5.0,30.0,28.0,27500.0,0.25,120.0,1.975e-06,190000.0,0.29,550.0,7.75e-06,150000.0,148732.38070868497,0,1267.6192913150894,150.0,255.22269294544418,92941912398389.69,32486422244632.156,-0.34375,379699872985.67206,364160064788.0349,216576148297.5477,216576148297.5477,47870083.68646787,66.47984531456339,7530234460498.406,149.99999999999997,433.5201546945975,1,87987219.67470922,87987219.67470922,-3.4924596548080444e-08,-28.209336589115992,24.848577283683568,0.05567268996003986,92940371945049.66,23235093.020191554,2.5e-07,20812204385.90664,0.00024416657699898053,159
700.0,100.0,7.333333333333334,42.23696789826278,8.0,30.0,7.333333333333334,42.23696789826278,5.0,40.0,15.25,150.0,7.0,30.0,32.0,42500.0,0.15,90.0,2.15e-06,195000.0,0.28,600.0,7.9e-06,69999.9999984057,67424.35382062325,0,2575.646177782493,49.999999999875655,351.3342319465313,136303449703145.56,2541546649492.09,-122.1484375,390928683547.2851,387959490733.28345,50830932989.715385,50830932989.96821,28578053.51271064,190.53418128018424,39345321822730.625,49.99999999967304,509.4660127701522,1,400016402.8033621,400016402.8033621,-0.0007623891578987241,-5.989352205735486,144.83815721697,0.22067774084393643,136298286041201.05,402079943.9496052,2.9499999999999997e-06,18790006749.369545,0.00015793180266919065,160
400.0,100.0,1.0,0.7853981633974483,9.0,50.0,20.0,166.66666666666666,8.0,40.0,20.0,100.0,10.0,10.0,4.0,35000.0,0.175,75.0,2.5e-06,190000.0,0.32,450.0,7.850000000000001e-06,39999.999990314,36987.96247220849,0,3012.0375181054706,50.00000001708239,187.53031436058575,23805430478768.562,1516506043080.1416,-4385.90234375,112041538571.15007,126941772373.90627,30330120871.965054,30330120851.240612,10365281.112424023,167.00041544586867,14500373620054.86,50.00000002825822,232.99958483966606,1,211504371.5639432,211504371.5639432,-0.07553014764562249,-4.674580633069127,149.91270512994325,0.4283220146569807,23800468312602.844,4760093.6857998,2e-07,5823939085.439879,0.0003267994246830141,161
600.0,400.0,13.666666666666668,166.66666666666666,6.0,20.0,13.666666666666668,211.11111111111111,1.0,30.0,,,,,16.0,35000.0,0.2,105.0,1.8e-06,200000.0,0.28,550.0,7.8e-06,240000.0,238788.88885694856,0,1211.111143051429,200.0000000000002,304.1751424971336,266577609296935.0,114311749056166.19,-1.125,901133229800.8527,876395116012.6344,571558745280.8315,571558745280.8303,84672131.70719834,50.37866948362485,11793455895084.5,199.99999999999974,549.6213356619869,1,71915925.684313,71915925.684313,-1.516458658628388e-08,42.91889996966347,16.469314635582354,0.029244121880725255,266574247035154.62,26657424.703515463,1e-07,45629473063.92684,0.00018261925816154,162
100.0,300.0,3.111111111111111,7.601878519797524,5.0,10.0,17.88888888888889,122.22222222222224,10.0,10.0,5.75,25.967226777328133,5.0,50.0,16.0,27500.0,0.15,105.0,1.8e-06,210000.0,0.32,550.0,7.9e-06,30000.0,28480.096187335166,0,1519.9038126648377,149.9999999999999,44.11696427763972,890359481133.2112,7423879359395.465,0.013671875,15932553942.787233,20181793913.333286,49492529062.6364,49492529062.63647,2481622.1831840314,46.138544430223426,607622763686.1289,150.00000000000006,53.86145570116279,1,48020470.66224949,48020470.66224949,2.3865140974521637e-08,-14.331434611986879,32.3004625957009,0.39849782529017386,887745529604.0327,221936.39212903072,2.5e-07,884338393.3268195,0.0013228291176849052,163
800.0,100.0,1.0,0.7853981633974483,4.0,20.0,1.0,0.7853981633974483,6.0,10.0,10.5,86.59014751456867,7.0,40.0,4.0,50000.0,0.25,60.0,1.975e-06,195000.0,0.31,500.0,7.7e-06,80046.87942490286,78826.76346118412,0,1220.1159637186063,49.99999999999988,399.764580440578,220091415086891.0,3338543827798.1836,0.5625,549904891798.8492,550552564822.8506,66770876555.96351,66770876555.96384,28146108.074972972,154.87700310740843,30085410738280.125,50.00000000000006,645.1229970675195,1,208274882.21931672,208274882.21931672,-1.2241798685863614e-09,-3.7075091717565556,119.31439576842102,0.15112653042231922,220089786118659.47,55022446.5262641,2.5e-07,27200244031.86633,0.00012835739165955053,164
300.0,400.0,1.0,0.7853981633974483,6.0,30.0,15.77777777777778,188.88888888888889,10.0,40.0,10.5,86.59014751456867,3.0,50.0,24.0,27500.0,0.2,75.0,1.8e-06,190000.0,0.32,550.0,7.8e-06,120000.0,117586.85787844361,0,2413.1421215564183,199.99999999999974,141.73462178494114,27893450965778.78,48307595638555.875,0.1875,176244806541.80585,196800546080.42404,241537978192.77905,241537978192.7797,20452112.68611567,102.35059363030855,12341093076327.953,200.00000000000034,197.64940243001223,1,264215051.88593364,264215051.88593364,-8.987262845039368e-08,-12.591380263438623,59.418389216899875,0.23568334204380487,27887376455904.906,8366212.814703907,3e-07,10308353575.365524,0.0004216094415325806,165
100.0,900.0,7.333333333333334,42.23696789826278,4.0,50.0,13.666666666666668,277.77777777777777,5.0,20.0,,,,,28.0,27500.0,0.225,120.0,2.15e-06,195000.0,0.32,600.0,7.9e-06,90000.0,88442.16320737066,0,1557.8367926293583,449.9999999999992,47.99219480883471,2181944678696.128,190366605116191.44,0.125,41954177275.429054,45464573716.35901,423036900258.20245,423036900258.2039,5976473.422033515,31.25554975918074,750278513283.0078,450.00000000000006,68.74444600060299,1,61369725.34855614,61369725.34855614,-1.341104507446289e-07,18.38614238455193,12.125331350322892,0.16572206874829612,,,,,,166
600.0,900.0,9.444444444444445,70.05557692032795,4.0,20.0,9.444444444444445,70.05557692032795,2.0,50.0,10.5,100.0,7.0,20.0,16.0,35000.0,0.225,60.0,1.8e-06,205000.0,0.3,500.0,7.8e-06,540000.0,538179.6665191979,0,1820.3334808016257,450.0000000000004,300.5643772049687,576123385343011.2,1327784967686843.5,-3.5,1924030881714.3555,1916805280454.5303,2950633261526.3213,2950633261526.3164,139990807.23488772,68.43708983985361,28311082391800.125,449.9999999999999,531.5629044265835,1,231065019.20039338,231065019.20039338,-3.91155481338501e-07,-3.2794838059562608,20.8171928181023,0.03817722574478789,576120621202605.5,144030155.26270652,2.5e-07,102755148286.11584,0.00018158934089828178,167
200.0,900.0,13.666666666666668,122.22222222222224,10.0,10.0,1.0,0.7853981633974483,8.0,50.0,,,,,28.0,27500.0,0.2,75.0,2.325e-06,210000.0,0.28,450.0,7.7e-06,180000.0,178771.49455350405,0,1228.5054464959762,449.9999999999998,103.57427600355577,17981683604258.53,351256688517510.5,-0.46875,186482225478.76974,173611482484.71667,780570418927.8007,780570418927.8015,18042234.50645301,11.34209413182801,47458730665.828125,450.00000000000006,188.65790447580363,1,6442949.410760675,6442949.410760675,-3.240129444748163e-07,-3.95163065364045,10.270605568276826,0.0686997027978383,17979186961931.297,5393756.125567455,3e-07,9780285421.391098,0.0005984616409774138,168
300.0,200.0,5.222222222222222,21.419068431419294,10.0,10.0,7.333333333333334,42.23696789826278,10.0,10.0,20.0,100.0,10.0,50.0,28.0,27500.0,0.2,105.0,2.5e-06,195000.0,0.32,600.0,7.7e-06,60000.0,57363.43951978526,0,2636.5604802147764,99.9999999999998,147.8297889069955,16071695900622.555,6133665439894.691,0.0390625,105616570977.87515,108717573226.96156,61336654398.94679,61336654398.94704,13368283.443015391,104.39023426337543,7866515473167.914,100.00000000000009,195.6097731936437,1,198025994.4020223,198025994.4020223,1.0943040251731873e-08,10.037322387277527,65.20279427204342,0.2277163944568012,16068244405024.232,3213648.8673870536,2e-07,4416933255.473908,0.00036460787053574644,169
900.0,500.0,15.77777777777778,144.44444444444446,5.0,10.0,9.444444444444445,70.05557692032795,1.0,20.0,15.25,300.0,5.0,50.0,8.0,35000.0,0.15,90.0,1.975e-06,195000.0,0.32,500.0,7.8e-06,450000.0,446207.7221043063,0,3792.2778956936622,249.99999999999974,452.86156512069306,1106216382465265.0,348034137535589.75,1.75,2473990818444.9824,2442725255720.134,1392136550142.3577,1392136550142.3604,218495135.7437698,141.19230739312826,104003453024175.75,250.00000000000023,758.807695404319,1,672061911.6863236,672061911.6863236,-2.2351741790771484e-08,-17.99688898396562,41.87778768379162,0.0478451398360437,1106200722116856.1,0.0,0.0,122223209241.96304,0.00011559166390656091,170
600.0,1000.0,9.444444444444445,70.05557692032795,3.0,40.0,17.88888888888889,166.66666666666666,9.0,10.0,20.0,250.0,10.0,10.0,32.0,50000.0,0.15,90.0,2.15e-06,190000.0,0.32,550.0,7.75e-06,600000.0,593289.8331324256,0,6710.166867574463,499.99999999999875,298.04350702070104,932249435403548.0,2686165000956724.0,18.0,3087363435061.0225,3127897147374.518,5372330001913.435,5372330001913.462,195847329.59444743,113.36882372251439,143223882887599.5,500.0000000000002,486.6311842003181,1,1248157044.6304688,1248157044.6304688,-1.341104507446289e-07,-38.902085997731774,54.440523583803824,0.09369245858656856,932226533815519.1,186445306.58150542,2e-07,158323788746.76202,0.00017753641432479008,171
200.0,200.0,1.0,0.7853981633974483,5.0,20.0,9.444444444444445,70.05557692032795,5.0,10.0,1.0,0.7853981633974483,5.0,20.0,12.0,50000.0,0.15,60.0,1.8e-06,190000.0,0.3,450.0,7.75e-06,40000.0,39637.94116304912,0,362.0588369508422,100.00000000000006,97.98048397694042,7020344585679.602,6814572403082.027,0.00390625,68813741324.67738,71650437931.41327,68145724030.82031,68145724030.82024,3663012.57771018,43.600073020276454,1620321033788.0566,99.99999999999996,156.39994738962534,1,28219680.015589368,28219680.015589368,-9.713403414934874e-10,2.83807001648438,18.838621415821123,0.10167771679819995,7019973465640.07,2456990.694337742,3.5e-07,3818905232.2564206,0.0005821504231138298,172
300.0,200.0,17.88888888888889,277.77777777777777,8.0,20.0,15.77777777777778,300.0,4.0,50.0,20.0,250.0,5.0,10.0,20.0,35000.0,0.15,75.0,1.975e-06,210000.0,0.31,550.0,7.7e-06,60000.0,54077.77792568576,0,5922.222074314244,99.99999999999996,160.86135148717574,24079081653522.33,11703907666360.496,0.0390625,173058182689.64273,149688420685.94687,117039076663.6049,117039076663.60501,12222631.925403625,95.88911048462263,11345700094907.812,99.99999999999999,204.11088951807187,1,257896953.55485725,257896953.55485725,-3.702007234096527e-08,-17.47412607453589,75.48328675084046,0.3117712625375564,24052305797300.55,0.0,0.0,5933731206.755207,0.00040465497493862143,173
1000.0,100.0,9.444444444444445,70.05557692032795,3.0,40.0,5.222222222222222,21.419068431419294,6.0,50.0,1.0,0.7853981633974483,10.0,50.0,32.0,50000.0,0.25,75.0,2.15e-06,200000.0,0.29,600.0,7.7e-06,100000.00052728396,99780.40832262089,0,219.59220466303617,50.00000000000841,501.4632955317203,423074206133524.25,4167327001510.9766,-19.53125,848632011126.9623,843679307944.0098,83346540030.23355,83346540030.2055,48222749.07956794,61.82915307340732,8776158027244.875,50.000000000121894,938.1708469428457,1,34804668.03108696,34804668.03108696,-0.00021583026256166704,-4.5264801922645574,23.26202836030904,0.024553832782293727,423074060188935.5,42307406.01889355,1e-07,45544484840.130486,0.00010973269496899367,174
1000.0,300.0,7.333333333333334,42.23696789826278,10.0,20.0,3.111111111111111,7.601878519797524,2.0,20.0,1.0,0.7853981633974483,5.0,40.0,12.0,35000.0,0.2,120.0,1.8e-06,195000.0,0.29,600.0,7.9e-06,300000.0,299554.5725975807,0,445.4274024189051,149.9999999999997,502.93484263569417,890862928143139.5,79105204897317.19,2.875,1792245774913.9998,1771328714221.625,527368032648.78015,527368032648.78235,182951376.49532342,25.552531828096285,3174698008679.0625,150.0,974.447468926011,1,16053854.794043293,16053854.794043293,1.0521034710109234e-08,12.961788655277246,10.401174443985772,0.01063031682844298,890862649115568.8,222715662.32542977,2.5e-07,91284025894.31924,0.0001045981603298073,175
700.0,400.0,20.0,100.0,1.0,50.0,15.77777777777778,166.66666666666666,4.0,50.0,10.5,86.59014751456867,7.0,50.0,24.0,35000.0,0.15,105.0,2.15e-06,205000.0,0.28,450.0,7.9e-06,280000.0,278021.0713234528,0,1978.9286765469064,200.00000000000088,347.19886646198705,415555256808948.25,136259297151739.88,-3.75,1177873927562.5762,1196879647227.8955,681296485758.7024,681296485758.6964,115635458.56899147,132.42930065652996,63575156288181.125,199.99999999999986,567.5707077962064,1,375073861.11686105,375073861.11686105,-1.3317912817001343e-07,15.241265890959767,29.705469638324278,0.04626219532044958,415551568946401.2,0.0,0.0,68016169186.52806,0.00017090916442085173,176
900.0,600.0,7.333333333333334,42.23696789826278,8.0,10.0,5.222222222222222,21.419068431419294,10.0,20.0,,,,,28.0,35000.0,0.15,120.0,2.15e-06,210000.0,0.29,550.0,7.9e-06,540000.0,539447.9135590831,0,552.0864409170467,300.0000000000002,450.51489067302424,1293849890779879.5,570253007575949.0,6.0,2878515581344.1523,2871935906151.73,1900843358586.498,1900843358586.495,296627397.85014457,57.172126442551814,31680900600353.5,299.9999999999995,842.827883966726,1,105111152.69642667,105111152.69642667,-7.916241884231567e-09,20.184823625299032,5.908833522650329,0.006734566162830831,1293849575516584.2,258769915.11309773,2e-07,145882223210.67242,0.00011457234279394595,177
500.0,200.0,7.333333333333334,42.23696789826278,6.0,50.0,3.111111111111111,7.601878519797524,3.0,10.0,10.5,86.59014751456867,5.0,50.0,28.0,20000.0,0.175,60.0,1.975e-06,195000.0,0.3,550.0,7.8e-06,100000.0,98857.87109887633,0,1142.1289011236315,99.99999999999983,252.07508214719937,45253345193568.5,7021990267002.641,0.0078125,182528426692.61896,179523278572.78168,70219902670.02629,70219902670.02652,22944592.04957496,113.28059886351409,8699495721746.078,99.99999999999997,386.7193709444767,1,122779965.94589213,122779965.94589213,6.51925802230835e-09,-5.550278119109862,56.26766639050351,0.11519767913047126,45252012873427.97,9050402.57925051,2e-07,8731574092.168816,0.00020985767694275202,178
800.0,300.0,20.0,144.44444444444446,10.0,40.0,3.111111111111111,7.601878519797524,5.0,40.0,,,,,8.0,42500.0,0.25,120.0,2.5e-06,210000.0,0.29,550.0,7.9e-06,240000.0,238517.54614353512,0,1482.453856464934,150.0,407.8862979454474,573809151785918.2,77525918968651.31,-0.25,1463374395690.175,1406787025394.6658,516839459791.0087,516839459791.0087,119658619.22197787,38.23219064525772,4423299200013.3125,150.00000000000009,761.7678802540532,1,41961510.30786167,41961510.30786167,6.408663466572762e-08,42.45192422464788,28.197507654831096,0.03717807925090952,573805659461066.9,172141698.00311688,3e-07,75404590758.10387,0.00014008477527649885,179
500.0,200.0,11.555555555555555,104.87489549761482,7.0,10.0,15.77777777777778,144.44444444444446,9.0,50.0,10.5,86.59014751456867,7.0,30.0,12.0,27500.0,0.15,75.0,1.8e-06,205000.0,0.29,550.0,7.9e-06,100000.0,96753.6137472271,0,3246.3862527729702,99.99999999999997,247.21060781764098,75475678128449.81,10683807229818.797,-0.09375,298571381800.7151,305309221132.31366,106838072298.18794,106838072298.188,31728664.981226932,162.45348304891724,35384457984067.72,99.99999999999997,337.54661449412833,1,416453010.2264807,416453010.2264807,4.423782229423523e-09,-7.801182796203648,84.6500061133305,0.1914677193293396,75469646343579.17,15093929.277994025,2e-07,11930695376.846128,0.00021361864380206616,180
200.0,400.0,13.666666666666668,277.77777777777777,7.0,50.0,15.77777777777778,300.0,2.0,30.0,,,,,24.0,20000.0,0.15,120.0,1.8e-06,210000.0,0.29,600.0,7.8e-06,80000.0,77455.55562443812,0,2544.4443755618713,199.99999999999963,104.25594189258672,6434680303328.605,27705649169896.797,0.0859375,67207098075.05412,61720034239.94919,138528245849.48373,138528245849.48425,11155800.15105976,57.268563313046755,1897458716263.6992,200.00000000000009,142.7314367727082,1,86648597.84095176,86648597.84095176,3.3527612686157227e-08,-48.49461554031586,34.188349205577296,0.2108945461992569,6422646038498.147,2247926.135641894,3.5e-07,4266586798.36894,0.0008044286222275992,181
900.0,500.0,3.111111111111111,7.601878519797524,8.0,30.0,20.0,188.88888888888889,5.0,50.0,,,,,32.0,42500.0,0.225,105.0,1.8e-06,190000.0,0.28,450.0,7.8e-06,450000.0,448994.7405314691,0,1005.2594685308045,249.99999999999997,447.3758674850243,1313565903944838.5,401137510590557.75,2.0,2902111950253.5083,2936157265990.235,1604550042362.2307,1604550042362.2312,233614057.6961515,110.68226195276624,105110582080877.5,249.99999999999991,789.3177381809705,1,355433514.67160165,355433514.67160165,2.0489096641540527e-08,0.011851138042402454,12.071660416574419,0.014371024305445738,1313563199165790.0,328390799.8673114,2.5e-07,153863393202.92603,0.00011965875687158887,182
1000.0,400.0,7.333333333333334,42.23696789826278,8.0,10.0,3.111111111111111,7.601878519797524,8.0,10.0,10.5,86.59014751456867,5.0,40.0,32.0,50000.0,0.175,75.0,2.5e-06,195000.0,0.3,550.0,7.8e-06,400000.0,398735.3877581691,0,1264.612241830775,199.99999999999997,500.960598966905,1686969204414709.0,270282519831209.88,-1.5,3380432889512.1323,3367468834662.095,1351412599156.049,1351412599156.0496,192476694.77980378,87.6682975702394,52152031082947.0,200.00000000000037,912.3317024327861,1,266613910.0537132,266613910.0537132,1.816079020500183e-07,-10.406834985442401,21.4120677078082,0.021662388644254443,1686967812484709.0,0.0,0.0,170182924663.91208,0.00010242073673076403,183
100.0,100.0,1.0,0.7853981633974483,6.0,10.0,7.333333333333334,42.23696789826278,3.0,10.0,,,,,4.0,42500.0,0.2,120.0,2.15e-06,200000.0,0.29,500.0,7.8e-06,10000.0,9868.576694763437,0,131.42330523656398,50.000000000000014,48.43888809627447,380650171940.9828,372336956832.584,0.0001220703125,7382505106.789193,7858358994.211912,7446739136.651682,7446739136.651677,668417.0166654806,26.587482060618875,117363519872.62048,49.999999999999986,73.4125179613484,1,5265658.069580206,5265658.069580206,3.4924596548080444e-10,4.583479151868232,7.5275885692671105,0.08719214558996652,380564942090.468,95141.23308736544,2.5e-07,444948545.3660248,0.0012766085481736708,184
1000.0,900.0,17.88888888888889,100.0,3.0,40.0,15.77777777777778,233.3333333333333,5.0,50.0,5.75,25.967226777328133,1.0,30.0,4.0,27500.0,0.175,60.0,2.5e-06,205000.0,0.29,500.0,7.7e-06,900000.0,898481.398913572,0,1518.6010864282077,449.99999999999994,497.30235340328414,2113633108142245.0,1695816564010309.0,3.0,4204581267590.23,4250197276722.332,3768481253356.2417,3768481253356.2427,395062638.500201,125.57617088189114,177571274011886.0,449.99999999999994,874.4238291254196,1,563126988.9209466,563126988.9209466,1.5366822481155396e-07,19.227097895556653,19.700015804614328,0.020910501497783694,2113628155200862.8,1162495485.6641972,5.5e-07,228209189926.97568,0.00011091672210453744,185
1000.0,300.0,15.77777777777778,144.44444444444446,2.0,20.0,9.444444444444445,100.0,9.0,30.0,,,,,12.0,27500.0,0.15,105.0,1.8e-06,210000.0,0.3,550.0,7.9e-06,300000.0,298811.11112101615,0,1188.8888789836444,149.99999999999957,493.9138659101653,734496885543189.0,63572524108462.34,3.125,1451327819648.9956,1487095091346.9226,423816827389.74774,423816827389.7502,182858282.2239853,183.87187370239087,133782741607859.25,150.00000000000006,816.1279137445812,1,473213538.1756719,473213538.1756719,-9.872019290924072e-08,-15.348513049531903,23.518932117738828,0.024364936870876625,734494683679263.4,330522607.8360276,4.5e-07,72446552276.51709,0.00010603286293709068,186
100.0,800.0,13.666666666666668,188.88888888888889,4.0,30.0,11.555555555555555,188.88888888888889,4.0,10.0,,,,,28.0,20000.0,0.225,75.0,1.975e-06,205000.0,0.28,400.0,7.9e-06,80000.0,78488.88889786339,0,1511.1111021365944,400.00000000000045,48.434151796475035,1520861204222.8242,107043218247109.31,-0.0234375,29493574860.24753,31400595402.467857,267608045617.7736,267608045617.77298,4486962.6965615135,32.78440420503396,604931140976.7002,399.99999999999994,67.21565842055118,1,32789408.89076546,32789408.89076546,-1.1175870895385742e-08,0.02194536202296149,14.113696155925595,0.16757686703566654,1516204870941.9556,530671.691585741,3.5e-07,1920641242.6941085,0.0014524366677843268,187
600.0,100.0,1.0,0.7853981633974483,7.0,50.0,5.222222222222222,21.419068431419294,10.0,10.0,10.5,100.0,10.0,50.0,16.0,42500.0,0.25,90.0,1.8e-06,195000.0,0.28,550.0,7.75e-06,60021.699639308325,57971.17388046421,0,2050.5257588441773,49.99999999996622,297.25382581577685,83233898241890.0,2135889192423.0664,22.0703125,274929645159.58374,280009510435.9539,42717783848.43247,42717783848.49019,20626191.55979856,171.25348952960192,24891820088866.594,49.999999999912895,428.7465085032967,1,278152619.73972136,278152619.73972136,0.0002661222970345989,-6.261944873520406,131.66216081388424,0.22414819767132454,83230786380187.95,16646157.252504371,2e-07,13098738005.820759,0.0001735941884036305,188
500.0,1000.0,17.88888888888889,166.66666666666666,10.0,10.0,17.88888888888889,277.77777777777777,1.0,20.0,5.75,25.967226777328133,3.0,40.0,16.0,50000.0,0.2,75.0,1.8e-06,210000.0,0.29,600.0,7.8e-06,500000.0,497899.75218696304,0,2100.247813036756,499.9999999999995,252.04904823669082,537352711927594.5,2110650383730893.0,5.0,2167173419203.2646,2131937080051.9133,4221300767461.7817,4221300767461.7905,121856570.25926839,33.74852370328572,13598296230372.812,500.0000000000001,466.25165978206047,1,105759404.52354318,105759404.52354318,4.973262548446655e-07,69.23460278209313,13.2639724636327,0.02815797905082427,537346713367581.4,161204013.80261552,3e-07,111618173218.09497,0.00021593626584608442,189
1000.0,500.0,7.333333333333334,42.23696789826278,1.0,10.0,11.555555555555555,104.87489549761482,4.0,20.0,15.25,100.0,1.0,30.0,4.0,20000.0,0.25,120.0,2.325e-06,210000.0,0.28,550.0,7.8e-06,500000.0,499338.26346038753,0,661.7365396124569,250.0,496.6753116915889,853046448224458.5,212080326283425.5,1.5,1694823377512.8394,1717513289152.8916,848321305133.702,848321305133.702,310437854.52369744,132.90768762587066,75770073029788.25,250.0,867.0923853596217,1,278001444.30402946,278001444.30402946,-1.1175870895385742e-08,-24.204246483321185,8.350824705182207,0.00857178630680521,853045348638341.4,255913604.65883237,3e-07,85612580733.67853,0.00010284768848658174,190
400.0,400.0,1.0,0.7853981633974483,4.0,40.0,3.111111111111111,7.601878519797524,7.0,50.0,10.5,86.59014751456867,5.0,40.0,32.0,20000.0,0.15,90.0,1.8e-06,200000.0,0.31,600.0,7.8e-06,160000.0,159077.743746012,0,922.256253987979,199.9999999999991,199.86034252551497,43719028554758.5,46515132048163.67,1.125,218442607059.68307,218747891664.2863,232575660240.8173,232575660240.81943,34241207.765435815,76.36845896702744,5305437338445.469,200.00000000000009,323.6315411971377,1,106932555.1759899,106932555.1759899,6.51925802230835e-08,12.920746916344797,21.526363082553484,0.06177846548746409,43717828752067.69,13115348.626560494,3e-07,13379686289.098743,0.0003135700211256665,191
900.0,700.0,17.88888888888889,300.0,6.0,30.0,9.444444444444445,70.05557692032795,6.0,20.0,,,,,16.0,50000.0,0.225,105.0,2.5e-06,195000.0,0.28,450.0,7.8e-06,630000.0,627779.6665325814,0,2220.3334674187054,350.0000000000004,452.55689941640594,2181172019221489.0,1301050780986213.5,-8.0,4874747239093.899,4819663609226.19,3717287945674.9,3717287945674.8916,325953247.7007043,59.31250254873478,57121587781526.0,349.9999999999997,840.6874877050969,1,188647620.36600068,188647620.36600068,-7.450580596923828e-09,26.701083582738647,19.045422225232524,0.021759289116531945,2181163181957637.5,545290795.6114581,2.5e-07,248583217563.9434,0.00011777123776628372,192
100.0,400.0,20.0,122.22222222222224,7.0,50.0,1.0,0.7853981633974483,4.0,50.0,10.5,86.59014751456867,1.0,20.0,4.0,20000.0,0.25,75.0,2.325e-06,205000.0,0.29,450.0,7.7e-06,39999.999999999985,39025.98955416018,0,974.0104458398129,199.99999999999997,48.30607954019195,681587137961.332,13371315924393.297,0.0078125,13185054101.115528,14109758946.474497,66856579621.96648,66856579621.96649,2016202.5986720761,34.86424031292118,234107884938.1001,200.0,65.1357704241267,1,21961978.984667163,21961978.984667163,9.313225746154785e-09,10.851612084443332,20.469217616869845,0.3358424852344737,,,,,,193
300.0,200.0,17.88888888888889,122.22222222222224,5.0,50.0,13.666666666666668,146.6949236301234,10.0,50.0,1.0,0.7853981633974483,5.0,50.0,12.0,42500.0,0.25,90.0,2.325e-06,195000.0,0.32,550.0,7.9e-06,60000.000001949884,58160.14722613408,0,1839.8527758158161,100.0000000000018,146.86930924661056,21490849449366.47,8732154856838.496,34.5078125,140343188838.45813,146326346597.57843,87321548568.38654,87321548568.38339,10778759.801651338,89.30507381661603,7751881075601.805,100.00000000000466,210.69492314302718,1,148413135.5740091,148413135.5740091,-1.443193104933016e-05,-10.379217915122695,54.723756098655116,0.22504628954157146,21487366968975.285,6446210.055245968,3e-07,9919612469.861229,0.0005324205181377532,194
600.0,400.0,7.333333333333334,42.23696789826278,9.0,10.0,17.88888888888889,211.11111111111111,1.0,10.0,20.0,200.0,1.0,10.0,32.0,35000.0,0.2,75.0,2.325e-06,210000.0,0.32,450.0,7.7e-06,240000.0,239008.7561842737,0,991.2438157263567,199.9999999999999,301.0321491038756,260365660814894.5,115232330696121.38,0.3125,870881802289.029,864909816409.8462,576161653480.6066,576161653480.6072,70623193.73938355,73.09859402411418,17723621638958.438,199.9999999999997,526.9013711601475,1,107160562.41862151,107160562.41862151,-3.166496753692627e-08,-9.159636273965589,13.334735147909452,0.022949156963873597,260363310905338.75,0.0,0.0,43767830371.008125,0.00017454140135510647,195
700.0,600.0,13.666666666666668,233.3333333333333,2.0,50.0,5.222222222222222,21.419068431419294,10.0,50.0,,,,,20.0,27500.0,0.25,90.0,1.975e-06,210000.0,0.31,400.0,7.7e-06,420000.0,419319.1426515096,0,680.8573484902714,300.00000000000034,351.14295546212236,482388298610707.5,352512214438273.5,-1.75,1382767830443.887,1373766128885.768,1175040714794.2463,1175040714794.2437,156392277.82817253,56.77632501276566,16698480775945.875,299.99999999999994,643.2235120845191,1,65218449.5788641,65218449.5788641,-1.0710209608078003e-08,0.024915889654948842,7.065745815827376,0.010914221631110863,482386402405287.5,361789801.69054884,7.5e-07,79133921362.59909,0.0001681991886225803,196
300.0,700.0,9.444444444444445,70.05557692032795,5.0,20.0,17.88888888888889,100.0,10.0,20.0,,,,,32.0,35000.0,0.175,90.0,1.975e-06,200000.0,0.32,400.0,7.9e-06,210000.0,208649.72220500666,0,1350.277794993281,350.0000000000009,148.31850353469832,58430285534938.22,310113240701790.9,-2.25,385216963812.7522,393951423068.8605,886037830576.5476,886037830576.5431,35237884.18624507,57.68884649914398,10737703299768.5,349.9999999999998,242.31117301003147,1,109002218.89482582,109002218.89482582,-4.470348358154297e-08,21.371416686000885,12.011448789365083,0.044313604861254456,58428303564092.484,67192548.939536,1.15e-06,21833950761.218136,0.0004000100045753113,197
100.0,300.0,17.88888888888889,255.55555555555557,5.0,10.0,11.555555555555555,166.66666666666666,8.0,10.0,5.75,25.967226777328133,5.0,40.0,24.0,50000.0,0.25,105.0,1.8e-06,190000.0,0.31,500.0,7.7e-06,30000.0,27129.21659832114,0,2870.7834016788543,149.99999999999997,49.531936362105554,1655615019460.4102,13455788677291.062,0.00390625,32805201945.914867,33425202829.88653,89705257848.60707,89705257848.6071,2260542.291084401,36.22547332926434,905018829125.2983,150.00000000000006,63.774526831669476,1,51239937.76546381,51239937.76546381,1.0433723218739033e-08,-19.921428272977664,27.73253442068938,0.32927811372111737,1647215879068.9343,576525.5598996535,3.5e-07,1649008746.7527988,0.0014522438200950869,198
400.0,300.0,7.333333333333334,42.23696789826278,2.0,50.0,17.88888888888889,166.66666666666666,7.0,20.0,20.0,250.0,5.0,30.0,24.0,50000.0,0.225,60.0,2.5e-06,205000.0,0.29,400.0,7.7e-06,120000.0,116248.85934278627,0,3751.140657213702,150.00000000000014,194.86335274334235,87635884396679.12,50867335868732.75,-0.03125,427207354554.4161,449729942356.61005,339115572458.2186,339115572458.218,22991714.816901237,119.54521822675228,31019989799740.062,149.9999999999999,280.45477234224006,1,309138731.4024782,309138731.4024782,4.330649971961975e-08,-11.726624750923293,98.36257200786272,0.2650885305686377,87622458619551.17,26286737.450639587,3e-07,22596893612.375305,0.0002897610242375953,199
200.0,300.0,20.0,255.55555555555557,9.0,20.0,15.77777777777778,166.66666666666666,3.0,30.0,20.0,150.0,1.0,30.0,12.0,35000.0,0.175,75.0,1.975e-06,210000.0,0.3,400.0,7.850000000000001e-06,60000.0,56899.99990997085,0,3100.000090029128,150.0000000000001,108.68395933443695,9121321332865.332,19157678538903.836,-0.0234375,99887394004.2075,83925184440.48996,127717856926.02567,127717856926.02548,6852812.221460117,43.88580885403533,2022840659014.0977,150.00000000000009,156.11419133515372,1,42082290.98670895,42082290.98670895,-2.7008354663848877e-08,-33.178062835751916,27.93825071552822,0.17234013475811796,9109353977112.223,1821870.818369808,2e-07,4629672248.243149,0.0006973531582129475,200
400.0,100.0,11.555555555555555,188.88888888888889,8.0,10.0,17.88888888888889,166.66666666666666,1.0,50.0,20.0,300.0,1.0,40.0,8.0,35000.0,0.225,90.0,2.325e-06,190000.0,0.29,600.0,7.850000000000001e-06,40300.00000613419,39208.53749241455,0,1091.4625137196383,50.00000000035515,204.97842668511348,20901460429171.64,1171308806049.1177,100.52734375,107175119520.87291,101969074342.05418,23426176121.14875,23426176120.815956,9120856.587477926,90.23072523078197,4018440468515.8203,50.000000001096005,309.76927289563605,1,88058883.962915,88058883.962915,0.0011978830608064743,-3.8990228673792444,54.74225545634907,0.16050832343736543,20897739458586.35,6269321.852796895,3e-07,4989939408.577324,0.0002716012689205385,201
900.0,100.0,13.666666666666668,255.55555555555557,3.0,40.0,15.77777777777778,166.66666666666666,1.0,30.0,,,,,12.0,20000.0,0.175,60.0,1.8e-06,190000.0,0.28,600.0,7.7e-06,89999.99999607529,89463.55667537355,0,536.4433207017332,49.99999999999367,457.22685502001724,136432337201018.75,1502805751476.8545,-39.375,308131463589.9761,298390909683.21576,30056115029.533283,30056115029.540897,38136879.78747161,132.95258051715643,18870590286596.625,49.99999999996661,767.0474196126677,1,86325057.09938383,86325057.09938383,-0.0028086390884690658,-5.295209507981781,36.7877471782389,0.04267170056022965,136430831267759.44,27286166.212549686,2e-07,14669122538.245232,0.00012142601664879802,202
200.0,600.0,17.88888888888889,233.3333333333333,3.0,10.0,5.222222222222222,21.419068431419294,5.0,10.0,,,,,28.0,27500.0,0.15,75.0,2.325e-06,210000.0,0.3,600.0,7.75e-06,120000.0,119192.90464980729,0,807.0953501926953,299.9999999999998,102.50829718343655,11969295281299.586,106537039905727.56,0.109375,122772450736.86467,116764160659.90025,355123466352.4249,355123466352.4255,12134487.525964944,20.719824684307497,676559186356.5117,300.00000000000017,179.2799365394547,1,15877737.708116261,15877737.708116261,2.2398307919502258e-07,49.30467061121453,11.296778133294774,0.060285207950236445,11966527526779.617,5384937.339493224,4.5e-07,6262602795.189946,0.0005735219718761164,203
800.0,1000.0,11.555555555555555,188.88888888888889,3.0,20.0,17.88888888888889,277.77777777777777,9.0,30.0,1.0,0.7853981633974483,10.0,10.0,16.0,20000.0,0.225,120.0,2.325e-06,195000.0,0.31,400.0,7.8e-06,800000.0,796917.6253889101,0,3082.374611089374,499.9999999999995,392.6942196418693,923483672296175.0,1391689231941684.0,-2.5,2267298223669.1704,2351660977180.609,2783378463883.365,2783378463883.3706,425059062.3861322,166.33822488039104,205347538525314.25,499.99999999999983,633.6618210142218,1,761489164.2011604,761489164.2011604,7.307971827685833e-08,42.677884249573424,14.395104081146897,0.018914656068215123,923471233821985.5,92347123.38219854,1e-07,113527821893.20084,0.00013379056021313,204
600.0,700.0,3.111111111111111,7.601878519797524,4.0,30.0,3.111111111111111,7.601878519797524,5.0,40.0,20.0,250.0,7.0,40.0,28.0,27500.0,0.15,75.0,2.325e-06,200000.0,0.28,500.0,7.850000000000001e-06,420000.0,416431.5830927769,0,3568.416907223332,350.00000000000074,300.2245930536205,357817938577630.9,526563647238603.75,-11.25,1193620057837.6108,1191834202981.9128,1504467563538.871,1504467563538.8647,123859043.6257819,115.64557277693912,46124039246484.0,349.99999999999994,484.3544273103514,1,489750194.31119347,489750194.31119347,1.862645149230957e-07,19.738332472610637,47.095566641778596,0.08433348582059166,357804004269892.5,161011801.90642405,4.5e-07,64410361117.09438,0.00018626092251204844,205
300.0,400.0,9.444444444444445,70.05557692032795,1.0,10.0,11.555555555555555,104.87489549761482,1.0,10.0,,,,,4.0,20000.0,0.2,90.0,2.5e-06,200000.0,0.29,500.0,7.9e-06,120000.0,119825.06951933973,0,174.93048066027896,200.00000000000009,149.65949887396363,18570798055177.85,32000226649389.83,-0.078125,123524917876.98126,124086998786.60777,160001133246.94922,160001133246.94907,19423678.436921414,35.22798566668815,1422539036381.5781,200.00000000000006,264.7719271381095,1,15288962.76594005,15288962.76594005,-1.6408128453428062e-09,12.733229860445135,3.40433126897487,0.011977709698512948,18570544886625.55,5571163.467643527,3e-07,6642218237.147977,0.000369661046465956,206
1000.0,1000.0,9.444444444444445,70.05557692032795,2.0,20.0,15.77777777777778,166.66666666666666,2.0,30.0,5.75,25.967226777328133,1.0,30.0,24.0,27500.0,0.225,75.0,2.325e-06,210000.0,0.28,400.0,7.9e-06,1000000.0,999474.6210663039,0,525.3789336960573,500.0000000000004,499.42395851416256,2310425690885125.0,2312262096773775.0,-1.0,4615533903754.546,4626181126269.709,4624524193547.554,4624524193547.546,480766845.3429209,69.27424559683323,60862261211724.75,500.00000000000006,930.7257530619376,1,139563365.9065949,139563365.9065949,8.568167686462402e-08,26.84222157674776,3.926109858785479,0.0040807239554364536,2310424575755076.5,693127372.7583156,3e-07,240909779115.71405,0.00010521558656953761,207
1000.0,400.0,15.77777777777778,277.77777777777777,4.0,50.0,17.88888888888889,211.11111111111111,8.0,30.0,5.75,25.967226777328133,7.0,50.0,20.0,35000.0,0.15,105.0,1.8e-06,210000.0,0.29,550.0,7.75e-06,400000.0,396836.45881357533,0,3163.5411864244606,199.99999999999994,496.502306540286,1270580622791929.5,192755023539933.38,-0.5,2523508328432.0776,2559062880584.695,963775117699.6666,963775117699.6671,247241575.5324062,195.86640634578933,257839980528605.25,200.0,804.1335991255249,1,980102348.2372648,980102348.2372648,1.0570511221885681e-07,-0.0010025191804743372,44.60702814320211,0.04641461972499506,1270569349455298.2,381170804.63297266,3e-07,124861902751.50311,0.00010832604637837752,208
600.0,500.0,1.0,0.7853981633974483,10.0,30.0,15.77777777777778,188.88888888888889,1.0,10.0,,,,,32.0,20000.0,0.15,105.0,1.8e-06,195000.0,0.3,500.0,7.9e-06,300000.0,299803.2571287054,0,196.74287129458418,249.99999999999986,298.51602782897857,182717816407723.94,125027475954555.12,0.875,606061460222.7493,612087122211.0859,500109903818.2202,500109903818.22076,103488438.99528575,61.8389696132474,10760317314597.188,250.00000000000014,538.1610413622184,1,54987607.006406024,54987607.006406024,1.1169150721080654e-08,18.770462706685066,2.6255982080626326,0.0045104760203558665,182717262748652.62,0.0,0.0,31865043669.10959,0.00017718144449866704,209
200.0,700.0,13.666666666666668,122.22222222222224,7.0,20.0,5.222222222222222,21.419068431419294,9.0,50.0,,,,,32.0,42500.0,0.25,90.0,1.8e-06,190000.0,0.28,500.0,7.7e-06,140000.0,138951.6728591037,0,1048.327140896279,350.00000000000017,101.29177064242131,20563840971105.594,249864876966070.38,-0.28125,208329549673.22314,203015909788.95764,713899648474.4872,713899648474.4865,14954652.927589083,19.780787714651048,682903287469.6914,350.00000000000017,180.21921368792292,1,22966031.20319189,22966031.20319189,-5.774199962615967e-08,0.025087859754421515,11.656332180297674,0.07908555567396276,20562197425890.977,7196769.118776284,3.5e-07,13387915981.891699,0.0006805594291999984,210
100.0,700.0,17.88888888888889,211.11111111111111,9.0,40.0,5.222222222222222,21.419068431419294,1.0,40.0,10.5,86.59014751456867,5.0,30.0,16.0,42500.0,0.15,75.0,1.8e-06,190000.0,0.31,450.0,7.7e-06,69999.99999431302,67983.01905109633,0,2016.9809432167115,350.0000000000002,50.05221299726271,2484890611923.2812,134317715925038.81,-0.1171875,49749763924.21754,49645968941.656525,383764902642.96826,383764902642.9678,3338409.6938022054,25.056465001281207,390929072970.79297,350.0000000000001,74.94353312944465,1,35078474.69450894,35078474.69450894,-1.6763806343078613e-08,18.75527247958962,24.221420106803713,0.4077510137256724,,,,,,211
300.0,400.0,15.77777777777778,300.0,6.0,10.0,13.666666666666668,188.88888888888889,5.0,40.0,5.75,25.967226777328133,5.0,50.0,20.0,50000.0,0.175,90.0,1.975e-06,205000.0,0.31,500.0,7.75e-06,120000.0,116995.88322979261,0,3004.1167702073385,200.00000000000028,153.45504056958487,51491524023422.28,85009876081413.28,-0.3125,351370147588.54486,335547948326.09766,425049380407.067,425049380407.0658,21009696.46195766,56.25164751639061,9612544994881.766,199.9999999999999,243.74833639999983,1,130730314.36045131,130730314.36045131,1.3387762010097504e-07,33.2140236087489,20.535504379896977,0.08111456629305296,51479694792950.05,10295938.891572908,2e-07,16275507939.829649,0.00037555459252631616,212
200.0,900.0,13.666666666666668,144.44444444444446,9.0,40.0,9.444444444444445,70.05557692032795,7.0,40.0,,,,,12.0,42500.0,0.225,120.0,2.325e-06,190000.0,0.28,450.0,7.850000000000001e-06,180000.0,178209.61099785988,0,1790.3890021401778,450.00000000000006,100.78295050746884,26260795411216.438,534644410371697.5,-0.1875,264680269626.37396,260567836910.7709,1188098689714.8835,1188098689714.8833,22163402.85741065,29.05963477072246,1878624471908.4453,449.99999999999994,170.94036581771957,1,57918755.74440552,57918755.74440552,1.4901161193847656e-07,26.37472492059169,10.451677135508188,0.06730954864536114,26257436895760.805,11815846.569012549,4.5e-07,22984619161.08132,0.0009075224826309197,213
600.0,1000.0,1.0,0.7853981633974483,9.0,10.0,17.88888888888889,122.22222222222224,3.0,40.0,,,,,28.0,50000.0,0.25,120.0,1.975e-06,200000.0,0.29,500.0,7.8e-06,600000.0,599626.2647493355,0,373.73525066472763,499.9999999999999,299.55080265123536,903549922355987.5,2507566265841174.0,3.0,3007330125455.9087,3016349528557.2095,5015132531682.347,5015132531682.35,218080193.5106331,38.7499505992009,20218164163423.5,499.9999999999998,561.2499707494403,1,100895178.23453905,100895178.23453905,1.862645149230957e-08,42.3884276394092,2.182161251557298,0.003959965977613548,903549209152692.5,180709841.79003495,2e-07,155344556589.90738,0.0001727804421783355,214
700.0,800.0,1.0,0.7853981633974483,5.0,50.0,3.111111111111111,7.601878519797524,3.0,20.0,15.25,100.0,10.0,50.0,28.0,42500.0,0.25,90.0,1.8e-06,210000.0,0.28,600.0,7.850000000000001e-06,560000.0,557973.2672791075,0,2026.732720893263,400.00000000000097,349.75534549110563,981382298181646.0,1308954286674219.0,-8.0,2801990795713.1265,2805910791166.458,3272385716685.555,3272385716685.5396,206690313.44041795,84.20430696533728,52744472460677.5,399.99999999999955,615.7956700624612,1,433973327.21555924,433973327.21555924,4.917383193969727e-07,26.198584044461313,23.662477845433937,0.0348775467722984,981378953037878.8,343482633.5366817,3.5e-07,147728783620.2786,0.00015220881865920158,215
500.0,400.0,20.0,233.3333333333333,1.0,30.0,9.444444444444445,70.05557692032795,5.0,50.0,,,,,8.0,20000.0,0.15,60.0,1.975e-06,190000.0,0.31,550.0,7.7e-06,200000.0,199416.3888192595,0,583.6111807405521,200.00000000000006,249.19539369459676,87351786850336.16,53962792621348.28,0.1875,348286214265.01404,350535319113.4455,269813963106.7415,269813963106.74133,44801375.95506793,76.06250667248842,10298658971445.688,199.99999999999997,423.9377596358875,1,88242425.8146434,88242425.8146434,4.6566128730773926e-09,6.452496696067101,18.73783448375232,0.04208122527002082,87350592677213.77,56777885.215452105,6.5e-07,19795979947.427635,0.00023812876635108933,216
400.0,300.0,11.555555555555555,100.0,3.0,10.0,15.77777777777778,144.44444444444446,8.0,40.0,20.0,300.0,1.0,30.0,8.0,27500.0,0.175,120.0,2.15e-06,200000.0,0.29,600.0,7.9e-06,120000.0,117944.44448301959,0,2055.5555169803824,150.00000000000003,194.7666910433161,50300177559100.984,27531376991732.0,0.125,245087787234.95233,258258623636.59622,183542513278.21338,183542513278.2133,33948977.72064015,117.48515963694855,18253242952861.89,149.99999999999994,282.5148234312172,1,292614913.0432162,292614913.0432162,2.9802322387695312e-08,-14.305843922746135,38.01723685756007,0.10796943249702709,50294178984505.3,10058835.739524348,2e-07,11857679293.16821,0.000272545459280638,217
300.0,600.0,13.666666666666668,146.6949236301234,8.0,50.0,3.111111111111111,7.601878519797524,4.0,20.0,5.75,25.967226777328133,1.0,30.0,16.0,50000.0,0.25,120.0,2.325e-06,195000.0,0.29,600.0,7.850000000000001e-06,180000.0,178744.0986358173,0,1255.9013641827926,299.9999999999998,151.6504554914774,69029123114056.31,275766640696397.62,0.875,465314021305.2062,455185728854.838,919222135654.6581,919222135654.6594,32909644.884365696,25.850687694348814,977036087440.7656,299.99999999999994,274.14932172640897,1,45405466.88518636,45405466.88518636,3.4924596548080444e-08,0.018898325659392867,14.6625637300042,0.052658848190218946,69026427011765.71,17256606.775673456,2.5e-07,26215862240.91095,0.0003904805855875814,218
200.0,200.0,15.77777777777778,100.0,4.0,50.0,13.666666666666668,211.11111111111111,8.0,30.0,20.0,300.0,5.0,40.0,20.0,35000.0,0.175,60.0,2.5e-06,205000.0,0.28,400.0,7.850000000000001e-06,39999.99999793311,35039.82017496926,0,4960.179822963853,100.0000000024891,91.04349571657674,6109343066145.355,6363696081998.051,56509.78515625,56071393867.89997,67103564269.58897,63636960821.5645,63636960818.39652,4900801.467017227,94.21187116344483,4195529976282.211,100.00000000342561,105.78800299970422,1,105595185.82970595,105595185.82970595,-0.010894888546317816,3.5333138076603063,98.0332556339683,0.6007901065767478,6089327359115.96,160453781.186723,2.635e-05,3361177899.1972313,0.0007602060180275985,219
500.0,400.0,5.222222222222222,21.419068431419294,3.0,20.0,15.77777777777778,144.44444444444446,3.0,50.0,,,,,32.0,42500.0,0.25,75.0,1.975e-06,200000.0,0.28,450.0,7.9e-06,200000.0,199502.40946679347,0,497.59053320650804,199.99999999999994,248.73981994467306,180112681105056.94,114465340241691.5,0.875,716837347905.253,724100713529.1776,572326701208.4574,572326701208.4576,48691664.05384778,61.88722371169454,13889211957624.625,199.99999999999991,438.1127762983716,1,85826139.28165886,85826139.28165886,5.587935447692871e-09,10.800357071333565,10.457308581078463,0.023653123201719327,180111662899977.28,45027915.74120977,2.5e-07,38845273485.14171,0.00022013453449524462,220
200.0,100.0,9.444444444444445,70.05557692032795,3.0,20.0,5.222222222222222,21.419068431419294,4.0,50.0,15.25,250.0,1.0,40.0,4.0,27500.0,0.15,90.0,2.5e-06,210000.0,0.3,500.0,7.7e-06,20155.06801983234,19406.179036921134,0,748.8889829112073,50.000000003893746,104.22789858588759,2047926115348.916,462074853069.13525,-141.63525390625,21383326512.73689,19648540775.878258,9241497062.102386,9241497060.663025,2236829.0958168223,54.22017305638488,430329373844.7656,50.00000000891502,145.7798305811211,1,22074128.152915046,22074128.152915046,-0.006405539170373231,0.7599386173824314,40.71762260404895,0.2762597843867019,2045648518540.322,0.0,0.0,1209433989.496706,0.000665335671658478,222
700.0,700.0,5.222222222222222,21.419068431419294,2.0,10.0,13.666666666666668,211.11111111111111,2.0,30.0,10.5,86.59014751456867,1.0,20.0,16.0,50000.0,0.15,75.0,1.8e-06,205000.0,0.29,450.0,7.7e-06,490000.0,489361.7593441559,0,638.2406558441199,350.00000000000034,349.2711190922361,1007583017260189.0,1010795378471150.0,-4.0,2872825912289.6904,2884816299380.6104,2887986795631.86,2887986795631.8545,164889397.23399153,59.44050037755634,36767247658264.0,350.00000000000006,640.5595694736835,1,151578900.24682122,151578900.24682122,-1.0244548320770264e-07,-20.17468219401053,7.6111948364076465,0.0114770467521675,1007581303734010.5,1158718499.069991,1.15e-06,148072688569.8946,0.00014828774038603903,223
1000.0,700.0,7.333333333333334,42.23696789826278,7.0,40.0,5.222222222222222,21.419068431419294,7.0,20.0,,,,,12.0,50000.0,0.15,60.0,1.8e-06,195000.0,0.29,500.0,7.9e-06,700000.0,699554.407735953,0,445.59226404747335,350.0000000000003,500.2619348679626,2930546434747087.0,1431990484068367.5,-9.0,5864164928026.441,5858024027993.585,4091401383052.482,4091401383052.475,299481989.427747,39.74218041069585,26438104770574.5,350.0000000000001,960.2577861449743,1,78996997.01609612,78996997.01609612,-1.3690441846847534e-07,14.06277226470229,7.432268716471301,0.00760420831474308,2930546191041754.0,293054619.1041754,1e-07,305128212319.77325,0.00010475191915839574,224
1000.0,500.0,1.0,0.7853981633974483,3.0,20.0,3.111111111111111,7.601878519797524,7.0,20.0,,,,,28.0,20000.0,0.2,105.0,2.15e-06,195000.0,0.3,450.0,7.8e-06,500000.0,499944.4306520655,0,55.56934793462285,250.00000000000043,499.57464313444484,835558002402837.0,208563808520615.88,-4.0,1669695571855.922,1672538856576.7793,834255234082.465,834255234082.462,282783984.73869425,44.014721832540175,9344856339937.0,250.0,955.9852864334495,1,23453416.962087393,23453416.962087393,-8.149072527885437e-10,18.731759418578804,0.6678049338977683,0.0006825169662437342,835557996054369.0,167111599.2151314,2e-07,86886342344.23688,0.00010428109599939872,225
300.0,400.0,9.444444444444445,70.05557692032795,4.0,10.0,1.0,0.7853981633974483,8.0,50.0,,,,,8.0,27500.0,0.2,120.0,2.325e-06,210000.0,0.28,600.0,7.7e-06,120000.0,119713.49449874286,0,286.5055012571378,199.99999999999994,152.02968523297787,25683703767193.734,44986572153231.11,-0.0625,173573353598.87885,168938741982.09872,224932860766.1555,224932860766.1556,22207574.35683372,10.255936864461304,80980941888.03711,199.99999999999997,289.74406318889544,1,3033213.889172092,3033213.889172092,1.363514456897974e-08,7.824493717213272,5.017627342350414,0.020110730831063784,25683375555498.117,7705012.6802576,3e-07,9106296104.015709,0.00036912912364584334,226
700.0,100.0,13.666666666666668,146.6949236301234,6.0,40.0,9.444444444444445,70.05557692032795,3.0,30.0,,,,,32.0,42500.0,0.225,60.0,1.8e-06,200000.0,0.31,500.0,7.7e-06,70000.0000012176,69556.698957012,0,443.3010442056013,49.99999999998718,350.2285129764935,128144509023087.0,2485455140742.412,-23.5859375,366366367120.3565,365888282293.2459,49709102814.835495,49709102814.860985,22006406.771062553,101.10333698833924,14951604654933.156,49.99999999992312,598.8968354837305,1,69689375.84610234,69689375.84610234,-0.0009544711792841554,-4.94568812270154,35.25831486334487,0.05299788456016236,128143908425336.2,0.0,0.0,19050980932.754303,0.00015860993728806586,227
800.0,800.0,20.0,211.11111111111111,6.0,50.0,20.0,300.0,2.0,30.0,15.25,150.0,1.0,30.0,32.0,20000.0,0.25,60.0,2.15e-06,190000.0,0.3,450.0,7.7e-06,640000.0,637833.3332284598,0,2166.666771540304,400.00000000000114,402.7325659053324,720691836426608.5,715612986895986.5,-6.5,1814122615081.683,1789504741953.2905,1789032467239.9714,1789032467239.9612,228713828.09696174,102.14464211723305,60811745529489.25,399.9999999999995,697.8554090588018,1,282402941.9134656,282402941.9134656,2.60770320892334e-08,0.001574863345013,28.457649568243863,0.03744427574768929,720684391723859.6,216205317.37322438,3e-07,94537567783.53041,0.00013896856010813956,228
900.0,200.0,20.0,233.3333333333333,7.0,40.0,15.77777777777778,144.44444444444446,6.0,50.0,,,,,4.0,50000.0,0.175,120.0,1.975e-06,210000.0,0.29,400.0,7.9e-06,179999.99998656585,177573.14445405334,0,2426.8555325124776,99.99999999789338,454.84504171926324,668546463275541.5,30402571127349.5,19929.625,1501828634814.2234,1469833464048.571,304025711267.09033,304025711279.89966,106268044.61266765,143.94742677009322,100858841016238.38,99.99999998942985,756.0525734588932,1,296163873.20352983,296163873.20352983,0.05245995754376054,25.381003895119647,38.1196343050064,0.04526675139072758,668538557341197.2,434550062.5219555,6.5e-07,73679995420.55977,0.00012457949966388838,229
500.0,400.0,1.0,0.7853981633974483,6.0,30.0,11.555555555555555,122.22222222222224,10.0,50.0,,,,,4.0,50000.0,0.15,105.0,2.5e-06,190000.0,0.3,400.0,7.850000000000001e-06,200000.0,198773.0654053727,0,1226.9345946273127,199.99999999999997,246.74700023510383,214713817712958.38,134793826567897.25,-1.0,847823393650.9534,870178026514.5116,673969132839.4862,673969132839.4863,58850031.20907298,90.59788917948349,34001572150199.25,200.0,409.402109081918,1,213661058.45275295,213661058.45275295,0.0,15.010489073916688,16.371219545513064,0.036853670803592774,214711558701391.34,64413467.67659499,3e-07,47230585110.579254,0.00022880664298313935,230
900.0,600.0,17.88888888888889,300.0,7.0,40.0,5.222222222222222,21.419068431419294,9.0,50.0,,,,,32.0,50000.0,0.2,60.0,2.5e-06,190000.0,0.32,550.0,7.75e-06,540000.0,537707.2283660572,0,2292.771633943289,300.0000000000004,453.92319602930087,1873637042470473.0,818931048866059.5,-2.5,4200256605572.219,4127652120138.688,2729770162886.8687,2729770162886.8613,211019528.54710037,45.36899313399878,24507825213117.75,300.00000000000006,854.6310374233032,1,112685726.68336512,112685726.68336512,-8.526258170604706e-07,41.91287386658041,31.02742195542197,0.03661532781603587,1873627455689735.2,562088236.2781786,3e-07,224796564329.1908,0.00012432690128305433,231
700.0,300.0,1.0,0.7853981633974483,1.0,40.0,5.222222222222222,21.419068431419294,1.0,10.0,,,,,8.0,27500.0,0.175,105.0,1.975e-06,205000.0,0.31,400.0,7.9e-06,210000.0,209977.79553531818,0,22.20446468181701,149.99999999999997,349.7855028353818,236258367831838.12,43312506486637.55,0.0625,674610473708.5883,675437849529.8231,288750043244.25024,288750043244.25037,83054140.6751727,26.53311198480242,1969050414209.7188,150.0,673.4669729417495,1,5896523.328492582,5896523.328492582,-4.086306230468153e-10,-11.239208726374272,0.39452550464832403,0.0005739480388834319,236258360349977.28,59064590.08315578,2.5e-07,34936989516.45989,0.00014818656724102425,232
400.0,400.0,17.88888888888889,300.0,4.0,30.0,9.444444444444445,70.05557692032795,8.0,30.0,15.25,300.0,10.0,40.0,24.0,20000.0,0.2,60.0,1.975e-06,195000.0,0.32,400.0,7.7e-06,160000.0,152239.55545272876,0,7760.4445472711,200.0000000000003,203.37750224317983,58400272993070.875,70751889331890.62,0.09375,297017247056.3337,287152080977.1834,353759446659.4537,353759446659.4526,36700462.505963355,139.6773702575344,27965733664523.188,200.00000000000009,260.32262981517977,1,426486967.34938496,426486967.34938496,-8.568167686462402e-08,-8.27841312118835,94.38794799326037,0.25840046602989136,58366145860216.17,0.0,0.0,12676517789.882687,0.00030307225947561725,233
100.0,300.0,11.555555555555555,100.0,10.0,10.0,5.222222222222222,21.419068431419294,7.0,50.0,,,,,8.0,20000.0,0.175,120.0,2.325e-06,190000.0,0.28,450.0,7.9e-06,30000.0,28850.06656998155,0,1149.9334300184405,149.99999999999997,57.39712773451121,657139793505.5591,5856587708659.766,0.0009765625,15424776747.690948,11449001360.227303,39043918057.731766,39043918057.73178,2069389.1809482619,16.36184081644249,37698663866.589355,150.0000000000001,83.63834611816263,1,5259126.722370396,5259126.722370396,2.6542693376541138e-08,33.407426416399176,11.332927849886005,0.2391473644734074,655579206804.2285,131115.84724517804,2e-07,699516742.2243745,0.0014368704231955093,234
200.0,300.0,20.0,300.0,9.0,10.0,17.88888888888889,100.0,8.0,40.0,,,,,20.0,50000.0,0.175,75.0,1.8e-06,205000.0,0.29,400.0,7.9e-06,60000.0,56499.999946956996,0,3500.0000530429716,150.0000000000001,107.66382840186176,12804538494730.016,26000621905588.625,-0.0859375,138673049500.65952,118930737321.88214,173337479370.59097,173337479370.5907,6797804.627563224,38.15438851359449,2517397906047.082,149.99999999999994,161.8456124285652,1,45196787.633411154,45196787.633411154,-3.073364496231079e-08,-41.24368634117127,20.652139103239886,0.13671883192019926,12790019855889.682,3197504.8689505225,2.5e-07,5550016522.377003,0.0006049213829435094,235
200.0,500.0,15.77777777777778,122.22222222222224,8.0,20.0,1.0,0.7853981633974483,7.0,50.0,5.75,25.967226777328133,7.0,10.0,12.0,50000.0,0.2,60.0,1.975e-06,190000.0,0.29,400.0,7.75e-06,100000.0,98653.18329772985,0,1346.8167022701587,249.99999999999966,102.0060530201896,17414482566761.68,110210205357642.75,0.3125,177709778037.10233,170720090143.22818,440840821430.5704,440840821430.5716,8727788.071038324,21.73093064883421,485140658824.96094,250.00000000000026,178.26916448747144,1,17024290.588889487,17024290.588889487,-1.1222437024116516e-07,32.778037434545695,19.023821704868823,0.12724964351082824,17412532973246.205,11318146.354546178,6.5e-07,11297736291.588747,0.0006873429499438312,236
500.0,300.0,20.0,100.0,4.0,20.0,13.666666666666668,166.66666666666666,10.0,20.0,,,,,24.0,42500.0,0.15,90.0,2.325e-06,190000.0,0.28,550.0,7.75e-06,150000.00000000003,147933.33330432797,0,2066.6666956720555,149.99999999999994,243.730111835508,147652562182196.44,49807573807609.31,0.09375,576160403548.5537,605803530266.4869,332050492050.72864,332050492050.7289,44624983.070840515,127.5374820099385,47211449377084.81,149.99999999999997,372.46251814866963,1,414864701.241065,414864701.241065,-7.450580596923828e-09,-11.543811060357257,45.10089336475359,0.09531713990676394,147647757889929.16,95971042.31434052,6.5e-07,28848337099.032127,0.00022262953197292997,237
300.0,700.0,9.444444444444445,70.05557692032795,9.0,30.0,11.555555555555555,104.87489549761482,10.0,10.0,,,,,32.0,50000.0,0.25,120.0,2.325e-06,210000.0,0.29,450.0,7.7e-06,210000.0,208320.75088808316,0,1679.2491119169,350.00000000000045,148.9884330960548,83104550245789.34,440566522796047.0,-0.9375,550319104354.7686,557791960884.7135,1258761493702.9932,1258761493702.9897,40328011.597050786,52.96435864513343,13547700788405.39,349.9999999999992,247.0356750333674,1,139752156.68577245,139752156.68577245,3.166496753692627e-08,26.71760539546085,12.603736963385924,0.04434465703583175,83101974187521.66,37395888.324472025,4.5e-07,28863547399.294483,0.0003717460164503499,238
500.0,800.0,3.111111111111111,7.601878519797524,7.0,10.0,1.0,0.7853981633974483,7.0,50.0,,,,,32.0,35000.0,0.225,105.0,1.8e-06,195000.0,0.28,450.0,7.850000000000001e-06,400000.0,399941.28906723706,0,58.71093276321799,399.99999999999983,250.1323862658004,292185512227271.9,747285398188371.2,-5.5,1169361278401.1638,1168123474889.7498,1868213495470.9272,1868213495470.929,112857206.65142228,6.160064346810401,213205456920.33594,399.9999999999997,493.8397841607691,1,1391073.154277276,1391073.154277276,-1.0986695997416973e-08,29.969680553744922,0.4411441011519686,0.0009814106810944797,292185505901639.94,160702028.23384684,5.5e-07,61137134253.555824,0.00020967339916596583,239
300.0,300.0,11.555555555555555,122.22222222222224,9.0,40.0,17.88888888888889,188.88888888888889,1.0,30.0,5.75,25.967226777328133,1.0,30.0,24.0,35000.0,0.225,105.0,2.325e-06,205000.0,0.28,600.0,7.8e-06,90000.0,88659.17664277685,0,1340.8233572231586,149.9999999999999,154.70501951027734,25979926538487.266,24764992946367.766,0.0625,178808149124.77267,167932020698.01862,165099952975.78497,165099952975.78522,16224602.253709504,43.76451506750526,2253339452354.1797,150.0,256.2354824779245,1,48304484.77281671,48304484.77281671,1.7695128917694092e-08,-33.15717542672792,27.121631372096736,0.1038921823366383,25977129090499.465,7793138.758936396,3e-07,10555433867.774366,0.0004529782436403175,240
400.0,900.0,13.666666666666668,122.22222222222224,7.0,10.0,3.111111111111111,7.601878519797524,6.0,50.0,20.0,100.0,7.0,20.0,24.0,20000.0,0.2,75.0,1.975e-06,195000.0,0.31,550.0,7.850000000000001e-06,360000.0,357698.83325981814,0,2301.166740181831,449.99999999999983,204.01077185149148,102837882896808.75,541821066663172.25,0.25,524711913344.9751,504080652033.7515,1204046814807.049,1204046814807.0498,72030197.28587972,58.118226925428495,8295610221786.656,450.00000000000034,341.8817730850205,1,143504749.05203858,143504749.05203858,-3.5762786865234375e-07,-12.878217846970074,16.835868483391007,0.048317224593996184,102834082713008.94,25708520.57152775,2.5e-07,26106168757.095882,0.0002726741668015545,241
500.0,400.0,3.111111111111111,7.601878519797524,4.0,40.0,15.77777777777778,188.88888888888889,7.0,50.0,5.75,25.967226777328133,10.0,40.0,20.0,42500.0,0.175,105.0,2.325e-06,190000.0,0.3,500.0,7.7e-06,200000.0,198128.02572481416,0,1871.974275186096,199.9999999999995,245.9086100924487,185175324194835.25,117295743640099.38,1.875,728774494335.3236,753024971859.3386,586478718200.4954,586478718200.4984,59914099.71810939,106.97520477848288,38048730179514.0,200.0,393.0248046203125,1,342577566.2927681,342577566.2927681,1.0291114449501038e-07,-15.723432180777309,30.91304306464906,0.0699214344282132,185171340240584.06,55551402.14398832,3e-07,42243270359.43129,0.00024092419074158239,242
900.0,300.0,1.0,0.7853981633974483,3.0,10.0,9.444444444444445,122.22222222222224,5.0,30.0,,,,,24.0,35000.0,0.225,120.0,1.975e-06,210000.0,0.32,450.0,7.75e-06,270000.0,269386.5326659835,0,613.4673340165119,149.99999999999986,445.3721061899118,656194165692784.0,71591980175224.19,1.25,1443365386565.7793,1473361615091.7527,477279867834.82745,477279867834.82837,152175896.76733658,133.69204569915453,77057214598383.38,150.00000000000006,766.3080604677997,1,236647041.9154113,236647041.9154113,7.450580596923828e-09,12.099898213615234,10.70140543523273,0.012367595363384831,656192917916669.9,0.0,0.0,72373095065.35474,0.0001139427761462236,243
600.0,800.0,17.88888888888889,122.22222222222224,7.0,20.0,20.0,100.0,8.0,20.0,10.5,86.59014751456867,10.0,20.0,12.0,20000.0,0.15,90.0,1.8e-06,210000.0,0.28,450.0,7.9e-06,480000.0,476612.64155332994,0,3387.3584466700017,399.99999999999983,300.3119262777771,317595655174585.5,577080164229380.8,1.0,1059754067720.9628,1057552589106.3734,1442700410573.4512,1442700410573.4524,165541608.88572356,124.16553132722649,63510102522366.125,400.00000000000074,475.83446868404025,1,428206632.7676064,428206632.7676064,-6.798654794692993e-07,-34.9625401677913,24.2161226281162,0.042484425663361754,317590064805961.8,206433542.141449,6.5e-07,52844255049.08943,0.00018444969345065993,244
500.0,500.0,1.0,0.7853981633974483,7.0,40.0,1.0,0.7853981633974483,1.0,20.0,10.5,86.59014751456867,5.0,50.0,32.0,35000.0,0.2,105.0,1.975e-06,210000.0,0.3,500.0,7.7e-06,250000.0,249127.81530975207,0,872.1846902479037,249.99999999999957,249.84888642530566,183979546664394.88,188056998058687.56,0.9375,735473626462.4269,736363284610.4241,752227992234.749,752227992234.7516,71143081.3336255,63.88203804767127,10491855978728.062,249.9999999999998,436.117958150921,1,110612945.4083776,110612945.4083776,5.21540641784668e-08,18.697586048823723,11.637867935859296,0.024270840325045454,183978293608798.62,64392402.75702562,3.5e-07,39682529937.662094,0.00021787401093404434,245
100.0,400.0,9.444444444444445,70.05557692032795,2.0,30.0,1.0,0.7853981633974483,10.0,10.0,15.25,250.0,10.0,50.0,16.0,35000.0,0.2,90.0,1.975e-06,210000.0,0.3,450.0,7.8e-06,39999.99999025916,37897.79222700111,0,2102.2077632580854,200.00000000000028,47.52137738841472,1319314278250.0542,26115565298696.33,-0.017578125,25140032504.56501,27762542896.572083,130577826493.48183,130577826493.48146,2483284.0142680933,38.48732050317561,641600837078.5288,199.99999999999994,61.51268036064615,1,41530254.66542109,41530254.66542109,-4.563480615615845e-08,22.862442938087042,30.78902706154491,0.3433551095189441,1314917194054.5469,0.0,0.0,1429955400.1508825,0.001246949736323383,246
700.0,900.0,5.222222222222222,21.419068431419294,3.0,40.0,3.111111111111111,7.601878519797524,2.0,30.0,,,,,24.0,35000.0,0.225,120.0,1.975e-06,200000.0,0.3,550.0,7.9e-06,630000.0,629920.5390373782,0,79.46096262161925,450.0,350.1115081170504,901630939028242.5,1489987362424112.0,6.5,2576909386690.748,2575267930715.3945,3311083027609.1377,3311083027609.1377,265986097.8856663,12.304707814318139,1340491286691.7188,450.00000000000006,687.6953002504157,1,7071004.4783429075,7071004.4783429075,3.4924596548080444e-09,-38.58490588585482,0.5664283953732153,0.0008473829052430959,901630915259202.9,270489274.582681,3e-07,141349544670.5822,0.00015702108663123815,247
200.0,500.0,17.88888888888889,166.66666666666666,6.0,10.0,9.444444444444445,70.05557692032795,2.0,40.0,15.25,150.0,1.0,20.0,32.0,42500.0,0.15,90.0,1.8e-06,195000.0,0.31,500.0,7.75e-06,100000.0,98559.88882624853,0,1440.111173751495,249.99999999999977,102.6332282385106,15213177825272.281,95368694729998.34,0.03125,156246094535.6043,148228581390.0172,381474778919.99304,381474778919.9937,10918883.110889902,24.516918658461424,808356850103.8086,249.99999999999997,175.4830370812669,1,25430871.131555736,25430871.131555736,6.705522537231445e-08,-44.55826676139259,13.75355535638909,0.08857388068987829,15209740833207.674,3802435.2259562016,2.5e-07,8540456420.176476,0.0006126503718315519,248
800.0,900.0,17.88888888888889,233.3333333333333,2.0,30.0,20.0,300.0,7.0,50.0,15.25,250.0,3.0,10.0,16.0,20000.0,0.25,105.0,2.15e-06,190000.0,0.32,600.0,7.75e-06,720000.0,715933.3333634612,0,4066.6666365387628,450.0000000000005,394.03288814725613,824339127239375.5,1063765149533207.5,-6.5,2030556424822.8743,2092056658304.3884,2363922554518.2417,2363922554518.2363,353713826.02451,175.0359877187557,179958071763952.25,450.0,624.9640134225011,1,1252644030.0203576,1252644030.0203576,-4.6193599700927734e-07,-21.655055373033974,32.765959898661755,0.04427832418738075,824322286452519.8,247296685.57554936,3e-07,106155523955.44586,0.00013860333140847992,249
1000.0,100.0,1.0,0.7853981633974483,10.0,10.0,1.0,0.7853981633974483,9.0,50.0,,,,,20.0,50000.0,0.15,105.0,2.5e-06,190000.0,0.28,500.0,7.75e-06,100000.00000024243,99990.36222999447,0,9.637770248040217,50.00000000000015,500.0851729938647,416980553795967.25,4167365746191.58,-0.328125,834103193724.3378,833819069858.8917,83347314923.83185,83347314923.83136,56391079.51331112,11.26309440515573,300728844551.9453,50.0000000000081,988.7368309034532,1,888577.7394791031,888577.7394791031,-1.2442568788628705e-06,3.7457869795816237,0.6434735136768988,0.0006776972234617154,416980553695749.94,104245138.42244658,2.5e-07,42549177806.87549,0.00010213993557443858,250
200.0,1000.0,20.0,211.11111111111111,4.0,30.0,1.0,0.7853981633974483,7.0,20.0,,,,,32.0,27500.0,0.25,120.0,2.5e-06,205000.0,0.28,600.0,7.75e-06,200000.0,199150.05772750042,0,849.9422724995618,500.0000000000002,101.57776792010638,18867552176244.58,476055844013376.75,0.25,191700104514.28253,185744898343.1533,952111688026.7539,952111688026.753,24416800.983371764,17.295680241183838,169224386578.9922,499.9999999999998,182.70432074032016,1,19511290.34601238,19511290.34601238,1.0826624929904938e-08,38.40234026356865,5.954259714586423,0.033171363312459186,18864643981945.71,5659393.158920709,3e-07,11522906042.442102,0.0006297726941725782,251
200.0,1000.0,15.77777777777778,255.55555555555557,9.0,40.0,9.444444444444445,122.22222222222224,6.0,20.0,1.0,0.7853981633974483,10.0,30.0,12.0,20000.0,0.25,105.0,2.5e-06,210000.0,0.31,600.0,7.850000000000001e-06,200000.0,196950.958727647,0,3049.0412723530762,499.99999999999943,102.67491396755962,15290781620055.188,386960974944484.5,0.375,157110383801.34045,148924221401.21146,773921949888.9681,773921949888.9698,25179316.21519183,45.95340500334118,3253337540823.0547,499.9999999999999,154.04675917480958,1,124391809.82231033,124391809.82231033,2.680462785065174e-07,38.2444781523692,24.410122814673933,0.13926535997900585,15279461199069.344,4583838.310723692,3e-07,8818654358.830278,0.0006639299486523257,252
600.0,100.0,3.111111111111111,7.601878519797524,4.0,50.0,7.333333333333334,42.23696789826278,2.0,40.0,1.0,0.7853981633974483,3.0,40.0,12.0,42500.0,0.15,75.0,2.5e-06,205000.0,0.28,450.0,7.8e-06,60000.0,59880.40616776724,0,119.5938322327421,49.99999999999999,299.10716025701925,77713095651058.25,2125864636296.9648,0.0625,258274991579.8591,259816901689.2819,42517292725.93929,42517292725.9393,17471212.299884498,63.97329696776022,4635613158551.344,49.999999999999986,536.026703161244,1,22258065.468950965,22258065.468950965,7.958078640513122e-11,2.6857352663123493,10.053500909193621,0.018071002236370357,77713033591949.69,15542606.720684033,2e-07,14862500937.268251,0.0001949169359558294,253
800.0,700.0,1.0,0.7853981633974483,2.0,30.0,1.0,0.7853981633974483,9.0,40.0,,,,,32.0,42500.0,0.175,120.0,1.8e-06,210000.0,0.28,400.0,7.7e-06,560000.0,559991.3606215373,0,8.639378462924082,349.99999999999926,399.986201469633,1269522269986752.5,971907447615691.0,11.5,3173696194108.606,3173915163378.792,2776878421759.1113,2776878421759.123,269967165.6916638,8.683826448287952,843445492494.3438,349.9999999999998,791.3161613429246,1,2154530.3948959513,2154530.3948959513,-3.7834979593753815e-09,-29.953849172093783,0.05713656083837786,7.52291781940459e-05,1269522269876201.8,0.0,0.0,171759717418.7644,0.00013531903050926155,254
400.0,800.0,7.333333333333334,42.23696789826278,9.0,10.0,15.77777777777778,100.0,9.0,40.0,1.0,0.7853981633974483,7.0,30.0,12.0,42500.0,0.225,75.0,2.15e-06,190000.0,0.32,450.0,7.7e-06,320000.0,318708.8717347564,0,1291.1282652430075,400.00000000000045,199.29535484171757,186358099993819.38,735944056918273.2,0.375,928519117466.6193,935085015613.2686,1839860142295.6853,1839860142295.6812,62879161.132318944,53.714968747525205,17123659054819.531,399.99999999999983,346.2850070032142,1,142013055.32709554,142013055.32709554,-1.3429962564259768e-07,-26.792975742836006,10.872074726968645,0.030876829464687484,186356496428708.66,121131722.60578024,6.5e-07,48399996536.05329,0.000268541813503879,255
300.0,700.0,9.444444444444445,70.05557692032795,2.0,30.0,20.0,255.55555555555557,4.0,10.0,,,,,12.0,50000.0,0.225,120.0,2.15e-06,195000.0,0.28,400.0,7.850000000000001e-06,210000.0,208837.66657558287,0,1162.3334244171856,349.9999999999999,148.41338218065977,81501206468551.0,439739995590123.25,-0.375,537654363168.677,549149984125.70166,1256399987400.3518,1256399987400.3525,39703202.05622109,50.899710020392675,12010364778106.016,349.99999999999983,249.10028766724068,1,114826210.8029222,114826210.8029222,-9.685754776000977e-08,-30.237534872998367,7.753875656347951,0.02769241305838554,81497000587951.42,16299400.066809626,2e-07,29870613371.404438,0.00038322748346763293,256
1000.0,500.0,9.444444444444445,70.05557692032795,2.0,20.0,13.666666666666668,144.44444444444446,10.0,30.0,20.0,300.0,10.0,50.0,4.0,35000.0,0.15,75.0,1.975e-06,195000.0,0.29,500.0,7.75e-06,500000.0,492415.44418880646,0,7584.55581119341,249.99999999999997,495.15992107368356,1570242623119995.0,403632926418418.0,0.5,3110376312553.3833,3171182796287.608,1614531705673.6719,1614531705673.672,258939201.23932847,239.22632714898484,374317262956739.0,249.99999999999972,760.7736728538499,1,1947222611.848912,1947222611.848912,-2.123415470123291e-07,17.846091042061744,121.69800839121727,0.12635197267599926,1570211302393236.8,863616215.7275435,5.5e-07,152090881246.9423,0.00010537691036088928,257
700.0,500.0,13.666666666666668,146.6949236301234,8.0,40.0,13.666666666666668,211.11111111111111,5.0,10.0,10.5,150.0,1.0,40.0,8.0,42500.0,0.2,120.0,1.975e-06,195000.0,0.28,550.0,7.75e-06,350000.0,347470.88503187604,0,2529.114968123843,249.99999999999977,349.99608462083154,641728320123719.0,318307270086464.75,3.75,1833488975197.657,1833529997396.7874,1273229080345.858,1273229080345.86,155956561.8889793,107.46803224176908,81554981393594.5,250.0000000000003,592.5320464337011,1,463234650.11223835,463234650.11223835,3.725290298461914e-08,-0.08559358165075537,28.097732525273887,0.0411286643539275,641721492459292.6,160430373.1146142,2.5e-07,90117881063.55237,0.00015008805618220872,258
500.0,500.0,3.111111111111111,7.601878519797524,8.0,20.0,3.111111111111111,7.601878519797524,6.0,30.0,,,,,8.0,50000.0,0.15,60.0,2.325e-06,195000.0,0.28,600.0,7.8e-06,250000.0,249893.57369412069,0,106.42630587951602,249.99999999999991,250.0455239892512,261192432456916.38,260761176614118.38,-0.375,1044960012821.2319,1044579516121.0099,1043044706456.4731,1043044706456.4739,53402435.72038417,17.996828988398022,1853397084493.2656,249.99999999999997,482.00317102553294,1,13524251.258164618,13524251.258164618,-7.334165275096893e-09,10.668432290697638,2.982546161506476,0.006366915433135437,261192419896857.1,52238483.9799412,2e-07,56950486051.008865,0.0002188597281827839,259
700.0,900.0,9.444444444444445,70.05557692032795,4.0,50.0,3.111111111111111,7.601878519797524,8.0,40.0,,,,,8.0,27500.0,0.175,105.0,1.975e-06,210000.0,0.28,550.0,7.9e-06,630000.0,629658.9626593054,0,341.0373406948017,450.0,350.6716033721699,712944754694341.0,1174670451027738.5,-3.0,2040901230980.953,2033083796459.243,2610378780061.641,2610378780061.641,249994914.78465706,27.897867202544106,5299479361404.5625,450.0,672.1021558330971,1,30237389.513364084,30237389.513364084,-6.28642737865448e-09,33.83955686257195,2.7812928674622017,0.004224035743415419,712944419024167.4,249530546.60591057,3.5e-07,114621142249.76419,0.00016213456853356572,260
100.0,800.0,3.111111111111111,7.601878519797524,10.0,10.0,20.0,300.0,7.0,10.0,,,,,28.0,50000.0,0.175,75.0,2.325e-06,190000.0,0.31,600.0,7.9e-06,80000.0,77823.98125962469,0,2176.0187403752984,400.0,48.04609801639748,3604254031644.621,232862862597809.38,0.078125,69374077673.36092,75016581584.09738,582157156494.5234,582157156494.5234,4287773.513555151,31.075113151403517,1368758681334.8174,400.0000000000004,68.92486458386959,1,84613204.82738937,84613204.82738937,8.940696716308594e-08,21.731887843867298,28.920600632188304,0.3615075079023538,3594719787181.72,359471.978718172,1e-07,4298555736.609331,0.0013189446660738847,261
400.0,1000.0,7.333333333333334,42.23696789826278,10.0,40.0,7.333333333333334,42.23696789826278,7.0,50.0,,,,,4.0,42500.0,0.25,120.0,2.15e-06,190000.0,0.28,600.0,7.8e-06,400000.0,399281.9714840155,0,718.0285159847779,499.9999999999998,200.19630319813277,229122799442633.25,1425813591304053.5,0.75,1146739540409.2043,1144490661327.9075,2851627182608.1055,2851627182608.1084,97348191.14394782,29.816581500400325,6019168722674.125,500.00000000000017,370.1834187583164,1,71548104.63312261,71548104.63312261,5.029141902923584e-08,42.92232913036423,5.0302620925500685,0.01452433712959596,229122340935183.56,57280585.22204319,2.5e-07,72313953411.81395,0.0003197414696602054,262
300.0,600.0,3.111111111111111,7.601878519797524,3.0,30.0,7.333333333333334,42.23696789826278,5.0,40.0,,,,,8.0,50000.0,0.225,105.0,2.325e-06,190000.0,0.31,500.0,7.850000000000001e-06,180000.0,179766.0095467064,0,233.9904532936802,299.99999999999983,149.69381780659242,67878341108755.41,271124827118444.88,0.375,451600460594.5779,453447858457.693,903749423728.149,903749423728.1501,30666622.01160226,24.918972006182955,2303868492128.1875,300.0,275.0810819886278,1,27287894.4873733,27287894.4873733,-4.7497451305389404e-08,-22.534572841330373,2.601234633970427,0.010147859433612804,67878203650214.59,30545191.62738546,4.5e-07,28470189537.784813,0.00042244230263803115,263
300.0,500.0,7.333333333333334,42.23696789826278,3.0,20.0,9.444444444444445,70.05557692032795,1.0,10.0,,,,,12.0,50000.0,0.175,90.0,2.325e-06,210000.0,0.28,500.0,7.9e-06,150000.0,149803.23352820482,0,196.76647179515317,249.99999999999991,150.13874236943346,56778680420923.375,156942502982677.44,-0.125,378874976218.9536,378174743739.44714,627770011930.7096,627770011930.71,23678692.166589677,18.066831851710806,1100587313600.211,250.00000000000003,281.9331748142243,1,11360329.951340206,11360329.951340206,2.010373481514671e-08,16.076922423126234,3.0634809878566673,0.01073858963687451,56778508958415.96,14194627.241171427,2.5e-07,20747326058.30811,0.00036970104427637315,264
900.0,100.0,13.666666666666668,211.11111111111111,1.0,40.0,20.0,188.88888888888889,9.0,20.0,,,,,12.0,42500.0,0.15,75.0,2.5e-06,195000.0,0.31,550.0,7.75e-06,90000.0000146606,88992.0013205743,0,1007.9986940863398,50.00000000024723,440.4338770633227,284494663006459.25,3216348105488.496,-403.71875,619050554006.2604,645941826508.4011,64326962110.088,64326962109.45184,43435922.41662463,213.30588955386943,81656004123350.56,50.0000000008993,686.6941128822568,1,366134047.8093937,366134047.8093937,-0.0027752448804676533,-3.15935664511926,75.48643021398114,0.0867660117402082,284492700351284.56,156470985.3644804,5.5e-07,29932459528.48031,0.00011845943125387843,265
600.0,1000.0,9.444444444444445,70.05557692032795,3.0,20.0,1.0,0.7853981633974483,1.0,30.0,5.75,25.967226777328133,10.0,30.0,32.0,20000.0,0.25,90.0,2.15e-06,190000.0,0.29,500.0,7.75e-06,600000.0,599269.703376979,0,730.2966230210033,499.9999999999999,300.82927805380706,364496431418147.6,1024421851271743.5,1.0,1218355957584.9932,1211638819785.8618,2048843702543.4866,2048843702543.4875,189661149.4140798,48.71480190016992,8917217521244.812,500.00000000000017,551.2853794937822,1,79058899.82319634,79058899.82319634,-1.778826117515564e-07,32.10684949859569,5.6846093321345945,0.0099817547535287,364496004992861.25,109348801.45764115,3e-07,65341410613.816696,0.00018160133744069118,266
600.0,200.0,9.444444444444445,70.05557692032795,5.0,20.0,11.555555555555555,104.87489549761482,6.0,20.0,15.25,300.0,1.0,40.0,4.0,42500.0,0.2,90.0,1.975e-06,195000.0,0.28,450.0,7.8e-06,120000.0,118420.47273593342,0,1579.527264066589,100.00000000000009,297.83526228305357,164242115149712.0,17467509239017.914,-0.21875,543551561941.5731,551452886708.9663,174675092390.1793,174675092390.179,40621380.53723241,127.75835455078544,34387888563477.125,99.99999999999996,472.24164569328906,1,233450960.18517914,233450960.18517914,6.51925802230835e-09,-7.075299071060726,39.14516487939477,0.06817075925820089,164237917265655.9,0.0,0.0,27390405586.809376,0.00018196766921239625,267
400.0,1000.0,20.0,211.11111111111111,10.0,50.0,13.666666666666668,188.88888888888889,1.0,50.0,,,,,32.0,35000.0,0.25,90.0,1.975e-06,205000.0,0.31,500.0,7.75e-06,400000.0,397699.99991143536,0,2300.0000885645527,500.00000000000085,203.17192730157578,194220783080239.25,1194980208800763.0,-0.5,986753466706.0435,955943006791.2384,2389960417601.5303,2389960417601.522,85506504.07492633,35.76893475667349,4454854786518.0625,500.00000000000006,364.2310663336527,1,86588402.56332754,86588402.56332754,-3.3639480701553135e-08,32.635637722953106,17.90207234826674,0.05216728222763638,194212930045979.88,38842586.05484321,2e-07,65014823316.847015,0.0003504135448578228,268
600.0,500.0,15.77777777777778,277.77777777777777,8.0,20.0,20.0,233.3333333333333,10.0,50.0,,,,,32.0,50000.0,0.175,60.0,1.975e-06,190000.0,0.28,400.0,7.850000000000001e-06,300000.0,295444.4444727012,0,4555.555527298864,250.0,300.4001072419485,491862492105958.0,323895141686424.9,-1.5,1641731202164.2556,1637357911160.1372,1295580566745.6995,1295580566745.6995,83707270.96649511,113.8945025691373,95122556478988.88,249.99999999999991,486.1054978271487,1,487015531.85280484,487015531.85280484,-5.21540641784668e-08,-15.095980071389931,35.06985551661435,0.06494417688261918,491844927036069.3,122961231.76840234,2.5e-07,80356029175.69235,0.0001836353271236879,269
100.0,300.0,20.0,100.0,4.0,50.0,9.444444444444445,70.05557692032795,5.0,50.0,5.75,25.967226777328133,3.0,50.0,20.0,42500.0,0.2,120.0,1.975e-06,195000.0,0.32,550.0,7.9e-06,30000.000000716136,29150.490202204986,0,849.5097985111444,149.9999999999999,49.703121027253665,1070806051522.2339,10223518076550.98,-0.0078125,21289711675.797153,21544040482.590214,68156787177.006485,68156787177.00659,1832494.9619761496,26.399029328428586,206406064899.94482,150.00000000000009,73.60096870974269,1,21085275.17337005,21085275.17337005,-1.792795956134796e-08,13.040002870931858,18.183451302517323,0.3029414613983615,,,,,,270
800.0,900.0,13.666666666666668,277.77777777777777,10.0,50.0,11.555555555555555,122.22222222222224,3.0,50.0,5.75,25.967226777328133,5.0,40.0,24.0,50000.0,0.25,120.0,2.5e-06,210000.0,0.29,450.0,7.850000000000001e-06,720000.0,716595.8833291422,0,3404.116670858355,450.00000000000057,403.62028874682426,1979912773604762.0,2472719323817670.0,-24.0,4994990201050.305,4905384661787.124,5494931830705.94,5494931830705.927,354656257.8900868,56.605964410923754,47021420660312.5,450.00000000000017,743.3940834538769,1,227110201.64927983,227110201.64927983,1.2759119272232056e-07,39.28673773936862,19.871926170493303,0.026701602804992973,1979899018834551.2,1286934361.250191,6.5e-07,276732848677.6471,0.0001453015103666204,271
800.0,800.0,13.666666666666668,255.55555555555557,7.0,50.0,13.666666666666668,100.0,10.0,10.0,1.0,0.7853981633974483,5.0,50.0,28.0,35000.0,0.175,60.0,2.5e-06,205000.0,0.31,400.0,7.8e-06,640000.0,637203.2571513798,0,2796.742848620728,399.99999999999994,401.7134424715825,1255418695195361.5,1218910453281731.0,14.0,3152048874021.534,3125159784226.466,3047276133204.327,3047276133204.328,228241045.34401533,96.14220244938116,105748602876311.5,399.99999999999983,703.8575924073856,1,338992251.0964239,338992251.0964239,-4.5969500206410885e-08,-17.699960293669847,32.65126740586132,0.04169133953346623,1255409605531014.8,251081921.14539883,2e-07,154761129619.0814,0.00013057797267815793,272
700.0,900.0,7.333333333333334,42.23696789826278,4.0,30.0,9.444444444444445,70.05557692032795,6.0,50.0,,,,,12.0,27500.0,0.175,60.0,1.975e-06,190000.0,0.29,600.0,7.9e-06,630000.0,629410.7186679502,0,589.2813320500984,449.9999999999997,349.34078160299975,716133010202458.5,1177062034885373.0,3.5,2042247779699.5647,2049955367124.275,2615693410856.383,2615693410856.386,190546631.93617988,60.916226434959064,29157425382862.0,450.0000000000001,639.0837854494876,1,164715121.6103653,164715121.6103653,0.0,19.150229940583813,9.17358950304822,0.014216496862683734,716132457199417.1,214839737.1138888,3e-07,111712248269.71686,0.000158089682169287,273
500.0,500.0,1.0,0.7853981633974483,10.0,50.0,13.666666666666668,211.11111111111111,5.0,40.0,1.0,0.7853981633974483,10.0,40.0,32.0,50000.0,0.225,105.0,2.325e-06,190000.0,0.32,500.0,7.7e-06,250000.0,248920.88252179595,0,1079.1174782039438,250.00000000000037,247.64382200662612,266516775472347.5,263585219597341.12,-2.125,1056113536001.2682,1076210071839.4518,1054340878389.3661,1054340878389.3629,72783952.69179346,77.85144668142242,32310133022005.438,250.0,422.1484925330338,1,237894766.7220135,237894766.7220135,1.9470462575554848e-08,18.477993029096694,14.398920177512698,0.03177400554628807,266513406219919.84,53302681.15455936,2e-07,63440875652.74195,0.00024527788543439623,274
1000.0,500.0,20.0,144.44444444444446,9.0,30.0,5.222222222222222,21.419068431419294,5.0,30.0,10.5,86.59014751456867,3.0,30.0,20.0,50000.0,0.25,120.0,2.325e-06,190000.0,0.28,600.0,7.9e-06,500000.0,498073.3639298368,0,1926.636070163325,250.00000000000003,503.02510354495405,2127498738393794.0,527888873211721.5,-2.5,4280897794977.9355,4229408678415.321,2111555492846.8862,2111555492846.8857,305783615.0260563,67.20318607772265,41500121988535.5,249.99999999999997,932.7968081293723,1,232921764.02074692,232921764.02074692,-2.4959444999694824e-07,-32.91183237230871,22.388646293738816,0.023143377548387273,2127495183607185.5,744623314.4536237,3.5e-07,222002112300.1435,0.00010716803763616155,275
100.0,400.0,9.444444444444445,122.22222222222224,5.0,10.0,13.666666666666668,146.6949236301234,1.0,50.0,15.25,150.0,5.0,50.0,4.0,20000.0,0.2,120.0,1.8e-06,190000.0,0.28,550.0,7.850000000000001e-06,39999.999956698724,38504.52421135704,0,1495.4757453416935,199.9999999999999,55.88674611490806,813533437952.669,14297935665189.46,0.001953125,18441927681.684853,14556822404.367088,71489678325.94727,71489678325.94734,2631122.9988345862,20.1266233725982,65409452551.73828,200.00000000000009,79.87337663582485,1,12601900.391026698,12601900.391026698,-8.754432201385498e-08,0.07949668047513114,13.929865447178752,0.3226995856489287,811142378119.9651,0.0,0.0,877478608.0197045,0.0013293646684991386,276
200.0,900.0,15.77777777777778,277.77777777777777,6.0,50.0,1.0,0.7853981633974483,7.0,50.0,15.25,200.0,7.0,30.0,24.0,50000.0,0.2,75.0,1.975e-06,190000.0,0.28,450.0,7.7e-06,180000.00001132878,176047.99717426306,0,3952.002837065651,449.9999999999994,100.83957393605412,30590508848070.03,680340386176290.0,1.0,308495133213.1534,303358172332.90314,1511867524836.198,1511867524836.2021,17339248.32327018,39.27692366028747,3165734592645.578,449.99999999999994,160.72294365131035,1,119955033.55136086,119955033.55136086,-7.450580596923828e-08,-38.5690337309934,34.560712711451956,0.23117533586255484,,,,,,277
900.0,1000.0,1.0,0.7853981633974483,8.0,20.0,3.111111111111111,7.601878519797524,9.0,40.0,,,,,16.0,27500.0,0.2,105.0,1.975e-06,205000.0,0.32,500.0,7.8e-06,900000.0,899925.2998985223,0,74.7001014781999,499.99999999999915,449.8190406337452,1672855875677264.0,2063673369698174.0,9.0,3715963194072.53,3718953011238.465,4127346739396.341,4127346739396.355,457295140.88493294,29.07388276528552,9872864827608.25,500.00000000000017,870.9261158158536,1,29405309.735862486,29405309.735862486,1.3504177331924438e-08,-37.52604910111722,0.49785330066036093,0.0005799481886984645,1672855867067406.8,334571173.4179627,2e-07,194467756222.0223,0.00011641911766853888,278
100.0,500.0,17.88888888888889,277.77777777777777,7.0,30.0,13.666666666666668,233.3333333333333,4.0,20.0,1.0,0.7853981633974483,10.0,30.0,4.0,35000.0,0.25,75.0,1.8e-06,210000.0,0.31,600.0,7.8e-06,50000.000000198546,47109.15816818584,0,2890.8418320127194,249.99999999999952,49.98467463372514,1598219234205.5234,47438875715342.81,0.046875,31954590368.07939,31974185006.041622,189755502861.37088,189755502861.3716,2610814.46816478,33.71888171824626,553815931153.6865,250.0,66.28111864585979,1,40338455.04095905,40338455.04095905,-1.775333657860756e-08,36.804316511399975,31.671798878549485,0.4328098113193889,,,,,,279
800.0,1000.0,15.77777777777778,100.0,8.0,50.0,15.77777777777778,211.11111111111111,9.0,40.0,15.25,100.0,10.0,30.0,28.0,20000.0,0.2,90.0,1.975e-06,190000.0,0.31,400.0,7.8e-06,800000.0,795299.9998404597,0,4700.000159540358,500.0000000000006,395.89828111643345,920204474343425.0,1447217914775051.0,-7.5,2277160505245.37,2324345717663.759,2894435829550.1055,2894435829550.098,363836213.6050691,168.9186318714398,190256563122465.0,499.9999999999996,631.0813687939885,1,889657142.8210908,889657142.8210908,4.3585896492004395e-07,30.676143855424016,29.265643191887424,0.03891132940353916,920194176822974.9,184038835.1578806,2e-07,120447753671.7966,0.00014187384328635328,280
100.0,400.0,17.88888888888889,211.11111111111111,4.0,30.0,7.333333333333334,42.23696789826278,8.0,50.0,15.25,100.0,7.0,10.0,32.0,20000.0,0.175,60.0,2.15e-06,205000.0,0.3,450.0,7.9e-06,39999.999992305544,38797.51348308599,0,1202.4865092195523,200.0000000000001,51.89750408785273,685376806205.9263,14558537992041.188,-0.015625,14248258706.942665,13206353913.392675,72792689960.20598,72792689960.2059,1687883.6294328023,28.291195984744995,108054970722.66992,199.99999999999991,71.70880513550598,1,13367668.542760156,13367668.542760156,9.313225746154785e-10,-23.824473194836173,25.435828346477834,0.515076332326735,,,,,,281
800.0,100.0,15.77777777777778,255.55555555555557,10.0,20.0,9.444444444444445,70.05557692032795,4.0,30.0,,,,,32.0,27500.0,0.225,105.0,2.15e-06,205000.0,0.29,600.0,7.75e-06,79999.99999957054,78676.41839306429,0,1323.5816065062388,49.9999999995777,420.8403337068004,148557687437086.2,1893867181434.252,-482.1171875,391807728098.92786,353002494149.20953,37877343628.36513,37877343629.00495,43406390.1336947,120.36590219823165,27076390744389.844,49.999999998207834,679.634095640536,1,127050627.52638745,127050627.52638745,-0.013200369896367192,13.093089375106501,27.397865324331296,0.035801203330941625,148555176313352.75,44566552.99549557,3e-07,15303311456.970955,0.00013363226206941216,282
200.0,400.0,13.666666666666668,146.6949236301234,1.0,10.0,17.88888888888889,255.55555555555557,7.0,10.0,5.75,25.967226777328133,7.0,20.0,24.0,27500.0,0.25,120.0,2.5e-06,200000.0,0.31,400.0,7.850000000000001e-06,80000.0,77700.8749639927,0,2299.1250360072895,200.00000000000023,91.20323278911425,9447293161445.52,35320433366539.125,-0.015625,86834318736.08339,103585068999.58397,176602166832.69583,176602166832.69543,13616610.938832296,80.62121582893887,5784555158885.105,200.0000000000001,119.37884924778567,1,134315974.75050935,134315974.75050935,-1.4435499906539917e-08,-19.349821755083212,24.567437726136497,0.1356900517940365,9439524717506.67,2359881.0994307767,2.5e-07,4298786589.132344,0.000607878229494262,283
800.0,500.0,5.222222222222222,21.419068431419294,1.0,50.0,15.77777777777778,122.22222222222224,8.0,40.0,20.0,300.0,7.0,30.0,32.0,35000.0,0.2,90.0,2.15e-06,200000.0,0.3,500.0,7.850000000000001e-06,400000.0,394800.80312582373,0,5199.196874175892,250.0000000000009,396.1491251294788,788090100948382.0,325356900842053.4,-6.0,1951438389730.001,1989377360585.6123,1301427603368.2183,1301427603368.2087,177944398.54783916,183.70233707453067,165236692173233.5,249.9999999999998,616.2976629386629,1,1117982263.7959576,1117982263.7959576,2.0116567611694336e-07,-17.83056810416747,79.66683997620993,0.10592429603613267,788068138696237.1,157613627.56759992,2e-07,105081757216.28696,0.00014175569018415614,284
100.0,300.0,15.77777777777778,300.0,1.0,10.0,13.666666666666668,122.22222222222224,5.0,30.0,10.5,86.59014751456867,5.0,40.0,24.0,42500.0,0.225,60.0,2.325e-06,190000.0,0.31,550.0,7.850000000000001e-06,29999.999995358594,28385.871732021813,0,1614.1282633367869,149.99999999999983,50.88301051883656,1148211263236.98,11183334182914.469,0.021484375,23377069225.2489,22565710077.471138,74555561219.4297,74555561219.42987,1357218.0883472422,28.2743956647963,276132831369.14844,150.00000000000006,71.725609916317,1,20677035.715308778,20677035.715308778,-5.005858838558197e-09,16.82331720432012,30.78299164371071,0.4801194785853361,1145020289762.1614,98872503.17332488,8.635e-05,1616142931.4723625,0.0015439992944080313,285
700.0,300.0,17.88888888888889,188.88888888888889,7.0,40.0,13.666666666666668,144.44444444444446,5.0,50.0,,,,,16.0,27500.0,0.2,120.0,1.975e-06,200000.0,0.29,600.0,7.8e-06,210000.0,207955.55560124986,0,2044.4443987502561,149.99999999999994,355.2454019615949,267028494098834.0,44893270724573.45,0.375,774546577821.3855,751673329547.2804,299288471497.15625,299288471497.1565,98810025.23233439,119.97205522671642,45443583987672.56,150.00000000000023,580.027944780633,1,286299798.0869825,286299798.0869825,-4.936009645462036e-08,32.20109335760935,32.49449299148329,0.05052266337407851,267022859156575.56,200267144.09422407,7.5e-07,38633122875.9326,0.00016579794924404881,286
100.0,700.0,15.77777777777778,233.3333333333333,3.0,10.0,3.111111111111111,7.601878519797524,4.0,50.0,20.0,250.0,7.0,20.0,4.0,42500.0,0.2,120.0,2.325e-06,200000.0,0.32,550.0,7.75e-06,69999.99998500015,68161.03999312491,0,1838.9599918753017,349.9999999999996,51.77649950756274,2625113978486.6953,147235820980936.0,0.0546875,54436404484.95405,50700877878.06624,420673774231.24524,420673774231.2462,4312519.898688663,17.592897614757273,161315747661.6543,349.9999999999999,82.40735191263411,1,21651488.061949473,21651488.061949473,1.601874828338623e-07,58.969185144262156,13.14033754155612,0.2691177711985464,2620930951092.8706,187003427.49270868,7.135e-05,3369919398.5260043,0.0013749031106321372,287
300.0,400.0,5.222222222222222,21.419068431419294,1.0,40.0,20.0,122.22222222222224,1.0,10.0,,,,,20.0,35000.0,0.175,120.0,1.8e-06,195000.0,0.32,500.0,7.8e-06,120000.0,119856.35871709614,0,143.64128290385585,200.0,149.48515184154985,31869087557007.58,56000196038929.22,-0.078125,211733845178.23996,213192328230.61874,280000980194.6461,280000980194.6461,22019532.340260148,29.348306472065605,1616298723228.3828,200.00000000000003,270.6516974593628,1,17503001.50020013,17503001.50020013,-2.524268943863601e-09,17.16760407165566,2.096753925269226,0.0074884068759615225,31868848653442.367,7967212.155750928,2.5e-07,12085688497.911024,0.0003843725885027676,288
100.0,900.0,20.0,100.0,7.0,20.0,13.666666666666668,122.22222222222224,7.0,50.0,1.0,0.7853981633974483,10.0,20.0,8.0,35000.0,0.25,75.0,2.15e-06,200000.0,0.3,500.0,7.850000000000001e-06,90000.00000032762,88429.0644850637,0,1570.9355152639298,449.9999999999992,50.9706033166575,2677363772807.0527,233385622252386.38,0.15625,54607316302.4801,52527606082.54511,518634716116.41327,518634716116.4151,4289079.890932515,19.047241006127013,192641847215.83398,450.0000000000008,80.95275044891346,1,23548680.73517408,23548680.73517408,-1.7782440409064293e-07,24.325493034650094,16.30323074801428,0.3776685054105122,,,,,,289
700.0,1000.0,1.0,0.7853981633974483,6.0,20.0,17.88888888888889,100.0,9.0,10.0,,,,,16.0,20000.0,0.225,105.0,1.975e-06,200000.0,0.31,400.0,7.75e-06,700000.0,699095.2876163231,0,904.7123836768884,499.9999999999995,346.23299587105083,589313913439921.2,1182379442691509.0,2.0,1665824982437.0688,1702073229494.8635,2364758885383.0156,2364758885383.0205,287777499.6144134,102.0544351527102,67436740143976.25,499.99999999999966,597.9455888602719,1,244454048.75854284,244454048.75854284,9.685754776000977e-08,37.58449924636079,4.829052850657079,0.00709054175042933,589312481520065.5,0.0,0.0,86094015776.18558,0.00015091614465269435,290
600.0,800.0,20.0,166.66666666666666,5.0,40.0,17.88888888888889,255.55555555555557,10.0,10.0,20.0,100.0,7.0,30.0,28.0,35000.0,0.25,75.0,2.325e-06,205000.0,0.3,550.0,7.75e-06,480000.0,475211.11103097815,0,4788.888969021933,399.9999999999993,294.86877486970144,550973170303826.25,959110790299861.5,6.0,1805692518255.21,1868536845067.0774,2397776975749.65,2397776975749.6577,152573178.28361562,138.85678235997577,142576004236204.12,400.00000000000017,461.1432179447454,1,1010434007.9383252,1010434007.9383252,1.7508864402770996e-07,-25.611621923584607,50.75121326956875,0.08734313403721106,550957967538417.0,247931084.89518678,4.5e-07,88283702174.57364,0.00017742068399789415,291
900.0,400.0,7.333333333333334,42.23696789826278,4.0,40.0,1.0,0.7853981633974483,1.0,50.0,,,,,20.0,35000.0,0.25,75.0,2.15e-06,195000.0,0.28,600.0,7.8e-06,360000.0,359830.2667332804,0,169.73326671971157,199.99999999999994,450.86588462482894,854973789645863.0,168367122394905.75,0.75,1903604648094.2236,1896292930562.4824,841835611974.5286,841835611974.5289,154839568.79762962,12.791340752910095,148502825641.875,200.0,887.2086690093671,1,4615995.209140787,4615995.209140787,-9.711919914209261e-09,10.711668173583007,4.756399358660968,0.005599057514609733,854973678795704.0,85497367.8795704,1e-07,104544024819.20111,0.00012301390364466042,292
200.0,800.0,20.0,277.77777777777777,1.0,30.0,15.77777777777778,166.66666666666666,8.0,30.0,,,,,12.0,27500.0,0.175,120.0,2.5e-06,195000.0,0.28,600.0,7.7e-06,160000.0,158388.8889251416,0,1611.1110748584329,400.0000000000001,97.62737805726262,15673441813834.71,247221140443420.38,-0.34375,153101889122.2863,160543508652.2714,618052851108.5511,618052851108.5508,21103992.275969964,50.836046191006325,4192718808944.7812,400.00000000000006,149.1639538157658,1,130290120.48190667,130290120.48190667,7.450580596923828e-08,34.51316493994091,14.107713480988664,0.08702496327342217,15668795999995.182,8617837.849856535,5.5e-07,11685371506.639324,0.0008019576544631487,293
800.0,1000.0,17.88888888888889,166.66666666666666,9.0,20.0,1.0,0.7853981633974483,7.0,50.0,1.0,0.7853981633974483,5.0,10.0,4.0,35000.0,0.225,90.0,1.975e-06,195000.0,0.3,550.0,7.8e-06,800000.0,798486.6481930971,0,1513.3518069029637,499.99999999999994,403.14280203348943,1526245107271108.0,2356872709031945.0,-4.0,3845829469873.7017,3785867190416.366,4713745418063.89,4713745418063.891,338635531.6631978,16.764791812038137,934472824407.6875,500.0000000000007,783.2352086262399,1,23040357.69525086,23040357.69525086,-6.196205504238605e-08,32.5128433732292,12.957244830724122,0.017287851675415772,1526241226818840.0,381560306.8378499,2.5e-07,200299332851.31424,0.0001345780427046245,294
700.0,1000.0,20.0,233.3333333333333,3.0,20.0,20.0,233.3333333333333,7.0,30.0,15.25,150.0,5.0,50.0,20.0,42500.0,0.2,105.0,2.325e-06,200000.0,0.28,550.0,7.75e-06,700000.0,696166.6667672729,0,3833.3332327272683,499.9999999999999,348.57394066335826,1255966123678144.0,2561773937132492.0,-7.0,3573912890947.611,3603155535057.9595,5123547874264.982,5123547874264.985,286683480.75400305,107.05035584326056,141525930869197.75,500.0000000000006,592.9496432690992,1,860755761.0347141,860755761.0347141,6.183981895446777e-07,-48.1206073268404,24.307904589436344,0.036830158468842945,1255953877157391.0,565179244.8723276,4.5e-07,188750478576.2849,0.00015639338826446675,295
900.0,400.0,20.0,277.77777777777777,6.0,10.0,20.0,166.66666666666666,6.0,40.0,,,,,24.0,35000.0,0.225,120.0,2.15e-06,200000.0,0.31,400.0,7.7e-06,360000.0,357333.3333787165,0,2666.6666212835753,200.00000000000026,454.00690211412456,927546405337299.5,173898767093164.0,-2.25,2079732645491.8547,2043022696390.947,869493835465.8212,869493835465.8188,211013241.93243173,128.00529887372656,117259835515586.0,200.00000000000017,771.9947099206331,1,339093906.27357394,339093906.27357394,-9.96515154838562e-07,47.271565692906734,17.253547010526283,0.020298290600619155,927536384993242.5,602898649.853733,6.5e-07,97277377468.46542,0.00011608940615719588,296
800.0,1000.0,9.444444444444445,122.22222222222224,4.0,50.0,3.111111111111111,7.601878519797524,4.0,50.0,,,,,4.0,27500.0,0.225,120.0,2.325e-06,190000.0,0.29,600.0,7.8e-06,800000.0,799480.7036022642,0,519.2963977358438,500.0000000000002,401.16411030173975,1183375214061375.0,1842637060369263.0,-8.5,2967073035871.117,2949853149054.852,3685274120738.528,3685274120738.5244,387768266.655598,22.813469698776473,3246370443759.3125,500.0000000000001,777.1865304084212,1,29185423.693240378,29185423.693240378,-1.1641532182693481e-09,-42.99176150270796,3.6371484909077045,0.004859610514107624,1183374307373561.2,295843576.7534101,2.5e-07,168283771499.24695,0.0001435405074230032,297
700.0,800.0,11.555555555555555,104.87489549761482,4.0,10.0,15.77777777777778,122.22222222222224,9.0,40.0,1.0,0.7853981633974483,3.0,50.0,28.0,35000.0,0.225,90.0,2.15e-06,200000.0,0.32,400.0,7.9e-06,560000.0,558475.7880384629,0,1524.2119615374602,400.0,348.4038140213943,824596024294462.5,1058838193235300.0,0.5,2345292859191.1357,2366782426336.5464,2647095483088.25,2647095483088.25,211702256.03858122,91.88833194690883,76763028402925.62,400.00000000000017,608.1115118266239,1,286672238.5792439,286672238.5792439,-3.194145392626524e-08,-42.82137176484531,10.83300587994652,0.016612208712920577,824593184600895.1,247377955.25352156,3e-07,119237569220.59914,0.00014971352825721596,298
800.0,400.0,3.111111111111111,7.601878519797524,10.0,20.0,5.222222222222222,21.419068431419294,1.0,20.0,15.25,200.0,1.0,10.0,8.0,50000.0,0.25,105.0,1.8e-06,205000.0,0.29,500.0,7.9e-06,320000.0,319502.5621428501,0,497.43785714977525,200.00000000000003,400.2014657554429,855494083746281.0,215566961996176.38,1.75,2139812956950.3987,2137658546880.637,1077834809980.8821,1077834809980.8817,144569580.43650293,55.64303494571838,13144754871633.375,199.99999999999991,744.3569729698742,1,88126894.24996623,88126894.24996623,-1.1175870895385742e-08,15.078933110824437,8.297007796408854,0.010672917913388242,855492761796644.5,0.0,0.0,112653789933.29237,0.0001321025072987645,299
600.0,200.0,17.88888888888889,100.0,6.0,20.0,5.222222222222222,21.419068431419294,9.0,40.0,1.0,0.7853981633974483,5.0,50.0,16.0,50000.0,0.2,90.0,2.5e-06,195000.0,0.29,600.0,7.75e-06,120000.0,119199.37440298799,0,800.6255970120134,100.00000000000018,302.6806519344986,188218283882625.25,20098118987289.625,-0.25,633050910098.0524,621837843547.9137,200981189872.8966,200981189872.89587,38935193.633797176,57.69433600971695,10207629021786.156,99.99999999999994,542.3057198152374,1,67598355.78693098,67598355.78693098,-1.716034603305161e-08,18.68568448430574,20.543129706841565,0.03685600866123933,188217288494532.6,37643457.71530169,2e-07,32717862296.36731,0.00018397171831691374,300
100.0,300.0,17.88888888888889,233.3333333333333,3.0,50.0,15.77777777777778,188.88888888888889,7.0,20.0,5.75,25.967226777328133,1.0,40.0,28.0,50000.0,0.15,75.0,2.5e-06,200000.0,0.29,600.0,7.9e-06,29999.999997496125,28021.875782285042,0,1978.1242152110838,150.0,47.09602166599512,1343667647045.5996,12857034658353.258,-0.0078125,25398234487.441856,28530385359.826942,85713564389.02171,85713564389.02171,1630730.5410904046,38.89919200866504,642514733411.5845,150.0,61.10081358617864,1,34536443.58541822,34536443.58541822,-9.313225746154785e-09,-30.972559190291577,42.79814843600368,0.5913036544253816,,,,,,301
200.0,1000.0,20.0,144.44444444444446,8.0,20.0,15.77777777777778,233.3333333333333,8.0,40.0,,,,,4.0,35000.0,0.225,105.0,1.8e-06,210000.0,0.32,500.0,7.7e-06,200000.0,196977.77775469358,0,3022.2222453064073,499.99999999999983,99.61914603102836,25218526522464.734,631102935321893.5,0.125,251228451695.18027,253149394741.94974,1262205870643.7866,1262205870643.7874,24457802.76675903,46.60043097781677,5609887426443.422,499.9999999999996,153.39947568916423,1,144141257.38468894,144141257.38468894,-1.4901161193847656e-08,-70.23213223117637,18.49485512071005,0.12158779827846228,25208458469868.945,2520845.8469868945,1e-07,16488781658.699661,0.0007143978950036762,302
500.0,700.0,9.444444444444445,70.05557692032795,1.0,10.0,5.222222222222222,21.419068431419294,2.0,40.0,,,,,4.0,27500.0,0.175,60.0,1.975e-06,195000.0,0.32,600.0,7.9e-06,350000.0,349887.1062823604,0,112.89371763959306,349.9999999999999,250.13197205127378,201478917075652.12,393698897935338.75,1.0,806341326378.0842,805490459389.78,1124853994100.9675,1124853994100.9683,74871627.23389392,19.35258715112446,1649661020296.4844,350.0000000000001,480.6473778972,1,12310615.218222482,12310615.218222482,2.0023435354232788e-08,14.857548243850033,2.259969701493953,0.004941024492488188,201478826693083.75,90665472.00488773,4.5e-07,42592937253.77804,0.00021250235804775623,303
700.0,900.0,17.88888888888889,122.22222222222224,10.0,10.0,7.333333333333334,42.23696789826278,9.0,50.0,,,,,4.0,20000.0,0.15,75.0,2.5e-06,190000.0,0.3,600.0,7.75e-06,630000.0,628397.6450414534,0,1602.3549585458547,450.0,353.85601477194507,542757541214227.75,870460536560666.0,3.5,1568010898287.4138,1533837263057.481,1934356747912.591,1934356747912.591,219176435.78803062,61.03537675518521,26477079716865.25,449.9999999999999,638.9647247079046,1,151133705.05401748,151133705.05401748,-2.2724270820617676e-07,67.08402898878921,12.388053818027656,0.019166663978382136,542755040328839.5,244239767.87497866,4.5e-07,77464467404.00757,0.0001509416410553609,304
700.0,900.0,5.222222222222222,21.419068431419294,1.0,50.0,17.88888888888889,233.3333333333333,7.0,10.0,,,,,28.0,42500.0,0.2,75.0,1.975e-06,190000.0,0.28,500.0,7.9e-06,630000.0,628345.2475770623,0,1654.7524229376254,450.00000000000114,347.0829033050445,1119770403614256.5,1827212294189859.0,-15.5,3172899284565.2134,3226233251339.7,4060471764866.364,4060471764866.3433,216945878.79625914,97.28902159754435,117509421385603.75,449.99999999999983,602.7109784126826,1,550443636.542979,550443636.542979,0.0,22.26237118888821,17.173015999861313,0.025215293908348806,1119764633596255.1,335929390.23651123,3e-07,163913763300.44818,0.00015073600500640894,305
500.0,200.0,13.666666666666668,122.22222222222224,6.0,30.0,11.555555555555555,188.88888888888889,5.0,50.0,,,,,4.0,35000.0,0.25,90.0,2.325e-06,190000.0,0.3,500.0,7.8e-06,100000.0,98322.22225601827,0,1677.77774398169,99.99999999999996,248.8824553382287,83602379133249.28,12024725601791.352,0.078125,332921298851.7103,335911099155.76215,120247256017.91347,120247256017.91357,30046334.94332124,118.51660834396506,23682717973155.312,100.00000000000001,381.4836206939529,1,202026880.32372433,202026880.32372433,-1.862645149230957e-09,-10.113822195286048,37.075437871882,0.08346146598645847,83598326717278.44,16719665.330849623,2e-07,16718085209.332148,0.00023471795657026035,306
600.0,800.0,7.333333333333334,42.23696789826278,1.0,10.0,11.555555555555555,166.66666666666666,9.0,20.0,,,,,4.0,50000.0,0.175,105.0,1.975e-06,200000.0,0.3,450.0,7.8e-06,480000.0,478457.76298958337,0,1542.2370104168303,399.9999999999997,297.5285751892681,737293897149494.5,1293131921635750.5,1.0,2437565457996.0664,2478060793590.9233,3232829804089.374,3232829804089.3784,167590941.85007435,85.48839489822248,80025201058999.75,400.00000000000006,514.5116563173494,1,384227940.0286025,384227940.0286025,5.587935447692871e-08,-31.520097252971027,11.345402531711171,0.01975786044226832,737289890481927.9,479238428.364109,6.5e-07,125196410763.5184,0.00017503597373446657,307
500.0,700.0,3.111111111111111,7.601878519797524,10.0,20.0,5.222222222222222,21.419068431419294,9.0,10.0,5.75,25.967226777328133,1.0,10.0,4.0,35000.0,0.175,60.0,1.8e-06,195000.0,0.28,500.0,7.8e-06,350000.0,349679.2751624275,0,320.7248375725085,350.0,249.62764262229805,257579755633645.5,503183311383303.0,-1.0,1028786717237.6012,1031855899161.6946,1437666603952.2942,1437666603952.2942,75359944.87633775,39.1895657882537,8516045379300.125,350.0,460.8105003871338,1,54026572.32962833,54026572.32962833,1.1175870895385742e-08,14.98726974577221,5.349701486092592,0.010976248352168204,257579661713088.9,0.0,0.0,53662940700.84149,0.00021057564682735842,308
400.0,700.0,15.77777777777778,122.22222222222224,6.0,30.0,20.0,277.77777777777777,4.0,50.0,10.5,86.59014751456867,10.0,50.0,24.0,27500.0,0.25,60.0,1.8e-06,210000.0,0.32,450.0,7.850000000000001e-06,280000.0,276423.75265618146,0,3576.2473438180896,350.00000000000034,199.6170246731727,112170433433872.12,356686124477799.9,0.5,559780257034.9136,561928190331.0883,1019103212793.715,1019103212793.7129,52232124.550002635,93.80949469830722,25417794163435.72,350.0,306.1903886976198,1,292483491.1974938,292483491.1974938,3.5390257835388184e-07,-21.446526539035403,41.35365137612817,0.12162838640037697,112161271869116.47,61688699.507221475,5.5e-07,31402821321.233944,0.0003084519008096767,309
1000.0,300.0,15.77777777777778,100.0,5.0,50.0,3.111111111111111,7.601878519797524,10.0,50.0,20.0,100.0,1.0,10.0,4.0,50000.0,0.2,75.0,1.8e-06,190000.0,0.28,550.0,7.7e-06,300000.0,299223.9812151302,0,776.0187848700679,150.00000000000006,501.72659350244885,1265778628189259.0,113667945481917.06,-1.5,2540329489158.639,2522845399429.841,757786303212.7808,757786303212.7802,144199981.57797813,62.427755328964764,19938877127196.625,150.0,937.5724636741337,1,105874974.71139328,105874974.71139328,-1.955777406692505e-08,0.005251462906016968,26.575903058513006,0.028020516348950045,1265777560810536.5,696177658.5631835,5.5e-07,139032142127.77142,0.00011161846240901948,310
500.0,600.0,15.77777777777778,211.11111111111111,5.0,10.0,13.666666666666668,255.55555555555557,5.0,30.0,,,,,4.0,27500.0,0.25,90.0,1.8e-06,210000.0,0.32,550.0,7.850000000000001e-06,300000.0,297666.66668289487,0,2333.333317105174,300.0,249.42418681377657,192854936665834.3,263248804626110.62,0.125,769647054971.3751,773200623120.8939,877496015420.3688,877496015420.3688,88022702.06364504,99.58812021499315,42197621066569.125,299.9999999999999,400.41188003226824,1,319682850.48554194,319682850.48554194,1.4156103134155273e-07,-32.99947432387853,18.440646790251474,0.0398142787842781,192845755733578.22,19284575.57335782,1e-07,36631290797.303406,0.00021543509937460388,311
800.0,700.0,7.333333333333334,42.23696789826278,10.0,50.0,3.111111111111111,7.601878519797524,5.0,30.0,,,,,8.0,42500.0,0.175,60.0,1.975e-06,195000.0,0.29,550.0,7.850000000000001e-06,560000.0,559539.6209635163,0,460.37903648386197,349.99999999999994,400.8450760648302,1277829315844937.5,974431823538292.0,1.5,3201336722210.8496,3187838374839.533,2784090924395.1196,2784090924395.1206,191733027.24380997,23.234090079869794,4317013368824.375,350.0,776.7659126581087,1,27584688.62343274,27584688.62343274,-7.008202373981476e-08,12.717817876851768,8.446686928523386,0.01099192920450563,1277829034734870.0,319457258.61311555,2.5e-07,172101597281.34924,0.00013576865539046827,312
500.0,700.0,15.77777777777778,166.66666666666666,9.0,50.0,9.444444444444445,70.05557692032795,4.0,40.0,,,,,24.0,42500.0,0.25,120.0,1.975e-06,205000.0,0.32,550.0,7.75e-06,350000.0,348219.7777007535,0,1780.2222992464244,349.9999999999999,252.47156561377236,320721535073161.9,618423157276959.8,1.5,1295695728324.8047,1270327350699.7512,1766923306505.5986,1766923306505.5999,108051619.75530817,43.459151724250226,10624855473707.5,349.99999999999994,456.5408960371211,1,110811734.94085577,110811734.94085577,6.891787052154541e-08,0.8790144665326807,16.33028132277422,0.03586883024369937,320717136852397.06,96215140.90580103,3e-07,75149586950.73778,0.0002441393060181247,313
1000.0,1000.0,20.0,277.77777777777777,9.0,40.0,20.0,300.0,8.0,30.0,10.5,86.59014751456867,3.0,10.0,32.0,20000.0,0.175,60.0,1.8e-06,195000.0,0.28,450.0,7.75e-06,1000000.0,994580.4591740695,0,5419.540825930651,499.9999999999981,500.15372965391134,1847291622197415.0,1771523524447141.0,26.0,3695719527762.7427,3693447659533.95,3543047048894.2686,3543047048894.2954,472053822.0903038,183.68051890576302,345159975196460.5,499.99999999999926,816.3194824151391,1,1144122152.72925,1144122152.72925,-1.7061829566955566e-06,46.46898066126596,39.62224601041978,0.041273172927520606,1847268975344962.2,554180692.5906067,3e-07,179956626664.38214,0.00010869711068195856,314
200.0,800.0,11.555555555555555,166.66666666666666,10.0,50.0,7.333333333333334,42.23696789826278,6.0,20.0,,,,,12.0,50000.0,0.25,90.0,1.975e-06,190000.0,0.29,550.0,7.7e-06,160000.0,158079.91155266255,0,1920.0884473374267,399.99999999999966,100.9203599838229,27325912259677.58,440278542183659.5,0.125,275797451981.21405,270767090645.11664,1100696355459.1477,1100696355459.1497,16953566.292745613,28.17373472212966,1600788578310.875,400.0,171.82626565216617,1,66052708.83829663,66052708.83829663,7.636845111846924e-08,26.173004414442403,20.54933698872091,0.11653688279376015,27321550575799.504,9562542.667283561,3.5e-07,17406354511.121586,0.0006566918373829471,315
1000.0,700.0,7.333333333333334,42.23696789826278,9.0,40.0,13.666666666666668,233.3333333333333,10.0,30.0,15.25,150.0,3.0,20.0,8.0,20000.0,0.225,90.0,1.975e-06,210000.0,0.29,600.0,7.75e-06,700000.0,696386.5339264671,0,3613.4660735330826,349.9999999999992,488.22306103647924,1280811794848016.0,611516333982570.0,6.0,2502675867814.5747,2623415190853.338,1747189525664.4817,1747189525664.4897,410650378.9434029,236.76100782890555,343292701896177.0,349.99999999999994,763.2389934496478,1,1583047938.2752998,1583047938.2752998,3.241002559661865e-07,0.39761336769151967,43.199283965391444,0.04485130711725759,1280800173888077.8,256160034.25872734,2e-07,125321869829.51382,0.00010783395974603001,316
500.0,1000.0,13.666666666666668,166.66666666666666,10.0,40.0,17.88888888888889,188.88888888888889,10.0,30.0,10.5,150.0,5.0,40.0,8.0,20000.0,0.175,120.0,1.975e-06,200000.0,0.28,450.0,7.8e-06,500000.0,494944.4444809044,0,5055.555519095704,499.9999999999997,248.91165103282657,238438741469179.75,942462290047617.0,0.25,949620890216.4255,957925193456.4298,1884924580095.233,1884924580095.235,173143488.16333362,120.91727633124913,65320917938212.81,499.99999999999955,379.0826021936046,1,571550753.9041152,571550753.9041152,-4.842877388000488e-08,22.958326931562624,26.560739602188978,0.0576085447489698,238425060902625.62,107291277.44774017,4.5e-07,48934939364.025894,0.0002368300375648228,317
800.0,1000.0,7.333333333333334,42.23696789826278,8.0,50.0,9.444444444444445,70.05557692032795,3.0,20.0,,,,,32.0,35000.0,0.2,120.0,2.325e-06,205000.0,0.3,550.0,7.75e-06,800000.0,799451.9375363396,0,548.0624636606466,499.99999999999966,400.230878939948,1505253988363547.0,2343618411320265.0,8.0,3765308296879.27,3760964152367.165,4687236822640.526,4687236822640.533,388450524.7957324,42.95704664348634,24038994155154.25,499.9999999999999,757.042711719528,1,99100098.55319214,99100098.55319214,-2.60770320892334e-08,-43.01165335554833,3.5187240443987555,0.004538662329271119,1505253515421209.8,376313378.8326009,2.5e-07,198759722610.24298,0.00013324489482915755,318
300.0,800.0,9.444444444444445,70.05557692032795,7.0,10.0,3.111111111111111,7.601878519797524,7.0,10.0,5.75,25.967226777328133,5.0,40.0,16.0,50000.0,0.25,60.0,1.8e-06,205000.0,0.32,500.0,7.850000000000001e-06,240000.0,239196.72557904245,0,803.2744209575699,400.0000000000004,150.74863915441608,91710435567063.84,649868901557563.8,-1.25,614469677512.3401,608366590116.4272,1624672253893.911,1624672253893.9077,31101756.4692109,21.576400067674,2036250868882.0469,399.9999999999997,278.4235917539328,1,28454615.223731786,28454615.223731786,-8.381903171539307e-09,-37.69139194521267,9.460642676736725,0.03279883824626301,91709758438790.86,22927439.623313062,2.5e-07,32393400966.919212,0.00036166647060160994,319
500.0,200.0,3.111111111111111,7.601878519797524,8.0,30.0,9.444444444444445,70.05557692032795,1.0,50.0,1.0,0.7853981633974483,1.0,10.0,4.0,35000.0,0.225,120.0,2.5e-06,195000.0,0.3,550.0,7.9e-06,100000.0,99867.55860487021,0,132.44139512976625,100.00000000000007,249.98285126075493,73808515480397.4,11701368386149.398,-0.15625,295213811742.8731,295254314878.61694,117013683861.49406,117013683861.4939,30495290.28098175,39.71934919683766,2405938076302.6016,100.0,460.2806521065768,1,18282540.904421538,18282540.904421538,-1.076841726899147e-09,8.583670628349466,4.252672778146303,0.00955060635913051,73808432129663.19,14761686.425993022,2e-07,16660045951.208218,0.0002288895158879942,320
600.0,600.0,3.111111111111111,7.601878519797524,6.0,30.0,5.222222222222222,21.419068431419294,5.0,50.0,20.0,150.0,3.0,40.0,20.0,35000.0,0.25,60.0,2.5e-06,205000.0,0.29,500.0,7.8e-06,360000.0,358947.29338929016,0,1052.7066107097662,300.00000000000074,299.93647616562333,381388062572282.5,388409125881701.5,-2.0,1271024407427.7878,1271562790387.9287,1294697086272.3416,1294697086272.3352,92866554.20421307,69.53871088823134,18350319355906.812,300.0000000000001,530.4612536941677,1,155397104.5239001,155397104.5239001,1.9371509552001953e-07,-13.126729131225147,20.208711224041256,0.03691838038905424,381385817180300.06,209762199.45281816,5.5e-07,70348495414.22485,0.00018629398587128966,321
1000.0,800.0,7.333333333333334,42.23696789826278,8.0,50.0,13.666666666666668,277.77777777777777,6.0,20.0,15.25,200.0,10.0,50.0,32.0,35000.0,0.225,120.0,2.15e-06,195000.0,0.31,500.0,7.75e-06,800000.0,793995.4376119145,0,6004.562388086372,399.9999999999988,496.179855111178,2440409103882656.0,1585804967050449.0,19.0,4843810095011.546,4918396179820.397,3964512417626.111,3964512417626.1343,507995689.350575,189.18837845471018,390888202226179.0,400.00000000000034,810.8116384495688,1,1786548373.641907,1786548373.641907,1.341104507446289e-07,-35.76030290512426,42.137480571078285,0.04329934637003923,2440389283150987.0,732116785.1665663,3e-07,244634919021.0091,0.00010552731488734628,322
200.0,400.0,9.444444444444445,70.05557692032795,4.0,40.0,1.0,0.7853981633974483,1.0,50.0,1.0,0.7853981633974483,10.0,20.0,12.0,27500.0,0.2,60.0,2.15e-06,195000.0,0.32,500.0,7.8e-06,80000.0,79703.28434515881,0,296.71565484130963,200.0000000000002,101.15378726241713,7476336983354.914,30219491405660.703,-0.1953125,75636048931.92123,73910598759.48596,151097457028.30368,151097457028.30338,6870108.434488985,17.766891254088108,84806024222.36133,199.99999999999997,182.233121022808,1,6516176.585871139,6516176.585871139,1.996522769331932e-08,4.620947345132038,8.660608304423745,0.05793049033059361,7476032180067.972,2242809.6436376884,3e-07,6604632392.840724,0.0009025039042731527,323
1000.0,1000.0,7.333333333333334,42.23696789826278,10.0,10.0,15.77777777777778,166.66666666666666,10.0,10.0,,,,,24.0,42500.0,0.25,105.0,2.5e-06,190000.0,0.29,500.0,7.850000000000001e-06,1000000.0,997910.9636751392,0,2089.03632486021,500.00000000000017,497.93916164404135,3613362736352142.0,3570952302971612.0,4.0,7197061511876.546,7256634976092.128,7141904605943.227,7141904605943.222,577370960.8885559,112.55313868105262,260254602897809.5,499.99999999999926,887.4468617642262,1,814423529.2989336,814423529.2989336,4.6193599700927734e-07,-48.546933342993725,11.675800946882433,0.011888472511032389,3613358267582409.5,903339566.5868297,2.5e-07,362833602451.57666,0.00010290680215339841,324
100.0,500.0,9.444444444444445,70.05557692032795,4.0,40.0,1.0,0.7853981633974483,6.0,40.0,1.0,0.7853981633974483,1.0,20.0,20.0,20000.0,0.175,120.0,1.8e-06,200000.0,0.28,550.0,7.75e-06,50000.0,49713.494507147654,0,286.50549285236593,250.00000000000006,50.244925062483986,835034332037.1284,22291486184574.32,-0.01171875,16782897686.030838,16619277091.142832,89165944738.2973,89165944738.29726,3003908.474241764,17.692325105438563,61739047035.25415,249.99999999999997,82.30767492841754,1,6832910.214145827,6832910.214145827,2.9249349609017372e-09,-21.496028801168507,3.6789236713862437,0.06183064993926459,,,,,,325
1000.0,200.0,5.222222222222222,21.419068431419294,4.0,30.0,3.111111111111111,7.601878519797524,6.0,40.0,20.0,250.0,7.0,50.0,4.0,35000.0,0.175,120.0,1.975e-06,200000.0,0.28,400.0,7.8e-06,200000.0,196368.71243654605,0,3631.2875634538927,100.00000000000006,500.7553204674922,618960225658705.5,24294615034129.406,-0.3125,1239793333878.4885,1236053218727.382,242946150341.2942,242946150341.2939,127665540.54706965,232.5821027676749,120516961938749.25,100.00000000000004,767.4177780887114,1,659885471.1993577,659885471.1993577,-1.5832483768463135e-08,-9.411693288187962,81.47068792917065,0.08500303633753059,618946264818565.2,154736566.21325114,2.5e-07,61885473459.55184,0.00010695693509712054,326
200.0,800.0,15.77777777777778,211.11111111111111,2.0,30.0,9.444444444444445,70.05557692032795,7.0,40.0,,,,,32.0,42500.0,0.25,60.0,2.5e-06,195000.0,0.3,550.0,7.9e-06,160000.0,159087.38872829193,0,912.6112717080327,399.99999999999983,99.98059629226701,23145074942326.742,375306434805260.4,0.90625,231405848108.82333,231495668166.1329,938266087013.1505,938266087013.1514,13923342.413354123,27.69538960225287,1807756502665.6016,400.0,172.30474250914216,1,47407919.01998522,47407919.01998522,6.332993507385254e-08,11.258256581611931,14.650506190499613,0.09435030824671989,23143158667070.477,12728737.267494647,5.5e-07,18168481423.617874,0.0008049915985944887,327
300.0,800.0,3.111111111111111,7.601878519797524,7.0,40.0,13.666666666666668,188.88888888888889,10.0,50.0,15.25,300.0,1.0,30.0,20.0,20000.0,0.225,105.0,1.8e-06,200000.0,0.31,450.0,7.75e-06,240000.0,237457.8979248907,0,2542.1020751092046,399.9999999999995,144.3295288266837,38908796299194.05,289036896120244.75,0.25,249943332257.75873,269583061868.90683,722592240300.611,722592240300.6128,45579671.97807093,89.42461241225246,13110065280219.484,399.99999999999915,210.57532838222218,1,236407774.29643416,236407774.29643416,8.195638656616211e-08,-30.556999141757842,19.07876430334064,0.07845962011133349,38900246878715.89,13615086.273392329,3.5e-07,16591533958.034142,0.0004629636299774155,328
200.0,300.0,5.222222222222222,21.419068431419294,3.0,30.0,9.444444444444445,70.05557692032795,3.0,40.0,,,,,16.0,20000.0,0.175,90.0,2.5e-06,205000.0,0.31,600.0,7.75e-06,60000.0,59725.57607009341,0,274.42392990660494,150.00000000000009,98.92213813969735,4171574100622.7617,9396733714363.0,-0.0234375,41270897740.082756,42170278352.97783,62644891429.0867,62644891429.08663,6601029.393355847,40.26646470103058,701432618618.3555,150.0,159.73353635643397,1,20212718.35127407,20212718.35127407,7.450580596923828e-09,9.652298036911816,8.544183232081858,0.05502515138416556,4171311446918.535,1251393.4367718692,3e-07,2964555923.1231318,0.0007422183635996458,329
400.0,400.0,1.0,0.7853981633974483,10.0,20.0,17.88888888888889,300.0,6.0,40.0,15.25,250.0,3.0,40.0,4.0,20000.0,0.175,105.0,2.15e-06,205000.0,0.32,450.0,7.9e-06,160000.0,156692.14602702967,0,3307.8539729702193,199.99999999999986,187.9080299831218,51087367245112.7,52684045230947.25,0.125,240873651374.19955,271874316652.14868,263420226154.73605,263420226154.73645,45967065.16484738,147.56318697787393,25715918768843.703,200.00000000000003,252.43696736235688,1,377072023.7644556,377072023.7644556,2.60770320892334e-08,0.0015341582184191793,49.462788836566105,0.14089732533255186,51072440861327.84,33197086.214158043,6.5e-07,11836885938.996143,0.000279998231859456,330
200.0,400.0,17.88888888888889,166.66666666666666,2.0,30.0,20.0,188.88888888888889,1.0,20.0,15.25,100.0,1.0,30.0,4.0,35000.0,0.15,120.0,1.975e-06,205000.0,0.32,600.0,7.850000000000001e-06,80000.0,79277.77775807194,0,722.222241928075,199.99999999999994,100.36266243881524,9703704487221.469,39701125954512.41,0.046875,97390242701.56425,96686399617.35973,198505629772.56198,198505629772.56207,9986237.876884365,34.6428679368608,1106466418010.3027,199.99999999999997,165.35713220511522,1,37154433.952504896,37154433.952504896,-9.313225746154785e-09,12.816187154443469,12.64821794925145,0.07440128205442029,9701889864581.275,970188.9864581275,1e-07,6641825407.595262,0.0007152609780302142,331
900.0,1000.0,11.555555555555555,188.88888888888889,5.0,10.0,5.222222222222222,21.419068431419294,4.0,30.0,,,,,24.0,42500.0,0.15,105.0,1.975e-06,200000.0,0.28,450.0,7.9e-06,900000.0,898969.8792664518,0,1030.1207335481076,500.0,451.53488313110245,2612184258856496.0,3206578718233186.0,8.0,5824721166931.098,5785121718044.655,6413157436466.372,6413157436466.372,460290657.61324173,24.82142194318595,12395734550279.125,499.9999999999998,875.1784324575073,1,38875126.57886271,38875126.57886271,2.1420419216156006e-08,8.667353355260275,6.185219547737031,0.007130849411692433,2612181389814597.5,914263486.5825051,3.5e-07,296330237345.7975,0.00011506136543964393,332
1000.0,100.0,15.77777777777778,300.0,9.0,50.0,9.444444444444445,70.05557692032795,4.0,40.0,1.0,0.7853981633974483,1.0,50.0,24.0,50000.0,0.25,90.0,2.15e-06,200000.0,0.32,450.0,7.7e-06,100000.00012431979,99232.7384592947,0,767.261665025043,49.99999999996867,505.77925000895243,439225555631060.0,4174924032870.783,-46.28125,888723420938.9554,868413553192.0015,83498480657.36334,83498480657.46799,54374062.625120915,97.15246912232081,24934088496680.812,49.999999999736644,902.8475415802084,1,74105178.4372302,74105178.4372302,0.01085827937168915,7.791984482024077,38.892329614438594,0.040713110386862254,439223815908517.9,87844763.09301946,2e-07,45238971352.68896,0.00011021417059988835,333
600.0,700.0,9.444444444444445,70.05557692032795,3.0,10.0,1.0,0.7853981633974483,5.0,20.0,,,,,16.0,35000.0,0.15,60.0,2.15e-06,195000.0,0.28,600.0,7.9e-06,420000.0,419785.90628678567,0,214.09371321428392,350.0000000000002,300.6391451878341,443779906401211.25,602804305556959.5,0.0,1482424636580.027,1476121501489.5857,1722298015877.0283,1722298015877.0261,107806172.42524523,7.6971364967910425,256348134663.07812,349.99999999999994,592.3028246596995,1,2979622.186830985,2979622.186830985,2.8259819373488426e-08,9.023895430847688,4.285208545823449,0.007394665307719497,443779677976357.75,133133903.35523815,3e-07,77197951420.88493,0.0001752111791187084,334
600.0,800.0,11.555555555555555,100.0,2.0,10.0,17.88888888888889,144.44444444444446,8.0,20.0,,,,,12.0,35000.0,0.25,75.0,1.975e-06,210000.0,0.28,450.0,7.850000000000001e-06,480000.0,478644.4443730599,0,1355.5556269402532,400.00000000000017,297.36660813279366,521569326221855.0,913101998054732.5,-3.25,1723436144980.0503,1753960639686.014,2282754995136.832,2282754995136.83,143217592.9994316,90.26351548096267,63156262069154.125,399.99999999999983,509.7364214095181,1,294265981.3576932,294265981.3576932,1.3783574104309082e-07,-27.34803949428897,12.834014551558214,0.022474196122921595,521566202209730.5,104313240.48681173,2e-07,88327566486.96712,0.00017616035789712298,335
500.0,1000.0,5.222222222222222,21.419068431419294,1.0,20.0,20.0,300.0,9.0,20.0,5.75,25.967226777328133,3.0,30.0,12.0,20000.0,0.225,60.0,2.15e-06,195000.0,0.32,400.0,7.75e-06,500000.0,497122.7775935075,0,2877.2224064924067,500.0000000000001,240.19404945325087,230625266575654.5,880952933456285.0,-0.75,887682772816.8453,960162281707.7375,1761905866912.5703,1761905866912.5696,122716853.3814492,134.1045662469903,76176115599032.12,499.9999999999998,365.8954340411173,1,509389185.0918036,509389185.0918036,-9.313225746154785e-09,-12.956119840171596,26.646733628590525,0.05669517793317133,230612626384216.94,69183788.1212589,3e-07,45606076716.92923,0.0002205650482330991,336
600.0,700.0,3.111111111111111,7.601878519797524,6.0,30.0,17.88888888888889,233.3333333333333,7.0,10.0,15.25,300.0,7.0,20.0,8.0,27500.0,0.15,60.0,2.5e-06,200000.0,0.29,500.0,7.9e-06,420000.0,414121.05529189826,0,5878.944708101571,349.9999999999995,293.5018382135913,382516524220598.6,560245230834674.25,4.0,1248022245846.8293,1303284935279.4453,1600700659527.6384,1600700659527.643,121142420.39280728,163.28377810036906,118080003143334.62,350.00000000000006,436.7160772992553,1,987842662.8050233,987842662.8050233,-7.599592208862305e-07,-18.860637971134565,88.3813320638798,0.15210478795631663,382490398790216.6,38249039.87902166,1e-07,60942867386.75967,0.00017747356496160299,337
800.0,900.0,11.555555555555555,104.87489549761482,7.0,20.0,7.333333333333334,42.23696789826278,4.0,50.0,5.75,25.967226777328133,5.0,40.0,4.0,50000.0,0.2,90.0,2.5e-06,200000.0,0.3,500.0,7.850000000000001e-06,720000.0,718837.2555815377,0,1162.7444184616252,450.0000000000005,400.9115600018352,1939563076424889.0,2446778581031656.0,3.0,4859983106586.119,4837882640291.067,5437285735625.908,5437285735625.896,302914818.2789954,42.09152520170409,25549646856139.25,450.00000000000017,757.9084754117923,1,120036738.71996672,120036738.71996672,-2.421438694000244e-07,16.57811918495281,10.055814257589619,0.013473623391142856,1939561630513337.0,387912326.0037425,2e-07,255678905391.8215,0.00013352380764698754,338
800.0,300.0,7.333333333333334,42.23696789826278,10.0,10.0,9.444444444444445,70.05557692032795,10.0,30.0,1.0,0.7853981633974483,3.0,20.0,8.0,20000.0,0.2,105.0,2.5e-06,190000.0,0.29,450.0,7.9e-06,240000.0,238872.36218478627,0,1127.6378152138577,149.99999999999994,396.8438995117811,282577470855293.9,37242718875057.2,0.1875,700913295155.6351,712062025403.2782,248284792500.38126,248284792500.38144,120391664.52417828,154.31042029882448,58526473796803.875,150.0,645.6895900093112,1,240057554.98415828,240057554.98415828,-3.058084985241294e-08,-16.9795449532034,14.214741792243226,0.01857461721859017,282576459183788.4,183674698.35130534,6.5e-07,32931173586.193237,0.00012948433474046828,339
900.0,500.0,3.111111111111111,7.601878519797524,8.0,40.0,15.77777777777778,211.11111111111111,6.0,30.0,,,,,20.0,20000.0,0.2,120.0,2.325e-06,200000.0,0.28,500.0,7.8e-06,450000.0,448672.518336407,0,1327.4816635928496,249.9999999999998,440.3138080397671,647185730576633.0,192494731306490.25,0.75,1407885948927.1335,1469828378668.9292,769978925225.9603,769978925225.9617,265669192.35721183,184.45017581036544,137482411376351.5,250.00000000000014,715.5495688167169,1,542699136.1412541,542699136.1412541,-2.60770320892334e-08,21.732443574626814,15.49876601196263,0.01797768966421249,647181468192759.5,291231660.1945454,4.5e-07,73333793322.44513,0.00012116375490747417,340
100.0,500.0,20.0,122.22222222222224,3.0,30.0,15.77777777777778,122.22222222222224,1.0,20.0,15.25,150.0,3.0,40.0,8.0,20000.0,0.175,75.0,2.15e-06,190000.0,0.3,550.0,7.850000000000001e-06,50000.00001175422,48863.460232168814,0,1136.5397795853942,250.0000000000001,49.460978043348746,862217827334.8125,27012549952490.938,-0.013671875,17060437538.232557,17432284225.741447,108050199809.9638,108050199809.9637,2490972.1626046686,31.031856441862935,237218467586.25,250.0000000000001,68.9681759451699,1,26216082.13646888,26216082.13646888,-7.82310962677002e-08,-20.51843972224742,22.117951297546025,0.30672043449096253,,,,,,341
1000.0,900.0,15.77777777777778,166.66666666666666,6.0,40.0,7.333333333333334,42.23696789826278,7.0,10.0,15.25,150.0,10.0,20.0,8.0,20000.0,0.2,105.0,2.15e-06,195000.0,0.3,600.0,7.8e-06,900000.0,895704.3411147011,0,4295.658885299396,450.0,502.39834198545645,1579587280919202.0,1327399983162452.0,1.0,3174401161004.642,3144093339712.75,2949777740361.0044,2949777740361.0044,531586599.31769764,161.80488794671842,175867032327553.0,450.0000000000001,838.1951154303882,1,1085168868.1161911,1085168868.1161911,8.121132850646973e-07,-47.54798672234756,33.16511854839882,0.033624655509835295,1579577517498243.8,157957751.74982437,1e-07,154042123294.24493,0.00010282527227309131,342
200.0,200.0,3.111111111111111,7.601878519797524,3.0,20.0,1.0,0.7853981633974483,10.0,10.0,,,,,8.0,50000.0,0.225,75.0,1.975e-06,200000.0,0.29,550.0,7.8e-06,40000.0,39969.340374204294,0,30.65962579571291,99.99999999999993,100.08126637949866,6697142710197.035,6684546976648.855,0.0390625,67025896621.48114,66917046041.38507,66845469766.48851,66845469766.4886,3824822.8799914573,8.307382252424926,54284945776.93799,99.99999999999996,191.69283515820254,1,1076608.6029232317,1076608.6029232317,4.511093720793724e-10,-5.359697642026106,1.5744751702426278,0.008308576096267166,6697139851192.501,669713.98511925,1e-07,3720910233.814638,0.0005587828874997489,343
1000.0,500.0,20.0,166.66666666666666,1.0,40.0,7.333333333333334,42.23696789826278,5.0,30.0,10.5,86.59014751456867,7.0,50.0,12.0,50000.0,0.25,105.0,1.975e-06,200000.0,0.3,600.0,7.8e-06,500000.0,498409.88646134594,0,1590.1135386541348,250.00000000000037,499.8015968948806,2104840287502509.0,528342282890690.0,-11.0,4208010810182.7856,4211351665499.3877,2113369131562.7632,2113369131562.7568,284813186.9517936,103.2634071726499,93184011401991.0,250.00000000000003,896.7365928308947,1,486161566.14057803,486161566.14057803,9.313225746154785e-09,-23.040247737750178,25.379435355192783,0.02626364473015892,2104838032743681.5,526209508.19343114,2.5e-07,222830549272.30685,0.00010720896579001668,344
800.0,400.0,5.222222222222222,21.419068431419294,1.0,40.0,13.666666666666668,100.0,1.0,10.0,15.25,200.0,10.0,30.0,16.0,42500.0,0.225,120.0,2.15e-06,200000.0,0.3,400.0,7.9e-06,320000.0,315878.58093283174,0,4121.419067168522,200.0,399.0912267406719,751736871036751.5,197953844389185.88,-0.75,1875082116375.862,1883621640034.767,989769221945.9293,989769221945.9293,160217261.40100375,159.32670093390016,112068496166356.75,199.99999999999991,640.673299231901,1,657020618.4384549,657020618.4384549,1.7508864402770996e-07,17.842130453092977,47.85643338069993,0.06110632056695958,751723972055231.9,150344794.42399558,2e-07,93948049947.34088,0.00013040904409732072,345
900.0,600.0,3.111111111111111,7.601878519797524,7.0,10.0,9.444444444444445,122.22222222222224,4.0,10.0,1.0,0.7853981633974483,1.0,40.0,8.0,50000.0,0.15,90.0,2.5e-06,195000.0,0.31,500.0,7.9e-06,540000.0,539456.3271691342,0,543.6728308659821,300.0000000000003,448.9854436924457,1837387164073561.0,812811529316398.5,-3.0,4073897701032.55,4092308982141.898,2709371764387.9976,2709371764387.9927,256232142.00012773,71.7439235414967,66860297710638.75,299.9999999999995,828.2560748811421,1,216167625.0224745,216167625.0224745,5.340552888810635e-09,-22.409583760102862,6.905570282052836,0.007800455919512031,1837386230277630.5,183738623.02776304,1e-07,207500951701.10126,0.00011411252793235616,346
100.0,300.0,1.0,0.7853981633974483,6.0,30.0,20.0,277.77777777777777,6.0,20.0,,,,,20.0,42500.0,0.15,105.0,1.975e-06,200000.0,0.32,400.0,7.75e-06,30000.0,28328.620846688158,0,1671.3791533118283,150.00000000000014,46.59642200231698,1155765187706.0464,11337248704430.574,-0.013671875,21642092740.606083,24803732519.38908,75581658029.53723,75581658029.5371,1973498.036696697,39.75425162335562,579384480339.0776,150.00000000000003,60.24575450206781,1,37870915.10542181,37870915.10542181,5.587935447692871e-09,11.304567660568864,29.65471176021871,0.42363873943169583,,,,,,347
1000.0,400.0,1.0,0.7853981633974483,9.0,10.0,1.0,0.7853981633974483,7.0,50.0,10.5,86.59014751456867,5.0,30.0,16.0,20000.0,0.15,75.0,1.975e-06,210000.0,0.31,500.0,7.8e-06,400000.0,399121.53221205494,0,878.467787944976,200.0,500.42590171678063,675323981279189.5,111162744855206.94,-1.875,1351799429954.3003,1349498455140.7046,555813724276.0347,555813724276.0347,192835490.84575135,127.3880651017281,37828825220935.0,199.99999999999991,872.6119324051814,1,206497917.060498,206497917.060498,-9.220093488693237e-08,7.231669169690576,20.267026158788177,0.02134494592816027,675322728093157.8,202596818.4349042,3e-07,68095747705.41966,0.00010215464792924559,348
800.0,600.0,5.222222222222222,21.419068431419294,4.0,40.0,11.555555555555555,104.87489549761482,5.0,50.0,15.25,100.0,5.0,10.0,4.0,35000.0,0.15,75.0,1.975e-06,195000.0,0.32,450.0,7.9e-06,480000.0,478389.9492253333,0,1610.050774666728,300.0000000000001,398.6558653227375,912045838147675.5,520777488033890.5,-3.25,2272478303142.737,2287802381658.968,1735924960112.969,1735924960112.9678,186807812.52777678,106.96556785112267,71484146512971.5,300.0,693.034409632575,1,347027023.61213404,347027023.61213404,3.818422555923462e-07,16.382399973648717,22.557191213763407,0.030309752298232445,912043404310279.5,410419532.01987296,4.5e-07,125100299647.37852,0.00013999376400634128,349
100.0,300.0,15.77777777777778,233.3333333333333,3.0,50.0,1.0,0.7853981633974483,9.0,20.0,20.0,100.0,3.0,20.0,24.0,35000.0,0.25,90.0,1.975e-06,210000.0,0.3,550.0,7.850000000000001e-06,29999.999997929568,29007.414172054734,0,992.5858258748337,150.00000000000009,48.27795147609867,907615524641.9277,9819984675379.34,-0.01953125,17547942329.130848,18799793630.251022,65466564502.52897,65466564502.52889,1681590.4496740405,33.635960597923514,315248306844.271,150.00000000000003,66.3640993998617,1,27037550.787223183,27037550.787223183,1.5832483768463135e-08,9.63059084174165,28.32763279666682,0.3563224251153059,905297106789.7091,181059.42346521126,2e-07,1472532401.2106507,0.0016893703267174373,350
900.0,500.0,15.77777777777778,188.88888888888889,6.0,50.0,3.111111111111111,7.601878519797524,5.0,20.0,,,,,16.0,20000.0,0.25,60.0,2.325e-06,190000.0,0.32,600.0,7.7e-06,450000.0,448828.65728599485,0,1171.3427140051172,250.00000000000048,457.91143486559986,637735955921033.2,190989825603133.5,-2.5,1442552479789.0984,1392705897611.4302,763959302412.5355,763959302412.5325,177999582.67125937,42.99153224925241,5356570241188.875,249.99999999999997,857.0084678858169,1,47136717.63317392,47136717.63317392,-2.7997884899377823e-07,32.766675633581144,29.69988220651416,0.033809630641941944,637732715540208.4,127546542.88970678,2e-07,70802875761.68608,0.0001167903717445926,351
300.0,800.0,5.222222222222222,21.419068431419294,7.0,30.0,9.444444444444445,70.05557692032795,10.0,50.0,1.0,0.7853981633974483,7.0,10.0,28.0,27500.0,0.2,105.0,2.5e-06,205000.0,0.32,400.0,7.8e-06,240000.0,239138.51520829462,0,861.484791705495,399.99999999999955,148.7113722338278,50990833301708.41,361591877408144.6,0.625,337043398797.42,342884559101.0516,903979693520.3606,903979693520.3625,42162254.34619488,50.22168415009463,6426190160207.266,400.0000000000007,249.7785554668299,1,70422258.05304906,70422258.05304906,8.485221769660711e-08,30.118877801850147,5.747803276231437,0.023433852534244383,50989980233036.6,0.0,0.0,21041192168.732403,0.00042639485727115166,352
100.0,800.0,17.88888888888889,144.44444444444446,2.0,20.0,11.555555555555555,104.87489549761482,2.0,20.0,,,,,16.0,27500.0,0.225,75.0,1.8e-06,205000.0,0.29,600.0,7.8e-06,80000.0,79501.36134547269,0,498.6386545273061,400.0000000000001,50.07772503273576,1878796705188.961,129608127478965.31,-0.0390625,37634436860.51874,37517612949.88527,324020318697.4134,324020318697.4132,3898944.7084743213,16.976591259262488,186311436281.88135,400.00000000000006,83.02340913121256,1,13428620.961911006,13428620.961911006,2.2351741790771484e-08,18.353803616249934,6.986315977841958,0.09412701169440267,,,,,,353
200.0,900.0,3.111111111111111,7.601878519797524,4.0,40.0,20.0,211.11111111111111,2.0,30.0,,,,,12.0,20000.0,0.2,120.0,2.15e-06,210000.0,0.28,600.0,7.75e-06,180000.0,179547.37025100208,0,452.6297489979021,450.00000000000017,98.78576361193443,12304450889778.61,257022168295204.25,0.03125,121568381374.75153,124556924397.67802,571160373989.343,571160373989.3425,22513470.271404363,35.13813821813277,1644420732470.3633,449.99999999999994,164.86204666842286,1,40861992.48421229,40861992.48421229,2.682209014892578e-07,-38.68156674184138,3.5224461397924367,0.02201528837370273,12302957409683.885,3075739.3591344827,2.5e-07,9980332755.899597,0.0008326038565263198,354
500.0,500.0,9.444444444444445,70.05557692032795,3.0,50.0,20.0,166.66666666666666,10.0,50.0,,,,,32.0,35000.0,0.15,60.0,1.975e-06,210000.0,0.28,600.0,7.8e-06,250000.0,248123.16664100325,0,1876.8333589966899,250.00000000000009,244.68691993280643,193971148144514.12,187520410737990.12,0.3125,759738389014.2432,792731986645.5494,750081642951.9608,750081642951.9602,57895912.46592938,113.2441875993956,45971667433815.5,249.99999999999991,386.75581677835015,1,419468980.8748603,419468980.8748603,-2.60770320892334e-08,-6.4375576387828914,47.62141412509539,0.10823048664794407,193966259597301.9,38793251.96769493,2e-07,46446882468.655,0.0002569921104770519,355
900.0,400.0,9.444444444444445,70.05557692032795,9.0,20.0,11.555555555555555,188.88888888888889,8.0,40.0,15.25,200.0,3.0,50.0,24.0,50000.0,0.15,105.0,2.325e-06,190000.0,0.31,550.0,7.850000000000001e-06,360000.0,356658.38864711137,0,3341.6113528889286,199.99999999999997,447.49794526793255,1270257714639089.5,246073932492493.5,-2.5,2807186622370.6455,2838577759007.4565,1230369662462.4673,1230369662462.4678,191972659.17652243,158.7067397514149,191640284204753.25,199.9999999999998,741.2933534476826,1,969013242.9736012,969013242.9736012,4.6566128730773926e-08,-17.859623956581345,45.968619845525694,0.053813420731248784,1270249102876063.0,317562275.55728966,2.5e-07,141340677094.09473,0.00011777418613047102,356
500.0,100.0,5.222222222222222,21.419068431419294,6.0,40.0,17.88888888888889,211.11111111111111,5.0,50.0,,,,,24.0,50000.0,0.2,75.0,1.975e-06,205000.0,0.29,600.0,7.850000000000001e-06,49999.99999888438,49404.94293759186,0,595.0570612925294,50.00000000043006,245.44789162179586,55492036411415.16,2090259351118.9639,-241.34765625,217998730259.8458,226084795614.87274,41805187022.73885,41805187022.0197,12922481.643184904,114.0629681344965,13526115422573.172,50.000000001621466,385.9370338836537,1,125070696.14215776,125070696.14215776,-0.0028021393809467554,3.258975199991255,54.78231670851227,0.12420729312232089,55490942442645.016,13872735.569360826,2.5e-07,12423196119.04096,0.00024241804300308888,357
1000.0,1000.0,9.444444444444445,70.05557692032795,6.0,10.0,13.666666666666668,211.11111111111111,7.0,40.0,,,,,28.0,50000.0,0.15,60.0,2.5e-06,205000.0,0.31,550.0,7.7e-06,1000000.0,998101.8887599024,0,1898.1112400972618,500.0,498.56477155670933,4228948998394558.0,4194737039461190.0,10.0,8433689454814.256,8482245917998.11,8389474078922.38,8389474078922.38,433641082.7607213,100.5400124594618,237655600974875.5,500.00000000000057,899.4599909626817,1,767881467.2117099,767881467.2117099,6.034970283508301e-07,-26.17453119851416,18.161149710032543,0.019053488067952613,4228943429368810.0,1480130199.9542582,3.5e-07,428025038679.37866,0.00010310889357659912,358
600.0,200.0,5.222222222222222,21.419068431419294,3.0,10.0,5.222222222222222,21.419068431419294,6.0,40.0,20.0,200.0,1.0,40.0,8.0,27500.0,0.15,60.0,2.5e-06,210000.0,0.3,450.0,7.850000000000001e-06,120000.0,119407.22836741217,0,592.7716325877955,100.0,299.5388812630727,101539274459393.12,11245517378145.082,0.078125,337944805924.447,338985289760.1475,112455173781.45082,112455173781.45082,31509225.16440833,99.04375827457075,10444600026456.188,99.99999999999996,500.9562664330763,1,80790883.32223558,80790883.32223558,0.0,-4.789325572171947,25.718387833257783,0.04614083336130691,101537868541379.11,30461360.56555688,3e-07,17203439179.298573,0.00017418409130027281,359
800.0,800.0,13.666666666666668,122.22222222222224,3.0,10.0,20.0,277.77777777777777,6.0,30.0,,,,,12.0,20000.0,0.175,120.0,2.5e-06,205000.0,0.32,500.0,7.7e-06,640000.0,637966.6668195006,0,2033.333180499281,400.0000000000004,393.548311873388,732044755397644.2,707961517197670.2,-0.25,1801062160109.9321,1860114078276.5117,1769903792994.1775,1769903792994.1738,336212725.267642,156.76897138864243,146213250048945.0,400.00000000000006,643.2311889194111,1,629163083.4442468,629163083.4442468,-7.301568984985352e-07,-44.6286447920138,13.115528095337849,0.017257273809655065,732036472676414.1,146407294.2802575,2e-07,88823966559.83002,0.00013060407196552906,360
700.0,700.0,11.555555555555555,166.66666666666666,4.0,50.0,7.333333333333334,42.23696789826278,5.0,50.0,,,,,8.0,35000.0,0.15,105.0,2.5e-06,205000.0,0.28,450.0,7.850000000000001e-06,490000.0,489122.1485113382,0,877.851488661725,349.9999999999998,351.3125666283979,713227007838371.5,707320100269257.0,-1.0,2045462324070.261,2030177897373.053,2020914572197.8757,2020914572197.8784,196143825.05634135,47.06495641572397,16411194898275.25,350.00000000000017,652.9352598084921,1,76841756.73526797,76841756.73526797,3.818422555923462e-08,26.146229225210845,7.530271264705914,0.01165075492368769,713225049501134.6,71322504.95011346,1e-07,117905688317.90935,0.0001688440975897882,361
500.0,400.0,11.555555555555555,104.87489549761482,1.0,30.0,1.0,0.7853981633974483,7.0,30.0,1.0,0.7853981633974483,5.0,20.0,12.0,35000.0,0.2,90.0,2.5e-06,200000.0,0.3,450.0,7.75e-06,200000.0,199881.7733517978,0,118.22664820226267,200.0,250.4992432990058,146683103579403.94,93388222557981.78,-0.375,587906447735.5128,585563060581.0541,466941112789.90894,466941112789.90894,52377024.43555251,13.819077438941102,356928102752.9844,200.00000000000003,486.1809274426571,1,3690718.3889122633,3690718.3889122633,6.9776433520019054e-09,-12.867283018008038,2.069931211170863,0.0044087991718229245,146682928397134.16,80675610.59564488,5.5e-07,33201083021.099995,0.00022787174175962683,362
900.0,200.0,17.88888888888889,188.88888888888889,1.0,50.0,9.444444444444445,70.05557692032795,3.0,20.0,,,,,28.0,42500.0,0.25,75.0,2.325e-06,200000.0,0.28,500.0,7.9e-06,180000.0,179600.9443853146,0,399.0556146854609,99.99999999999999,449.6832135473812,526911093093169.5,25625682617506.484,-0.25,1170089832191.0762,1171738408771.292,256256826175.06482,256256826175.06488,78792758.92549294,87.16139604239973,28008593065715.688,99.99999999999996,812.8386040041597,1,95891174.97552171,95891174.97552171,-4.656612873077393e-10,4.01023726958374,18.63616362815216,0.02129171344184844,526910290939065.7,105382058.1804832,2e-07,60447074730.327484,0.00011754961903893229,363
700.0,1000.0,5.222222222222222,21.419068431419294,5.0,40.0,9.444444444444445,122.22222222222224,10.0,10.0,20.0,300.0,7.0,10.0,20.0,42500.0,0.2,60.0,1.975e-06,200000.0,0.31,500.0,7.7e-06,700000.0,694470.6823907052,0,5529.317609294883,499.99999999999955,347.76033992755146,1255093134426459.5,2652066259145283.0,4.0,3563179495938.397,3609074958599.1655,5304132518290.562,5304132518290.571,217068366.08266827,125.67565170244183,174179472209855.5,500.0000000000002,574.324374463611,1,1106909802.1649928,1106909802.1649928,-4.470348358154297e-07,23.086840822099475,62.94033422794401,0.09184645447087415,1255070666209308.0,125507066.6209308,1e-07,179810730956.8515,0.00014893388287165883,364
200.0,300.0,11.555555555555555,104.87489549761482,7.0,30.0,17.88888888888889,122.22222222222224,4.0,20.0,,,,,8.0,20000.0,0.2,105.0,1.8e-06,190000.0,0.32,400.0,7.7e-06,60000.0,58776.98687334862,0,1223.0131266513931,150.00000000000006,101.49831762369057,4933049175809.178,10402151153971.906,-0.0078125,50080862141.656395,48602275301.73133,69347674359.81273,69347674359.81268,8217414.51515251,53.72462151334979,1631035613380.4414,150.00000000000006,146.27547409205866,1,39058622.634999014,39058622.634999014,3.632158041000366e-08,28.28793080075411,21.319791196262983,0.12463664878292059,4930981661657.812,2712039.9002000466,5.5e-07,2773507236.569883,0.0007045938253912852,365
400.0,700.0,13.666666666666668,255.55555555555557,9.0,20.0,3.111111111111111,7.601878519797524,7.0,30.0,15.25,300.0,10.0,30.0,32.0,42500.0,0.25,60.0,2.5e-06,190000.0,0.31,450.0,7.9e-06,280000.0,271646.78681758104,0,8353.213182418729,349.9999999999998,204.5319690267785,175867276128477.0,586518180695006.5,3.75,899723986847.6,859852261557.4656,1675766230557.1604,1675766230557.1626,51715945.950097874,86.19304845528225,31593575670709.938,349.9999999999997,313.8069492393304,1,456376859.53150916,456376859.53150916,-4.916219040751457e-07,-27.98719749513657,58.68238609937978,0.1592706498675183,175831168076655.2,52749350.18493955,3e-07,44446679090.80077,0.0002867850053523864,366
400.0,800.0,15.77777777777778,211.11111111111111,4.0,20.0,20.0,188.88888888888889,7.0,50.0,1.0,0.7853981633974483,10.0,40.0,8.0,50000.0,0.25,90.0,1.975e-06,210000.0,0.31,500.0,7.9e-06,320000.0,317817.62533174147,0,2182.3746682587885,399.9999999999998,199.61323430614237,221502456373091.88,874487941705062.0,-0.25,1105374676846.144,1109658170426.6086,2186219854262.6538,2186219854262.6562,69479135.40671495,60.64255984908666,24866239049666.062,399.9999999999998,339.35760195509414,1,226172352.31278074,226172352.31278074,-9.138602763414383e-09,-48.32037104597276,18.3753734410491,0.05404521600308559,221495303267764.38,22149530.326776437,1e-07,61425280448.2297,0.0002906329921226003,367
700.0,700.0,20.0,100.0,7.0,10.0,13.666666666666668,146.6949236301234,8.0,10.0,,,,,28.0,42500.0,0.15,105.0,2.5e-06,195000.0,0.29,600.0,7.7e-06,490000.0,488126.44056189596,0,1873.5594381042124,350.0000000000003,348.8442551666199,881819414119471.0,864037562032423.0,-7.0,2511191763466.3374,2527831262975.175,2468678748664.068,2468678748664.0635,201125779.38350186,92.55077216437998,88253943339762.25,350.0000000000001,607.4491703250017,1,477639263.716612,477639263.716612,4.0978193283081055e-08,-34.35457239524112,15.613720086556944,0.022854920840117664,881815656206081.4,220453914.0881185,2.5e-07,126583132748.26718,0.00014996861087061706,368
500.0,600.0,15.77777777777778,300.0,4.0,50.0,11.555555555555555,166.66666666666666,7.0,20.0,10.5,86.59014751456867,3.0,10.0,20.0,50000.0,0.25,75.0,2.325e-06,190000.0,0.29,500.0,7.8e-06,300000.0,297113.7924239237,0,2886.2075760763782,299.99999999999994,249.64190579862054,327460770890708.6,469196561619612.25,-1.25,1307969578276.5881,1311721963678.8965,1563988538732.0405,1563988538732.041,74974979.85436359,82.06801888813806,43776743880355.625,300.0,417.9320001081545,1,346694492.09106755,346694492.09106755,1.7136335372924805e-07,-30.841137795432587,37.67394879904339,0.07944365960807853,327451707598082.06,65490341.525132455,2e-07,68725081652.34892,0.00022288223613294578,369
300.0,900.0,1.0,0.7853981633974483,7.0,10.0,13.666666666666668,233.3333333333333,10.0,20.0,20.0,100.0,7.0,50.0,8.0,50000.0,0.25,60.0,1.8e-06,200000.0,0.32,450.0,7.75e-06,270000.0,266261.1688039349,0,3738.831196065128,450.00000000000114,147.0643050066871,107382090561839.25,965299628465068.5,-4.75,702138834014.7441,730170999393.4729,2145110285477.9353,2145110285477.9246,37328809.59105602,71.24939488211622,27060151962134.03,450.0000000000001,228.75060541245827,1,343187024.0229644,343187024.0229644,4.353933036327362e-08,-10.44428712171657,41.343979201686885,0.15135074761397635,107371196808301.81,10737119.68083018,1e-07,35918730050.36284,0.00036057881487719156,370
800.0,900.0,7.333333333333334,42.23696789826278,10.0,50.0,5.222222222222222,21.419068431419294,1.0,50.0,15.25,250.0,10.0,30.0,8.0,35000.0,0.225,90.0,1.8e-06,210000.0,0.29,500.0,7.850000000000001e-06,720000.0,714556.2111418651,0,5443.788858134119,449.9999999999996,400.9113865846112,1382025319124677.5,1855033814277027.0,2.0,3462953521267.7324,3447208947838.1655,4122297365060.056,4122297365060.0635,308343472.2064104,132.9031402986984,136484716726893.0,450.00000000000057,667.0968633797606,1,961604915.4261591,961604915.4261591,-1.3783574104309082e-06,-33.98546921748493,44.38729093559994,0.05938981914734807,1382004124486322.5,414601237.25055623,3e-07,192893587538.21735,0.00014398684163188636,371
300.0,500.0,15.77777777777778,255.55555555555557,3.0,30.0,20.0,122.22222222222224,1.0,50.0,10.5,150.0,3.0,20.0,4.0,50000.0,0.2,60.0,1.8e-06,195000.0,0.29,400.0,7.75e-06,150000.0,148211.1111478606,0,1788.8888521395252,249.99999999999994,151.58656407823327,58013253151284.53,166501964094266.44,-0.0625,390889495893.51935,382707092175.6898,666007856377.0656,666007856377.0659,19565280.167029258,41.445157373788085,3505935973300.8125,249.99999999999994,258.5548427500007,1,61299708.70579682,61299708.70579682,-3.3527612686157227e-08,22.67727052916598,27.261263604764526,0.11358859835318552,58007886290033.98,14501971.529420817,2.5e-07,24762911125.506767,0.00044417129598772477,372
400.0,600.0,1.0,0.7853981633974483,6.0,10.0,5.222222222222222,21.419068431419294,8.0,10.0,15.25,200.0,7.0,10.0,12.0,35000.0,0.175,75.0,2.325e-06,190000.0,0.32,600.0,7.75e-06,240000.0,237023.9350234407,0,2976.064976559377,299.99999999999983,199.50566377823588,116817108043240.75,287580912899092.1,0.125,582645426522.3278,585532790553.2091,958603042996.9731,958603042996.9742,47810991.30039938,82.80823349128762,18896769557291.406,299.99999999999994,317.1917665293045,1,327868050.0842785,327868050.0842785,-2.4586915969848633e-07,-19.700451976328623,49.19019930313869,0.12697885948695523,116808585495323.86,23361717.085923456,2e-07,29432545598.688156,0.0002639671458782337,373
900.0,200.0,11.555555555555555,104.87489549761482,8.0,10.0,5.222222222222222,21.419068431419294,6.0,10.0,1.0,0.7853981633974483,3.0,30.0,28.0,35000.0,0.25,105.0,2.325e-06,200000.0,0.28,550.0,7.7e-06,180000.0,179027.77402471274,0,972.2259752873681,99.99999999999994,457.86876184854214,455034225295999.75,21294588847410.586,-0.1875,1029183613441.3145,993809281635.422,212945888474.10574,212945888474.106,96015996.49404883,64.8394560078238,18531525386956.438,99.99999999999996,835.1605449630031,1,64663422.34440321,64663422.34440321,-3.637978807091713e-11,29.55411212116536,12.857645976181256,0.014489302421292835,455032780515234.25,159261473.30742085,3.5e-07,48239809614.74765,0.00011462316242915968,374
600.0,800.0,1.0,0.7853981633974483,6.0,50.0,17.88888888888889,144.44444444444446,7.0,40.0,,,,,32.0,50000.0,0.15,120.0,2.15e-06,190000.0,0.3,450.0,7.850000000000001e-06,480000.0,478984.1764986721,0,1015.823501327913,399.99999999999955,298.5347779996015,728912955280923.2,1287792704127039.5,-1.5,2417900646861.215,2441634975211.8203,3219481760317.595,3219481760317.6025,176528689.0114547,68.1059379590689,49022523889381.25,400.00000000000034,531.8940631123526,1,249470211.86768463,249470211.86768463,1.862645149230957e-08,-34.46999756479636,6.670561723050893,0.012105062105749968,728910747352986.4,218673224.064401,3e-07,142625129016.3498,0.00019881667904071584,375
600.0,900.0,20.0,300.0,1.0,50.0,17.88888888888889,100.0,10.0,50.0,,,,,4.0,20000.0,0.25,75.0,2.15e-06,190000.0,0.32,500.0,7.850000000000001e-06,540000.0,538700.0000317674,0,1299.9999682327305,450.0,297.39230178482404,336743534729406.4,739593989374605.2,-0.5,1112805578693.3662,1132320953529.7744,1643542198610.234,1643542198610.234,161802087.3140436,95.88848875849136,43011353610250.0,450.0,504.1115085250811,1,275632466.22523224,275632466.22523224,1.564621925354004e-07,24.24192863641656,13.491536206623737,0.02493558390690585,336740662270090.25,67348132.36779977,2e-07,67004470284.16535,0.00020728597172185105,376
700.0,300.0,3.111111111111111,7.601878519797524,4.0,50.0,17.88888888888889,300.0,3.0,10.0,10.5,86.59014751456867,7.0,20.0,12.0,42500.0,0.175,60.0,1.8e-06,210000.0,0.29,600.0,7.75e-06,210000.0,207857.33042562727,0,2142.6695743728214,149.99999999999972,344.43148973196105,386213139800951.25,71621993992932.19,1.5,1086184880404.0925,1121306127095.13,477479959952.8804,477479959952.88214,67441128.73219416,154.88149362917645,85857271296454.25,150.0,545.1185081102496,1,576088369.4397948,576088369.4397948,7.916241884231567e-09,-7.979510049586679,93.35562053076586,0.13707489750038226,386206870231360.56,77241373.89117971,2e-07,54311419537.01437,0.00015056756681668123,377
800.0,700.0,3.111111111111111,7.601878519797524,4.0,50.0,7.333333333333334,42.23696789826278,10.0,30.0,,,,,20.0,50000.0,0.25,90.0,2.15e-06,210000.0,0.3,500.0,7.8e-06,560000.0,559547.2228139103,0,452.7771860896976,349.99999999999983,399.1785096351793,1502974449337435.0,1146329370417465.5,2.0,3749735195010.2627,3765168747964.53,3275226772621.3286,3275226772621.3315,235748878.56535715,59.82149639130806,46772428385298.0,350.0,740.178498152871,1,162105693.45378396,162105693.45378396,2.9802322387695312e-08,-22.614156848689163,5.033919537345083,0.0065688380205356075,1502974147582564.0,0.0,0.0,203377638689.16248,0.00013641091926495032,378
900.0,600.0,20.0,211.11111111111111,1.0,40.0,7.333333333333334,42.23696789826278,10.0,50.0,1.0,0.7853981633974483,5.0,10.0,16.0,27500.0,0.175,120.0,2.15e-06,190000.0,0.3,400.0,7.9e-06,540000.0,539358.6652490664,0,641.3347509340342,299.99999999999966,449.09872877959236,1018678720954608.0,447900321809289.5,3.25,2259205697507.6963,2268273445624.81,1493001072697.63,1493001072697.6333,298172287.8620823,85.54638581155085,50184809488569.5,300.00000000000017,814.4536154681363,1,148058051.41102073,148058051.41102073,-1.6283593140542507e-08,25.809802384124225,4.992195726142222,0.005898616454673724,1018677777412057.9,560272777.4890257,5.5e-07,125086760346.22578,0.00012503383473128646,379
900.0,200.0,5.222222222222222,21.419068431419294,8.0,40.0,1.0,0.7853981633974483,5.0,20.0,,,,,12.0,20000.0,0.175,90.0,2.15e-06,205000.0,0.3,600.0,7.8e-06,180000.0,179824.72045972367,0,175.27954027634317,99.99999999999993,453.46938585540016,248351497949642.38,12047094536849.5,0.09375,556180226131.6372,547669822255.2897,120470945368.49492,120470945368.49509,85728260.18128134,25.413407644720067,619575205103.8906,99.99999999999999,874.5866425054587,1,6071790.168207142,6071790.168207142,-6.402842700481415e-10,3.804974193478813,8.185802824637724,0.009307336923976946,248351438151777.5,74505431.39512412,3e-07,28272815196.0779,0.00011645211384122336,380
1000.0,200.0,11.555555555555555,166.66666666666666,9.0,10.0,15.77777777777778,300.0,2.0,10.0,5.75,25.967226777328133,1.0,30.0,8.0,20000.0,0.15,90.0,2.325e-06,210000.0,0.31,550.0,7.850000000000001e-06,200000.0,197848.06553583208,0,2151.934464167972,100.0,518.8377356396625,425096761826337.0,14313886217864.062,0.03125,883479011787.1471,819325065672.4988,143138862178.64062,143138862178.64062,128251200.9038106,173.7499184487588,97600607405539.62,100.0,826.2500531140922,1,334325954.3134465,334325954.3134465,-1.5494879335165024e-07,22.52412379445559,19.428765345767935,0.019782655061339867,425089552613313.4,276308209.65544546,6.5e-07,33894596790.911972,0.00010304774038349139,381
1000.0,400.0,7.333333333333334,42.23696789826278,1.0,50.0,13.666666666666668,277.77777777777777,9.0,20.0,,,,,12.0,42500.0,0.2,90.0,1.8e-06,195000.0,0.31,600.0,7.7e-06,400000.0,397457.762988058,0,2542.2370119420875,200.00000000000009,489.7904846170002,1501502687530245.5,231438626221038.75,0.25,2942913925082.542,3065601996544.238,1157193131105.1943,1157193131105.1934,225819808.50713015,209.05963369279428,336575030546253.5,199.99999999999994,790.940151717673,1,1420787029.3860571,1420787029.3860571,-2.60770320892334e-08,13.448494780925103,58.32298592027114,0.05993113813647569,1501491885506321.5,675671347.5014853,4.5e-07,147209131843.99744,0.00010520432539208188,382
700.0,600.0,15.77777777777778,233.3333333333333,5.0,10.0,20.0,211.11111111111111,6.0,10.0,10.5,86.59014751456867,3.0,50.0,20.0,20000.0,0.25,75.0,1.8e-06,195000.0,0.31,550.0,7.9e-06,420000.0,417047.125752345,0,2952.874247654806,299.99999999999983,349.4114438493714,391324552063969.9,269396761295676.12,0.625,1116193170594.6477,1119953450158.5098,897989204318.9199,897989204318.9209,160034842.9173943,145.30721799554794,92263673911222.38,300.0000000000001,554.6927820591959,1,561090921.5164095,561090921.5164095,-1.9185245037078857e-07,-22.55799739126087,25.88987734698387,0.03807334903968216,391315480263275.5,0.0,0.0,51287296880.08989,0.0001505666485189974,383
800.0,900.0,11.555555555555555,166.66666666666666,10.0,40.0,20.0,300.0,2.0,30.0,,,,,16.0,42500.0,0.15,120.0,1.975e-06,205000.0,0.31,550.0,7.7e-06,720000.0,717733.333387315,0,2266.6666126848577,449.9999999999997,401.9644319457115,1678504786228542.0,2099924659096878.0,5.0,4216971851117.609,4175754501719.7876,4666499242437.504,4666499242437.51,355181707.583328,64.81777376551901,63020046760795.0,450.0000000000001,735.1822099496044,1,283793359.1831098,283793359.1831098,0.0,5.333079331321642,16.172012060702166,0.021278963237766006,1678497318933623.5,587474061.3530107,3.5e-07,225655475675.55115,0.00013903691322163112,384
900.0,200.0,7.333333333333334,42.23696789826278,9.0,50.0,1.0,0.7853981633974483,2.0,30.0,5.75,25.967226777328133,10.0,40.0,4.0,42500.0,0.25,90.0,2.15e-06,210000.0,0.31,500.0,7.9e-06,180000.0,179098.95195833975,0,901.0480416602835,100.0000000000001,453.09160995187386,530308121799144.5,25869384468135.797,-0.875,1186614826680.782,1170421411810.0142,258693844681.35822,258693844681.3577,86216129.61680113,94.23067892635687,22341229923930.625,99.99999999999999,805.7695907162356,1,122915923.32642394,122915923.32642394,2.7706846594810486e-08,-12.763712329597183,32.45425919777595,0.03732519746725238,530307628342216.3,159092288.40619534,3e-07,61333138147.79879,0.0001193589764883223,385
500.0,100.0,15.77777777777778,211.11111111111111,4.0,10.0,13.666666666666668,255.55555555555557,3.0,50.0,15.25,150.0,7.0,50.0,28.0,42500.0,0.15,75.0,2.5e-06,195000.0,0.28,550.0,7.7e-06,49999.99999853947,46938.70980918983,0,3061.2901893496555,49.999999999932925,253.12328847658483,54637701653182.81,1803832612414.5176,146.28515625,221315738191.85724,215854108019.92276,36076652248.24195,36076652248.338745,14514963.89379754,154.5705380077577,21510392242505.5,49.99999999985602,345.4294777228255,1,281620721.6331961,281620721.6331961,0.0012486143968999386,-3.6421398719903664,129.61462279160983,0.292473763177514,54630325927429.37,35509711.792115964,6.5e-07,9102735510.214087,0.0002146879508916334,386
1000.0,300.0,15.77777777777778,144.44444444444446,9.0,40.0,20.0,233.3333333333333,4.0,20.0,10.5,150.0,1.0,50.0,24.0,35000.0,0.25,120.0,1.8e-06,200000.0,0.31,550.0,7.75e-06,300000.0,297466.66658632504,0,2533.3334136749827,150.00000000000003,502.2124091193313,952819793912911.0,80651603615375.5,0.75,1914109173005.3274,1897244625205.0103,537677357435.8368,537677357435.83655,195956579.3422698,166.29597850526096,146729794987432.25,150.0000000000002,833.7040243810045,1,578999017.9080133,578999017.9080133,-3.725290298461914e-08,28.075561473699054,36.20043137814215,0.03732003234860015,952812623339584.1,619328204.9895662,6.5e-07,91962576728.13464,0.00010646445289895727,387
900.0,300.0,7.333333333333334,42.23696789826278,7.0,10.0,17.88888888888889,188.88888888888889,10.0,20.0,5.75,25.967226777328133,7.0,10.0,16.0,20000.0,0.15,75.0,1.8e-06,205000.0,0.32,600.0,7.9e-06,270000.0,267451.9112173706,0,2548.0887826292046,149.99999999999983,429.09258847743814,437398804623069.75,44667250387220.0,0.8125,928842472894.7239,1019357631356.6841,297781669248.133,297781669248.13367,145660284.70890954,276.0698867436041,188390671974051.88,150.00000000000006,623.9303673117737,1,1039989118.512951,1039989118.512951,-4.190951585769653e-08,-8.66245941307352,75.25568934842072,0.08639596966343749,437392627679314.5,0.0,0.0,41514932143.80227,0.00011483819356475408,388
1000.0,300.0,13.666666666666668,100.0,3.0,20.0,13.666666666666668,144.44444444444446,4.0,10.0,,,,,20.0,27500.0,0.225,60.0,2.15e-06,195000.0,0.32,600.0,7.9e-06,300000.0,299122.2222182982,0,877.7777817017516,150.0000000000001,497.2629395849107,721281687397781.0,63338150035659.97,-0.625,1434709601083.0164,1450503606803.816,422254333571.0668,422254333571.06616,134826631.50635928,146.2952834913509,88235746691595.38,150.00000000000003,853.7047026319134,1,336656371.23726344,336656371.23726344,-3.5390257835388184e-08,-9.236614633045974,27.084630824387737,0.02754836158027076,721279926590051.9,144255985.3409936,2e-07,70784405913.14787,0.00010342770108245145,389
800.0,200.0,15.77777777777778,233.3333333333333,8.0,30.0,13.666666666666668,166.66666666666666,3.0,50.0,5.75,25.967226777328133,1.0,10.0,28.0,50000.0,0.2,120.0,1.8e-06,205000.0,0.31,400.0,7.8e-06,160000.0,157581.39886353604,0,2418.6011364640112,99.99999999999997,409.3436106520884,473007989923881.25,27927587605886.688,-0.0625,1210803158021.892,1155527966273.5542,279275876058.8668,279275876058.86694,83543952.75020446,100.74448201713393,47754627938961.125,99.99999999999993,699.255517987241,1,161026885.9685906,161026885.9685906,-4.9942173063755035e-08,24.92490846763576,30.134242011778817,0.04054843061123971,472999503873660.06,0.0,0.0,56729403896.599075,0.0001370643258496258,390
200.0,500.0,13.666666666666668,233.3333333333333,10.0,30.0,3.111111111111111,7.601878519797524,1.0,40.0,20.0,250.0,7.0,10.0,8.0,50000.0,0.2,75.0,2.15e-06,205000.0,0.29,400.0,7.75e-06,100000.00001992873,94368.8280213849,0,5631.171998543774,249.9999999999998,104.052508136408,18509948863155.094,139169077389387.06,0.125,192917485424.95078,177890463138.95108,556676309557.5479,556676309557.5487,10167805.571174521,48.47402798893958,3317364086273.8438,249.99999999999977,151.52598019949954,1,99076184.19200741,99076184.19200741,6.146728992462158e-08,-26.937373311375268,41.484089854534254,0.2618210443243403,18488438931745.473,47145519.85904105,2.5499999999999997e-06,12453814269.040148,0.000770995287814809,391
400.0,600.0,15.77777777777778,233.3333333333333,5.0,10.0,15.77777777777778,166.66666666666666,7.0,30.0,15.25,100.0,7.0,10.0,4.0,42500.0,0.15,105.0,2.5e-06,205000.0,0.29,500.0,7.8e-06,240000.0,236266.66673353864,0,3733.3332664611285,300.0,200.56138202593166,148981537269617.56,338397674798114.4,0.125,747004460735.8271,742822649927.4668,1127992249327.0479,1127992249327.0479,59102356.47396024,82.10110489176408,29709428104946.562,299.9999999999998,317.89889511526906,1,328658838.3555579,328658838.3555579,1.73225998878479e-07,28.516808096144814,25.59356872707819,0.07067877220447452,148971640545831.0,44691492.13948264,3e-07,36636452474.48927,0.0002743742750898215,392
600.0,800.0,1.0,0.7853981633974483,8.0,50.0,9.444444444444445,70.05557692032795,9.0,10.0,,,,,8.0,35000.0,0.15,120.0,2.15e-06,200000.0,0.29,600.0,7.8e-06,480000.0,479363.2166293533,0,636.7833706468365,400.00000000000017,298.25972286461223,512480440214574.25,902489219645258.0,-1.0,1698415753706.7202,1718235487153.5984,2256223049113.146,2256223049113.144,177467651.82203904,68.23329077029635,36676989353331.75,400.0,531.7667111346531,1,220642847.53585565,220642847.53585565,3.166496753692627e-08,-34.4865161061025,5.575298997156734,0.00952590241202825,512479736853615.56,128119934.25753307,2.5e-07,88050996431.29187,0.0001751176988350441,393
400.0,200.0,15.77777777777778,277.77777777777777,9.0,30.0,9.444444444444445,70.05557692032795,2.0,10.0,10.5,86.59014751456867,1.0,40.0,4.0,42500.0,0.2,75.0,1.975e-06,190000.0,0.31,400.0,7.75e-06,80000.0000117851,77631.28142530832,0,2368.7185864768016,99.99999998079657,212.0081549033125,53478058280519.97,11841392782017.86,-10807.578125,284470096311.97174,252245288889.51907,118413927797.43906,118413927842.91812,16962064.304442,49.93078852737087,4255389246000.4688,99.99999990852457,350.0692687253283,1,39570423.42775181,39570423.42775181,0.03954381914809346,-26.494982493619318,32.025872311746106,0.08312410977345833,53470543686138.37,29408799.22998055,5.5e-07,11892185630.4219,0.0002745516048894245,394
500.0,300.0,20.0,277.77777777777777,6.0,20.0,9.444444444444445,70.05557692032795,1.0,50.0,,,,,12.0,42500.0,0.25,60.0,1.975e-06,190000.0,0.3,400.0,7.8e-06,150000.00000000003,148263.27791296702,0,1736.7220870330352,150.0000000000002,257.8516328420486,144701564251682.3,49469990882196.53,-0.65625,597573983050.2126,561181492848.3378,329799939214.644,329799939214.6431,33752346.82731631,29.89884790313812,2416514697282.75,150.0,470.1013824857681,1,17509215.01548653,17509215.01548653,1.0231690328891638e-08,-30.658777411026676,23.33016400533139,0.052394629084858736,144694489657810.12,28938897.983627524,2e-07,29269322347.104225,0.00022529530903296914,395
1000.0,900.0,13.666666666666668,122.22222222222224,1.0,30.0,15.77777777777778,255.55555555555557,1.0,30.0,,,,,28.0,50000.0,0.25,90.0,1.8e-06,205000.0,0.31,450.0,7.850000000000001e-06,900000.0,899622.2222235245,0,377.777776475608,450.00000000000045,499.7884907990604,3762521821133760.0,3037500989801654.0,-8.0,7521861756328.202,7528228221338.692,6750002199559.238,6750002199559.225,471365688.914772,46.09814849563266,45430736634096.25,449.9999999999998,953.9018515519351,1,112431745.509523,112431745.509523,-4.9994926088081025e-09,-29.005198020066018,2.9398519843580675,0.003055626268885349,3762520512130547.5,0.0,0.0,404513249547.19977,0.00010796555369174751,396
500.0,200.0,20.0,122.22222222222224,1.0,10.0,11.555555555555555,100.0,5.0,10.0,,,,,24.0,35000.0,0.25,75.0,2.5e-06,200000.0,0.32,450.0,7.9e-06,100000.0,99377.77778830795,0,622.222211692059,100.0,245.9238529283934,78450431745355.03,11960121348216.21,-0.15625,308767401621.7085,319002938556.7481,119601213482.16211,119601213482.16211,26047809.731934287,102.18518451394573,17222098216411.688,100.0,397.8148639779055,1,106834381.19341025,106834381.19341025,-4.656612873077393e-10,-6.780848713511659,20.95228721163228,0.043269982772305614,78449398073843.19,19612349.540488314,2.5e-07,15333905300.71689,0.0002128672380111259,397
800.0,600.0,11.555555555555555,104.87489549761482,4.0,50.0,20.0,233.3333333333333,8.0,50.0,15.25,250.0,3.0,20.0,20.0,27500.0,0.15,120.0,2.5e-06,195000.0,0.32,600.0,7.7e-06,480000.0,476213.8338488188,0,3786.166151181302,300.0000000000001,394.1023573939145,752902408060448.5,427355239900168.25,0.25,1854907072695.4756,1910423507839.8809,1424517466333.8948,1424517466333.8936,251131691.91169208,177.70076339197104,166896743985813.75,299.9999999999999,622.2992372893207,1,1153326038.7399662,1153326038.7399662,2.60770320892334e-07,-28.27281626779586,41.02261282344957,0.05543596327493185,752889148297808.6,188222286.78889048,2.5e-07,101821008410.57687,0.00014549956081821286,398
1000.0,900.0,1.0,0.7853981633974483,2.0,10.0,13.666666666666668,146.6949236301234,4.0,20.0,,,,,24.0,20000.0,0.25,105.0,2.15e-06,190000.0,0.29,450.0,7.75e-06,900000.0,899411.6494770269,0,588.3505229731861,450.00000000000034,497.39951280007796,1522276016369881.0,1224976463139827.5,-4.0,3028799324988.233,3060469456032.09,2722169918088.508,2722169918088.5034,517447917.3052857,103.76426510208914,90976508588484.25,450.00000000000017,896.2357580253802,1,256527305.32597604,256527305.32597604,-7.82310962677002e-08,33.8728620634065,3.925617720671959,0.004033859620998686,1522274715352564.0,380568678.6733999,2.5e-07,153125034358.8501,0.00010217939676230163,399
400.0,500.0,5.222222222222222,21.419068431419294,8.0,10.0,15.77777777777778,166.66666666666666,3.0,50.0,15.25,100.0,1.0,50.0,12.0,20000.0,0.175,90.0,1.975e-06,205000.0,0.3,600.0,7.9e-06,200000.0,199128.64746099958,0,871.3525390004932,249.99999999999977,198.46982391755003,56325359037397.5,87509456942188.94,0.125,279488462384.6787,283798100515.25336,350037827768.75543,350037827768.75604,44423695.46625149,76.57857328450308,9271842038394.531,250.0,323.4214307779455,1,121463487.29859453,121463487.29859453,-2.60770320892334e-08,-18.47378529323032,13.064221075350446,0.038187070385300774,56323613384124.125,36610348.73470123,6.5e-07,14216234226.174435,0.00026696760135503945,400
400.0,900.0,11.555555555555555,104.87489549761482,7.0,50.0,17.88888888888889,300.0,5.0,20.0,,,,,12.0,42500.0,0.225,105.0,2.325e-06,190000.0,0.28,400.0,7.8e-06,360000.0,357765.87576203863,0,2234.1242379613996,449.99999999999983,198.57774514253288,212700643540203.38,1059847951001941.0,1.0,1055993756453.1646,1071120247576.2504,2355217668893.201,2355217668893.203,85223210.01508181,66.86089897878274,30204202922089.062,449.9999999999999,333.1393227494142,1,233750069.51628715,233750069.51628715,2.9802322387695312e-08,33.19926243898226,13.249127470061062,0.03570658694047708,212692675803367.84,95711703.98925497,4.5e-07,58917616410.65645,0.000291702131762611,401
800.0,600.0,3.111111111111111,7.601878519797524,8.0,50.0,5.222222222222222,21.419068431419294,2.0,20.0,20.0,100.0,10.0,10.0,8.0,20000.0,0.2,105.0,1.8e-06,205000.0,0.32,400.0,7.75e-06,480000.0,477896.34673102363,0,2103.6532689762953,300.0,399.55699274613363,527863786606544.0,318066686199811.25,2.5,1318199536624.4402,1321122633791.4016,1060222287332.7042,1060222287332.7042,223368396.64021355,139.8222438537655,60247676029322.875,299.99999999999994,660.1777613540607,1,339137060.8777854,339137060.8777854,-2.1792948246002197e-07,-22.87819251549081,18.71187938748069,0.02407016572820895,527860501463912.5,158358150.42147294,3e-07,67744214485.71417,0.00013246976513832113,402
700.0,400.0,5.222222222222222,21.419068431419294,2.0,40.0,13.666666666666668,233.3333333333333,10.0,20.0,,,,,4.0,35000.0,0.175,120.0,2.325e-06,210000.0,0.32,550.0,7.9e-06,280000.0,277623.8285278629,0,2376.1714721370304,200.0,337.3083902264356,441881983684901.0,135848419059393.62,-0.375,1218340793603.6257,1310023694899.095,679242095296.9681,679242095296.9681,135305568.24321425,184.53285787403698,146478293907631.0,199.99999999999994,515.4671434559866,1,842545336.8002785,842545336.8002785,4.470348358154297e-08,18.202841072066803,37.56345620956944,0.05580112336157877,441872871290391.56,243030078.3669563,5.5e-07,60645960142.179,0.0001538496344734722,403
800.0,800.0,17.88888888888889,233.3333333333333,8.0,40.0,17.88888888888889,100.0,1.0,40.0,15.25,250.0,10.0,40.0,32.0,35000.0,0.25,60.0,2.15e-06,190000.0,0.32,550.0,7.8e-06,640000.0,633033.333208443,0,6966.666791556531,399.9999999999997,404.0941821274373,1257910120914560.5,1306199652085068.5,3.0,3177296377391.116,3112913218131.557,3265499130212.669,3265499130212.6733,227346636.98080635,131.7429268033127,130924066505176.0,400.0000000000001,668.257073303278,1,1038936222.557246,1038936222.557246,-8.568167686462402e-08,-12.725224581663497,71.47990005747455,0.09517258679193365,1257884483627753.5,314471121.0511346,2.5e-07,168602533531.84705,0.00014215579481908006,404
100.0,300.0,3.111111111111111,7.601878519797524,4.0,30.0,9.444444444444445,70.05557692032795,3.0,40.0,20.0,200.0,3.0,20.0,4.0,27500.0,0.25,90.0,1.8e-06,210000.0,0.28,600.0,7.75e-06,30000.00002,29011.076997902677,0,988.9230220973252,149.99999999999997,50.89667786370611,703567458140.9551,8599412193751.203,0.0,14328306671.147308,13823445609.25973,57329414625.00801,57329414625.00803,1573688.6365217296,28.67371323844048,134462061791.74365,150.00000000000006,71.32629560950272,1,16990468.438678518,16990468.438678518,-8.381903171539307e-09,-23.192281709605595,24.372882174341562,0.43171998956274393,,,,,,405
200.0,700.0,9.444444444444445,70.05557692032795,4.0,10.0,13.666666666666668,188.88888888888889,9.0,40.0,,,,,12.0,42500.0,0.15,75.0,1.8e-06,190000.0,0.31,500.0,7.8e-06,140000.0,138019.77771224309,0,1980.2222877569807,349.99999999999983,98.4289261437871,20831303235010.555,255146275378515.12,0.09375,205090902794.82504,211638021983.29117,728989358224.3286,728989358224.3292,14231456.03213941,47.056043185182986,4718370417464.922,349.99999999999994,152.94395685334908,1,121786452.56084488,121786452.56084488,1.862645149230957e-08,-14.343307967181318,21.75352007048625,0.14202515838803054,20826151209814.54,7289152.947952003,3.5e-07,11551345423.034063,0.0005882228403057109,406
900.0,800.0,7.333333333333334,42.23696789826278,9.0,10.0,11.555555555555555,144.44444444444446,6.0,50.0,1.0,0.7853981633974483,1.0,20.0,28.0,27500.0,0.2,90.0,2.15e-06,210000.0,0.32,600.0,7.8e-06,720000.0,718751.6298305637,0,1248.3701694368633,400.00000000000034,448.398403805689,1374239604068792.0,1070473866123730.5,-11.0,3043035311765.144,3064773630782.8413,2676184665309.3286,2676184665309.3237,348899946.6995176,107.7142415788615,108539536386746.5,400.00000000000045,792.2857584248467,1,437257038.1852908,437257038.1852908,2.943852450698614e-07,-36.968626253588866,11.1749388750292,0.01323696365569464,1374237244055361.8,618406759.6484928,4.5e-07,152843750446.3093,0.00011462177403381789,407
600.0,100.0,17.88888888888889,277.77777777777777,7.0,30.0,5.222222222222222,21.419068431419294,4.0,10.0,,,,,12.0,42500.0,0.15,75.0,2.15e-06,205000.0,0.32,500.0,7.850000000000001e-06,59999.999995695514,59221.93411712775,0,778.0658785677645,50.000000000851564,309.47942908859187,85078134832923.03,2149088374126.1729,577.9765625,292847196899.06885,274907237238.59686,42981767483.25549,42981767481.79142,18485951.73501899,58.01452770523263,5240497252057.422,50.000000006051,541.9854192397203,1,27633181.43281525,27633181.43281525,-0.0014617352280765772,11.835654822873039,30.3910776172637,0.05173927901326663,85076378507332.1,8507637.85073321,1e-07,13096656697.787426,0.00017516779137054315,408
200.0,400.0,9.444444444444445,70.05557692032795,2.0,20.0,3.111111111111111,7.601878519797524,7.0,20.0,20.0,200.0,5.0,20.0,12.0,35000.0,0.175,120.0,1.975e-06,205000.0,0.31,600.0,7.9e-06,80000.0,77806.67564779805,0,2193.3243522019598,200.00000000000009,100.1717920268054,9976637270745.988,48024677864438.55,-0.0078125,99938058323.40363,99595275964.27841,240123389322.19284,240123389322.19263,10286680.661699334,53.843771255180236,2396987033250.6016,200.00000000000017,146.15648660398455,1,105817290.63940196,105817290.63940196,-2.4586915969848633e-07,-22.404925632377854,32.62795157402946,0.18284655298075356,9969945199037.97,0.0,0.0,5914700379.945671,0.0006378584592473716,409
200.0,500.0,3.111111111111111,7.601878519797524,9.0,30.0,1.0,0.7853981633974483,10.0,20.0,5.75,25.967226777328133,5.0,10.0,32.0,20000.0,0.15,60.0,1.975e-06,205000.0,0.31,450.0,7.75e-06,100000.0,99664.05686900695,0,335.9431309930423,250.00000000000048,100.23531107734325,6795019442097.684,44701744754419.44,-0.0390625,68110465892.050934,67790675452.23192,178806979017.6781,178806979017.6774,8664221.182803323,29.407177669458417,494403103018.6211,250.00000000000009,170.59283770410164,1,13463186.284826064,13463186.284826064,-2.60770320892334e-08,10.739373130758395,7.06030511596438,0.03933317613350629,6794900851471.228,1698725.2135956807,2.5e-07,4191334031.431101,0.0006291145804154965,410
100.0,500.0,11.555555555555555,166.66666666666666,3.0,30.0,20.0,144.44444444444446,7.0,40.0,5.75,25.967226777328133,3.0,20.0,32.0,20000.0,0.175,60.0,1.975e-06,205000.0,0.31,450.0,7.7e-06,49999.9999982233,48429.32395783509,0,1570.6760403881985,249.9999999999995,51.06033182575139,854194875020.311,28531744604752.75,0.033203125,17454038960.35766,16729128943.684473,114126978419.01077,114126978419.01123,2138124.0472497325,30.678352167712166,182584407744.19287,250.00000000000017,69.3216486745002,1,20477776.28930361,20477776.28930361,3.632158041000366e-08,18.19826962648949,27.03646195835246,0.539562159192423,,,,,,411
500.0,200.0,20.0,188.88888888888889,4.0,10.0,7.333333333333334,42.23696789826278,10.0,30.0,10.5,150.0,5.0,20.0,16.0,50000.0,0.15,90.0,1.8e-06,210000.0,0.28,450.0,7.850000000000001e-06,100000.0,97322.07479892802,0,2677.9252010719683,100.0,252.7309402384971,116356209376794.31,18502101184940.85,-0.28125,470565179036.2399,460395586179.4812,185021011849.4085,185021011849.4085,28826793.804906886,111.48886158482854,25748804607865.53,100.00000000000007,388.5111052590732,1,234182748.43219912,234182748.43219912,2.3283064365386963e-08,3.6827907314145705,49.497088551857985,0.10614100475724987,116349766400734.03,0.0,0.0,21926307169.693542,0.0002167202419290893,412
600.0,200.0,1.0,0.7853981633974483,1.0,20.0,3.111111111111111,7.601878519797524,6.0,40.0,,,,,32.0,20000.0,0.25,60.0,2.15e-06,190000.0,0.31,500.0,7.75e-06,120000.0,119953.60333570869,0,46.39666429132404,100.00000000000009,299.18325163085717,72526740262239.0,8012364579770.676,-0.140625,241099409043.67093,242415776507.85428,80123645797.70683,80123645797.7067,30982784.75400434,47.05439516012287,2405378458872.4844,100.00000000000006,552.9456029466041,1,12717042.334078955,12717042.334078955,2.9103830456733704e-10,4.275318338496163,2.7088889859957526,0.004850776139271823,72526734990766.48,21758020.501163226,3e-07,12877061993.922459,0.0001789191862337017,413
300.0,500.0,5.222222222222222,21.419068431419294,7.0,20.0,20.0,233.3333333333333,4.0,30.0,,,,,32.0,35000.0,0.225,120.0,1.8e-06,200000.0,0.32,500.0,7.8e-06,150000.0,148916.73317339015,0,1083.2668266098299,249.99999999999955,147.46008727471795,41607743156928.17,113719412247576.31,0.15625,272766270896.33887,282162746041.3271,454877648990.30444,454877648990.3061,29143129.882950857,63.79147959077203,8745989443873.156,249.99999999999991,236.20852707384395,1,119940483.16277559,119940483.16277559,-1.4901161193847656e-08,-27.713037323774188,12.573009450241369,0.048357728654774494,41604225866395.26,10401056.487281615,2.5e-07,15370792214.929567,0.0003936430139532194,414
300.0,100.0,11.555555555555555,100.0,9.0,30.0,13.666666666666668,211.11111111111111,4.0,20.0,15.25,150.0,5.0,20.0,8.0,27500.0,0.175,90.0,2.325e-06,195000.0,0.28,450.0,7.850000000000001e-06,29999.999997670562,27052.392135943304,0,2947.607861727258,49.999999978552324,145.05542998661693,10412182568628.086,889523223130.4248,937.541015625,67199402778.22418,71780715617.39352,17790464454.977215,17790464470.239777,8171659.92340019,127.78889038821279,7321895329564.625,49.999999968319706,172.21126474042396,1,149236894.6517368,149236894.6517368,0.022726628289092332,-8.04309929140436,94.05833280683706,0.3443258066717039,10405333429991.45,7804000.114876417,7.5e-07,2325418789.0129533,0.00040363802260983734,415
900.0,200.0,9.444444444444445,70.05557692032795,7.0,10.0,3.111111111111111,7.601878519797524,5.0,50.0,15.25,300.0,7.0,40.0,32.0,50000.0,0.175,120.0,1.975e-06,195000.0,0.3,400.0,7.75e-06,180000.0,175271.6015872807,0,4728.398412719311,100.0000000000001,454.1268218026996,648360782634290.2,31791490563768.703,-0.625,1454137217348.805,1427708630070.6936,317914905637.6874,317914905637.6867,103222445.3349563,194.26884804341654,111457017604387.25,99.99999999999993,705.7310452620562,1,669653229.5215566,669653229.5215566,-4.190951585769653e-09,-0.0007457948086084798,84.57597970105846,0.0996835800616821,648340692466742.9,162085173.17664188,2.5e-07,68372030162.44236,0.00011456557775097808,416
800.0,300.0,20.0,277.77777777777777,6.0,10.0,7.333333333333334,42.23696789826278,10.0,50.0,,,,,16.0,42500.0,0.225,60.0,1.8e-06,200000.0,0.31,550.0,7.7e-06,240000.0,237910.96372118848,0,2089.036278811576,149.9999999999998,407.28565087650344,589331382824311.2,78827785893534.0,1.5,1500661700138.1448,1446973104886.0532,525518572623.5593,525518572623.56067,87028418.98442957,79.8080168019713,40633471776633.125,149.99999999999986,720.1919836928085,1,171447112.69676843,171447112.69676843,9.685754776000977e-08,29.497547026992834,20.062897554205712,0.026881952953359177,589323731381236.6,176797119.10752797,3e-07,70093584781.77985,0.00013105104095420666,417
500.0,400.0,17.88888888888889,188.88888888888889,9.0,20.0,9.444444444444445,70.05557692032795,5.0,30.0,20.0,150.0,1.0,40.0,24.0,42500.0,0.175,60.0,2.325e-06,200000.0,0.32,550.0,7.9e-06,200000.0,197649.7221171422,0,2350.2778828578157,200.00000000000014,255.34911076860143,192475345200424.0,117612055453251.81,-0.75,786734705134.7715,753773313018.6854,588060277266.2595,588060277266.2587,45335811.34518572,60.494729304608114,15094281807059.812,199.99999999999997,439.50527070580387,1,127807303.67524284,127807303.67524284,-2.086162567138672e-07,27.938347016985063,26.606795769700454,0.0571847550941951,192469128286580.75,0.0,0.0,39150108098.9895,0.00022506446997759232,418
700.0,400.0,17.88888888888889,300.0,9.0,40.0,5.222222222222222,21.419068431419294,8.0,20.0,15.25,300.0,7.0,10.0,8.0,35000.0,0.25,120.0,2.5e-06,210000.0,0.32,500.0,7.7e-06,280000.0,272928.6473406065,0,7071.352659393452,200.00000000000043,361.1215479058221,463139260585720.75,162047158159563.0,-1.375,1366682530930.0264,1282502424104.8726,810235790797.8168,810235790797.8132,132463038.60189012,150.63741119941443,92452995289148.25,200.00000000000017,549.3625874261757,1,759011412.9646823,759011412.9646823,1.862645149230957e-07,-3.305650737514952,60.42548170534159,0.08920353243001373,463104608151385.06,138931381.95439965,3e-07,60200370881.564224,0.00015359504039009182,419
500.0,200.0,5.222222222222222,21.419068431419294,10.0,10.0,13.666666666666668,188.88888888888889,1.0,40.0,15.25,300.0,3.0,40.0,28.0,50000.0,0.15,60.0,2.325e-06,200000.0,0.3,600.0,7.7e-06,100000.0,97796.92045496043,0,2203.0795450395676,100.00000000000001,251.21764009263205,109408311755272.94,17457350850347.21,0.1875,439775198675.7028,435512059244.4486,174573508503.47214,174573508503.47208,22264848.573346466,105.74144251767183,17520157282660.938,99.99999999999986,394.25881136347135,1,233612701.7391473,233612701.7391473,2.0489096641540527e-08,-6.821413542820665,96.74376424177322,0.21348384906859819,109399076458121.75,21879815.29811494,2e-07,21703394710.46925,0.00021055562366819217,420
300.0,500.0,15.77777777777778,100.0,2.0,10.0,9.444444444444445,100.0,2.0,10.0,,,,,28.0,27500.0,0.175,120.0,1.975e-06,195000.0,0.3,600.0,7.75e-06,150000.0,149599.9999912054,0,400.0000087946163,250.0,149.9746939117526,32135770174037.484,89597278467752.38,0.03125,214202330339.75406,214274617509.44904,358389113871.0095,358389113871.0095,28167129.962572,36.35985465477489,2648768436674.1094,250.00000000000017,263.64013963320156,1,35784411.10132521,35784411.10132521,1.862645149230957e-09,20.1006032307414,5.604436911458042,0.019645543225086878,32135149470792.94,8033787.367326952,2.5e-07,11393822195.140343,0.00036959829112954344,421
300.0,500.0,13.666666666666668,188.88888888888889,10.0,40.0,5.222222222222222,21.419068431419294,2.0,30.0,,,,,32.0,50000.0,0.25,105.0,1.975e-06,210000.0,0.28,600.0,7.75e-06,150000.0,148068.27297526627,0,1931.7270247337588,250.00000000000003,153.8896615243444,59447518106992.75,161660764306194.44,0.0625,406867294451.56744,386299622197.74274,646643057224.7778,646643057224.7777,26125395.18315582,27.840441677313624,845113197163.2969,250.00000000000009,272.1593770612096,1,40056577.47912976,40056577.47912976,3.3527612686157227e-08,-55.843666816070254,26.040596433508824,0.09738847615853444,59441540661548.45,20804539.09485601,3.5e-07,23822178606.22666,0.00042934956089054385,422
500.0,900.0,13.666666666666668,144.44444444444446,9.0,10.0,9.444444444444445,70.05557692032795,9.0,40.0,,,,,16.0,27500.0,0.25,90.0,2.325e-06,195000.0,0.31,600.0,7.9e-06,450000.0,448069.499862722,0,1930.5001372778456,449.9999999999986,252.29107594791319,274037529691709.88,859567013766870.5,5.75,1106288482501.6914,1086195889656.7803,1910148919481.9285,1910148919481.9404,123654707.87142076,57.008376959300705,21384915662752.25,450.0,442.9916618984457,1,173792573.9129434,173792573.9129434,5.885958671569824e-07,-72.51883179728611,11.946675599005118,0.02624041009811893,274033930125698.34,82210179.09589529,3e-07,54915546248.62268,0.000214222558047172,423
800.0,100.0,5.222222222222222,21.419068431419294,9.0,30.0,7.333333333333334,42.23696789826278,7.0,20.0,,,,,20.0,20000.0,0.2,120.0,1.975e-06,205000.0,0.28,450.0,7.850000000000001e-06,80000.00000053679,79525.27089885193,0,474.72910168482855,50.000000000849425,395.01524475831667,97509611931581.34,1354682270006.21,531.578125,240773536952.99072,246850250023.2388,27093645400.58448,27093645399.663918,44617798.58696096,177.47590300901857,26158790257368.97,50.000000003195176,622.5240973085811,1,103233225.0444431,103233225.0444431,-0.0024209792027249932,-2.2211166169217904,21.858032592104255,0.02815547349257577,97509349964708.7,63381077.52333436,6.5e-07,11232024811.101875,0.00013274687290125496,424
500.0,1000.0,17.88888888888889,211.11111111111111,2.0,40.0,15.77777777777778,122.22222222222224,1.0,50.0,1.0,0.7853981633974483,5.0,10.0,8.0,50000.0,0.15,60.0,2.325e-06,195000.0,0.32,500.0,7.850000000000001e-06,500000.0,499447.70157303364,0,552.2984269664227,500.0000000000004,250.35524301510435,523970045886613.0,2097775114454286.0,-4.5,2098862608672.0298,2092906222279.519,4195550228908.575,4195550228908.569,106996440.46162443,22.3888930767243,4534771210716.125,500.0000000000004,477.61113343759655,1,37527626.777934834,37527626.777934834,-1.0884832590818405e-08,21.282996786997955,6.448543431691864,0.01458579816532108,523968430899486.7,157190529.23420805,3e-07,129246404136.64484,0.00024856533146023157,425
200.0,900.0,7.333333333333334,42.23696789826278,10.0,10.0,3.111111111111111,7.601878519797524,3.0,40.0,1.0,0.7853981633974483,1.0,10.0,32.0,20000.0,0.2,105.0,1.975e-06,190000.0,0.3,450.0,7.9e-06,180000.0,179553.25389375663,0,446.7461062433742,450.0000000000004,101.62573514086348,12539001286133.695,249118064916635.0,-0.59375,127462210813.85936,123384113962.40706,553595699814.7449,553595699814.7439,20861130.5277265,10.225457189745455,104546537014.63672,450.00000000000006,189.77454297335225,1,4020568.4718647785,4020568.4718647785,2.7794158086180687e-08,28.3007954808067,2.9808372945053923,0.018813138610362337,12538728976035.959,3134682.2230925867,2.5e-07,6920687634.141859,0.0005784210947469746,426
100.0,200.0,20.0,100.0,3.0,40.0,17.88888888888889,211.11111111111111,1.0,10.0,,,,,8.0,35000.0,0.2,60.0,2.5e-06,200000.0,0.29,550.0,7.9e-06,20000.0,19488.888879095317,0,511.1111209046819,100.0,48.62077966417231,616414881642.55,2416811961874.6074,-0.00048828125,11997357640.180313,12678013102.631794,24168119618.746075,24168119618.746075,925918.4052075704,30.653933777141177,198111339489.52124,100.0,69.34603576058387,1,12799210.924117366,12799210.924117366,-7.025366463081236e-09,-5.322946150161442,28.899254196941296,0.3565363781664421,615228107443.4242,184568.4279058169,3e-07,924627922.5393182,0.0015991340689047186,427
500.0,100.0,13.666666666666668,166.66666666666666,1.0,20.0,5.222222222222222,21.419068431419294,1.0,20.0,,,,,16.0,27500.0,0.15,90.0,1.8e-06,190000.0,0.32,550.0,7.7e-06,50000.0,49811.91426350547,0,188.085736494539,50.000000000000014,253.73703940893955,30155376963385.938,1146198461482.9536,0.0,122451938736.5824,118844994146.81638,22923969229.65908,22923969229.659065,13529551.320479492,34.16678568467818,837844631895.8633,50.00000000000001,465.8332155919746,1,7205639.99467599,7205639.99467599,-1.6517993001083407e-10,9.438019805780641,14.470184884426182,0.030311105325689404,30154949982070.496,19600717.517235402,6.5e-07,6275584153.714563,0.00022025971790981506,428
800.0,700.0,17.88888888888889,166.66666666666666,1.0,40.0,20.0,300.0,3.0,30.0,,,,,24.0,20000.0,0.25,75.0,1.975e-06,190000.0,0.28,600.0,7.850000000000001e-06,560000.0,558933.3333530925,0,1066.6666469075935,350.00000000000034,396.0344343374634,620478981803629.0,467139561487942.75,-2.0,1535969979980.825,1566729880046.0242,1334684461394.1235,1334684461394.1208,223876599.70302057,123.4809534760631,78229942387173.25,350.00000000000006,676.5190124815252,1,410437700.41732514,410437700.41732514,0.0,18.95908044447424,17.07926418799714,0.02247271603683834,620474479938643.0,124094895.85232843,2e-07,82767311820.17728,0.0001388150661520827,429
100.0,900.0,1.0,0.7853981633974483,6.0,50.0,7.333333333333334,42.23696789826278,6.0,10.0,15.25,150.0,5.0,30.0,12.0,35000.0,0.2,105.0,1.975e-06,190000.0,0.29,400.0,7.9e-06,89999.99998483612,88838.31515555354,0,1161.6848292826157,450.0,48.82258921933898,2730677712479.745,239666592668629.38,-0.015625,53357089990.016,55930620561.969376,532592428152.5097,532592428152.5097,5403686.971961781,25.473159970082552,677241996732.0693,450.0,74.52695679779856,1,31926037.00778015,31926037.00778015,7.82310962677002e-08,-33.930468045968155,6.888432411097077,0.0788355810434542,2729102104174.3867,682275.5123206233,2.5e-07,3472163323.4608927,0.0013315589984186941,430
600.0,700.0,9.444444444444445,100.0,3.0,10.0,9.444444444444445,70.05557692032795,3.0,30.0,5.75,25.967226777328133,10.0,10.0,16.0,50000.0,0.25,120.0,2.15e-06,195000.0,0.31,400.0,7.850000000000001e-06,420000.0,418970.48877177987,0,1029.5112282196737,350.00000000000034,300.2401269351199,637248002734673.2,871603008726898.5,-1.25,2125861597882.206,2122461142152.3237,2490294310648.2837,2490294310648.279,153452619.53802088,50.07130436261063,20320797202253.5,350.0000000000002,549.9286957124536,1,108281599.39911732,108281599.39911732,1.2665987014770508e-07,29.16210413182489,6.868757148312006,0.012151118295493533,637247099415062.5,191174129.83467597,3e-07,110034631940.35657,0.00017522243790903043,431
200.0,300.0,7.333333333333334,42.23696789826278,10.0,40.0,3.111111111111111,7.601878519797524,7.0,20.0,1.0,0.7853981633974483,3.0,40.0,20.0,27500.0,0.175,60.0,2.5e-06,205000.0,0.29,400.0,7.850000000000001e-06,60000.0,59519.7047855459,0,480.29521445411297,149.9999999999999,102.0015321882172,5790078665413.406,12780004947227.023,0.02734375,59083359104.490395,56764624424.75205,85200032981.51343,85200032981.51355,5276362.681218804,27.52334462516682,336140831750.959,150.0,172.47665538156977,1,10107146.483271917,10107146.483271917,-2.7575879357755184e-09,6.509522354786043,14.953611633986165,0.0837998161515538,5789780946774.887,1157956.192828141,2e-07,3495863586.1969132,0.000638926270685866,432
400.0,200.0,7.333333333333334,42.23696789826278,10.0,30.0,15.77777777777778,255.55555555555557,8.0,30.0,5.75,25.967226777328133,1.0,10.0,24.0,20000.0,0.175,120.0,2.15e-06,205000.0,0.32,550.0,7.7e-06,80000.0,77481.25144810029,0,2518.7485518997537,100.00000000000001,176.622721199874,32313826436362.125,6744396855569.684,-0.0234375,144660310170.91922,182953960944.7778,67443968555.696846,67443968555.69682,33068643.76014341,180.2287600975518,23360954837110.836,99.99999999999999,219.77124444496357,1,380216257.5683302,380216257.5683302,8.614733815193176e-09,9.947359231147857,62.66331939456651,0.17304997690216278,32304990656593.785,11306746.512472667,3.5e-07,6291763593.565121,0.0003032916650541409,433
200.0,500.0,3.111111111111111,7.601878519797524,3.0,40.0,17.88888888888889,166.66666666666666,1.0,30.0,,,,,16.0,50000.0,0.175,90.0,2.15e-06,195000.0,0.3,600.0,7.8e-06,100000.0,99810.52769434199,0,189.47230565801016,250.00000000000006,99.74495258080279,16768045449434.875,104262774646824.38,-0.109375,167253877795.52402,168109212702.77994,417051098587.2976,417051098587.2974,10525838.554410208,19.395849763380696,715616167422.6094,250.00000000000006,180.60415117950618,1,16493563.400766391,16493563.400766391,-3.6770870793125356e-09,-16.123894805903547,3.538820396669,0.021972668906781734,16767611701753.797,5030283.513090633,3e-07,13611901011.960966,0.0008180225398604262,434
600.0,700.0,3.111111111111111,7.601878519797524,7.0,20.0,9.444444444444445,100.0,8.0,40.0,,,,,20.0,27500.0,0.25,75.0,2.15e-06,200000.0,0.31,550.0,7.75e-06,420000.0,419146.78686055733,0,853.2131394427527,350.0000000000002,297.20681230464686,356114534711719.4,477577991889422.75,-1.75,1176098238610.3547,1198204482428.519,1364508548255.4944,1364508548255.4927,124521062.48537792,87.79486450230752,39350267793203.375,350.0,512.2049569565527,1,242273620.9508642,242273620.9508642,3.3527612686157227e-08,-20.924854095006594,12.373362093910428,0.022283193371983475,356113255360780.25,71222650.9741388,2e-07,62119529520.87496,0.00017973274466930798,435
600.0,100.0,9.444444444444445,70.05557692032795,5.0,40.0,15.77777777777778,211.11111111111111,9.0,30.0,,,,,8.0,27500.0,0.225,90.0,1.975e-06,200000.0,0.31,450.0,7.9e-06,60000.000009598014,59216.195475832945,0,783.8045337650838,49.99999999585261,288.61506056413907,58455062746087.625,1388194748856.3877,1264.1796875,187726043693.67133,202536425617.66843,27763894974.824802,27763894979.430706,23057150.907639872,177.6019132468767,23821132116183.797,49.999999988440585,422.39836296773643,1,150146754.63359195,150146754.63359195,0.013382095145061612,-3.078907139322837,43.48987393046128,0.07736882092004599,58453912638426.42,17536173.710230123,3e-07,9207583407.749985,0.00018978736213363554,436
900.0,900.0,20.0,188.88888888888889,3.0,40.0,11.555555555555555,104.87489549761482,1.0,40.0,1.0,0.7853981633974483,7.0,50.0,32.0,50000.0,0.175,90.0,2.325e-06,210000.0,0.29,500.0,7.8e-06,810000.0,809317.4628663259,0,682.5371336742738,449.9999999999998,450.72594649304267,2751049668418045.0,2743225886397902.0,-3.0,6123321938900.803,6103597296368.448,6096057525328.668,6096057525328.674,382165133.66400725,30.831459994516067,15919937689863.0,450.0000000000001,869.1685866014973,1,60536167.80786897,60536167.80786897,1.047446858137846e-07,-29.09237913394992,5.902144940771328,0.006909378833399787,2751047696040859.5,825314308.6943369,3e-07,337766789089.5255,0.00012374992467419066,437
1000.0,200.0,1.0,0.7853981633974483,1.0,40.0,3.111111111111111,7.601878519797524,2.0,10.0,10.5,86.59014751456867,5.0,40.0,4.0,50000.0,0.15,120.0,1.8e-06,210000.0,0.3,500.0,7.9e-06,200000.0,199118.10940584348,0,881.8905941565168,100.00000000000004,499.69081360278204,840885646597408.0,33757879520517.094,-0.375,1680731974267.1907,1682811898290.872,337578795205.1711,337578795205.1708,121666252.84862399,121.78845836872729,45539087670283.875,100.0,878.2115178678363,1,225222621.31742626,225222621.31742626,-2.514570951461792e-08,8.81132879944198,25.734196285572974,0.026035045705507173,840884391637906.4,252265317.49764296,3e-07,85143274347.14554,0.00010235775299458042,438
300.0,800.0,7.333333333333334,42.23696789826278,6.0,40.0,1.0,0.7853981633974483,6.0,30.0,,,,,12.0,35000.0,0.175,90.0,2.325e-06,195000.0,0.28,450.0,7.850000000000001e-06,240000.0,239741.86581513274,0,258.1341848671837,400.0000000000005,150.50009454185016,63467253675809.66,450450787540604.0,-0.3125,424530393389.2876,421709061838.23737,1126126968851.5115,1126126968851.5085,37720729.53966307,11.43315503372886,126657732721.48438,400.0,288.56685974048395,1,5438205.549092067,5438205.549092067,3.101013135164976e-08,25.74176976737175,2.260775468909319,0.008388777250127344,63467087479294.59,12693417.500080392,2e-07,26346454176.202824,0.0004186840086839279,439
500.0,700.0,5.222222222222222,21.419068431419294,7.0,40.0,9.444444444444445,70.05557692032795,1.0,40.0,5.75,25.967226777328133,1.0,50.0,12.0,27500.0,0.2,90.0,1.8e-06,210000.0,0.32,400.0,7.8e-06,350000.0,349728.0764900258,0,271.9235099741659,349.99999999999994,250.31631739917904,202235646839819.38,394933267655156.0,0.0,809967414503.1792,807920350303.4702,1128380764729.0168,1128380764729.0173,91975265.0985627,30.591882906504857,3361769472170.5312,350.0000000000001,469.40812240906484,1,20373454.066583626,20373454.066583626,-8.288770914077759e-08,22.522372333747626,2.4193116581458622,0.0053139243256339905,202235488651259.7,50558872.15210406,2.5e-07,48292351321.34367,0.00024105467677998596,440
500.0,300.0,7.333333333333334,42.23696789826278,4.0,30.0,7.333333333333334,42.23696789826278,6.0,20.0,20.0,100.0,1.0,50.0,12.0,35000.0,0.225,60.0,2.5e-06,200000.0,0.31,600.0,7.8e-06,150000.0,149377.63033037778,0,622.3696696221184,150.00000000000017,249.32773198423504,112820548300886.31,39967604084187.3,-0.15625,450071917384.1398,452498995611.206,266450693894.58228,266450693894.58167,33047540.255923927,71.45943808706383,10973373869438.25,150.00000000000006,428.54056059214975,1,100992772.0857134,100992772.0857134,3.725290298461914e-09,-8.893067809774948,24.24154774174998,0.05089198267257474,112819946100714.36,22563989.209347527,2e-07,24050638081.31357,0.00022085128020593735,441
1000.0,1000.0,3.111111111111111,7.601878519797524,1.0,30.0,1.0,0.7853981633974483,2.0,40.0,20.0,150.0,7.0,20.0,20.0,20000.0,0.2,90.0,2.5e-06,195000.0,0.3,500.0,7.7e-06,1000000.0,997890.8273206961,0,2109.172679303488,500.0000000000004,500.105081437068,1686806099099972.0,1747915006959891.0,2.0,3374321355274.227,3372903339140.0073,3495830013919.7847,3495830013919.7793,527969815.52385396,123.48493799252502,91502896657982.5,499.99999999999994,876.5150536969356,1,513486353.4597565,513486353.4597565,7.674098014831543e-07,26.11258825394907,16.416705686979682,0.017109646364752144,1686801210159290.8,1602461149.6288512,9.5e-07,177859975609.3518,0.00010673675708947853,442
600.0,300.0,13.666666666666668,146.6949236301234,6.0,50.0,7.333333333333334,42.23696789826278,6.0,30.0,10.5,86.59014751456867,1.0,40.0,28.0,27500.0,0.175,120.0,2.325e-06,200000.0,0.32,400.0,7.9e-06,180000.0,178693.2283580522,0,1306.7716419477342,149.9999999999999,304.8171844909794,160464578110607.94,38439699494931.625,0.0625,543610839384.057,526428909769.543,256264663299.54398,256264663299.54437,69200877.3128713,83.0267649212281,15328727787067.125,150.0000000000001,516.9732351618434,1,94273756.57013789,94273756.57013789,-9.313225746154785e-09,13.099948905211932,20.342470928398896,0.035919607291764716,160462113890072.34,40115528.50991452,2.5e-07,27693310267.292778,0.00018816747200601047,443
800.0,300.0,9.444444444444445,70.05557692032795,7.0,10.0,1.0,0.7853981633974483,7.0,50.0,,,,,28.0,50000.0,0.175,60.0,2.325e-06,205000.0,0.28,450.0,7.850000000000001e-06,240000.0,239504.11318399708,0,495.88681600292733,149.99999999999986,402.40023024650736,651317829185848.5,90622393087995.47,-1.125,1638124261464.382,1618582148392.0525,604149287253.3026,604149287253.3037,82747390.50852175,12.100379745679396,622946515635.6875,149.99999999999994,787.8996202841831,1,3154372.880452707,3154372.880452707,-4.292087396606803e-08,-12.120018659595928,10.292910400200132,0.013733035890860749,651317268387703.6,130263453.70652811,2e-07,82528359693.68715,0.00012956120929361698,444
900.0,300.0,1.0,0.7853981633974483,5.0,20.0,17.88888888888889,255.55555555555557,2.0,20.0,,,,,4.0,27500.0,0.25,75.0,2.325e-06,210000.0,0.28,600.0,7.8e-06,270000.0,269484.9618813172,0,515.0381186827794,149.99999999999997,444.8174831178849,517656650866694.5,57062327258811.81,-0.1875,1137250732766.5205,1163750685423.275,380415515058.74536,380415515058.7455,120940518.86977307,138.03228244423832,64917037480687.5,150.00000000000006,761.9674419346363,1,264521180.50963354,264521180.50963354,-2.2351741790771484e-08,6.160096420440823,19.10661859941324,0.02193501720425845,517654467644758.2,103530893.56791908,2e-07,58242376589.98206,0.00011653380501277235,445
600.0,200.0,13.666666666666668,233.3333333333333,7.0,40.0,15.77777777777778,255.55555555555557,7.0,50.0,,,,,16.0,27500.0,0.225,120.0,2.5e-06,210000.0,0.29,500.0,7.7e-06,119999.99999988204,116762.65974085056,0,3237.3402590315345,100.00000001010736,301.1800282221834,135269727544488.56,11625273604516.93,-9529.921875,452679674453.1737,449132461879.9052,116252736056.91937,116252736033.41922,59039995.363068774,175.77189594238655,60129095456424.625,100.00000002455295,424.2278165006427,1,417946764.62566084,417946764.62566084,-0.09363252576440573,-14.423065126262372,47.569553653668045,0.08774871548705826,135257202849152.56,33814300.71917505,2.5e-07,18859629320.803078,0.0001973484380288781,446
700.0,100.0,11.555555555555555,104.87489549761482,9.0,10.0,7.333333333333334,42.23696789826278,9.0,50.0,15.25,300.0,1.0,10.0,24.0,35000.0,0.15,105.0,2.5e-06,190000.0,0.28,500.0,7.850000000000001e-06,69999.99999977312,68203.75292323601,0,1796.247076537149,49.99999999677648,359.74192836893917,119123764189418.62,2239126297835.214,-2856.0,350098275754.0094,331136725511.8767,44782525953.81713,44782525959.59142,31992479.10371491,150.16026579176187,27749732503003.812,49.999999989508254,549.8397271543927,1,214085237.35287538,214085237.35287538,-0.01565014198422432,-5.887997625453863,38.15522340038112,0.05903335235096571,119119677258554.92,65515822.6118154,5.5e-07,14465194959.123528,0.00014912844626961997,447
700.0,500.0,13.666666666666668,166.66666666666666,6.0,40.0,13.666666666666668,211.11111111111111,9.0,50.0,10.5,86.59014751456867,1.0,30.0,20.0,27500.0,0.25,105.0,2.325e-06,195000.0,0.31,500.0,7.850000000000001e-06,350000.0,346926.8196973989,0,3073.1803026011326,249.99999999999906,345.82092208310195,435599703933542.25,211443798104745.5,5.125,1229885476283.69,1259610613810.3066,845775192418.9789,845775192418.9852,154886015.32793236,156.47146676928597,108542045400099.88,249.99999999999997,543.5285334136474,1,632553018.3690051,632553018.3690051,-2.905726432800293e-07,-15.458877716489951,33.727633698241675,0.052439959117527093,435590660259834.4,130677198.16270009,3e-07,64187924575.837814,0.00016517626072631728,448
100.0,800.0,5.222222222222222,21.419068431419294,3.0,30.0,13.666666666666668,277.77777777777777,1.0,40.0,15.25,100.0,1.0,40.0,32.0,20000.0,0.25,90.0,2.325e-06,205000.0,0.3,600.0,7.850000000000001e-06,80000.0,79457.96500728768,0,542.0349927122938,399.99999999999994,50.18061269538357,1340709328491.979,90941247512202.12,0.0390625,26911397370.150806,26717675541.95924,227353118780.50528,227353118780.50534,4182191.070649258,19.51623547173555,130389777642.91357,400.00000000000017,80.48397338093501,1,14350333.538976884,14350333.538976884,-1.7508864402770996e-07,24.7405966241422,6.32870359369237,0.11903517755376251,,,,,,450
900.0,900.0,20.0,122.22222222222224,8.0,50.0,15.77777777777778,300.0,4.0,40.0,,,,,20.0,50000.0,0.2,60.0,1.8e-06,190000.0,0.29,500.0,7.75e-06,810000.0,807822.222226508,0,2177.7777734920164,450.0000000000003,449.65278660991936,2781735704690708.0,2757769920887383.0,-11.0,6176868917985.801,6186408241041.117,6128377601971.966,6128377601971.958,316270100.3931819,87.10434696832534,143454131208822.5,449.9999999999992,812.8956530926099,1,526914391.65425754,526914391.65425754,3.725290298461914e-07,7.751817993470468,28.250655054554922,0.033153722196394314,2781728454549997.5,12656864468.832973,4.55e-06,338138757775.37604,0.00012431185494102463,451
600.0,300.0,17.88888888888889,188.88888888888889,4.0,20.0,7.333333333333334,42.23696789826278,6.0,30.0,5.75,25.967226777328133,1.0,20.0,20.0,35000.0,0.2,105.0,1.8e-06,200000.0,0.28,500.0,7.75e-06,180000.0,178939.08818744886,0,1060.91181255115,149.99999999999994,303.5019347621941,201048125163310.75,48716910189665.31,-0.125,678075673114.6301,662427820504.1428,324779401264.4353,324779401264.43555,63999872.47695995,66.31406512183992,14424711955637.906,149.99999999999983,533.6859444383721,1,83660230.80026618,83660230.80026618,-2.584420144557953e-08,31.123477671739238,18.38030480468291,0.032454923131310556,201045662174286.4,0.0,0.0,34455783716.15545,0.0001840935951523578,452
400.0,600.0,20.0,166.66666666666666,10.0,20.0,20.0,211.11111111111111,2.0,40.0,,,,,12.0,35000.0,0.25,90.0,1.8e-06,205000.0,0.32,450.0,7.7e-06,240000.0,237911.1111455739,0,2088.8888544262386,300.0000000000005,204.27179026271497,121648531430595.75,264906074230405.12,-2.1875,621517621777.0435,595522912263.8175,883020247434.6853,883020247434.6823,53267906.10155946,45.67094532426795,8758071225064.469,300.00000000000006,354.3290546875373,1,76786670.04437982,76786670.04437982,9.313225746154785e-08,-0.015437966241734102,19.41910324478128,0.055483152127946515,121642545455494.12,36492763.711448185,3e-07,32369952611.225204,0.0002929199101239218,453
400.0,900.0,15.77777777777778,100.0,6.0,50.0,3.111111111111111,7.601878519797524,6.0,10.0,10.5,86.59014751456867,5.0,40.0,20.0,27500.0,0.225,75.0,2.5e-06,200000.0,0.28,450.0,7.7e-06,360000.0,358488.48726410535,0,1511.5127358944985,450.0000000000006,200.96109880482427,135349000907321.31,701144034591207.5,-1.125,680012801992.9095,673508463639.3923,1558097854647.13,1558097854647.1257,69993052.701065,51.97268056574845,8324034774326.1875,449.99999999999983,348.02738164180334,1,106292118.2214145,106292118.2214145,6.146728992462158e-07,22.34988247493311,14.117911756172221,0.03634473850689012,135346847236457.1,40604054.13187525,3e-07,34968400121.64286,0.00026546030756505185,454
300.0,300.0,20.0,188.88888888888889,1.0,20.0,13.666666666666668,122.22222222222224,1.0,40.0,,,,,16.0,35000.0,0.15,75.0,2.5e-06,200000.0,0.3,500.0,7.850000000000001e-06,90000.0,89688.8888909202,0,311.11110907978843,150.0,150.5183690343837,24288245490164.625,23625664600260.906,0.046875,162483144806.94553,161363995942.6901,157504430668.40604,157504430668.40604,13175987.290010795,31.93217488229223,1311227586882.414,149.99999999999994,268.06782385782293,1,17634909.724942677,17634909.724942677,6.535325645017829e-09,5.355905105810962,9.686202865211198,0.038260182488547824,24287439907683.395,15786835.92754816,6.5e-07,9795619903.605082,0.00041636607469823625,455
500.0,1000.0,3.111111111111111,7.601878519797524,9.0,30.0,17.88888888888889,100.0,9.0,10.0,10.5,86.59014751456867,1.0,50.0,20.0,27500.0,0.25,120.0,1.975e-06,200000.0,0.32,600.0,7.9e-06,500000.0,498858.4028337793,0,1141.5971662206769,499.9999999999997,247.59935042575918,295232035472391.25,1165316429451388.5,1.5,1169696020871.5789,1192378069509.1702,2330632858902.776,2330632858902.7783,156742167.7787125,75.65844343388773,34707289059423.625,500.0000000000001,424.34149908984085,1,285264750.38172746,285264750.38172746,2.0489096641540527e-07,19.12138759368827,7.997064619459443,0.0166239938984185,295230355801482.56,73807589.00059325,2.5e-07,61762892312.20882,0.00021620688524061764,456
600.0,700.0,15.77777777777778,144.44444444444446,7.0,20.0,7.333333333333334,42.23696789826278,1.0,50.0,,,,,28.0,35000.0,0.175,120.0,1.975e-06,200000.0,0.29,500.0,7.9e-06,420000.0,418946.651905528,0,1053.3480944721139,350.0000000000005,302.9367394695994,453649632362451.25,607945224475478.0,-2.0,1527114566616.1099,1497506156423.052,1736986355644.2253,1736986355644.2202,154669661.4965729,21.58526671290642,2418600047867.3438,350.00000000000006,578.4147392467721,1,23579685.432967555,23579685.432967555,4.0482394698125255e-08,4.463107945968659,8.784194846520139,0.016078453045230187,453647279084830.7,249506003.69321933,5.5e-07,80543537854.78262,0.00018344388822498405,457
900.0,900.0,17.88888888888889,277.77777777777777,5.0,30.0,11.555555555555555,122.22222222222224,4.0,40.0,,,,,20.0,35000.0,0.25,90.0,2.325e-06,195000.0,0.29,500.0,7.850000000000001e-06,810000.0,808122.2222761855,0,1877.777723814672,449.99999999999966,452.08466283426105,1963835477960627.0,1939505394713645.0,10.0,4384389894722.365,4343955102676.3975,4310011988252.541,4310011988252.548,388554978.748238,66.21846769682303,62417152285161.75,449.9999999999996,833.7814563197918,1,229082598.33525372,229082598.33525372,1.7881393432617188e-07,29.400944665816496,16.23971414375692,0.01901111177354366,1963828563407760.8,392765712.7412791,2e-07,231627819049.1149,0.00012154018244037581,458
300.0,200.0,20.0,188.88888888888889,5.0,50.0,9.444444444444445,70.05557692032795,1.0,50.0,20.0,100.0,5.0,20.0,4.0,42500.0,0.15,60.0,2.5e-06,210000.0,0.28,600.0,7.9e-06,60000.0,57985.499981369314,0,2014.5000186306665,100.00000000000006,154.39057296366582,20781573156106.984,9712057382471.89,-0.015625,142721344208.8562,134603899429.7774,97120573824.71896,97120573824.71886,8095772.144593645,67.44237362639268,3272047027901.039,99.99999999999996,232.5576219488848,1,78218194.87374604,78218194.87374604,1.4202669262886047e-08,-10.0991907898715,63.71619022407927,0.25977155673711,20776838679367.836,6233051.629165287,3e-07,9981132913.513784,0.0005299690585255642,459
500.0,1000.0,3.111111111111111,7.601878519797524,10.0,20.0,11.555555555555555,104.87489549761482,7.0,50.0,5.75,25.967226777328133,3.0,30.0,16.0,27500.0,0.2,75.0,2.5e-06,205000.0,0.29,550.0,7.9e-06,500000.0,499034.05357528117,0,965.9464247187962,499.99999999999864,248.4374593694807,292259101035819.4,1165555964666215.5,6.75,1161775120824.0215,1176389026749.6511,2331111929332.425,2331111929332.4375,122253933.82781394,66.86809200938784,25317850345894.188,500.0000000000002,433.1317230170343,1,197868069.52602628,197868069.52602628,1.0896474123001099e-07,-27.056895337978858,9.923571001181138,0.022339204355504783,292257769838734.06,131515996.30778979,4.5e-07,62630995429.23147,0.0002190006768077156,460
200.0,700.0,1.0,0.7853981633974483,9.0,40.0,9.444444444444445,70.05557692032795,8.0,20.0,,,,,12.0,50000.0,0.175,75.0,1.975e-06,200000.0,0.32,600.0,7.8e-06,140000.0,139432.48682034656,0,567.5131796534622,350.00000000000006,99.11571569127484,23808399792496.586,289688147658919.4,-0.3125,235997112490.1708,240208120644.1053,827680421882.627,827680421882.6267,13729738.088425422,30.46841441480193,2681230706727.215,349.9999999999999,169.53155828063305,1,57736676.26974847,57736676.26974847,-4.842877388000488e-08,18.300747922286973,9.08713223701953,0.05184417758647474,23807774763063.91,7142332.441449733,3e-07,15370593929.89331,0.0006622041271521555,461
200.0,100.0,15.77777777777778,233.3333333333333,3.0,30.0,13.666666666666668,277.77777777777777,8.0,50.0,15.25,250.0,3.0,20.0,20.0,20000.0,0.15,90.0,2.15e-06,190000.0,0.31,450.0,7.7e-06,20000.000004930032,16668.638318949314,0,3331.3616859807235,50.000000002393044,101.55674280625168,2298509046646.369,568584292017.2876,-9.0810546875,23348567613.144123,22632756655.3747,11371685840.89001,11371685839.801493,3542767.5075862715,86.870950260957,1544505297798.6035,50.00000000296381,113.12904930070063,1,67302625.02481087,67302625.02481087,-0.005476930644363165,-4.543930224594078,79.08655422168337,0.5524089927801564,2287629209056.1406,571907.2969988836,2.5e-07,1030372559.7946849,0.000799665718995157,462
100.0,200.0,9.444444444444445,70.05557692032795,1.0,20.0,3.111111111111111,7.601878519797524,9.0,50.0,,,,,20.0,20000.0,0.2,90.0,2.15e-06,195000.0,0.3,450.0,7.75e-06,20000.0,19861.527518495106,0,138.47248150489506,99.99999999999996,50.774394011147976,341017036166.3021,1345116797858.4463,0.0009765625,6927635106.077338,6716319176.383056,13451167978.584457,13451167978.584469,1051323.871456813,16.435212231882108,20610972742.045776,100.00000000000001,83.56457506227687,1,2136655.7002555397,2136655.7002555397,-7.275957614183426e-10,6.223902797302344,4.850455264455408,0.10012407665171619,340932805150.0295,29439548.008056678,8.635e-05,657995567.098337,0.0019768359898591475,463
800.0,100.0,9.444444444444445,70.05557692032795,8.0,10.0,5.222222222222222,21.419068431419294,5.0,30.0,,,,,8.0,35000.0,0.15,120.0,2.5e-06,210000.0,0.28,400.0,7.9e-06,80000.0,79332.46005354158,0,667.5399464584139,49.99999999999992,410.59431777054516,166094748657023.25,2389056683084.1943,0.1015625,426533962488.9011,404522764851.9066,47781133661.683815,47781133661.68396,41781063.02864948,74.51907724940708,11630810589827.656,50.0,725.4809227599748,1,33204401.10844898,33204401.10844898,2.7619535103440285e-08,-14.451765555126258,12.555725647705874,0.016361620335887193,166094054510004.75,58132918.93944401,3.5e-07,18952968016.255947,0.00012919959309009047,464
900.0,100.0,17.88888888888889,277.77777777777777,8.0,30.0,7.333333333333334,42.23696789826278,9.0,10.0,1.0,0.7853981633974483,5.0,10.0,32.0,42500.0,0.15,90.0,2.15e-06,205000.0,0.3,600.0,7.9e-06,90000.00000257227,88211.07087275153,0,1788.929129820759,50.000000000586624,466.18411251584126,307389733477433.4,3338960004438.75,954.25,708571867342.3597,659374108264.9788,66779200089.55849,66779200087.991516,48571124.050286844,133.2688559293334,49813391442367.56,50.00000000276393,766.7311231809274,1,200510262.77255252,200510262.77255252,0.00012027155753457919,6.470690082601834,39.30393986019313,0.04434442256292087,307385273470490.1,92215581.77471115,3e-07,28727948038.8953,0.00011544655265855743,465
800.0,600.0,13.666666666666668,122.22222222222224,5.0,20.0,5.222222222222222,21.419068431419294,6.0,50.0,,,,,16.0,20000.0,0.175,105.0,2.15e-06,210000.0,0.31,600.0,7.850000000000001e-06,480000.0,479260.3744931279,0,739.62550687191,300.0000000000001,403.57745911835116,530992080798445.25,293030662901818.75,1.25,1339459859213.636,1315712928959.0208,976768876339.3962,976768876339.3955,222453752.48546317,51.50406445519364,13687444297305.0,299.99999999999994,748.4959346020469,1,65522430.56834121,65522430.56834121,5.494803190231323e-08,5.770648855184845,9.868789056746609,0.013204356135000345,530990786959179.1,106198157.28729665,2e-07,68467208434.6652,0.0001339319941344946,466
700.0,1000.0,17.88888888888889,277.77777777777777,2.0,50.0,3.111111111111111,7.601878519797524,4.0,10.0,,,,,32.0,20000.0,0.175,90.0,2.325e-06,200000.0,0.28,550.0,7.9e-06,700000.0,699414.0369145505,0,585.9630854495251,499.99999999999966,351.9320961672942,580714501859030.8,1186847337648074.5,1.0,1668394285898.1433,1650075421319.2952,2373694675296.1475,2373694675296.1504,258290833.8003312,27.42623254386796,2907652803342.25,499.9999999999999,672.5737298663801,1,28816117.537822023,28816117.537822023,2.9103830456733704e-08,32.29756275762429,5.01729402743136,0.0072878706019875285,580712042357660.0,116142408.38977271,2e-07,84419318988.38008,0.0001477682408106172,467
700.0,1000.0,13.666666666666668,233.3333333333333,10.0,10.0,17.88888888888889,255.55555555555557,10.0,50.0,,,,,16.0,35000.0,0.175,90.0,2.5e-06,190000.0,0.29,550.0,7.850000000000001e-06,700000.0,695111.1110530319,0,4888.888946968367,500.0000000000005,350.20607248328633,1074131269050199.0,2107472270309136.0,-8.5,3070754477288.2754,3067140616476.495,4214944540618.2764,4214944540618.2676,274347392.84451157,112.6168750403204,155587999601618.5,499.99999999999994,587.3831620622544,1,887248456.7660153,887248456.7660153,-6.183981895446777e-07,-54.26750997232739,20.058418998855554,0.03128967345601034,1074113162666820.0,322233948.81045574,3e-07,148439905174.7774,0.0001500382022565911,468
600.0,600.0,13.666666666666668,255.55555555555557,7.0,40.0,9.444444444444445,70.05557692032795,3.0,50.0,20.0,150.0,7.0,50.0,20.0,42500.0,0.15,75.0,2.325e-06,210000.0,0.32,400.0,7.7e-06,360000.0,355900.9443793576,0,4099.055620642319,299.99999999999994,304.2918178743812,485506155380633.75,488557702106543.75,0.75,1641842142786.5242,1595528130766.4412,1628525673688.4788,1628525673688.4795,107290212.92231166,88.28470078542789,41477862719291.75,299.99999999999994,511.7152992783266,1,287551015.8571676,287551015.8571676,3.762543201446533e-07,-36.143008365354035,37.50035292531078,0.06877293456840362,485493004866925.9,849612759.6492112,1.75e-06,89274454367.97804,0.00019678438728589815,469
200.0,800.0,17.88888888888889,211.11111111111111,2.0,20.0,20.0,100.0,6.0,50.0,,,,,28.0,35000.0,0.25,105.0,2.15e-06,200000.0,0.32,550.0,7.75e-06,160000.0,158977.777724649,0,1022.2222753510398,400.000000000001,100.17165201030927,19178594370939.11,313601206933959.75,-0.8125,192115714194.9267,191457303399.2224,784003017334.9014,784003017334.8973,18497476.439029228,30.52261319996587,1705995252306.8477,399.99999999999983,169.47739271680746,1,50578051.14693229,50578051.14693229,7.82310962677002e-08,27.57342092746694,9.377470117013594,0.06698192940723996,19176220810681.156,5752866.239243513,3e-07,13076994338.828339,0.0007030539328781898,470
800.0,700.0,13.666666666666668,166.66666666666666,6.0,30.0,5.222222222222222,21.419068431419294,8.0,30.0,,,,,8.0,35000.0,0.2,75.0,2.325e-06,200000.0,0.32,400.0,7.75e-06,560000.0,558828.6474470098,0,1171.3525529900483,349.99999999999983,402.5026306401433,1070789614858010.5,809107839576554.5,0.0,2693828179498.2607,2660329481958.9585,2311736684504.4404,2311736684504.4424,217226074.73095453,43.91571458538589,18639846246867.0,350.0000000000001,756.0842782069694,1,64724009.31714,64724009.31714,-1.6298145055770874e-08,0.008298981421830831,12.503279632247754,0.016293276871149842,1070786903367005.6,696011487.460998,6.5e-07,141855836118.7903,0.00013624867369852953,471
100.0,200.0,1.0,0.7853981633974483,9.0,50.0,7.333333333333334,42.23696789826278,6.0,20.0,1.0,0.7853981633974483,3.0,10.0,28.0,35000.0,0.2,105.0,1.975e-06,205000.0,0.28,450.0,7.850000000000001e-06,20000.0,19734.797217573312,0,265.2027824266701,99.99999999999984,48.46214217523284,611757683166.3389,2493755969453.927,0.00634765625,11870064239.890682,12623413982.698128,24937559694.53923,24937559694.539307,1219599.872030889,27.32971954151306,174621687449.50098,99.99999999999997,72.67008146695287,1,8577638.423085412,8577638.423085412,-3.343302523717284e-09,7.172501998534813,7.96219905372378,0.10430828459112977,611582906090.3032,183474.87411875805,3e-07,1088388171.6606522,0.0018808388170211063,472
200.0,600.0,7.333333333333334,42.23696789826278,4.0,20.0,5.222222222222222,21.419068431419294,6.0,10.0,,,,,28.0,20000.0,0.225,90.0,2.325e-06,200000.0,0.3,400.0,7.75e-06,120000.0,119702.53771327125,0,297.4622867287371,299.9999999999999,100.12219555981397,8353960325538.074,74181831570775.53,0.15625,83641809833.1449,83437646156.56413,247272771902.58502,247272771902.5852,13060723.720667873,26.05822869665453,740081397728.7422,300.00000000000006,173.94190550827977,1,11068792.512000857,11068792.512000857,-1.0244548320770264e-08,0.004204504983135848,3.0869794587498864,0.016473652612540808,8353802942093.341,2088450.7359730543,2.5e-07,4564497019.284042,0.0005721689178420627,473
300.0,900.0,7.333333333333334,42.23696789826278,4.0,20.0,3.111111111111111,7.601878519797524,5.0,30.0,,,,,20.0,42500.0,0.225,75.0,2.325e-06,190000.0,0.28,450.0,7.75e-06,270000.0,269793.04274320026,0,206.9572567997851,450.00000000000057,150.215909950982,86538426197361.47,777569762861860.0,-1.375,577754460897.9572,576093612358.3743,1727932806359.6912,1727932806359.6868,38739026.370799534,10.89456053184942,500870508864.4375,449.99999999999994,289.1054801469912,1,6307140.8237751,6307140.8237751,3.282912075519562e-08,-24.141464903098495,1.932468609075433,0.007198765515131789,86538313961486.55,38942241.26900613,4.5e-07,34005654927.430813,0.0003956235508383141,474
400.0,100.0,13.666666666666668,188.88888888888889,4.0,30.0,3.111111111111111,7.601878519797524,9.0,40.0,20.0,100.0,3.0,10.0,4.0,35000.0,0.225,105.0,2.5e-06,190000.0,0.29,400.0,7.75e-06,40000.0,38576.02753426687,0,1423.9724657331321,49.999999999999936,210.88899781785958,22262418702192.89,1330947046727.67,0.025390625,117721435798.59546,105564628465.92157,26618940934.553364,26618940934.553432,10199032.333447088,81.47170273732888,3893859166575.3906,49.99999999999997,318.5283535144955,1,52975305.24930582,52975305.24930582,7.916241884231567e-09,-4.069545643316815,36.96854647005971,0.10313605652004755,22259345652145.957,10016705.605233591,4.5e-07,5451019918.139018,0.0003024472253143012,475
200.0,700.0,11.555555555555555,188.88888888888889,10.0,10.0,5.222222222222222,21.419068431419294,5.0,10.0,,,,,20.0,50000.0,0.15,60.0,1.975e-06,210000.0,0.3,500.0,7.75e-06,140000.0,138004.01576442953,0,1995.9842355705123,349.9999999999994,103.27301901437194,25534132221528.61,300567072200337.6,0.5,263981486461.59583,247248821281.9184,858763063429.5345,858763063429.5376,12640195.486964548,15.406239950906722,713326909630.3477,349.99999999999983,184.59375882821766,1,12949915.58426921,12949915.58426921,-7.636845111846924e-08,71.35035542246442,12.526730251424699,0.06684884210438892,25528131711661.44,7658439.4176728325,3e-07,13152128323.805506,0.0005778518207516754,476
400.0,600.0,3.111111111111111,7.601878519797524,5.0,40.0,13.666666666666668,233.3333333333333,9.0,10.0,,,,,28.0,27500.0,0.225,60.0,1.8e-06,210000.0,0.3,500.0,7.75e-06,240000.0,237861.99062609687,0,2138.0093739030685,300.0000000000005,190.11477903104628,100356247911934.94,211043064587874.75,-1.5,478148234776.2812,527871890988.267,703476881959.5837,703476881959.5813,49066537.025485806,118.63962033225813,40092614378049.69,300.0000000000001,281.3603796869311,1,383231927.47060597,383231927.47060597,-2.9802322387695312e-08,-13.65745816002891,40.87719629347535,0.10668254798008318,100348055252687.73,20069610.843238924,2e-07,23549021387.971397,0.00027147668791416686,477
200.0,100.0,13.666666666666668,166.66666666666666,9.0,10.0,1.0,0.7853981633974483,4.0,50.0,10.5,86.59014751456867,10.0,50.0,16.0,27500.0,0.2,90.0,1.975e-06,190000.0,0.29,400.0,7.75e-06,20000.468464971593,17903.846319838794,0,2096.6221451327865,49.99999999922835,110.81511079532017,2558229035417.7773,471255107883.72754,12684667.533203125,28684556971.82767,23085561319.727654,9425102157.529093,9425102157.820007,2628106.3740175925,60.78643681417914,877974809578.3262,49.99999999872963,139.2134758060268,1,37223840.64839392,37223840.640014365,789.8344948449085,-3.260829466031282,48.17982491423371,0.3222730763493894,2555472146765.423,1661056.8231514122,6.5e-07,1023711913.0845047,0.0005855195932029911,478
500.0,500.0,13.666666666666668,233.3333333333333,6.0,20.0,17.88888888888889,233.3333333333333,4.0,30.0,,,,,28.0,20000.0,0.225,90.0,2.325e-06,200000.0,0.28,400.0,7.75e-06,250000.0,247666.66666728933,0,2333.33333271062,250.0,253.83407112096634,124128704850917.62,114188822306696.38,-0.25,504248111898.1932,489015144037.7886,456755289226.7855,456755289226.7855,76546882.44099869,99.2744394854337,29023846068052.344,250.00000000000009,400.72538875748853,1,173698653.9559005,173698653.9559005,-6.705522537231445e-08,44.2449331034295,20.204500878583847,0.04382226965391742,124120039540658.25,12412003.954065824,1e-07,23012574941.455795,0.0002237493027982349,479
100.0,600.0,3.111111111111111,7.601878519797524,10.0,30.0,1.0,0.7853981633974483,7.0,50.0,20.0,100.0,1.0,20.0,28.0,50000.0,0.2,120.0,1.8e-06,200000.0,0.3,500.0,7.8e-06,60000.0,59718.483414372415,0,281.51658562761685,299.99999999999983,50.162676089775445,2506736279724.3613,92576057240025.22,0.0078125,50298372445.51734,49972140147.3496,308586857466.75055,308586857466.7509,3612954.6295277043,10.25604531294026,56361550922.50098,299.99999999999994,89.74380099905146,1,5217924.518114555,5217924.518114555,2.0489096641540527e-08,25.794498191637103,2.739407378063855,0.05534156319320915,,,,,,480
800.0,300.0,15.77777777777778,277.77777777777777,8.0,40.0,3.111111111111111,7.601878519797524,8.0,30.0,,,,,4.0,27500.0,0.225,75.0,2.325e-06,195000.0,0.29,550.0,7.8e-06,240000.0,237716.96276607097,0,2283.0372339291002,149.99999999999997,418.23302236323565,397218692158029.5,51232719897458.19,0.1875,1040474203968.3873,949754493113.7571,341551465983.0545,341551465983.0546,98701382.20739117,46.90507164155669,6467277430706.625,150.0,753.0948498875028,1,42073859.50327372,42073859.50327372,-1.2991949915885925e-07,28.47587669303357,34.2659243682042,0.044591283886412536,397209107487556.6,139023187.04774788,3.5e-07,47384083446.721146,0.0001363957497695877,481
400.0,400.0,7.333333333333334,42.23696789826278,2.0,10.0,9.444444444444445,70.05557692032795,5.0,30.0,1.0,0.7853981633974483,10.0,20.0,28.0,35000.0,0.175,120.0,2.325e-06,205000.0,0.3,600.0,7.7e-06,160000.0,159549.5402355271,0,450.4597644728403,200.00000000000028,198.742575319434,76806114222161.94,76114320116894.69,-0.375,381631208607.92053,386460294673.7174,380571600584.474,380571600584.4729,39915483.95488757,56.090037309100865,7798755588764.234,199.99999999999997,343.909909998199,1,78232809.83934017,78232809.83934017,2.0969309844076633e-08,-13.012542794648994,7.614218016978629,0.02084500749442384,76805655431916.17,15361131.093521107,2e-07,19978764951.23198,0.0002685627797760989,482
1000.0,100.0,20.0,144.44444444444446,4.0,50.0,5.222222222222222,21.419068431419294,10.0,20.0,15.25,200.0,5.0,50.0,32.0,50000.0,0.25,60.0,1.975e-06,200000.0,0.28,500.0,7.75e-06,100011.1324913027,97558.20881215081,0,2452.923679151821,49.999999999930694,503.27511263617686,444175158889272.5,4194007497494.258,-121.84375,894207578860.3262,882569290109.8641,83880149949.76889,83880149950.00142,45119925.34459881,217.59538055685903,79264451039198.12,49.99999999975831,782.4045884988855,1,446322775.3915314,446322775.3915314,-0.0005247358349151909,-0.8707998497520748,172.96430322050102,0.17696569417467664,444168093625522.1,155458832.81291682,3.5e-07,43070118276.71292,0.00010498820690573569,483
300.0,200.0,9.444444444444445,70.05557692032795,7.0,10.0,13.666666666666668,233.3333333333333,5.0,50.0,,,,,8.0,27500.0,0.2,75.0,2.5e-06,190000.0,0.32,450.0,7.8e-06,60000.0,58342.94430139606,0,1657.055698603943,99.9999999999999,146.413846438481,15458169248810.11,5938156945827.266,0.00390625,100648195754.30237,105578602193.92024,59381569458.2726,59381569458.27271,10972050.191518368,96.96258051728992,6953093268683.77,99.99999999999993,203.03718630644934,1,119380561.35430464,119380561.35430464,-4.6566128730773926e-09,-6.155551107789506,36.276984926047454,0.14918568175710942,15453533963729.922,3090706.7720975894,2e-07,4465126206.850063,0.0003701943946265005,484
1000.0,400.0,15.77777777777778,122.22222222222224,5.0,10.0,3.111111111111111,7.601878519797524,9.0,50.0,,,,,16.0,50000.0,0.15,120.0,2.325e-06,190000.0,0.29,550.0,7.8e-06,400000.0,399320.4719522347,0,679.5280477653644,199.9999999999999,501.83884912709556,1688411563138886.0,268174150778521.5,1.5,3389287904487.055,3364449695506.2944,1340870753892.6067,1340870753892.6082,243247618.92026442,32.62523710450415,11153692459156.125,200.00000000000006,967.3746401092449,1,39517062.722181424,39517062.722181424,-3.093155100941658e-07,-15.812303543518283,9.693493620252237,0.01022041267352764,1688410425593173.0,168841042.5593173,1e-07,172036979639.42728,0.0001035995039482745,485
900.0,500.0,7.333333333333334,42.23696789826278,4.0,20.0,1.0,0.7853981633974483,5.0,50.0,,,,,32.0,27500.0,0.225,75.0,1.975e-06,195000.0,0.29,500.0,7.8e-06,450000.0,449827.1251405801,0,172.87485941995035,250.00000000000006,450.95146485166987,840549933659943.0,258631048593256.75,-2.5,1871846510716.9133,1863947673252.2039,1034524194373.0272,1034524194373.0267,193707124.3633566,12.1782852400292,549619573892.75,249.99999999999994,887.8215293253056,1,3548862.004550296,3548862.004550296,-2.0372681319713593e-10,13.127715025286022,3.2297739790896,0.003801970546309123,840549822762820.8,252164946.85245028,3e-07,97877541461.41446,0.00011725169187533234,486
900.0,600.0,9.444444444444445,70.05557692032795,10.0,30.0,13.666666666666668,146.6949236301234,6.0,10.0,,,,,32.0,20000.0,0.15,60.0,2.5e-06,205000.0,0.29,600.0,7.75e-06,540000.0,538419.2746725052,0,1580.7253274951613,299.9999999999998,448.4933917847144,781880777792616.0,333811332542396.4,5.25,1731715026017.521,1743349605846.4426,1112704441807.987,1112704441807.9888,222814811.6719977,141.42513110468963,112064725776830.0,300.00000000000006,758.5745932650894,1,463550823.97870827,463550823.97870827,-2.9802322387695312e-08,-24.447808299169992,26.094537145892758,0.02954656026808516,781877871008937.2,234563361.2358331,3e-07,83875218741.39134,0.0001154074134170256,487
200.0,300.0,20.0,166.66666666666666,4.0,20.0,11.555555555555555,188.88888888888889,9.0,50.0,,,,,32.0,35000.0,0.225,120.0,2.5e-06,190000.0,0.32,600.0,7.75e-06,60000.0,57633.333378201896,0,2366.6666217981087,149.99999999999983,98.20854438664297,8019049610139.055,17556709300223.906,0.0234375,78779201670.89937,81653278339.6971,117044728668.15924,117044728668.15952,8433544.57456973,64.81128162090198,3121156791186.383,150.00000000000006,135.1887804801777,1,129178412.9383109,129178412.9383109,1.6763806343078613e-08,-14.217318071372574,38.54576930671075,0.2672665049361257,8012514487383.562,2403754.355053523,3e-07,4911899383.725553,0.0007149474506995588,488
200.0,700.0,15.77777777777778,211.11111111111111,8.0,40.0,5.222222222222222,21.419068431419294,10.0,50.0,5.75,25.967226777328133,1.0,40.0,4.0,42500.0,0.225,60.0,2.5e-06,210000.0,0.28,550.0,7.75e-06,140000.0,138044.98605010932,0,1955.013949890733,349.9999999999999,102.08078023420077,20659749373824.062,256230271188105.75,-0.15625,210987683758.48523,202386280026.7106,732086489108.8733,732086489108.8738,12172553.80586475,29.205935257525795,1056221954158.1406,350.0000000000001,170.7938581279556,1,43340893.62215989,43340893.62215989,-1.3597309589385986e-07,46.45297332122573,28.67190173684208,0.19453231513052646,20653691750118.35,5163422.957122628,2.5e-07,18726166493.91409,0.0009519155021610841,489
700.0,500.0,13.666666666666668,233.3333333333333,7.0,20.0,15.77777777777778,211.11111111111111,1.0,50.0,5.75,25.967226777328133,7.0,50.0,8.0,50000.0,0.2,90.0,1.8e-06,190000.0,0.3,550.0,7.9e-06,350000.0,347792.0143553032,0,2207.985644696897,249.9999999999998,353.709012232207,741962801859413.2,370358041342875.25,1.75,2142599224548.5168,2097664397005.3015,1481432165371.4998,1481432165371.5022,131341265.7713727,54.17794190247448,22427268895238.625,250.0000000000003,645.8220856228477,1,144462571.85361096,144462571.85361096,2.3189932107925415e-07,46.74812705145814,19.913493393000042,0.031012535128058006,741956222318987.0,185489055.67882788,2.5e-07,109025310907.22661,0.00015421523693592737,490
100.0,300.0,1.0,0.7853981633974483,7.0,20.0,20.0,277.77777777777777,8.0,30.0,15.25,100.0,5.0,40.0,32.0,20000.0,0.225,60.0,2.325e-06,210000.0,0.28,400.0,7.8e-06,29999.999999634652,27154.34910321206,0,2845.650896422588,150.0000000000001,47.66888289782362,574933451685.9927,7557418748132.641,-0.009765625,10986454781.071012,12060980176.907858,50382791654.21764,50382791654.21757,1541495.1870153632,44.95723718831138,314513099022.4077,149.99999999999997,55.04274702182635,1,23842209.291771084,23842209.291771084,-2.60770320892334e-08,-34.51325179084233,42.405649839394215,0.6863823941294818,564772644532.3107,169431.78272351855,3e-07,840170509.9103708,0.0016844798250823451,491
1000.0,900.0,7.333333333333334,42.23696789826278,3.0,40.0,11.555555555555555,104.87489549761482,5.0,10.0,,,,,20.0,27500.0,0.175,75.0,2.15e-06,195000.0,0.31,550.0,7.75e-06,900000.0,899348.9146076252,0,651.0853923748416,449.99999999999955,498.67873889135865,2087471352547453.0,1681242347218443.0,-4.0,4163939402711.8213,4186004314497.6074,3736094104929.8696,3736094104929.877,435022329.20474315,85.74308809500769,87784338350601.5,450.0,914.2570468464921,1,285726316.1641176,285726316.1641176,2.60770320892334e-08,24.24855383495742,7.432961758562869,0.00755211738925339,2087470415799621.8,417494083.1927699,2e-07,212659619385.4716,0.00010323015467163727,492
100.0,900.0,5.222222222222222,21.419068431419294,6.0,10.0,3.111111111111111,7.601878519797524,7.0,10.0,,,,,28.0,42500.0,0.2,120.0,2.325e-06,190000.0,0.28,550.0,7.850000000000001e-06,90000.0,89818.27243310842,0,181.72756689154883,450.0000000000007,50.1056624114612,3225593562878.3184,260550462174414.5,-0.265625,64648489563.65878,64375829150.60901,579001027054.2554,579001027054.2535,5475685.152321305,7.076563136913885,72252912324.22461,449.9999999999999,92.92319385365647,1,3423888.8362271655,3423888.8362271655,3.795139491558075e-08,33.631953648640774,1.2970047874448516,0.014664626984610723,3225545831286.9614,645109.1650364209,2e-07,4137472321.9881787,0.0013013357018409246,493
1000.0,800.0,15.77777777777778,166.66666666666666,1.0,30.0,1.0,0.7853981633974483,3.0,20.0,1.0,0.7853981633974483,7.0,30.0,8.0,42500.0,0.25,105.0,1.8e-06,190000.0,0.31,550.0,7.9e-06,800000.0,799819.9815501177,0,180.0184498815725,400.0,500.3285518054694,2838749578288221.0,1813586723760876.0,2.0,5681232314845.108,5673770901229.6045,4533966809402.19,4533966809402.19,451431078.99146384,11.639077196068524,1091400294419.5,399.9999999999997,988.3609122706605,1,7761076.897909033,7761076.897909033,-6.155460141599178e-08,30.041981136578727,1.6518391159905825,0.001686410531894418,2838749158025648.5,709687289.5231813,2.5e-07,295370696638.733,0.00010429037050282999,494
300.0,800.0,17.88888888888889,233.3333333333333,5.0,30.0,7.333333333333334,42.23696789826278,4.0,30.0,,,,,16.0,42500.0,0.25,75.0,1.975e-06,200000.0,0.32,500.0,7.7e-06,240000.0,238664.38545990764,0,1335.6145400923904,399.9999999999998,151.66285435137743,79101081581721.34,557964300502034.25,0.875,533252013417.4219,521558702821.5715,1394910751255.0847,1394910751255.0864,35071863.164412245,25.693822042664674,2194320016667.375,399.99999999999994,274.30619033744955,1,40584873.53144098,40584873.53144098,-1.043081283569336e-07,21.72291380419847,15.593716758787984,0.058549624876425406,79096635286810.5,23728990.620665003,3e-07,32745857912.413376,0.0004310831737370554,495
900.0,900.0,20.0,188.88888888888889,9.0,20.0,7.333333333333334,42.23696789826278,7.0,50.0,10.5,86.59014751456867,3.0,30.0,8.0,35000.0,0.225,105.0,1.975e-06,200000.0,0.31,500.0,7.8e-06,810000.0,807484.8004122425,0,2515.1995877569757,449.99999999999966,453.45870922055474,1972821290290786.0,1951780884402235.0,20.0,4418004182428.894,4350608446096.1113,4337290854227.1855,4337290854227.1924,420330150.89165425,68.38607097071153,56656529733832.75,449.99999999999966,831.6139273830868,1,252641702.34862843,252641702.34862843,1.4826655387878418e-06,-68.02481035809615,17.23763907430189,0.02036743490665519,1972815265903140.8,591844579.3729835,3e-07,226477924274.91324,0.00011889966829791155,496
900.0,1000.0,15.77777777777778,211.11111111111111,5.0,20.0,13.666666666666668,122.22222222222224,5.0,10.0,,,,,32.0,50000.0,0.15,105.0,1.975e-06,195000.0,0.29,400.0,7.8e-06,900000.0,898333.3333179626,0,1666.6666820374483,500.00000000000017,450.5796222151849,3081385735258900.0,3777403758821302.0,-30.0,6856355180081.051,6838715253277.281,7554807517642.606,7554807517642.602,462501458.1181449,60.96447883304774,84506206229934.0,500.00000000000057,839.0355226603112,1,225033075.18558526,225033075.18558526,-1.1920928955078125e-07,26.002435017711832,8.895533969854188,0.010072316252643805,3081381118029514.0,1078483391.3758879,3.5e-07,349286750702.37384,0.00011547354171935692,497
900.0,600.0,15.77777777777778,255.55555555555557,9.0,10.0,13.666666666666668,100.0,6.0,50.0,10.5,100.0,10.0,10.0,32.0,42500.0,0.175,105.0,2.325e-06,205000.0,0.31,500.0,7.850000000000001e-06,540000.0,535099.9999800039,0,4900.000019996171,300.0000000000017,455.4533347772638,1648503352810930.0,730905106049775.2,-35.0,3708279651552.356,3619478060506.7227,2436350353499.2646,2436350353499.237,287982175.2912823,118.66338031132867,141483444841593.5,300.00000000000017,781.3366228890189,1,667688220.8957422,667688220.8957422,-1.7695128917694092e-07,-39.54712512620608,24.047045201077164,0.028519919190486045,1648489521393439.0,741820285.0802829,4.5e-07,176548606370.57028,0.00011540179497834292,498
400.0,500.0,20.0,144.44444444444446,6.0,20.0,11.555555555555555,104.87489549761482,8.0,30.0,,,,,32.0,50000.0,0.15,90.0,1.975e-06,210000.0,0.28,400.0,7.7e-06,200000.0,198294.33420753444,0,1705.6657924655483,250.00000000000037,200.1487568094477,140963593394104.5,214108246584385.62,-0.6875,705342589536.4575,704294124236.3517,856432986337.5438,856432986337.5413,44098036.79015727,62.40706202080963,18223689003437.53,249.9999999999999,337.5929584945839,1,125531202.71887054,125531202.71887054,3.5390257835388184e-08,-36.63971799125284,19.542888956374743,0.0536564980598735,140960030951938.12,28192006.19191578,2e-07,38618345290.75841,0.000294040903761849,499
500.0,400.0,15.77777777777778,100.0,2.0,50.0,17.88888888888889,122.22222222222224,5.0,40.0,20.0,200.0,1.0,20.0,8.0,42500.0,0.25,105.0,2.325e-06,210000.0,0.3,500.0,7.75e-06,200000.0,198788.8889245706,0,1211.1110754293952,199.99999999999997,248.34029457629092,182437178554485.38,117761848423617.81,-0.0625,724935993417.4739,734625763675.4155,588809242118.089,588809242118.0891,58450174.83505553,84.34273078280897,23115576936956.312,199.99999999999994,415.6574285865551,1,189066170.66061684,189066170.66061684,2.60770320892334e-08,15.144813301565591,20.199990901325613,0.044783820205563436,182434259384776.78,0.0,0.0,43717282394.17013,0.00024833116007285375,500
400.0,800.0,1.0,0.7853981633974483,7.0,50.0,5.222222222222222,21.419068431419294,2.0,20.0,,,,,20.0,35000.0,0.225,105.0,1.975e-06,210000.0,0.31,550.0,7.9e-06,320000.0,319951.6640707649,0,48.335929235232186,400.0,199.89418788213743,149590620636858.56,598453272482439.2,0.125,747557599919.9338,748349025160.5559,1496133181206.0981,1496133181206.0981,72301072.95626988,15.347225652176478,1214325023229.2969,399.99999999999994,384.6527912932063,1,9045090.046713859,9045090.046713859,2.7939677238464355e-09,29.97784062151004,0.4438934563535573,0.0011762229077685595,149590605243082.8,29918121.045058567,2e-07,42078714958.820595,0.00028184326634802186,501
100.0,600.0,15.77777777777778,188.88888888888889,6.0,40.0,17.88888888888889,166.66666666666666,8.0,20.0,,,,,8.0,42500.0,0.175,90.0,2.15e-06,205000.0,0.28,550.0,7.75e-06,60000.0,57533.33338122815,0,2466.6666187718183,299.99999999999983,48.58574165521941,2221613505765.332,88790585901307.69,0.0625,43210066181.78443,45725627109.505516,295968619671.02545,295968619671.0258,3368262.536812309,32.98245209656933,759933216950.1836,300.00000000000017,67.01760523643175,1,56846903.93117074,56846903.93117074,4.470348358154297e-08,-36.94614135363372,29.902198397757076,0.4208284358888515,,,,,,502
200.0,800.0,20.0,300.0,8.0,20.0,7.333333333333334,42.23696789826278,3.0,20.0,1.0,0.7853981633974483,5.0,10.0,24.0,27500.0,0.25,90.0,1.975e-06,210000.0,0.31,600.0,7.850000000000001e-06,160000.0,157465.435144738,0,2534.5648552620264,400.0000000000002,105.94137316810789,16788215263236.531,264301562281693.88,-0.1875,178486714389.7556,158467034749.46442,660753905704.2351,660753905704.2343,18040203.499008875,24.836474185243425,760648619351.5156,399.99999999999983,175.1636279196464,1,32437011.18159925,32437011.18159925,-4.2715691961348057e-07,89.92134449986258,18.886087282674904,0.10710446476637575,16776093898908.408,4194023.373611148,2.5e-07,9551205481.796589,0.0006595839381619247,503
400.0,1000.0,15.77777777777778,188.88888888888889,2.0,50.0,11.555555555555555,100.0,2.0,10.0,,,,,8.0,42500.0,0.175,60.0,1.8e-06,210000.0,0.32,550.0,7.8e-06,400000.0,399422.22223310836,0,577.7777668917039,499.9999999999999,200.16500366157402,229082266028253.0,1436891083010775.5,1.25,1146357095732.601,1144467123811.3652,2873782166021.5503,2873782166021.552,68834150.42659272,28.508658870233038,5712601695135.0,500.00000000000006,371.49134216634127,1,53247332.6972858,53247332.6972858,3.725290298461914e-09,21.432929563023208,7.420569036116426,0.019313221898340675,229080739291563.1,22908073.929156307,1e-07,61410284397.70825,0.0002714422028844088,504
700.0,600.0,1.0,0.7853981633974483,4.0,40.0,15.77777777777778,188.88888888888889,8.0,40.0,10.5,86.59014751456867,10.0,30.0,4.0,27500.0,0.15,120.0,2.325e-06,200000.0,0.28,450.0,7.9e-06,420000.0,416753.944426839,0,3246.0555731608665,300.0000000000002,343.60204296318915,502601708473171.5,375141991002103.5,-0.75,1410226120968.6448,1462743655825.7493,1250473303340.346,1250473303340.344,192282647.0744006,160.7106722541352,116567227483252.62,299.99999999999966,539.2893282699822,1,694896256.2653027,694896256.2653027,6.873160600662231e-07,26.44968832557788,28.411720868323613,0.04356883418955211,502594779775122.56,100518955.72258806,2e-07,75867480251.88303,0.00016192343217765235,505
300.0,300.0,7.333333333333334,42.23696789826278,4.0,50.0,1.0,0.7853981633974483,8.0,20.0,,,,,28.0,42500.0,0.175,60.0,2.5e-06,200000.0,0.3,400.0,7.9e-06,90000.0,89824.76894319477,0,175.23105680525103,150.00000000000034,150.63209493934733,28949583245179.625,28831889326264.47,-0.34375,193813947068.64432,192187350622.96188,192212595508.43024,192212595508.42935,11559137.63500098,15.881827761828365,152709327554.79297,150.00000000000006,284.11807132087876,1,4158108.098926761,4158108.098926761,-4.802132025361061e-10,-6.451138100628327,5.45499270462865,0.019516968531766193,28949469571770.688,7237367.396595477,2.5e-07,11066526482.986647,0.000386482485926047,506
100.0,900.0,5.222222222222222,21.419068431419294,3.0,50.0,9.444444444444445,70.05557692032795,1.0,10.0,5.75,25.967226777328133,1.0,50.0,32.0,42500.0,0.175,90.0,1.8e-06,205000.0,0.28,500.0,7.9e-06,90000.0,89813.75276527298,0,186.24723472700708,449.9999999999999,49.8472876080493,3204776469868.922,260617851588528.5,-0.03125,63900361855.26977,64291892771.94327,579150781307.841,579150781307.8413,4735899.484240719,10.819272229233773,154869254016.94824,449.9999999999999,89.18080480257011,1,6402369.44074032,6402369.44074032,-3.4458935260772705e-08,28.96734649634527,1.6111851409967006,0.01889337626194672,3204651960496.774,0.0,0.0,4510131566.582174,0.001416394764180825,507
1000.0,600.0,5.222222222222222,21.419068431419294,4.0,40.0,5.222222222222222,21.419068431419294,3.0,20.0,,,,,4.0,50000.0,0.2,105.0,2.15e-06,200000.0,0.29,550.0,7.8e-06,600000.0,599850.0665214725,0,149.93347852774446,299.9999999999999,500.0425266267765,2504885197959829.0,900967459789774.5,-7.0,5010196529435.427,5009344334885.809,3003224865965.914,3003224865965.916,338781331.4774692,28.784109766417338,11806192725214.625,299.9999999999999,971.2158985310249,1,36471756.43232885,36471756.43232885,2.6542693376541138e-08,-22.51371225801995,1.8333177473929267,0.0018757300892727564,2504885146861036.5,0.0,0.0,261714627916.35605,0.00010473870484766244,508
900.0,800.0,7.333333333333334,42.23696789826278,9.0,40.0,20.0,122.22222222222224,8.0,30.0,,,,,16.0,50000.0,0.2,75.0,1.975e-06,200000.0,0.32,400.0,7.8e-06,720000.0,718642.0894747447,0,1357.9105252556876,400.0000000000005,448.97899212796847,2464032917938969.0,1931164576825315.0,-12.0,5463233141987.236,5488080647739.232,4827911442063.294,4827911442063.281,313685939.09135556,86.27748613533525,125737387902748.5,400.00000000000045,813.7225172930401,1,339938917.26046544,339938917.26046544,0.0,21.038577725157666,12.68330275627216,0.014748026460781582,2464030760035680.5,492806152.0441006,2e-07,294970911998.8409,0.00012186552181131799,509
1000.0,400.0,17.88888888888889,211.11111111111111,4.0,50.0,20.0,166.66666666666666,4.0,10.0,5.75,25.967226777328133,1.0,40.0,12.0,27500.0,0.25,75.0,2.325e-06,200000.0,0.32,400.0,7.7e-06,400000.0,398436.95448552433,0,1563.0455144756177,200.00000000000028,500.787306248672,971499604139958.5,150175881798530.75,-0.25,1946063504194.2463,1939944547351.503,750879408992.6548,750879408992.6527,201604951.19274068,137.9838442715048,106590926965022.75,200.00000000000006,862.0159273347434,1,283916676.82604367,283916676.82604367,9.080395102500916e-09,11.017329753642116,29.198035485084073,0.02979391376028987,971494976919005.5,291448493.09344673,3e-07,94869545042.93976,0.00010418511572994911,510
300.0,500.0,15.77777777777778,100.0,10.0,20.0,20.0,300.0,5.0,50.0,,,,,28.0,50000.0,0.15,120.0,2.15e-06,205000.0,0.3,400.0,7.9e-06,149999.99999999994,147500.0000247453,0,2499.9999752547383,250.00000000000006,149.74671611842902,60450752079442.75,163568718317911.94,-0.0625,402325663158.8151,403686662695.3912,654274873271.648,654274873271.6476,29186294.454536337,62.69157635044729,11916855799253.656,250.00000000000014,237.30842366353824,1,143455578.55275685,143455578.55275685,-5.21540641784668e-08,-40.8535374297353,19.837392858128748,0.08265580357553645,60441779739903.44,18132533.913979914,3e-07,22584114550.639328,0.0004095341262037955,511
600.0,700.0,20.0,233.3333333333333,7.0,10.0,7.333333333333334,42.23696789826278,2.0,20.0,10.5,86.59014751456867,7.0,50.0,12.0,50000.0,0.175,120.0,1.975e-06,190000.0,0.32,600.0,7.8e-06,420000.0,417069.93068714277,0,2930.0693128573794,350.0,302.85236810705436,651945388348863.5,881835590744958.0,-3.5,2194011724729.955,2152683805722.8245,2519530259271.3086,2519530259271.3086,155637699.30330065,56.41669014372151,24659325209060.25,350.0,543.5833617008918,1,242905701.4625256,242905701.4625256,-2.6635825634002686e-07,-60.16314106374193,16.55925585046923,0.028732080716733534,651937984382848.8,228178294.6866719,3.5e-07,111148245184.82158,0.00017806807175049818,512
400.0,100.0,20.0,300.0,2.0,10.0,5.222222222222222,21.419068431419294,7.0,50.0,,,,,12.0,20000.0,0.175,120.0,1.975e-06,205000.0,0.29,450.0,7.8e-06,40000.000003258756,39351.28212143269,0,648.7178818260652,50.000000000019874,220.27320911957565,14083385572263.398,769284402291.3706,-3.05859375,78359967945.08696,63935989440.36,15385688045.833529,15385688045.821297,11556330.6054561,36.19614983331135,1030557889805.7734,50.00000000009453,363.80385143381045,1,8866801.47849539,8866801.47849539,-4.013214856968261e-05,7.8607718648490845,15.595063718424877,0.04489223522179167,14080439466684.564,3520109.8946485585,2.5e-07,2877772429.4958773,0.0002756060823906415,513
1000.0,600.0,7.333333333333334,42.23696789826278,1.0,50.0,5.222222222222222,21.419068431419294,7.0,40.0,15.25,250.0,3.0,50.0,8.0,35000.0,0.225,60.0,2.15e-06,190000.0,0.31,550.0,7.850000000000001e-06,600000.0,598307.8295142234,0,1692.1704857765137,300.00000000000006,499.57705590390526,1764085947092716.0,644295179158727.8,0.5,3525189977608.1484,3531158859769.6562,2147650597195.7595,2147650597195.7588,257892538.32635516,113.54153215537032,84050274054623.0,299.9999999999999,886.458303089449,1,482007682.53076977,482007682.53076977,-2.60770320892334e-07,-13.439905561710475,35.782978975103354,0.03737559459440024,1764080201578513.8,617428070.5749623,3.5e-07,191109033492.35544,0.00010930522095711694,514
200.0,800.0,13.666666666666668,255.55555555555557,1.0,40.0,5.222222222222222,21.419068431419294,3.0,40.0,,,,,16.0,27500.0,0.25,90.0,2.325e-06,190000.0,0.32,550.0,7.7e-06,160000.0,159680.18723622535,0,319.81276377466077,400.0000000000001,100.36133455320076,14818723946483.266,235556660603868.75,-0.09375,148724632952.81216,147653715571.38846,588891651509.672,588891651509.6718,16809193.662921276,16.96213366356216,320877195391.10156,400.0,183.03784130243665,1,11879635.115757067,11879635.115757067,1.862645149230957e-09,25.792579935769027,3.423144723439224,0.021749595879003387,14817715704499.781,2963543.136074009,2e-07,12772978438.507898,0.000871773031377655,515
200.0,400.0,11.555555555555555,188.88888888888889,5.0,20.0,17.88888888888889,277.77777777777777,10.0,50.0,,,,,12.0,35000.0,0.225,105.0,2.15e-06,210000.0,0.31,550.0,7.75e-06,80000.0,76277.77769933645,0,3722.2223006635,199.9999999999999,97.77183067662028,11059300569080.27,43795373103172.39,0.0390625,108182516054.8091,113113362944.57692,218976865515.86182,218976865515.8621,10928346.575757585,69.9074860496085,4884435627294.652,200.00000000000023,130.09252207638005,1,183831425.59720713,183831425.59720713,-1.862645149230957e-08,-19.26698679671972,45.108847157218165,0.319794899214997,11043424939594.795,6073883.666790339,5.5e-07,6155106579.375923,0.0006737939937824437,516
300.0,700.0,15.77777777777778,166.66666666666666,7.0,30.0,9.444444444444445,70.05557692032795,4.0,50.0,,,,,32.0,42500.0,0.2,60.0,2.325e-06,190000.0,0.31,550.0,7.9e-06,210000.0,208553.11106758539,0,1446.888932414638,350.0,151.68019891057762,69452325790518.09,373892420175226.75,0.0,468260645445.74945,457886568512.89734,1068264057643.505,1068264057643.505,27539657.784462553,29.84815908817051,2752241250302.672,350.00000000000017,270.15184810965997,1,50332545.2795687,50332545.2795687,-3.501772880554199e-07,42.65319832817477,21.69684900097767,0.08845827454828008,69449089181512.92,24307181.144434888,3.5e-07,29514061699.16149,0.00044449777134057623,517
400.0,600.0,17.88888888888889,100.0,6.0,40.0,20.0,144.44444444444446,8.0,30.0,20.0,150.0,10.0,40.0,24.0,42500.0,0.2,120.0,1.975e-06,190000.0,0.32,600.0,7.9e-06,240000.0,235244.44441066746,0,4755.555589332341,300.0000000000003,198.54316061014305,145295569347440.12,340832764896368.9,-0.25,721224306841.5553,731808483862.8148,1136109216321.2307,1136109216321.2285,62246232.822190724,95.50469292157224,33489953289502.812,300.00000000000034,304.4950613981165,1,561407455.3468351,561407455.3468351,-1.0542571544647217e-06,33.88582950610726,47.33989217524325,0.1314997004867868,145285334762586.9,36321333.63506099,2.5e-07,41862907208.20422,0.000311825318773208,518
600.0,600.0,7.333333333333334,42.23696789826278,2.0,10.0,5.222222222222222,21.419068431419294,6.0,20.0,20.0,300.0,3.0,10.0,20.0,20000.0,0.15,120.0,2.15e-06,200000.0,0.29,600.0,7.9e-06,360000.0,357987.01163340255,0,2012.9883665973937,300.0000000000004,299.918816363128,223330885279996.25,243547661987476.25,-2.0,744234885284.4061,744637792280.4198,811825539958.2552,811825539958.253,134592122.28093463,112.72752992779085,28233828721358.188,300.00000000000006,487.2724704336805,1,352170281.3028246,352170281.3028246,-4.470348358154297e-08,0.007336303009651601,22.291874088560153,0.03860807596766798,223322190323856.38,100494985.64235874,4.5e-07,37722002471.0653,0.00017465966155993,519
1000.0,300.0,5.222222222222222,21.419068431419294,6.0,50.0,5.222222222222222,21.419068431419294,5.0,10.0,,,,,8.0,27500.0,0.15,60.0,2.15e-06,190000.0,0.28,400.0,7.75e-06,300000.0,299764.3902492731,0,235.6097507268497,150.0000000000002,500.1038889742677,695814013930193.5,62131745925794.06,-0.5,1391917237568.54,1391338938310.0674,414211639505.2943,414211639505.2932,129327180.8881152,66.84931318420033,18068686270456.062,150.0000000000001,933.1507315716617,1,44697958.21817671,44697958.21817671,1.3969838619232178e-09,6.433949259351721,7.335775533518231,0.007429469398632861,695813937636512.5,139162787.52471936,2e-07,70429520805.59541,0.00010258907165464693,520
300.0,900.0,15.77777777777778,300.0,4.0,30.0,5.222222222222222,21.419068431419294,4.0,20.0,10.5,86.59014751456867,3.0,50.0,32.0,27500.0,0.15,75.0,2.5e-06,200000.0,0.32,500.0,7.7e-06,270000.0,268194.7828268644,0,1805.2171731355581,450.00000000000006,152.66786823661533,58699042413344.125,534136463258434.5,-1.125,398413039374.29456,384488518057.8289,1186969918352.077,1186969918352.0764,39957218.89218141,36.984996977386736,3175052953944.4844,450.00000000000006,263.0150030676667,1,68038081.43445724,68038081.43445724,-1.341104507446289e-07,-24.555572777462658,18.733524908232503,0.06753523899700242,58692567842985.37,67496452.76143709,1.15e-06,21797183462.90615,0.00039337570956736066,521
300.0,200.0,13.666666666666668,211.11111111111111,2.0,10.0,17.88888888888889,166.66666666666666,10.0,40.0,10.5,86.59014751456867,5.0,50.0,4.0,35000.0,0.25,60.0,1.975e-06,205000.0,0.28,550.0,7.7e-06,60000.00003880096,57420.641281033415,0,2579.358757767525,99.999999993257,145.9578887192821,19713839825811.477,7593998351332.0,1543.71875,127976951639.45172,135065257512.23158,75939983508.19937,75939983518.44063,9864275.010783397,104.3864104711702,9584875695839.172,99.9999999861129,195.61362083655644,1,189572015.91705826,189572015.91705826,0.045923374593257904,7.088892430176202,87.28668265607286,0.347678753510501,19708417004430.797,5912525.121850935,3e-07,5753046872.128718,0.0003770153189268342,522
600.0,100.0,5.222222222222222,21.419068431419294,9.0,20.0,15.77777777777778,100.0,1.0,50.0,20.0,300.0,5.0,50.0,28.0,27500.0,0.2,60.0,1.8e-06,205000.0,0.31,550.0,7.9e-06,60000.00000210444,56851.38654024336,0,3148.6134618610668,50.000000000009855,303.3903151305801,59341517649523.81,1441168573074.8613,3.5078125,200066014957.1598,195594634007.95456,28823371461.502907,28823371461.491547,18180834.24288823,202.32322305446345,23268289361337.906,50.00000000001865,397.6767738828465,1,283362560.8263897,283362560.8263897,1.61582138389349e-05,6.283354936851538,184.26553135979805,0.3399036240579246,59326663555265.945,14831665.862605665,2.5e-07,8855216843.615894,0.00018046531226063,523
700.0,200.0,9.444444444444445,70.05557692032795,10.0,20.0,3.111111111111111,7.601878519797524,1.0,20.0,,,,,32.0,50000.0,0.225,105.0,2.15e-06,190000.0,0.29,500.0,7.850000000000001e-06,140000.0,139291.84235526723,0,708.1576447327951,100.00000000000004,354.4446187365961,296185632399738.25,23560310367467.33,-0.21875,857129272062.955,835633034733.2688,235603103674.67337,235603103674.6732,56513757.731120005,18.718647634057838,656042305185.375,100.00000000000004,681.2811965196388,1,6652668.727508074,6652668.727508074,-1.095011893591435e-07,0.4029234673630526,15.662655414345448,0.023086128191731937,296184889167313.4,74046222.33915782,2.5e-07,43225345795.09841,0.000152834193252113,524
800.0,600.0,3.111111111111111,7.601878519797524,4.0,10.0,20.0,144.44444444444446,2.0,40.0,5.75,25.967226777328133,1.0,50.0,32.0,42500.0,0.2,105.0,1.8e-06,190000.0,0.3,550.0,7.75e-06,480000.0,479628.7691539641,0,371.23084603590735,299.99999999999994,399.3632569068962,1093891660455751.0,615076531532786.8,-2.0,2730382770213.22,2739089391768.3833,2050255105109.2888,2050255105109.2896,217934439.21257034,56.739578917836376,28978722960384.125,300.0000000000001,743.2604160438166,1,129824802.49477573,129824802.49477573,-3.67872416973114e-08,2.289078249963495,4.540531865742422,0.006054042487656563,1093891005518548.6,273472751.3991741,2.5e-07,139939569441.0494,0.00012876467034363365,525
900.0,600.0,20.0,300.0,7.0,10.0,7.333333333333334,42.23696789826278,7.0,10.0,20.0,150.0,5.0,40.0,32.0,27500.0,0.225,60.0,1.975e-06,200000.0,0.3,500.0,7.850000000000001e-06,540000.0,536104.3412225292,0,3895.658777470849,299.9999999999994,458.5488094017517,1088734007165566.5,473235670041344.5,5.25,2466261345201.3345,2374303421670.6167,1577452233471.145,1577452233471.1516,220695302.66336605,116.34612554055627,93638412022568.5,299.99999999999955,783.6538746538776,1,458400060.9307292,458400060.9307292,1.2740492820739746e-06,29.237837458582362,26.171746973094052,0.029528108660682877,1088720199342579.5,326616060.0681633,3e-07,114145904676.63567,0.00011483108144338135,526
400.0,200.0,15.77777777777778,100.0,8.0,30.0,11.555555555555555,188.88888888888889,3.0,30.0,5.75,25.967226777328133,10.0,10.0,8.0,27500.0,0.15,75.0,2.15e-06,205000.0,0.3,600.0,7.8e-06,80000.0,78113.98880466381,0,1886.0111953363082,99.99999999999989,202.52664399148335,36433810831839.31,8921873104788.941,0.0078125,184499881747.42923,179896383575.93793,89218731047.88931,89218731047.88951,18695380.58708543,105.59045097949443,12323854318551.281,99.99999999999994,294.4094424076023,1,169306711.72455883,169306711.72455883,-5.78584149479866e-08,-9.988780039499034,51.21077161376701,0.14060309481546956,36430539688173.06,10929161.880834108,3e-07,8764983164.52071,0.0003049263012367064,527
400.0,300.0,11.555555555555555,104.87489549761482,5.0,20.0,11.555555555555555,104.87489549761482,3.0,30.0,5.75,25.967226777328133,7.0,40.0,20.0,27500.0,0.225,120.0,1.975e-06,210000.0,0.3,600.0,7.850000000000001e-06,120000.0,118797.45964161164,0,1202.54035838834,150.00000000000014,202.1523259174196,48915043357420.625,26448340392003.594,-0.171875,247235877723.8078,241971212230.33914,176322269280.02414,176322269280.0238,31807941.889302406,75.42787424771858,8566013278166.031,150.00000000000009,324.5721408000911,1,109419908.81414893,109419908.81414893,-2.7939677238464355e-09,-24.217854158174305,19.754285342078013,0.05423690302884321,48913415100895.78,9782683.02775418,2e-07,12501877705.777971,0.0002866645658183819,528
500.0,700.0,3.111111111111111,7.601878519797524,8.0,20.0,5.222222222222222,21.419068431419294,2.0,40.0,,,,,24.0,50000.0,0.225,120.0,1.975e-06,205000.0,0.28,550.0,7.75e-06,350000.0,349896.34683626844,0,103.65316373152315,350.00000000000045,250.04432209274347,365360830089119.6,715646544225799.8,-2.0,1461702463205.0286,1461184269377.668,2044704412073.7163,2044704412073.711,105642713.2213007,15.053378174437157,1758603156582.1406,349.99999999999994,484.94662227104106,1,11480885.427440763,11480885.427440763,6.51925802230835e-09,30.032923661394307,0.9513276181365614,0.0020799097689856256,365360807571150.4,91340201.89395234,2.5e-07,79750470300.9946,0.0002188603539521625,529
100.0,600.0,9.444444444444445,70.05557692032795,8.0,20.0,5.222222222222222,21.419068431419294,10.0,10.0,10.5,150.0,7.0,30.0,16.0,50000.0,0.225,60.0,2.325e-06,195000.0,0.29,550.0,7.850000000000001e-06,60000.000008862815,57750.42422899594,0,2249.575779866894,299.9999999999996,49.8337607031099,2663202711255.4785,108345799390111.06,0.140625,53087549487.102486,53441736559.31369,361152664633.70306,361152664633.70404,2732122.215063463,26.973742852560747,682215575327.5996,300.00000000000017,73.0264569045734,1,39787385.0444039,39787385.0444039,-2.1792948246002197e-07,-8.896781602099509,28.06603588671118,0.3198687873956169,2659966267310.173,0.0,0.0,3256189037.191597,0.0013225330446457926,530
300.0,600.0,5.222222222222222,21.419068431419294,5.0,10.0,5.222222222222222,21.419068431419294,1.0,30.0,,,,,4.0,42500.0,0.15,90.0,2.15e-06,195000.0,0.3,450.0,7.9e-06,180000.0,179871.48559357342,0,128.51440642658937,300.00000000000017,150.24256821540484,57727872068272.41,230174483937378.38,-0.3125,385475841701.838,384231132055.1121,767248279791.2617,767248279791.2609,28303413.41145169,9.467845147863896,285311887062.29297,300.0,290.53217330560227,1,3146825.0761161456,3146825.0761161456,8.710817269327768e-09,2.843160034839457,1.500470251653857,0.005611565458594574,57727829334991.64,17318348.80421833,3e-07,20844233179.226433,0.0003637875740145233,531
200.0,500.0,13.666666666666668,100.0,10.0,30.0,1.0,0.7853981633974483,9.0,50.0,20.0,200.0,5.0,50.0,12.0,42500.0,0.225,120.0,2.15e-06,200000.0,0.3,500.0,7.7e-06,100000.0,96992.9313756418,0,3007.0686243582472,249.99999999999963,102.55019643074199,15010219818940.875,102332169359843.12,0.203125,154030272706.22507,146369488712.5656,409328677439.3719,409328677439.3731,12449909.331982162,42.72784644172943,1881471307524.336,250.0000000000002,157.27191062022965,1,85910681.91248871,85910681.91248871,-2.682209014892578e-07,-36.47535862130462,27.910460004245238,0.1866920401621755,15002261862662.922,3750565.483734954,2.5e-07,10982019113.354065,0.0007844388653271203,532
200.0,700.0,5.222222222222222,21.419068431419294,7.0,40.0,17.88888888888889,144.44444444444446,1.0,30.0,,,,,12.0,20000.0,0.2,60.0,1.8e-06,200000.0,0.31,450.0,7.75e-06,140000.0,139705.6220569652,0,294.37794303489324,349.99999999999983,99.9864592967776,9519484614145.73,115467030614536.38,0.0,95181957835.02559,95207737938.69635,329905801755.81805,329905801755.81836,12168353.454399483,25.2037340343119,617348735415.0293,350.0,174.79626458480678,1,13081655.404889166,13081655.404889166,-2.6573161371721465e-08,-15.053793701641553,4.418295353319481,0.027433361981203393,9519101438134.61,2855730.4315176434,3e-07,7633887728.679675,0.0008188912149960776,533
700.0,800.0,5.222222222222222,21.419068431419294,1.0,30.0,9.444444444444445,122.22222222222224,8.0,20.0,,,,,32.0,42500.0,0.25,60.0,1.8e-06,190000.0,0.29,400.0,7.850000000000001e-06,560000.0,559000.8031668309,0,999.1968331691953,399.9999999999999,348.08289885738554,987324507036568.5,1278039587265243.0,-3.0,2805559899848.2744,2836463699531.212,3195098968163.1064,3195098968163.1084,170599543.5874855,80.56182127286795,71642052666378.75,400.0,619.4381800522558,1,262317845.61202088,262317845.61202088,4.0978193283081055e-08,13.570444322373078,11.665951911994888,0.01727578234721632,987322693659330.4,444295211.8941967,4.5e-07,148617856017.9027,0.00015350151641151753,534
400.0,600.0,3.111111111111111,7.601878519797524,9.0,20.0,7.333333333333334,42.23696789826278,4.0,30.0,1.0,0.7853981633974483,3.0,10.0,16.0,20000.0,0.25,75.0,1.975e-06,205000.0,0.32,500.0,7.7e-06,240000.0,239757.92283224917,0,242.077167750828,299.99999999999983,199.3942075476293,65270453319564.47,145935584873832.12,-0.3125,325366743011.97687,327343778549.7019,486451949579.4401,486451949579.4407,46775524.61914687,42.96245037529693,3971592047331.4375,300.0000000000001,357.0375496606477,1,31940163.120912343,31940163.120912343,1.4726538211107254e-08,16.08208458579759,3.768813484016981,0.01028793489720961,65270328394228.97,13054065.670041006,2e-07,17917430760.727684,0.000280245062784195,535
1000.0,600.0,17.88888888888889,211.11111111111111,6.0,30.0,1.0,0.7853981633974483,10.0,30.0,,,,,20.0,27500.0,0.25,105.0,2.15e-06,200000.0,0.28,550.0,7.7e-06,600000.0,598725.4793590291,0,1274.5206409707614,299.9999999999994,505.9871664461959,1421150000624175.5,501992788442105.25,11.5,2876747129018.45,2808668074737.2144,1673309294807.014,1673309294807.021,345363401.75705725,24.78962537225598,1540700985142.125,299.99999999999983,975.2103746456864,1,26467652.443819135,26467652.443819135,6.174377631396055e-08,22.790342082770167,15.589018380264012,0.016079441341169686,1421145745606022.5,426343723.281389,3e-07,146139482278.46915,0.00010662683506863949,536
300.0,400.0,7.333333333333334,42.23696789826278,6.0,30.0,7.333333333333334,42.23696789826278,4.0,30.0,5.75,25.967226777328133,1.0,50.0,4.0,50000.0,0.225,75.0,2.15e-06,190000.0,0.29,500.0,7.75e-06,120000.0,119525.69582938656,0,474.30417061339875,200.00000000000028,150.22678993238793,45800154554148.89,80793513862775.81,-0.21875,305796707792.22363,304873415552.326,403967569313.87964,403967569313.8785,17425856.10525171,29.923143953982464,2115927089251.6797,200.00000000000003,270.0768244368499,1,29491595.867371712,29491595.867371712,1.4901161193847656e-08,7.984313300905342,11.075311213350192,0.04158439754699697,45799864447527.18,13739959.32875495,3e-07,19231814345.28869,0.00042955699138298346,537
900.0,100.0,7.333333333333334,42.23696789826278,3.0,30.0,13.666666666666668,166.66666666666666,10.0,10.0,5.75,25.967226777328133,3.0,10.0,24.0,27500.0,0.15,90.0,2.325e-06,195000.0,0.32,400.0,7.7e-06,90000.0000037872,88627.44083308433,0,1372.5591707028377,49.99999999982941,423.9465684538452,203951985057719.8,2211228598658.499,290.375,428422465930.5834,481079457256.9443,44224571973.0191,44224571973.32086,54767045.53618429,299.48885962493364,100216775619079.38,49.99999999957521,600.5109993277824,1,397461923.81581503,397461923.81581503,0.0009465680923312902,-3.6931367985671386,72.79519861637006,0.0824252107297669,203949937397228.5,50987484.45501521,2.5e-07,18623434019.89815,0.00011455150255293389,538
700.0,800.0,20.0,122.22222222222224,6.0,10.0,9.444444444444445,70.05557692032795,5.0,40.0,1.0,0.7853981633974483,10.0,20.0,32.0,50000.0,0.225,60.0,1.975e-06,190000.0,0.29,400.0,7.75e-06,560000.0,558900.6807486141,0,1099.3192513863567,399.99999999999807,350.67261362436585,1159133274947864.5,1503663512216302.0,31.0,3318186091775.354,3305457084223.597,3759158780540.737,3759158780540.773,168986139.15217742,44.19349220860027,26403832495063.5,399.9999999999999,655.8065082046062,1,97070332.4015242,97070332.4015242,-1.5890691429376602e-07,-31.233065989550255,12.151677843496234,0.01854431549017666,1159131548375214.8,231826309.6939801,2e-07,172409491278.1227,0.0001514207170460938,539
100.0,1000.0,5.222222222222222,21.419068431419294,1.0,20.0,15.77777777777778,211.11111111111111,3.0,20.0,,,,,12.0,42500.0,0.2,120.0,2.5e-06,205000.0,0.31,600.0,7.8e-06,100000.0,99345.24759369722,0,654.7524063027836,500.00000000000034,49.49952403107099,3595237259806.3086,369461056532159.1,-0.0625,71192146030.8279,72631754146.75842,738922113064.3187,738922113064.3177,6177918.374270665,18.177953987031263,465026983443.8408,500.00000000000006,81.82206864365644,1,26892781.3958705,26892781.3958705,-1.7881393432617188e-07,38.828458330142894,4.5869676741196805,0.06360972101672985,3593048594242.126,898262.151830942,2.5e-07,6468736664.776715,0.0018314136098702024,540
1000.0,700.0,13.666666666666668,255.55555555555557,4.0,40.0,3.111111111111111,7.601878519797524,6.0,20.0,,,,,4.0,50000.0,0.175,120.0,1.8e-06,205000.0,0.32,600.0,7.7e-06,700000.0,698932.1664801235,0,1067.8335198765785,350.0,501.9456352121972,2950693210750585.0,1437616101365693.0,3.0,5924440019731.048,5878511543392.904,4107474575330.5513,4107474575330.5513,425012725.746946,27.252454780912174,8780593310641.25,350.0,972.7475147319673,1,52460943.78118849,52460943.78118849,1.3993121683597565e-07,12.885698050316932,10.686115354315405,0.010921535112396115,2950688942790522.5,885206682.9739954,3e-07,304245009262.1293,0.00010460837961971645,541
800.0,400.0,9.444444444444445,70.05557692032795,5.0,10.0,20.0,144.44444444444446,10.0,40.0,5.75,25.967226777328133,5.0,40.0,28.0,50000.0,0.15,90.0,1.8e-06,200000.0,0.32,400.0,7.75e-06,320000.0,317945.6054472101,0,2054.3945527900173,199.99999999999943,396.6333943328933,888674273658152.0,216917358118171.12,6.5,2203142900707.957,2240543248136.8174,1084586790590.8525,1084586790590.8588,140287353.2324383,135.627116571787,131167708267219.5,199.99999999999977,664.3728820305389,1,465450180.6501832,465450180.6501832,1.0244548320770264e-08,-15.096824930524235,24.28911544913926,0.032385487265519014,888670455700408.0,222167613.73294088,2.5e-07,109745226498.44318,0.0001300971604268723,542
400.0,500.0,1.0,0.7853981633974483,1.0,50.0,13.666666666666668,188.88888888888889,10.0,40.0,1.0,0.7853981633974483,3.0,40.0,8.0,27500.0,0.225,120.0,1.8e-06,200000.0,0.28,450.0,7.850000000000001e-06,200000.0,198105.6132647698,0,1894.3867352303077,250.00000000000043,191.43814797146533,80561288084981.62,120103261144361.38,-0.65625,386270486675.3845,420821497379.87244,480413044577.4463,480413044577.4447,55318422.431533754,114.55304876679452,28416058187881.344,250.00000000000003,285.44695125171876,1,293090464.1148566,293090464.1148566,-3.3396645449101925e-08,21.813946362728302,19.90566296906892,0.056363368465303265,80555610023645.1,20138902.331303146,2.5e-07,23519014941.66399,0.0003243687393252257,543
500.0,300.0,5.222222222222222,21.419068431419294,3.0,40.0,3.111111111111111,7.601878519797524,4.0,30.0,,,,,8.0,35000.0,0.175,90.0,2.325e-06,210000.0,0.32,450.0,7.7e-06,150000.0,149905.3352866937,0,94.66471330631781,150.00000000000006,250.2220950884554,110112334544515.19,39502950811168.0,0.0,440840972637.31134,440058398941.90656,263353005407.78677,263353005407.78656,39362027.8772006,24.23879488620378,1314417929001.4688,149.99999999999997,475.7613864236223,1,7602527.091029555,7602527.091029555,4.831235855817795e-09,9.649698157275452,2.2109093766067835,0.0047196832065363545,110112307669729.45,27528076.919186868,2.5e-07,25013839910.46385,0.00022892458473192687,544
500.0,100.0,11.555555555555555,100.0,2.0,30.0,9.444444444444445,100.0,3.0,30.0,,,,,32.0,27500.0,0.225,105.0,2.5e-06,190000.0,0.3,500.0,7.7e-06,50000.0,49499.999977238396,0,500.00002276159404,49.99999999999998,247.57420114783284,32388668912325.203,1160639568338.0312,0.01171875,128309661926.80481,130824087332.8522,23212791366.760616,23212791366.760635,16086575.782816024,113.0318188924713,8590853114571.781,49.999999999999986,386.96818114084755,1,69126663.25250462,69126663.25250462,-4.6566128730773926e-09,-6.977415123481478,25.85274840388285,0.05556411595340228,32387912961602.496,21052143.39854732,6.5e-07,6550975708.009215,0.00023195549426415141,545
900.0,500.0,13.666666666666668,122.22222222222224,6.0,20.0,9.444444444444445,122.22222222222224,5.0,20.0,1.0,0.7853981633974483,1.0,30.0,32.0,20000.0,0.225,60.0,2.325e-06,205000.0,0.3,400.0,7.8e-06,450000.0,448653.984768275,0,1346.0152317249344,249.99999999999997,451.0086791284297,652234204762162.0,193013031535092.0,0.5,1452665506976.9766,1446167745646.4893,772052126140.3679,772052126140.368,184832458.62546882,126.7470156654213,78370879961227.25,249.99999999999986,773.2531685471697,1,215222630.60792035,215222630.60792035,9.988434612751007e-08,-27.23579917112977,19.44545266158183,0.022216321671033188,652231524204374.0,195669457.22399497,3e-07,71094294059.24765,0.00011758849229893843,546
800.0,500.0,20.0,144.44444444444446,8.0,10.0,13.666666666666668,100.0,9.0,10.0,,,,,16.0,27500.0,0.175,60.0,2.15e-06,200000.0,0.28,550.0,7.850000000000001e-06,400000.0,397944.44439508324,0,2055.5556049167217,250.00000000000026,401.43202480546125,638223934841055.5,237206210500632.25,-3.75,1601292563782.9834,1589868011029.6294,948824842002.53,948824842002.5281,147780775.90525594,120.2150547158556,89079168003758.75,250.0,679.7849797083157,1,382494156.8561127,382494156.8561127,2.1792948246002197e-07,-2.481646766907943,21.704669222756596,0.027713984967807227,638219846096810.4,159554961.4672924,2.5e-07,75940414760.28165,0.00013053869481976848,547
800.0,900.0,5.222222222222222,21.419068431419294,7.0,40.0,15.77777777777778,122.22222222222224,4.0,30.0,,,,,32.0,20000.0,0.15,105.0,1.8e-06,205000.0,0.32,400.0,7.8e-06,720000.0,719361.1776044753,0,638.8223955248279,449.99999999999994,398.4269520856478,783367328656688.5,982580643404086.0,-4.5,1950746776272.111,1966150443778.9438,2183512540897.9685,2183512540897.9692,332426272.1318955,85.99633294284624,49683786204029.5,450.00000000000006,714.0036674501504,1,151146405.02338144,151146405.02338144,-5.21540641784668e-08,-33.85611693293322,3.7877943687266264,0.004970134031552663,783366301720693.2,195841575.35024124,2.5e-07,105876889393.0532,0.00013803977091649287,548
200.0,200.0,17.88888888888889,166.66666666666666,7.0,10.0,7.333333333333334,42.23696789826278,9.0,30.0,1.0,0.7853981633974483,3.0,50.0,20.0,27500.0,0.15,60.0,1.8e-06,210000.0,0.29,500.0,7.7e-06,39999.999999135245,38466.48447961296,0,1533.5155195222867,100.00000000296923,108.98374843551412,5241623693440.898,3891676217620.785,283.322265625,57589975453.198685,48095461650.80179,38916762177.36338,38916762175.05232,4470550.128041107,42.55678362966138,1487565815076.4297,100.00000000781115,157.44321697237814,1,29826919.082154922,29826919.082154922,-0.001053888499882305,19.50650519720375,20.136652768625353,0.1210620405888427,5238205128527.93,1571461.5633511285,3e-07,2133082754.5123177,0.0006081038506655809,549
1000.0,900.0,5.222222222222222,21.419068431419294,10.0,50.0,15.77777777777778,255.55555555555557,4.0,40.0,10.5,150.0,1.0,50.0,4.0,35000.0,0.175,75.0,1.975e-06,205000.0,0.3,550.0,7.75e-06,900000.0,898463.587131252,0,1536.4128687483812,449.99999999999966,498.03543986598004,2667691010521510.0,2151387659117722.0,3.0,5314500708594.369,5356428071141.641,4780861464706.045,4780861464706.053,437372833.84011567,112.08513866372323,172158196720082.0,449.99999999999994,887.9148614910356,1,617801996.1999365,617801996.1999365,1.1548399925231934e-07,24.44058339318144,17.539411992887906,0.018421602048595255,2667685940582426.5,933690078.9230633,3.5e-07,289460258751.0995,0.00011052493354564404,550
800.0,200.0,5.222222222222222,21.419068431419294,9.0,10.0,1.0,0.7853981633974483,5.0,20.0,,,,,16.0,35000.0,0.15,90.0,1.975e-06,190000.0,0.32,400.0,7.850000000000001e-06,160000.0,159803.30138669885,0,196.6986133010849,100.00000000000013,402.0147506775849,303215561307509.75,18763718264341.414,-0.3125,761876380654.1718,754239889945.4514,187637182643.41437,187637182643.4139,67464708.42395814,12.768373507641028,443545571525.9844,100.0,787.2316276183946,1,1982452.5377492546,1982452.5377492546,7.021299097687006e-10,0.0027795666381393858,6.1238480573057,0.00785612322938512,303215498945166.94,90964649.6381739,3e-07,38410798226.31386,0.00012895168035420476,551
100.0,500.0,20.0,233.3333333333333,5.0,30.0,17.88888888888889,255.55555555555557,6.0,40.0,,,,,20.0,42500.0,0.2,120.0,2.325e-06,190000.0,0.3,550.0,7.9e-06,49999.99999857217,47348.5218968072,0,2651.4781017649716,250.0000000000001,50.575869525861506,1795077345547.3535,52036687633914.875,-0.0078125,36319856886.235756,35492762900.09126,208146750535.6596,208146750535.6594,3018946.666647347,28.800836552140858,348794005189.5078,249.99999999999997,71.19917462716661,1,40894007.152211726,40894007.152211726,-2.9802322387695312e-08,-5.167081295396201,26.458192547616395,0.5182235760175196,,,,,,552
800.0,700.0,20.0,255.55555555555557,8.0,50.0,20.0,277.77777777777777,10.0,20.0,,,,,32.0,42500.0,0.175,105.0,1.975e-06,190000.0,0.29,600.0,7.850000000000001e-06,560000.0,555177.7778193133,0,4822.222180686844,350.00000000000045,397.9981325856669,1360201087954338.5,999810450217711.5,0.5,3383569078181.455,3417606708648.47,2856601286336.3223,2856601286336.315,271920370.22842956,143.335817244355,238577772298560.25,349.99999999999966,656.6642142385756,1,1273891459.394333,1273891459.394333,1.341104507446289e-07,48.369249738549115,41.59673900360081,0.05402173896571534,1360181522408237.8,272036304.3344425,2e-07,168813355540.95587,0.00013496695784191988,553
900.0,100.0,3.111111111111111,7.601878519797524,3.0,50.0,13.666666666666668,277.77777777777777,6.0,40.0,,,,,12.0,20000.0,0.175,120.0,2.15e-06,190000.0,0.28,400.0,7.850000000000001e-06,89999.99999708073,89584.5536335216,0,415.4463635591121,50.00000000026536,436.0064722275743,132603631804948.94,1502711552084.7158,-218.578125,285787675620.3092,304132255485.7311,30054231041.85382,30054231041.534813,54971431.942171544,218.19670308904523,37540369629083.81,50.00000000096382,681.8033061620557,1,134937767.38161558,134937767.38161558,-0.0010449806577526033,0.005728355565224774,19.401233493193885,0.02274026196149405,132602419765276.92,0.0,0.0,14929455913.922739,0.00012370219103130848,554
1000.0,200.0,13.666666666666668,277.77777777777777,4.0,50.0,9.444444444444445,122.22222222222224,2.0,20.0,1.0,0.7853981633974483,1.0,10.0,28.0,42500.0,0.25,60.0,2.5e-06,195000.0,0.28,450.0,7.75e-06,200000.0,198642.87363823684,0,1357.1263617631653,100.0,506.58909353200823,749658448123574.2,29261564021653.156,0.0,1519339030200.796,1479815609327.1833,292615640216.53156,292615640216.53156,89003736.4435787,92.30179510777579,39663594220286.375,99.99999999999997,907.6982105325225,1,114969702.11327183,114969702.11327183,9.00399754755199e-09,10.491580087798923,41.34766260503224,0.04239578051212117,749653194533295.1,149930638.9640301,2e-07,73791892059.83759,0.00010552504934774916,555
400.0,700.0,13.666666666666668,166.66666666666666,10.0,50.0,15.77777777777778,122.22222222222224,8.0,40.0,1.0,0.7853981633974483,7.0,10.0,8.0,42500.0,0.15,90.0,1.975e-06,190000.0,0.3,450.0,7.8e-06,280000.0,277344.5599337681,0,2655.4400662322223,349.9999999999999,201.07797188243174,167041668443094.56,504042848422086.25,0.125,839734392534.7898,830730819886.9349,1440122424063.103,1440122424063.104,61193682.31078584,60.12035635560127,18056769213724.406,349.9999999999993,339.8796439637883,1,184431197.32097086,184431197.32097086,-3.314926289021969e-08,-23.085500500282535,26.57270140971807,0.07546680743544634,167035661622947.5,108573179.95554034,6.5e-07,51617160806.93407,0.0003292354733635101,556
600.0,100.0,17.88888888888889,277.77777777777777,5.0,30.0,13.666666666666668,100.0,8.0,20.0,,,,,8.0,50000.0,0.25,75.0,1.8e-06,200000.0,0.28,500.0,7.75e-06,60000.000003450376,58721.80778140741,0,1278.192222042958,49.999999999724075,300.9320608452037,103635129872349.69,2535423747139.67,859.5625,346527047216.21326,344380487679.77075,50708474942.513565,50708474943.073235,19683988.559291456,130.44331710193376,27598157134033.812,49.99999999899159,469.556682900145,1,161377906.394174,161377906.394174,0.008368517737835646,-5.354468521160015,46.89977129463806,0.08182571320585415,103632523945168.34,20726504.78010901,2e-07,15825453672.870607,0.00018320059063872503,557
100.0,600.0,1.0,0.7853981633974483,2.0,30.0,15.77777777777778,300.0,7.0,50.0,,,,,4.0,20000.0,0.2,60.0,1.975e-06,190000.0,0.28,600.0,7.7e-06,60000.0,57898.42915490078,0,2101.570845099214,299.9999999999999,51.81185406769368,1025682502515.397,45328559938812.766,0.01171875,21284954684.83585,19796290269.313915,151095199796.04248,151095199796.0426,2530133.183481444,29.24811002684438,175624582420.15283,300.00000000000006,70.75189064334609,1,20763078.56828487,20763078.56828487,0.0,20.767283000343014,26.751559533475863,0.6352613098589551,,,,,,558
700.0,100.0,15.77777777777778,144.44444444444446,1.0,10.0,11.555555555555555,104.87489549761482,3.0,30.0,,,,,12.0,35000.0,0.225,60.0,1.8e-06,190000.0,0.28,400.0,7.75e-06,70000.0,69540.93088839873,0,459.0691116012849,50.00000000000004,346.8712677614253,107302118206737.31,2048907039588.5713,-0.1015625,303861193980.22736,309342768281.8015,40978140791.77146,40978140791.77139,22592354.208130784,129.72069418146478,19905726520062.03,49.99999999999999,570.2793850153136,1,82055800.05694334,82055800.05694334,-6.984919309616089e-10,-2.325558135926258,25.238492127659416,0.03799706075116738,107301303931104.66,0.0,0.0,14896809229.845007,0.00015080009808817512,559
100.0,800.0,20.0,166.66666666666666,3.0,10.0,13.666666666666668,166.66666666666666,6.0,50.0,10.5,150.0,7.0,50.0,8.0,42500.0,0.2,60.0,2.15e-06,205000.0,0.28,550.0,7.7e-06,80000.00001341788,78106.92101130297,0,1893.0790021149,400.00000000000017,51.299598610728836,2937817255666.7695,204180707892185.88,0.015625,60324292446.46799,57267840981.74897,510451769730.4649,510451769730.4645,3444383.06590765,18.84214819270905,213476045476.4453,399.99999999999994,81.15785035409613,1,21826141.222195376,21826141.222195376,8.195638656616211e-08,32.43868623305207,19.913613620107316,0.42759531606910345,2934176626212.828,0.0,0.0,4413228895.542481,0.0015680486539758102,560
1000.0,1000.0,1.0,0.7853981633974483,4.0,30.0,17.88888888888889,255.55555555555557,4.0,10.0,,,,,8.0,42500.0,0.225,120.0,2.325e-06,190000.0,0.31,600.0,7.7e-06,1000000.0,998974.6361512754,0,1025.3638487244825,499.99999999999966,498.304505846549,3576541422798758.0,3561111009798558.0,24.0,7128908799218.3955,7177421397630.59,7122222019597.111,7122222019597.121,610497764.4173342,90.22592239372788,164541449256080.5,499.9999999999997,909.7738289718044,1,599826426.2168046,599826426.2168046,-2.2351741790771484e-07,43.04836531577166,7.183134952999691,0.0073218432033732355,3576537472244639.5,357653747.22446394,1e-07,367092684536.0892,0.00010386207761650452,561
400.0,500.0,15.77777777777778,166.66666666666666,8.0,30.0,15.77777777777778,188.88888888888889,7.0,20.0,10.5,86.59014751456867,10.0,10.0,24.0,50000.0,0.25,60.0,1.975e-06,190000.0,0.28,600.0,7.850000000000001e-06,200000.0,195612.64160822198,0,4387.358391778244,250.00000000000082,199.73514799219635,145581155508214.38,230443697785251.88,-3.1875,726943115822.1492,728870992269.7343,921774791141.0105,921774791141.0045,37262348.8326455,89.30781837662195,33436429987831.688,249.99999999999974,310.69235435979715,1,443696207.0751547,443696207.0751547,-4.33123204857111e-07,-18.5021769496027,65.83811039253906,0.17693132088442115,145571752037315.78,43671525.61681718,3e-07,37786621311.5966,0.0002903373487133311,562
700.0,400.0,11.555555555555555,166.66666666666666,3.0,10.0,11.555555555555555,104.87489549761482,6.0,10.0,10.5,86.59014751456867,7.0,30.0,20.0,20000.0,0.175,105.0,2.15e-06,200000.0,0.28,500.0,7.7e-06,280000.0,277658.4885843861,0,2341.511415613605,200.00000000000006,348.7086809106249,257459549834638.75,83636642957428.75,-0.375,732894711153.213,738322743105.5164,418183214787.14386,418183214787.1436,124831687.16684264,158.18787081667222,62888107014813.5,199.99999999999994,541.8121291863843,1,415727121.5158668,415727121.5158668,4.6566128730773926e-09,-17.808608786457626,27.791612286416004,0.04061781594918374,257455502514450.56,64363875.640276104,2.5e-07,33997727202.444126,0.00014956647523459748,563
300.0,800.0,3.111111111111111,7.601878519797524,5.0,30.0,20.0,122.22222222222224,7.0,40.0,,,,,28.0,35000.0,0.25,120.0,2.15e-06,190000.0,0.32,500.0,7.9e-06,240000.0,239106.4350528584,0,893.564947141624,399.99999999999994,148.52862950729673,64391570939153.84,455621117981828.25,-1.125,425107204943.7602,433529691566.9076,1139052794954.5706,1139052794954.5708,44777038.381953895,48.31863065995211,7668132453782.047,399.9999999999998,251.6813647786159,1,106251614.62788226,106251614.62788226,7.450580596923828e-09,26.35490918791038,6.520578870041082,0.026082315480164327,64389985658727.95,19316995.64736517,3e-07,26555121109.022015,0.00042293688094037697,564
400.0,100.0,7.333333333333334,42.23696789826278,7.0,50.0,9.444444444444445,70.05557692032795,6.0,10.0,,,,,32.0,50000.0,0.225,105.0,2.325e-06,210000.0,0.32,600.0,7.850000000000001e-06,40000.00000122191,39483.91990741311,0,516.080093808796,49.999999999957524,195.09318284098833,29253624407376.61,1706329316511.338,-17.40625,142765500987.09128,149946932954.6995,34126586330.197765,34126586330.25575,10140892.340656774,99.12149919621947,8883317286469.266,49.999999999852285,300.8785012427879,1,93980174.95749037,93980174.95749037,-0.00020591914653778076,-5.05904686672875,37.20950903803664,0.09657839406028787,29253094630679.535,5850618.895479514,2e-07,6981349467.820023,0.0002680572462992754,565
400.0,200.0,15.77777777777778,277.77777777777777,8.0,50.0,1.0,0.7853981633974483,3.0,50.0,,,,,16.0,42500.0,0.2,90.0,2.15e-06,205000.0,0.29,500.0,7.850000000000001e-06,79999.99999875009,78253.06757791799,0,1746.9324208320852,99.99999999996173,210.92065781658513,50632273900976.03,11572397670145.648,-113.609375,267783213736.0654,240053650624.42313,115723976701.4122,115723976701.50078,17682944.32106738,39.63690403520869,348231714860.875,99.99999999979708,360.36285420882575,1,20766377.11156298,20766377.11156298,-0.007050028416415444,18.999947696593324,39.37090711416096,0.11264923351691261,50626001495520.44,27844300.561038952,5.5e-07,15013535403.369202,0.0003398888783829883,566
700.0,800.0,13.666666666666668,211.11111111111111,10.0,20.0,5.222222222222222,21.419068431419294,7.0,10.0,1.0,0.7853981633974483,1.0,40.0,24.0,42500.0,0.2,60.0,1.8e-06,190000.0,0.28,600.0,7.850000000000001e-06,560000.0,557737.3845813143,0,2262.6154186857516,399.9999999999993,353.860465077622,1006516770801963.0,1286447065269595.0,9.0,2907835335907.743,2844388876788.414,3216117663173.982,3216117663173.993,171076204.5872903,31.836195009835908,12652801670279.625,400.00000000000006,668.1638056808339,1,71542523.20893402,71542523.20893402,-5.578622221946716e-07,61.91917418528493,18.49354697263271,0.02690405281888727,1006509982753744.9,251627495.82818714,2.5e-07,143300949229.8044,0.00014854846895892213,567
400.0,600.0,5.222222222222222,21.419068431419294,10.0,40.0,1.0,0.7853981633974483,8.0,40.0,,,,,12.0,27500.0,0.25,75.0,2.15e-06,200000.0,0.3,500.0,7.75e-06,240000.0,239779.52611891163,0,220.47388108843364,300.0000000000001,200.84999810230903,88938086486556.6,199028579684160.5,0.0,446588429018.6782,442808500507.19586,663428598947.2019,663428598947.2014,46018009.25411113,14.154805908273804,200230549182.64062,300.00000000000017,385.84508391634864,1,5521324.276855949,5521324.276855949,-6.998016033321619e-08,-16.09559421658946,3.4315219122290945,0.00954526262094324,88938013447882.72,22234503.34222258,2.5e-07,27571301196.828728,0.0003136490321381402,568
800.0,600.0,15.77777777777778,188.88888888888889,4.0,30.0,13.666666666666668,146.6949236301234,2.0,20.0,10.5,86.59014751456867,10.0,50.0,16.0,42500.0,0.225,90.0,2.15e-06,210000.0,0.32,400.0,7.8e-06,480000.0,477219.25171427336,0,2780.7482857266164,300.00000000000017,401.24055950650893,1122111689243945.0,636407981541708.0,-7.5,2814006579644.2534,2796605833228.9365,2121359938472.361,2121359938472.359,206004887.27551246,105.43650277652227,84172735678025.75,300.00000000000017,694.5636664969113,1,367545316.4789597,367545316.4789597,2.980232238769531e-07,-33.06704600257217,26.394216740075848,0.03413780996575864,1122106079330758.0,392737127.64928186,3.5e-07,144986565463.96597,0.00013408031696651937,569
1000.0,600.0,20.0,233.3333333333333,6.0,40.0,5.222222222222222,21.419068431419294,1.0,40.0,5.75,25.967226777328133,1.0,10.0,12.0,27500.0,0.2,120.0,1.8e-06,200000.0,0.29,500.0,7.9e-06,600000.0,598526.6464600273,0,1473.3535399726716,299.99999999999983,506.3836080013181,1423998609273051.5,504578750299321.75,4.0,2884828446452.5117,2812094599376.0225,1681929167664.4048,1681929167664.4067,369659435.02000815,38.24100793133032,6220913681062.125,299.99999999999994,961.7589930313251,1,53646296.03866984,53646296.03866984,1.7601996660232544e-07,26.032509666667465,14.334926149743119,0.014972939747312149,1423993380376721.8,355998345.2546083,2.5e-07,149977014177.73688,0.00010947300059682278,570
300.0,500.0,20.0,233.3333333333333,5.0,10.0,11.555555555555555,104.87489549761482,7.0,30.0,5.75,25.967226777328133,7.0,40.0,4.0,35000.0,0.15,75.0,2.15e-06,205000.0,0.32,550.0,7.9e-06,150000.0,147735.66801939422,0,2264.331980605781,250.00000000000023,152.13237866347956,44568490893727.56,118311177419492.88,-0.40625,301408046541.15314,292958614630.71,473244709677.9719,473244709677.97107,23921191.09546796,58.24029288281395,8634690406309.594,250.00000000000017,241.75957387322433,1,128904061.4505049,128904061.4505049,1.3364478945732117e-07,-25.0330448003333,21.650082554340468,0.08193891627717632,44562639921617.92,11140659.998428196,2.5e-07,14831941736.077179,0.00038360005151631877,571
700.0,900.0,17.88888888888889,100.0,7.0,50.0,7.333333333333334,42.23696789826278,6.0,30.0,,,,,20.0,42500.0,0.175,120.0,1.8e-06,200000.0,0.3,550.0,7.8e-06,630000.0,629046.5782144767,0,953.4217855233376,450.00000000000006,350.72284671692296,1106633146754809.5,1818035404961344.0,3.5,3168352514193.5684,3155292439924.7944,4040078677691.876,4040078677691.875,268383152.3801727,42.155352661443615,20742422931833.875,450.00000000000017,657.8446478309277,1,113994474.28265901,113994474.28265901,1.3597309589385986e-07,38.74753016040631,6.802862663699102,0.010209398692700536,1106631862119865.6,829973896.7164061,7.5e-07,172472845337.18243,0.00015813027471049194,572
300.0,700.0,20.0,188.88888888888889,8.0,50.0,20.0,188.88888888888889,8.0,40.0,,,,,32.0,35000.0,0.2,90.0,2.325e-06,190000.0,0.31,550.0,7.7e-06,210000.0,206977.777775096,0,3022.2222249038596,349.9999999999995,149.70042349973576,59370761867170.25,317608365138406.9,1.375,395016162051.96606,396597153696.59625,907452471824.0183,907452471824.021,35474537.60082573,65.09181596257075,12082833798501.219,349.99999999999983,234.90792384474628,1,225924973.65457946,225924973.65457946,1.7136335372924805e-07,-46.76594852126436,33.56581971987469,0.13426327887949877,59362130537139.38,17808639.165826295,3e-07,27221193900.972458,0.0004996352244339426,573
600.0,700.0,1.0,0.7853981633974483,9.0,40.0,5.222222222222222,21.419068431419294,8.0,20.0,20.0,250.0,10.0,20.0,32.0,50000.0,0.225,105.0,2.5e-06,195000.0,0.3,450.0,7.850000000000001e-06,420000.0,414821.57877731917,0,5178.421222681306,350.00000000000153,299.3972293187129,646294065969238.8,932942158948718.0,-15.5,2149993709321.0278,2158650791257.8206,2665549025567.7773,2665549025567.754,145989283.30086288,109.64461526741307,80591713375392.25,350.0000000000008,490.3553864645285,1,693714695.2490685,693714695.2490685,8.940696716308594e-08,12.097485186066478,44.350671566034855,0.07681247841311549,646274612051970.1,290823575.3512779,4.5e-07,112761964885.37285,0.00018012366317449475,574
400.0,300.0,1.0,0.7853981633974483,10.0,30.0,11.555555555555555,122.22222222222224,7.0,20.0,5.75,25.967226777328133,3.0,50.0,28.0,42500.0,0.15,120.0,1.8e-06,195000.0,0.31,400.0,7.7e-06,120000.0,118980.78712152837,0,1019.2128784716749,150.00000000000028,195.70268374585092,72016046928426.06,38995087993834.28,0.125,352506084019.4149,367987017602.424,259967253292.22903,259967253292.22806,31300273.334243026,89.34615684565946,17113907130862.281,150.0000000000001,310.65385672663,1,137897838.33579886,137897838.33579886,-5.587935447692871e-09,9.63343532964609,15.866030050127824,0.042397348708817395,72014361634162.86,18003590.32949588,2.5e-07,19138466253.021145,0.00028534713179026965,575
1000.0,500.0,11.555555555555555,100.0,7.0,50.0,13.666666666666668,144.44444444444446,1.0,30.0,,,,,8.0,35000.0,0.15,120.0,2.325e-06,195000.0,0.29,600.0,7.9e-06,500000.0,499155.55555857375,0,844.4444414263936,250.00000000000014,502.21425267957096,1485307238233104.5,366462220502743.75,-2.5,2983828376421.953,2957517096156.128,1465848882010.9758,1465848882010.974,305466636.09412724,54.31466808736835,24202362051429.625,250.0000000000001,945.6851367418259,1,104240150.09457015,104240150.09457015,-5.0483017599571694e-09,13.163864161993843,11.830906098876458,0.012283342551262023,1485305827847725.0,371326457.020504,2.5e-07,157123929893.92957,0.00010802534051020235,576
900.0,400.0,17.88888888888889,144.44444444444446,3.0,10.0,9.444444444444445,70.05557692032795,9.0,20.0,,,,,32.0,42500.0,0.225,120.0,2.15e-06,190000.0,0.29,550.0,7.850000000000001e-06,360000.0,358936.1664803408,0,1063.83351965906,199.9999999999998,449.2237339181429,1061438093381466.0,206588566286461.12,2.5,2354689395268.024,2362827280125.1416,1032942831432.3046,1032942831432.3066,200977578.47921365,101.42084803430767,78087647340322.25,199.9999999999999,798.579151969642,1,302860881.75611424,302860881.75611424,4.852190613746643e-07,-30.890943079990393,13.232496577863971,0.015118053850896469,1061436479280168.5,0.0,0.0,119129766791.0855,0.00011603884585462792,577
900.0,1000.0,15.77777777777778,211.11111111111111,8.0,10.0,17.88888888888889,233.3333333333333,8.0,40.0,,,,,12.0,35000.0,0.25,75.0,2.325e-06,210000.0,0.31,550.0,7.8e-06,900000.0,896444.4444169444,0,3555.5555830557487,499.99999999999955,449.8973095883214,2233989711442803.0,2682935462248280.0,-4.0,4963288953904.104,4965554725114.973,5365870924496.555,5365870924496.564,405456530.5212484,120.89619565211079,232751319812194.0,499.99999999999994,779.103801347253,1,864782932.1791499,864782932.1791499,8.195638656616211e-07,-45.19274709239835,18.902357972765262,0.022210486550385388,2233976474500029.2,446795294.89011014,2e-07,244346936589.46655,0.00011570939916698717,578
400.0,300.0,13.666666666666668,122.22222222222224,4.0,50.0,15.77777777777778,277.77777777777777,9.0,10.0,1.0,0.7853981633974483,7.0,30.0,28.0,27500.0,0.2,120.0,1.975e-06,195000.0,0.29,400.0,7.8e-06,120000.0,117000.11553335509,0,2999.8844666449627,149.99999999999994,183.01868255663751,58492495539898.19,27561990708045.594,0.015625,269573879581.4353,319598495207.15967,183746604720.3039,183746604720.30402,42012313.24072034,156.99961674824598,36201846365706.69,150.00000000000009,243.00035487487565,1,367525909.40038514,367525909.40038514,-1.8480932340025902e-09,-17.953182454951445,42.75263617643941,0.111885351953661,58480791419365.72,26316356.364713535,4.5e-07,11435180267.964563,0.00027102803323508605,579
1000.0,700.0,3.111111111111111,7.601878519797524,5.0,50.0,3.111111111111111,7.601878519797524,5.0,50.0,,,,,8.0,27500.0,0.15,75.0,2.325e-06,205000.0,0.28,450.0,7.75e-06,700000.0,699923.9812124048,0,76.01878759546234,349.99999999999943,499.9999999999993,1606880217102232.0,786642594345666.0,6.5,3213760434204.4595,3213760434204.4683,2247550269559.042,2247550269559.0493,333983781.32380533,27.65463523757054,6746585445469.3125,350.0000000000001,972.345431247717,1,17080980.36185521,17080980.36185521,-1.1175870895385742e-08,-18.731262958734078,0.9123714089122898,0.0009619661061510502,1606880207674957.2,1847912238.8262005,1.15e-06,178827483734.98523,0.00011149653027342606,580
300.0,900.0,5.222222222222222,21.419068431419294,6.0,50.0,7.333333333333334,42.23696789826278,7.0,30.0,20.0,200.0,7.0,10.0,12.0,50000.0,0.15,75.0,2.325e-06,195000.0,0.3,500.0,7.8e-06,270000.0,266775.8267550044,0,3224.1732449954916,450.0000000000001,149.4975344084457,103205523741794.12,991617235598814.0,-0.125,685739754070.7511,690349336864.8069,2203593856886.254,2203593856886.253,39458764.17190382,55.36031493027749,12597170484453.156,450.0000000000001,244.63968636806692,1,241558934.0390964,241558934.0390964,-2.980232238769531e-07,26.7690227363928,33.04998294541462,0.12409255177726891,103196597457366.61,67077788.29465187,6.5e-07,43267216851.90707,0.00042931262658837466,581
700.0,200.0,9.444444444444445,122.22222222222224,9.0,50.0,1.0,0.7853981633974483,9.0,20.0,,,,,8.0,42500.0,0.175,105.0,1.8e-06,190000.0,0.3,400.0,7.9e-06,140000.00000317572,138925.19123854465,0,1074.8087646310623,100.00000000327626,357.55668167284364,256455709561654.5,19973134982555.695,5766.375,748899732704.5149,717244908868.1993,199731349832.10068,199731349819.01324,57067274.78921209,34.31898736822996,759943321189.625,100.0000000403556,665.6808170521367,1,19808083.839387387,19808083.839387387,-0.04213364807947073,7.684955574968285,28.682386156536786,0.042211017154579526,256453793517059.6,64113448.448505394,2.5e-07,36582896645.544334,0.0001525700466755723,582
100.0,800.0,20.0,122.22222222222224,7.0,20.0,15.77777777777778,277.77777777777777,5.0,10.0,,,,,20.0,35000.0,0.2,75.0,2.325e-06,205000.0,0.28,600.0,7.8e-06,80000.0,77755.55557572552,0,2244.444424274482,400.0,48.53125259906275,2634741243959.169,175426615228180.44,-0.125,51191089292.20201,54289578423.328224,438566538070.4511,438566538070.4511,4432951.669961551,31.742299643305742,1029047849982.9248,399.99999999999994,68.25782171579338,1,62942101.03990807,62942101.03990807,-9.685754776000977e-08,-0.020636158267734572,23.116590172928742,0.28152816171687267,2626741598220.1177,656685.4065643771,2.5e-07,3540741465.400933,0.0015437598574029817,583
1000.0,800.0,20.0,122.22222222222224,10.0,10.0,3.111111111111111,7.601878519797524,1.0,30.0,1.0,0.7853981633974483,10.0,40.0,32.0,50000.0,0.225,120.0,2.15e-06,190000.0,0.28,400.0,7.75e-06,800000.0,798754.4678664923,0,1245.532133508179,399.9999999999995,502.03232774411913,3372961559390452.0,2142158925034094.0,7.0,6773454879330.509,6718614266429.506,5355397312585.229,5355397312585.242,485751629.7347293,14.355058129797959,2234179331028.875,400.00000000000006,985.6449486592213,1,14216434.950618785,14216434.950618785,1.3664248399436474e-08,1.0697327320712589,7.270767361221363,0.007507676256782494,3372959298888652.0,843239824.8446364,2.5e-07,345536253371.8687,0.0001040337650367021,584
800.0,700.0,17.88888888888889,166.66666666666666,7.0,20.0,3.111111111111111,7.601878519797524,4.0,20.0,5.75,25.967226777328133,10.0,10.0,24.0,42500.0,0.2,90.0,2.5e-06,200000.0,0.29,450.0,7.9e-06,560000.0,558283.5812627713,0,1716.4187372295953,349.9999999999975,402.74474053701414,1298273650187327.5,990387661374006.5,37.0,3268109406386.0815,3223564505041.6494,2829679032497.141,2829679032497.1816,237455716.71060938,50.06252496813204,21523004444552.375,349.9999999999994,749.9374720295251,1,114021866.76398948,114021866.76398948,9.024515748023987e-07,-59.38142528035314,16.781878292455076,0.021558222184056553,1298270336532720.2,389481101.0919494,3e-07,167163806605.1763,0.00013232556200436503,585
900.0,100.0,7.333333333333334,42.23696789826278,8.0,10.0,13.666666666666668,255.55555555555557,2.0,10.0,20.0,100.0,10.0,30.0,8.0,35000.0,0.25,120.0,2.325e-06,210000.0,0.32,550.0,7.8e-06,89999.99999691264,87225.75476049245,0,2774.245236420198,49.99999999957983,445.0219373404965,256131910462934.5,2685951265006.1367,-669.203125,562954417990.5186,575548953819.2408,53719025299.67131,53719025300.57416,59445473.048713215,272.28626874529147,101070739635200.12,49.99999999898554,627.7137305607035,1,657536173.5729051,657536173.5729051,-0.003999827895313501,5.791223840107705,125.45655451382873,0.14205309058538326,256126238944197.66,64031559.76319595,2.5e-07,23810492356.432003,0.00011480084094714834,586
700.0,600.0,11.555555555555555,104.87489549761482,4.0,30.0,13.666666666666668,100.0,2.0,10.0,,,,,24.0,20000.0,0.225,60.0,2.325e-06,190000.0,0.28,600.0,7.7e-06,420000.0,419380.5004118865,0,619.4995881134807,299.9999999999996,351.30284040969616,353801752589761.5,257493064835253.0,1.5,1014639043820.8766,1007113270638.948,858310216117.5089,858310216117.5111,128717586.52266124,60.42418658888553,15663384432525.188,299.99999999999994,639.5757359614747,1,88593804.79069409,88593804.79069409,9.685754776000977e-08,3.514347912030644,14.465368547055679,0.02117399640981715,353800785114478.3,229970510.24130285,6.5e-07,51411651960.698364,0.00015009793235763657,587
200.0,100.0,15.77777777777778,211.11111111111111,2.0,10.0,5.222222222222222,21.419068431419294,2.0,30.0,1.0,0.7853981633974483,3.0,20.0,28.0,42500.0,0.175,90.0,2.325e-06,210000.0,0.32,500.0,7.8e-06,20000.0,19530.227248919757,0,469.7727510802441,49.99999999999993,105.7385852405785,3314139767955.4062,750179438180.3208,0.0078125,35159028499.77281,31342766317.659824,15003588763.606394,15003588763.606438,2308785.5161616816,22.361452504692018,213490545106.9756,50.00000000000001,177.63854697882994,1,4415589.52710714,4415589.52710714,9.640643838793039e-11,14.044407623910786,14.392096267053573,0.08597999762063864,3312634853528.5303,828158.6947294117,2.5e-07,1639504948.9825425,0.0005998249926354561,588
500.0,800.0,11.555555555555555,104.87489549761482,6.0,40.0,3.111111111111111,7.601878519797524,6.0,50.0,,,,,20.0,50000.0,0.15,90.0,2.15e-06,200000.0,0.3,400.0,7.8e-06,400000.0,399325.13937247335,0,674.8606275266217,400.0000000000004,250.8914037086715,420857501832789.5,1072581889538732.5,-0.75,1689453949395.642,1677448870753.173,2681454723846.834,2681454723846.8286,105030269.9831372,19.075034869885695,1865093617731.3438,399.99999999999994,480.9247267571397,1,19079217.94447777,19079217.94447777,2.7706846594810486e-08,25.637005352290544,5.253133263687444,0.011714122739809872,420856445832581.7,105214111.48502293,2.5e-07,101599427403.69781,0.0002445304049569302,589
200.0,1000.0,15.77777777777778,277.77777777777777,2.0,50.0,20.0,255.55555555555557,2.0,40.0,,,,,4.0,35000.0,0.175,120.0,1.975e-06,190000.0,0.31,600.0,7.9e-06,200000.0,198933.3333627982,0,1066.666637201832,500.0,99.95326437226583,23687555109647.203,616210779717605.2,-0.5625,236764897535.35474,236986308135.22305,1232421559435.2104,1232421559435.2104,24477089.393843126,29.067608803185298,1798737937215.7578,500.0000000000001,170.93245549534566,1,63172284.05096732,63172284.05096732,-2.9802322387695312e-08,42.88655890052905,7.4724574214602635,0.04981638280973509,,,,,,590
700.0,400.0,17.88888888888889,122.22222222222224,6.0,30.0,3.111111111111111,7.601878519797524,7.0,20.0,1.0,0.7853981633974483,1.0,20.0,28.0,20000.0,0.175,120.0,1.975e-06,200000.0,0.3,500.0,7.9e-06,280000.0,279211.8827027949,0,788.1172972050884,200.0000000000002,356.6025480568997,242222676672042.5,76615037467822.1,-1.0,705371211409.5067,679251110211.9027,383075187339.11084,383075187339.1101,122773581.24025065,40.78091203450091,4541818805689.0625,200.00000000000006,659.2190880078795,1,30596014.516317647,30596014.516317647,3.2741809263825417e-09,1.305349456534998,11.501558363076139,0.016952837415542075,242221244093476.66,157443808.37642792,6.5e-07,34737027141.10293,0.00015239756177632384,591
700.0,1000.0,5.222222222222222,21.419068431419294,4.0,50.0,5.222222222222222,21.419068431419294,9.0,20.0,10.5,150.0,3.0,40.0,12.0,42500.0,0.175,120.0,2.325e-06,210000.0,0.3,550.0,7.850000000000001e-06,700000.0,698821.5521199825,0,1178.4478800176887,500.0000000000013,349.71401083210986,1222006942500635.5,2514825800670103.0,-19.0,3488597832312.7686,3494303644263.4683,5029651601340.219,5029651601340.192,297218798.344824,62.124748587038894,39136458441132.75,500.0,637.8752521078437,1,252802329.57753837,252802329.57753837,-2.980232238769531e-07,31.990790266703698,7.567437851747151,0.011171482105232984,1222004586726233.0,305501146.6944052,2.5e-07,185334041390.65878,0.00015271036703081443,592
100.0,300.0,15.77777777777778,233.3333333333333,9.0,10.0,11.555555555555555,144.44444444444446,9.0,20.0,,,,,24.0,35000.0,0.25,90.0,1.8e-06,190000.0,0.32,400.0,7.850000000000001e-06,30000.0,26599.99997619794,0,3400.00002380207,150.00000000000003,53.53290355608434,1317530799613.5928,11546044555119.242,-0.01953125,28354059118.021534,24611607293.69493,76973630367.46162,76973630367.4616,2201441.3876123354,32.5044735988305,628484396351.5806,150.0,67.49544770124908,1,32473178.514913578,32473178.514913578,1.210719347000122e-08,-21.84375047923095,21.397662038579494,0.2882918535010826,1307283045235.5876,392184.89128512214,3e-07,1196844158.9786925,0.0015044858504516256,593
300.0,200.0,20.0,211.11111111111111,1.0,20.0,1.0,0.7853981633974483,7.0,20.0,,,,,4.0,50000.0,0.175,105.0,1.8e-06,210000.0,0.31,550.0,7.7e-06,60000.0,59783.39111685185,0,216.60888314814397,100.00000000000001,151.2981428856189,22996597059132.445,10003030065604.68,-0.03125,154649023928.75644,151995236825.33124,100030300656.04681,100030300656.04678,10279418.875502955,14.192375629461157,102617411868.14453,100.00000000000001,285.80765662047804,1,3907463.4364628936,3907463.4364628936,1.0695657692849636e-09,2.4075505208614913,7.948113072533798,0.02843689829171305,22995852161490.438,5748963.0462817475,2.5e-07,8661869537.129292,0.0003870391262763148,594
600.0,1000.0,17.88888888888889,144.44444444444446,5.0,40.0,13.666666666666668,144.44444444444446,5.0,40.0,,,,,12.0,42500.0,0.2,105.0,2.5e-06,190000.0,0.31,550.0,7.9e-06,600000.0,598555.555543352,0,1444.444456647513,499.9999999999997,299.9912538427623,778544497941113.5,2146777320270901.0,-0.5,2595072670091.6587,2595223987260.577,4293554640541.7993,4293554640541.804,206487851.76357278,56.31580048154011,36413595616356.625,499.99999999999994,543.6841995323755,1,235434639.6920277,235434639.6920277,-7.450580596923828e-08,34.96226386302442,10.600564591615084,0.019163418963576016,778541343335150.6,194635335.83300048,2.5e-07,150514248449.95132,0.0001974963659821155,595
400.0,800.0,15.77777777777778,300.0,9.0,30.0,13.666666666666668,277.77777777777777,7.0,50.0,20.0,300.0,5.0,40.0,12.0,20000.0,0.2,105.0,2.325e-06,210000.0,0.3,450.0,7.75e-06,320000.0,312355.5555154247,0,7644.444484575113,399.9999999999995,204.5425390720801,109261658785404.44,458173371661513.5,2.0,559004799646.3925,534175723451.3501,1145433429153.7822,1145433429153.7852,90315593.58651778,113.72591839017348,39297453709041.22,400.00000000000006,286.2741126718422,1,520611356.75615525,520611356.75615525,-1.341104507446289e-07,-35.49264424358262,37.96734062974769,0.11063819518415902,109224056009910.86,21844811.23765204,2e-07,25899516544.41051,0.0003078912410381432,596
600.0,500.0,9.444444444444445,70.05557692032795,1.0,20.0,15.77777777777778,188.88888888888889,4.0,10.0,1.0,0.7853981633974483,5.0,20.0,24.0,27500.0,0.2,90.0,2.15e-06,210000.0,0.29,500.0,7.7e-06,300000.0,299166.53491238283,0,833.4650876173438,250.0,295.788506835244,259320824150080.88,175731816790292.94,-1.625,852435986071.167,876710278315.5945,702927267161.1718,702927267161.1718,99806447.79206665,104.50766606358503,41601728958064.0,250.00000000000003,495.49232832042827,1,219564791.1609228,219564791.1609228,-1.363514456897974e-08,16.262021329745778,12.974704676884624,0.022289051747604965,259318357419444.75,77795507.08429174,3e-07,43598700204.56508,0.00017697632826536367,597
1000.0,400.0,9.444444444444445,70.05557692032795,2.0,50.0,15.77777777777778,255.55555555555557,5.0,50.0,,,,,8.0,50000.0,0.2,90.0,2.15e-06,190000.0,0.31,450.0,7.7e-06,400000.0,398582.11109018506,0,1417.8889098149298,200.0,496.51685147574597,1705280599982914.0,268890791075062.0,0.5,3386966584643.828,3434486855611.212,1344453955375.31,1344453955375.31,215043860.94129732,139.03758822898496,174637112461033.0,200.00000000000006,860.96241177343,1,538120177.4103545,538120177.4103545,5.587935447692871e-09,13.135295282976585,24.83114759711155,0.02635692043877354,1705275513629116.0,426318878.51281065,2.5e-07,186301454485.7891,0.0001125504511043603,598
500.0,400.0,13.666666666666668,122.22222222222224,4.0,30.0,7.333333333333334,42.23696789826278,2.0,30.0,,,,,16.0,20000.0,0.15,105.0,1.975e-06,195000.0,0.31,450.0,7.850000000000001e-06,200000.0,199426.6371884175,0,573.3628115825147,200.0,253.66788011191014,87858541756477.28,55008642702489.875,-0.3125,356667014420.98553,346352647082.1489,275043213512.4494,275043213512.4494,58559465.618124254,40.829685068743714,3166150008973.797,200.00000000000006,459.1703167143658,1,24844292.438361984,24844292.438361984,1.0244548320770264e-08,9.374767868968775,8.606848474013477,0.018456429894216506,87857559316377.78,0.0,0.0,19215141989.87319,0.0002313747929996744,599
