model,r2_mean,r2_std,mse_mean,mse_std,mae_mean,mae_std,group
catboost,0.2817792093143095,0.0,25.951047357502397,0.0,3.5190854517979915,0.0,direct
mt_extra_trees,-19.521203742641763,0.0,290.73046097761124,0.0,13.623338894376795,0.0,direct
