PS:PAN ratio,Feed rate(mL/h),Distance(cm),Mass fraction of solute,Mass fraction of SiO2 in solute ,Applied voltage(kV),Inner diameter(mm),wca,q,sigma
0.726635921259618,0.4338226096005423,0.7235000888938994,0.8264074590498599,0.7594094013434666,0.6313930893882647,0.3921008754785327,157.5260651984239,64.54792048246195,1.5704506965356781
0.4946727569948262,0.9788448859431024,0.6212565590550332,0.7423137798826183,0.8403483203614176,0.9070384376638408,0.3647131343449342,142.09146016219182,109.16446195955557,-7.755802385790871
0.6398722046321147,0.8509290288189681,0.6761756753497652,0.8230714442950963,0.2002219665789461,0.5877322456857224,0.3321406251207945,156.0074629205868,60.24801195214418,2.996718487940998
0.6304189595904766,0.6932067929728969,0.5917521903383898,0.7200417390963092,0.1899460481740718,0.9445350103422592,0.3777611317342183,158.49830870117273,144.68108824500675,-2.111230976272501
0.857349994616054,0.3941152971884081,0.7741242812513006,0.9902323341086005,0.2589095949663384,0.6353386789745857,0.9527486135635478,147.78576192390122,-6.824167551253834,2.6598783696620725
0.5736539394000263,0.9635564304596144,0.5365239374636136,0.7235912852943385,0.4450475244194513,0.6429625680708221,0.7916249163086606,141.70799665123147,3.748208908572645,-3.9698441008209167
0.6708704234164208,0.513754307589168,0.7295361859450277,0.964634681218052,0.3852331767579988,0.7375537112826065,0.4137617413871085,156.21262484135408,96.36181763020903,1.312496101069639
0.621595099355381,0.3786791888351017,0.982965977361542,0.7109577637885123,0.8504399923162352,0.6390480216933601,0.7440142728332897,151.82120367255737,37.348662231906815,-0.21250519992986217
0.869151534005026,0.5496499112313165,0.8496511010247175,0.6956939685637351,0.0785107298051399,0.6668636319345559,0.4724351277471842,162.01978304749233,57.9755580465323,6.256341010536533
0.6870421943633986,0.9384498344123852,0.5691678602365795,0.8777929757082399,0.1960867854827116,0.5959715945430485,0.6753495687015059,144.46948261836195,2.5634413249633283,0.12152843019815221
0.6858086661657652,0.423071633117329,0.552076244648209,0.9590308302035168,0.8321195963766755,0.7947355496239104,0.4071129134670226,153.12484602576995,98.75831322459058,-2.722605637375886
0.8683555283817093,0.3750909957334783,0.8257751793289139,0.9517945410946596,0.3838847999305351,0.6060497169553115,0.863486423636049,149.36818646686362,-5.205042237126955,3.3854690213602794
0.5369346565543036,0.4379501612245318,0.8428937024738539,0.7261305054212368,0.5401714242225527,0.8264278565919707,0.6143561924477265,156.58169770664918,111.02088478579803,-2.0780851845111927
0.6311275347632227,0.9850703994807176,0.8922875253893413,0.8461954828007054,0.3606694203457142,0.827080099730761,0.9014127092460382,132.0971981476917,18.63273708452783,-4.217200966247929
0.9528081098354272,0.9099572766610196,0.8338281203725317,0.7859250252924268,0.7596748338911524,0.6810680423024882,0.326426883444206,141.8077099704862,11.647037917386466,1.7220613147676054
0.9976391041110092,0.647959346419012,0.916380919186589,0.9138828740317416,0.5499546878941982,0.7670125443127568,0.4978636927796059,144.04077716959094,28.953869815045085,2.7560207816989255
0.990411360791677,0.9365652004247668,0.8452838310547119,0.954669016550218,0.395095603164928,0.9188625816394742,0.5192208281021525,134.8237866610839,39.08463583358988,-0.4454924357564118
0.6810455937044049,0.4891479299104129,0.6779801528294256,0.906323842835209,0.3295955826434986,0.7594629266560078,0.7467919362762242,151.38409126047677,60.87057583243228,-0.7767285523415811
0.5918375292572664,0.7580960371926182,0.8710101964118705,0.947867096012265,0.4328021530028401,0.9212255021166298,0.9770231385322228,133.43852555573997,49.11737163771765,-5.9377923112631406
0.945032138250617,0.852432361527099,0.874788694488914,0.7562828136987095,0.0492384338512716,0.9099257975648531,0.9277410269448212,137.7155722795102,12.47480437010029,-0.4164223981439139
0.5549979444756873,0.5965515258599957,0.6226953438503556,0.7093797980469597,0.7085599367878052,0.6161454510637563,0.6378000209250996,152.88109928981274,42.776757034522156,-2.181477797778472
0.530178693935407,0.3803911044994201,0.9446014040499552,0.9193481073719714,0.8455082982113761,0.8801411919400493,0.3642770825051283,154.27502127856624,146.9105681447826,-2.4445274064522406
0.9942977719391064,0.9306664187853824,0.7332485155705911,0.7175273864211077,0.7534707615327121,0.7665038755537165,0.499826615293395,137.9692274193681,0.33596100432340237,-0.8344416926400108
0.8256426686435565,0.8345392727722181,0.9276756875354576,0.8017297601043373,0.181333658392857,0.9003940164667299,0.8414220335717827,138.40221086982328,34.479317008641544,-1.1980876831250802
0.7836038665434458,0.7451916265576723,0.8218171006603047,0.738750558805606,0.1653375438139803,0.6668575126732863,0.7296410636997055,149.1360924554938,15.843866448689765,2.3308115440551314
0.6823074986398643,0.8061976282752799,0.990297341894362,0.7546891655232913,0.2273896779308767,0.9950420066623092,0.6016692228952912,145.08598406106373,106.66544557049417,-2.0478304986339886
0.6932101430200692,0.7615414048238172,0.9091061491777156,0.7087534447927168,0.0056121715308995,0.8327584281488934,0.5921165881592143,153.13506906979453,85.42620406387678,1.486177844709485
0.7028018302276147,0.3950311871263282,0.7591526284992178,0.9662806423375184,0.5016295947188545,0.9791963077822098,0.5770351181860669,150.9978015084038,126.37124711807537,-2.8220083963144145
0.7373841711144637,0.8364241735077781,0.707084707550385,0.987001542106487,0.8386550801420388,0.8706781437476451,0.6193567021366513,132.65589412763683,43.41723239910391,-5.649797138426614
0.8282664839971593,0.5321469544437385,0.8749608474916739,0.7889089357645738,0.597081643875715,0.8201421521526786,0.5709513131127073,149.34300421694996,63.84835585985562,0.16195006492721786
0.4429631886896286,0.9742784826532852,0.8958608681006851,0.8721814297425902,0.5720763440402373,0.9082764025292964,0.8506020955971325,131.0003792359005,61.15424494035636,-7.904034064085966
0.6006647247968366,0.9010172849966198,0.8437790988497018,0.6756412272990092,0.4273032092733323,0.6049450672304845,0.8096528143360977,142.76820138860853,-3.9719034785732372,-0.9825252899020173
0.7739690205942058,0.9311849365983847,0.5200535650235938,0.6931046173021933,0.201169551277057,0.6968640549965274,0.3432664653491735,154.37883595943558,57.70608933959032,1.26188956827258
0.9467387058570522,0.4465753915779373,0.5105647002464168,0.9663743057791044,0.4772679135032789,0.8312781701080898,0.5099090811762195,152.02976039466114,67.3795109403476,0.15680505033169198
0.6958279149370884,0.5957759134892815,0.689668045969348,0.9282371673641744,0.2374211425977481,0.6908563471392704,0.3972157740922501,157.53839136327642,84.29444227295483,2.585550665659825
0.6642222894987384,0.7134336932787086,0.5995847430685424,0.8575357638650731,0.1715945618162103,0.7534860526393907,0.6773885380649658,150.20724887718228,58.38381110197477,-0.9429408578968187
0.530645241686939,0.8877519663218196,0.7514624535445287,0.7839732035473503,0.01225059013249,0.7916265217161855,0.6327325781594351,149.82849944807774,82.41104207396356,-1.2122560250874914
0.7834717365434738,0.5668498096656105,0.6321087344551175,0.6695951465162409,0.5506940410216703,0.5943684174663451,0.3253596477244801,161.8009039213249,56.12513395769755,3.1705989550451616
0.966759726085772,0.8706519161910478,0.8795015750477749,0.8167273460517133,0.3717942436886398,0.8579199327782852,0.4839041445081838,141.72566617818754,42.66511951462945,1.1680818364197418
0.5628333248647804,0.9056489089747022,0.8125501395558095,0.9595917779236288,0.3417064080151247,0.8263814528177393,0.5331216386042268,141.91300401193794,82.23565525992447,-2.626752976970877
0.9261980714634124,0.8557550576603188,0.840776215303848,0.784089424056948,0.2078879367645259,0.592432789877131,0.4321871926277247,150.23308800735452,7.8967086288962856,5.751511614305311
0.8141147534347475,0.8640479233720686,0.9802482501655068,0.8145506320032803,0.9199295440610916,0.7440806414746926,0.9969315748936006,124.83745688970649,-46.180256907016044,-4.323614176172835
0.6952183420841781,0.6417624583376882,0.9249915810717482,0.792883270731034,0.2899703088673906,0.8065307302701492,0.9665221646883616,142.55604010508574,29.50487248608806,-1.5309212799459895
0.5208669263956407,0.9492590624159698,0.6152485570076819,0.8618843399697764,0.7604927363566634,0.7763987709274901,0.6243953351217357,136.92992693022055,48.38684742967661,-6.741240252107248
0.8874359783511057,0.4583817028555326,0.8506374508682906,0.9745288179999018,0.1671195434999992,0.9505607429220552,0.8681020291346314,144.86313605333382,63.1995771581841,-0.3027602690754482
0.5560721077926484,0.5228017653594206,0.5846569384435281,0.7258923018883423,0.7116819383436702,0.6050953420198771,0.5111721519086636,157.95101152571502,62.91817875877029,-1.1679971043667963
0.6238463012486077,0.5912643242419209,0.8761316820515896,0.9114112879336688,0.0111188911494766,0.9665415187704568,0.7642619507006153,149.2266425711412,111.9184077428589,-1.630950979362268
0.458867673756995,0.3970575564795338,0.7195947396587528,0.8753314186932284,0.2976932638333057,0.7672717168212451,0.9478280469234518,152.72096402677136,76.51092797617346,-3.128877169913647
0.5765275066061054,0.7851703654764477,0.677806232781506,0.7131567507532488,0.4321115404976273,0.793485241435512,0.8883983788690285,142.62727021312733,37.48861582583423,-4.895564666129342
0.8658930274352148,0.6669246591683069,0.8045557698516117,0.9410647264147826,0.0891856905028916,0.8505990669670573,0.9105310323618686,141.11653393838685,25.501206688430315,-0.07740401427869424
0.6352320004292213,0.934761716934819,0.5672883307250838,0.822680992087665,0.9590270492508776,0.7006821633261974,0.5911486359367006,136.14558982144592,15.754885177142015,-5.892978887972657
0.7912753630224815,0.8000742777624292,0.6133234489503272,0.886949020088379,0.8530876084243562,0.7816020151995878,0.5757804152696175,137.79304551000953,27.216015253327402,-4.098865630550833
0.759227297519117,0.6652039916743286,0.9309553363114516,0.9725651472924122,0.8675820311745858,0.785548611014812,0.8262910716684635,132.44510180465298,9.204670621980396,-3.507517166303195
0.5801300024727231,0.9365945845820178,0.63238166882744,0.7965261254538059,0.1980130635343542,0.6844100376375183,0.5206410543934733,149.47294506810456,57.065224226532926,-0.6762924313886013
0.5925191957365025,0.4380621038467805,0.8713927292209012,0.7657196613925243,0.477719786570512,0.9868389817311836,0.5649362356628316,155.055025185635,144.61361092196293,-3.0475056806664904
0.7745400675888539,0.7026190413074389,0.8490366807127578,0.9938412737312524,0.0061694246598912,0.622265944241656,0.8055132832596446,145.87462125153118,3.9648073875144365,3.609316259915086
0.900693903535235,0.9325423534126926,0.8113416784671967,0.9417012477389536,0.1529216414984169,0.8840527128117834,0.5697945972129301,139.0943308222942,47.123892912736245,0.2563385821306099
0.7185204175898134,0.5854533242072648,0.7885725230535867,0.9203072587402596,0.4383873111900206,0.7751011934888982,0.8834642083306831,142.237364859631,28.5105563423807,-1.9368594698984432
0.8673188216416787,0.8775290634056909,0.7426177687945664,0.8476012865304238,0.1704249767686589,0.8036997509919732,0.386553194370017,148.46681979201728,64.52058725240929,2.003974267509147
0.5664524059990605,0.5139293660333881,0.5858425729874133,0.9304880616484256,0.9572761837711414,0.8265543982280993,0.8087138599226422,140.73669706885423,57.45127856444968,-7.600226272880659
0.4718137094513273,0.9337496958780224,0.9358092984062116,0.7355407586088301,0.0930198615200171,0.836899101428289,0.508106586830534,150.12248924381444,109.825322863972,-1.1343102719477973
0.9284849712617926,0.4152626957666642,0.7490461903734169,0.8465521129922771,0.6668507806952854,0.6798033286014611,0.6254330166964597,150.79044814677377,20.5818014288719,1.9871943145995425
0.527236063252567,0.4631350715353001,0.6094328053614771,0.8801143459209582,0.3911086693950273,0.7224574591376063,0.4444479366834731,161.23787473967388,114.60030089492606,-0.3917114558777374
0.6709066750982464,0.5321542136910173,0.7620916904732207,0.7067289799180743,0.3358435114098342,0.8820800881478656,0.9707517451640072,147.3607107165688,56.98808791952753,-3.5733036076003857
0.4573562726866862,0.6297782018700282,0.9035784686787788,0.8118246167984141,0.4764657776907375,0.8599285052128407,0.6421129013502174,149.2431970576583,110.11888819406023,-3.5755331566613426
0.7326557945625554,0.992971613477186,0.5127247982917205,0.729093369407116,0.8514677848867286,0.6089948320744552,0.7177895139053039,135.4669441942795,-33.08783458602937,-4.424031065822816
0.9996748676879594,0.7392316197252928,0.6208139783206205,0.904781752841877,0.6076485187815732,0.8945342460105989,0.6930013548964701,136.48162547373508,20.08808331095541,-2.8233943322171715
0.5223077151204857,0.8260980442596513,0.6777915479998768,0.8351425558928556,0.5498001313874974,0.6684087658289585,0.4049859577964289,150.12979772669163,73.01940862109574,-1.6085131771105117
0.5584193279074032,0.4939636966902596,0.6511551182177919,0.8977858575560701,0.4019625475835433,0.7730509252701794,0.757856673521467,151.43817072176654,76.41001701215389,-2.7130669110886414
0.5434084535901448,0.7429174507985095,0.6200330761681869,0.8990259970756779,0.0085427996093064,0.8268557524515039,0.6272384161806426,152.14674028071332,99.76993081149928,-1.7607609925151217
0.5097697933940746,0.7106859921197293,0.5265543628264918,0.7775563339934715,0.6140197172406671,0.6392615572454805,0.8688997984740835,144.81369339386944,16.52050369357677,-4.892301755053934
0.9949278682767644,0.8902241151135053,0.904151034984896,0.856791128452148,0.9735578475980712,0.8928643196848622,0.8693588110525401,122.05128271285685,-28.562617545618505,-5.0493625245556295
0.8829421079308315,0.918375293095724,0.7873260491524945,0.7364539728081597,0.44417960941315,0.7547032050586229,0.6247425737318453,140.47124016435023,9.039171557312503,-0.12658358439326634
0.5090073601546554,0.4335441634407918,0.9095017362082524,0.7642886132417595,0.2229557554354138,0.7385897644773083,0.8398838616851961,156.19835011573446,78.56961331568844,-0.10763818676603332
0.8459421907172425,0.8434529960567467,0.8313305267435981,0.7709742521697214,0.627003401150986,0.9452409684826288,0.3985527460239492,142.38490899771554,82.41666800848152,-2.2867486683052687
0.977456678679082,0.4338260618300701,0.5170239982445367,0.8082331796734468,0.8983117408335636,0.7697205527320382,0.8086981825171573,143.4307396494339,-0.8354280392198413,-2.8925308664966964
0.7616383306332262,0.3845896408318309,0.5773039315201629,0.6841055955123897,0.138008674329165,0.6794180473079603,0.5304411971921932,167.76718723010688,80.36499814152812,3.51935607074881
0.9570380062934184,0.7227242595785492,0.9979618598493598,0.7885719930492567,0.2573182527145375,0.7935714492295562,0.8179853884108995,140.9866703672627,4.04280791940061,2.087384274874142
0.9349972445921826,0.6278351623176148,0.572392201711191,0.8073687751668238,0.0589339193185658,0.6052780829135161,0.3596892687960896,161.81158512552983,43.70163016722158,6.363790146649625
0.4841533947478651,0.7390721531937521,0.8049489109981842,0.8456910246069604,0.7636968934782435,0.7270296294943739,0.9545901936904873,135.89904444438696,17.924742032937505,-6.2368211236733275
0.6266338655324118,0.9354872306113612,0.9302700065007988,0.8945912052070254,0.7995696005699126,0.963902207200954,0.9846297533216072,122.5851966430459,24.25363029069193,-8.936728111279987
0.7949858602890534,0.5954177979521141,0.524837458346893,0.6813297049809097,0.5738666756361068,0.6694380587614369,0.6727804317262724,152.08083697476877,21.2855516111949,-0.8583474843539843
0.5693972695523187,0.4114769618434057,0.9098985979715384,0.9164253138562112,0.3503213985356546,0.9554829231312794,0.5713636498330933,154.63022237840036,145.3647579080412,-1.7915182564440195
0.4498596826065812,0.9245224870316764,0.8702155751181239,0.9040719324772504,0.921349687497576,0.6963073136443027,0.6281924796625884,134.52228966239178,36.620679861750396,-5.543855736468603
0.9777833141473894,0.9633988912206348,0.7629884902737254,0.9755225658033608,0.072831113123032,0.7392522288266345,0.5299384792026207,140.68315304777525,11.549287305136762,3.2454856489212314
0.4912306547286068,0.7351710586374816,0.8319330491267483,0.962243118645686,0.0545064576848872,0.7420322111332225,0.6797143760044377,149.41627120579344,80.53326780949025,-0.2904765948068876
0.5773586605606443,0.3747706232535745,0.5325278863724788,0.7392937468953933,0.7849672398430293,0.795233849227783,0.3555455465817664,162.47410130634648,129.48765898372613,-2.834094629205524
0.8011744613558349,0.5650792468297253,0.5112254736884592,0.8067558659728182,0.2201821904526084,0.8301737539576226,0.8356854723842654,149.6965658761387,46.14723406953407,-1.9527611933044504
0.8768548986510394,0.4652885221215072,0.5797154876164238,0.8203472307534018,0.6179900162649348,0.8336483755318853,0.3786467369170468,155.90928416193617,89.91351382863495,-0.1057406982035169
0.8718151995838224,0.9861267598094616,0.9640808651616716,0.6675009931005547,0.2278133443010929,0.7293637768561998,0.7786250391259452,138.82632367678627,-11.995002941566344,1.3354198142438236
0.7786345838447148,0.5821233427108757,0.7696969721527102,0.8395236172596047,0.3265605013440362,0.5798442006941067,0.5282161761515971,155.58982507617281,31.684320543501535,4.144066999438206
0.67843642650976,0.9728345828324604,0.5448992978604019,0.7888880250373415,0.7364207246442563,0.670048922875934,0.7216845870344506,135.97068303258933,-8.354176029145782,-4.825366563924301
0.5053356568498857,0.800638685308393,0.9042526594471516,0.8430951545307512,0.1738551282189512,0.69543114160693,0.8955250795847286,143.3735855469337,32.26968038995168,-1.33219525145466
0.5673681070632226,0.5282955085573419,0.8193628813305811,0.9540040439975068,0.3362122859268684,0.793825625503122,0.7528915605710533,148.84625922139344,78.62114484240273,-1.6507797348405646
0.7975328207922081,0.5872099132981141,0.7692662428483475,0.8798308248688766,0.105136026775244,0.9119050117131486,0.5574210956517525,152.88557049157296,100.96916992546507,0.7026548158586658
0.704759425492657,0.7193719802690222,0.5322808352230834,0.754532027992406,0.8086120876187064,0.635072936095099,0.4420204835978929,149.95972093973648,36.82751768321523,-1.7285306107765408
0.4526019127508824,0.5830953476609322,0.9215586309598696,0.8371294549742456,0.3462104208824499,0.972697411784692,0.5533360092179351,152.5771127701406,154.07490767845536,-3.5761703538340255
0.9559222790686682,0.9618145921282591,0.8138669381277213,0.7045034762712185,0.7832693045597996,0.6613367475012815,0.9245272048350353,128.37741496330267,-75.28634262906573,-2.0754017766994717
0.7456825931520548,0.4701090170286803,0.6220856752697292,0.7359394304223148,0.4326963367474938,0.5971213916411001,0.6714484610253291,157.51618439453406,28.3674254510975,1.7584238624771258
0.5425936441374178,0.7872335441363125,0.8855470670346628,0.9694912756070824,0.795441974824369,0.9698629898205586,0.5419223923853048,136.67984323176864,106.9697713476273,-6.657369975557157
0.4744099257565361,0.583056377137697,0.9133901564681672,0.8287561401934794,0.7561552010373214,0.7576569298848839,0.9365514134478512,140.5853496492724,41.669718853424655,-5.201769318731693
0.504710838008501,0.6262302460009835,0.520322638371781,0.8562986663116294,0.5463357378673007,0.966973909686586,0.579446112153421,149.39556015763998,131.4815105115973,-7.114446764356294
0.9889089959743508,0.4469364792461804,0.8388936185129874,0.8744927421594975,0.3543259721154733,0.7829733720117436,0.8804773524587345,145.4420738812477,8.31580685931315,1.7763705144353046
0.8659613518803312,0.5704810555436064,0.5974550448530936,0.8459078571125026,0.0496926693169399,0.987617837207602,0.5010651613824357,155.63460885380312,118.56560188611188,-0.07333851682481618
0.6518161753634639,0.3977870322767133,0.6370170860788755,0.9924989454257332,0.2362511008964869,0.7965469527732016,0.4536231598634024,160.40079953013753,121.05851786425018,0.9161068940993625
0.745747247966889,0.5791874674248003,0.7646610845356454,0.8298678923175372,0.6569072837537085,0.98096093376103,0.8148229922830637,140.25038487740483,70.08184046900715,-5.605210003468078
0.589426412475729,0.4631697965781721,0.9294895927565824,0.8445437249597129,0.5761771669261848,0.6885142248590607,0.3929670147865416,158.32909855455878,99.01964805030175,1.8169203578510267
0.8299545575947506,0.4567120795412869,0.5437791097005481,0.987739397253534,0.2020869666947365,0.7757193086811873,0.7151035925752446,152.19308621895857,54.126639339290485,0.5100340850259196
0.9209955475536632,0.7250157002749393,0.797349096355374,0.6781529018819759,0.3006688429321067,0.7375850011128935,0.4899324275652208,152.45523664216088,40.330441417601975,3.120874498012299
0.6783695677664658,0.4148143398927136,0.7689393754524694,0.7015880353988762,0.3710425049163985,0.7122907941771919,0.6652652996981104,159.3905176924139,69.60736406387727,1.1379758726190592
0.6079826653716907,0.9857332241710252,0.5393171228189951,0.869175345184317,0.983453348056252,0.5963160026727039,0.3485826076897708,140.46974424376134,23.87504048336303,-3.746987915413965
0.6763419903465828,0.475043685300332,0.7475709446646223,0.6722195330612835,0.6303608697946276,0.8845489339310245,0.7444859061613335,150.80520863258462,80.98624026611621,-3.777752871864062
0.5916818135283297,0.9325681638161116,0.7841673275792743,0.8849629580297587,0.6000793163246569,0.8138212505264296,0.6252951777862783,136.964095743672,52.89708457215409,-4.5875522710451335
0.5924611301373554,0.4529258955069066,0.7310807681599647,0.798781651231433,0.8275940050788638,0.6448872625798615,0.6944635385632922,150.9000091499053,42.715498741502714,-2.0558563624186865
0.4494954231002491,0.9869033053077084,0.5365280277896246,0.7334495033986723,0.158355203375365,0.9620482821292742,0.9190809775964636,139.46583248854546,78.63400654209892,-8.722025357300955
0.598085010123355,0.677911709427937,0.966797061612204,0.9955395130454112,0.1055688925004415,0.7055190456478845,0.5211396332636723,151.7906780605402,81.2813815356929,2.8821832577164015
0.4532782644661443,0.4573318963290954,0.8686071409034735,0.8221089769992086,0.3126933871042773,0.9354046860442624,0.8488838074568814,151.22711895868053,119.83167439085739,-4.379308029656425
0.7310367663835964,0.8689318729075066,0.6828394092300056,0.8645262217676974,0.6417064534953467,0.7816022150211928,0.5028458930732578,141.0713306405914,47.16285081471459,-2.762010577219766
0.4477265966190174,0.4990046291727844,0.521369986815259,0.7759967222195319,0.3794051466678361,0.6137509000417751,0.4779135118258217,164.4984241032736,97.6660177032239,-0.3128284972385842
0.4578629117887023,0.7434295764752881,0.5023385682991486,0.9465393971831456,0.0553518684641905,0.6044888999302628,0.5001974920615799,157.60429466922096,80.08659911081816,0.3980194375809901
0.6653055043854037,0.5689785791519829,0.5232049748064449,0.9539868330381044,0.7319138680709956,0.622309693015255,0.3531237132113685,153.919273698517,64.30698814217135,-0.35685920649703073
0.8994231981317115,0.7868723345845725,0.7631376671325527,0.9055609012744475,0.9035649732086476,0.7975591490103057,0.7466299610346053,130.92648020680824,-8.02402517910487,-3.7672461699925606
0.670148829265022,0.6350072365817312,0.6233808376726164,0.9577528286338572,0.3174995712731757,0.7363189799204293,0.750217821748292,146.6646605225506,44.517949876661646,-1.526795524409383
0.8796126729777272,0.6048805697861308,0.541611490218792,0.9537490881713082,0.0655132806025553,0.731270019042964,0.7499772952160053,149.61114936251226,26.223656324791204,1.5094605422063079
0.6831502131939988,0.7499643778693332,0.613484317429616,0.6777532034708441,0.1788682199770999,0.6605450573540328,0.795026755446196,151.05355353035202,20.129676251540815,-0.19975356395500532
0.4738150618981614,0.9666190720358864,0.8289833761162813,0.8898638764627993,0.5603690838860811,0.6103361151402646,0.7170838449448464,137.696782192113,13.646879709872383,-2.907400509975119
0.8334864261373052,0.7213776501125664,0.9282785862011153,0.706347749169096,0.4263912691353765,0.6785080369048402,0.8999139028602663,141.64949014819888,-18.118493752657223,0.7581089190982078
0.7653692549245322,0.897250555955986,0.8147226768174851,0.7885489724385939,0.450212988608642,0.7998013517213631,0.8210526644734154,135.9554699066003,9.915724351825217,-2.7736865423135746
0.4874128170567782,0.6854507978189932,0.9365815024792534,0.838737076875354,0.4261956568315355,0.6837730070528143,0.896223039008826,143.48157886944804,32.94806303018613,-2.1240351778088873
0.7532257080673685,0.9151450628942828,0.8108145826583556,0.8895502175941075,0.2077821110293365,0.5953458530845581,0.369774960660734,149.53494021251055,34.31423311082814,4.0869820817043925
0.7525804215227702,0.975541912268185,0.6573770217996995,0.8307609950857163,0.1886471832381697,0.9147466619340068,0.4775200034933029,143.94053945012976,82.84764509461253,-2.193985837248681
0.7489452144447784,0.6601653608608237,0.8956889095297037,0.6862690252284512,0.4719105819523957,0.7749350201013138,0.7169323041147372,147.40209417286047,41.40455432530064,-0.40847474165807657
0.9006532485638147,0.6744260220113999,0.5125845765138597,0.9707731878209748,0.1400799634092259,0.8896867545916471,0.9128418773682004,140.42822830741753,25.900970005338138,-2.5165447899209377
0.6714852592075355,0.5526854916448548,0.8273858088435436,0.7389115134029121,0.6620911458195246,0.8962924598202067,0.9428464512520994,141.4519734304413,49.37785918413395,-5.289119179037643
0.6729299672792652,0.7400312090320642,0.7208049934776117,0.9659410009144468,0.6988560017235788,0.8586252291729839,0.9208835893685804,131.89951030986674,24.035515181812315,-6.4812708571304025
0.562722171206478,0.5578875200665449,0.8616540883062549,0.8637738291463237,0.2894990248754963,0.7275218863403428,0.4697792704682398,157.6045706693296,102.91194745744116,1.4384649819702635
0.9610698134007288,0.9485874989817056,0.6586638652880276,0.8792327901960157,0.8799690169434916,0.6094336834908695,0.435279218564436,136.26050522668535,-27.257358373485044,0.10241251501766602
0.7473607128121771,0.9228144573124284,0.5431670762854353,0.9463479717960156,0.2589399041747355,0.8839826525679304,0.7402098867044367,137.16617750322672,43.39984622797308,-4.359962620926823
0.7570928294865742,0.9835346559272952,0.7439427810978476,0.6736986177398058,0.2091644471988118,0.6472146908547535,0.7573848794419105,143.06388582501236,-9.149923797306286,0.4062709486542033
0.5637854542245885,0.7602525140101146,0.9628268476073094,0.7861155382187612,0.7566930947635045,0.6892965438529497,0.9826364069640604,134.6535939540831,-5.583903173830218,-4.230994938845303
0.4596376703480296,0.6125983045865739,0.6526796109722859,0.9716857354631234,0.965856582132308,0.7494044625340707,0.5180377064507347,144.98266066038778,85.03074492578692,-5.764369549170341
0.6497695546137916,0.544008000164278,0.9678270447631852,0.6691747956025743,0.1166319980391813,0.6948786412221025,0.4815494993623201,163.27065969993234,92.43042475640411,4.459738581463274
0.5048349777161029,0.7432743159425977,0.6060269419474625,0.9044897913315564,0.5703581583239642,0.8139503420712187,0.7260766763468278,142.41592036992398,69.03304426663934,-6.012709134180574
0.5950101526985235,0.617995423677804,0.797119845234382,0.9407825106405056,0.3191951369335439,0.7455285235691944,0.9415913888471734,142.78175851394565,33.26162415163339,-2.316395645007721
0.9379004908271766,0.3830863561710225,0.591329141579913,0.7618597298530618,0.3407313551481958,0.7552601587738709,0.6957459176621883,156.6200506817478,41.58943066744232,1.76611510158965
0.5492390907561074,0.5097174427915243,0.8635072230527971,0.6882839632329708,0.8094643120087468,0.8718323477129762,0.6485851035515628,149.8182764040532,98.77639416474321,-4.641946088446026
0.9074545784989828,0.4305203303749194,0.8738021493898847,0.7956876512015396,0.4988711248131353,0.9937654987044112,0.7201319431229998,147.37672424287294,81.36756678556756,-1.4832417514652987
0.4654620801267834,0.9816408433666196,0.9297356119457234,0.7267886342042555,0.6005744876940048,0.7726943177651913,0.6486058795695284,139.30735874615817,56.637585420823726,-4.466210441645942
0.8462364616976934,0.5315385538453385,0.8870700272536485,0.6754721657933613,0.2245070179807064,0.7802811099956264,0.392713922060009,161.40378392498832,91.5081612439329,4.37341695482431
0.7338825277323378,0.9891265795281204,0.5406640430705015,0.6856204140559508,0.945046235449514,0.8784957377201262,0.3921715109058361,139.21065934808996,62.52759994941891,-6.61246424201228
0.6235248461924805,0.4537404882409686,0.9245021450684628,0.94574291923418,0.597185038074313,0.925799196332962,0.493118202644435,150.67220418022399,128.93535150256906,-2.0468073933144697
0.6798282558712723,0.4658114424743382,0.564073535355112,0.959093364016022,0.6880891745607672,0.9360445246812348,0.944442258951132,139.94521707726764,60.089824907791055,-7.306349526543764
0.5182496630147959,0.5670924703359835,0.6068575454743347,0.6896179834120397,0.1132661464844079,0.6596384244217713,0.8705016609160416,157.34527960725296,50.884559008623896,-0.8718093964529182
0.7562298349901915,0.5173771882198777,0.7592223669741708,0.8976018412617025,0.9285257589423648,0.937136972290401,0.400211849410541,146.670892605004,108.30903183786408,-3.8015676354105095
0.8812512350110491,0.939476679734627,0.7148608482996578,0.9527701730287996,0.3119222204289005,0.6942385647547467,0.4226935070644824,142.79359891860693,23.422720431794122,2.0839034090314175
0.5972858867983829,0.5706424336207279,0.8088349502079362,0.8082273508458502,0.317063303821805,0.6092486607191253,0.4915056503018449,158.91133734377217,69.51196041527436,2.7629876417318404
0.7060839755860956,0.4275617813830729,0.6038954536858901,0.9626386511309072,0.6162694111414976,0.8446668577023997,0.9167254403453656,143.24981053820645,46.9502853852164,-4.756528755884686
0.8525849589677565,0.6359136110194824,0.8888146509854941,0.918237050376524,0.2483675863082838,0.9443175434621623,0.8949976954894008,139.14460700208673,45.8283350885291,-1.71831109636315
0.7164486010372968,0.4537919495004052,0.7244449275684178,0.7334896488995978,0.7729513296055502,0.9787555024361554,0.6799902911882292,148.1498723072427,99.16182151598174,-5.325336850931241
0.7883708453031593,0.6051865674084416,0.6095830140953357,0.8025363343078482,0.823413142240679,0.6372844503511371,0.7054851545292841,144.78261026163275,-0.3353892177635864,-1.7615520401117926
0.6423698403483065,0.7226567465647673,0.5456778341976044,0.9219991372460568,0.2084434074540455,0.8588383644010154,0.4744221448320691,151.92692275417645,106.83966313910632,-2.027654297614853
0.4840458688400696,0.5894619062608273,0.5266810160006604,0.7458314647439341,0.8887451867813775,0.9946631131473324,0.995668546922814,138.4100437529069,77.78931992186645,-12.02973318887045
0.5271261750341739,0.6279803511662696,0.7082027952569413,0.8679022544793376,0.5575538077248687,0.6670186851036585,0.984836022290897,141.88712624175048,12.379290575189055,-4.04851038677962
0.5553766134381604,0.6768421404572114,0.5516202001979524,0.9853673703812188,0.4891839015252494,0.6174985606935381,0.6918507878264082,146.75104303655732,33.470563225749515,-2.1619631535824837
0.9882324270712112,0.9520368708836068,0.8094863834420428,0.8184518356411425,0.6631442228829445,0.835139569572416,0.8236199139429365,127.81389450145825,-26.956015019469877,-2.9716381903374987
0.8901447393463673,0.4769776072184889,0.7886782375519361,0.908387816267162,0.3221594447125616,0.6194404949948827,0.6287163780126795,153.28726104970886,19.401948065172856,4.514608053091663
0.8887925658665641,0.7634098381375586,0.8897420348546452,0.6860474816054547,0.8730065831199922,0.8397598838609108,0.3939299466678265,143.7102780794814,54.19787858240356,-1.1061338488812953
0.646364684673451,0.5722116882805603,0.9898413298417494,0.9196893602514262,0.2735318984560745,0.8085485915906983,0.5719615542552133,151.2162776744126,93.11480613404626,1.1747461239521475
0.8708881562350149,0.4913531655614157,0.5923221076135629,0.7482626378794062,0.6190564771503118,0.8323546044028701,0.83826968030472,146.20711858242737,29.030396080958177,-2.9475323930723407
0.8737567888967686,0.6553251296739081,0.6356601853882913,0.8709708828151688,0.26638606512354,0.7150903447511188,0.4884047103840176,152.6564352013679,47.28692639465605,2.461886976945285
0.5295286438036348,0.550728683572575,0.7664603382341667,0.8263695701926793,0.7291078304074498,0.7779392292361327,0.4948588045169195,152.1403812382099,99.91671347654339,-2.919697005112345
0.900812439280652,0.59288846653043,0.6960121781336597,0.9771031261768778,0.663666122146933,0.7145583197435932,0.8202313040877456,138.37808846032686,-10.58704504610111,-1.1322166240946965
0.505839618100811,0.6808203213909207,0.8211894829036275,0.9413599940530172,0.498639506051598,0.9336396485878946,0.4772125457266141,147.4322223447212,133.3911594231438,-4.155085139649714
0.9766500281731312,0.7224677888634365,0.715113815423354,0.7465240579046597,0.724363493784999,0.6177315610646315,0.5925603757512536,144.0256689236432,-21.619866965934346,1.568926295251332
0.9490173145887988,0.614908825891483,0.9167808901603364,0.7275162805322221,0.775025248591518,0.626100756980425,0.866837000272611,139.68420377451298,-44.56153828695071,0.9870870692930083
0.4610253949250389,0.627178956493048,0.8955812949358739,0.8249458625066872,0.1238941374929286,0.7701516230427159,0.6408026608213601,155.16724130981177,104.09185165789789,-0.1646961806756482
0.8995581590741121,0.7077075752104278,0.9402542293239547,0.7924499218541019,0.8658352025880712,0.6610435351239496,0.5409138804454577,141.54751362805317,0.06670411720514281,1.1827027550460507
0.7402300073004544,0.8655942571216364,0.8259777667101349,0.9867262901563828,0.6495488972375038,0.6281339429540508,0.5711046810526397,137.7019102741318,3.4311231052587035,-0.13321710184087437
0.870522525700498,0.5568883179664832,0.5417394408597803,0.7942199977835842,0.2163819499501502,0.7930042402830757,0.9096439775103732,148.1119995723331,20.099699510088143,-1.0228392293342914
0.9598533763029332,0.6166917667949263,0.716855104148068,0.946539929283944,0.2487844663787455,0.9618012559233364,0.9619632700895157,137.29805587514406,27.201882634688893,-2.44870444546351
0.7284933733909169,0.8165488378212823,0.5496996220155475,0.7563532919673903,0.8450614435872668,0.9149926149487128,0.9862368846754316,130.36445290555164,10.539093147443447,-9.382853314064924
0.540262809722231,0.6406379307184539,0.5382497542449595,0.7323094982534503,0.8807243000218519,0.7227579871690356,0.9449185588533084,141.00385413402753,16.468302816219538,-7.479403047618994
0.706134247741039,0.7398867045350404,0.6862945342231398,0.885213782053341,0.379559312618122,0.6295595542933231,0.903891771036868,141.18858652675223,-12.99355548174808,-1.064903217339427
0.8502564946750325,0.9841386661213344,0.7831347612205828,0.9244656720611611,0.7073960411213229,0.8791058146703512,0.8062112397200869,125.39333214854118,-2.1036949973390686,-5.315310931634702
0.4437476631357487,0.6849058691283891,0.7152560837800738,0.8773787933356451,0.5786301716703579,0.7510181776639249,0.3415490261478396,154.13733034436063,119.74267617372374,-2.388797654536387
0.725926538316186,0.6756533376293802,0.7705603800963284,0.7808506596616062,0.2733238107095803,0.5848222254264797,0.8914792027377818,147.00839105786903,-12.741303490077957,1.3381352742272086
0.5556060833666003,0.702590266598591,0.8243093371645959,0.7502899580289336,0.171839410316779,0.8208564732227427,0.9904822931345604,144.69596278752175,48.555896594590024,-3.2412892642872113
0.7202855805781334,0.9897737249328096,0.9242165064083344,0.9656412112007952,0.3706080687212907,0.7212129543882122,0.5523373500675913,137.28966547184095,27.605653582661475,0.22900833639604082
0.9547892768912842,0.7449483198993003,0.7160984407518142,0.7213158320950628,0.1091492317843607,0.6188937539789217,0.9661054875772797,144.35496465327898,-46.42072324369446,2.739013899413939
0.7301985510822648,0.686634648239602,0.7944997337774162,0.9356518587095596,0.8493017606137752,0.7198524036167262,0.9217652969658072,132.61444443131907,-13.339830056770458,-4.216150937104212
0.5595518501754908,0.926492994697204,0.8999436915994574,0.9357678160481564,0.80934885335107,0.61164775318413,0.5699845020466052,136.36316070709836,14.904750551043497,-2.20671054939934
0.4673180742333954,0.915694691248284,0.7737611837837239,0.9309875568446736,0.9025745637532976,0.7320885354460982,0.8399055407402874,129.63256409742465,15.08689018106273,-7.6510847357469975
0.5090035791353344,0.6773569311048768,0.766068698394015,0.6901304431968189,0.1608383076764672,0.8914637501853151,0.7495504584035925,152.4199251882596,104.58268055341887,-3.3200478605003076
0.7890784829674734,0.8668503494770909,0.6322724082838174,0.7920358352309511,0.152218822745113,0.628771522192114,0.6281252582370305,148.34975158593033,10.089128532314293,1.8544790926070525
0.8365785098339389,0.5608106325098816,0.6198579586847847,0.7796771952430452,0.7733226475682592,0.8979554274287429,0.6027374575840173,145.9949904189176,66.19091365432544,-3.8422392770785554
0.7631032228122774,0.6788787009555222,0.7090650531343318,0.8158758324745945,0.2012581721003129,0.8646053897672229,0.9228475156738404,143.10680936191034,37.77833450792372,-2.489360702089157
0.7908099228556853,0.7953444341113545,0.5547691514007894,0.9698898674243296,0.8782902286663758,0.9173371163808064,0.5331446926676592,135.48882548289365,59.378161136853926,-6.313642486631044
0.591935763136546,0.5978584280742234,0.6861664699625349,0.8777165614261984,0.6975018165761707,0.8985627214997485,0.8336862185824848,140.7246634641169,68.3816559447396,-6.715226709584642
0.8492635903279656,0.6428827256352134,0.8820187442109066,0.8427880483697083,0.2767075994141852,0.8791966333171394,0.7060612527512645,145.3280140763451,56.92574510901064,0.12755423847100836
0.5868488785665797,0.8075801369333596,0.5363233501528484,0.8593919653021751,0.2108976142248862,0.7395171655735633,0.5910603134376993,150.09126811152345,68.14194368663362,-1.9467700013769915
0.815056999363541,0.8410252699059447,0.7611216070536577,0.7216032238976308,0.1847298157709015,0.5802199712982972,0.4287677351127013,154.25489535064315,24.31804893548126,4.74231052685423
0.7012611249859864,0.3613027718123514,0.9347323718886464,0.7542646005906495,0.963550802086098,0.9416531888391814,0.6312967821682125,148.20676144963858,100.42084465699389,-4.073125172530805
0.5430836372406541,0.8557117333539148,0.910994840585004,0.6993347871369857,0.395482034788475,0.9107813971224584,0.917767821474394,138.16081565479178,57.76929637498798,-5.679851818752634
0.4587678028313433,0.519313890028015,0.7800310127620065,0.9667161065300705,0.5970172729200905,0.9558573011072536,0.3651384617518649,153.41258165904455,169.12980677502395,-4.315770368723189
0.9544729726508888,0.905034276958901,0.9133029725215966,0.9726520514067908,0.1438603589895055,0.7256491334900197,0.8912070035757766,132.7609342489886,-33.012299636891285,1.8058918466248333
0.7341447083076409,0.7853576437021872,0.8464113225772278,0.9564368915117076,0.3586473080864248,0.8238030843389843,0.3669908627574964,147.18534024752967,89.2411977081518,0.5555520150495817
0.9081190760599284,0.5755309435868088,0.5819567597386665,0.8459007653390318,0.0597678115597929,0.6786360232525693,0.9938497695648864,147.4553621938308,-16.429332332015996,1.497042248816758
0.5923584939519007,0.7687426371780521,0.8591908478164328,0.819731030365852,0.3442973922788417,0.7841872887342666,0.9855982117842236,138.67132201576584,23.612841432771077,-3.5492439654624244
0.6407942333599833,0.9669506306907965,0.7433416497836075,0.9457639284245212,0.5285321071793869,0.8784010768759343,0.7378115956665314,132.0174341162905,43.598126528559675,-5.780971292005493
0.7850991528796933,0.8055769140245721,0.5608472954525615,0.7779316006278493,0.5294586834395703,0.6994271318889425,0.93249631431221,137.85109385286177,-22.77188720479675,-3.4817459381983693
0.5319439769745645,0.8788700623439472,0.9824968176354106,0.9595932233745256,0.3950160783539052,0.6477300039504783,0.8018655956259413,137.2590680997955,14.59257049484688,-1.1388321923261726
0.6091327121116632,0.4199300196677724,0.8374318349391483,0.9068910748619972,0.5051822521518698,0.8526575784241627,0.9209563299430444,145.67011621102247,66.70231449112597,-3.5415809322609646
0.6938919410080954,0.9562523998232476,0.9452802304195076,0.9533315574571066,0.674744293910903,0.9421994296843406,0.4710281412346275,133.60705674208663,79.55257591684448,-4.198145309150171
0.994246035042374,0.5708257785407829,0.9883233987172826,0.9622078034065342,0.4958479524960725,0.7937785752037572,0.8285596164506441,137.84118544896108,-0.4698524418602156,1.4314301713334205
0.7075329648482329,0.5963074968757145,0.9540557759433927,0.6917207672844025,0.3335552205264879,0.9641602368007336,0.5115662750461712,153.68458528612584,123.50100377875754,-0.7106587698468798
0.5206742308591094,0.8415496992410743,0.7420611945106164,0.708943844448899,0.0797815964899452,0.6164473202158022,0.4483329107771788,158.35317680403782,74.19975340678582,2.103707804859249
0.793653803952364,0.5995331629070298,0.8385475124436884,0.8224003415216605,0.5627705466282265,0.7495874334382359,0.7149155678928336,145.21289995102745,30.33822250935511,-0.35597841281970044
0.9430639498038872,0.4292000497586838,0.8587226600284534,0.673115284752243,0.1870258849321691,0.9611836446186536,0.8843783284010618,150.8888532255135,61.282336624155526,0.1600551405384346
0.6906729243370737,0.7811077599821188,0.8679833425781811,0.8832582455898768,0.350902426985122,0.8294027113027322,0.4100586111088792,148.2950704444037,92.4088191343848,0.08191579228188915
0.9674489851762706,0.4059591707648487,0.5815132487032857,0.788537316909388,0.4843560429771228,0.8506602154578011,0.6497085410197144,152.9600463608923,55.70452757013581,-0.10867154878048481
0.7794074078147624,0.5310232312168078,0.5789732421786031,0.6709073393973349,0.8857867407862559,0.7127015622020203,0.4454557544383485,154.31090129269134,56.371166919343295,-1.4775954409049459
0.5205931778768136,0.6798368184793206,0.7578343172982909,0.8915965002340659,0.6259765008685463,0.758554267191767,0.818827526996524,141.27693416153255,46.6403675647371,-4.753979967193954
0.7749319781222701,0.8154920985716289,0.8923342655226829,0.7409195764829656,0.758493524553981,0.6574077599452568,0.9459552476225924,133.35892712440398,-40.878779522226786,-2.41629072530301
0.7236968561105765,0.9770878870064684,0.68874377074857,0.900997964821678,0.9558959872056844,0.9395255303069148,0.9405763639206872,120.7151192668415,2.4259363681980988,-10.127138074364519
0.6328567069032958,0.5369766804665276,0.8099609452508973,0.6961474890269196,0.3680640068473064,0.8075587636141803,0.340950971000319,162.32385788719927,127.76351340099953,1.0831192218593366
0.9341528609848032,0.6314033405329851,0.8593192368767792,0.9323620953548676,0.9904687009152549,0.8189810669172817,0.7693246216206757,132.08868630434077,-1.749405160187175,-3.1443301629163565
0.7167341593001342,0.9300668586903024,0.7341615350750579,0.9108241669082462,0.8410638803753208,0.7142819045028745,0.8019047465872015,129.20156508775074,-17.029197599994397,-4.9506854267835765
0.8981017033014185,0.3573939737177645,0.5785105983217809,0.912088271636232,0.5500836121921264,0.8016140195517785,0.6349454500211987,152.47983929184636,57.27267208909007,-0.1816799853970366
0.4725473951939306,0.5872875727379503,0.6751873241389305,0.7821586224891437,0.3309446114488921,0.940943811549757,0.3445645380081962,160.3013953310045,173.26041195663984,-3.1013238410642954
0.6687512059495232,0.7860821506867528,0.8960574398307449,0.9831615828121012,0.3575751454686816,0.8082470839927438,0.8743293015953528,135.6145435323858,28.32844213074031,-2.5822555880930005
0.4542948363404294,0.5382221829437418,0.9001053398739939,0.9667506631651478,0.144760849796748,0.766987027761577,0.9451584857365024,147.63168762324588,69.51299409601411,-1.803289095965954
0.4553173359191379,0.4415369942960111,0.855792429186377,0.9534357033238984,0.7589438423271573,0.676359850923968,0.6685799396595837,149.75081093749367,72.97175763355199,-2.3703586812214477
0.609776116053548,0.6529250407176296,0.7585396525261301,0.8000955433192148,0.090332019325755,0.9826709623175992,0.4798246590238639,155.80815220212295,147.89078556102322,-1.6760599236754958
0.7671155623723275,0.9062125631175516,0.8220971540819574,0.8238220788472719,0.0533528897328052,0.8254585650835891,0.5530567760307072,146.29824829830295,63.21886123493545,0.9034539788132312
0.8592836187253564,0.9074911070276556,0.7121984587248777,0.9979839908491984,0.5571868294954322,0.8705055071664525,0.6938353707262157,131.25806949734695,20.676298488629286,-3.6473761763161865
0.5902106245395669,0.6525807086190729,0.767346665790841,0.8180042304253246,0.401379817761,0.6426828045201199,0.8014720857996935,147.8869159637231,26.718577579306416,-0.8135706005391968
0.669061827636743,0.6546727935326627,0.631239096224996,0.7632277056759265,0.7509366841571741,0.5799169314424103,0.7283348229838909,146.45929988170508,0.33130096820159105,-1.7410476248548161
0.4838004272734252,0.6961093962440837,0.9189436506310508,0.7289867658343647,0.5050516371741409,0.8078276854706119,0.816456439941218,144.90633007033827,67.23557513373427,-4.006670763976134
0.5863005378151692,0.6789795277122062,0.9315538923610596,0.9336343835896076,0.5094884243938144,0.70414002228125,0.90427640305316,138.98847374062083,18.60728481450979,-2.174498116876891
0.875049222251526,0.9124809780757616,0.9443863659649296,0.6692620104867638,0.2552683935978177,0.9148721252873164,0.7673175158530197,138.7600560506983,32.68117005230057,-1.1560531831178755
0.4396195148003824,0.9761897187329528,0.5210191252775899,0.9197300310856524,0.9059541938730116,0.9458054363833824,0.94460460106709,124.90737323723087,44.59430668671576,-13.4223820984607
0.5908779903950716,0.4992046920086963,0.7521311843163343,0.8921196182819479,0.5867887292012498,0.8861670350781863,0.4934049462577681,152.47988345186374,122.660129915352,-2.947983687649372
0.517216925941645,0.8886035916660293,0.8461695602156935,0.9250693245886664,0.1568438572994382,0.6488264032210684,0.9676710378550324,138.31081619384338,3.627573282568372,-1.7149635675545485
0.7500996709518519,0.3812855918559427,0.8729825322851426,0.7847030057619409,0.1794545909771146,0.9716389949658826,0.9573492226488434,150.18251926744682,83.6361740431807,-1.7996569438729748
0.8721240391113418,0.8329556981817304,0.8046561012730029,0.9390876763568738,0.686719912978301,0.8380909697386311,0.8650726013222079,128.738585945487,-7.88347848967104,-3.9576655576754147
0.6006919110415697,0.5099423732510112,0.712853387296725,0.9776205664489266,0.1471624520119121,0.6987109867186464,0.6702096862338054,154.90148632519043,73.38392511933677,1.0506593465716405
0.9246254408366192,0.9113678006998284,0.9483094439433356,0.7845929955867262,0.6519749488048243,0.9776038754599404,0.7018879672455176,130.83120772930175,31.444820105219275,-3.667613917504917
0.9360424302697424,0.713547253015225,0.6144050907068492,0.948585051816066,0.7615664230436486,0.6463085881300626,0.723165376799856,137.10254291817532,-30.29577818004258,-0.9057244403341659
0.5999150938731558,0.9213800647688968,0.6489716081348944,0.7190428260197147,0.2857459331216374,0.7423206025792322,0.6418779750318744,146.60856626046765,49.543925925929415,-2.384364198151805
0.537618083865719,0.3739511934780035,0.5160397864390771,0.9260105123681044,0.7521445836415228,0.9527751812268512,0.5823884777958859,152.37822709184408,136.72416976773633,-6.803397746528626
0.7393444401553289,0.9605234828336042,0.7974413854801461,0.7175739170633187,0.7237745136053814,0.6503025522893954,0.3737393727560938,144.0386133287391,26.756340817478986,-0.1630820333106427
0.7646519073006883,0.6239504572312651,0.6738332429578107,0.7966054238936837,0.6588175714099999,0.6083605325616447,0.7257597842780961,146.42446314799068,-1.2815121151784696,-0.363704268277622
0.7577983319216413,0.5526809754246893,0.7905665600912493,0.949051392558142,0.4276330310553394,0.665159380593294,0.6076952220109523,149.92366980554402,39.18985097642743,1.8563829916039016
0.4685340341178727,0.7779899485304435,0.5739683874912781,0.9909744094052948,0.034625705562726,0.8054628042162058,0.3595260973683199,156.13622249127633,135.6817620512519,-1.1249420632138059
0.4973236753242215,0.847783193465676,0.8697907952828301,0.9117466960596106,0.8392999099309445,0.8682580146715999,0.996084764558932,126.92179591026053,26.875561487060814,-8.979438271065872
0.5677881034374481,0.9435597758614134,0.5977647517934881,0.7027621772150991,0.202960049107918,0.6529076487548572,0.4020413582092701,154.6513639867233,68.29560625955212,0.16563991092919234
0.598283385405302,0.4123804426011622,0.7256092473065086,0.975195402542924,0.8026768539957119,0.7950212237066201,0.4804520505218461,151.6988528243908,102.97422248561446,-2.6324326217897602
0.4443354793038194,0.7973579716848259,0.7833884122840509,0.8941941015612198,0.0257982891168875,0.5893584110797973,0.866168169553833,147.7902000056484,27.799434830192286,-0.03275790332429645
0.4413778740259931,0.719302442642456,0.6000871023625709,0.7186002200240494,0.8310016029491619,0.6648639393835567,0.5975922618105028,148.8881725978937,58.89843160009582,-5.057617881889442
0.7808361862593575,0.8857152530673178,0.9100195139018228,0.913463927943528,0.3027590758458809,0.9674200363968412,0.829661881564598,132.74021216083082,45.86675073175872,-3.6094546109769228
0.9797994756417158,0.5675835998261567,0.9437003532338218,0.6978545849304358,0.397332164345146,0.8358341936379134,0.8613239229962373,144.27273318090644,13.372064670579745,0.9971770929328758
0.8187325540417096,0.8683221149084888,0.774212167769974,0.7429956285564951,0.4198182356686259,0.6243689754918424,0.5657028138272633,145.85101220223686,3.8445445643999085,1.8278616871702935
0.7457951302664672,0.3752483939332393,0.5246808213035904,0.7045413165783997,0.3853164915164764,0.8178269358900248,0.6641088868142723,159.88027436521932,85.30123036788275,-1.1947991303123406
0.7456383043762175,0.6879716778232287,0.5107741112542128,0.8041923482081151,0.8611324013679235,0.9437013274981064,0.5470896036710935,142.70827624501746,81.34141974652772,-6.741367819750472
0.6312000581023999,0.4883676800274871,0.5229557732173946,0.8430236769559094,0.7038547823131489,0.8235024206645041,0.4040904254712363,155.97619210827622,113.36567939760633,-3.217921949057195
0.7509867784078993,0.8855901066451843,0.5579219873321187,0.9849517685702625,0.414903714951188,0.720248579840941,0.6713270253822213,138.6282273588005,15.031859390860612,-2.2874307385182813
0.931298272978376,0.9672924128726276,0.8027000298735593,0.6784262228640209,0.7235233455931666,0.7508299822044509,0.6719740779478632,134.64052258893724,-18.25413469497373,-1.7364115987453166
0.7069386328226581,0.8039041065073863,0.7158721363165795,0.908572616952816,0.5168100032766129,0.7712156869997752,0.3535234698793768,147.43736146674433,77.37437335999446,-0.6745616141187384
0.7825749252610026,0.8820735097323482,0.5167734807954282,0.8778372442230381,0.7646546056396134,0.6877241808766771,0.5994726223188453,138.03104592370457,2.36475433031519,-3.416209503840159
0.5303871474038107,0.474468316924429,0.6670250506192738,0.8131365781721358,0.0588633196851673,0.6293579666457355,0.452685672747149,167.61737437112916,105.76632972835894,3.2679978122112487
0.781335167441106,0.4739350073082392,0.6870322912636918,0.8839164385467205,0.4205634134021823,0.7326735351528908,0.9638416417791212,145.30149046590338,11.254154508353027,-1.271087145133566
0.527714293370394,0.645120061088543,0.5202985438051254,0.7152338060018865,0.7465141289674644,0.6921573735161869,0.3627585386298778,157.01457627706304,92.78553645447202,-2.910760859652386
0.4611557316090266,0.4231078734905851,0.9749090840801192,0.6720286307509254,0.8698899098926838,0.8880654302741557,0.5064111920740042,155.22500813255317,138.27996095457132,-4.032103521148186
0.5461632662893035,0.421760608638644,0.9756716399070198,0.7175567449853435,0.7419184319080364,0.9603337635302064,0.7287666978472345,149.26959370805002,116.46102789998649,-4.92315645758469
0.7730912585198115,0.8699315459197337,0.798528477978764,0.9158630609056828,0.5087058473897871,0.8602973358153003,0.4525817921840814,140.86738864030434,68.08417618430906,-1.7235638062554675
0.8076883151131906,0.570260656332189,0.6357209757556841,0.9615005531055064,0.6696991529471624,0.8669208221241284,0.9052927320411764,136.91537620449228,24.746551966071237,-4.913435674962393
0.5665804277205824,0.5019286933961018,0.5364723471170552,0.8673648607589601,0.6544239770104454,0.6404864314857714,0.7402726300443073,150.8667400968081,40.84665480079739,-2.9128916880246174
0.7407445970137532,0.8391228202703352,0.8609503442679487,0.896007276004061,0.0568265037369414,0.9421605037905008,0.8351978806234729,138.93350003897902,58.712250447840034,-2.215192836108535
0.4455673628937853,0.5535276498318357,0.6966896180234036,0.856902327266309,0.7504279896611317,0.913035334568,0.995938643176712,139.37988053470826,72.65609525945342,-9.20743947106835
0.5766176106444204,0.7170838266953741,0.6699784902126265,0.7214321027937761,0.9627863333529914,0.7360380870161761,0.7432539815021537,140.99490621050495,31.00772566257927,-6.154594482486172
0.6519818738986848,0.9534144786867896,0.6803368122229703,0.81842402043753,0.3257948261120004,0.6676024514138338,0.5063138611070636,146.1415299166067,39.03020661168712,-0.3015307477704122
0.568151424235146,0.9803477128793026,0.8872735031645411,0.728658357225464,0.0224881275115091,0.9019876974260636,0.3775256422640848,151.34259740414163,125.68315465712166,-0.5189803728610589
0.6910064015354953,0.8154771924805282,0.5313782224833754,0.917413538509782,0.5566353259140535,0.6789424877660306,0.4556726405968616,146.4053418604631,44.81719197802553,-1.5644452873329349
0.8635526271986047,0.4185299242636902,0.8699204691847002,0.9697927863153724,0.2934289490999514,0.664660864562262,0.4857660604531146,156.62817060494444,56.27881347620194,5.4258487293291005
0.6127835169293941,0.7373690272637872,0.6097579016643795,0.7003673362956652,0.583485318801079,0.8060046513146958,0.3262814176437937,154.8865381593057,107.38990325878392,-2.4486223919040495
0.8456172574183166,0.6865036708816694,0.5270365000078026,0.7728183116053224,0.2966068270369834,0.6625024764633839,0.9748141513130678,143.93325856726347,-25.62526968614658,-0.9405215599796102
0.7524080128731233,0.4114802977956628,0.6760749039879747,0.6878298422803469,0.2088006783400116,0.6150184466818875,0.7382404870936292,161.38989559952083,36.11604031372297,3.1448969596311303
0.4988427960395826,0.7492301013460214,0.940452317007865,0.8663722853167295,0.5285029845730687,0.699765387606838,0.95966119760831,137.7106705175805,16.82646471974901,-3.5460041319506144
0.9407520510016176,0.5602361538111931,0.9660000172959332,0.6944038009539101,0.8836378992602111,0.769805024978402,0.974371369619297,136.1365149378734,-26.662814019478454,-1.8666254692611384
0.5657012517911759,0.976840338740685,0.5549527121844672,0.6729390002985502,0.2824056097847729,0.7771011540259547,0.3942214421140608,152.14160667869234,90.00300346775963,-2.4534750906939986
0.5128108922939512,0.3950313069822451,0.7842729528106138,0.7494505637982636,0.8441954122355241,0.8588621655398463,0.6486787138411405,152.49384905736167,108.96935048353181,-4.979841364216135
0.6956089318521865,0.5959902254289169,0.6869306690301145,0.9159643072383232,0.1373109805764859,0.780025341707089,0.6702311302944837,151.96199684798427,70.83522427242391,0.24849862094156405
0.702316948629779,0.681488482910125,0.6939305033936078,0.7412590876498655,0.4342255165639027,0.7275813162276943,0.451899141971976,154.42880301910643,71.83298037006847,0.3301585797336974
0.957609728087123,0.4344004793697175,0.6009426530509995,0.859658121399716,0.4112525434290737,0.6756106387439085,0.6149902832161982,154.45516102948292,24.68430235627679,2.899691435966215
0.7696809521248009,0.647572772828916,0.5394678035017795,0.8995576498925635,0.5114746234517129,0.9039156542311414,0.9463071190373136,137.78937470856442,32.40754967681371,-5.971429783337777
0.6041537299103461,0.5804832661841689,0.6110901099030235,0.9906242519502704,0.686787833076741,0.7740729805203423,0.9081333092144822,139.07061137295645,31.666129457040572,-5.678582552754734
0.676698675998416,0.5052706679250459,0.6918299136774354,0.9965058786818312,0.8561321565829507,0.8451809061642229,0.5809669022949464,144.15138145313318,79.15804878597898,-4.257684141146589
0.938418622183445,0.5482861445189062,0.8174070979988166,0.6958030371115432,0.8284015819029321,0.6226488359961867,0.8920916793728747,141.82317149657302,-42.81442296254004,0.1764350823456708
0.5902321315216192,0.5650732582343563,0.5946853804969314,0.7372982963165748,0.2290059504707277,0.8663759876716988,0.9171806883333012,150.50652131499862,72.8464619714259,-4.2730076433757755
0.9154447513146416,0.944686230769938,0.6425666935524801,0.8221019236883111,0.157373215509717,0.9378518963394232,0.6120804101715078,140.5426579524657,51.250651446353395,-1.6990695366697404
0.792130831885584,0.6232990768940452,0.7883531228257774,0.8165553936145814,0.6800901587928077,0.5825839871889021,0.3908816695119569,152.64629495737594,32.250294639684945,2.8515465099529607
0.4641567672354647,0.4994224614748835,0.7043174041403575,0.8074528022074674,0.4529801817445083,0.7893375763599695,0.4070429175259432,160.97347767558713,137.6081193104933,-1.5697710761766464
0.9244090381680694,0.7669856119967,0.5677969007764475,0.9356236744486736,0.5848316847509845,0.634118539187982,0.5156556470126528,143.56063634057108,-1.9639108592706256,0.9785009335476215
0.9944849010797238,0.4466571615215766,0.8020390989331813,0.9063952652647812,0.8728520418066692,0.8617802550986231,0.4864885813924586,145.57396329316938,56.16490524779898,-0.28689187992797144
0.5196568134927259,0.683112285172327,0.9678898176266308,0.8049188574320298,0.650165822939271,0.9661622321755636,0.4509012866079502,147.33745494741356,137.5668907000047,-4.282670732089077
0.6175260049180679,0.9105469749802766,0.9121498665438486,0.8567704521707763,0.2447790516702988,0.9295985576527924,0.478894503055039,144.1948956302637,107.40723859315705,-2.052793456894462
0.7220263755159841,0.8393423732884148,0.7795308620013448,0.6824634805634704,0.2137793943664018,0.7158408504694367,0.9220259016658144,142.7613731459204,0.3743427563812304,-1.0237687423125512
0.4622667056763316,0.8164452680156254,0.787574785414638,0.7809752479952405,0.7581996865455297,0.9593410816629914,0.6238630606497093,140.13604907239358,106.73805740606494,-8.104400522723067
0.667554071963371,0.4981689237876809,0.8235799622518106,0.6883700930118537,0.7667916198375654,0.9961823901881548,0.5355549801535257,150.86107657457848,125.38196381337957,-4.639748591556733
0.7695782895647869,0.6959326698208774,0.9601097755493264,0.6933994533637303,0.1719028896099058,0.6000378954259248,0.4447298129184567,158.105328706466,45.65776082088491,5.965712431276082
0.6951557918933466,0.9913562610118208,0.8223460962599785,0.7565018413538097,0.2080141818241883,0.6276646438497895,0.514809976659571,146.96965168261826,25.344951440869508,2.0401432201018164
0.9085375005144132,0.6569147231154064,0.6326007139976955,0.7382564815987436,0.6720866837719607,0.6968773473777234,0.398447177732511,151.63850816063456,37.32705660988751,1.1547365942256653
0.7096013212616933,0.4655408037702654,0.677909661338171,0.8251923256197489,0.1342495308063014,0.8083500957068933,0.5600360101777215,160.0142172179494,101.62708229793533,1.2520687828746908
0.7194410912099989,0.8899638809418784,0.6004011921778699,0.814399094980619,0.3556112926689794,0.6628377303221181,0.4992501438793649,147.72585886031882,34.05967651947596,0.00681498989910309
0.6634878622880975,0.929694015193181,0.7274387967458793,0.6943428002923011,0.5800916969983393,0.9773052267722298,0.8161171238837345,134.77837360320586,55.30901759528826,-7.566165712140056
0.6115326644627906,0.39098388265324,0.6257944234278365,0.8674430468703231,0.8233572813796285,0.9019382249593196,0.405913199271833,155.29306975934742,135.61028556993625,-4.167853442753836
0.4376811888988055,0.8350656790380507,0.77997476178803,0.8922860245596688,0.3990724368160881,0.8324692417235562,0.3984660346362749,149.21475800646255,123.41022627510465,-3.154195821354575
0.941704548962405,0.7359285860149738,0.7710120294714469,0.9882973294634912,0.658647234768537,0.983221708636749,0.7237288083957963,131.96804113684567,39.618608190805865,-4.181517924577688
0.8028922119816799,0.5545268980046494,0.7509168483231106,0.7677151993200658,0.8981456657221063,0.8885907492601487,0.9444458331354816,136.54877078016855,20.24865968292008,-5.991989969373448
0.9022958817948796,0.6047439628458333,0.7479777303541214,0.972521110811562,0.8553652662100995,0.9740685473571252,0.7693167117037938,133.11627886887922,41.54001733896522,-5.392175885545882
0.5899744784953259,0.7361593622531263,0.892281896130391,0.8993500219955144,0.7153766540357651,0.7843388356812875,0.5346378213276718,142.73299481474854,71.16318914188405,-2.7660529971100454
0.9977451792936456,0.7438644274020489,0.8528157892373771,0.6705757055168952,0.5287451127867538,0.8532758446302453,0.9645089990293452,135.46370395300391,-18.38220096039405,-1.8809989451222
0.4855829559285363,0.6210162675482056,0.950132691189894,0.9901075220282228,0.3978926119184618,0.9177306680109124,0.410456812605602,150.74915853051905,149.625318787905,-2.038975124646623
0.8739377021829484,0.8101756950422453,0.952094811771962,0.8395945591706451,0.9127834990412176,0.5742711132413469,0.4961482203499099,138.999640705017,-19.549650155216128,1.7594059410169147
0.7558351167012394,0.5883409374739448,0.6187599046919807,0.944314076768938,0.9206050988910928,0.5863379115813854,0.8231746862908548,139.03969384078496,-25.721469777286664,-2.5706488556899862
0.9301859398413004,0.7846268915847157,0.6197664952661955,0.9750331605164704,0.7670435391953186,0.611086499631402,0.3874966730811706,142.38718323861087,0.5186174747125096,1.2488994641405418
0.941876726957276,0.6556546059481249,0.6880521887332092,0.810503569947018,0.2545453374649026,0.8148794993343202,0.8533045974844155,143.58960531197548,11.844420101920498,-0.1668988059124071
0.7808811996363155,0.6280350472123533,0.6558165714785584,0.7425819561542629,0.5220261808468806,0.9954590921112928,0.806252484631796,142.90988880438746,71.32756132508976,-5.48729006391575
0.6287477212200573,0.6374187548128889,0.8408878329436209,0.9539743576500772,0.6283776827366514,0.7967359222862579,0.8445106394621374,138.47902170006185,38.72489799057194,-3.865447613537117
0.4633359929774047,0.4343176226235825,0.9682721541581044,0.7904421929791606,0.2793184477076814,0.5893271090996622,0.6257538661402448,161.58132927488364,79.5462891044765,2.9306371666644977
0.879234045960722,0.6232730668785214,0.9684673299505976,0.910333282452318,0.7780745896567727,0.8677708907335724,0.3182790474150169,145.4344838782597,83.56561262350354,0.4547863977718947
0.4940963679040657,0.8898265471825271,0.6085785334709216,0.9092047505549702,0.4252376917105307,0.8042967373818003,0.5913088469383443,143.2182030057633,78.85411275732149,-4.926082179814192
0.5265020370919612,0.902855015597808,0.6666916354104969,0.9466906001458066,0.0260366876399756,0.9584820188716988,0.3700675774397098,150.18868510987417,147.99472978491846,-2.7894767241621907
0.4839887365455913,0.4425515294007416,0.754405623438051,0.7546968345481573,0.6190443445087911,0.8531796658140509,0.5486273973474449,156.97810010270325,128.98737445127438,-3.576439592076004
0.4428539137199017,0.6856384112813603,0.9929302844946292,0.973272123543057,0.0078154848448121,0.9075012843075496,0.3399727624317535,156.62394780328202,171.51398292845803,0.5142957417703822
0.4578822034143012,0.4575048994998227,0.7147707794193677,0.7693870424171264,0.2689578089200125,0.9496690092421636,0.5331597487053528,160.90845756999028,165.89724986363177,-3.275581241707229
0.4863705780124993,0.9763755404544288,0.882951419055779,0.970968293278877,0.4401700551402142,0.9423341911123846,0.7851492233135684,131.37046502159436,74.03368666499036,-6.961679703770725
0.6896715308655255,0.9569270268497004,0.662874336408813,0.6985463813947573,0.4964935069572911,0.8532907877670116,0.7558895336165794,138.02393064090344,34.63441995636132,-5.231031669374176
0.9443948298129204,0.448182776118046,0.8604166488434595,0.9845049952937786,0.2778216993545243,0.5745117212118925,0.7008545206177969,151.01510671521643,-3.901892790437733,5.981723132065747
0.5559626731431263,0.8332907606245525,0.8397991578726711,0.9901292821334448,0.6111467231283746,0.5852513861332743,0.7917306964692663,136.50048732116053,-4.544528717221415,-1.9857044153408416
0.4300998903455832,0.6040013837357692,0.7556829092111361,0.8429440190899817,0.6244965519922678,0.7527233444050998,0.5045816151687962,152.8487189570654,106.32126377533014,-3.1605331767360063
0.8744036853918626,0.7542467557963137,0.5420467273499436,0.7865961903659748,0.4142084915419164,0.9853315717419926,0.7960122124099457,139.72826995186077,50.24105038416649,-5.133057155205002
0.5090370682165262,0.4120711835705871,0.9880446021464248,0.8449070008236785,0.2596503440713137,0.8850450576881026,0.3659634247883905,163.13310676578106,170.17673896294303,1.0157647883243373
0.8008706444998858,0.360567699219447,0.7605088935816504,0.9779541006228332,0.449029814230683,0.9273062778447276,0.4214885788298211,155.6557394221217,127.03388730901105,0.1855596945750149
0.6226451057551682,0.4655876761116452,0.5027039000565312,0.6905990002623104,0.9662656236565434,0.6607923659389106,0.5669829090925433,154.69544120407545,54.06111075862487,-3.497729715163837
0.5644837940752251,0.5110371780880816,0.9929077259603526,0.9939147440521698,0.2343734766755785,0.9175022211309576,0.5030964348034458,153.12571818611332,141.71056092834755,-0.1619384118256666
0.8267091579589695,0.7116276496988381,0.7169394769124927,0.8108170436353919,0.8134771066479172,0.719056862133753,0.4391924952396041,145.54030231991786,37.100206051477734,-0.7407672978212956
0.9465227133676816,0.5231565736421064,0.8067465915187847,0.763459786355624,0.0852516370191599,0.7211778176904768,0.8504452862941092,151.44410472410263,10.153420085209392,3.6210242771805587
0.6002125290005029,0.6648706411274363,0.7878837868084423,0.9329550014398628,0.9611438373184557,0.8513527970151455,0.6848006544942705,136.97917638960888,60.782221547562735,-6.375640361237534
0.5956825461055146,0.7190203586659544,0.7217433107880986,0.8836403762150756,0.6767835676998689,0.9170141365830806,0.6277184691060489,141.4293690215425,88.90143871090702,-5.904324074654891
0.879877889093859,0.8120164567476975,0.9068996110315544,0.997305242833637,0.0361373420985318,0.969853343614944,0.9490134917497136,133.17298033120122,31.844820660329667,-1.6308932854532727
0.896773329882897,0.5669111440258642,0.5952178138052587,0.8566621229819534,0.6296132688320945,0.7091733713817927,0.7118669022454764,145.4654179704377,8.212362530201888,-0.6589355393890425
0.8768435932460759,0.9479787798434772,0.807592974113513,0.7457276033228715,0.3418395953512382,0.9201942787973252,0.4540892361223419,142.6793403936261,67.4729150098146,-0.8861021008413864
0.47477990605501,0.751103544125713,0.7431639925577104,0.8016037319991951,0.0981747624578208,0.913877990891321,0.459441070896417,155.49139791742442,146.45795154546047,-2.3282741798264466
0.6759446180768942,0.6926696203040541,0.5025278687005311,0.780586321340322,0.5521687432327388,0.9839162534068664,0.6528140224193466,145.37611537528142,96.68424129308069,-6.7398793168983895
0.4757642972526688,0.8973374706249093,0.8409480686350448,0.7327887110085799,0.9075510181761244,0.7779189422735919,0.9043964471366304,131.91290735514085,18.889496602046687,-8.040026300109398
0.4900536679085896,0.7298848411550207,0.5685565593342259,0.9440274689394732,0.5543339621128491,0.9838129399899074,0.4702534695178902,146.37404896814382,140.92152361220246,-7.090701874544075
0.4546079001606651,0.4655516434255398,0.6005487111939686,0.8810266323518734,0.4021745651648355,0.7936342621246029,0.9256149653235504,150.00173919627807,75.8772986282943,-5.094215051495544
0.8075881742985558,0.9777575310713678,0.9511444359936464,0.9180891123873184,0.3588768915960375,0.6785737265944647,0.9125681802312622,130.0750281516121,-38.43603942393097,-0.29067916453180487
0.5878684515841641,0.987895201673318,0.6560438975146404,0.8819952923429002,0.2914119222415853,0.6476288710707219,0.3243846777521624,149.40938776308357,65.11549593651267,0.40432089453015774
0.7572771945661945,0.967501220307988,0.7109988706229866,0.7650951690605505,0.8195387439161961,0.6102131938063594,0.880409494479886,130.71333636289864,-54.91317307208345,-3.7033392680417547
0.9147570142665188,0.6725301943410897,0.7988839735058444,0.7700166130015568,0.1046452624691296,0.8592876533946521,0.5132433983576373,152.91082450151484,73.70024837128533,2.583339065815
0.8034224292336993,0.8980188471901249,0.741145321939868,0.743530054602523,0.1268758636640736,0.7160394750977302,0.7223191816381357,144.81364923385206,12.587890737587228,0.8750326771552152
0.9971593470843498,0.4036955106314516,0.6709033720989747,0.8049683030151273,0.4917516584688572,0.893446890421834,0.7998295796792662,147.77351303907912,40.37721123467906,-0.867355426678471
0.656899261135334,0.9444301643548272,0.9603494419064746,0.7462044617025021,0.3935225190550889,0.6371145403770264,0.9920357665014946,134.55041407346368,-32.56313146429931,-1.3818466295361282
0.9440162813905206,0.8867664946303184,0.5304122970104851,0.7623605185439867,0.8901970920633439,0.9473084783917228,0.8891888994635507,127.1319285929847,-7.788896701984167,-8.119449017319374
0.5001149543522769,0.5954163353266412,0.7944211476130791,0.7952945937939975,0.5733318916215913,0.925594855682037,0.5956934649740986,149.75921790080326,123.57656414627446,-4.95519709046702
0.5752091400671989,0.574251666596048,0.5607675029998376,0.9171220723026008,0.4562257353967326,0.7327454336801582,0.9298203958959784,144.75521449084772,34.26415890450104,-4.313298505244452
0.5407342793515799,0.8402277430656038,0.9316124308081932,0.7133534212958114,0.5150961149194697,0.8573209230799096,0.7188061639634837,141.68909064378863,69.83294370334472,-4.262391964120616
0.9406152220404752,0.3642421811893912,0.8373327326810669,0.9246297466082662,0.7908256773283466,0.731895560787567,0.9511094483199644,140.16459852363283,-14.229032731155652,-0.6503327365143904
0.9026927399229412,0.9346466624253016,0.9418557645168272,0.7685068323372711,0.3150643059988139,0.9340702623822588,0.4469333861884936,141.86782279415118,69.32940561840064,0.22427358959781576
0.9117659214818776,0.876447563538703,0.7263056173500091,0.8429867733390027,0.0123998581562508,0.9037301862493036,0.9693289656779998,136.01653769064123,8.698302624191427,-1.7230445610745087
0.680688366934795,0.8614168493462897,0.8807768521121428,0.984815094889713,0.0990859825584375,0.8199049706152909,0.4477426092876457,146.5173482245573,87.83740842681736,1.0819820108086935
0.9119274251465193,0.3908520415306339,0.7626262570612705,0.7641275010973783,0.5932210908194515,0.6062636864555611,0.752708029220039,152.44268967722144,-3.1265898716625564,2.8048695734019238
0.4767575248537056,0.9266764111837972,0.9421341345339505,0.8292803003598941,0.0364493956622053,0.7320294238725524,0.5810352855311023,148.6024572854145,79.32309879262058,0.3160402391590821
0.4330935803215113,0.5503326346644333,0.5027390261789971,0.9398299264698072,0.402701451673226,0.8139057153626071,0.8182595183360082,149.17591927117266,89.18205761336955,-5.9448463532029825
0.8267175361399668,0.3851840098042025,0.699591151685173,0.8587178379390102,0.939421663107666,0.9725817080229862,0.9907746417950664,137.12145444562032,40.05256770005484,-7.105337537169349
0.8139856308179871,0.5155031475565797,0.928758371985784,0.947152865036712,0.2086144346241384,0.7733327279621244,0.8658156151827167,145.5982292227223,30.966259813888097,1.5846216026718225
0.7207911991459564,0.846093599950689,0.6660945618129721,0.7108367127688279,0.8805974963106367,0.8399826204251534,0.3170938035412106,145.45120948484416,80.28486246581886,-3.9086859931120266
0.9898833438138708,0.9837974790152132,0.5542764119699009,0.9718072455877432,0.6865738830519726,0.707018243473984,0.93883708081012,123.63858417773919,-74.04597657812674,-3.79406870932797
0.4713351517896353,0.7872699872514242,0.7687345384611389,0.708391686859779,0.6100132599513132,0.8508135212386496,0.9449538974186664,138.71316363223787,49.89942737247298,-7.482573648440009
0.5275925936709486,0.6959328734597117,0.6302098080541096,0.9183491830570596,0.2587855561337623,0.6199060944981165,0.9537517738375574,144.72749303993444,11.119513355604473,-2.1958243498153354
0.4477685012837041,0.8615147980655724,0.6403320515608807,0.9033716948275996,0.5311706163526846,0.6646569939431223,0.6448473079920035,143.43632037163087,48.03678551620614,-3.9780622776355994
0.8529662121321637,0.750352040243349,0.8765079596678811,0.7857330881532335,0.557488367843922,0.6998366352430077,0.5286719017195614,145.48964525997542,23.908101321449042,1.5904486874803612
0.6722066749842476,0.7375542361315168,0.5632169837023722,0.8885590600230819,0.1198387382277546,0.835823866968517,0.6322118159565261,149.7232330066369,79.65811302581407,-1.8091161807744924
0.6792466217703591,0.3743865647846508,0.9771444006568254,0.8026198117102554,0.531192645314464,0.9892683542803224,0.4189662182380267,157.15076577067757,155.01403204889456,-0.8455625141205968
0.7401562156527445,0.9929339765647768,0.5960341904844507,0.9564646477447992,0.6946972646639894,0.6721721896498434,0.8646902123642846,128.061676359004,-37.70105852679889,-4.815413723579156
0.6836781976543608,0.8542877597511294,0.909497758814512,0.6727275761500483,0.9390146581217992,0.591733036624878,0.7488328831840565,137.22656632700034,-24.95685105041986,-2.1937024960511704
0.9633642521677064,0.8725983886589106,0.5569809214577067,0.9184636130895956,0.3491517747310357,0.731099735523794,0.5240381846304043,142.39461316153586,11.354912962099537,0.7709913279334543
0.4955800791452436,0.8069353791366448,0.7068206370564438,0.7631511410635861,0.9621852731688504,0.8203152788158066,0.4254623852419826,144.23083636441268,93.03673781981651,-6.3166784683310695
0.6620590741983302,0.4644206157264386,0.7706270834896236,0.8256262953453621,0.8903491821035281,0.7377546743196066,0.3739883675778797,154.28589568284724,90.4809198268267,-1.029085556548197
0.5738396955705487,0.5023339199803675,0.7615204849646584,0.7335623180018676,0.3181083923733457,0.9326576636133824,0.6204793017867262,156.33323136883396,129.6164284909612,-2.7648119370232105
0.699561700694199,0.5723232321775119,0.8611260987554272,0.9779667027866256,0.3863821092939534,0.7014762028746206,0.3419623013328009,155.08424807713934,88.92262069327889,3.040212002802354
0.5419412303518227,0.9024867627867216,0.5641444438751996,0.8817923215291639,0.4704649759281073,0.9342984724577216,0.8002817937822182,136.24545218075934,69.42624964180483,-8.229380273606136
0.6361474428248968,0.5448912197796404,0.8343629061947675,0.9482803760630664,0.3021529822152038,0.8622671422993378,0.9934553925564052,141.83992470316838,51.605780090007215,-3.2729670665863027
0.6641256345549427,0.8923842985150225,0.5772055296100834,0.7689401001599505,0.2142582547773965,0.7234710472489009,0.6190147715467671,147.92912190033857,44.194661988909225,-1.3310759896201487
0.825490969130225,0.969328204266636,0.7195688561603959,0.8796852898226029,0.3147780647472591,0.9789255225421704,0.389358657951048,141.35874611373995,92.71975369001795,-2.3227214616073533
0.5607092681674626,0.479242453452865,0.642768293874622,0.7048337679716867,0.587195349186671,0.6909584137684429,0.555541396939633,159.06026148240002,82.67817229005168,-1.2916056633460744
0.7533059861527147,0.4923702578433981,0.8210756495246261,0.898275714405933,0.1450733017095417,0.8706342535194037,0.3597915657996362,159.9314227053552,130.78858855866278,2.6181656734583756
0.5047968784366972,0.8370741032713209,0.8597160453447124,0.9908818645376656,0.0144252584670216,0.754420139018589,0.6077516962123144,147.45142643228138,82.95931650567704,0.018969173394140594
0.8297253064812758,0.4579799899215465,0.514109419578517,0.9238152592905176,0.7688403167379331,0.638439644740154,0.3360274202889703,155.93319129134784,55.53420748628008,1.1772436291682162
0.7897303977876569,0.5872626349693322,0.6036568862121571,0.96650462358644,0.459082890666841,0.8180986696057537,0.8257774926493798,142.0692863134625,33.73010181935556,-2.8899872061534313
0.6408515538685519,0.9321074175059264,0.910265900195325,0.9385879915477526,0.9056937268721365,0.6772108134141887,0.9371515156783482,124.69561215386562,-34.920753884632006,-5.227082841825156
0.9202509986513384,0.7011992796634794,0.801643529091532,0.99245947791017,0.1308008652650919,0.9304243308453524,0.3989451692307414,148.50803764824374,96.23853849280475,1.9155871989281466
0.4831838122437736,0.437816110796713,0.7501149511904334,0.972233448845992,0.0743693080486706,0.7732086986471307,0.7708401633990442,156.07111958564687,100.81923538144402,-0.6237486653361622
0.4332595182923585,0.3889436668343199,0.9890048245253004,0.7757871146252366,0.0921769483130817,0.8831034775390882,0.5484025445781806,164.38445813840795,165.44173556912116,0.4487400761091735
0.8250624059057127,0.9261083728102308,0.8029670161540541,0.8127438004126758,0.5417349260534711,0.6162563351199956,0.6766752454802094,138.17233589932704,-23.558391155850174,0.45357867194359036
0.6776120861373167,0.6849918592210589,0.8872862938403889,0.746075174837056,0.8371000328519532,0.6724858770664289,0.9403731083074764,137.0885773126774,-15.25415595002466,-3.3436536438875053
0.8839377488712636,0.7577704404539468,0.6654104462601369,0.8565398002744244,0.5108889977552034,0.9299979545119272,0.8435961736037287,135.44082354399643,26.358051766544243,-4.433824927396508
0.7945344629069165,0.4440401814287517,0.5152561831987615,0.8974813040661842,0.5556215412397009,0.8096267460152236,0.6510205659752004,151.11215939342372,63.91408778755201,-2.0983165152655907
0.887668820144945,0.7793265716311398,0.9561659236125796,0.6727309673955958,0.6702809897334231,0.7698845400784182,0.6780793498874309,140.3702186045805,8.845813949429127,-0.27838651565517836
0.5400535522336238,0.9909275646037146,0.6056912090255574,0.9416466223157478,0.6223430905618464,0.635493117733457,0.4319050453917634,141.81923021502143,42.17734082457004,-2.8576298978150603
0.5984979406582185,0.6688965109562472,0.903556451495758,0.7763853659517407,0.1529803207480529,0.9650132187481189,0.5102064579697847,153.694030009844,138.33747427310743,-1.2495121873430077
0.6503883240703632,0.595140269605009,0.6332569970724485,0.7034577254846812,0.1621756409936963,0.7399435240937766,0.9123061925743096,152.030936155124,39.23219799558527,-1.4037844179099241
0.9808370153391294,0.6625911868009866,0.6609696280201324,0.6830011338270038,0.2338939527657562,0.8440238495388869,0.6008170635827634,151.6048195873722,47.35670831738194,1.2909980684910747
0.9026583299113612,0.871798727070525,0.5208660929097634,0.6853698779965008,0.0998052891147253,0.6281637077334519,0.3390152661883603,157.3445344069596,34.99824168558056,4.267439654434035
0.6641280921480645,0.8530573932787966,0.7983683803907391,0.8935970495176853,0.3401533353523521,0.64904058035242,0.5800091281228998,145.03296444019117,30.77291915159062,0.6795759701736268
0.8225237755912824,0.3963371229217645,0.6977111694347371,0.8383375796088852,0.704920771098768,0.8878586805153996,0.4383341601339133,154.21175101365827,103.22962635626152,-1.1972286849244815
0.7572735566840681,0.430430274146816,0.5994330452676051,0.8967368712376955,0.8155670534707256,0.6816302419039459,0.58110847709848,150.83555760453228,43.40599747565387,-1.1662329528384028
0.7633809757284917,0.7963100104706209,0.672835802461866,0.9042790700987486,0.6167967057308129,0.917382928433971,0.4607012041093791,141.82181357603847,82.83827418561123,-3.7570971703568308
0.4625830060688506,0.9245221656346831,0.7919446253676419,0.9831175112192214,0.8481426698038124,0.6762623502442859,0.8900659086649176,128.46772771885662,-1.8466304592740572,-6.831231852401755
0.9547631272620848,0.4681483768590037,0.547765461654204,0.6875999292477618,0.0366749636562792,0.9485403441241356,0.917240485931704,152.72506538838596,55.055545521433515,-0.9598579941011456
0.7774480169881437,0.7540337136950049,0.5113604374997036,0.7159989097276046,0.6566203769719964,0.6276649463027199,0.378022181637861,152.81867910523943,36.647691125671,0.04681353596220225
0.8452587694581051,0.4396057446245363,0.7688236019236474,0.8420967072630317,0.2172047353475714,0.697354589702569,0.9664733684018586,149.33115277228436,5.49010499252688,1.686382119357964
0.992344995766852,0.5631744226873147,0.5764645618734138,0.6975059140358723,0.4294516245313656,0.7332252814204367,0.773348262692156,149.3111814044221,1.5666172345431377,0.6519521265466144
0.4821232126116428,0.885819068154172,0.6567975756484253,0.8544473754392126,0.5216494597149742,0.9355362851084924,0.9918605473277504,132.30096902791138,52.76689163570363,-9.573373986610237
0.7753820052744218,0.630525885702546,0.871382352999861,0.8439706358057462,0.3418607171746615,0.9596710218613308,0.7270498354809849,144.1557698548608,79.789881901753,-2.18410607585493
0.8677724063726416,0.449875468726459,0.6358945108826477,0.9026428989760414,0.8284326906623805,0.6875115583381334,0.99541400927083,139.04006920093272,-27.209504038910516,-2.771559560201943
0.8516727327839733,0.8615173746798463,0.8926597581239093,0.7728256832515042,0.920033034182226,0.5876088966207477,0.7855996797573617,132.64297180254962,-55.246992641471174,-0.995816684447698
0.9452693840593988,0.7984400128794061,0.7157208407998681,0.9538105006341432,0.0515198773073667,0.880827386061023,0.5304612895649208,145.39156586136392,60.48826646899887,1.558038813580461
0.95551746775616,0.9263902469378872,0.7445173720098035,0.7502045046144276,0.3140157468566832,0.9818024769488092,0.4403061341008975,142.7690073089258,73.93001357046947,-1.1271549451454974
0.77354067832464,0.4114106622044727,0.8846177883975359,0.7477854252901149,0.4790042714318121,0.7424827724139595,0.9935548712152484,147.40024497213247,15.270046546235813,-0.42498161006510277
0.9496947998246368,0.84669319119491,0.895249278699638,0.7880673848495684,0.2959108553216236,0.7075111887494935,0.6287036119541041,142.73685881626972,0.1686572347574263,2.9617239269181024
0.9552948454297522,0.584723128258279,0.5750926212707779,0.7263074639500855,0.2984033843331745,0.585303510342212,0.52933722509323,157.61798427461022,10.603528737818674,4.5955551715859855
0.4318734009142488,0.7013245386212883,0.6985429412266588,0.8279789467631657,0.6013504058595407,0.8588528669659861,0.7289679664718522,144.51006567433853,91.46052720197504,-6.674115312121364
0.5728642847064409,0.685225197158174,0.9312538460187796,0.7596460618548369,0.9128069936651728,0.5855573961516745,0.4790150460803885,148.0862984422152,38.70390240964494,-0.3912306733027755
0.7830763601560999,0.9417705657195944,0.9900139341134324,0.7558340214528124,0.9185643968579406,0.6056331858786724,0.6465990105743493,133.67572004911773,-30.477112894731683,-0.7415596275048327
0.6047167344134692,0.9339315369028722,0.9906942394863212,0.7414248627453328,0.5249051832102312,0.8764703886812162,0.3239649836876463,145.8222419509107,107.73011978684794,-1.718930344319701
0.5567734519475208,0.8498368102721301,0.7669835221951079,0.8025387136726754,0.8411014242872777,0.6570572623169513,0.9952095717356017,131.75605649339244,-23.62424170264784,-6.055610324909577
0.8155263879514656,0.8007058388912389,0.5280402229823167,0.6843979039651614,0.7062633251736007,0.7853980840885892,0.5225855919638364,145.70600174514973,39.65653241204446,-3.1444352940394147
0.6104866655768648,0.9662576991710085,0.5607625414042998,0.7002632473975363,0.7748022480744171,0.8008733197918829,0.707068579929523,136.94268365524258,30.392304346746965,-7.233637251993389
0.6392893203423152,0.8284253304415072,0.9951539697392678,0.9111386087948452,0.2296006187084481,0.9310211833244528,0.3488185236705884,147.92229917765263,128.4322031661006,-0.14059551175795673
0.784254208085045,0.8510991822593458,0.972911821113884,0.8086556333043654,0.0400500628020068,0.6441754885615033,0.33342855065351,154.5448169047783,57.29429465669528,6.243109874073581
0.4861452805023056,0.5409002391912561,0.6203684446920207,0.974166471708703,0.4965465367124868,0.7348167691457311,0.6071004922674414,151.8479922431034,89.86364296933863,-2.8953283800395417
0.7550488947078213,0.7713177377847146,0.7017949121705752,0.7159256368039544,0.6135207987170046,0.8880999503748668,0.8643085118363665,137.7930731100204,29.868058755836138,-5.451160856015944
0.8926315014374697,0.6679469232220817,0.5503625058260826,0.9425383072799842,0.1186898486902253,0.8698582792422513,0.6654790753688997,147.26517603895908,56.937064760390165,-0.386063863230518
0.756985553905014,0.8586051670239128,0.9161368651487154,0.898028566914076,0.905254752493824,0.7017274931982781,0.33036747823694,140.07594728873298,40.17711775640143,-0.47929465599340165
0.5714805806942096,0.6857215343421799,0.6603807442335514,0.9098070002049068,0.2233050749198289,0.9665812352440158,0.9810046455061184,140.3211292252552,75.3610005171694,-6.459502304222993
0.5761679206822842,0.8122788822882407,0.6729059995906814,0.7026528864813487,0.8217729904008463,0.6524511513081803,0.8086241341698774,140.02095150708246,2.478425320515592,-4.921601286215546
0.5648258505396062,0.3846905062270872,0.7824106623549976,0.7538342000028655,0.2027335413681881,0.964315839744782,0.7941151037795825,156.7355898472328,128.6522077078078,-2.991697721451777
0.812292549143977,0.8590981969521871,0.7295920385964287,0.7281605003555053,0.7530520366836156,0.6222031457601993,0.931469762648275,133.7490422379829,-54.62936839947219,-2.674367119021373
0.6679829085280707,0.9263853045143196,0.6658420879923277,0.8002375965492206,0.4366976436007386,0.7515613270861683,0.8593767053953874,136.65647706256993,6.512525390445238,-4.138147490055522
0.9169723665583224,0.6285211754239528,0.7638887139177635,0.806780695837318,0.1096482895736779,0.9666041987347036,0.8255676692889032,145.17273641521604,57.85527827783187,-0.892766388373792
0.904120841208699,0.8678779908415593,0.6877260841468549,0.8290336865610386,0.5951770190726402,0.9608337765631696,0.7414030689420583,133.1105380666192,31.161371289911866,-4.939999232750757
0.9556224462345178,0.3726792265797015,0.969597304863183,0.9040360680292984,0.8450357314894064,0.8690352088632987,0.9454562541743954,137.1053194792684,10.200986344823662,-1.9738861386048443
0.7907426443334166,0.803891285295676,0.96326357131258,0.8538234532152723,0.8565468730049559,0.9591391805285304,0.5581190048540748,134.48528908782555,65.88133474556409,-4.372948878798262
0.6193214048403592,0.9126663772059336,0.8247510333599158,0.8699784766900623,0.7733398152117931,0.9547158081158246,0.8121731412182138,128.94877658823398,49.28604799974132,-8.192726692177905
0.4944935403236488,0.6249439252874218,0.535913931740475,0.9366823840051296,0.0945420911997497,0.9588115613841016,0.9770097592493296,145.17312281536815,94.6594301797748,-6.710679147468936
0.7970763104636167,0.687174270661943,0.5428719696637557,0.8490280565817554,0.9154800738606534,0.6733245776756078,0.336008622910467,148.27682131721946,43.347518258721614,-1.3222372827620485
0.8900220908725296,0.948880622507542,0.8705549825312435,0.892476120683778,0.7239995586842275,0.8400932681211049,0.9504430049069548,123.1459543438027,-31.844740295760875,-4.6776111809001355
0.8400124395726257,0.962645321568774,0.8969610064643232,0.948819673696378,0.0033189432514259,0.6072145692317014,0.5261288359304377,144.5685335373559,6.718261748826735,5.232640802711468
0.5284382073788219,0.4142708351354965,0.5282561033962623,0.85993898343633,0.3747553611036783,0.6194136480374706,0.5584537567677293,162.51136132101485,83.34672649046558,0.22146710144690468
0.583161883588774,0.6962067822186335,0.5745705158943497,0.7495030790374535,0.9846819068355244,0.6782700349246047,0.9451943972337028,137.31413564147428,-7.535992305256991,-7.151702285568377
0.5777134487284137,0.888373980435023,0.6339102035283701,0.9459126630482736,0.812071747011104,0.7987535079826688,0.6604887393536459,134.4098251381172,42.559667133589336,-6.756372723393317
0.7805498817714406,0.9137955474461616,0.9052807597609528,0.9922206431767496,0.0484553568422387,0.945689630095575,0.858314052309538,133.4344573141384,43.472085260654104,-2.1374163184352275
0.4834291182573721,0.7308021943184523,0.7217374035725755,0.9296270540819777,0.9539246022368062,0.7589462467851105,0.7730100239514905,135.8887827603472,41.152200660115135,-7.269556838690511
0.7399514349702019,0.7913786208185385,0.7229700294367465,0.8543005317798404,0.769458442879896,0.861063732183631,0.4668506314939987,141.3565822728881,69.1273803433307,-3.760242129440515
0.5837278556983923,0.7631175491654165,0.9129793340764568,0.7056087281383697,0.9700393277928646,0.7480087637806005,0.8346615985416787,136.0465168224433,16.262515621080347,-5.563222940674937
0.7081071657875841,0.5412650707974928,0.5949882166001956,0.8330259995806345,0.6917158460473275,0.8798975674023649,0.8644402099695218,142.35281018507902,50.06932381668127,-5.8832927216957565
0.6762285113827609,0.3543567258323787,0.7636820781856815,0.9004053354928688,0.724125309077789,0.8744506951051454,0.4583700874602984,154.70171744654624,120.19183587352276,-1.935656872417605
0.885897361363444,0.4958677786415701,0.9803877591555268,0.6731985165929832,0.8251908730058625,0.6244601443519208,0.4832523769540151,152.78950037375247,23.054653833307565,3.47423302348005
0.4950425219278287,0.423979022636363,0.6847085066867227,0.7048048246004389,0.3365571136261748,0.7353755770454241,0.4618165702913273,166.34287210938834,127.0478335262047,0.11946298825611577
0.7456408612624675,0.5595148520578374,0.5238946702619262,0.8066952072282821,0.7557714230044741,0.6819653430392101,0.7367919408640273,146.77112480446303,17.16330907621943,-2.866810921866533
0.732510214332444,0.731701770304109,0.5996535681323059,0.849758217566639,0.2948247830642743,0.5931707461665886,0.4046922290717497,155.47077518930575,45.46364913442909,2.7577695481849203
0.993283328566796,0.9488992175177168,0.7568600143039614,0.912552493762621,0.7661174894043533,0.828216018370044,0.4152449829721812,134.04788963563192,19.666468661032766,-1.3305387952230578
0.463426661963329,0.5420105525897692,0.5299106583868839,0.7542806726789033,0.3387641492630108,0.580734024662527,0.7341718484856512,158.5863858558466,53.214594015115466,-1.1565262731716381
0.6667185359452641,0.8805374541948179,0.685666418307044,0.7549807990863793,0.3172321383069877,0.7630970629401442,0.8291096877525392,141.17459332124344,21.86925926302004,-3.0439914805652353
0.9641206897529508,0.4403064150030269,0.5962710890974608,0.9454931212559718,0.478995963975996,0.6362059575356911,0.530894314561062,153.78944324740587,22.52989987481981,3.5121968976859104
0.5274892745155334,0.7005605690407024,0.8127810801840971,0.9731232173223006,0.5212584081934721,0.9383525802995768,0.5747412179071762,143.36692842431293,115.67321066602602,-4.928911745528701
0.5180135995857376,0.5427609019362274,0.5826017084742291,0.8270441903733383,0.2494883785879483,0.5870279213715741,0.6189593594958549,159.89972133287512,64.13920989620024,0.7482496710943218
0.5253970294527337,0.9889680359412568,0.7967969014585445,0.9692955626348484,0.783056858628471,0.7557184657407067,0.9975479169175384,123.65305762343704,-11.185020881251942,-7.939895956874094
0.7713063994750583,0.6869970510949615,0.5497467986497224,0.7769429306515059,0.2753248801380445,0.5982210909749474,0.5751072691232049,154.64478414413298,24.36685222286605,2.0368315897254785
0.9603440851365492,0.8250497759301392,0.5256824861601321,0.76333051972655,0.1652662425589163,0.977693148632099,0.9087530363327272,138.34990332923104,25.278575580909017,-3.876204322347599
0.6878391277710885,0.4091089993115326,0.7327881254431047,0.8038103794626676,0.3617297060352344,0.6160892758284322,0.5297400448190093,161.8285370522034,65.63803002324785,3.21372194680208
0.4410081912730199,0.9356575921976252,0.9261899848095598,0.9697427902559226,0.9895157729851952,0.5861451816835633,0.3469320414542688,139.2540355251661,47.50083052544014,-2.495159580986631
0.6233992492073447,0.4871613690102113,0.7844842227810287,0.8386281697315447,0.5698254020814163,0.6277466630138958,0.4524368219781455,157.72555255695727,72.37783179343064,1.64396299329079
0.5737611168261012,0.6736220468063983,0.8662547780299923,0.8526765933106011,0.8243410227683906,0.8488322622271172,0.7199787809922562,139.43410351605453,64.54134559513372,-5.460304699548287
0.8161934195168192,0.98844586594892,0.7335770369504372,0.8126839813120654,0.545291827215331,0.9740165018976834,0.7843350343866317,130.0320935747098,32.192357681501406,-6.102658425608485
0.792590218332557,0.9284225796254156,0.6691660804527186,0.9840567037373472,0.785053340003817,0.5863966577191938,0.6136787415719396,133.86734140455442,-28.12935280539133,-1.4303915666517506
0.954604878799354,0.5803334600493945,0.7094512565133811,0.8479087337867436,0.8909422160301567,0.8946141935622993,0.801882409721847,135.95316806569411,16.060532709975146,-4.283056640235913
0.8624019675591539,0.6111916689975969,0.8087700824016144,0.7817418098083021,0.3979734580931106,0.9562051223069228,0.8942472583426276,140.99833413185445,45.59731591598854,-3.010535423782218
0.9256936000653404,0.5726150220206445,0.63708297879646,0.8627102981359674,0.0593178714073998,0.8235504119818042,0.3458854803392223,159.6852913284592,95.82332080155841,3.885523926100413
0.6646793655998438,0.6947285216800358,0.9805633161419204,0.726963524892434,0.6186736231676073,0.9818648934032244,0.5185972044382845,145.79310737944112,112.93805753748302,-3.412451707234257
0.8856629603121982,0.4327637002009764,0.8800798310317819,0.8232866461438082,0.6483001181808885,0.9545418310825958,0.4780118514645782,150.7538505323662,101.96614652615833,-0.5310704520127681
0.9476606112364332,0.9117671365655337,0.8050020280686911,0.7425328499376024,0.8193390431962058,0.9837143700815262,0.5381765241871296,133.64526619712876,45.525737761157515,-4.439623806293981
0.8534840383969919,0.7493078380907252,0.9470143355260624,0.8814216248454834,0.9466186889789776,0.9490033849279946,0.7782660774972874,128.8032665709502,27.292482209689854,-5.444086300686237
0.8072596297596095,0.6875402286063751,0.7907110117189864,0.8040619710781576,0.0990264586505554,0.6855717955599608,0.8398371451677993,147.61569065694826,8.508995011337552,2.0339635614049723
0.4755012481835073,0.6430165909385677,0.6358211001430736,0.8515277442233915,0.6659697382030396,0.667823670960727,0.4721279778606865,152.89948641705132,81.87913707822706,-2.54391478034837
0.7672448137598666,0.7351097284115198,0.613481793552131,0.853067038883897,0.1399902084660295,0.6992895538710886,0.8146947270173881,146.44525147617455,14.212802969298101,0.05604327931460468
0.7406745737527802,0.4225186880561882,0.5792878394186164,0.9243171128987052,0.8948949035107079,0.7652014265635987,0.5028653407488408,150.42927440458837,70.68078220255414,-2.605480591680828
0.9606431936302569,0.7086230676881007,0.5431167300511401,0.7673491041987196,0.9649839459340852,0.9630752324699444,0.6130553136686988,137.2051983985883,41.692595394386274,-6.076539110919387
0.8932006995316359,0.9790011108564358,0.5031065180327671,0.9544160494509344,0.4811929534927206,0.8590427755810385,0.9847094301789756,125.56161493479006,-26.984864879460364,-6.103390497209293
0.5944449400608416,0.6791478595484634,0.8885857252266124,0.7297719089613467,0.8109228273350243,0.861534364223583,0.6805880920674499,142.5217056915691,71.06151562649907,-4.9587497531742715
0.4807721353624219,0.9661805867288782,0.6545304082822667,0.7699742944906893,0.6382531774330885,0.8200308561647935,0.9263724531329314,132.94111815992267,27.661396087471285,-8.58687352921856
0.593822420582403,0.8388578730027125,0.6450995585074638,0.90446520990511,0.8155938932328919,0.9520940004367682,0.6588547160214753,134.73084086449336,76.87298736445936,-8.488779780970793
0.951215753103392,0.830415024339904,0.9725111612246372,0.7266466346501224,0.971709278146847,0.6995770003881805,0.7480484846669724,131.83246988347454,-39.748483524484975,-1.1537800431034555
0.5688958252659873,0.5750880949638486,0.6843335182897503,0.8702225068074539,0.6716886252105482,0.8386955318607842,0.6761155799956208,146.50238901866823,82.80858551911881,-4.847168451090241
0.9898170594384976,0.8833394130720778,0.6130432821579563,0.8636877397426193,0.7217801689403386,0.8506928896321986,0.8847287577767168,127.69180033339272,-28.586629440835257,-4.833611664563182
0.7944531706342286,0.6172971103994278,0.7004059208381459,0.8024812381393268,0.2421126238221476,0.925037167338954,0.446504582382118,154.531668259602,112.18131850805854,-0.18632883237520176
0.6539939631688116,0.593225012637105,0.7574285460250223,0.9223283597911712,0.3059122873198132,0.96100067718646,0.7219908604463638,146.17400960939315,101.2159146017185,-3.575080579997445
0.6561398118635344,0.9827334752939124,0.6902787952520479,0.7530104126712116,0.3121812940479745,0.7796941360689816,0.6468627981710983,142.22652357536302,42.08920683231717,-2.669434930845697
0.6305661629535755,0.9883539043939142,0.976061457671552,0.8098081458857497,0.0072666595109975,0.8223892474408774,0.7341984019317229,141.17447188119561,52.56535778262471,-0.46661738105680556
0.8203500961791601,0.7326574121871041,0.9824123090730712,0.6769587794712694,0.1766413479245252,0.9686880994048565,0.8530817158871321,142.91087136477427,58.27564742719105,-1.3785170499436585
0.8969715331138379,0.8905444207661994,0.9836597459811108,0.6858010039354447,0.0885751415549486,0.7133191343723292,0.9069172255204028,140.19201637442657,-22.6375595453873,2.3929632690856097
0.6065825363060845,0.6185918352200419,0.8986835839891256,0.6740742136656013,0.4665796282670449,0.8635274683567237,0.9101358978925131,145.03007195905246,58.17414336766505,-3.819252741647909
0.8105899380377173,0.4554764540659765,0.80011743607483,0.8455374798061426,0.2960413278133827,0.6758370686322727,0.40785656847725,160.80340088863198,74.63720370672966,4.740029694318611
0.7412895329311584,0.7323305639389537,0.5251179604582095,0.8983414616090761,0.9410202180446288,0.8022446315146128,0.8974729747134479,131.84511068845092,-1.0941532447028073,-7.557382135017218
0.7595314034700306,0.666923144083099,0.7866434047993209,0.7691390742913287,0.9534206045282226,0.7105892780386822,0.4038172456573494,146.99675489328814,48.5323930669502,-1.170262551860017
0.8951694211451164,0.6432446681604699,0.7793664690195903,0.8588297435383737,0.5276656984645106,0.7391434478516499,0.7450967083650044,142.32539785428744,7.224968658333654,0.10526515829577344
0.5687181808269768,0.7324350800452553,0.852763146188315,0.7322355209115502,0.5980704090809114,0.791094620354098,0.7485169852991123,143.6683702229833,54.390227927926034,-3.7685846686812545
0.9811663813114412,0.3599297154213304,0.9648126230576934,0.9003407276850616,0.8758439595520229,0.744503099292442,0.3847154075718297,151.14874044782482,54.27088016644997,3.2781480939338445
0.9742166150263232,0.9904715310577412,0.5077523538363468,0.9995516589633652,0.2023118118920147,0.7808529602537458,0.470778203072096,139.95459556095972,21.349733017781666,0.4798345288839778
0.567193094381198,0.6479650211508864,0.7219279496503473,0.90665088675134,0.6960032613145679,0.9010979128804426,0.7878273083366445,139.6525465620503,73.69809628187635,-6.700627586435065
0.5815778416252866,0.5510343087604568,0.5128606215074653,0.9936864330840433,0.2286954510206073,0.6144207641479081,0.4029515402431368,160.6691930757976,87.12765950708665,1.7828296680690596
0.6741421070756692,0.5409353719167709,0.9357529088316928,0.9764772099060872,0.0891988232379281,0.9407749844290284,0.4396452742913421,155.02724301469783,142.5768701161852,1.2355734532494638
0.8581831753631843,0.7215992623862493,0.7328641093270394,0.7213310743704209,0.6113802118029839,0.8227538731542378,0.799729410334872,140.18450917147115,14.660361311229812,-2.811932475630079
0.7230811275417508,0.394172958379393,0.7949984620528381,0.900244451543754,0.6376077924953759,0.8500635129561411,0.6170579834140894,150.72050419923852,87.57731062887669,-1.6178890783657025
0.6085131672871816,0.4027212588395569,0.9419698499570934,0.8907721684504781,0.4060573574985152,0.9892888992125056,0.784798629087311,148.78685295800662,118.0126335271048,-3.3221209949635435
0.6914389119092861,0.5286032944111487,0.7991028430970777,0.7677972559061284,0.8540826014561907,0.899936646814635,0.8248458481696256,141.42744254078409,57.516027648164005,-5.696461254108986
0.5821264784811322,0.3626206071502031,0.809293889571886,0.8964966390209121,0.1721201883808773,0.6980142023587201,0.3886788014749638,166.7990782089857,125.29076267007925,3.786527588698586
0.8186193899173175,0.4786302666536668,0.7092490743772096,0.9846974739695796,0.3473771864319397,0.9728192923285348,0.6190269428104244,148.46374515080686,101.71525018136,-1.7602391831604298
0.6756545384907235,0.8537928606240772,0.6966200060305254,0.8589627595629614,0.4487538479247914,0.8256108625075124,0.5858432420313708,142.48227079604456,61.48153198638059,-3.0398990592871598
0.9948787203461537,0.397710851547383,0.6943848403335195,0.9639334209988872,0.099771495519074,0.7316244445137453,0.8721936607626356,150.23914896974057,10.393403472689727,3.4339703675224382
0.5622428354582072,0.4813962663581517,0.8796199960131452,0.7966806042584914,0.116365520079034,0.6324751427559063,0.5517876608781933,163.00933175705381,86.2963090629555,3.837776447015794
0.9441696589703332,0.4555537269349763,0.7444739804754009,0.8644762746243592,0.0138435121348041,0.7743969890831401,0.7488020776355371,154.399099887413,41.883080725460026,3.7650026322958237
0.6392842275028124,0.7719559475685376,0.6608021353749016,0.9352632230947384,0.9868360690097032,0.7464985693044636,0.7610883874743377,133.20082874216445,13.722719679556626,-6.450900142391774
0.643340611303413,0.8020644757811088,0.7562924214742889,0.8143307527527366,0.8122809869606543,0.6805149626851587,0.3997716771031306,145.7893592979656,52.046009466038264,-1.6942809422231198
0.6667084106131463,0.6467552710766312,0.555673616056533,0.8692076077394565,0.6437335735667595,0.8770273941142137,0.6799604159606374,143.96436929951102,71.67252261720508,-5.531314362739863
0.7612296410507384,0.4908749527088549,0.8249357321442545,0.6868553714600674,0.6724568186794196,0.5776754299092307,0.8057422442507489,150.3040476352896,-5.463284493411843,1.0827397241468335
0.6355560828703488,0.6510982959466853,0.6103406948533244,0.7337302880138705,0.9642174220748564,0.982011223396902,0.8387489155734502,137.34196197242883,66.6574595252553,-9.80885936869629
0.5140453149282124,0.5604156154530513,0.6271735490256217,0.8982592646354007,0.0046213627788376,0.8988039681989195,0.7293194031548689,154.8341864586961,121.11308265084013,-2.7503974343824185
0.8402283776402095,0.9761144674207524,0.7127879557368901,0.7239230498222433,0.0640393359375022,0.9126431546235918,0.7835174915001408,139.81342150538288,36.01489211150082,-2.1189658063384886
0.4647627662660067,0.5994576433258456,0.6504810329299949,0.9992451898264906,0.942011754200194,0.6935786472605441,0.4756954714351561,146.71073046068722,79.9394436428843,-4.4927778456949055
0.7397201519666734,0.574066968691215,0.94471420947129,0.856628576934062,0.7129879619484906,0.5840574248794349,0.5459646646561075,148.8405846591595,21.857922666054616,2.406977760624033
0.7693284528462746,0.7392269213586113,0.7444560916885293,0.8096135019364403,0.2382605005908412,0.9969845710426564,0.5948407086428288,146.49271797486097,100.73032189223986,-2.5977983271763696
0.5768688903696102,0.5829078236692186,0.9045810383266492,0.8852414368979729,0.5584598763394684,0.6685307688187846,0.774104936477892,145.91122990594312,36.68570007483908,-0.9506372253568092
0.6047123137799686,0.4729382194259247,0.8871694893111204,0.8956527270169908,0.6193855409588062,0.9115817467701705,0.7646861071588194,145.27795317663734,91.35373611964901,-4.087258898147819
0.9985337117055731,0.8798352668675344,0.7935394668951004,0.6886292811775566,0.5969745272826821,0.8094837529344227,0.9669833429532,130.80041715718025,-42.13342222928443,-2.6833904463882585
0.7473199666842832,0.4784705694075945,0.5241865911205459,0.959366493516732,0.790564874522988,0.8536438180335483,0.907988322825822,139.44371935984006,33.66092993772198,-6.26040062427976
0.6415366961818822,0.4740287406865768,0.7436026528107327,0.693889976092774,0.7918268457940715,0.9746116034455214,0.929871417777108,143.16112618329356,74.13703779337918,-7.49943886012624
0.8371853046212512,0.4386692661750537,0.727104211376201,0.8213431075852489,0.2165581681527934,0.5912230131593864,0.9434799132734948,151.95241412421177,-11.893024405635215,3.02779883776027
0.4796009176929693,0.3970205972448727,0.5309816415382115,0.697950180104543,0.5096437991909195,0.7623378236348528,0.4738030590381581,165.35899796206078,129.4878792763428,-2.343961794725738
0.7939852631292171,0.5282450255914134,0.545397669630559,0.9079008424108862,0.8637469579534723,0.6108576968963685,0.6543505262064467,146.06360956593133,3.890382374252635,-1.3744156540575165
0.9640288290693372,0.8382240758276505,0.5085369771435915,0.9590615407292492,0.8354356511534284,0.993788872799514,0.8118702024878364,126.23228415881637,12.70000273388506,-7.829042880130272
0.8091744089292416,0.9197285265839754,0.6522621152470165,0.9124303403521744,0.0188537182609741,0.938932363799303,0.6622162107662302,141.21248261615955,65.66932852040053,-1.9686270182781942
0.4316215013072759,0.6536585130637185,0.8856199356010791,0.7165420843750102,0.8224347905095567,0.6636279080249594,0.6065286156196831,149.20277960174693,64.43982459002181,-3.055614880097515
0.5804254134490514,0.3527215600575666,0.8907688637632302,0.6991688627785643,0.6166585332246302,0.7112295622726483,0.4086823728016245,163.9683106945807,112.85171977733528,1.4262479762187643
0.7121631521028888,0.4196462548088954,0.5122902450573237,0.6707201203989102,0.5226182152824489,0.6337895149487034,0.8577428648105346,155.53407857422675,18.28382747089839,-1.142642554493604
0.5841164893915656,0.5568053155127382,0.5088508054916752,0.6859265078136103,0.5636388468177069,0.9672930897660896,0.778237949989468,149.6632692230306,102.06332946128047,-7.408490823029275
0.6621595481256803,0.4508596647144648,0.6046956379272417,0.8226051203630715,0.4981747777805638,0.8995799003752661,0.968390193453234,145.89819718081245,61.823222780417694,-5.534831127014852
0.7768601080258104,0.4659538880401269,0.5299048330189532,0.7322812029830669,0.2438057023026504,0.7814666522520886,0.8868660278658982,153.54315179044687,41.34161841927734,-1.3105984981873704
0.4845161052031512,0.7159720616331009,0.8801210309257272,0.7915899152759099,0.7472220145289336,0.6117539256831196,0.4412709499610033,150.60960735558112,64.38897088674344,-0.7633640788445061
0.7903365909211801,0.9562989291619386,0.6426153108973129,0.8079365191662816,0.1825229014233875,0.5975357951201122,0.79243720741764,141.41517709595547,-27.003005129163633,0.7674348189656026
0.7983133746021336,0.8236260718388322,0.6163507488401369,0.9105589985340168,0.7730193436564281,0.6319644063336641,0.5286710265229485,140.47101936426333,2.0418561910384074,-1.2409747708985506
0.9927621020877264,0.9268991616387534,0.5462012074517026,0.8626597775904135,0.2570619332064872,0.8071986944478977,0.7536555263737991,136.8929263556543,-7.577237861331495,-1.1837052326559525
0.9689702185370614,0.5488183505268728,0.8921771125585877,0.8359375454092379,0.5805289203870122,0.8112010229902312,0.4901143072846136,148.4072644885718,51.51557873627485,2.09376393912217
0.7757338283387777,0.8185073422071517,0.838021477284778,0.7044213589462667,0.1839687277942775,0.7156684946866932,0.4532648133888147,153.08956217187955,56.68193201911747,2.923733128888044
0.8080704949863652,0.902520250159996,0.8025043133681616,0.8826436699246771,0.4588794218647181,0.7581860587321181,0.5511281812277902,139.89286537665802,28.674759069727433,-0.37608794532177464
0.7272660207512358,0.9227055654007112,0.5579565156414009,0.9355881917046628,0.9449556291688374,0.6830149631883485,0.5438188435054427,134.62977514470623,5.5317996066276685,-4.544233119997631
0.6291691701674511,0.8353508211822224,0.9617879622055464,0.9704971038788038,0.7623808693586079,0.7904686549851503,0.6695022308019603,133.52373230928382,38.123617766171094,-3.690401729471246
0.8734147305141279,0.8030136594573212,0.7537392723728082,0.6967788434940114,0.7686782913139102,0.8842766428735964,0.391577893960197,144.28233246468545,66.27955601415525,-2.2536515958448895
0.4402047279174668,0.6609762198493946,0.6663999394898377,0.6929508888310192,0.6366892207828492,0.715575366977458,0.9418547174477,145.14039472248388,36.82129865319085,-6.014360462064711
0.9231732258805646,0.4968472821396553,0.6329290255506657,0.7438887917546247,0.3604477705737539,0.7709078446417628,0.6607738231070245,153.7909557280013,41.20610456885507,1.2553752849035624
0.988632171905402,0.5387889502599408,0.6375522545909962,0.9445395551098784,0.2102824802127061,0.847965708118841,0.4884658090581641,152.57620196978203,69.7708550766163,2.405232840398638
0.5372358397045943,0.7955071345924059,0.7720598275215049,0.9496429170364732,0.0045683154259884,0.7153805266653981,0.390690886189144,155.35477234363822,103.32464025638878,1.9075408217535836
0.5913891568672033,0.6273322326043944,0.733896842197448,0.9857249456564996,0.6147848000379021,0.6256690627188934,0.750757654236299,143.5162168830842,21.881993870822008,-1.7344256461890073
0.7612931552111837,0.9504144829937232,0.7586315129280311,0.6900160433478959,0.2905789549403945,0.6850304646103428,0.7425383760272151,142.305961926636,-0.3388800084584705,-0.2650130675500374
0.8970796071412209,0.707693764530408,0.8199520725634296,0.7661194723605114,0.6984558370086283,0.930724133407185,0.7033238570791227,138.35258605028716,41.50339792784073,-3.3761596743023974
0.4956089292364398,0.9650710748462864,0.9158575534668828,0.960071684994225,0.1956918228917446,0.9868464340528836,0.7293627899844853,135.86963387280872,99.20694761122678,-5.4291987079916835
0.7878571034523214,0.4557602163447725,0.9769063763309116,0.6781353101279065,0.9277868176068926,0.9499336524776594,0.3429303037722689,152.80371437934818,121.98993199310604,-1.6020745368666216
0.8932333935543586,0.6989164422578923,0.5744030238724545,0.8937953669479022,0.9202906818800288,0.7720001938961715,0.4870878032922018,141.05199959298125,28.7883199136195,-2.7337149200746733
0.4438142229443908,0.871150206381776,0.8677021893985251,0.9678411550735532,0.4093742349242957,0.6313755791024651,0.5389776007575506,144.92647255826788,58.03464730455687,-0.8277030440693444
0.5959398753157343,0.5040866500997659,0.5812503896801365,0.9742968977822422,0.2679720966728497,0.8807574528430527,0.9849915151802356,144.9503686476752,66.81649384890329,-5.016235964097319
0.5822356103652,0.7516175825726001,0.864667391585429,0.7877459403136841,0.9480692520918,0.6445091773287789,0.6662338318728227,140.30417177857944,17.850715240944297,-3.237653265933633
0.9633048302132192,0.7764091254706988,0.5193400212569373,0.8013356139547559,0.0928433409442578,0.6410382227627188,0.3832017573238199,156.02176524621726,30.298315654566505,4.741188700845986
0.5275900176864217,0.7983359112006857,0.5936274731548867,0.9713894995972367,0.875759342330773,0.961891445917742,0.7568457781564615,132.31351047284863,75.7487663592618,-10.329894983964328
0.6770766183249246,0.8412188910255444,0.6191860983876858,0.9352807800918402,0.7319997989682305,0.8496897703061528,0.730897193650943,134.04160787315894,37.14279030883814,-6.438590826385882
0.842080599065534,0.4440457163469782,0.7129836145603763,0.6934773913570245,0.8213019420946517,0.8365996684889374,0.3261062556985742,157.12794056169182,98.18846706202959,-0.36507738331171324
0.9177477075850294,0.6771969265272755,0.8173185253140189,0.6784482178487087,0.9326088302018216,0.6087940556004471,0.3713163890620702,149.05226570249323,10.75386150310831,2.1544784447752288
0.4998492358342612,0.5765599482225204,0.8654100609147948,0.8883411036720885,0.1322698674978706,0.7271789644199326,0.4997044739758336,158.70496654252895,111.47126456778167,1.5987194298565728
0.7424825087653355,0.6816127115147701,0.987057562134785,0.947294543605458,0.920417385239877,0.9342609119907626,0.626423402395619,134.35330031586474,65.37523787714949,-4.5815290269460105
0.722639366222013,0.4619677184488914,0.8875933234926627,0.9955839266643854,0.1874278280578974,0.9088717444834742,0.870678771688656,145.95723912405583,75.82127652131719,-1.0640596041812271
0.9818895025167342,0.9909962438177616,0.7347507441199422,0.9923303932261792,0.3884105713249756,0.995137410621125,0.3638666149415338,135.84645538368392,71.58838778322401,-1.5714890725778436
0.8425998392881697,0.5602964827520832,0.6950411690696942,0.7114265305251538,0.8181578041773332,0.9147989245182524,0.8192638238782689,141.19984181118315,39.742226239928094,-5.115297687929341
0.8096214131298338,0.6712338068044059,0.5726056432526426,0.728331251518983,0.4196359921736006,0.6899430405865403,0.9588732766973465,143.74771473421933,-15.486064765824839,-1.911666462970438
0.8060278806780762,0.957335766865398,0.8147558177949514,0.8675303620817263,0.9915309412904204,0.7482529378326184,0.9904041650396076,121.03953807455737,-54.41607430978041,-6.330910914636809
0.8960497853658727,0.51350650573997,0.6939264214291153,0.9526229945864524,0.0224901305521125,0.9135710337700784,0.9657097974504684,144.81941763612295,42.6100463604626,-0.6311847691622401
0.9292036247416696,0.7158654071592983,0.684299419447772,0.7986243316882417,0.6460900900300434,0.7042575511499294,0.4765069271372052,146.50640206024806,20.811642883192583,0.923812236167419
0.7351584697871837,0.8689900592965694,0.9521541581810936,0.8729753983831575,0.7936098440268963,0.8057504925366645,0.7599152237279845,130.88137350905083,11.996125459667828,-3.896817714988233
0.4612667014215569,0.7412031999749853,0.6919367096541416,0.8686600134321808,0.456217594324729,0.6350707147469141,0.3595801344142273,155.29492448007755,90.75670923730844,-0.3551424921827
