PS:PAN ratio,Feed rate(mL/h),Distance(cm),Mass fraction of solute,Mass fraction of SiO2 in solute ,Applied voltage(kV),Inner diameter(mm),wca,q,sigma
0.8037097091280182,0.607620135732716,0.956897301638442,0.8377804395605992,0.3529065060640501,0.6345430585456988,0.3224848905731007,155.69138025766787,88.73156881045934,1.2666909001520417
0.4627533710300439,0.6712619746306818,0.9577198924847148,0.8115949541667027,0.8331085454551537,0.585907737268027,0.878606594410472,130.28912577267562,3.8211038553103878,-3.266494255512942
0.4494486200859171,0.7630536232137044,0.5289918792825042,0.7080513541496284,0.9637662614066568,0.7576482892653404,0.4765086911020576,130.125316552176,42.301867658438454,-5.087937956301072
0.9084373574148504,0.5005125645567059,0.8539073096271016,0.7605228532421795,0.0307682350027016,0.707084727435721,0.3920680139924818,161.5822720580199,97.37914319444681,3.16821219736324
0.7672026416436252,0.5706887548296258,0.6829767931094317,0.7857991451022248,0.2095345556022672,0.5771255392177832,0.9595421956112478,147.63069704837457,-20.777337267974982,0.45501559485743354
0.5641285091877682,0.7122264294795725,0.8212961624758515,0.7876985787751791,0.0394956816248187,0.7781068119944571,0.3647835430391873,150.2921583671485,121.23492773595892,0.38415393341773535
0.8594557034555635,0.829328178049738,0.9563444082607996,0.7353863991427678,0.9242106808338518,0.97053594002328,0.5508168879133055,133.71551312175518,83.58618956022269,-2.8966597580854563
0.5859729309800092,0.539091693316077,0.7586450339919844,0.8959911310251465,0.8283425734023431,0.7725543424251432,0.5398221475112043,138.83281627082977,71.73365500703603,-3.1153691180655083
0.6735399118679118,0.6326897981140557,0.942586676205574,0.6894110490074485,0.6326413473817543,0.693580552572187,0.498909818183901,142.14646393702898,69.09023439968007,-0.6914502416528548
0.6909391943292889,0.5166075643522531,0.8555410737789187,0.7126988595876359,0.8819208340498927,0.8981116911650959,0.4082511753500739,138.48330127210744,112.08584895910906,-2.1269126771192153
0.97348937772682,0.5604392044507092,0.8469496923410613,0.969016322800948,0.3788397945722972,0.7243897989114941,0.6720819204553745,153.86182663348222,44.87468840561071,0.5676544272384102
0.9379590851501802,0.5915895724340912,0.8236366384768936,0.7699685323962772,0.7462513171354922,0.7185564527677746,0.7430420668925974,143.37568132937292,14.033994587467502,-0.8531193251118127
0.5943442861393755,0.6554768415522914,0.9501613249201794,0.894519528408407,0.4826144000934558,0.7548558029281733,0.92996047130041,136.25329769398783,38.98464827934779,-1.961218020894347
0.5942889689260484,0.3874855258113973,0.5068878857782807,0.9392386632914764,0.4275643318952536,0.9815620229744184,0.9800832365788252,137.24848076552541,61.21202803302489,-2.9660633347470076
0.674672652086788,0.5862244060006452,0.7334257588545072,0.900819547062093,0.48120214118596,0.6621274195735084,0.3887613505717469,150.45746593845317,72.16774393245318,-0.8521626536602518
0.4405107820385933,0.8519357452278871,0.8331899129025842,0.7536667797615255,0.5536274013589351,0.6453874496008175,0.5205374345671211,136.51589488777574,52.0331658182095,-2.6263740582694965
0.6113162076773023,0.5557053238876352,0.5918848733370277,0.8748489867419647,0.2044972309070337,0.9716948650755314,0.4937095269531012,146.6084315103395,126.1278408372022,-1.3036062610187875
0.9714943922193008,0.8911303808129165,0.5339306082858613,0.8560128333996927,0.0941926793894303,0.6628471868535437,0.6990476664797713,153.80463808239557,-10.6586670974321,0.21542562166883855
0.9078726840766258,0.5644076130444915,0.9011753512982889,0.9758401104841016,0.2151119581486401,0.5788819280790526,0.6998494472489551,157.01823718675493,27.062300598301036,1.5269130876459671
0.7380587224744004,0.8179888813250578,0.946154639731396,0.6783905168381206,0.8619377723229964,0.8199193039055104,0.6264712642660613,132.83458602822404,52.259164044029724,-2.6277213705637785
0.7102455617289638,0.885865622906548,0.6016308644477582,0.805821049842856,0.7247350037509831,0.7297458823451728,0.8469454430689549,133.3345955612501,-19.680997677430526,-3.83971920150599
0.9677810915987066,0.8513491109141154,0.8981024839051102,0.9766692664898652,0.4691317914830039,0.8278000152127145,0.5491362099929367,148.59261583482368,64.01444349663963,-0.9393598997280946
0.7705818930332806,0.969912931677888,0.9173246733664616,0.8200691226729311,0.5706391444503846,0.9917772841281614,0.4106884859846766,138.5425982809138,115.35005756496548,-2.5068849547840535
0.9665155060921627,0.8109465473062123,0.7336507952960449,0.9916720644111496,0.418789267199289,0.6183669943420829,0.8290152831495958,149.25966456613273,-24.606307291857068,-0.8472752374024528
0.9973397865406736,0.9188364580882394,0.7775182728009327,0.9000375626721251,0.1821688000698924,0.826017102239233,0.6744757479288656,150.20559944863444,40.54095466923981,-0.07723528070235676
0.4571443868384869,0.4869210927828487,0.5403172502439003,0.7703612011136556,0.2056971715001249,0.7938058047045907,0.6591938649938609,143.2134736395242,76.37618118042694,-1.2746296058550393
0.5046556086386408,0.9897746565720744,0.6306386556176296,0.9918609600872969,0.6199821914504006,0.7244588289850031,0.5147477006522001,136.77789543288978,39.7000127421803,-4.700589238233409
0.8647262082714154,0.9179116811441532,0.9860124185277184,0.8511314449235114,0.3515353670342822,0.6047306583301343,0.8090702145908544,145.11402396982044,-3.2721122378721,-0.17339334936648693
0.5089009318329744,0.4492241369242095,0.6554559458253008,0.6746040632962234,0.9004701156033112,0.7675430235426696,0.8575636297993143,129.4509196214098,24.025907195297954,-3.5287846156317553
0.6297607926211215,0.6749374925060856,0.5771489813449782,0.9655331870686156,0.65685721671135,0.6094666720788688,0.4189672446357564,146.8023019546257,35.06578472163136,-2.686317496971885
0.6063270231947204,0.7743592318574058,0.5886928407410219,0.789285046358956,0.7505971933582204,0.601125546157016,0.3191494837417987,143.25632019203667,35.38802653504084,-2.802534616255893
0.7469769340897957,0.8005499533363024,0.5371067868621323,0.8930538496712076,0.9289684101344868,0.7138163276332059,0.4729904394315073,139.8531079335528,17.333175318280933,-4.096470517838814
0.4665883142292489,0.4009442749247411,0.8517777749388723,0.8605963321479035,0.1496738371958775,0.9113688979500568,0.933047641257585,139.18309390319538,100.18676607677502,-0.8531243602247156
0.6909050116921869,0.7167771890533199,0.5322496014650341,0.903772792837318,0.0862311575236304,0.9241234789967384,0.3584349006046087,151.72951193898854,118.47945396765338,-0.9044900645041828
0.7494262723055601,0.6227240896730128,0.7652828217166123,0.92243826442577,0.6366676091697115,0.6853365632977625,0.6006211063878482,145.28301909909445,38.50609024592424,-1.6912369454090161
0.5049973484397396,0.3926663327187604,0.7836040428992734,0.995416917900084,0.856970076354909,0.9798345730591772,0.9083075295506806,129.61178821630247,83.31707091037943,-4.5532735832898
0.629526716339085,0.6263388348911731,0.8140158641043176,0.9053119032450166,0.8175524168028295,0.7023726919009671,0.3471602227966958,143.36402649287126,79.52578911114303,-2.5345797541212587
0.7209266862284035,0.8565012604660411,0.886139995148935,0.9911025304348828,0.6728903623776188,0.9104038041217116,0.8777052327757788,132.6846657121929,44.38359885017526,-3.849076119650643
0.6085378690073294,0.8864784438309962,0.6090387687944627,0.6791632847194472,0.225828682729316,0.8832334903053292,0.8009059242839297,135.7182249576912,42.833174220988376,-2.1302841048004835
0.672339986320303,0.982421073104962,0.6627873085797612,0.9312296589490904,0.5842102202880335,0.8396797763085646,0.6861361255300411,135.5582558218896,33.21677644390952,-4.081332450896088
0.6705048149376898,0.5556770969031181,0.8370516668840559,0.9745633395286462,0.7592393344319484,0.7636666381049655,0.491490759249514,143.38014049314606,80.65120970007835,-2.398022457080291
0.4905098334868628,0.3846032897619156,0.7939295002332132,0.7947948354753813,0.0294125269219643,0.8111453364086498,0.8174768492702902,145.00810761500745,93.18803278931463,0.3850946603451036
0.767680775856164,0.7877213565547901,0.6549625006266803,0.8278952522145004,0.6930956923189544,0.6426181608033473,0.8352180819629715,138.38150313896827,-26.820284440849633,-2.692659221673153
0.4797195750964326,0.7447556166255898,0.5580225173218579,0.6820971251833322,0.3682199260070708,0.6177420436235026,0.7951836272807549,137.3134750962552,-2.7353547442228288,-2.132348501090694
0.7634914256870562,0.4553410879094912,0.9853299328493744,0.7431184847959176,0.3060290422328371,0.6994766735890514,0.6732222366210634,149.31552523746402,71.18060091525469,1.4792146239308168
0.484658991681447,0.7735663566436117,0.576666777428308,0.7503113542917184,0.8126385352740401,0.9298484847732758,0.5093085564557976,130.02069667455663,81.07314173792341,-4.898842193266992
0.7402974375174025,0.7095539263833845,0.6012514297849025,0.9265128657231672,0.2771417199495815,0.9542558608662468,0.4081414714659152,148.617141235576,113.94442914676826,-1.531294486083029
0.9149124156914936,0.6420004345465035,0.794015332364477,0.9264953432352172,0.0516367585947731,0.7324267217479528,0.4222767569060698,160.47161279464663,85.7358607076205,1.768017790632867
0.6000387528574547,0.5589802580299877,0.700806944892295,0.6930225426078728,0.2743500274298456,0.9167556974382202,0.9304656314790776,136.38498657986395,61.18660908628324,-1.273252502476082
0.4845880244150962,0.7538304956648104,0.8266767955363115,0.9684795384957928,0.376152245322816,0.7957337375610858,0.3976919874352424,143.62575787317002,113.05399801020879,-2.2779501196835894
0.6177912234121203,0.5744743234848124,0.9766310280985931,0.989507717079398,0.5674383386573358,0.6389113782881886,0.5365065522925063,146.35766411018318,71.6170125741987,-1.1822705298761866
0.6760731899514021,0.4249861680762908,0.5518157457206483,0.9763498637786256,0.2179795491896478,0.6984097498845987,0.5884634793890422,154.0425977234248,60.297657755761044,-0.28275432324764166
0.781222796952485,0.877731761534292,0.785622330736697,0.8762249495661549,0.55099010678577,0.7631719975275224,0.3971761986416574,145.4839640919423,66.46076892520733,-1.8342001648407646
0.5231294081798559,0.4033608699792702,0.8507657279930911,0.9603366638380746,0.42311973629572,0.6543493748298084,0.4024814026022488,150.80089781235014,104.47065470092812,-0.4836586848173709
0.4404455847515725,0.9289276954926584,0.8415435030446452,0.8540873816416001,0.1902567475241296,0.8385904615824669,0.889585372917916,132.69595044707356,54.97177963242007,-2.786373582208384
0.9106055700319274,0.5276713073482268,0.6644201055425527,0.9190909705815312,0.7976733270577367,0.98191217876744,0.9014248861747762,137.40117796523418,39.77971621925158,-2.990430763640845
0.6932128555437098,0.831249755879892,0.5344392127388867,0.701238658512052,0.4664942280611301,0.8020937547933398,0.8761815374643631,135.02923032177625,-1.2773898947830316,-2.7274161864494904
0.7596316138746614,0.7611726188103372,0.5847499419915226,0.9918039257189696,0.7930072726050115,0.8124096201037543,0.7198066918862638,137.91865629477198,18.148979274428658,-4.162941141234396
0.887210693845767,0.3991757582415571,0.8562431167516542,0.7552992737566486,0.7845399610082264,0.6562881337190164,0.5256913571351359,148.84153048383482,47.10837132613771,0.1134142342550264
0.8658738159647952,0.6100643919398538,0.8320366696215549,0.9459513378576404,0.9422318722768984,0.9345006028376815,0.7477932858956506,136.40290398440115,56.89131284343767,-3.3508240047825537
0.921168218140969,0.7550274631076722,0.9044472654476255,0.7044560456732829,0.9159542633889932,0.6791597626382034,0.9287090888954564,134.6357696808791,-29.3354489477339,-1.9876930641308117
0.6186153944851742,0.8842696778203547,0.5873740394149659,0.9000456010773664,0.9053145236740564,0.8625428708878093,0.8616011247799169,126.85152322295937,4.724310026267657,-5.842501654308461
0.5468092379460723,0.4869435656439692,0.7902780173364933,0.6790723715971669,0.5091421710646112,0.6182508098788755,0.4490540442831806,145.58427284643693,70.00067101532584,-0.29709180723879813
0.4453438551600351,0.9354449859240944,0.8839844142102076,0.8241568396001793,0.6218425483351029,0.9413495276330436,0.4942898096918648,130.33201942903074,112.80745108536455,-4.1973003320914
0.6601370401016415,0.5897884347062515,0.8032409260540779,0.6918061538606914,0.4265207085382992,0.754996100856004,0.4422285422184603,145.92751181888298,89.17787081861455,-0.21321521813045227
0.778051233145005,0.8389171429329079,0.8477390787646326,0.8145760136889825,0.061333903542697,0.6257599881578803,0.5145345423378876,153.44032350491307,49.90606639581073,1.0801063996783085
0.7556462081490611,0.4277997072551286,0.5121008147968613,0.7341441984217252,0.4043918259875913,0.7070139213642848,0.3475774754405881,154.14477717338562,72.93814219449496,0.24678598319939268
0.9306272994785088,0.6107918402935095,0.5891475742192392,0.7112606126398736,0.7473916729443557,0.943308902607124,0.5803138894584732,141.53452221556842,59.08258714537726,-1.9294279963960743
0.902030734799697,0.8952150945663557,0.9187215701237488,0.7914933754351597,0.4452144320483545,0.9405496476074326,0.7835809990845344,138.7410355548993,56.858588525119565,-1.3765814110994998
0.7164350589417358,0.6913054920336734,0.9119950961624318,0.93382167548164,0.2277455635908446,0.9162364342438258,0.3199392277520315,150.83212541700297,149.55639226354583,-0.2317746442907342
0.5069698890027585,0.8426154751890476,0.7742364674662788,0.8706435243407551,0.9249013046324346,0.8866940538804337,0.7697695116844754,125.05019377269603,46.62833348667689,-5.605846312756803
0.7186994087249564,0.3737631149078424,0.6370990998547281,0.9375424542919067,0.1038166339831402,0.6831854597390501,0.695308864797853,155.3953124190998,55.02825577422264,0.8590053610693541
0.9534146526301266,0.4395882818531998,0.9582795759118948,0.8967380175251003,0.8920525553646373,0.72982430327201,0.5831058089533583,147.18960769341348,54.533176362003125,-0.6730544566619189
0.9317700840467992,0.4372767205498975,0.8218944389666297,0.7121655254183586,0.2973269129961091,0.9541645066481276,0.6555737621037666,149.30380310975852,101.23559265448955,1.2022674697442517
0.8159110005873211,0.8235036913562244,0.6511232831322957,0.9812925273291432,0.3642241093688438,0.9390620363167616,0.4946070468913716,146.68386046374167,88.69095843718307,-2.0873228431415276
0.8074113223015087,0.9060335427237324,0.914679224624332,0.8828042213347567,0.0292376926875294,0.7420539869663075,0.4518547695144705,153.3921430029778,83.78334093417693,0.8114008861283922
0.9027332373114354,0.7714431667264974,0.647820313822524,0.931013960087708,0.0663776321074713,0.8464099299960584,0.7732595280550933,150.4556401037895,41.77859700462263,-0.15963406417368614
0.8231740751479844,0.5254370361808202,0.5620477510016582,0.858223264745188,0.9163493657642896,0.726108608501165,0.8237459284115307,138.8590149795171,-10.987099744959565,-3.0723969469952626
0.7879616693258544,0.6281795495385657,0.8266661062055647,0.7220281456554928,0.1313129243165831,0.5838133487064436,0.7081752656154146,151.81436614700579,22.901441924184162,1.659939931356481
0.6633332967465422,0.5016229496170642,0.8230084231733021,0.9415962982110814,0.3252449980967861,0.9584904196060549,0.6135013133056133,145.0895479159509,124.13371790921684,-1.0781057925108786
0.6620699155018902,0.8634862043072932,0.8769617609858,0.7882118200135085,0.7131657181962007,0.6131389266140534,0.6773347423136699,137.00792817010898,7.462644268951519,-2.4515008108152885
0.7107246142537209,0.6630296932149582,0.9005027276885322,0.9014518464980577,0.3385278774245275,0.8124011418876809,0.4528850515788115,148.49382786153538,107.07797928000763,-0.43983222292459084
0.932259836017719,0.976612712326542,0.7965055981798974,0.8091247793690153,0.3692627597142129,0.7854027195583242,0.971219262512867,139.4622312748823,-14.00458347461283,-1.3907607086269553
0.7976739133876676,0.6216670415865966,0.5628771865920323,0.8044666471800002,0.363563255231935,0.6221907530507405,0.405818411783445,154.30476425350827,39.6458780656266,0.02495485321951019
0.9007345450589972,0.6124178791521498,0.9631067647166992,0.8368300415339975,0.626312690507229,0.5991574339369199,0.7205005463519484,147.17129102773362,11.862032690900527,0.03318978037228856
0.7198784472073367,0.961763074217072,0.6955303534560926,0.677673209888433,0.5664564382795426,0.5965986419279116,0.966767920563668,133.74181501028838,-56.090557516580674,-2.454962450936068
0.7388079429078045,0.82348962664223,0.9829509930891456,0.9329188519568792,0.7234867002551431,0.751284165269446,0.6145891886257229,139.22463500635374,52.88131945823551,-2.4938956222726625
0.8297601538573075,0.5090802851379033,0.7040948564686061,0.7344181527176218,0.9152996920416132,0.743897835423567,0.5997611877931663,141.1423535657846,32.824983746747826,-1.8959952663132134
0.8273975469081873,0.7166890081771375,0.614989414256456,0.8986961542791916,0.6445691812291306,0.8147604073930783,0.8609869677332607,138.89255291550108,5.485773256919779,-2.873815870437504
0.5611971434828419,0.4741579119348125,0.5062373372863728,0.941533160615271,0.355223666055342,0.6521787619043049,0.4160504218659294,152.0086717410767,67.69762452826653,-1.2118438459189347
0.9575881340325656,0.5941175082662279,0.9816244504308644,0.8991465254638086,0.4176965846358806,0.7741220961823404,0.4500460828439603,154.33044257688604,91.81046449065978,0.9843998128044764
0.5641108332808191,0.5579997445978353,0.6484850039276364,0.900633358233742,0.5570537467947937,0.8728526898770532,0.8818352960179279,135.05626792747123,48.88500023008671,-3.2685527775047656
0.8070014899888075,0.414902974779501,0.988321025306338,0.9829772758262452,0.9235818966959052,0.7117803267117295,0.4028956408673024,148.01889103105273,88.7236265603352,-1.2590173991139522
0.6412537938405298,0.4681305737051259,0.5164600392126785,0.9394299896332328,0.4886285303954658,0.7281315439646245,0.7648234050398353,144.37928477354853,27.83091934675368,-2.139243668618545
0.595951392981838,0.7640837280232415,0.6624536779297604,0.7882543426383574,0.1216336768692436,0.9106592322233856,0.7558737719036024,140.21071582105455,74.16531349728487,-1.4957461693954446
0.9947311666791264,0.7722610456903756,0.8307588237529746,0.8266607694982626,0.5123747159637663,0.6540927007248422,0.9503850007205056,144.1694169670741,-31.01811953417655,-0.48477564069634244
0.818967586087973,0.751603524891792,0.7698337929046224,0.6712308243238587,0.092318501365047,0.8499401463995557,0.6433242478272112,147.42927653101972,71.14253805616917,0.7636386443164712
0.5969924205184627,0.4607014159977148,0.5797628066935876,0.6869071769386385,0.790503264394884,0.615994702631572,0.458063328241421,142.89292526100635,37.370311014727946,-1.8394748651993489
0.8456704876967562,0.8123312496113981,0.7124059412664636,0.8450415537389894,0.0978272546221288,0.6858634468933614,0.6906198863821885,151.25223786069319,23.697015620581713,0.38629301721600623
0.8599368739373487,0.4643407077790374,0.6910780669274584,0.9091944489454642,0.7255065469369931,0.9230321942572204,0.809382191345675,140.73786613962142,52.4936852033558,-2.2421320048629547
0.6415414781507661,0.4126513617266527,0.5250297580446345,0.87116710952061,0.0592547295688827,0.8578346914825026,0.7897518645476396,148.58191204733603,71.55506676957478,-0.2662903432404717
0.9610787666681788,0.8267185461174035,0.7565108244948852,0.8373807241829623,0.4938941917556034,0.6533902771968425,0.8128831927985005,145.5905533587935,-19.941274954494098,-0.7959909341149167
0.9814291466466964,0.8183843109130919,0.5181597539600632,0.9363105112911816,0.2048907337477259,0.7388346440130983,0.813163204308599,150.86851201394867,-10.391271766011986,-0.6753831963795344
0.5869424185454517,0.531488538281615,0.5624459823511473,0.7811858564868746,0.8443254235721989,0.9802527943002844,0.8365934388398568,128.9980004728171,55.72146060993992,-4.474991004616634
0.8476313692711172,0.7958898534152721,0.687669819097352,0.7413774751448594,0.8953338160030392,0.9571832411811544,0.7027841334558103,132.53791929794195,41.94673294121296,-3.6827499763491964
0.5513509518117553,0.5570567289035431,0.6134256308427055,0.6990534930162949,0.1127246301856813,0.8929356445001657,0.7785089813326409,141.17123943654448,78.78680394687999,-0.7473232111659481
0.5606064518417168,0.6635660918924813,0.9045577779229252,0.925254432066892,0.4977431344489318,0.9356422570784036,0.5590650577633549,138.76124086036637,122.33515415881648,-2.462829814846931
0.8711394639734493,0.4044526806417788,0.627585592503716,0.9774545291242108,0.5870093428719044,0.5969796697057563,0.4457264519054636,156.92490428705634,38.60113500330608,-0.15986567936722193
0.9678310045200867,0.7403668011276695,0.9854818661400429,0.7296828196770286,0.1576743673873872,0.8240112870743068,0.6557069340602759,150.4326758589658,72.25480897626689,1.7136402496519505
0.7161187495794898,0.5304477329468742,0.9262581871630676,0.8887389447626166,0.056649126683683,0.6236203686250769,0.5085282695281311,157.15282408047557,83.1997541355504,1.9441007239620094
0.6141779587923906,0.6606518919352913,0.6807087865293251,0.7423443244921086,0.3812805451058709,0.6245991637775337,0.8153864443990402,141.30385245495305,3.9545111793295855,-1.1450862210878845
0.5964027593347901,0.96242692475408,0.9837090267880308,0.7558595514761961,0.6403522768552254,0.7446036124354887,0.3843849139573604,137.5103198117503,82.10630859605355,-2.3690860828197664
0.6924862056418946,0.5755934713223103,0.8449482803232008,0.768647260327969,0.1055487819290094,0.7222879899284252,0.5199528362100685,152.06941775380534,89.13400112571186,1.2640046674183165
0.7969756804889649,0.9573780106406448,0.5087204152654752,0.8309080438688982,0.4413918088932466,0.6169368021577794,0.6590960784302632,144.57597696231494,-24.443631652227086,-2.1499143316381266
0.9531364526249896,0.9869901804352248,0.9050737880151544,0.700765318230648,0.0467732418328464,0.6245123625910004,0.469701260381393,155.05068276177482,37.66715261311776,2.017390988191898
0.8570614364748812,0.5835657709978297,0.9049506156433212,0.9459701602417866,0.5949994194305661,0.8736667868082258,0.9255710006313262,140.05082294861728,43.81385479410001,-1.6346506682346715
0.9310443691378016,0.9436950163010664,0.930183856949467,0.777358972210896,0.0993030006460156,0.9438676283587466,0.4190017667876428,150.36245973081955,115.17094483928848,0.7203861852946277
0.8634019119459465,0.6822110869385425,0.9607341234176296,0.9349870773497884,0.7541780090242513,0.7896719273449471,0.5333101714395296,144.28308975464745,69.52318069005577,-1.603036872688002
0.6793751427236006,0.7857342697050036,0.6270266264063132,0.9732920242217932,0.7072482082013454,0.6749339661059284,0.9373690643575864,135.52952247785836,-28.088965239571376,-3.9575030800883
0.9724463457207048,0.8155549133910677,0.5864901163344507,0.8648077035085227,0.3848072558537592,0.7958585038348686,0.6308566951112474,149.00401182457907,23.297992478731537,-0.9821021339757723
0.778342782358112,0.4062289402726511,0.6647212439686897,0.9209628355836276,0.4865389967778116,0.92844891032884,0.4214806317841419,150.29247687884657,121.52886591744014,-0.9043709001654796
0.6921559671884498,0.8473349941862093,0.7535692494936057,0.7186298159520415,0.7807289040721815,0.9697912247019804,0.4636043768345129,133.66492359472315,92.695238647178,-3.509434257152968
0.8184447169774478,0.5652923411752339,0.9244667327232994,0.8028767931179479,0.4548775353794232,0.6016627387013093,0.7916735275720814,147.12652443287217,14.532183465537509,0.453384218276877
0.8603846749045689,0.3814367217158603,0.5557804401070061,0.6971476920257401,0.3308077031560715,0.7425021375072357,0.6467553628376685,152.08328422787255,43.073895580293446,0.9022066297766842
0.7583512245693811,0.5852304542641317,0.9616126363958948,0.7391381030401436,0.5804723382396809,0.6221646161928065,0.5985569132643592,145.63601081001417,43.69264182109689,0.08340496135343113
0.7090471209773446,0.3864131937027653,0.5928172529057797,0.9242699407656748,0.2051884916236726,0.7542399523879468,0.9179680511356724,148.2134613038587,31.796181379841563,-0.3292569476483408
0.9502756793992796,0.660947591402428,0.8650195814814663,0.758847901659809,0.1446964199087441,0.7925261759777789,0.892819473038079,148.34426643192464,31.72335244474094,1.2814404242157562
0.722807646746016,0.5988095933347128,0.989915548140819,0.8584328107876711,0.56504492969359,0.9118940734399564,0.7015711042661381,139.31281788591997,95.82832519909812,-1.4483699529060832
0.7396961300274121,0.961059299374202,0.9387807588779464,0.9939318870684044,0.4430709181528764,0.6431590604744093,0.840962791236771,140.6667169067822,0.5036971589998098,-2.07443295410997
0.9630270524862534,0.8039445423366338,0.9834335869785998,0.9773767853783986,0.0347439237670669,0.7881522054559746,0.3304383495480075,160.4625195099704,113.2052753970073,1.8209829824445052
0.976758336055596,0.8973168211122342,0.7683075767584264,0.7765643893702555,0.2316204189262155,0.7744459524439752,0.6977683151194789,148.36441790442865,24.68876664138997,0.18161232096906285
0.8034347949252707,0.9816892481320248,0.7337511214118189,0.9698592404423008,0.5331479463800751,0.9104754000828684,0.6164208328180372,139.6411496136797,57.17749609201466,-3.282483256536267
0.6781531163726683,0.8742352354608444,0.9647740855614167,0.9257810814608846,0.8876720172440709,0.984895095313777,0.4764012813717782,132.71976480410552,110.9010113480186,-4.255637150185004
0.5193086031664778,0.9839249730762056,0.8907054637472558,0.7936739351677109,0.8431245814410357,0.691097527655575,0.4546250704078967,132.51139759147628,50.01808209331632,-4.018568509782563
0.493973277191614,0.3975300250766558,0.6505360666222804,0.9404544102508576,0.323538110531361,0.692893752075054,0.8005575356959367,144.43018832619836,48.5966066383148,-1.4025583977513143
0.6087729928732949,0.8602518512488172,0.6730180361791149,0.7872512858004003,0.2098786498162188,0.7027330414775266,0.6000104339496013,144.07485039530548,42.398148709471684,-1.2342123349902998
0.4438081608549004,0.4864103032580463,0.8945021261726299,0.8743950189668169,0.6251518275169876,0.7217577014498401,0.316799733769486,143.84013867638063,123.1571770466652,-1.7340043552212085
0.91343814551593,0.7206862556133566,0.8565218421638638,0.7023316838538872,0.9389978333762632,0.7199929058489738,0.4168740737124051,142.7096778547632,44.06199391531348,-1.4866007259927156
0.5635684237836298,0.7367794173500042,0.5214548383330845,0.8856016067443175,0.0568771298584457,0.6873589434761925,0.9192829763981964,143.35669623773512,3.340578991077802,-1.5042416636409506
0.5275518941122364,0.9145223948947996,0.9120602617547496,0.6880909404664733,0.2413319956847662,0.7030698371021123,0.8315494465534423,135.43907861384378,31.231157717708022,-1.30068253879314
0.713901798644344,0.5631633963314578,0.7615934098170741,0.8583236031418207,0.2572313699610137,0.899849198187484,0.4765225596683023,149.06094915517144,118.74136090453017,-0.28543636005394757
0.7963890369443107,0.6774424659030825,0.5602489672529527,0.9757561985587928,0.9477350991179274,0.7313569446353869,0.3476963787223078,145.09446465991002,45.11831318182437,-3.560204559331661
0.460828987896923,0.8295892610771365,0.6234405295263793,0.6795109831222891,0.7716106230363818,0.6343758590978693,0.7032339165423656,130.3543399213379,-2.4171964462073734,-4.018507249242243
0.5096045509339876,0.7824394596338293,0.6348829344402072,0.9073857082728596,0.783669877032184,0.6329779265668178,0.6485684150463356,135.42575944156764,9.11214097574828,-4.270065266208414
0.9760090324312416,0.5913301239691968,0.8233445944340745,0.8584764226081611,0.4702075635375258,0.6445221453471102,0.5614382608444208,154.12883813024075,33.18176685550852,0.7712651619934762
0.7800353610560788,0.5687295468831162,0.9691732733564258,0.820838908519507,0.5624706729085159,0.915618304099833,0.5013056011557786,144.0638909012433,118.83442009938096,-0.7098762373212085
0.96095986429669,0.6482739611743067,0.6867865687325296,0.8695205982623105,0.030387472777165,0.6517708755283703,0.3961578752230383,163.1971622559389,59.86986268893284,2.223790336309716
0.5563835012468865,0.7545186960475649,0.6461622344342355,0.9446220903123852,0.5041952969697616,0.8738825746003408,0.7580549833784017,135.662171384909,55.55634048059013,-3.7498827170915163
0.8866508837288141,0.5419956211598229,0.5497632808979529,0.8840175318898793,0.8896193938163937,0.7798033598231573,0.4395807063244532,146.49043414140067,45.767329885365115,-2.426355876570687
0.5202110160507779,0.6165831399509967,0.8349414204788468,0.8148922290016305,0.0245779515742,0.6183962712151369,0.8610893336562397,145.38796197449219,34.88238243161845,0.30886221180892304
0.7861096026648338,0.6113430117206563,0.7702019915969515,0.7354716151607855,0.0453392315537517,0.8346772008624452,0.4188278257042137,154.20995543340587,112.20693081005824,1.5157829705739911
0.8888740185202753,0.5916338006534498,0.5809744610280115,0.8059178218458611,0.3189947277656489,0.782798468798868,0.7202807834317293,149.25807649372257,30.375361535109725,-0.19078546851876774
0.5323679881524813,0.5438284592632006,0.5267623236688279,0.780638097713375,0.7312184088604377,0.8470643927867774,0.3531672025120453,140.1341743197492,96.49809665060477,-3.217192108338202
0.4893252065578659,0.8903086051305236,0.6058158166229137,0.7584954478178648,0.9420019478579124,0.7590607344073199,0.932176786163218,122.21010122426105,-20.06414568489341,-5.9033593855954765
0.8004486346888571,0.6256097881787623,0.8790035938226672,0.7166838342123278,0.5004964108832323,0.961579558360494,0.8434082498549684,137.04505497029672,70.84550914055946,-1.1476532894829061
0.706634121124514,0.6325904573691177,0.8511042362949927,0.9710307644555484,0.2468022035768345,0.9677789219778404,0.8369250380373054,141.82639556909837,91.18883356466974,-1.389531721485893
0.739691626098588,0.5463665300637237,0.812327304002137,0.8590662990418423,0.753706032790543,0.8878112080908682,0.7241277465775965,137.72826704876337,67.36749665989889,-2.4764510540276428
0.8270513194544644,0.9572965235449328,0.6517721733759532,0.7557301212328582,0.328505537630056,0.8242386321605001,0.4645977153647542,145.68246417105138,56.98109398694006,-1.2377759361473644
0.9128633287681472,0.8983413392553069,0.7481377890881615,0.7721322698301027,0.1964885498374071,0.7156433741195761,0.8839857258290631,145.27794085624618,-8.086483228807532,-0.10308974627353262
0.7951443880413624,0.4579863751309328,0.7917211963582355,0.8397688190897669,0.0293531842394243,0.909012264609733,0.5901592904068471,153.6474368581111,118.83131063353046,1.4210229849259142
0.903842215222734,0.9115886173824286,0.8050870046647385,0.7837277162588434,0.4142610793579528,0.6667618783759088,0.4215176081431012,150.22309964770795,38.85423803084713,-0.1636646720524994
0.9838165998231774,0.6428142970450377,0.7004940663704422,0.9248846274971294,0.2656650287346448,0.6581650735301962,0.6424394144033237,156.24071424309415,20.26188005155832,0.7883635662264181
0.9923357991589472,0.4647791522065587,0.5362733050043051,0.9194314366072108,0.0692678595826718,0.6929355061859155,0.3832043740314454,166.12062411982686,66.47341283755118,2.1648333601435645
0.658252166744364,0.9345174133418368,0.7727160462071105,0.7951369898213028,0.9489999673076556,0.6762357284909284,0.6157304263513297,132.35813738869555,5.506490541441716,-4.195346708285054
0.5736948036699694,0.8412129311961354,0.6310064749130507,0.7532341209247637,0.3200538221866721,0.7400819222586181,0.722003763266277,138.6922539182099,28.792118928994782,-2.1311782569334996
0.921633744888219,0.683144349716565,0.9779693533691828,0.9522858925555044,0.937970239660054,0.6229171080061305,0.9588637853595614,138.4020090118124,-30.011486160246516,-2.25446845106793
0.6233315740239608,0.7124330241614099,0.8919612806531599,0.9003296768911965,0.0879726403215207,0.7922234502266721,0.6560329502833087,146.7356073994794,88.0621719933925,-0.19181850584935678
0.8899639881533863,0.4235966186497898,0.5590215012430744,0.8768426590738849,0.4588229974490008,0.9225295512886724,0.3735264827706435,153.66771394086226,109.35422067289794,-0.3983370183058777
0.5512140147778154,0.4520605006956177,0.9493827254403626,0.7258287975346833,0.111994870607002,0.6709723482934953,0.420080010082431,152.38631446299587,117.2927806478078,1.7788474793016333
0.5362183100461783,0.5962295624655362,0.6048380374628453,0.6769933381825486,0.5184066189514516,0.7215462192648129,0.3176203911458514,144.4553776668284,85.34032166606063,-1.4461956233174917
0.6813187115441621,0.8330699986356013,0.7997600480054805,0.8773081844503015,0.4683092105137181,0.9863330004183056,0.5210175612395181,139.08274028789822,109.73336945771577,-2.6440519200790202
0.6577453813370062,0.846041960761029,0.8253803389558891,0.9499525870608734,0.4173385118495699,0.8134828345039762,0.6322964475226664,141.08936847189656,66.16078039752304,-2.3447908238775383
0.4839318537581684,0.6737345870141791,0.6740962179089597,0.8915320068717408,0.1911464465536841,0.7789207193326012,0.5495466329545842,144.78128242517036,87.93715648082522,-1.5494401937997853
0.9753111096630604,0.7987075118953906,0.5536518627023539,0.7767428789089172,0.7445524812261817,0.7484338992091482,0.810220377560485,140.30454667566144,-28.08692348187437,-2.422747378990238
0.6198618270391884,0.7253016882343216,0.7095751987075217,0.7976574716231566,0.8109753721310139,0.775308446439551,0.4088089381186685,138.5295437873727,69.58520142156765,-3.2011124752826237
0.5030679345587811,0.3930138335691461,0.5701474463626636,0.7452024275529574,0.9147844083259004,0.9616028781376196,0.6576303764675006,130.8298397548925,87.35924539396194,-4.2041023500305466
0.5765834159626624,0.8355380028484485,0.5408402361960364,0.6714970202566797,0.0481942373707401,0.6539312338671721,0.8584772079839385,141.6333909383013,-4.791329818222144,-0.8346480134273324
0.4791918310217014,0.8136283913882192,0.6022605326376274,0.9187813427747308,0.3436438951350063,0.8211330877073602,0.6104382884664308,138.94565913355598,67.62024378472212,-3.2719367929682917
0.7525789745132734,0.5908412120045714,0.5739512835222617,0.7439628955242298,0.6052858390105551,0.8782673340442526,0.6484014659094408,140.41382310458516,54.921222714766635,-2.104432156785759
0.8830669132311313,0.5099763282332418,0.611086785937277,0.9135773630474172,0.8450822722302685,0.8680206226921015,0.956690517275684,137.33594138617065,5.658067635792087,-3.1156510843880736
0.8136654236895147,0.9774025283531628,0.9142673902914624,0.9341936411253832,0.2243087212102453,0.6441441397922081,0.6200731449181454,148.81671348786594,29.515669154337317,-0.3788083329117775
0.6619458131790203,0.5800380855699575,0.5872838348047369,0.6779602890848411,0.4738231644415196,0.8805882222041262,0.6549535851683685,139.69882266143384,66.46769966234396,-1.6818737333732348
0.8779236965437962,0.7774276360030978,0.6215816393884166,0.8027680885147392,0.3979661636002495,0.9771992454452758,0.981970132734396,137.16407067945335,24.10225769413287,-2.161934404915699
0.6735469802831974,0.5292904034300333,0.9830724697702726,0.9662313939707664,0.7275142101490791,0.7810894839452365,0.5876252072246038,142.00510754820402,86.84018937759407,-1.9036801073813443
0.4421060265459389,0.765120981068594,0.9215528340993088,0.8130023812038103,0.6528209653803932,0.7410592454328446,0.5666392733772083,134.16910518238606,75.82228416115599,-3.048813317343318
0.6665619198816348,0.3722628830449263,0.6000348857223822,0.7508106915212505,0.6730147181885054,0.9872196974563384,0.5655367812214368,139.88538079490496,107.85853013536847,-2.178443281346254
0.5031276725267735,0.4083504877722834,0.676198998206417,0.7024905752953245,0.5958636430256137,0.8886476524779594,0.5681951581265463,137.92309302814385,104.55815057434762,-2.049059341821026
0.5208836483318426,0.88571438612348,0.7251002592529887,0.9896420523542062,0.2552781894516134,0.9032167307736144,0.7946733577988316,136.30056303555114,68.03309093740158,-3.3656893364430363
0.5176835089631072,0.9607141530195648,0.7808129420958251,0.8798078449335838,0.1150425570897422,0.640875000361592,0.3540591964455068,148.32986162822687,76.30869078609372,-1.0186322976794326
0.6058950069566074,0.6981012606056199,0.9031460301461895,0.995177407844234,0.6262997990317815,0.6622473889027066,0.5467747105603893,143.05647877493146,58.934381760985254,-2.266943362877736
0.6232117229960721,0.4953470347091622,0.6725031845471445,0.9326677597246744,0.7160878073387732,0.9439182799524936,0.4234450399218569,141.64705553875706,120.22832245961187,-3.028408941896846
0.7635548783248685,0.6540229614667441,0.8060142426743993,0.8075492657579105,0.1586965887564837,0.7142757278466175,0.3347760874741464,155.59515832228527,97.19583456304385,1.1483531591504068
0.9615834157328828,0.4360664775688193,0.9170725243363876,0.938784006845134,0.3919682921337982,0.7458992155848659,0.986672929161256,148.81771388376274,21.86681399173873,0.6587018563060438
0.7675182957464133,0.3728825344666463,0.6827326454494423,0.8967250085567973,0.5023850372333312,0.6361728836932736,0.9648190081014524,145.7301915788809,-6.154568349553954,-0.6568833523886041
0.9108450950569318,0.929632918601675,0.718585620035342,0.9136677589025368,0.7549229634778185,0.7416929815718686,0.4603508168003597,144.2672942660707,28.437190260711187,-2.651259684199596
0.986517500328956,0.5400935595454415,0.6055514561169749,0.96105939049736,0.6680518385885151,0.734744078902823,0.6707306986075524,149.95087981177375,14.946641546308186,-1.268129275097328
0.7334152046621271,0.7938528212299141,0.569649113349197,0.9610337348747182,0.94204738892463,0.5849178496444161,0.8328667390863627,136.2052338301392,-51.45195563894686,-4.4438131659288125
0.4955943155753585,0.869691669975057,0.6198725833831357,0.7498773524919514,0.4318706330031133,0.7986403926105239,0.7456798151760031,133.26325342695992,35.267619026083324,-3.336426099436562
0.4656266330361102,0.7785551718463264,0.8246288877341057,0.7738747776986767,0.1262141833445215,0.9666113429703996,0.5144603878358616,139.68836112227993,138.48148641708946,-1.4790556093076417
0.9105619109695942,0.5686517066721264,0.6263743734601542,0.723508509810682,0.5188592809092113,0.7376639491807182,0.9754904649565688,142.23048373411888,-18.01205744320721,-0.7342839471182695
0.792952334571402,0.5554374576792427,0.8290520449910923,0.7741684413539112,0.9369135463745064,0.8128518124602472,0.5453117857946214,139.26946440633873,64.00382261027079,-2.2369059772624325
0.7149115912249833,0.4137930769335048,0.6066352593235216,0.9500224690974632,0.3118563732478732,0.8430077708046229,0.6068698463707405,150.3087927527328,85.9713746482121,-0.7257259335542183
0.8471387224912335,0.8233644680106801,0.8935158307671203,0.7132693352230914,0.635760837678408,0.678419079624164,0.574098672731473,142.77608530077325,28.091065501763314,-0.8714395834092044
0.4399910627516877,0.890968347222447,0.8296445660092202,0.878527767644384,0.9659670129534672,0.578647880513136,0.8400159905975488,126.40061383832078,-20.941914177387037,-5.254604808908952
0.9168351543733374,0.938649565364654,0.9298130305794196,0.9745130279659866,0.7434749699418824,0.916567347470623,0.7873899500886417,136.06651077042375,39.81768541972714,-3.2488898224332536
0.842103594871465,0.6256107565111616,0.8501546389706534,0.8886395296118953,0.1560182669878254,0.8842488637096189,0.6927344633084404,149.49850347889188,86.8347759099387,0.41150047077915275
0.7406976606151252,0.9112713080246392,0.96319438459246,0.7221667527838297,0.4877548989046568,0.8414443863861647,0.4796029176096196,140.2747142419678,87.04665041737779,-1.2482695310298586
0.8201050744249531,0.9124798483614704,0.9028123921249692,0.8967277181987687,0.8685794094895021,0.9594943819934753,0.7012317020486858,132.10047264014767,59.161616280456876,-3.994390317215328
0.7707848946376208,0.9443618167063056,0.6569593486051126,0.9663828489089028,0.3914020090909945,0.8936920544632723,0.9640009196851744,136.1075449465133,11.675989228086896,-3.35944453766515
0.6880317312149694,0.9384626232645864,0.6873755257700285,0.7388830683605341,0.9866032746365556,0.7051854127983614,0.8533773166937526,127.29544329456118,-32.0261484213949,-4.757614409415795
0.7177066587245173,0.6821560408225269,0.878933063089928,0.8024356828105108,0.2312725792003739,0.6800357879986418,0.9541657779497564,142.74802038269996,13.05151576904474,-0.08953690070975287
0.4418296048018599,0.7183753546289458,0.7532673536090327,0.6981772437400922,0.0294452226568043,0.8142457170815768,0.4043840160850467,145.38120145154838,123.88584103211124,-0.25498399721689247
0.8053652242431071,0.7128671515792802,0.9770610203665558,0.7602308030827305,0.1765469276829032,0.5785747445268759,0.9619256633917456,146.20908064606792,-6.513767850451474,1.1785092895116716
0.989060125516106,0.5996411922172037,0.7034593108007472,0.7525981942684234,0.5916028237044256,0.6733406828854157,0.3154919325808415,155.10118256720176,52.81491550377777,0.5377097716190694
0.6820615426472718,0.9669514116612892,0.6411718082620512,0.9644378540174368,0.3856833931073127,0.6109757303504084,0.3684669307367224,149.10041320317188,35.6456439075817,-2.0565830592762624
0.5092904207111284,0.3942565258915079,0.8627568587879579,0.7965654211663769,0.4833132992520105,0.8782737638635808,0.4560681477183742,142.91048826520344,140.137576690027,-1.0310367179085973
0.7951103879430879,0.5451985840922892,0.914796275171201,0.7296608095267715,0.4737480471129487,0.96991397857847,0.8479046842875211,138.31134084378508,82.0712240807646,-0.7336058852473386
0.686376896625339,0.9812078086612837,0.5552254747463857,0.7235190478172456,0.819569841612646,0.6713699746146141,0.9805341269001188,127.8416729124512,-63.310765319000474,-4.603560095037068
0.5307700173090427,0.3817463944594843,0.5919007335788371,0.8618341848804753,0.487414775676719,0.8739149834160601,0.9111995292271148,136.96858524627544,56.39327381914359,-2.5644845484301175
0.7015626389876954,0.4845674602220253,0.6036849951628711,0.7603259056284114,0.6109079121651534,0.6956361678285223,0.7301996409451612,142.54807129966863,20.010387952108484,-1.4816067331784708
0.5198104400325966,0.8251271087738488,0.6456922076886553,0.864069461078692,0.4125396487646485,0.6536587303456011,0.7285569398168987,138.82050198053068,14.474396103195579,-2.768827052927079
0.8973234346224603,0.5439705089368179,0.8435859423989626,0.7897877633119447,0.1588225291792505,0.7178675031125445,0.4695135919550585,157.49334448828725,81.66169244287752,2.121617825283009
0.7091083640117963,0.4897971805684998,0.8369025441193324,0.9884854980387808,0.1057963273482829,0.5869827538182463,0.7820101749997324,153.9757820441116,35.01337336350082,0.9755229087565715
0.8599907564618972,0.780133172490235,0.6164762884129449,0.8822530076293025,0.1742391337719267,0.9015510103291716,0.8159683708883465,145.42359490995509,41.6364045029897,-1.0432141384643874
0.5049870546520939,0.5662477270071746,0.8569790493709855,0.831656761692337,0.7488067879645118,0.8358086531916152,0.6682096876261054,133.67809024027065,81.75057446372435,-3.15570792508751
0.4853502853053222,0.4615662447622515,0.986117390962288,0.8819062840367894,0.5116412030352834,0.809685882226013,0.5786092330659677,140.8258650898972,118.17813548770775,-1.3913321939414403
0.9141878864376758,0.7152668132934406,0.6155804003029589,0.7454859468110374,0.1385694923579332,0.9250952808919792,0.5492004259384048,150.7585043539434,81.19233168495151,0.3599963008948544
0.6819569426728388,0.9323840580042791,0.9309878256666216,0.8803260065873244,0.8344481867703301,0.7189847884427946,0.4484239580531674,137.5799662077042,54.702960690128656,-3.2711173283433364
0.8727339009873064,0.9549928278998372,0.5894062735559971,0.8573918896536611,0.8318964884412035,0.9064441517301692,0.7885150621007401,132.86140830206676,4.291888224107706,-4.482100164442861
0.4936155535653677,0.7950427378191698,0.9277914832234252,0.9054256493719144,0.4089492031507092,0.8856139235925771,0.70941974939625,134.90103160633828,93.2226864749978,-2.80229922472768
0.5708972305570486,0.482195975133451,0.9204320691118948,0.7485175753082315,0.8523915683096411,0.7990927393392726,0.9805379937767992,128.87464672405417,34.17747026965686,-2.9069469133389294
0.9483657841448356,0.7024021608930674,0.9368269797225568,0.7677919126632701,0.3707997982507177,0.7825640212216698,0.5199945186601319,150.64762639436876,73.33920709404214,0.9045261384539776
0.5033741694271437,0.6407049710944727,0.687188002208754,0.6981726567805769,0.7259598055819002,0.8089239477646324,0.5596140994839576,134.1369310147995,69.54283026642422,-3.1509245678297053
0.7394663665826168,0.5622755129585113,0.538582546903787,0.8559088818677253,0.9917187860368314,0.8511389484201471,0.7559674162307679,134.21523554564493,21.315258437716647,-4.288523990110637
0.5938059460003968,0.3897830860445549,0.7606219733080868,0.7573878325704033,0.3770607027034741,0.5983519996721253,0.3576256727891012,152.97325077311686,85.61056421922336,0.7267312667378314
0.6068430199621982,0.5847955726784742,0.9346794854364856,0.7270552887647083,0.1060667853640649,0.6730397905248517,0.7396182215973646,146.4407687469011,62.14218915192707,1.0434583304141707
0.4661123770088158,0.448654803090535,0.6844964285305519,0.925406176529731,0.3881527778248428,0.9339214716376898,0.9539881414218324,134.94269831974376,75.94838611359874,-2.866446982704033
0.8193411026241355,0.3760014596877989,0.5347399101407203,0.7985893650916409,0.1236574548457709,0.8723282303544575,0.9583249827358848,148.10130481141147,39.99271463001012,0.3689764247572697
0.4652277356517031,0.9748594483748184,0.5867134747122943,0.8238397343042723,0.4479149143701089,0.9633178284180738,0.4338809638480116,134.23832540071578,102.69505604168862,-4.318332697681598
0.6263932552471131,0.9892772901875742,0.9266606094620792,0.7480962570101661,0.9711497370171766,0.9725308546114236,0.4654198492037171,127.09564673825852,95.62585401609846,-4.77606054553576
0.7379254360631251,0.4522718950741018,0.8489398443407242,0.7957283315242052,0.4991445612815739,0.6050676071195299,0.7556721261564071,146.73564777420168,24.328443237172998,0.14391443066465953
0.9831459286049128,0.6762771552163211,0.6805403138814683,0.9423144477387032,0.367974077433478,0.6227136080357332,0.7999154331837126,152.26178984728648,-15.434469472788265,-0.02283088578595793
0.9157614255012212,0.8188467785551254,0.6642408716514263,0.9448729185861392,0.9127816513424608,0.7928957656734568,0.9434998484993936,134.57549470657722,-28.215207679929055,-4.069757565517684
0.7109357044574842,0.5593547652573931,0.547306163864088,0.7687779239357471,0.064877449940052,0.8129593384518541,0.9224933128955792,145.38025488861464,30.430957285978717,-0.17153958863271668
0.8942676882027032,0.6152400938626277,0.6749207599671447,0.9738326055152836,0.9839106622731836,0.7128505519539208,0.764498029046947,140.51364736241229,-7.409781040164238,-3.271594405290891
0.6332524432920094,0.8379386736454306,0.6289770191625003,0.9192713317791932,0.5345034739485783,0.8737986027635728,0.7045600886686475,136.452152173437,48.808537340919855,-3.7163723623514016
0.4569135428996042,0.918387144866921,0.8008091954891197,0.6926142237125935,0.3556738958909358,0.8261831240622279,0.899168820342872,128.85178565907634,37.62082906463426,-2.9800357730527
0.5541875595817503,0.756281821724373,0.5642892333739916,0.7725951253451387,0.8467096389969451,0.6518467513345776,0.9756940872047896,128.42693367159706,-42.418273635421954,-4.578311521385214
0.4699310488591264,0.7856034076617794,0.7353115440098643,0.9681134837427852,0.8248702726243804,0.6519864633444149,0.713016648783374,132.8736283846805,14.998771928608864,-4.709009625378113
0.618610125487923,0.450124643050396,0.6935478535739314,0.7491599629190975,0.1376748789100049,0.9029888458425248,0.6704513407285293,145.86413247704488,104.60033441227112,0.05089743326648772
0.7364133964123981,0.6917342548029114,0.7502579676421413,0.7908067421765116,0.3791829995972942,0.9684316712910376,0.879593090952375,136.96484385534305,62.4340481122673,-1.8361336481954982
0.63121812500444,0.579462362315198,0.5235768154145498,0.934572501723666,0.6919308049544558,0.8786395172639936,0.4284975014127016,142.42098064605358,88.29481998051949,-3.4235964915689223
0.7336374055565612,0.6581897713779999,0.8377199365150026,0.8101218634010352,0.2649918254871642,0.6989246576089398,0.7151437215423782,146.83580400196766,44.13995534223961,0.08279990861959304
0.7224643602889891,0.5100862242116093,0.8163062803874175,0.9380481412395985,0.3565623928861502,0.5794607807255644,0.4452851517358207,155.35042918615173,62.71738413910167,0.49740872794383983
0.5845817171791621,0.6589767628695091,0.5850428485747836,0.9444025492802416,0.0873299634572007,0.81667288527811,0.7941515834370962,144.83294412538325,55.29649403313235,-1.4854950991177758
0.9158128386924944,0.5062369246211984,0.6665069646841951,0.9829672390498624,0.9180516717751266,0.812277303803709,0.450691030692144,147.32628958661303,62.12716631089037,-2.3821383542424446
0.6674388151822448,0.5274462035975488,0.877933366673304,0.8181302912550094,0.0334202781274664,0.8727821184596154,0.6677955596620215,148.62705547293885,111.85351941125592,0.8692744738349252
0.5523559485496806,0.8066330280575674,0.7880817015137562,0.8527952894221604,0.4878605058997873,0.7898249789736175,0.9848946683151673,131.40829064421177,16.587989954038907,-3.2620558034889897
0.7502517345293365,0.4280631331625023,0.976238004193818,0.7582286803858285,0.0611618148480034,0.9842193390214756,0.780451946544138,146.67218319683874,127.17636770736488,1.4383068491507816
0.7679106698741798,0.5504396737372925,0.6820250628102893,0.914120483604716,0.3398391703332066,0.6454911482899881,0.3915585046049996,155.83920108813982,66.22310083658678,0.193577427597445
0.7746851506815753,0.5826375457799132,0.6727293517608228,0.9296886004992676,0.2247923126018759,0.8502893488788801,0.4406970471476311,153.15503123111674,103.03237689130076,-0.19709614335713455
0.8421798454119716,0.4536956015029911,0.8109469706753841,0.7404942608848801,0.9294062680397146,0.64096268243589,0.9815740905772354,137.06975981425924,-26.77984265307128,-1.6569574771729756
0.6726447406830676,0.467827053305388,0.914549573853883,0.6889252422494855,0.1820218063503425,0.5803154986498967,0.9219858401734004,146.4094693649642,17.202259313286525,1.5279587127588135
0.5383853533911205,0.666879225472766,0.70642430461254,0.8938061094704594,0.5724888777394287,0.9711933587298064,0.7222563627376846,133.56998467829337,88.61310940058888,-3.7398187851767406
0.9605763444863566,0.6640842468211292,0.6910497838499414,0.7399286770548131,0.8506018224447484,0.6780161687944608,0.5556243486519978,145.05440844931599,7.912055742957218,-1.3421047342747603
0.8014089536913303,0.3763930203189163,0.7566748845024145,0.8598592724587123,0.4456927855526362,0.6102813990009891,0.7563117517841025,150.86604915588885,21.578064497248988,0.4659627694939355
0.5117784733275843,0.5508623280629896,0.9536537275061916,0.7596263407620945,0.1225405202564548,0.9350246229590576,0.373288063975297,146.50166728635838,173.80640462607846,0.31445622224410297
0.5523498480221546,0.7291813050485283,0.5233263670053184,0.8231970500356101,0.5527703066744565,0.6528991402522943,0.7418036264773874,138.15206705042294,-0.16586824356495042,-3.1238595771981115
0.6659222427881384,0.9101845648699612,0.8767578730935482,0.8428486878154569,0.4717902366833691,0.8503144885783782,0.7086163516998445,136.26056065792017,59.069325086207705,-2.528271177246601
0.7769620373684797,0.7104805095478212,0.6782848447436481,0.8302029281402395,0.4504450174356904,0.8316543788529629,0.7024361632633362,142.50991270102233,45.60869093182417,-1.6502599378265652
0.9915719730325184,0.965124974655791,0.5390899239012721,0.8425596633162763,0.1227880213367618,0.7194785012134883,0.7270793990016928,151.15031860338712,-10.020627182978027,-0.2537587864105074
0.5723919920459988,0.3773521441022286,0.5481806939675579,0.7914008288492624,0.2635370919685674,0.6087301748003884,0.3664633689961408,154.9178947862363,75.68220834410803,0.4049858738682164
0.8357138383680369,0.6617803893528356,0.6334916281573444,0.7167339063667388,0.2254146640181726,0.9900303263231208,0.5517019657240401,146.75763853961013,100.29559738154215,-0.2633834047245006
0.959155841449734,0.6036040763782586,0.9725769200482006,0.944844501982758,0.5606689119127616,0.5768020748834803,0.455720509553132,155.83240916263424,44.38880626888873,0.786331898170077
0.654001738184025,0.8963579238008487,0.9374504705211256,0.948405196291632,0.4587244573316634,0.8753234259276246,0.4561473242844805,141.37410447174133,106.81292541383637,-2.332081359725003
0.8341629815663654,0.9282057743373012,0.727763154434756,0.9943935408998512,0.2945114883997903,0.747898719946938,0.5737388360448521,148.8066108351324,40.841167977587986,-1.402598678654538
0.5271813698666035,0.6568398002308293,0.5246689528276595,0.6893836321099825,0.4513246802394574,0.8491083922147464,0.5875936235809922,137.89776461902593,68.35917275381918,-2.5047752424777165
0.6730264919980217,0.6130494366925539,0.8610733112584973,0.9352889073154806,0.041821196902005,0.8036108459979838,0.71938344480779,149.1283928857203,85.24990364401056,0.2731607437705403
0.603793374646558,0.7553198478661531,0.7097916481972557,0.734209884526221,0.6273646978519982,0.9009876061762556,0.6744254347784486,133.22098557880034,65.57067495964368,-3.186267284073753
0.6495232140634195,0.4229337636924453,0.8007442749331073,0.8402149316129035,0.4632515559384495,0.5786738612188117,0.8457898320999315,145.2029156500669,12.946131101123928,-0.33477207464804115
0.598949980691316,0.3919330089840641,0.9002135054565363,0.6721117950016542,0.1068834761900741,0.7278977548466306,0.5441654444725479,150.7234052620308,108.40559007611273,1.8996188582063616
0.8752368727141058,0.9199728951828474,0.5478601186280695,0.7185001757904507,0.712614567788158,0.596051161047739,0.5971338760864326,142.58751740334804,-32.86045931886964,-2.210779615594497
0.7540617200464601,0.8120652233425902,0.5434175619966173,0.7492165972790091,0.1963165622189884,0.701560169141047,0.9263827748920466,142.4688067476487,-18.464297407233534,-1.0649817707293336
0.8849368216431863,0.5174440759295902,0.6689923759571248,0.7210072539229683,0.9334613262028184,0.9570983702727,0.6501368797554562,137.28599336861504,61.43549747637634,-2.5705577337765617
0.6448846151988784,0.7354592035251759,0.9061320093645264,0.867623581804315,0.8594151754791235,0.9581103737958468,0.7468956216210682,129.57910039252675,76.27338149014088,-4.090257188516571
0.6237377847810697,0.3922359521472443,0.897366299518731,0.7548589629765445,0.0753452149607154,0.7776940296259148,0.6664176293648343,149.75002005445072,103.35604231558155,1.5378577447260176
0.6202691032625509,0.6101263487995555,0.97367412680651,0.7275478518797591,0.6999866113320277,0.7694553174685669,0.7447789050644079,134.96081311181214,57.81782127655162,-1.8014404615159316
0.5750515170262517,0.741432285762943,0.6111599819176148,0.7068087517718773,0.7570577899434329,0.9865206973525862,0.3947081364932384,133.83967436496394,108.35821755119775,-3.8881620227452935
0.8335319018889912,0.7992057246721724,0.9517667244488308,0.8684913834214099,0.3163037288621619,0.7313947933853108,0.6110422449117014,148.03035296610344,57.35042734943465,0.0072522354382139834
0.934312137056056,0.7336587778286936,0.8559011241705554,0.8088694123344427,0.119254691681417,0.7302961601017977,0.6213119216635175,153.746076790751,52.16033547880573,1.4817137183016489
0.5392899462722054,0.4540136349781242,0.759625728529981,0.8458427698161072,0.8456503850436927,0.910634158757506,0.5482851726858536,135.51041177597344,105.94021448628028,-3.395841270876882
0.4588706876864772,0.9471432184045058,0.9656765480131142,0.7465436448759357,0.5316722724860953,0.7965726605913082,0.4569670871626499,134.10510676147283,95.85173985158674,-2.778154599579798
0.4705324636166947,0.8659125697600547,0.8538772031793527,0.9388299486922352,0.3529007430992588,0.6218153841840812,0.8216590416258291,137.53030978536512,18.001935256800085,-2.5607413615795145
0.4621998921439982,0.4706778881665033,0.7835840364746496,0.7344992984786527,0.2053142946684499,0.7454105911844755,0.9734132114638858,138.15947805500366,46.2525938752614,-0.697379926281565
0.712332991228058,0.5120775450427244,0.8959006368968716,0.8699151311005485,0.1500062260392061,0.6120771622309809,0.5870707941701332,154.50363667727845,65.22586142123518,1.4736013122295089
0.8684670751032724,0.9357363281413276,0.6287462119320026,0.9721478826347424,0.7990449269383137,0.7856922063547291,0.4143047275518492,143.3444312943188,37.36075783651258,-3.5798998230443004
0.6296246217491692,0.444233526144981,0.8486936090344759,0.9096931560314396,0.7443349530682145,0.5853446155655189,0.7677282192694005,141.8425544301757,18.47852645941458,-1.7235334183467776
0.664521160211721,0.8668982621632816,0.9886379999345576,0.9548866773665192,0.4737174721172728,0.750326478617539,0.9809651458475116,134.921124759799,17.447382627259458,-2.5075206377880512
0.9383755041163566,0.9316363829958004,0.7771385406676588,0.9441610671350972,0.0690748606251547,0.6248663951874645,0.9864481563615012,149.18065572068733,-33.13800724360882,0.132201079681425
0.9520939725196385,0.7274663735464979,0.6485114844990286,0.7362351807039023,0.5927447776122137,0.5770924163349074,0.7452322509702551,146.70626394853355,-34.55981986960617,-0.5537717928054968
0.4858397961191157,0.9667988200327916,0.8186920175548635,0.6708398624612367,0.404262546476636,0.8706585958474644,0.7753017233644657,129.13722373048097,57.04303979156396,-3.0701559021607068
0.5797392176651784,0.4469310453820509,0.92632420820686,0.8057467562405807,0.7119999997603175,0.6542331006395093,0.7225591428729872,139.44714010090559,47.6592900016121,-1.426520919649206
0.989782495583604,0.7437838439743731,0.9317649022898058,0.8989688491209951,0.7861751828619835,0.6470301030612104,0.6758776212765947,145.50631374377113,4.8472463176939415,-1.1045132813158953
0.8843212925051647,0.4887821629687403,0.9409930987268184,0.7165875325079283,0.1899595967688927,0.6070548193378029,0.9610414250740656,149.9383501896224,4.7008204468910675,2.2483155320745123
0.9473170596469712,0.7405665738654216,0.7273486272263254,0.7864254926398442,0.1404236714955413,0.8927737703351483,0.7843725011470759,147.9192058417135,50.10761972443283,0.3544836914516055
0.8884914890393767,0.8947867370757906,0.9901607095074167,0.7648916596863428,0.9871294867103924,0.8021894549188162,0.406981917139163,138.175847761853,62.8743934328294,-2.511314175767684
0.6723011601346214,0.3765547223278297,0.8118663415802946,0.7046815944330442,0.7053300522968204,0.8921842468192736,0.4646457414987389,141.94447368748177,117.25211407936555,-1.0949633505099625
0.7326708733530625,0.8753937613926588,0.8276422077953745,0.6735474282757465,0.0514970495052191,0.6619271023515423,0.96849490723514,142.06558439611737,-5.875390765001565,0.3606047103706278
0.832257298033346,0.7024088264443281,0.6050226673156509,0.9676598088343962,0.7244856174452499,0.600453258184565,0.6871233962658059,145.4648803065389,-17.483438882762982,-2.4421497669690226
0.83146875123831,0.6558690844615648,0.5488085716412534,0.9841488811896184,0.6740952051907695,0.847823249851315,0.9821699205188724,137.75275207479342,-5.296112262432947,-3.512875756822136
0.7524475066617111,0.3914185897855645,0.758694384541087,0.9642842133836832,0.5950574260336526,0.8480373766368139,0.6584353292781984,145.80806544602189,81.13548090870913,-1.4140074053071439
0.4424110855276745,0.5680816057168072,0.5865344895952933,0.9811367732609386,0.540570780853462,0.7514966738059358,0.9241431909904394,134.83710047662885,22.69479356718054,-3.9063278709136613
0.9811790200327856,0.8499943497843978,0.8751828211746515,0.9504320596029954,0.8914692717815212,0.5948092780506599,0.433378588081681,147.93326521723168,11.41475663320179,-1.7833379718515927
0.6317837316193224,0.432973518309529,0.5721162194620307,0.6754284150671428,0.4301932706047962,0.922372994504349,0.4655391130398638,144.2482194528278,112.11040624663913,-0.9781915296211461
0.4680116143091068,0.3854589288299234,0.6618073916315276,0.7814434885243589,0.7384994730532825,0.8550939553659053,0.3406998909422634,140.55332225618469,125.92314057928563,-2.5931305645132383
0.7957946156450113,0.4165324652484058,0.6183476788385264,0.7595148040915214,0.0823748218070621,0.8346795209846681,0.923068857711204,148.3571773708976,43.985381172370694,0.8311418854499003
0.7480357763528342,0.6616664819974729,0.8419149922269897,0.971582464207924,0.8484077471858813,0.7265860597206792,0.3228616018603846,145.77139622602013,79.90533126212267,-2.41545150039386
0.7781518977282464,0.7530668995567347,0.8046858232443137,0.8356054392136154,0.8535313347041555,0.8357476179345692,0.4455357102963092,139.6302125500188,72.01331961636019,-2.8465700353341457
0.8800299589956657,0.4006054202515323,0.7325775579496276,0.8813003718533414,0.9090034763167336,0.8117807237556371,0.6646052149329641,143.163180193789,47.45110564340523,-1.936415893919888
0.4951342899203946,0.836859667653123,0.6421405125102924,0.7866002525123438,0.0299108043967907,0.9113395347341116,0.9333275071492776,135.35318812128767,54.63545156407345,-2.1533524745653594
0.9482567870166072,0.8405489528915272,0.6520013988906044,0.9726182891377696,0.5480420137871219,0.7339373886836739,0.9716238189397866,141.79666182917035,-33.257393873717824,-2.3712667062994868
0.8546583116059785,0.4433880909749629,0.8885584355438915,0.9862203856608128,0.2020170981951516,0.8648336267455317,0.3818378071216817,158.2525911409905,138.37091306217715,1.2690741869261055
0.573605509648882,0.9100784748242806,0.7960154365577969,0.8640469270865071,0.6807095605292923,0.5826792188980131,0.8440404240642807,133.5465718254442,-22.279883615753125,-3.518434101874253
0.7614831198077354,0.686519058289065,0.6492999011645824,0.7662104364634459,0.1965942356569699,0.908028122974632,0.7126971034110072,144.3947976390692,69.05029836839547,-0.6639182442995121
0.9497464875427768,0.3736311683371671,0.6734863126164699,0.7493076434906342,0.8599873865097519,0.668318099902756,0.9502670534264606,142.13773851093362,-27.6913844403145,-1.022354924485682
0.6778937178638866,0.6159960192261182,0.5959440561578047,0.7559366310459397,0.4457400451852097,0.8977331651882148,0.6275273558823992,141.05762496801447,73.44539722600857,-1.8497708319004025
0.828543391576108,0.7778652285742439,0.6468983748167019,0.9751952591642106,0.3243241978330083,0.7919547395691044,0.6239409820809899,148.53991785007196,45.04864990774021,-1.4019797793602167
0.8503991156294329,0.6908889831501686,0.644607554295735,0.7448846226728988,0.6300517976580882,0.9641124836684422,0.7063271021804758,138.25238029099782,56.814344197777054,-2.2851226380138447
0.9012566091169693,0.7775794019927841,0.7592151714881847,0.9538708686414616,0.8943162256188112,0.9257461285091664,0.9713623391056908,132.22105174827306,7.991740488306512,-4.131171676780477
0.7098873840148179,0.3935034621806934,0.8954794387216507,0.7249306512865656,0.6487592401979267,0.992628109065526,0.6798164825373412,138.09030269747652,115.67132532883143,-1.2058747195724848
0.7900027013279396,0.9009262213381668,0.96860640112611,0.8615565790828196,0.2976710914339786,0.7872895550547683,0.743731368760719,142.57527489033302,49.42400553037489,-0.7957584797358971
0.7458777351210363,0.8228067961038283,0.8792472044888955,0.840734657343267,0.5406241901105178,0.8637548966937599,0.56883233838419,140.30466331374805,78.17691781057823,-1.9563410944550959
0.6938974143747166,0.8366836660380863,0.7234917347283871,0.8464636927037638,0.7812126763651773,0.6939498589839226,0.6520351452674333,136.94530248975366,12.01323515081108,-3.3513283552583326
0.5517855068933553,0.898817981831721,0.573337231691776,0.8722439988862852,0.3750487239305908,0.8087575055261988,0.4950298185722732,140.66069658708042,65.23749382059152,-3.103178690134719
0.6851995495213762,0.6025301348709058,0.8935968614762964,0.953159138826982,0.9456266286498004,0.6975769261816577,0.6267437548604051,138.55757730288417,42.22212671792319,-3.0804371831157935
0.6659957772420454,0.6638440039460559,0.5206541066912332,0.8403314861238276,0.155638507958929,0.9072554893307344,0.5912270843191347,146.3605307154659,84.571702917608,-1.2644792378354295
0.5570674114195482,0.3658756854804679,0.5142991295355215,0.8765075122155492,0.2160010483417254,0.9196976685469818,0.932913583803981,141.29239949206286,66.7737385362313,-1.6422969067705464
0.4560792199857147,0.4714669222537933,0.6722001521362353,0.827733933425044,0.3631811274036964,0.7733315117583046,0.7581659328985599,139.92346313018692,66.31996257100172,-1.8000751067337477
0.7191822281268686,0.7635018652359221,0.8160550434637236,0.9551240614847932,0.0565593626106288,0.5957609024150151,0.8404332019588376,149.76452803799435,9.799276733540506,0.16942315181649933
0.7694172031233859,0.7226190123042076,0.8091095297724356,0.8210009118222497,0.7377604741856066,0.634110578361647,0.3528592791071826,146.68636369652378,50.55315373198641,-1.4192917562987921
0.9550232369133228,0.5794076860809877,0.7929232346698888,0.9490551430903272,0.8217207107266182,0.9827787688438656,0.7444217651712668,140.11208037449492,64.9369995364135,-2.566642933494516
0.7535988914819014,0.6321933410631556,0.621538688290307,0.8866451716882211,0.1320754473801037,0.9753636746819168,0.9620799761777836,141.92820267439805,56.49285165324722,-1.2740270706776526
0.6553425396041886,0.8456305702408204,0.8589275531962015,0.8065968800601513,0.9126861570307364,0.9390774917540528,0.414108291007534,132.912688685458,100.83621360992154,-4.054523831429803
0.4394701760893383,0.8283323217146559,0.601666260291815,0.8232982422076571,0.392399050956547,0.9256134456082844,0.4113414447694071,137.5672347119414,112.96620242923743,-3.4603821872524074
0.4873469153283961,0.6946831580879047,0.7623632173567814,0.6812385950745139,0.961414750465324,0.9881505294580676,0.913312735258338,119.66646007425591,53.5621613574388,-5.299991316616164
0.5789006046949927,0.7411331837425811,0.9168726556275828,0.7745023238127213,0.2648664989507324,0.795913758729034,0.952241461384955,135.85030861862973,43.48149785081545,-1.2729747320809357
0.6801798471475956,0.9288115580882876,0.6578380395311783,0.8078802859760721,0.1877289917647782,0.8886782420925866,0.8177116742559247,138.3643169655126,42.32799841061576,-2.0912963864074405
0.5340198639486267,0.3774849696165021,0.7009687821615134,0.8632806990017874,0.7109524733198982,0.6603340438969543,0.803033593144344,138.93079226359197,27.572271729503317,-2.3538624189576907
0.9235582949004342,0.8247734012182872,0.7089278053964978,0.6705319097472907,0.0672824342252302,0.7905198580212636,0.7689758016646298,148.20092719562712,26.50636182133308,0.9228740898723354
0.4516903044767006,0.8803125131147347,0.9286273827659866,0.9255366761984496,0.3618713020339837,0.6124995197884608,0.9648269166583596,134.17555167971204,3.3739963831095694,-2.6705391315050004
0.769059837496014,0.945213332798404,0.574002872651294,0.7746897797036554,0.1780559544416579,0.6328626368157849,0.3637190513492915,152.41194343949087,35.62303471913868,-0.31810333338281777
0.827344283042324,0.5879710231785866,0.5596118487006695,0.7023581052098861,0.925351155359076,0.6414139522767326,0.4741766234553183,143.71030254164972,9.9191035591163,-2.0332083868097905
0.6121892593552127,0.6302404332297182,0.6631019637955015,0.8469622539360491,0.3238345654544945,0.650893124117579,0.808833515370011,143.46147312816342,15.056858998502648,-1.2465949363968851
0.7546392946813012,0.7525688919844663,0.8137120401040971,0.7175555663101418,0.6640414059599459,0.9910015638949816,0.3529990626700569,139.67705620003815,123.70307562064602,-2.0842279270771797
0.8680590068400651,0.652890091644783,0.957505362958054,0.9024364796367564,0.1939847725212493,0.6244278639251504,0.5124799978985464,156.7401585300081,62.10236551097441,1.6422205298655084
0.8775766130265286,0.9594274772315724,0.6614371165847807,0.7477193844482058,0.5215001318847166,0.8875903499907252,0.7828339924881375,136.98847204004446,17.38714140933672,-2.4904692279422034
0.5384620557187443,0.5255095679475426,0.7388599274323877,0.8945943685682212,0.1378354541720403,0.7567405943169878,0.8715045866338655,143.67543672591034,55.1354012240106,-0.760490870592652
0.8461383992495737,0.3735361569519104,0.7247329355439275,0.9946523988511016,0.183675780715445,0.922693943565702,0.9759338336988268,148.45428755017065,63.899093552619654,-0.020708585697363564
0.9494085695940888,0.7794429429147777,0.7496442778539969,0.8319010575108781,0.0523720682217261,0.7976265506757807,0.637459448540964,153.5323868438996,53.67219149241335,1.0591309585100934
0.4907219403733114,0.951534234880292,0.6100039629962257,0.6735574894516787,0.4989828408114942,0.8262412586943102,0.3849758397320668,135.8318483983817,78.27994228152819,-3.281982262802423
0.6318105707285632,0.9832528193306044,0.571355628666288,0.7238077082663572,0.6551342782332286,0.8923157855561368,0.9513097974927018,125.81647684227872,-2.944831591247076,-4.765676464358905
0.930650493083263,0.3831026872697403,0.6704926261027537,0.776209318474248,0.9256256129999436,0.8092412472097422,0.944751819892936,138.43764194727532,-0.06541001852774775,-1.973202848381599
0.5649442937998739,0.3683645867172087,0.5772116545329997,0.8384213926797104,0.9910575156593526,0.9152871597002592,0.9069480146739222,128.90507580642168,41.90451163984547,-4.662652599658857
0.5446185639965301,0.5988292834713399,0.6829106788387329,0.9158093708188924,0.7007666329690952,0.991989337926654,0.6044335491165905,134.52185464497202,105.6583582654832,-4.051292128131591
0.9496665648207804,0.7004226361980139,0.730342702466862,0.8430322319228326,0.6528108664274827,0.8877621047412587,0.8853285579361676,139.2296683883995,18.82377082742888,-2.0445520765874
0.828977999067982,0.5961173921119386,0.6517746810794303,0.9266899153208774,0.0855957682081758,0.9582207720425608,0.7280553837516632,149.6146301523645,86.5066336041021,-0.21585277810611542
0.6466566990008173,0.3831979741349725,0.5145798875900977,0.7324788125235594,0.980758084491968,0.7256692838249841,0.6663407391142606,137.12636068883253,21.684910239485088,-3.1607795425590086
0.96597747687254,0.7850482417041925,0.5826945556932481,0.750638742985012,0.2523636143504331,0.8630172558466848,0.5214152879776194,150.8351310907736,56.79997696701003,-0.021018245140895127
0.9068358321274428,0.6220631090911493,0.6972626339440248,0.7524751947504701,0.3597131939247662,0.8826957020448682,0.4395907229505734,150.85736859059605,91.88801381970211,0.21030575103201996
0.7548372651215519,0.7827392434043845,0.5892299412158829,0.7912459907957307,0.6229485110520602,0.5795753032142188,0.968593755948398,137.80835255346992,-59.55095281270879,-2.4992445905465654
0.8951811834426933,0.3902488636360755,0.6792293242387245,0.8568882133162702,0.5335016797556723,0.9073860385631368,0.8522507860557027,144.62248864239547,52.095542452439204,-0.8483779271281994
0.7697738356467219,0.7714415764363844,0.5668338026366904,0.7552264456442767,0.2487103333622425,0.6353372255015258,0.5604175483437692,150.02485976125365,17.916293823857686,-0.25702741387000727
0.7609760834337218,0.7979238832119729,0.7946721637666225,0.9450005641636244,0.4466141271668495,0.8578037999492538,0.937580155176836,137.59040980253707,27.500435575668213,-2.4944436103936005
0.6040250078080532,0.9091109947388464,0.8118348218097804,0.6877531090403038,0.7944622955709907,0.8962800962911746,0.5472588490004722,129.99320597475597,72.27421504024946,-3.831237553820967
0.7780285444873936,0.9163976017433904,0.9852857079331594,0.74250878646538,0.4965225801289737,0.8903748841673682,0.7543100996126708,135.51404101489948,59.97743896832659,-1.7058261850453202
0.4478594663800305,0.4711018609629717,0.7058683981018746,0.8893262766760428,0.4729131504863172,0.875082254564745,0.8154807804398523,135.82605238269267,79.64696462070216,-2.8308118103188726
0.8520917192349675,0.569274088575104,0.8491645031663067,0.696544849141533,0.9392520376379028,0.7289563931442121,0.3627816248442467,144.09710583944894,66.36875870678803,-1.171980017880778
0.8890638990992323,0.9198998545152648,0.5118275970506163,0.856706419163722,0.3586478285905246,0.9336905907944312,0.9786235471769305,137.734619338404,-1.4344179202327556,-2.7973354425908528
0.5406183004885716,0.7495399726033967,0.8798053122032878,0.952151460393971,0.6497915576756182,0.6974934206128286,0.9203624345603598,132.99508900757596,14.018803160932881,-3.4736820183928137
0.6076042104279096,0.4291407659469171,0.6364077741023672,0.8107679786837519,0.4470248553341735,0.6187744706343825,0.5411672344491366,148.92608412447504,49.49303192591137,-0.5293313547745667
0.5618910193938518,0.634259910478193,0.9246541665007216,0.7888077598119271,0.5408594539007656,0.955597575384169,0.4161739746355423,139.0300423031465,144.57023265023184,-1.8989357722485376
0.4550199856817699,0.8003056803373715,0.5270314693507185,0.8879112114876511,0.0644003042931604,0.7820001540189234,0.8400578063089432,139.60980537094025,36.15404157413675,-2.4514689217669035
0.629096903868773,0.6537579401340466,0.5219084923273456,0.9533264628787648,0.7463911092625539,0.7178535667104908,0.7936522229961622,137.23662854149254,0.6391649724380067,-4.042976639172365
0.6781099224093609,0.8732939148467066,0.7427773650196692,0.6743920374590695,0.0486601277095745,0.5911390708050696,0.6945539821798441,147.01924430966176,12.296814690031333,0.5224433092973183
0.8827037409837846,0.6542159082767849,0.5360179201169286,0.7630081664925126,0.064600569411494,0.6071144928085074,0.4383610354027125,159.91116678842954,33.5964309852211,1.668393885920538
0.8879324256477132,0.804736514205903,0.9495764931693824,0.678101414541185,0.3289869122908796,0.7295675058042548,0.5395527020959987,148.11154204655264,58.265884066573975,0.8935579841803799
0.7599121059024199,0.8408407783013856,0.8749206973260457,0.7147666482494168,0.8188471637871596,0.6571267234516204,0.462007825877174,139.94813657158767,34.06227017941282,-1.9658188553094196
0.5682110384533373,0.6075748209636969,0.5328544444651451,0.8316330929850493,0.7187624134913035,0.9010982406947112,0.7915127584164505,132.34953308676708,45.154727649374685,-4.2093862814294525
0.8566411339216505,0.5229721052921195,0.7878818852991982,0.8908273649271741,0.10453390373963,0.8075560435304135,0.8714570344849619,150.47203672712035,50.31677813218323,0.8694666473107212
0.4786850415477602,0.57656428490575,0.9456961038389946,0.7487402743157726,0.1531677347523505,0.6181630757270559,0.3941720511394603,150.00879510786166,104.83740308578797,0.9322821983315017
0.8663084985302631,0.6370522935107801,0.9716175375336946,0.9780838434843118,0.0760987644962861,0.8049752854200549,0.5128616740120787,156.46399991561032,107.38712761974546,1.4292914794980456
0.6102344030373908,0.9898719553507432,0.9757404116672632,0.8528096014943598,0.0235024608976536,0.6817824420743446,0.5999389303490006,145.91268532364126,64.30182557542403,-0.149389287787146
0.9895839415058816,0.8167256955799307,0.7770092196861343,0.7421401815865378,0.1216738030303758,0.7274521048103835,0.4262314230969734,156.6294241250016,59.979443262579615,1.714536499748676
0.5956842691183479,0.891881340005799,0.5470946377374011,0.9503956760525516,0.1816324150564472,0.8853496793950763,0.7750621047877579,139.63866881129886,48.56333910005896,-3.017005250357143
0.6086997827567036,0.4271406234645747,0.6989045395069615,0.8468356722137358,0.5517528418814592,0.6720628010353019,0.5661150243454847,146.21445048413278,58.93205902745838,-1.120031918875536
0.9281877673939266,0.973581002654644,0.5072425697802471,0.853603734064415,0.2813422105899032,0.65934432107441,0.8733222004491834,145.75308853250078,-46.91378388876727,-1.4310273456973481
0.5854258167122756,0.4490243680999927,0.7139427252509263,0.7168315408807365,0.7465059828633132,0.7635047675603052,0.9310827646600232,132.85926619874516,20.587212599096294,-2.558154572325623
0.9408458616491224,0.446233487114302,0.9072846733611292,0.96584779384943,0.5039173258634145,0.7620382558602469,0.62041159527034,152.74110060601745,69.17323465982176,0.4231215113591665
0.4501077228795964,0.683733303381421,0.902131644272135,0.967712486173313,0.2579356341652213,0.986278375955166,0.3405682596151826,143.19356441535396,177.61726107479535,-1.9719784767606978
0.985417784536742,0.6908190048139519,0.5109362267497833,0.9665239302966264,0.7173613139752288,0.6702813378999615,0.9700767369681298,143.28454212291885,-57.63907151012449,-2.574837579744071
0.9099234110825944,0.4299170390284561,0.8145500779065025,0.8487034927326691,0.1601095856788056,0.6308555907126744,0.5401269110602178,160.34796745066717,59.931827225278745,2.494404996835335
0.6673797571115325,0.8218570635743934,0.5445718827439148,0.9368974404244792,0.7780456316169546,0.775222169268584,0.9846655969553232,130.7795373369968,-26.16390617056647,-4.973311093508913
0.901653936093734,0.7076252752349643,0.9242324259644336,0.716477843158688,0.1129457858779435,0.6635110574416592,0.8158779568956986,150.12253967271906,21.2741797713906,1.8599941980310952
0.944376152842813,0.5745956245130383,0.980613897963708,0.7170163942337472,0.6220940376140911,0.8931467281776031,0.7842147570715498,141.10074068534217,62.507532657637604,-0.22218527176706168
0.921459378848014,0.9080341437471444,0.5776861770888949,0.8908561449030317,0.4140754519640949,0.7189233865779857,0.930205348215549,142.61752030809134,-36.07992720675079,-1.9991210920495457
0.5481528051939359,0.8485553423819872,0.917626774194814,0.9244400697307292,0.1072055786151778,0.9282983497457088,0.6573236812738852,140.6632043059428,113.34825463096385,-1.5657468265287378
0.455903014580767,0.9443549483667936,0.8704765451905514,0.979074757683144,0.2361442045213362,0.6138535532141822,0.7920660873173737,139.08413994493768,22.915902813561136,-2.410935843305396
0.6883211054720388,0.4811944318787641,0.5523849187788185,0.8031181834129444,0.8437063796007295,0.6931854372254789,0.7836310000257966,138.2307753284913,0.48005772584729267,-2.9088627737985027
0.9869238116127166,0.9361607724109734,0.8169509513848846,0.6938595902442041,0.628725647739697,0.8077301930942425,0.5076104738304115,143.321834908076,39.82890572119969,-1.0741309904667398
0.7034723242369063,0.6319676033996975,0.5753227369455803,0.7983367145630245,0.033768615748489,0.9437343567901268,0.9697782129288725,141.8892186369849,50.71810527583829,-0.8399592183544632
0.671019480264816,0.5268795660061073,0.6275814686009474,0.742536697522715,0.0223642020115326,0.9553481964660432,0.3506750867990741,152.49832740087498,147.68481226082494,0.6691589466199918
0.6498242086372312,0.4552904340756071,0.9586589243454906,0.884997356217855,0.8463292985027164,0.8994528033682387,0.4666982218377634,139.68463767566857,124.94508244725272,-2.278428035816628
0.7786982266747831,0.3919303206481332,0.9370464505341732,0.8806019505078189,0.0481145644015372,0.8405890031264109,0.6454476809789518,154.32310783566965,115.62406519424839,1.9287788753983257
0.9294050515997804,0.8692019630110316,0.9293880620942924,0.6781500122350199,0.6469091776021946,0.9497935313377344,0.7662233980637361,135.30340160262125,51.62857935492803,-1.6549161584835703
0.9093380640198888,0.9224314300064664,0.8976279702798902,0.885573735143315,0.3109442329650657,0.7951593909317454,0.6203334096882404,147.16883265575404,51.7935308987799,-0.49368946890553556
0.4461116756893908,0.6187153471029575,0.7315903028859104,0.9126282597703964,0.5478326268344446,0.5977521253728137,0.8558091460412443,136.9617305156463,7.73000213692765,-2.873157949018185
0.656969239823018,0.920414031656239,0.9148616252893832,0.8932557572175447,0.269569156138026,0.849827939211518,0.751307755930777,138.9554567328322,65.67012167169338,-1.8319310072925008
0.4612736060819384,0.7619019965408409,0.7183134974125411,0.99513871176684,0.1905094870730909,0.8175674282731424,0.3520385947898845,146.87850699991196,123.16837861641575,-1.9982177088762076
0.6346624727934083,0.782822011799288,0.8567192737239857,0.8211176117946272,0.2055171318688326,0.7319405722300221,0.3426917954923298,149.75915371384926,102.34702064709766,-0.09403157816112157
0.5079355948340765,0.631680571815565,0.9665324101766763,0.9375679151756848,0.1944872509240279,0.8336944715863361,0.694054294313286,142.39137251637268,107.2476512178012,-0.9977537824345992
0.5121432487836356,0.8459314743376373,0.7035994452321543,0.7948539389246652,0.8557061828931006,0.596448386609348,0.7900189999761811,130.270795648755,-20.402665364712977,-4.350101742542775
0.8318298924817384,0.5047496439626623,0.8323230863437763,0.9243315759292612,0.2424170785674029,0.716185948578276,0.8740821592851697,149.78899063362311,33.05557124445582,0.5273407957809232
0.6036169835463149,0.75531340679265,0.9041589012055048,0.9266200616414126,0.3590991759272305,0.6744399778281314,0.4492954117858508,147.22740291955913,80.26217056604933,-0.9854341199393009
0.6065018081942392,0.3654802019135888,0.6670369265591296,0.914741187719892,0.8716165016284775,0.8961571047948311,0.4258825022279002,141.13452984182044,112.81651723880815,-3.1249408676940202
0.7779443830956736,0.5901967405961511,0.8905992966762735,0.791667434392751,0.9033272225386184,0.5834513109275987,0.5735172780827245,142.63211801324007,19.22307494510892,-1.468030810013886
0.6948869782458307,0.46889476256513,0.885386665096025,0.7660821926060156,0.288873885655599,0.7767311617536999,0.6641844659657367,147.07916039754326,84.19152388808065,0.5896998298985027
0.5598803582754326,0.9344467981645131,0.8782775618474381,0.7838661852811916,0.1358701298203948,0.7706183741021964,0.6475940376476901,140.72343890552239,68.88279931035284,-1.097297125340481
0.5198583755317732,0.9041150298502528,0.6690156831689944,0.6911617567141755,0.8960013796215153,0.6618652090240436,0.6329377479184057,129.44839844430666,2.7052926397563906,-4.44827469555357
0.4678555292463641,0.6890119162075015,0.6727933502868085,0.8777257512107703,0.3251277621055456,0.9305324756070918,0.8744458953149326,133.63066339981816,70.2765892802518,-3.2095362191692627
0.9775967944973348,0.7023313695012179,0.8668696249517067,0.7600105038770443,0.7117291569809998,0.5845392229202145,0.8693298745362457,143.31815632226716,-34.92201644602224,-0.5241074251377538
0.7149406315181079,0.9895154749962456,0.8646988576186423,0.9120985422060608,0.7466616376198612,0.7422965728129247,0.3333716914017358,141.01558142386762,67.0531221697256,-3.131622042923496
0.7210293666536443,0.3652147435508763,0.6268282025026453,0.8989795214676733,0.0690361090404608,0.8300590984655314,0.3162257615585098,159.65164255961608,135.097919278707,1.2473384437095447
0.7281514735137713,0.6360381032040014,0.7850097882975058,0.6721237719132613,0.1060991092465905,0.615396967770246,0.6378712442755532,150.918931069931,38.50277473113185,1.5051093704052163
0.8435205482743013,0.9241016039954872,0.6618137681633685,0.9369467525725976,0.995839663636962,0.7096309715368594,0.833365769067812,133.4269101207309,-36.67584884430832,-4.702065785092199
0.9805528736009068,0.927748778600182,0.7924614145893175,0.9761820877393216,0.9220968021101728,0.8489535571505518,0.3813454238678696,143.22573858294052,56.98652618631742,-3.263178633666348
0.5778503056905446,0.5322118072877344,0.8341754425067089,0.7608611603439175,0.9340224044494634,0.8036453975905946,0.7399986068858122,131.3856090224441,52.45809493157309,-3.3523681060727926
0.4421893406069956,0.8118044965635289,0.7844727593272481,0.9307718251099424,0.5630785463474677,0.7500513458151373,0.7798317708771273,132.72738889749834,40.43040004604951,-3.9425945303754
0.7369643998912215,0.7657984027421509,0.6160945186615198,0.7924239560067637,0.5008711567169827,0.991222229080094,0.7800683791060745,135.57198771354916,58.72237613149223,-2.9515513001752156
0.8347948108591272,0.7367468074772878,0.6091012058964236,0.9440471874569544,0.058969616384325,0.5932149721739979,0.862920272317242,152.6287781286008,-17.643108081013427,0.20938012944336057
0.6800536592572568,0.6406914179099732,0.6625881436400307,0.7891134242389494,0.1107019823505183,0.7218040002229205,0.4215730658041066,153.0735281250497,82.89088677164244,0.5073858041610396
0.5811981791365637,0.5036986750398313,0.6411619111485651,0.8720292905544061,0.0781244620558577,0.9334846448528488,0.8746812915011035,142.6681367516049,82.9480185237147,-1.0035613655754128
0.7335015427530455,0.8126413970909269,0.7093987289456004,0.739797364530221,0.0661664021211623,0.7202987573467314,0.7869883876776552,145.7598984023274,24.4525783588067,0.06674041601562691
0.8551124912028761,0.6992663177497288,0.8054847650897754,0.7291295061942134,0.1243533197740767,0.9336620899603076,0.9201898626344864,142.7999826502899,55.697296688571654,0.21311702240283495
0.6915583944356907,0.3734536673480508,0.9246537627934384,0.8365308229918772,0.2043940545631769,0.943171396724015,0.4361693692691571,151.3901623981233,162.80466488571852,0.9933698664410857
0.9804081091335366,0.7822873711850096,0.7852773430779186,0.9486729504621012,0.7953204924572261,0.8652782063548596,0.7254963586845927,140.74847123334348,28.71586208876982,-2.685337328326777
0.7736849265453123,0.4737808565040849,0.540240514767285,0.7930353944756897,0.4293876261109341,0.953599838098126,0.5678810645181547,146.0072025485271,92.40929891098689,-1.1793249888279596
0.7273705358020395,0.6031126360029148,0.9222606444245782,0.9919605659911854,0.6505651818055675,0.8201498653154949,0.6019194397717271,142.93132610798642,82.81110836768319,-1.9873305360017992
0.4870527354552448,0.4636909553561394,0.6740952068512117,0.7163983277021508,0.7758338668286039,0.7793586598939957,0.9783735322435444,128.91836357613604,18.424316855972915,-3.4356287330360105
0.7452651025366834,0.8661490112135013,0.9677645768840348,0.9441710970023386,0.5132631897251372,0.7566232749625112,0.4536442369903647,145.01398886622133,79.31878485142158,-1.5486782133804717
0.4903468169348,0.5322372656963427,0.8061080902977054,0.685486420071706,0.3140158282572153,0.8976674240386167,0.969548929050811,133.00033323539367,68.46789166825437,-1.5328536927119767
0.4767185479156783,0.5402411271954229,0.5269262846257425,0.6961371870563823,0.077389442453875,0.8824982751466577,0.4085626771679436,146.94469911406975,125.29903706599279,-0.5245597461135356
0.8939261344884113,0.4595017331279512,0.541452149031968,0.6863943345097985,0.6831837544782183,0.823398948565229,0.4130372587774305,148.59531196905675,67.19960423569444,-0.686432751645063
0.9228991490680798,0.6635614553787724,0.8085703010310994,0.7986684831857689,0.8317682620207648,0.9376762257885533,0.7083487035481044,137.76153581993208,55.186988386373535,-2.3482818354902517
0.7166051131555999,0.487695688012934,0.598583138485579,0.8193037152852829,0.1069508838031322,0.6673079579875293,0.6067695617618643,154.2819256189317,50.38099047516804,0.8674979181656668
0.5847246875313912,0.7679058253254476,0.9139073616762396,0.8494737611580672,0.5784387532665126,0.8906238690731983,0.8821522896402343,130.94372563127794,58.23501418873297,-3.163799771115296
0.5738940653685217,0.6530779247825634,0.7820164392576602,0.683416838750865,0.3755283404286794,0.676089638304131,0.6758619571642653,141.2327391107559,43.86034692808143,-0.757228117431539
0.8417402738057109,0.7246635922971065,0.6199453344439696,0.93462346066539,0.95219401135201,0.8329146463628703,0.928837263544276,133.051456605976,-12.61498941043982,-4.446866542311711
0.4431526020798632,0.9698367092206496,0.7673375613055087,0.8082347805388601,0.5105324973965868,0.6547342475781214,0.6261877855687914,134.41186044320753,29.06030099273851,-3.4064301133117905
0.7908909261911179,0.799354862641095,0.6955593778933968,0.972299626244176,0.8545051004475018,0.9138723727605644,0.8929648923598086,131.9325496840545,18.137871363288053,-4.635120182712773
0.6894192217704407,0.7111118232597169,0.6595716479909486,0.9892027624038968,0.3433423918055379,0.6094382682432337,0.8795118420804993,144.92238759350104,-11.636369326747184,-1.6987589844932849
0.9569685085839807,0.8828885315960797,0.9576871348203412,0.9564820200242404,0.9245460150696376,0.7925964194033835,0.5689756028746523,140.50528979489783,39.13796742384331,-2.785752584950353
0.8608611674003328,0.4125030402650611,0.6076014571628002,0.7789050892699841,0.8862929892664171,0.9890019135383624,0.8962975360264909,134.89640197151547,41.76591562883479,-2.928536638281305
0.6504562758879291,0.5418007201947606,0.6659151571809719,0.690731780881543,0.9341835562907064,0.9503430705722792,0.7807658273144191,129.1356513593517,55.75879293186779,-3.8466567479007745
0.80375433755649,0.971246186672228,0.5929556768840243,0.710316941038345,0.3403644436431251,0.6461821840137221,0.3199825883077512,149.9853104777284,33.95920824501888,-0.6827353004033284
0.5073076231779102,0.5302476949462652,0.9751782155176218,0.9158891814813932,0.3168943662965747,0.6915763067332766,0.6529918292896998,144.7327968697778,85.88666980136925,-0.5551052585392954
0.474019662997141,0.5573093699920778,0.7252286013288483,0.8713247741077188,0.4418361044319028,0.7823971386653058,0.3222383007575074,145.62906635777992,120.85710890340245,-1.7276848689352617
0.8629542929372513,0.4518072641299432,0.7362405074460392,0.9637287407698696,0.6302858746308679,0.6058862898776708,0.3511561693879997,156.51448177671622,57.62226209896661,-0.08998922168553475
0.7801389644086401,0.4638467611540398,0.8421565892710314,0.7891667703191898,0.7234146599789849,0.8420083291851217,0.5362155634388418,143.4648601187557,88.15004250125182,-1.1152393305774093
0.62502178478132,0.4311110812266407,0.9693340142106944,0.8200851991669686,0.9298064085539272,0.7324986664979253,0.4307716754191696,140.90709903114896,95.24887811103157,-1.8449178222474403
0.825699323006974,0.9116774292170976,0.749708609432207,0.7178716703825384,0.6497087349152278,0.8831795965316689,0.689165986433808,135.5837636742177,37.277120697823214,-2.61707546351597
0.9317911971815696,0.7500072410612721,0.8218562216778827,0.9821666750254404,0.5274977674507255,0.9888731558593712,0.918613864487521,139.22003228801242,48.43821119715974,-2.3099830883794295
0.5503797005392964,0.9703145510812484,0.98413962581456,0.9773163030588294,0.6412378376432343,0.7941660698513651,0.4060761743393977,137.58798731919956,95.89559081276744,-3.50605192006041
0.715391861566765,0.608006104333295,0.8648917261679947,0.9383838529869976,0.3007619977732945,0.7007324721461154,0.6749495241324456,148.58358984135128,57.58421797160309,-0.24756391916890855
0.4974139233010854,0.9378937434848292,0.9748172665979676,0.8527249176737896,0.8840917266795072,0.790949760437681,0.6320527258254178,127.68342867450751,58.17911873031212,-4.667562254331978
0.6035436670984711,0.6490383231334316,0.5857024032977062,0.6962053479486711,0.7737119353695059,0.9088677204572564,0.3597726137673155,137.37505103383094,98.36017967027627,-3.2282634824263097
0.5908214411023447,0.5038552296788636,0.7310343255908796,0.6757773999383991,0.9000716440831501,0.9641022398299752,0.7572419222103006,128.7238112476511,74.82815421165489,-3.6110260518248674
0.7471066533996455,0.8421668676167875,0.5116249223059627,0.675706677110498,0.7376731643085243,0.8227744184111978,0.6978248888746467,134.18819793995,8.722165255619709,-3.487615434573508
0.899398949815244,0.7067371950385403,0.8917420228850899,0.7067455242541342,0.6762976617801735,0.9617457414282772,0.7925583135957135,136.08990119287165,59.4689289114396,-1.6087672507643036
0.4749303307569898,0.9636806740061512,0.7503908900659533,0.8152337227084716,0.5749890703982422,0.944232849277464,0.507710549647837,131.2344595204232,98.01150739713763,-4.342421516994805
0.6143005957742418,0.6590466511607042,0.5071856239123731,0.8062781075059264,0.6723310218443093,0.5928282861725626,0.5120039779903014,143.4406666879422,11.913900829093333,-2.5552102900556215
0.4941869228803655,0.4443730359314861,0.9689932119052582,0.961153971399084,0.8766715643515713,0.6187820187982043,0.6211062439390528,138.91766150668653,59.42520907231283,-2.6386534398615713
0.4836677829863476,0.4126390770902094,0.721897726599318,0.8752137507880937,0.4484792215105908,0.8026203777207477,0.6492551873487521,141.78264282837446,90.4374854638927,-1.76726169553795
0.6676371432581691,0.4343817975125627,0.8149530831390913,0.8105022057490985,0.5367028019974313,0.5935924320648532,0.759421597620844,145.13708242232948,23.110150770606783,-0.39697250270917767
0.580605569426305,0.7579732261203667,0.9820335130082604,0.7062837141246526,0.2724963006862349,0.8383956793659473,0.7214796175829592,137.87520412142513,85.35311543218042,-0.7442752894886944
0.9210963624671352,0.8083552614957579,0.7779773330349224,0.6739335206990262,0.856264172763386,0.6805046521630161,0.5211502486506725,141.74398178873966,12.000029286807495,-1.574583449673419
0.7093016948357218,0.9257604446172896,0.9370875738516796,0.9893315203376424,0.3354763576149571,0.926328973909758,0.7714303301781895,138.36023911856108,75.82219050254604,-2.412376305188382
0.6048316342167306,0.7811790133809904,0.9548911391061295,0.8187549547280119,0.9345101853356464,0.9785689166942768,0.636527774586868,127.73165179420518,94.82102684903741,-4.37771975640821
0.7230995735996456,0.6996410468351117,0.71096055648625,0.8237215623869795,0.079336783609636,0.690527801881014,0.3610242155442477,155.65087992512863,83.8248129666648,0.8538007326986692
0.6110285642083632,0.8836324375785634,0.7695511955217056,0.9849201923358586,0.4259350580427548,0.7220773294528524,0.7017248255697714,140.28011548259445,34.42918714977059,-2.819353571722721
0.8868689501969569,0.5462886290478411,0.6596152224245122,0.9632173149282964,0.1467375202730738,0.5972336839591459,0.6894130102697462,158.03934083000405,16.44881325964651,1.0963530306451676
0.4582491448627346,0.7956691177425701,0.5799657876528825,0.9470673031097092,0.8272517167443959,0.9171242621232604,0.6736004564536704,128.48740827647026,60.402649057520044,-5.985754392732129
0.7841756373429889,0.4082367708603034,0.8843224298929344,0.6927451381130416,0.163312911769209,0.6602435226610712,0.4677444642948117,156.57514255392,88.1741876908981,2.6800093286639597
0.450142320862427,0.6293322179295314,0.9438976583940883,0.8986495588392536,0.2969651472577733,0.6379927916462717,0.3283062774970479,148.7923585581633,112.66244882543297,-0.46643524194733893
0.6721288113702908,0.861351367838826,0.9122866894044578,0.7686539101515629,0.6823000323283701,0.9162817544659356,0.3824305498046368,137.22380732412466,111.4728908204008,-2.6273361844267025
0.7290345007161707,0.3805121382380823,0.97225064952048,0.7920853997498005,0.2187152395973208,0.5804721596846769,0.4922652287531974,156.7453758413443,81.31991344343153,2.4401080176608656
0.5021393904688991,0.8565489440399825,0.8090100068190684,0.7799885359767288,0.6062348156841234,0.9854194833753642,0.9439132304757584,124.07826205511847,57.46609573272847,-4.476236355874631
0.8833944595010974,0.8318251270958792,0.8234552807588469,0.6774506712597559,0.7722679175034287,0.7640338739427845,0.8273442202943335,135.13956546564012,-2.996512412219972,-2.0807885253717213
0.6874742562218575,0.9538790512232888,0.8916926464167213,0.8546360722687909,0.1549502499917704,0.5988210888742365,0.4156259901951457,150.8441301677645,56.45115484009548,0.06421950282221549
0.8749808430981367,0.9322626563881856,0.7640608577492283,0.9216942400124056,0.9422376850412978,0.5804791621314677,0.8334877651649162,136.812370959647,-54.885939207067814,-3.591418063402546
0.5952621019600278,0.4070530569126094,0.5133499135257872,0.8170232256508666,0.8703768099891945,0.7878033238969104,0.4131568428105819,141.6312735084211,75.38000947322882,-3.0894189853491762
0.7059533090698025,0.6803818790491689,0.9497002806392874,0.8017428620509686,0.9800563652817028,0.8595627995558479,0.4439750004132833,135.90141853097128,93.411652086442,-3.024335535558358
0.518135750184849,0.4872158911341956,0.8034547981427345,0.9375548203678008,0.221540419089586,0.9865867945232116,0.4742475560648566,145.54552208519704,161.11697419778233,-1.1709566311832529
0.8110996705396891,0.8960539310895694,0.762300711602617,0.7703837115011138,0.5888054255845101,0.5930634944163592,0.6351713638832368,143.04986629263607,-8.19493989913485,-1.473821609445023
0.5247532109024772,0.9744895037763972,0.81768303591707,0.912967162975779,0.2164484402622659,0.7374478033492444,0.5804910627361631,141.37645966387504,64.46143857850849,-2.133833020211581
0.7568880852180495,0.5692725070808734,0.5481436201393839,0.7828513331345627,0.1502309961532661,0.958986031313111,0.3891870359078045,151.68035347155774,123.59486246270458,-0.0717788966865242
0.8043253008985535,0.5766195533979175,0.6563975014456367,0.7451751318310078,0.4393581010702543,0.8644133394832918,0.7595687075801593,142.6622061535082,48.88670481678788,-0.9730099788512663
0.6738137982789153,0.8284548364154845,0.588619212090709,0.8583402986942066,0.9524932324532984,0.578226277553268,0.4042878966828938,140.51003606780728,4.552615062499058,-3.8443355608525134
0.9017812522054526,0.5739178726069836,0.7264098360343962,0.9828498303844307,0.6647672479444576,0.8655984079661002,0.4564316523695667,149.02681905659387,84.08758156275314,-1.5899938323056462
0.9934252603580108,0.3882494519857756,0.8644774700104038,0.8513382533777665,0.3176905488871886,0.7789403468676921,0.5317281631633676,157.7539588346026,86.47162401570111,2.015311486562979
0.8662616649184312,0.4417173259821472,0.5221935770819413,0.9866611498362694,0.1532502270852859,0.923954302522639,0.491128976815576,157.06836464752072,105.7339220319945,0.13144329518953068
0.5278144451542657,0.7112128710182314,0.8163210299966317,0.8296901875394309,0.8646097158390599,0.7662146504659184,0.9535628094668154,126.71232912481717,10.601650045020754,-4.405197206705104
0.5210551065877213,0.57805964582651,0.5463640891127705,0.7840867243339444,0.7239998133491029,0.5988576611514504,0.4771870495455348,141.76118590651635,30.115065526324162,-2.70601401946275
0.5729170246880085,0.6294352929060296,0.9661030158867514,0.8010311119177832,0.8668286545302331,0.6910236390673612,0.5357932586593802,136.7422714695874,65.10071478661398,-2.509338313546017
0.6413124743610951,0.9194192004797498,0.6567757911309658,0.8788570649575996,0.6377796317664137,0.8057996932465074,0.3953816376763689,139.8680645251219,67.18032929376581,-3.53397162110728
0.817146193284952,0.3983792458898177,0.7826561212611838,0.704990032000673,0.3735614785365549,0.718223273223192,0.9490505690027532,145.08206962016635,18.023813908085458,0.6991170292070737
0.953623165232693,0.4891423981675447,0.5851748944564641,0.6875457680680781,0.164654969955061,0.6749773091227813,0.4223468362144253,160.30881294220433,54.68059501407152,2.3468996859723816
0.7906645049244495,0.8315644373625529,0.6277911435690938,0.7228072036643715,0.2505047744845803,0.6424091621661088,0.7400778596320808,145.9596500978275,-5.079423702442203,-0.4040250175152461
0.9960516090541358,0.8324787872603736,0.7505151766178365,0.949638764035218,0.1139619709802898,0.7280686704918014,0.8039824712392718,152.5580550733858,10.717693062754387,0.41604549935955093
0.8709303964464297,0.7766322616147254,0.8374257748221996,0.9376981529143776,0.3169702099222146,0.7446407770849452,0.3660409885780487,154.14808341453332,82.73134869544593,0.04263229543629164
0.6759099456221366,0.784756694003526,0.5285140815240829,0.8261354878759294,0.2135955704593903,0.7304897578611145,0.7766497999910249,143.74368795090504,13.509169200726435,-1.5576898066985305
0.4507863476892694,0.4613961989506467,0.8230526179630776,0.8472482898620338,0.1142941389188404,0.6286965028779067,0.6779083193876625,147.83428882857268,71.91849963964225,0.26485868177905586
0.9422467554448954,0.961516665354467,0.525707324667192,0.8688910728158139,0.8966880815064902,0.919836793914681,0.8028393289701012,133.07114152613354,-7.774375276995137,-4.750324405117803
0.8458354343067849,0.8101189337981768,0.9686939242833856,0.8180674916219056,0.9528915623598596,0.9741005798262904,0.8022667542600854,129.72290169509048,54.792610711577105,-3.633955955984912
0.5432134426245808,0.3891011573230711,0.702804409552383,0.7357173929850851,0.3402845316818715,0.713701451548386,0.6280542352092404,145.5999561830073,72.96582767959751,-0.22509640621045188
0.5416055460339932,0.9800704414356524,0.561867147150276,0.9148446064430364,0.8077204936106529,0.7420079840914366,0.8660085050364041,127.62211068654642,-19.716025997553512,-5.861150873315512
0.6651615219513596,0.643253575785171,0.6927697347642159,0.9363537071388044,0.5299202421100234,0.7236158439105326,0.3948549638442065,147.9619178118183,75.87995913316598,-1.754666360611215
0.6077427432229362,0.7344393142527674,0.9704725642723306,0.951177778271558,0.8129507584410285,0.9012652210387708,0.8776060369628422,129.07313334492247,58.95468694762339,-4.149203674864174
0.6974532589277365,0.569907393099072,0.7862160774201479,0.6786233682877824,0.7623296969385115,0.9650856720929676,0.7547432599872679,132.4337682157092,74.36948926698568,-2.59885213114196
0.8617080943798099,0.4294896354814989,0.8139951149859896,0.9788174333048888,0.2993396181487346,0.7034254264532118,0.655914123109115,155.20407530392308,59.345393204909605,0.838520004223693
0.6472918643452873,0.479967482649093,0.6804918541467068,0.7077270355555144,0.537228709465224,0.9219873302254312,0.4176537386957114,143.23163777847543,119.79457070519057,-1.2630857703395375
0.5962603488500597,0.7150516990214881,0.5330781690983745,0.9003668069820109,0.0846545410079681,0.6733344575286518,0.6617462613921915,148.77426619649617,33.84601244902787,-0.9718984776779396
0.5096012465117843,0.7896837766418827,0.6159937044292497,0.985895898584834,0.4045313693574552,0.7218574501684686,0.4640954548771324,143.97856116871904,66.21307936532165,-2.9404656599338823
0.7358376154123363,0.8483511445613445,0.6334290869252057,0.953555020681986,0.6192834164012986,0.6939075886500393,0.8574267554770179,138.1894271267839,-17.811421968962666,-3.3952613937075586
0.5953247492479192,0.6315012110959076,0.5409913286444176,0.8430571280875333,0.3386506173294538,0.6090444310552969,0.6552472158898357,146.37561740336238,16.563076763791006,-1.3664591557935983
0.5103542844538709,0.843422089774154,0.7922891177211124,0.6913417507158411,0.5312210627805389,0.705749265223618,0.7763549378242122,132.49150631162703,22.869860240907503,-2.674447218303175
0.5879920705455657,0.60820552621414,0.7025429038030007,0.8280028272970595,0.2693226793161612,0.8121934572687857,0.9472684257484084,138.58687140694724,38.01007424760518,-1.5960569474262845
0.542389678245201,0.4686718623214601,0.7175667565959796,0.7887878697248518,0.8990585571517393,0.5799844871435051,0.930603375063202,133.18790073692207,-19.7796670230176,-3.124952196698052
0.8234153545921344,0.6348986178296321,0.7395280438866565,0.7216127377510325,0.3738001349679735,0.6812199320955293,0.7482316793108652,146.36322236361872,17.331133560583925,0.11234511194863289
0.7005626069836364,0.8910592911888827,0.5846531237042827,0.7864290973130068,0.762261260014923,0.6174110510983951,0.8638392158194295,133.93464917003575,-47.84338305600972,-3.720080723004426
0.5640981004051432,0.5341163932441686,0.902386163874233,0.7106250974352752,0.0306727033822726,0.6904596425920415,0.6369817153260071,148.70955448882242,85.35392089622603,1.418006113111562
0.9802507585662104,0.3838615790532108,0.9032635175419336,0.7053895271009025,0.5833376617010375,0.5974400497857838,0.6668850779760339,152.37761595338205,22.756552054584542,1.7550624451335708
0.9050125233836286,0.7938412204413497,0.6428916608541728,0.8141958430480162,0.4036104339227999,0.7271330630502469,0.94569857436149,142.57977891490873,-23.11192797486696,-1.2342870224983604
0.7412527273279546,0.981654206500422,0.6892515874550494,0.973135656487562,0.5550833425411714,0.5966607242042744,0.3331188782240361,148.38442133628428,29.961877503882572,-2.3669558104690758
0.8773329302908537,0.9737301104051276,0.7136352807807549,0.6898612614304761,0.0508530021687511,0.6524469863724903,0.5631688184805632,151.5596958570279,20.0122049291416,0.9456865080646444
0.9101839869948616,0.9429634116606466,0.8413250561607997,0.7565578101958311,0.6310968239557926,0.8089481230484649,0.6077600332256134,140.35984658696086,34.62386593642202,-1.7508044290146507
0.5629677739344934,0.3749504638460704,0.9388345441231584,0.9685404226801734,0.9701236014223054,0.7037557840772886,0.4108241495161991,142.18503525505872,98.28086955936679,-2.5398792104516157
0.880731163288204,0.437158980735735,0.7298626314297213,0.7707665319807395,0.6124486022618869,0.8583430330660946,0.4689208104303261,148.77763972884767,89.9926070666088,-0.27704450521569385
0.7665073658890076,0.8089097406500045,0.7585348802068304,0.8778604796744574,0.4629412900842595,0.8856380345354298,0.7375089193538797,139.56530345481383,53.40854250539142,-2.2590298437652625
0.4839906414651884,0.9631032553369624,0.8038089176147529,0.934150982972471,0.1836345181022796,0.7848630800844283,0.9315083981888674,134.52110995564973,31.85280737542006,-2.9301336082570244
0.4811585866931037,0.5616895416083847,0.6658705779527022,0.6852838530400217,0.8230402196062682,0.5845914019343816,0.6658609877003505,135.15313137233025,10.560702500748645,-2.851999565414496
0.8611093445300768,0.5053321752701619,0.5777383649730871,0.7380626055380785,0.8497022802674238,0.6799273185360971,0.5540920540383234,145.1460366385178,15.821600280503176,-1.5478809871708377
0.6105237004203284,0.6509772093300635,0.954135432753334,0.8972093914553381,0.5725481056365678,0.8301709548155798,0.3357695799628048,144.15616508600178,128.54981502718172,-1.602989039115424
0.9197433864196582,0.9414331897520338,0.8722491128828735,0.7208206501264615,0.2007022380714334,0.919418448647648,0.9583064921284116,139.1136448947727,29.919300299797253,-0.4966249397279567
0.8254254927978917,0.9145552691476097,0.6601419083501341,0.7847727228987483,0.8946417619218157,0.895792569833463,0.961981844270296,127.57978900542378,-12.692566837065138,-4.627124003830143
0.9536399476134644,0.6707914523512569,0.9716025569485334,0.9876346869030465,0.5617779860050663,0.5869131192211169,0.3263726363556791,157.3034352528659,60.02014729446584,0.5366347750142891
0.7443641097826481,0.5630001306990373,0.9746217657311822,0.6962137620085346,0.4934507648050242,0.9318683255807632,0.633541060834131,140.46896151699542,108.44052473762576,-0.3966855012737094
0.9708204011929308,0.7141540008132445,0.9344977920965736,0.9535621141071224,0.9660753811624542,0.8459011242014309,0.927757626679146,135.35014207279477,9.348179404555625,-3.061568517104722
0.446319366182289,0.6700728909009531,0.9164759756594693,0.7384056090228381,0.7578843455351952,0.9756776806965448,0.9792440892382156,121.80649082678767,69.27654010660157,-4.304666562077502
0.8237762255085648,0.8225776296742116,0.8339037119878913,0.7137061858451509,0.6237659819908212,0.8862514444368725,0.8430514358492147,134.27495424599522,31.94676569292642,-2.1751201068303057
0.6386583851648115,0.6240477209062147,0.708380725885502,0.964522363535218,0.082911694985413,0.678616494381354,0.3555853901869353,156.59541963667112,94.89797676297603,0.31476336413118305
0.708840678500432,0.7822335888981782,0.7063384695409565,0.8145180829928869,0.6442355148892285,0.7130605237801018,0.6722784022518193,139.22749263947597,19.379578482342897,-2.5226352075372303
0.7462272478477767,0.4070331269670671,0.9812025432079085,0.8427245721533443,0.0429514622746643,0.9232935292874052,0.7504705984523274,149.69225728509147,123.09288977679242,1.5657195419745038
0.8024107554681295,0.4111361901608,0.7421022901788462,0.7014287207422091,0.1451003296534145,0.9905896513959318,0.4276534296118882,152.47653402299775,147.97963083323975,1.3944619251773573
0.5259408030148238,0.783777360790761,0.7469012960815467,0.7593595060824165,0.0502459816308908,0.9082739823675148,0.3248861509709187,146.4827584580849,143.36368497335394,-0.5856734289731184
0.7171706221008164,0.4128381447310255,0.6388746190606216,0.8156060377135493,0.2503657952300618,0.9497973521498572,0.8050603075434517,144.5047918408337,84.3598284101689,-0.5696055445143139
0.8333021748228335,0.52606457199096,0.5592039247554279,0.9465348910996962,0.457717802132772,0.7421749012946457,0.385649352190289,154.7443552576643,69.24286047046193,-0.6880632890401357
0.5334774457156566,0.937937500210934,0.948804904982144,0.6965884458458911,0.8070348917239848,0.688302219229463,0.6048799353226997,130.3103404462,36.50025999169457,-3.371837209297541
0.4722853603839567,0.8308824530669201,0.7489533521205686,0.7355671739906671,0.2285565566353504,0.9053914238413718,0.798029589980942,133.37358857082376,73.36286525891666,-2.4177437355429294
0.9005005912169265,0.8383328342866947,0.8347444340062946,0.9874231790516644,0.9923504142676988,0.5807095408620092,0.92816657422753,136.84691377760802,-57.447886189624356,-3.4980158798672982
0.6192414339070865,0.4519024646617886,0.509771963903366,0.9802943733978924,0.3540671693100096,0.7198430268880117,0.74141399362254,147.29327652201886,37.37892760684376,-1.6779669053532857
0.5728799437631293,0.7663524978100213,0.8180087068831706,0.9538318052185536,0.1966786076688474,0.9217859667595591,0.5074721628969103,144.10763915588691,123.91817198426754,-1.674759958026847
0.592947873913712,0.6995708744658544,0.857124235344116,0.8323025747905339,0.9693948304325106,0.8229337411781573,0.6627579645259624,130.62649246606827,56.272435480580285,-4.151426257618086
0.9602470580269844,0.4244046688714719,0.5662315488507385,0.8151117089358264,0.4894085347796801,0.9516474965589836,0.6209944359409245,149.2840688427182,76.29018384476672,-0.46108795204440367
0.7953036155338746,0.8142423476069338,0.7264035299187679,0.738491797600265,0.2871359422082651,0.6220565349550685,0.3299945371820414,153.1262395680422,52.935978623004964,0.44156680829364814
0.9599578105747664,0.9300366578524428,0.7324757629145878,0.9460967283411604,0.6507178584079638,0.9646349595391654,0.928062779621508,135.43146124957133,15.040412546594636,-3.455458686018804
0.8849343293998336,0.4897120607161039,0.588586981681117,0.8357738162435786,0.6262532288809152,0.8028061005697886,0.7468765393655509,145.1114130711122,26.737736051364692,-1.3636436884953642
0.9259869882026712,0.6822146711543218,0.837110717052268,0.7488389254095006,0.554897702342855,0.9558238014244248,0.4456838992047772,145.6372130795224,104.80737613543656,-0.6073042740042011
0.4877726136934489,0.9590244205374606,0.8433340330132575,0.9153793974039094,0.5132952839046234,0.6371474262040729,0.4121706483373693,140.59452241724364,59.86422444061358,-2.9088514447944713
0.5010679608769542,0.4677478218892785,0.8894946833537392,0.69429586748559,0.6783950728768082,0.6871883896502806,0.7299971014809384,136.01664350231272,53.30637969365304,-1.5941184289586479
0.942941162758266,0.7654615402567537,0.6088614940829806,0.9396845756843436,0.4856646445346828,0.9243686234836108,0.4107344380628335,149.71832589745142,82.94414105726257,-1.6319732469485266
0.8397485974561324,0.9519065926002924,0.9535715085551288,0.7450491899557599,0.8766765063119315,0.6966452958898579,0.9360094507989178,130.66271307804456,-27.936685705646347,-2.9668765054808346
0.8732059467146912,0.6239444865079581,0.8119826630950171,0.8921705323498504,0.592898821390337,0.5793024341836222,0.3228803588927991,155.01369054399473,50.53374766800384,0.06669174325756504
0.734714097178705,0.9896185210605044,0.9318650020802344,0.8096698175398768,0.386819038247028,0.8312458030434442,0.9291169187068458,134.18274735244054,23.944798839077354,-2.133289647610804
0.5921217502993323,0.9430231175912296,0.5608103970481744,0.8121219137079759,0.2156885989677433,0.9332998792591172,0.9788640660732776,132.3761153553162,25.591841690293307,-3.357554691955575
0.6865508636449511,0.6985475477416054,0.5917815766335689,0.9739712515897626,0.3539050504381565,0.5835155743881282,0.8447341613858659,145.86275525040668,-17.87204718718622,-1.7235904829596778
0.9752826022297458,0.4289909023386395,0.7802234269642171,0.8210641187680534,0.2273373619440595,0.6954846496311289,0.3130854559168425,163.2849010135599,92.57307035635334,2.6320557525617265
0.910953274451617,0.4548406203787038,0.5179819262767158,0.8476464192658065,0.3103056830695227,0.6991792880783273,0.3656876000146684,159.92634319793112,63.37754621722699,0.9430724452825283
0.6382544091558162,0.8965501324143005,0.8798295523559355,0.7955251720397531,0.4579023495784337,0.8207709762150481,0.6016804993711806,137.8625488890267,69.81575145583166,-2.131420781538325
0.7238840106004161,0.5826735227916955,0.6052360177150006,0.7621781964826774,0.4164543820383872,0.7908916303161642,0.8141371757411087,141.75450613301712,28.418683319384176,-1.3167487448809767
0.7888302260045355,0.409555572881305,0.9193069918644357,0.782704671053447,0.1609768916401681,0.6928847957879685,0.4637506265971401,157.14574953191394,99.71890385660828,2.425161285008452
0.7264710990995782,0.8632375345532347,0.6691170546672531,0.9107193880484784,0.410239800919669,0.7958609079137384,0.8290420423046458,139.29691473141713,17.0934092767974,-2.6230773180962887
0.6471056954544823,0.3852883613069509,0.8955579291312279,0.8818478548773959,0.3253046231700045,0.7407206928673761,0.6719106724671404,148.3301756538447,86.06184886542815,0.2800370296250054
0.7562985166027668,0.4339481218266741,0.6111063042766477,0.6901914612642107,0.3939260323832398,0.8667927588127267,0.7821305839077763,143.2819132798896,55.98083876434793,-0.47657008503549797
0.7656142198569229,0.7197471841433739,0.8455805401278077,0.9636182343394442,0.8316757521522244,0.6098693148738799,0.8940895175977384,137.77423591313308,-23.259646334487204,-2.9259964238217653
0.6778048822506539,0.7184140192455222,0.5263737259264802,0.7021332630932311,0.4583781024041298,0.9899223266036083,0.842549901569551,133.64921782775153,49.59060546576197,-2.932515636252863
0.4955948252982213,0.8317649371673901,0.665219265950548,0.7397425094446258,0.88734603589185,0.6591472532524147,0.8424023147735258,127.01998002260284,-18.105238394250946,-4.7327086430340835
0.8095886426943479,0.8050396020686417,0.6982001697155703,0.8748498548552245,0.4837822235225286,0.9017054722685104,0.4731222338678315,144.6051230257296,82.81908808125132,-1.9504412009110617
0.913677446897389,0.5943291560668964,0.9222115495468552,0.7989017761236372,0.8805720997480002,0.8127542854475276,0.7580963515486333,138.84892578502433,36.2406008614567,-1.6999187388319317
0.5350682337302382,0.454732855340484,0.8062523088236737,0.7283214179049802,0.8753708666193637,0.9462679832250326,0.9519640025495923,125.9425513987161,60.94077396687465,-3.7706940974976435
0.7921134833443422,0.8487066416463529,0.522623776996264,0.8497710564470806,0.0662511206132914,0.8241147534089833,0.3626646384352762,153.65168069003204,81.11540050273487,-0.36694141098500294
