PS:PAN ratio,Feed rate(mL/h),Distance(cm),Mass fraction of solute,Mass fraction of SiO2 in solute ,Applied voltage(kV),Inner diameter(mm),wca,q,sigma
0.4561128323941226,0.8051790014519061,0.8416886049206103,0.974027504430288,0.8073558968399337,0.7546766606149671,0.9849606541814514,132.80565755721025,22.642992376471103,-7.485628126106506
0.4974155626297795,0.4119663460766746,0.7428022281539084,0.888310528461526,0.1194638875590189,0.8687355911483017,0.4718228116623877,161.46270718182157,156.77853813457367,-0.3614415866723872
0.5567037923584962,0.6552769954181414,0.8864685156612575,0.7906105625825154,0.6567747998007489,0.7182235022608119,0.500909483286663,148.257341479094,72.40394289302243,-0.9879539145423217
0.5965347177517759,0.578450896733279,0.5294482630674765,0.8463688574738037,0.5625700648659018,0.9748759738040652,0.5992734756756622,152.16727754819155,128.03482374315018,-6.959511281998687
0.6785242291786453,0.4444227336046473,0.985562063987754,0.7445509194203866,0.520865657382475,0.673680405717724,0.5244862201055259,152.36679098447502,63.43608088848682,3.2519783129493454
0.660602808620818,0.9103666867647628,0.7178631475058986,0.6715171043844936,0.4592513784919412,0.7112585618521632,0.90504110145312,140.6828434295305,-0.04213632342492135,-2.93063526067075
0.8789660517888805,0.9897328227169634,0.8102729936075903,0.6704471155599723,0.6222468428802528,0.9439657482452346,0.3973637285921254,143.6519729958164,72.03745745889245,-2.639774313612789
0.9917215724209988,0.5980295130830889,0.9514471257857806,0.9535961285842748,0.5576368542981599,0.6970524107926674,0.9211239930513724,135.15237683103575,-31.011705435895394,1.5735100426212254
0.9375210618619036,0.8550460268862019,0.90731550461833,0.7059238043899804,0.4395541707028508,0.8093954444422287,0.611954128679769,142.35538534037832,23.727131026241814,1.1381496817117887
0.8862905652998763,0.9377441956395592,0.9603935413142086,0.6923132825827462,0.6870685598065934,0.5941668953224084,0.5924141906081282,137.5832384011521,-33.849854561958495,2.5255334109130536
0.937386301829502,0.6624029477245592,0.7073250871914586,0.7718480330214791,0.0929145102610173,0.6695318459237168,0.358956021721953,156.10436703245406,45.88708825439886,6.044621069062761
0.8465037628518324,0.4946639997329866,0.6654846493231037,0.8219922107894112,0.731449337057799,0.8300026419014472,0.6990178945134995,146.10665353956773,49.04271843502663,-2.900820389046652
0.6351551543643459,0.7486488718862507,0.8138672007810159,0.7776505504132689,0.1531957144832641,0.5992358840556093,0.4112207693152599,154.27075172866193,54.03075156867174,4.346495735787255
0.8779079679669242,0.8434599841276111,0.7320960361473058,0.9681136313110604,0.1080323011288454,0.9740566843249912,0.4043212825292883,149.01047959878687,106.31417437035017,-0.5660598557977647
0.8778491558529722,0.4519745750168508,0.6761445595654189,0.9006256191464901,0.0115308123874846,0.881172586028872,0.4418239916901884,159.22738563940214,113.59544778775073,2.74915193540844
0.7966490830837666,0.932724540830552,0.6658691841776998,0.7830395941011403,0.4796672739745969,0.9898168327600084,0.3203578550595428,148.61164065770714,111.98342529138989,-3.8200802389308417
0.5625432436434649,0.4128461936995652,0.7379766299640134,0.8162516016144123,0.117136168846045,0.8118663972811511,0.4773824736683145,161.84836407144195,134.24969792665925,1.1897527472524185
0.9493038543596538,0.5451162190212273,0.978777846007477,0.951458848016172,0.7842358151438593,0.8818802676215771,0.5105432430581964,141.50925872081848,61.43454198939376,-0.41333462577111424
0.9738012754609476,0.9284093698142338,0.978768754093528,0.7982023469767614,0.6743324897080727,0.7224369243376377,0.924245296824063,129.26686201271457,-51.532419548649635,-0.5248818637193222
0.6290265974347418,0.8547701270830995,0.533414678808486,0.6809737493933335,0.1014841860049612,0.661803767895691,0.7071792209243657,151.99006352523222,31.85098431704821,-0.19043230102765427
0.848969824009631,0.673728329593746,0.5412802610333042,0.8622647383422444,0.4294853899139069,0.6752922554173397,0.69949295702217,146.45158836064718,8.557157530577134,-0.3797256422904697
0.5094005735448981,0.3826664084298598,0.7823707890647812,0.854667317281459,0.4463974368313696,0.8800864353567744,0.7480504719709915,152.9016976917592,117.81512809190782,-3.5540766637507173
0.5315688777309282,0.3668798521376636,0.9762885154734766,0.9797897975733464,0.785358683990882,0.9881514629031136,0.5752583068858947,148.01354601495498,148.45270978788648,-5.146859494489826
0.693871389084993,0.740996163252882,0.6263779922586922,0.7821673898458312,0.3618738198670949,0.707669924262641,0.3401041831697529,154.6029179475539,74.5635987153584,0.8108254331374569
0.7459484260015292,0.3897527867234067,0.5511324672878513,0.9069479170922188,0.5199606910671106,0.9243153011423744,0.5610251217033636,154.4989649877765,115.91329318622738,-3.6686581430869647
0.6886823991496364,0.7799485089075526,0.6151220876075448,0.7699352033456732,0.0043782971493125,0.6152423860186439,0.8640105191037228,148.86291042556573,3.3398076338462572,1.482089764530813
0.8288135212317305,0.9491742563563408,0.9520724418901624,0.97677689185231,0.9842521801885667,0.6208948559395319,0.7830337968935641,126.03790911116693,-53.626833068762224,-2.2721961453228663
0.7449477642338412,0.9190143805004888,0.9633779930039028,0.7417753403288114,0.2541107884165851,0.8836626555006786,0.8294238430676195,140.2893524816294,43.56146899585774,-1.4833108527192336
0.8786634496892782,0.4539985118535391,0.978936004031944,0.8341186585211722,0.2622227294713157,0.9982509966367468,0.660892655504095,150.18515341374226,107.08732229109292,0.609531378958216
0.8649132312571928,0.7750791145428259,0.9497429409435004,0.8472357052985693,0.8839514439711157,0.9087636754385676,0.5350731427190341,137.94431385224658,55.939415846745284,-3.220481300275371
0.684719420392645,0.9246666252956592,0.6573460947820193,0.9741242849266232,0.9581210726043196,0.9191660978382352,0.6348847556663668,134.79862802320656,57.829965335634306,-9.101349437436888
0.4770845699523714,0.4212978556886099,0.5008072023420135,0.8523110042179232,0.5783514650993612,0.8923628836348669,0.8096865171340628,152.60272017350692,111.92033835846789,-7.481995595901309
0.889848646193393,0.4220141241805947,0.6825426877330133,0.8115349644531937,0.6068844987191309,0.8442937165528672,0.6236869103052058,150.1798967015717,64.99756118561226,-1.0594655863578428
0.8464740473765223,0.6039954012233157,0.7947609069022437,0.7129338907445739,0.0281007752024794,0.8252129974578798,0.4908970656922099,157.0433318066911,86.95205601879417,3.736630685077952
0.4618564320019624,0.5939132326558503,0.8302753249474651,0.7094341332103408,0.7744276837920454,0.9818398490746114,0.3169873625910487,154.8873817855232,170.2482885159497,-5.463549923576713
0.5142294837379021,0.6691226291196356,0.5308806344456883,0.9093253945780012,0.1071144195889327,0.6949637546377643,0.6456039137594372,154.36405165785055,74.90557590529757,-1.2169596586351255
0.8125705263954499,0.4734041205190032,0.8385540414866455,0.809750472251044,0.0215810871255914,0.6810707595437144,0.9894063187871964,148.6433849706309,10.209042250196944,3.612693191421417
0.4634963228791686,0.5478374276253014,0.9997863303825592,0.686427370103106,0.4463664624129533,0.7558415322726019,0.407466505806205,156.47131668489135,119.68509259308718,1.1827776604001206
0.8817169288756453,0.7429166432966672,0.5882648314634188,0.8679302229062811,0.4014080685405189,0.8292766958738864,0.936478910839828,140.41999708206035,9.856603042974733,-3.4953360562921083
0.8498289880985963,0.4667933305001648,0.5183416500584008,0.694049607663035,0.1087037206006491,0.862969274280551,0.7809579982993688,156.78163452602843,71.92554777864962,-0.3240664405938076
0.5381179391249687,0.7401981306303167,0.53726621577994,0.8613524261519421,0.9142415538520958,0.88118008870567,0.5439948894876558,145.4052395346236,95.06399423436156,-8.729988511676728
0.558345514734249,0.4239595467232129,0.9784405077750832,0.9201916500152668,0.2906825349910805,0.7391522262743297,0.8722720161310725,147.80494743363312,64.48484968584579,0.4415144108136048
0.7567827071120186,0.5887591384405236,0.8891221540091798,0.8188305927478511,0.2198311592107565,0.8446136369083928,0.9993953903043136,143.77170146157653,39.845418579242256,-0.8295916684194113
0.7498245234299608,0.7920924189537437,0.6175007774397014,0.9845213218074528,0.7700636443059885,0.9045917549106453,0.5217193150585357,141.58534949525057,75.15218405805946,-6.248891774236974
0.8504470234265007,0.9349694038292896,0.5536679076615179,0.8845727548715088,0.7122032993919265,0.5754193333994312,0.9301011793001658,132.4418007201052,-71.376832053427,-3.067527235693837
0.7932773330270488,0.3791692600009765,0.5125016106886304,0.8203481548156039,0.9504815480450098,0.7831119364393012,0.6921379686187585,147.91840972666284,47.67415579918973,-4.677696252118125
0.8425971208136503,0.6136005232136169,0.660835817519799,0.9569812886138318,0.0931383895846478,0.960988768199662,0.3887388888471236,155.53782877113844,128.0663793184275,0.01878886162534789
0.6659065345859143,0.6889431172797269,0.7957459726605602,0.68763683527047,0.0097653282274597,0.6699151291721008,0.8073549401720508,151.5824454989647,32.196727348856626,2.72607458193844
0.5481400956449689,0.8422319201100867,0.9896499673562388,0.8167269231579158,0.2655238429721662,0.7777396149213105,0.328012910557439,151.2027540916952,105.79489989214922,1.4360678165692196
0.7302854510180183,0.8613349837721236,0.8782234977521143,0.7213623042962588,0.7333906917469424,0.9551350978333002,0.4533717345793757,143.85792442790427,93.57807295094692,-4.147519778196947
0.6614473158864591,0.8825426118612298,0.5443443003287569,0.9785879064704102,0.7376914826127559,0.6642599186900646,0.927285660100466,133.88431986009027,-21.961370283541786,-6.236686682366949
0.7551312560996681,0.9586099204096136,0.9461436672821047,0.9303155284737176,0.0850165234190417,0.997348057311467,0.8041246216467546,139.24059813256963,74.2794047968019,-2.7162504724892247
0.793304295028422,0.3607313716313208,0.964547654474304,0.8648269054639082,0.1774052418126205,0.7949784231715609,0.5637758897796118,155.05696042063107,90.54406372123442,4.271841519206574
0.7354813032343033,0.9161932330322676,0.8805185111651728,0.7593814904435541,0.9061982362084486,0.9248617375939115,0.7009382197330105,135.19116857472952,47.429557709933604,-6.449406742832411
0.4890431977062548,0.6552792694732281,0.5334344234350833,0.9483941140520028,0.6015047566742003,0.9626172559439048,0.9859418504693852,142.26770724739254,88.04201900920509,-10.597981578065543
0.8212384067269739,0.3886128211817937,0.8181560341237555,0.8412663259604323,0.9430252231742116,0.9350730848689044,0.9331202962130624,139.9021384454008,51.29079283398379,-5.802381405970107
0.4864127153844911,0.7458710794880201,0.915267587641313,0.6758597729788377,0.3922078475475842,0.9001778219805766,0.8428372316888127,146.14693531148146,89.31678675398368,-4.264414058683317
0.4537157642879132,0.7140066419337077,0.5606657281500633,0.7516381756161601,0.3685235632714195,0.5849881074055081,0.3888010213988099,157.53710836563363,73.75213849984306,0.09378895028134969
0.8509397027639538,0.4949787078420851,0.8318454627258065,0.8535206123981843,0.0575175810125621,0.985568389301634,0.5558881042474165,155.3127244357693,123.99541949606464,1.1486428814918421
0.5323843025291513,0.8071891849844748,0.8663276689663948,0.9627701324139092,0.0291666333665465,0.9436720380163046,0.3265473646453504,154.31109256475736,158.47357867548598,-0.835501189787136
0.777231596716029,0.9010133157979096,0.5331384021432058,0.8835985574860015,0.9306395951161828,0.8199243417899963,0.7974086974179742,134.30985581129463,7.168276300989156,-8.098909973681097
0.8917428259900066,0.420781177505387,0.6236127556292491,0.8762403789377208,0.2489499212538914,0.9443353302169046,0.9947932539896076,147.64329413781402,59.172954151446014,-2.822178162627805
0.4488628020088425,0.5734837276971645,0.8498808309632678,0.7012742620658761,0.3937725805550914,0.7312097555666441,0.4390046651646538,157.4261160292928,112.60596375499563,0.3318747097656497
0.6044163241359712,0.8369012624798196,0.970447048499793,0.8827024184199752,0.2008074835112619,0.7706841314898089,0.8319899657277937,141.37876983504836,42.20671041060262,-0.5927688660586303
0.6979452922787571,0.9428200002867524,0.6963649703013884,0.6834468246990473,0.2563594414965564,0.7683525458255349,0.3560066272335669,152.4473223114761,75.10726034958716,0.4696470864350072
0.6604256809855109,0.5744973412265477,0.6145774804176114,0.975078897670108,0.9137089781972698,0.6165813845701076,0.6709859809242599,142.03462924749502,12.870560072894746,-3.427127637478765
0.5212826557947331,0.4039053812500257,0.6233200070570957,0.9721082943116418,0.6965881922603009,0.9595872837392044,0.6840175048322026,150.20182025192145,132.536445726032,-7.588451701710517
0.7145454369346087,0.870674448135869,0.7578747070516186,0.9402643728456884,0.2852712377695053,0.720326923388074,0.8209568012635051,139.8335434525725,12.006269091863349,-1.328943603749142
0.9067159889081716,0.7685192577747954,0.820859104091879,0.9483896171756008,0.6707926436701035,0.6143829552883092,0.7270405029719968,135.85198937843828,-33.963326279503995,0.7173421503957639
0.88676489050627,0.4669704327104462,0.9937763207528724,0.9248395526559544,0.967423655284034,0.9096405562007328,0.577937438478808,140.55603263143843,68.55425957972227,-2.3894869559157916
0.5515882240002006,0.7172243029520946,0.5325206230952741,0.8680411994905644,0.3984712174609275,0.8179626257531983,0.8636731917446043,146.21233546902735,61.42340187839793,-5.9411643230211455
0.4714156085479278,0.9380063491238396,0.849069691561533,0.8640741204019776,0.3454415629144847,0.9500204059394084,0.6966628862454165,143.21770091519275,106.07986877494889,-5.92332134164053
0.8807542556501553,0.4021960968237085,0.5144296197695097,0.9613817830400324,0.5899771148735803,0.6211957032487395,0.7591298962195749,147.17364798182808,-0.4254287945790442,0.013971108172145303
0.8511287987781748,0.7600417716690615,0.5917506482277789,0.9318792623688336,0.9205079004181816,0.7375082557920757,0.4297316500253949,141.80844564844222,29.69883596081813,-3.283115588824331
0.6163539742586237,0.5159065398881534,0.5296153655873694,0.8793417849148137,0.5843517089248285,0.9548775021914808,0.5150619291040475,153.95046814923217,133.98960055253937,-6.005905286937967
0.9018377659556294,0.8494818460292097,0.8811870464808225,0.764222613348092,0.8736232097294346,0.673626451543126,0.5937199763866938,136.6690483663992,-16.60093050459608,-0.2037256671548739
0.5774498043913552,0.9645291924894268,0.5501672262907531,0.845762225154353,0.2931803626537295,0.874954096164962,0.7544904150080192,144.4440183028309,68.6976037470794,-6.186447016597975
0.4341555254996246,0.9335569269581256,0.8032136760528024,0.8200759706027034,0.5238394003897995,0.5814114080987096,0.8359779626698233,139.28621715871986,1.5589155853682937,-2.776081101033692
0.638258429612938,0.7426952286666169,0.5938561273042335,0.7643808447852961,0.456515526900002,0.6347343649644492,0.3779200533541806,153.7113656028021,57.04516873361115,0.4288114727745587
0.5580699675348603,0.5779194759011139,0.6593676247926654,0.9269836557201848,0.7701334513416149,0.7513355371315952,0.8313751452072704,142.49123832774026,45.331923244685264,-5.767208137421535
0.430697934635773,0.4354472185294545,0.8893588830686305,0.9262300585311026,0.840534991749519,0.8201108555810802,0.934601128110988,141.7282633370602,74.51373460983578,-6.529837721802411
0.5229818131311881,0.7103931913807111,0.877389916660531,0.6789299560542597,0.8980721182484577,0.9233395510432532,0.772890153025736,141.78153385947505,83.50840553365917,-7.408412185291191
0.4508958871298112,0.9835678378720936,0.6077331744195611,0.8591287608144446,0.814985767201595,0.7246066854539865,0.6729346550443058,139.06279883726447,39.01175079463307,-7.642490719822029
0.7091753995267437,0.9595918955906724,0.9871787921661792,0.8129567879556416,0.0687732583070764,0.7207755327535122,0.7678213950284394,141.50243412309757,18.96974662547544,2.0355898947635076
0.4630572133309535,0.6348520544926742,0.8479297332742739,0.9455660033885436,0.5294531713270294,0.8079722012573081,0.7155176760679562,145.29628759728666,87.50094866166447,-4.083659215926396
0.8942111402293942,0.8777718691493723,0.5197442400168711,0.8672416838300894,0.6846129911650755,0.6918604094175063,0.7014525832169425,138.6407557269865,-17.916626048468018,-3.011534389722497
0.7664284764346349,0.728135161954959,0.9713762770547312,0.8959977079134643,0.7740168128574503,0.9362443405994558,0.3584904187488064,143.578158877115,102.51302319277964,-2.547664038200399
0.6139125558463124,0.3853966971811803,0.9141518385306387,0.8742277195928647,0.0047669805757698,0.7050023664139173,0.4818660835244538,160.2202921199369,106.17121768511464,5.220275154595454
0.6142273065325149,0.6905048113706442,0.9889008463622748,0.6969136852636929,0.9229874555885608,0.614847295382949,0.3922987039623462,145.84594961105165,40.42390516914928,0.768396711736138
0.7756301046846892,0.621570747447178,0.6456044913014145,0.9460758455870608,0.4887361010082371,0.8506161258046574,0.467375247315827,149.6877632007744,87.60406734127363,-2.0102434658127843
0.8777603441123067,0.6272672864721069,0.8195064545626723,0.8576964408503702,0.1298915148506117,0.6639572629622059,0.3510179650596328,154.5043451977815,53.862148410513214,6.1829646587049965
0.8083702097065085,0.6557041366527201,0.6891326452382092,0.7323937158269228,0.7550255016141397,0.6099891974334164,0.7954384361645674,141.83948119118566,-22.347617305873065,-0.8237240709396044
0.7623040840249576,0.5449779045598091,0.5946020095014357,0.7689921272139715,0.6066113695397696,0.5949288553949397,0.7848106384548387,147.03038512439937,-4.868565194732797,-0.2749019478670539
0.8671507095069654,0.7774432408545126,0.8706249646565354,0.7525685995223114,0.0331877155830744,0.8488132958318949,0.3523334156601577,154.29916160005564,91.54098256719762,3.9637131708125337
0.5813190917889581,0.6859872762621482,0.5833111786284837,0.8751612937254338,0.0800855747737596,0.957848563948355,0.6630821253760653,153.94442212481536,126.65061651665394,-4.1386039646997945
0.7887444675390722,0.9078721329296556,0.7298870061998576,0.7685812527504259,0.0592028644025479,0.9958561169229918,0.7755521232727798,145.7589910271883,79.18083567627079,-3.027526606134415
0.9016423638548754,0.9070870924517396,0.9716070778276112,0.8059988704547865,0.6591188480908624,0.8708955092422674,0.6370857897319477,136.17497380181268,28.166973828362018,-1.7030950882988187
0.96444429586585,0.8665024122915648,0.965249370096527,0.7259764886686272,0.8724657976338219,0.5761708198685712,0.7331921484916138,132.69050119606018,-65.46525950059552,1.711207305658064
0.6980885105911987,0.888505989996975,0.8187117426551532,0.7601448575247917,0.4955729282190682,0.6315859847867122,0.4711330110778111,145.58434361139706,24.37318481110177,1.276835649772018
0.566052179243275,0.5342659779931695,0.6455337967033542,0.918264893326994,0.7279533761108649,0.6822681583622721,0.5944409286571246,148.35738009446655,59.30731357710868,-2.9914598347245986
0.9404145616151794,0.8298351873519736,0.6814303996289398,0.8736968841650247,0.6625443125214138,0.5953531629343186,0.7099432788252964,137.3069979081156,-44.49033157961919,0.33255073245832173
0.6442476651677905,0.3683463884300708,0.6183105192396361,0.8474192169392172,0.3718111499600627,0.9699639962982496,0.9118597425755858,151.79059841418834,107.44491985405885,-5.341491144147488
0.8159601048292602,0.5938048164607477,0.753705217768495,0.8291660518324044,0.2214509089392863,0.978379368194976,0.5304258017954132,153.19473657501592,117.09600970949484,-0.9193210163638121
0.6948350323821051,0.5249429542246805,0.5407096061270055,0.8772805883182413,0.5459031703550271,0.6252054523084183,0.9513501068679424,144.6492985510359,-4.101907599526753,-2.4168527737540337
0.5836970479540595,0.4078090978519908,0.7520311676443955,0.728654680806692,0.4774624504602006,0.8966693427554724,0.723176908984491,154.14807005381724,112.49291584602061,-3.2356647350162113
0.9966954085918032,0.8089838173139909,0.7396721074313416,0.9075660189488384,0.788999093874568,0.8163976128798714,0.8652562040634469,132.01503784476296,-19.593721323624028,-3.787832034978857
0.7474564096073157,0.478456807608716,0.7912013610283352,0.7167948570146149,0.020338723510184,0.8188701026297952,0.7361572718107963,156.207342748498,80.75294751410746,2.2543924126343544
0.9641350841180032,0.4408312333492279,0.9921952643471528,0.7507331836119425,0.7849076916491904,0.6971874104198281,0.8223665269821597,140.61342690762956,-11.172632919106245,1.9545335511320694
0.6284693400738451,0.7580863241011082,0.8401243952057482,0.9797751749401168,0.930519511996669,0.6810411837293694,0.5949695256076608,137.42682839382593,25.491337125858642,-3.4856429040398162
0.7045460207101315,0.9340875274461288,0.6170715961057003,0.9435951457914856,0.8078893898531332,0.8105675256825524,0.6310111346510826,137.07548242429738,34.326583374278755,-6.539033027885681
0.4442706779081961,0.7125100547298883,0.633481770538459,0.974748841972712,0.2740714870054411,0.8429651581712094,0.7005478747448204,149.19228988897603,103.69305155882854,-5.036538530263209
0.8259030818231083,0.363031221361455,0.8054073120082282,0.8027919603246598,0.5008317200583646,0.7918763470475535,0.5720255948134367,153.10938883247144,74.33951296091415,1.3872858793197143
0.8562828694780924,0.7494849569538158,0.7372947041186257,0.9141021011907666,0.4912422088772901,0.8182207987514587,0.7526187778010754,140.4394453062501,26.850249035104596,-2.1828947704009583
0.9437677483878808,0.7776412304318024,0.6248022796532593,0.8201585523083753,0.0143245194332765,0.6388285630672398,0.8423933097665984,145.7225108407871,-22.814823873984857,3.2161997682689627
0.6557020951666026,0.53769469749777,0.5372093990030099,0.9388978846222856,0.572588326183157,0.9186852878703626,0.9570206399736992,143.9671931640339,68.6784718173257,-7.6464149704139865
0.9228957926204008,0.4968359608202791,0.8568142961321993,0.9586376959713478,0.7029803111721824,0.6641918483076458,0.4665589667974288,145.30485727310304,24.666036533312624,2.7085573841035178
0.8813282892183385,0.9102283338905895,0.9330031904336276,0.671190548413178,0.9187038566338576,0.7561198445998901,0.3368299366478229,140.95417891075107,28.890039684888755,-0.14047300125912857
0.6659972575796977,0.4962522052731627,0.5053926890750652,0.7429186950527717,0.2727135739874388,0.7287951228611199,0.7690261317422757,155.19032197341986,57.433764866304585,-1.1920708438413508
0.4771787041697677,0.519531835993654,0.9817687436554452,0.6730243792063682,0.2354711952413372,0.7335520399460684,0.5288533610730533,157.72950725275876,108.34518612831698,2.3950557907413663
0.8388690553218325,0.3718484974652612,0.6058469774553914,0.9684623819251368,0.0862011326812706,0.9368893021880876,0.4632096734005257,159.66733862041036,133.28946879408448,0.6019239401298268
0.6939782458435837,0.4825132315967519,0.8229232981955434,0.8469205616478462,0.6048301194906883,0.8320089569846785,0.5099425894830104,150.93415167124564,95.48429124812789,-1.1736714975314948
0.4443899263716118,0.5515172487519145,0.7795841560180107,0.9862681638676716,0.4190493738868666,0.8845937510329664,0.3855534034576131,154.88652803962418,155.82121511791084,-3.1613249475949123
0.5698846268589994,0.4492915324301236,0.519350325447976,0.7846023415367438,0.3675847985233634,0.7301841681277551,0.5327566262654065,159.4435068496831,97.24157110482123,-1.169804018871092
0.7295656390692198,0.5376568065397163,0.5962064327251472,0.7573715881309533,0.469394051882015,0.8763229954699039,0.396962863523275,157.1654067313057,115.99183096874793,-1.7325099361590357
0.6193778388614617,0.3536194782232547,0.739199501538439,0.6795123415252433,0.7842148337920888,0.772150730636006,0.8209205999594164,149.9202988840946,60.82968239758574,-3.323329331480668
0.5636280831036611,0.7546870957480463,0.6984713533677563,0.976497967861508,0.0423257524887234,0.8175694227576535,0.6368201430743443,150.46228255423966,93.35682065951681,-1.4989729185138
0.9841874734002874,0.5646170055584812,0.9527023324535784,0.7356555811360085,0.9775403112245278,0.8913483013071954,0.5948986819435126,140.64488126911593,42.60201482752615,-1.6528877388601138
0.8769450454422536,0.6874102677957687,0.9430881958141204,0.964430049610381,0.5880838967039349,0.7119940423665786,0.7704540107885027,136.76635392100073,-3.1074347344561204,0.5295947524999115
0.5656116264757044,0.4642592315790431,0.988543455034397,0.7143644221951883,0.2551592966979043,0.718238235833643,0.5001152713340725,157.4771528517455,99.52074094403629,3.5522284640721953
0.6962932657997705,0.6906606703104994,0.9031155282438768,0.7614027839492901,0.1372933437767771,0.6663873400739491,0.6440343249743148,150.27222475649793,40.425091833146666,3.6543463208962597
0.7938134954269984,0.5898856611293095,0.9970362047024066,0.9536452869858768,0.5464993458629528,0.8968252735115905,0.3616958282905071,147.70048437410478,107.01660680390204,0.3827318794670783
0.4840922177286033,0.6265636895807781,0.8717593822352538,0.7971399463114395,0.8858813111982485,0.5802062479269297,0.9924369772285716,137.3904663357881,-12.098024987186474,-3.658968484491999
0.4836588373774257,0.8686144930882935,0.9966700940912152,0.7682870503526197,0.2414402639790273,0.639620145901492,0.4654866378281223,149.52054713293418,64.71058223930682,2.4909846336115886
0.7800188206407748,0.9964451975351584,0.5492408412943329,0.7084464731664681,0.5656528745001355,0.819097154529849,0.7244083824440001,141.01964887142077,20.746013106126878,-5.052843429005846
0.6874546766006426,0.5659758040996882,0.8549181956155365,0.8507514519063633,0.5737764485847908,0.6760902281131163,0.7591718943099381,144.33828267866065,25.36574448319703,-0.13937599285861688
0.6359655207978492,0.4681481931241811,0.857845518275059,0.7925521499568426,0.8354536021523701,0.782836978276945,0.4807038354404283,149.87278980413024,87.99467353747283,-1.7878844047835905
0.7896624901294418,0.6858285219652116,0.7301348981709506,0.7680964843122885,0.2254239392371606,0.7151850600092351,0.9971589340304204,143.6070144146069,-1.9557409985487808,-0.09338374098429822
0.6031277041597302,0.9643393455678716,0.5039088652034265,0.8332758296082898,0.8992934231816212,0.9720617482648504,0.8091275492199976,136.3933877762375,62.00951702257384,-12.041690050684162
0.8958860049260895,0.3869194093574785,0.6779993598024634,0.9447115647828428,0.1322137744471467,0.5836721388861174,0.9085612257618904,148.89694750263334,-12.147247325445193,4.259921160408657
0.6969916152963211,0.4688408656861508,0.9884606475019078,0.7986166197584097,0.6455126495840086,0.6649152076687717,0.983923329461006,140.68653762562175,0.687637817331908,0.0007615898207609866
0.8022938127012158,0.9075265703124656,0.9304102191584488,0.7374438730679518,0.3951928979428574,0.8715232120683161,0.8033014173130886,139.03134984524917,32.225219393610075,-1.8006973930284205
0.6270299587804014,0.4508132980787631,0.9350333904806388,0.9605628162357588,0.079775096300669,0.8166940669825852,0.3307423514912951,159.1298384586028,140.2066301053498,3.580738454684856
0.6555628643755467,0.8607652192234199,0.6865899947113598,0.9071894250087784,0.6295713180759077,0.7859068715127207,0.7346456380062685,139.28870859329305,34.76392960139522,-5.0072232516367965
0.7729591560917304,0.4578304701037129,0.7385666426987983,0.8338860064908573,0.1135004604129512,0.5862478991202761,0.91651612022469,149.97529300672062,-0.6721580355039323,3.755216942054774
0.5559112478150388,0.9746145833420748,0.5294901569578188,0.9062101727700024,0.4911453804472286,0.9458112188606153,0.4032321012947877,147.7568960370914,120.44036790097141,-7.222687614987365
0.9923862006155842,0.5154810977449907,0.5202968883315982,0.8615310868203317,0.0840335084554153,0.6316196504440249,0.8197194690625434,150.61602661918315,-10.495919611375175,3.6239759577572532
0.46618974466219,0.9404017266272464,0.778326833104408,0.8562665464597794,0.9263485635604332,0.9483430889574528,0.9545616260975732,131.97056520068463,57.62464824645476,-11.675675294047835
0.4935422588910662,0.6708598521576183,0.9268431726991848,0.7009806982807164,0.7106731183135925,0.7241487125733427,0.9730187737975878,140.29190298038426,26.159610588628745,-4.001042954298688
0.7571496254683462,0.5746714166950341,0.9516032882619904,0.94777812405045,0.075136907309348,0.6032845780355979,0.5147329810889485,151.4941015915671,41.70404922836499,6.545363480008427
0.6349224854756812,0.7713118551516824,0.8557318236339153,0.8248241073163769,0.5299758656164071,0.8445643493450768,0.491229780479517,146.85001385245508,88.87316816002391,-2.201316825483436
0.6258128446517754,0.6383548462609967,0.5930451935360389,0.896202195981391,0.6246112654207985,0.9919150183096156,0.6048296142024705,148.2760218689218,120.39789017339167,-7.341747963016147
0.8988410548023236,0.5479087245265004,0.7015736813409407,0.9724330615948522,0.0790935437354293,0.6751790951527036,0.960296215328852,144.71589073115777,-7.150459517615317,2.3682070341874417
0.6507020551631846,0.7443258790540614,0.941392323981168,0.8506501755398187,0.7429948290267435,0.945703670807756,0.3208844009770783,146.5809228101388,124.52985421227297,-3.402090342248615
0.6009734741124918,0.5718064209722751,0.7402515336749527,0.7240523216566488,0.3566682656105439,0.7554237410521751,0.9545389077749136,147.72485103378813,41.90159245748006,-2.1939207529232987
0.5603997298871015,0.7479987986606325,0.569135216771287,0.8801775831124001,0.7465449827177439,0.7035382002700219,0.5262171124197224,146.44733037009433,56.406791938285274,-4.507022357576734
0.4360534818078716,0.6127790280578882,0.5168819756482738,0.7273424031455725,0.5443538216525654,0.8515409915781751,0.3727233052456655,159.32295685485036,143.88153476417855,-4.97531393244548
0.523404862711858,0.4946416241911098,0.6738493688979954,0.9520498722559144,0.129141162465921,0.6021335440148522,0.8436376777791801,151.5950154307229,40.82712875193289,0.7595036070116078
0.8310153095585893,0.9499981370603244,0.5253326378289136,0.8465818149982401,0.5989119755888488,0.9825074686622808,0.6820298604843911,140.12120212582423,59.838067213161864,-7.473235250155184
0.6540741088440998,0.6800522612411372,0.7098256495547757,0.770871405878416,0.9685358217573994,0.7197623795257005,0.3843312616469371,147.11684971692495,61.36777397631661,-3.011157074731238
0.7727226975033794,0.6044243610803817,0.7182175660890942,0.8968549733624985,0.5166073988244984,0.8708045817802081,0.6393891991774507,146.6690036134543,73.692442035485,-2.6876444063000857
0.6593875871508728,0.6962934166508823,0.5984193767734182,0.9243410039522476,0.9349060906495597,0.7607854771609708,0.9661473033282711,135.1277121657084,4.587512174194774,-7.850532773127347
0.986558873716255,0.7498892601326843,0.8133013205881527,0.7990662520738361,0.0598383322414748,0.9504691923198808,0.9102972527234032,143.1041956663945,38.41335731072916,-0.21550627965973182
0.6754340374038591,0.8876251003450095,0.563157115065115,0.919932157033762,0.1442309308024036,0.5915300665926689,0.992396728819082,140.59577208677482,-28.53759576306972,-1.172997221667486
0.6321500404657989,0.350795949494233,0.5752141587093029,0.8233289969591655,0.1714499302591073,0.772222137713072,0.8585840923967244,156.22823536040366,76.11875821037533,-1.0198143225310679
0.6861706002068667,0.6605320155705263,0.5989953779057728,0.8098425924000032,0.1531056319665361,0.9056038873434408,0.4270825674932417,157.65164992234702,126.52233571677378,-1.27660512334129
0.930979480239841,0.530991204981719,0.5762277863468074,0.8858366159571771,0.3362704271877372,0.9901781327672092,0.4009682449799489,155.19280803852197,120.7000535753371,-1.432202139690299
0.9894585323061236,0.5705782430583304,0.6994066367943228,0.83586084743895,0.2379977131143489,0.9315326369865128,0.5718065019669752,151.31213021724608,79.62314651807017,0.5618447032805591
0.8827219651403027,0.6608028455138751,0.5063273500549541,0.7441580952609927,0.100776978893945,0.6261609149916821,0.3874596340340361,158.52178344702898,40.408696495876725,4.62329296527751
0.6852732679434366,0.9441316041874972,0.823032528288483,0.9672366042933962,0.2338516914132877,0.7684145527169387,0.7686055462745932,139.18560132520807,29.044608724955804,-1.5853448617674628
0.6667286690423326,0.7100511536360874,0.7324521275077472,0.6980106169083815,0.6932767745578797,0.667267916103834,0.9363360770147308,140.57069665691117,-7.806612055269314,-3.0214703511589787
0.7562706344815746,0.8975926351820342,0.9862473221714408,0.7221979479126792,0.6483426585159295,0.6867294597688,0.7669511378754916,136.44161368058874,-9.964826928465595,-0.34952646836046014
0.6586894051621993,0.4424945036821731,0.6097029541280865,0.8633714252915254,0.3122923542038671,0.9049989122302388,0.4107331394380035,159.75462474200856,142.79224986748042,-1.581683508889322
0.6650836640445038,0.9095014309795424,0.8480203104510884,0.8155858814753981,0.1136280732817254,0.5908992714026585,0.6133953811626598,146.38807288744437,13.99232081490896,3.338905747717917
0.7529574984995009,0.723629567743274,0.9705678067857324,0.8864476596390132,0.0011860045698913,0.6136153180498684,0.5987180286590523,148.67013030599512,26.607939512129136,6.061911179171462
0.6417975679122383,0.5253027027394783,0.5544265533576748,0.9696077830808014,0.6756825500093435,0.8354568907820741,0.6677835425822791,147.50954598310872,80.38244195296593,-5.5290638591770165
0.6641373520193363,0.8235056846965574,0.6546661040059738,0.7755790252619387,0.9278765431573496,0.9509297162630476,0.9766251259182812,134.62851781046342,39.33871305236049,-10.398776730967532
0.7347162670189293,0.8780517190951194,0.5676095338466602,0.9669168674277212,0.1504099383796193,0.785909646495687,0.7774747335113488,143.65641354838542,34.74511250086532,-2.5697439525036914
0.6055144902720909,0.9624076220635172,0.5546845365395292,0.7328302505349653,0.3940470419720891,0.5916324342930631,0.6927046908120917,145.29905287488407,1.215485337473139,-1.630040966773661
0.6343173962568659,0.3827379436182019,0.7652709696987616,0.723264782150927,0.8174636394327852,0.7635957613992034,0.923310089195044,145.8367033818814,41.56862422686793,-3.898575731741977
0.8612079595613984,0.9906025610348222,0.8082466752954993,0.6721994727743493,0.1540986440056242,0.6010912599316558,0.8549156905430151,140.59381222983686,-43.524835111954,2.9980348428601964
0.7140246867818166,0.4041567923025457,0.6734925233828298,0.8138831684196941,0.99384745712004,0.6966526005216818,0.9030613830982124,142.0176885662916,9.565555534392546,-4.325746959878168
0.4660307485805486,0.3740843469835999,0.7552936092837677,0.9786183632250428,0.5616620087482356,0.6138731384464473,0.8906898005787736,147.07417853038822,39.89227969832251,-1.9355473253441855
0.630086260379504,0.4895278238620513,0.8961180139373168,0.8234910391442023,0.8126091348714578,0.6997906262022885,0.906194823655858,140.85706128763672,19.701119129983844,-2.6157222297487044
0.5038385242405032,0.5560079113145396,0.7342859145962235,0.727582527612117,0.0596835336774022,0.6034715993840639,0.4382405007572416,161.9760715712015,87.91264841585794,4.055098512329682
0.4703470653422812,0.521024124111205,0.7046356059657259,0.7113220855042243,0.4260551132000438,0.7622740747410688,0.6181721925504959,156.00581576056595,100.52206739913261,-2.0299389589907606
0.657058690358442,0.5872858871957697,0.5276605289977436,0.9734088380567326,0.0217872866869697,0.9366962499771174,0.8157237235493651,152.0637111903307,103.65321355320216,-3.9052136806622704
0.986505951684202,0.5464095493614007,0.8478653685377296,0.9986128750884464,0.2382095248566222,0.8956473128936017,0.6107291051511976,146.78982745131125,67.42702565274054,1.618001768673825
0.5788225351555003,0.9754292501531944,0.7366639434675205,0.8526794575118103,0.5351113373383484,0.7516831839382416,0.4638240749550181,144.16640054046678,61.75719350851844,-3.005949778486134
0.5796469748497166,0.366204342291579,0.8172827559476651,0.878044756022506,0.8500351686355335,0.8756619478890477,0.451897707436234,152.10354729614622,128.04935432270997,-3.7064507812160574
0.8363067283966952,0.8257190722743033,0.6578503085662264,0.9273478711884922,0.4405280906935362,0.7486343130022584,0.5387563306829485,144.0817454596894,33.129166748023344,-0.7747884127677346
0.4743635760111886,0.3689104859882891,0.7097884463011235,0.6757369902328427,0.8752768131180897,0.6292425589078264,0.7263453577608323,151.71100674462326,52.3115660480576,-2.7232604959147872
0.909646322557104,0.4080504355254939,0.8338677400186602,0.8594459291580613,0.3018528074285701,0.6531219918050132,0.6616613054198055,150.6622362871503,22.8133755306257,4.859366378141763
0.4445960159723373,0.4327898819126368,0.5722512689056871,0.691881589712471,0.2967734519041783,0.8585098183288151,0.8645696529847353,157.1187997224799,111.07807331428585,-4.7275891723974475
0.8041398033845996,0.5614328194392929,0.8875011746003787,0.7456411781754709,0.9264076967876108,0.6052288454231473,0.6569613745779396,141.93246969105263,-6.920573640163463,0.6904182802093203
0.5352039358877546,0.4547904787890068,0.7282084414059021,0.8309024795178948,0.9430206287934694,0.7328460692313407,0.8941608640003417,142.7957625096005,40.48951073586164,-5.823238540209134
0.9160903349101812,0.5715129628809016,0.7551366191664652,0.9591526628907416,0.7475537472560365,0.9797042939931832,0.6342609713141469,141.88446125027943,75.5600816439348,-4.4075631739781125
0.5146008027844278,0.5964512722848966,0.7296674987043531,0.8842390414890519,0.9099301389898464,0.6471530479422904,0.3587246119884993,149.226187359796,73.09760854357323,-2.3540001316221693
0.903904593344143,0.4627125239958241,0.8832956595980146,0.9002200437599377,0.4690109164043217,0.9405693014070629,0.6351208058070946,147.36577302592903,85.21168006965536,-0.48015955628317547
0.7073681784107564,0.9370634660675572,0.7288257699202196,0.8011183233561092,0.3634212002596908,0.7997847942889234,0.3321391849643424,149.31725358902244,80.17765765170358,-0.576855256936558
0.7037762394035341,0.8695128795793503,0.6628151771069897,0.6745263402700225,0.2581173899827154,0.8184910902896757,0.314307080309219,155.2678356576836,96.79821890482006,0.06456625357408861
0.7198127347945995,0.7930410974021814,0.905266170939891,0.7985254124779733,0.0579021494010498,0.9417404029324384,0.9734737418195328,142.78949633687012,60.90347352411678,-2.1053775016412346
0.5693381981273133,0.9963550076742196,0.7140401113162882,0.8840823345465852,0.4308018873191601,0.5812694516162613,0.4523792885955633,144.70526454792432,25.350402612945174,-0.1083697840861927
0.5430584917985297,0.9764335998152148,0.6194006879231243,0.7991751738173473,0.0932040635785213,0.8383131626816883,0.9801161196219318,142.90944495094382,44.845681617350174,-5.210363703713077
0.6907040284405104,0.9145269870298212,0.5351295545649927,0.8260508036146439,0.4889379745147659,0.8710097857104255,0.4831975258006423,147.33138693324236,80.63190778637458,-4.860447720037125
0.7239481978271498,0.956426804125908,0.7204140251818281,0.921175095475113,0.7789088958293792,0.7175824876837658,0.7253690265546754,134.14889517724265,-2.269189817285611,-4.545824662673176
0.7329545138362836,0.6745459730629666,0.8685628544627817,0.7087005968944002,0.5832538707672873,0.616173903732444,0.6304414594566079,145.96586600829897,11.461130182045991,1.8147069039547472
0.4946806064049027,0.9527378556858545,0.7368369282613787,0.96302398831013,0.7297873011210838,0.7269181808400502,0.8621839064932176,133.7925287522703,16.617536406339937,-6.97192162623664
0.5807627935590378,0.7114916766186878,0.7362057667036421,0.7576327769625314,0.586857873511281,0.8758188035289025,0.9648275611736766,141.6418041140057,53.623241464918,-6.488649248751989
0.7160527289861557,0.5295729547782762,0.6220971813883097,0.975157748572724,0.6333048081796907,0.6227194023310894,0.6567826878450844,146.1628987489514,21.545316070077206,-0.8862378283108013
0.9271404544208426,0.6760907235921063,0.5815392548372267,0.853434169119935,0.5908492314390752,0.6862026751480492,0.576681147822278,145.5800534040178,8.831349566869989,0.015340621844121672
0.820682313990561,0.9892051028333934,0.6415735117174965,0.7781213982167074,0.4953831766517322,0.7820685072236108,0.979972134635477,134.74903558846978,-20.134985412225447,-4.5477199717727865
0.614224035995476,0.9938575304846862,0.925968526498893,0.9025368107308808,0.6132595884238359,0.7961811039016391,0.810388184939913,133.35502156533124,23.48887795672679,-4.571918789244583
0.4868055482468194,0.5654437198593987,0.529909234445383,0.9275451990141969,0.591712228588108,0.9884639926487172,0.9920019125356602,144.61828985564776,101.16727356685159,-10.551400644931714
0.4450452509766638,0.4496743984105896,0.6978944840837046,0.7204578075910373,0.1753833275671374,0.6184112893719432,0.8175220258777337,156.87264706054424,60.889645255902394,0.749209545699163
0.4407952920776796,0.7076973490533217,0.8967763837936494,0.8676470614727589,0.7863572576611629,0.8050919011982298,0.6911404155421077,141.9792861092499,78.31229450071815,-5.509242594335287
0.4583742638663487,0.8925494655567485,0.5527862162237345,0.9022431683984152,0.7598605431967334,0.6034076362536654,0.9139504540776162,136.74443842485758,-9.342227920778367,-6.8233730635437855
0.4788913319504457,0.4767580182645,0.6740207113445409,0.6734174579575772,0.4641540410291283,0.9572955622797032,0.6589819053135256,156.9770510558909,143.9599998938013,-5.308940738836764
0.4768244135040997,0.8627567203058271,0.962641002388877,0.9233552363370264,0.628057259541898,0.9554368015962128,0.9891602385102796,133.61088760041966,68.98654432162542,-8.389717642464829
0.444143312475708,0.8360088072495211,0.5236470202937586,0.7106569603558591,0.9645084261581264,0.5775043611543998,0.3571329522542095,149.16439548680435,47.48160140239018,-4.3171403350544075
0.9486176540131556,0.4546209546276449,0.6879679033173206,0.9550775443197026,0.7934342444251747,0.95777220192092,0.9359509516809176,138.5838957131661,39.656351521537054,-5.71891793244073
0.8293825925369506,0.6655500902545344,0.8716541303083521,0.7684352936036372,0.6563713722638383,0.7618267617184691,0.7806202146937837,140.77233103426448,14.577830518269876,-0.9952661393266241
0.7614867837371638,0.7244960129567262,0.7675535862898304,0.6788965251815535,0.767132662898378,0.9312780874146248,0.6859276369356251,143.50189091013783,67.49950902711119,-5.117194850130766
0.8030607185754078,0.4771057434858566,0.8441141186461601,0.6806793524665747,0.6796376851330326,0.6914386212020761,0.4419521518039758,152.50817989650278,53.5162721817255,2.389357635641893
0.9695258359128162,0.7410081919994508,0.9374724210327204,0.8354861030367167,0.5208416798606436,0.6663727374026471,0.444542088679619,143.67848744392492,9.259807922822395,4.279138022532908
0.6546530916975073,0.8572363075939018,0.7355082425657271,0.9067195576742592,0.709160785952364,0.934001622879192,0.565160457872636,141.2956020977554,86.85019665608019,-6.483310066942812
0.8764092560778993,0.9760912143428268,0.956854523690884,0.8086692937616661,0.4292692904570819,0.7832386291159497,0.3771501095295658,142.60702560174025,42.429827459742874,1.9109624037849946
0.9129805190783814,0.5456179741735477,0.6366671157272294,0.7319147392058624,0.1879536369579106,0.7400789250787021,0.8476882838054863,150.1439212454504,17.11315025749108,1.6106266580576463
0.784645262258248,0.9681591221225624,0.7641831158029267,0.906064866507872,0.3768415682649266,0.665507512445476,0.8374437882237225,136.01685361795296,-22.737944999297376,-0.8909787213028215
0.7809309173709029,0.6159737211138212,0.6300354478120047,0.9248009484419032,0.7930172758737104,0.7095446111106223,0.7417422635795399,141.0616059183061,12.332613799959475,-3.345065120537303
0.6139243913709934,0.6709680306492634,0.8214257210199238,0.7793730148679441,0.0845857682283645,0.8192699245698076,0.93679389825166,147.67034016355777,58.58666948384191,-1.1468419560928658
0.8912776874621832,0.9312593688743784,0.5849765232890834,0.8032189175716284,0.8453851160643097,0.594359402867178,0.3277358701158889,142.57414833042222,-8.343238467227906,-0.16461067972771207
0.7182683336625258,0.765298481164403,0.7337690920591691,0.8786580426684594,0.9913171435842774,0.8904881377737011,0.3554051042740242,143.24790418992143,89.16654056133565,-5.562138313086711
0.7911409342757161,0.6619099235791417,0.7770147985315621,0.935714841506042,0.5041088921702305,0.9361051096911666,0.3341976732207947,149.93533340307067,116.91650861666648,-1.718940571103025
0.49745963981474,0.7686033770820863,0.9669856785241692,0.7335265096483231,0.7682638792619383,0.705704758592045,0.7689856595640064,140.23496510923349,34.4560629469726,-3.187922160821331
0.467571019414192,0.5333583088570273,0.5515816820015987,0.9476781853531996,0.9348752915747784,0.7124297353946281,0.8007086080039043,143.4984812960129,49.625152499047395,-7.520003093955979
0.7905425151160312,0.9542891311423192,0.7840550627027787,0.8776316268925083,0.8368601006862889,0.5896875756233235,0.3226383314550643,139.98989171098148,1.7448827861007452,0.33827508998774336
0.797466385703596,0.5915085400462183,0.6464601768671033,0.716863827700701,0.1208855026435292,0.9705514031762916,0.9319081598207972,150.29277909172666,77.01255837672936,-2.9229439740665257
0.5838816644156817,0.7758549754169843,0.8547393124662549,0.8371962206419974,0.9308504476613292,0.6733411250930561,0.4055595061078483,143.1998689017929,50.14299813692499,-2.2738538857242765
0.7589906308916152,0.8088828191580475,0.6028532263980183,0.6911987886932826,0.2018217418597031,0.7851144834141126,0.5560689780415028,152.51650257665025,60.96084509574526,-0.14116823906709616
0.5109795194948527,0.5633438861547255,0.6152690978946624,0.8165941254535236,0.6232995933931696,0.7544264961152884,0.7818213117416936,148.35302545343455,64.74463223074187,-4.916255402170162
0.4927999574261153,0.5365823660877214,0.7883338393747721,0.8518207533597324,0.2710855059068762,0.6851527325629065,0.3173322942510767,159.57258893403477,116.04372935540891,2.117229679168466
0.6880973448121114,0.9574680913801876,0.9775556281832282,0.9783671757543696,0.7614448983154067,0.7500371630497233,0.4909834971110256,135.4649820668456,35.78389152477695,-2.1950020398658414
0.6840758860091023,0.6141649588449046,0.943298101232062,0.8886314661189572,0.4685936929925394,0.6903169295765956,0.3653665116634209,150.42410561498258,72.96770516230889,2.7755395291952705
0.81423423703104,0.4519210683481631,0.8455618259761309,0.76483537266564,0.9048289244468574,0.983734824565388,0.569465452046334,146.92163722696284,101.59839586238995,-4.23471797140832
0.9904074445485064,0.9665594535998072,0.9978535130758904,0.8560497380407744,0.1000453252594351,0.8196603580869996,0.6746641931749389,139.21988808268011,14.069211798412741,3.0784308852569318
0.9106379454105116,0.427337996072153,0.5382523881770835,0.986089504677418,0.3905669025531401,0.8218225106740604,0.9910617121708796,144.37787178880728,22.243147153435142,-2.71259261326841
0.7508463833745661,0.51751846475138,0.624713298095,0.9766689785063292,0.9839192639951406,0.6011908534588396,0.6360582131565129,141.9002313867911,3.0375473613704496,-2.4042633795780977
0.9442854932580756,0.4040493281869969,0.7366497725260663,0.9490967242079428,0.6933153009848804,0.6052758494457106,0.7653398971405958,142.93404249788287,-17.98391474064605,1.7598617244151529
0.8123549870962005,0.964689894046664,0.9535780434917194,0.6790057770007231,0.041222437948714,0.7328842803172699,0.9436598387294558,140.08441587957242,-10.303074602984433,2.050685988071186
0.9419362887823636,0.5200453462605035,0.5591953011392792,0.732516088835423,0.119936261378731,0.576966807606384,0.9368153603625524,150.05552364334218,-31.27251723017696,3.813384589711842
0.650664126375103,0.9137336176268306,0.5637212445413416,0.9421729306867874,0.3259301197354383,0.9311991589666896,0.4004007263460726,149.23263609454253,114.66814360611812,-4.6993831299721895
0.5488321132668816,0.8490384745935411,0.9496914448416632,0.8135006686806441,0.4854863733060234,0.8414558724995636,0.9812570111625551,136.85237016269255,39.4833165366128,-4.809419361126699
0.6652068055813758,0.4767246100753991,0.963623461543964,0.7259407216858719,0.8889448797863174,0.97036319876523,0.866092825817911,142.04633469441208,82.98532888714006,-5.862638260708404
0.8258581044950899,0.6024285568938754,0.6886288892571516,0.7250794618150267,0.2723867887150785,0.7655922697870913,0.7694824594789162,149.83296443725683,36.17065922620912,0.5342605318594127
0.8853358293228315,0.8285032177523586,0.5253523010640877,0.8875938462336094,0.9038549259788132,0.9626011260540472,0.6490154624929736,138.12171849142865,50.2680095564042,-8.145982639083627
0.8251690031307691,0.6624779815460888,0.5159531972479339,0.717050550305353,0.5665246630096382,0.9771608949454104,0.8678129713634521,145.42560056889403,62.10411109550794,-6.673851517285509
0.6497511501672502,0.4914084599307284,0.8780298128972118,0.7928598922940121,0.8582539834626753,0.8238773958487274,0.3489832159804149,151.25499367566596,108.21627566998922,-1.686568342315951
0.658253208802911,0.4061859327665627,0.5776012509683232,0.8614094192360117,0.2292300205274053,0.6112345290931656,0.5841198859227918,158.12050139661565,58.60413039694623,2.3957003705181
0.5418382609731157,0.4206747048180785,0.7732037666135783,0.9189695264991204,0.8543174512738125,0.925431030870978,0.3992774237092661,152.1410745294047,146.63149538113015,-5.201999888073507
0.782479815608628,0.9898850012782836,0.949925019707322,0.6821639123564921,0.0748469891085603,0.6019585490515591,0.8158995848833408,141.48922522428288,-26.409749801153357,4.105915504971856
0.7878153032373756,0.6402082843566037,0.7782460396142836,0.9485441572294542,0.7810572227342807,0.852528365846189,0.7515907463985345,138.8261662475233,42.3781470317753,-4.48756093943963
0.6301575924983579,0.361579063047183,0.6589144867749983,0.8011810965198921,0.125685677531826,0.7676378752593245,0.98177294246198,153.8288764770132,61.853870297856105,-0.6832668186148546
0.8548857952602533,0.6179050529356802,0.6768336387505921,0.9094521123041396,0.5240357932065716,0.62351354061928,0.320243210626056,151.0279241138878,38.32607696284014,2.995475738868557
0.4407167311766677,0.4169302484678099,0.5713614322130388,0.8509954427630979,0.3946727589471223,0.7004599357854557,0.5285235205465955,159.44199265884336,108.71237387379236,-1.6015222420176836
0.7734218937069792,0.9804290135603408,0.6277932757596995,0.8634658866516659,0.433652188189132,0.8174487206903477,0.6273318937718707,141.47041596714962,36.82550401170273,-3.479172650671193
0.7444389702189004,0.8156296207038218,0.7943977413131482,0.7168203770555291,0.0470627428662183,0.7043939265181547,0.9843094796367904,144.0184125485027,-0.9823859091050136,1.0080284145874012
0.7791477320372263,0.4341191209347962,0.9197617416630764,0.9177262244420952,0.746469009092862,0.5889444004961721,0.3907964892528167,148.77431952249927,37.427348508252095,3.647076019999875
0.7318440215797415,0.5549864445377716,0.856213322042841,0.8558041049199112,0.5315562983980906,0.7437451672356012,0.5918784277380952,147.7795498355057,56.8272584754798,0.4247396151605575
0.5397840507149122,0.7712173564175209,0.5543092750887469,0.9345477241451164,0.1046320014787494,0.821126199193709,0.6295924911899062,151.905762829545,95.64291674165537,-3.153471205925007
0.5798082353918849,0.8009323928478167,0.5264986099381253,0.9656523397633224,0.3590882416732562,0.7380888475544171,0.4418506213177626,150.7004830295312,80.61522183751345,-2.660306537720455
0.7458872025507299,0.4606576204550155,0.9975966780092216,0.80149606720323,0.3688767286406199,0.8586779336475748,0.7970192063227614,147.581298224922,71.77457505702361,0.3967501794895405
0.933356454234022,0.9916247988493208,0.7142942232345638,0.8685411580512566,0.2041898257537967,0.9539352462865964,0.3956635547742594,146.10477422469572,81.05380316389248,-0.880768507766212
0.4539164592830227,0.9200458077392272,0.5429808309377752,0.6675481141621159,0.2100200950023604,0.6646160375427557,0.5318544901393527,154.37181591300748,66.8303758383838,-1.6203513081786955
0.939732131236749,0.3773886906520527,0.5587900798107552,0.8219968042270125,0.4300869362085736,0.6763607358423969,0.3979184935198763,157.75582303043797,53.527170116395325,3.5080109901197236
0.4542668585048103,0.6160303604885099,0.8007261141854324,0.9066541567176224,0.6790629947743054,0.7113061154827426,0.3530679431502144,151.48186993648588,103.07961892508027,-1.8871933611171727
0.6525237333229119,0.7373795666606315,0.543849592135705,0.889491717405501,0.6412127350831881,0.6433850195061439,0.3169745884237991,150.9040987417067,57.845222444172066,-1.1873159762200247
0.433539369558497,0.9713462274674676,0.7591027269135369,0.7648328836200848,0.2452174341756369,0.9461625632628694,0.5721240920303087,149.04982708273567,125.96336853874203,-5.379302997391876
0.7378074562319402,0.934225880112042,0.5499828648637103,0.7667020194015217,0.3532566286178647,0.6027643248117276,0.6934294246705263,144.56463810078748,-10.320075381069362,-0.45396061999197446
0.9183940786383274,0.7281305626932488,0.9971782850576132,0.7885986072848027,0.9625644770033004,0.875798315728488,0.862146445589811,131.7889938519578,5.022061264745985,-3.830325389040716
0.4665424275269205,0.4622879010365937,0.910464880765649,0.8322699346006412,0.8165429275602305,0.9389920667311856,0.523489658023025,150.27809895784074,143.74802295565686,-5.347580588867525
0.5933970167500897,0.8083229438313924,0.935634230478782,0.9399798731818628,0.867658077438201,0.837919118885236,0.826806517939749,133.2721786810376,39.682119082623046,-6.369076206510548
0.6987579170373264,0.7532265588395246,0.9498554445484868,0.7250426775802598,0.250810813534762,0.8924452345235709,0.8520260322300648,144.2802118491156,62.162475590073015,-1.4295958713247523
0.9054370800862432,0.7234612271634389,0.694463209706216,0.7435403785292185,0.8787303525632171,0.7203314872129887,0.794649401280517,137.88635309685833,-18.13654637010513,-2.7905727916238914
0.6661363433752043,0.7808673038622298,0.6031778464998304,0.9983644139368276,0.7223546879430812,0.8284033536309046,0.9327737047196744,135.46160198481152,24.102722290229256,-7.78399606934472
0.8837231976190412,0.4091047081647259,0.9040372944781048,0.6858549707103969,0.8299114826470978,0.7548068984892192,0.9709055761972928,140.9053220935499,-1.856581901869653,-1.01271521084368
0.4453293981188917,0.6483703434288784,0.8078097324987408,0.7607036588567575,0.3918058095752614,0.7242110752031312,0.9411113935991312,146.11599641921714,49.03048853056382,-3.095464266504957
0.9026004760713804,0.7849976983033555,0.5022253862426758,0.8026062115996018,0.847616319304777,0.6529533871223987,0.4595358311291128,144.0546511087061,0.8253877115585239,-1.6661287001274363
0.8764677189644459,0.9659228831047524,0.6764768688054867,0.8857739618479561,0.1229982293037117,0.6824467580831968,0.934009471428989,137.8670605873294,-32.40427985445481,0.17199971002037773
0.7718133107705362,0.8691963791625876,0.8867302036771636,0.8964778887058097,0.6289295634027248,0.6662010425876829,0.7686107708345153,135.17030817965022,-14.664028466911388,-0.9196773694111121
0.7887422298540585,0.8743903372853183,0.8208842187965444,0.75821897959954,0.5369406571575891,0.5948417171506544,0.8241626421013655,137.87812169771894,-36.60102606054007,0.4896779707163248
0.6650384236843623,0.4254822605861909,0.9998847364977436,0.8182008118218692,0.6551835158245819,0.7254550895285615,0.6813290430491912,147.04034012374996,56.407058332243864,0.6046262840718516
0.4939935201795206,0.3791425701925768,0.5728242605634386,0.9774964009773356,0.7642864212724653,0.9043502755970833,0.9553409216791332,145.4605987812819,92.09178840304328,-9.171727417449969
0.8473119294775424,0.8108347034000976,0.6219407747010517,0.7297069829530787,0.9305173575002018,0.7520476889349553,0.3930439502946494,144.43087383766897,34.41117556494922,-2.812118176356234
0.4447761133593791,0.4982208439744582,0.6364432394289052,0.763728116252357,0.0512249690180305,0.6784545074989945,0.859648730966792,156.70466315834202,71.1821391107392,-0.3678541946951235
0.9544331741306846,0.8301433908439033,0.9575875724647428,0.7655866826287295,0.950067357153932,0.995202518935786,0.8924513522931024,129.9477807466117,18.384164269216726,-6.094725410563154
0.9357262194973917,0.8842076543099155,0.7089610041527815,0.9880044174595118,0.3988018132933084,0.6324138301053668,0.4683101433492258,141.89185501193302,-3.5375762158742003,2.411544106493643
0.8955898326452613,0.8591770522218043,0.8288229171392285,0.8571035694228525,0.9484988814236488,0.8749574280975561,0.4560446807160513,137.53339091653984,44.54828908902689,-3.7573935455219845
0.9799996935712526,0.7195718543030484,0.6687508003641314,0.9316386740137912,0.8661742010544456,0.6142278780806433,0.5597907915905211,138.59281440460157,-27.01632884487594,0.05667408167359214
0.5528947277446372,0.5057957025294607,0.8708427070656612,0.9965941704227104,0.1162450638691336,0.7355227315955513,0.5108859942159049,154.84421123817762,104.92439708835602,2.162472541546257
0.4748162313545606,0.979885296742694,0.7087186420677689,0.6826107785461835,0.3197511905525282,0.7086187957738114,0.5560104435203291,149.19744995066745,62.749389916124706,-2.0264086182623626
0.5465152856753561,0.8082682953778071,0.5580086976734745,0.9323704224689258,0.7811795198545151,0.6120233855089857,0.5381553351550691,143.7184900033434,28.969873110753387,-4.025640048705703
0.8141162554570549,0.6940994354175347,0.9423537856713718,0.6735459285279943,0.6803903585835513,0.8537041378262115,0.8771071960247425,139.2984219664458,24.876754154561883,-2.5079795846290223
0.9584271034433486,0.7081025779691598,0.7414247067916323,0.8445671990327098,0.0162594874318587,0.7794722973418726,0.8768134782995767,145.04972685555026,9.699745436627019,2.117795651655354
0.8287633288467254,0.4743833974029952,0.9292854033627944,0.9772819387654104,0.6238302425498831,0.945784120396108,0.3997205878194941,148.4918584972364,116.22194691370949,-0.8592248698625328
0.9864424965131976,0.6858343001578544,0.5387574706744774,0.9028093833328124,0.4141355969370963,0.7621818281711791,0.8517817729138358,141.74079031304993,-6.575169655211439,-1.4690619713132242
0.7811762684444448,0.5367271933840629,0.9467464228811182,0.9083391802803772,0.665804081647735,0.7594305755035982,0.4048658248086864,147.6165810192762,71.29700334215919,1.3236366833174145
0.8915957542571387,0.6096133894853819,0.5052783181833814,0.702935820171891,0.6995970953093396,0.7673424526803383,0.4923898073376623,150.97719872075675,44.92274212428215,-1.6160366413805047
0.9751583018911258,0.6639034595438496,0.7811873597706618,0.9178283517451884,0.2042958406387223,0.9867604326933832,0.554671837952956,148.14964599798583,89.96337332676083,-0.10622293165907669
0.8864822459988843,0.5549280279138202,0.576078668588181,0.827900645139124,0.917139944282598,0.8893598576214748,0.5147785660530996,146.43611354504395,68.18896080958966,-4.650660584897235
0.7879971741502244,0.9062615755246374,0.7787004641300038,0.961337436047644,0.0805907919620123,0.679335390818117,0.5322617280248616,145.60104803587367,29.072858593383256,2.740585487643935
0.7905506759814509,0.9623066669486648,0.9057478516122676,0.9123478277285496,0.7489069336838379,0.8196883761109464,0.8935742977162159,129.08233208543209,-5.798655483537351,-4.858781245492398
0.5452076861921151,0.4472993490269263,0.5842308100497225,0.7906592669741658,0.2890012308123892,0.5746868653275828,0.9773376898099926,151.44584078565393,15.594244558475761,-0.41864673173601236
0.5761883541064281,0.6598179438480201,0.877297161783548,0.8503761232250974,0.2220969415995646,0.8659014621003407,0.5422210949160587,152.1302980009815,114.84154185553137,-0.682185531672312
0.7413503325387838,0.7280828386635012,0.542137924137873,0.9740605552762578,0.7810653634910832,0.8775502718696262,0.82561393043198,138.17681463400487,40.42514026841186,-7.875842573628962
0.6795249153313891,0.5757316617182768,0.6284539920104439,0.8182482143655033,0.4483277727980165,0.9360480603908156,0.5138914841006232,153.76636509489916,121.14270346399287,-3.6391332450209637
0.5313490602672462,0.7393118620698018,0.5218242982848712,0.9385535073357368,0.3294382344726004,0.8076773023789691,0.4870853057963814,152.66878077599355,104.49627777926,-3.849893363726276
0.7142818292298179,0.7453088538008523,0.9157061383775452,0.9335899612188908,0.3548487668059942,0.6476536045431978,0.8555733720614068,139.25165118875256,-2.772129502298137,0.8725304088375758
0.6833797708129923,0.4854868063478197,0.6716261246550835,0.9769308174047244,0.8580077735683723,0.7373676149330332,0.8938161529762194,139.90302977759725,22.1069229700623,-5.088896225786357
0.7642921732710779,0.4924317038378218,0.8509440429213999,0.8045422340775219,0.4371638041546128,0.9874954462743992,0.6633481086533362,150.07191663849719,111.19611005557637,-2.3784260368201866
0.5570185769197372,0.8850151932018823,0.5827647015724912,0.9729097098748676,0.6115468596416141,0.8556347673783824,0.9603752645257088,135.98025530318836,38.019324319517104,-9.046311233330005
0.7814985692493355,0.9135089333573136,0.7068244221710338,0.6982266361800212,0.4703308376285953,0.6464027039369729,0.7250482235485292,142.0993635906291,-12.015757689245577,-0.23021807066149838
0.8107104017108405,0.4142400907744906,0.6830799738318267,0.8657910675212105,0.5688253562938524,0.6367592057046206,0.7348558361733819,148.2224936118959,14.81160332575397,0.9613217097898193
0.7015711278608661,0.6652193966891868,0.7957898405375496,0.7408179924121219,0.551961605745346,0.9467495129778828,0.418160120414776,151.7023780046252,120.80857278701596,-2.6953112373030246
0.591111602511313,0.6770905511103091,0.5906939702134111,0.8998679966496717,0.1017958846525134,0.9803443810328014,0.7169984658292171,152.32273984387513,124.45809736688031,-4.80904728662143
0.8259049678620085,0.5919161380886573,0.5250012457886076,0.9952393128454716,0.6019978332854381,0.6746747544323364,0.7678768012245044,142.89138741975935,3.5698872523589094,-2.216688917719906
0.532090893711411,0.6170428829498404,0.9737215031999048,0.9847301728923408,0.0502619994837904,0.9204302477724344,0.3377451097863095,156.27790296773532,164.89720885200373,0.8833432782630015
0.8237685874046803,0.3623596429076239,0.9375905272000136,0.764791024382513,0.7324979596981157,0.7222322698041125,0.513415899683631,150.399121466127,56.247052433658205,2.317959507689482
0.9503803357607096,0.5911365124683554,0.9431151025735068,0.8033445830541603,0.4619637636510953,0.9525929383951156,0.3187841830345103,151.14869425703412,108.21617879945882,1.6422040798029482
0.9663935101990516,0.9987309828282646,0.5707537840641272,0.7914173601575426,0.7383045667438861,0.7996600048437352,0.9060107778336388,131.9122151586443,-35.65118629235053,-5.426290941604239
0.8319947736288796,0.6584097962188067,0.8033458533242332,0.9789398977514244,0.1365611734922676,0.8326677275835914,0.9947324154215512,140.89113595100176,24.700728292011576,-0.8649177844760161
0.5866368075170871,0.747017659540427,0.6158646530646473,0.8761517892183319,0.2011228844171602,0.954740316546017,0.5948535433222448,151.9757914711471,123.94548273764423,-4.501427265368391
0.5582272392133079,0.5351052365486777,0.7481108330112509,0.7812119180514007,0.2852166885002621,0.7880663862748877,0.9544357328502832,148.86250234576494,60.35051231896974,-2.5158315794702646
0.6021158305175814,0.8608926051694488,0.6501400959266966,0.7956629790069323,0.8391692185091915,0.8167053097225944,0.5837617256507843,142.24995577605864,59.767957166785976,-6.433592702944144
0.9171231865569904,0.8964377880256611,0.5724617872601306,0.9268971815425636,0.2849221877021763,0.6270558508364086,0.5869411139028984,143.51311310465925,-11.878213644896059,1.5497147425706361
0.5845438182976013,0.8521267585473115,0.6564890938836683,0.6994662939989525,0.9912760455882696,0.5857730065594702,0.5521727894626711,142.31127513559676,6.166320187445242,-3.552071304445323
0.8756507330925917,0.5815815806788123,0.8895636109383905,0.8710490541352021,0.7966699341299389,0.6135187669040781,0.8752927816599793,136.32087843900433,-36.73501011289745,0.3985197169253977
0.858722389567594,0.600433961861127,0.5824323983011043,0.8841991231798944,0.0672313518650191,0.7092865762467376,0.340584814432263,158.35813807744555,73.57467168815307,4.0695168361160245
0.4557210305624826,0.7843439399774494,0.5358019716100981,0.976830279100539,0.3112472507846377,0.8150807060788565,0.609661469817329,149.6978202200752,99.41055071570804,-5.327090288647777
0.745505985576929,0.4979802407504854,0.6609715462650304,0.8446165033146303,0.8291151200478495,0.9910518278640296,0.4637927078904476,150.15575019020193,123.90908363584701,-5.660674297736812
0.5413258517391397,0.4162473434497425,0.829976715256115,0.7063789951463796,0.3030239720980702,0.8835218603075329,0.6651949380280382,157.2126956629565,126.55628883767844,-1.3117058985003374
0.532968360753254,0.8567677047101177,0.8780008775549328,0.6721659284341741,0.4229483362776181,0.591552972863226,0.833270763205954,142.93963211725932,0.8640632708201107,-0.11274733671626003
0.9793139752951022,0.8584553383079182,0.6058593465668869,0.7482754280217822,0.2773814512183633,0.6803895267567057,0.9199963020600056,140.4004307295072,-41.046656876851586,0.4440473123752958
0.8451867149245821,0.983456251430058,0.6780177383137096,0.8537832832383733,0.0474643261691444,0.6772225037883389,0.9461644257259316,139.05813545164634,-29.50075522918905,0.45328454234648335
0.7599024910570006,0.78519259837825,0.5376296861183721,0.8930269861693346,0.4673681831890563,0.7603002852042271,0.6395790688079748,145.34926279879306,37.56881580908275,-2.927894486498134
0.5566438278347569,0.6487632915941272,0.8497622545170582,0.8394658230879433,0.5980514353771438,0.8318700284945135,0.5682678624893049,147.70659483217432,94.51517424438906,-3.072488229097425
0.6778776815886525,0.4417078688600986,0.7487412984420636,0.925162429727977,0.9879399854994962,0.6479679508544977,0.4552117135138924,147.16640993483531,49.6566112037943,-1.3567181794945813
0.7315953500750458,0.591547686134242,0.8998750302868451,0.676180445590686,0.203979652861334,0.6871541446137204,0.5586502673126365,154.2123748392663,56.06493583650909,4.304542151782337
0.8432735677597595,0.5270913161548552,0.6155671213540406,0.991649934160638,0.560831610023539,0.6290649386340378,0.4860847162736828,148.79749415960666,28.072597714121315,1.3771927033035414
0.5959357854842572,0.4064587248269594,0.9520714436612157,0.7121916971401029,0.7136090667893795,0.9865839203746732,0.773473077820378,148.5227598032033,117.97486759653489,-4.766810716373067
0.9423912202981368,0.8615049147243838,0.902518598241798,0.9217378746631112,0.0283592303000786,0.785411767171428,0.8066622505625582,140.1966593026709,7.935091310807098,2.513130927404084
0.8916973170456055,0.8733089545246193,0.7126533144828997,0.787919223619908,0.8571506782409619,0.8602323297471028,0.8789045728454994,132.98861691420686,-3.2660602279836053,-5.975266785599154
0.6435800692526901,0.7370332475029107,0.918758707930728,0.7427195311523408,0.145716449396131,0.9115681360252688,0.7075723076048352,149.23253944406338,95.23693234875542,-0.9177279086229416
0.650731373222177,0.9216009616539866,0.7709779509256267,0.9504140529982787,0.8684304816909754,0.6796725298270772,0.4460871357229837,138.52120982324251,29.0763701501102,-3.2152617762296245
0.4307517386433003,0.7722675655547304,0.8678481583786484,0.9752694411216064,0.8222019061528724,0.8737144943886519,0.6662038404144903,139.38492951473987,92.38557250410922,-7.541339732663065
0.8735607940318221,0.8611158524748677,0.9392109377105098,0.911043098770964,0.2560773801256322,0.889181488999228,0.5724839197844018,142.33718283347517,60.49269403996209,0.444524196600359
0.9016449229065666,0.7131272330165881,0.6784199511555742,0.7659280042969504,0.517268763133628,0.8835753828592394,0.8642353603370415,141.5849253070366,26.77299478711182,-3.425616630685066
0.9745611130368594,0.4525003548792882,0.5835934635885883,0.7466466856091213,0.9133482198754064,0.918536100482546,0.6820293303323514,146.00016618944866,52.95369657643642,-4.505165478707714
0.5041503948374039,0.7120161543762848,0.5629795276126275,0.6892462816245336,0.077749619381788,0.8071785991463489,0.8729548068658534,153.3445770344967,76.12212446130668,-3.3375415294847492
0.664988856775487,0.7477009066422591,0.5294060321146076,0.9316322782802582,0.7900004267151411,0.9445844218806064,0.3701167589711241,147.78657310365594,116.44174614718361,-7.183628526077427
0.6479535266891063,0.3887880136020284,0.5324858517829857,0.8768455177040718,0.8914115753246378,0.5957921669259486,0.898977233446083,144.57526965349197,-0.3904100978399994,-3.8212331458485767
0.9091227020867008,0.6830514886410017,0.7729010438073722,0.8703283869210799,0.1537994286767246,0.6001826427684884,0.4610552383817832,150.83335059098218,17.073118510803912,6.02761743885483
0.7670001595010318,0.4033743332689534,0.5753876412994005,0.7396491409340874,0.2265540730378225,0.575335032831148,0.4986486339294997,160.67079611158366,46.10303688428964,4.661117046322541
0.8858536806976078,0.720382547133214,0.7652377903379408,0.810941129631458,0.2755640882555301,0.8088135784098605,0.6951952949221838,145.9543323844559,37.09319361364259,0.5680057679757896
0.6112047587767442,0.8939092874871427,0.6317825160762809,0.8319683070448449,0.7337383288526345,0.830420291888617,0.4381277574278509,145.0983366770825,79.26702623069282,-5.473670175437166
0.6237882510396245,0.9784382146032272,0.7293432190719193,0.896588349727951,0.6595805419376282,0.6360911381243021,0.5567433692020549,139.45837850940902,12.942982903183896,-2.4016972882718055
0.6887684672255355,0.9470223325192912,0.5847436125312927,0.8519645571781298,0.516892182708124,0.8003672200969654,0.9509695242185788,136.6145777672018,7.410585823964614,-6.354440402555632
0.5053328943090153,0.4472342656647623,0.6003446536099124,0.7517117111399896,0.5134387576465458,0.9972535533285292,0.7029664761970824,155.43444497529373,145.62135370776755,-6.908398201898094
0.746834886814188,0.6466095708645899,0.6991842469222637,0.754909396974394,0.6338600360615886,0.957982659942786,0.9330916194488657,141.91539477307268,58.43194302916296,-6.489726168622874
0.960149107246838,0.4163594972003201,0.7141468848823341,0.8320921366481191,0.7002945133591902,0.9376777697642422,0.4950383220572127,150.29879826878815,89.58942886179015,-1.6132364750333388
0.4951951778710939,0.616850360928541,0.7741446802585384,0.8707034087680059,0.2635821729504239,0.5855544404181372,0.6903294148605164,150.72623501274876,43.873028839251795,1.1748610328983389
0.7795197389618083,0.5419361185029409,0.9606216910562416,0.7405988456177943,0.2754224645255307,0.7273445573037713,0.4114953877559389,154.94427670090548,76.72400528430494,4.898437694852344
0.7981238077723427,0.8868447918292515,0.9202608516823498,0.9596219469336924,0.979941736529223,0.6004935180081463,0.6920675345377121,129.9496681156903,-39.05964855731829,-1.616522259748884
0.7378534936045074,0.7431154562764927,0.992306101625597,0.924849385514136,0.2694012397504263,0.7339652837377831,0.8648989199576546,139.50682993154493,16.53277469224128,0.8833520124063177
0.6180451186372262,0.5474636270848474,0.5762588391124003,0.7439903967411818,0.2047988379754773,0.5936093096506374,0.3905082433224965,161.3867291662818,72.13055003860536,3.250250699401406
0.8548989700154788,0.3872524593200299,0.9867692966567644,0.7353838834754972,0.7884128583911193,0.6898650361765049,0.4333936598172268,150.24051266040055,49.48478710050002,3.4729521388485938
0.5652731861609241,0.5767050949305594,0.8132485570313281,0.8611446046241531,0.8347113917409114,0.7284084383444711,0.4133447568309344,148.76835404014838,83.51739027535362,-2.184370840621392
0.4622394793300503,0.8342616571032928,0.6636768580414768,0.8870144072027214,0.5663030410525378,0.953126944549175,0.4059625118065848,149.57024158762115,141.94325232143566,-6.942703296601038
0.5583501538323389,0.54847288424572,0.6320753465028012,0.8180177341088242,0.3664257655064908,0.9957939559073724,0.4855886133446317,157.2094256550792,159.5889459624939,-4.703744961144288
0.8853645874027603,0.8045949327223572,0.914088307141922,0.9990152935785224,0.5047219380046583,0.9909427480170384,0.7997100162898226,135.07250326423986,53.24379959734722,-4.057137116332496
0.6425645208414565,0.8877501957685755,0.9679969114163428,0.9004180821633396,0.4060051390664705,0.8194260764638365,0.7326472484698986,138.99133117741752,49.08013467739303,-2.123298216897364
0.8041372957503261,0.8160057737269433,0.7278689582459376,0.8751929850503789,0.1274325893841756,0.8952146571895199,0.8041151703557573,144.15534479954832,53.98410840828488,-1.905535062081142
0.7897846952082619,0.5642703502748477,0.8483449760788716,0.9639419841277974,0.2558006519759727,0.7474274002064558,0.5032111118991454,150.41244849330508,68.2685157326794,2.7285218888956324
0.4295293348970994,0.9276939309055188,0.5207529692674965,0.9646263884610092,0.0177934167418692,0.6476504548116263,0.4720821923791559,153.2251170422897,77.42973131589035,-1.0360144115539107
0.7847839057825315,0.903727655188878,0.5076410076252114,0.7505188029976376,0.1559759653069003,0.7235153373222303,0.8902119761668809,144.577578526049,-0.4414971938088894,-1.7923178559308812
0.6507539339946218,0.7309900443778021,0.6142036294226023,0.7546838845344768,0.848045691460952,0.6527852871577574,0.9917274156711146,137.56262768647724,-22.02293150561001,-5.394484685304053
0.917312627161486,0.4036673887739536,0.5044704630397996,0.6789451982840178,0.8896324016660565,0.9273738906607644,0.7337448048233438,148.9176360746386,62.04451150168028,-5.418897489287096
0.4512798245477011,0.5272885457025105,0.5209068402678899,0.9869298405340768,0.4534138356636955,0.6720673906936141,0.9733966222071224,146.29518103805654,39.4893951623953,-5.1190988933736925
0.983140558323791,0.576275437783229,0.6605814230828404,0.917837793935704,0.2446436948008121,0.99767609086044,0.91988080681478,143.94394335433162,56.20367865367229,-2.9626406554385447
0.565562792964665,0.4146425599770632,0.506597426739835,0.9451142567980546,0.0650674658656356,0.6360134450457046,0.6390909482146402,159.33997270864865,75.52394893609616,1.230268691267495
0.8649107052185112,0.7136331326822547,0.9015014035224922,0.8875516663497407,0.835307977121189,0.7467179273027675,0.8384158321609101,133.7453982200159,-10.747286528942888,-2.2933904174938986
0.8016447605906702,0.7535621908427456,0.7287220185538109,0.8819271312024048,0.2219881950231605,0.5971009518718489,0.584784923374845,147.56213458269858,9.054902533397044,3.4011732022475973
0.9029320670818356,0.7436606886637387,0.809932844367718,0.7591173660331917,0.6246816485127248,0.661601931805095,0.84208652867507,138.25478472330894,-30.70463796334856,0.2295367525300176
0.8123330451550235,0.6491304202922098,0.6244728241741905,0.9674334631282108,0.5579620080931351,0.6120296151744864,0.99142873403236,137.57843540928636,-38.0564694533281,-1.7159360258022605
0.7023475820146763,0.8549797741954741,0.916081471621076,0.8318551219310866,0.3708665858118294,0.7406082322829481,0.7639225859308694,140.460015749892,22.98431569033009,-0.42373699046067964
0.5312794555873478,0.6441460143217915,0.8007274798684094,0.7415528065006456,0.9833987303916826,0.5996979875366494,0.6431970618871621,143.4435301291554,21.614336322986112,-2.7754260402849793
0.4549438957594555,0.4892354140626362,0.6194557599296922,0.917342129598857,0.740974773486949,0.6280802947959196,0.6818991535447594,148.81366700644804,54.292810571032184,-3.641587539292809
0.9973379427734976,0.9585150995376616,0.8196467728549269,0.691435120540463,0.6871399443114338,0.5730608383559843,0.7210664711112875,135.09420129680495,-69.0863646886042,1.9228024084644026
0.5080605243234619,0.521571439370457,0.8984130443428728,0.7839013584981591,0.7203765223694555,0.6670878342545119,0.629623249182637,148.243166075488,60.094338201331006,-1.037256406733471
0.8929957941614193,0.863539433012134,0.8684097578053533,0.6906281394630115,0.7835325338897975,0.9333835517836502,0.6537481130154922,138.41957110549325,42.50625830822727,-3.8808419271528134
0.8257152672689819,0.548309493256956,0.5005668469104343,0.9117216927785567,0.6906299781773153,0.7424960261945303,0.5727629533146557,148.0626551972961,42.67079290410906,-2.529940714583215
0.6103134587002352,0.8647118377561015,0.7768442744362158,0.913217302194959,0.1047122808546079,0.6474788710288643,0.3961093368719429,151.21299904248318,62.9201726612172,2.638050138769357
0.7607078133302223,0.3516047803960378,0.8370293334180491,0.7159149609834907,0.8109889622818774,0.9936371748119446,0.7259023488388444,148.79467518729862,104.56331218629573,-4.536583939044662
0.5485416017450448,0.3745754176946812,0.8305130471325537,0.9033097979301408,0.6510352877733597,0.8158776575704048,0.5320697664115919,152.60416456122286,114.76951861618012,-2.1891501638440034
0.7671610877025681,0.8526078654211973,0.620791458356627,0.7934523672535139,0.0946571332967548,0.6659538702006021,0.8264107010006146,145.75840575484244,0.5709814810995576,0.6281875090815675
0.6046980364179912,0.705742060970389,0.611795798596368,0.8444546037790835,0.6025998521907039,0.7319478809126272,0.6877211464430493,145.95229735492308,47.254318920442785,-3.8859391731921336
0.909219309939274,0.6520182072774314,0.8286530184045937,0.9588271377798324,0.6230932880016874,0.8641076342145729,0.5133607743781571,143.0712861782501,60.145388970850995,-1.0411465941664957
0.7520213174613124,0.7469382722231003,0.7684756475159374,0.8941906989132618,0.2325525212660278,0.6120560959167501,0.7090606075177155,145.194616662711,5.112356707893653,2.3186914288993776
0.4633363888304373,0.8199135378052141,0.8019107475502251,0.9602453837054492,0.0843251492677618,0.5821612236756466,0.8657239761291736,144.06371477586023,17.561951424827164,0.26695032883918834
0.5239230105039321,0.891859781490275,0.7314867729284764,0.6984915135246662,0.2667328307850153,0.7677136593902993,0.5562367193227031,150.83243241143043,78.74932589861082,-1.6602471280183235
0.6901667890828519,0.5410226548976576,0.6050046117513174,0.8613400559658688,0.7347976117338886,0.6396681875341224,0.8171849795307465,144.06274827106893,7.21975087907964,-2.7372456061926482
0.5688217068896242,0.4474279801376487,0.8764619053506741,0.8548366991898599,0.0731698916186511,0.979966972018512,0.383514157343209,161.6233295391966,182.37301580037564,0.27069552949316456
0.6236406790523041,0.9189302175862976,0.8082903752873882,0.8581977194261159,0.8077333380475779,0.9083660775138686,0.4927613617162335,140.40256777899023,84.79223067303002,-6.191953893958823
0.75442284887191,0.4974613945443262,0.6888441059811381,0.93228025162742,0.4915301118909732,0.8672093209595753,0.330300173071983,154.79509668636544,119.1102870833353,-0.8125775572395009
0.8543413940427833,0.354030649553511,0.6940956851233774,0.8774802094024353,0.1664412327902911,0.982440467151291,0.9179809932212936,151.20157817753244,89.52508261197298,-1.9343123174792782
0.5934769698920757,0.5307235919221083,0.5952293667583983,0.8604444096669001,0.8756827785559395,0.8089846198005027,0.8722484358253426,142.92999928617252,50.46003116528656,-7.346935170731624
0.4338017944054102,0.872735094101525,0.9089210612243498,0.9407638002999056,0.4899999622806802,0.701131536750962,0.8925415199554916,137.08883629883076,28.703902960728104,-3.963580466786947
0.886244906726076,0.5576755083521847,0.6777912088534032,0.8605618284822936,0.4054917923068118,0.6852295513830908,0.7942601308815093,145.69170081582828,4.390973976832591,0.9588342257733724
0.8079798904261257,0.918675479311369,0.6534973615430384,0.7779195197211649,0.7492393750384545,0.9203277570509604,0.5779881731704188,140.69867799969492,56.71035996292146,-5.855540022435347
0.8430020362402828,0.7085999249782977,0.7857777379219635,0.7070421658660673,0.4526234788810573,0.7589229882019171,0.6163159424507798,147.25428669825044,34.947450821235115,0.7339684656124361
0.7716759838725382,0.8145642409152014,0.9435946826117804,0.864277867688078,0.6039761952533838,0.8298090690148077,0.467500655223071,142.46403658733573,63.471099585225865,-0.853069045653292
0.592376897882495,0.6890120098620425,0.8509966552420465,0.8151391970097039,0.683512967298377,0.8555954637164963,0.3896913957282236,149.15177722980658,109.72166793001395,-2.83353604259616
0.65942800117883,0.901545078523307,0.6450207049947945,0.7005246032828708,0.3038648132324548,0.848920943695572,0.9384594194004876,142.79984330760828,35.53767085413666,-4.771951633128968
0.9994439616450064,0.8553586285932404,0.5940721244000134,0.980188822125917,0.1111644393496912,0.9196209602340132,0.6829352629854071,143.48775846230032,45.28297940920144,-1.3842272372832085
0.7632992631011966,0.5068640378175062,0.5164643272107408,0.6896357753109756,0.3676865993732494,0.7144507758625332,0.562481773646309,157.32812318239525,60.53357340379024,0.5048002664539516
0.9759648047274506,0.3975960330594765,0.5172005556064639,0.9510900316929146,0.6680161091453926,0.6996911270936962,0.8788854023208129,143.42823250609723,-10.000233107326235,-1.477362901120918
0.9644498595036554,0.5263150876393132,0.8420574962234526,0.8279412272823606,0.3230868350485435,0.8070564042397269,0.7834154892762871,145.9021840814932,29.08700169082143,1.8250830662143642
0.7826009508401323,0.8669725170300446,0.9277284299706046,0.8746603631069894,0.0694998454464257,0.6575315069335739,0.380858443411,149.2559557073686,44.74241763194541,5.454565055394544
0.7364214354486801,0.5167607474312599,0.5020832192799431,0.7160351809071726,0.8025644753466714,0.808628196208079,0.9606788698254156,144.46133484700871,26.11530442978775,-6.378413879129871
0.7946198494727875,0.8512088330246719,0.7442254328450166,0.7166735248083812,0.270763474993574,0.9142891896775592,0.3251908774632278,153.0285353372066,106.90939534438354,-0.20935918959380728
0.6859317682213568,0.7322500668187955,0.9608615788238716,0.9257058792998288,0.8367506346334351,0.5856327874555548,0.6814690323318253,136.43164794229605,-9.88130031362952,-0.2413995209348667
0.5504617857199978,0.416320440695948,0.5153892672433146,0.6740436707027965,0.6488938008444667,0.7984059797127236,0.3869400277233902,161.47639933303194,126.06963551058915,-2.996782421661476
0.9992130204833622,0.6466269816413722,0.5549918535484436,0.9791109079629264,0.8612115409800837,0.6088347244856278,0.9068851373355112,133.97623178100912,-63.96047268138578,-2.2140704215537164
0.482683636751905,0.8422611334563415,0.6031271834786378,0.7195728908192214,0.4859001074011686,0.7614081088992435,0.4036656930493026,153.2772975620788,96.69812742928585,-3.3360043202611025
0.5693636544557961,0.6509272012456582,0.8731291296585892,0.7856673503744055,0.2900769114431262,0.9880024522578572,0.8017689152579407,148.13322078600447,114.44074003600772,-4.2369486716112705
0.563741027069624,0.7247927101064593,0.7542143914152525,0.9175697560366104,0.8150776321379997,0.9804053952108784,0.3241136398250062,147.79047133964758,143.5817931254931,-6.6500212806616545
0.9822028744560451,0.6217183561379065,0.676222218709312,0.8640986411832499,0.2538347584554314,0.9655324967359518,0.4949875873095028,151.37132863571435,92.92700611613884,-0.18103261599078585
0.4498595306223377,0.4021920524076405,0.9234609230034992,0.8412278683917955,0.405269848787972,0.7953157926499179,0.6234543550389632,154.48657224856336,118.76111725651403,-0.8072025654427263
0.7912538143851975,0.4379031755441065,0.7463794203775062,0.6970409349137597,0.8751750749402838,0.7860109448371215,0.603877263542125,148.93000733596747,56.189051203582125,-1.9097449191595388
0.6518741943282498,0.3788272965813279,0.9586945260151928,0.8178890410481306,0.5250902926338606,0.6522211191365703,0.6825041451367069,150.05179723042457,48.64998108715866,2.349400676799052
0.7258093769233516,0.6892549312819228,0.9861472937530512,0.7700897424951902,0.163615976647484,0.9755084913610916,0.6161976266919309,149.8342853271383,112.58605686099874,-0.19897254636221098
0.9093618342803786,0.4137966956579243,0.573036712864718,0.6701481450105022,0.1442837413779733,0.8548269094095361,0.3592809267330359,164.40762580308498,112.33399974090193,3.0362676818124243
0.8930725240729389,0.3625522901155318,0.6075108695300533,0.9977648348677376,0.6508061226582145,0.8628315710462819,0.4227364028957703,152.23433687229587,94.19436326534193,-1.3642312895751556
0.7604753990617313,0.5014381126692193,0.9652689011365494,0.9723615598976536,0.0609798864055205,0.5922002327163287,0.8605506585554901,146.23108029250787,5.510022343995648,5.321175471841244
0.7073327815552628,0.8432830707098051,0.6531612381258662,0.9702743704863922,0.9852975657673694,0.9381924295373444,0.4958137876988016,138.63141016260155,80.40772516139994,-8.299579536613232
0.7575687987452292,0.4332197742504192,0.5399898424154641,0.7658219381807619,0.4770673740979707,0.6539257438399465,0.862908871229218,150.36297955640276,14.328292031963432,-0.6888793791098291
0.6968973447355082,0.4415273221821774,0.6256462298749927,0.783092777364184,0.1976371433412028,0.7044102405927999,0.4520156301142806,160.83279305355077,89.25307016261408,2.6575849237103157
0.6773335946365671,0.7454327634442626,0.7154993084565706,0.7822672169267244,0.1907471627850279,0.9520562175991004,0.7047482070086957,149.7337688288412,99.3496675873526,-3.210215188221538
0.633768791673313,0.9727804383785024,0.7916999165698323,0.8556633198707738,0.9309711564329534,0.8778561642831549,0.7173708486729997,133.63140703408644,42.56631803707431,-8.019458965591173
0.6379482379864309,0.7679269686669645,0.507159270345929,0.7583315961693253,0.6330625746767624,0.8155578353106614,0.4950178867463251,150.18167936596458,79.71524617484651,-4.846394483441398
0.7631863638534641,0.5731364709841668,0.5706910316658732,0.8413542235793003,0.1797258438003513,0.7308877593540162,0.544410097992542,155.59861655304132,66.92981343783782,1.2708527616004375
0.4409329446139565,0.8252818175734898,0.792394885044347,0.6911240418453632,0.0640368714177773,0.754662427332101,0.3250627688308082,159.34440252227552,124.45572403888553,1.2012049559685882
0.8317346408516328,0.38758531619712,0.588266078157669,0.9915499573698832,0.6273058489534343,0.5887637050749068,0.6802900578546077,147.60947720906,6.550532928638151,0.8097057159643232
0.7663039209960585,0.5416532840502348,0.6290101509390529,0.9219619357460892,0.483670950001826,0.6390527041690399,0.548764175293549,150.1411022731424,35.386831329489944,1.0016367685086236
0.617615464737791,0.8551809953341821,0.7486162141729942,0.8965828935039697,0.7138565370402248,0.8835347698870044,0.4686491828835104,143.35318877852242,90.52299438087275,-5.399559222570751
0.4778968760735447,0.9568065115579204,0.9876204330961078,0.9769462407225044,0.3481125731838989,0.6909548476854471,0.4739111966605663,142.94626341402198,65.52320490118693,-0.1362579036947421
0.5810961220911753,0.4488065624826763,0.9384765988530476,0.8130897958853452,0.5669808106734903,0.7259569758818838,0.5040406083669354,152.50327756942238,89.1772205373121,0.893359593817992
0.4789010877920469,0.7639548130109631,0.8811281175402002,0.9136554156444736,0.5848279322208548,0.9052508289559252,0.674091465959541,142.8976267451344,101.64603194571339,-5.786202278891222
0.5333572448432948,0.8107291847248369,0.6672777304902803,0.719985574373308,0.7773769944262428,0.7567426619832568,0.7617938051889841,142.4575985915313,40.640846721976644,-6.07914544571576
0.7384569656347706,0.6188118018362851,0.7553312701656251,0.9971881447898682,0.0598548867902515,0.6279153020751048,0.7887767241213264,147.17854493943744,16.992364814900494,2.8354627396588894
0.7501730640466406,0.7165700759756432,0.7487038572039049,0.9572507448980184,0.1032763437841595,0.971938833760901,0.5432935286565195,150.45480825052013,116.89861178617537,-1.596526312040831
0.5852482847067157,0.6677329060581684,0.8932005672785013,0.9735734337171088,0.2433724007027797,0.6454215365374214,0.4980493780421891,149.72232648600618,63.763140016744636,2.554853930025456
0.838383958978709,0.5067784589624391,0.5100442537555369,0.7916835291894518,0.1160730329752916,0.721971453395532,0.319069460844721,162.6191194256921,87.98748090059075,3.635305888466996
0.7552774953752874,0.966290555217402,0.9275425606008764,0.7811367359146801,0.9696454792385016,0.6336069744687884,0.8559531651579367,128.8169030223807,-48.8412956700988,-3.059638557450667
0.5667435271409361,0.5728455865062475,0.5171448644000537,0.7457032776987297,0.2929063970785925,0.9057517936816728,0.6769890939597824,156.23749232851608,116.80116003259451,-4.5778737281575514
0.4835143326418851,0.4677301036514144,0.6850200573631344,0.9590320298770968,0.0694930088303739,0.935816218770232,0.8322980938213501,154.00271847214506,131.43589963017507,-3.98370043933009
0.7805176191470066,0.9200666266356944,0.7284016001558654,0.7178050975610014,0.6394461489043667,0.7828443872082449,0.5680369041065803,142.4555743009406,32.080930738581564,-2.4946023707259677
0.911214060142202,0.8694779160717536,0.940573506840652,0.6699980998745173,0.6325572908097853,0.8279357430180371,0.6079750926888918,140.23935196709186,24.432857057827224,-0.3184416522981904
0.9947977562348372,0.6865481059839867,0.8729755830733574,0.6876053038759998,0.3932960424551092,0.963820242820248,0.3556551800912675,151.58858280438957,96.77443718960723,1.4860620529110098
0.4389372758617477,0.4829656214116687,0.8880113692219569,0.8809370237515011,0.5636018919593894,0.7012807215289779,0.6778228381337761,149.4064297644348,79.91981251741547,-1.5422331303588188
0.6562277747265384,0.8717561327191233,0.7675890899612354,0.961298737432798,0.4211497099576732,0.9678052809714128,0.4371159135617378,145.81151519312542,117.5141513539598,-4.375070414013275
0.4794537563468594,0.7025503373472082,0.9409021322999516,0.7931197590669716,0.3587834333758762,0.8747427241958492,0.4946867333260695,151.66937186600168,127.189240883302,-1.8004772926168529
0.7112181976020292,0.94693487586972,0.9921494927636936,0.6944255939744197,0.5052809726522697,0.6720257644615963,0.6094382746354394,140.94894904593582,11.459483383029218,1.202532545752647
0.4512713915728047,0.8651001792607176,0.7520559222249246,0.8009689810374437,0.4111693621784296,0.7519054641679539,0.4925799761856558,149.50242516809698,88.30778330935327,-2.6544948387578717
0.7627020004533678,0.5837193980545717,0.5356698380899458,0.8278622466955923,0.8526046264523146,0.8962965357604554,0.7118025659531678,144.71168643531553,64.22622958731449,-6.8401321377388635
0.9541952384478016,0.5069073615173109,0.8401922757426353,0.9207272905696956,0.2651395310435931,0.7096574818551337,0.9984860373793092,141.45032340643232,-14.130514020741847,2.23976272257976
0.8781107784403799,0.9590487593181808,0.9380814381914816,0.9048957086876362,0.9019078222761348,0.9303580606683964,0.6766264770987795,130.34317517200458,28.518395895015047,-5.372811782079294
0.7257450019092229,0.4576027720233664,0.6828812244463976,0.8382749198134407,0.7586294153596446,0.867618569194136,0.5195269325067078,150.6816469250426,96.06067090399875,-3.4333952587224523
0.581050405944278,0.9896274668816036,0.9490855793566928,0.8900347836600855,0.3423239232883721,0.9543696484171637,0.5405821955448045,142.4830015591298,105.78121692973043,-3.7730136874286333
0.5690808409798095,0.5430368503630734,0.6656972713704024,0.7985707433721536,0.9003849303408205,0.7810487340187411,0.8368601944533446,143.49931356402766,49.168504818749035,-6.443042172597914
0.7911841184441922,0.6802914546846196,0.8993445781132141,0.7046033494320849,0.9302297477062574,0.8424860119578865,0.9625950932059152,134.98027454452827,8.159152847618746,-4.986264801335301
0.5179172571959573,0.4540722198308919,0.5389445761280706,0.8927833026331247,0.6764058340392741,0.6037381439502857,0.9922942805086452,145.21666908036627,10.475678385118716,-4.380777303256065
0.8895821153128431,0.5799953928088115,0.9063602632627904,0.8564091883940894,0.6830739484066057,0.9599336437371904,0.8205462124112021,139.47031752831734,54.671186862768586,-3.5097735951937468
0.586803072009861,0.7041296015653125,0.8691385134631059,0.7701002292026359,0.6000931898056924,0.6064632870742992,0.910448725305582,140.40406049194573,-6.198633903552609,-1.1638141433848588
0.716963330286789,0.6141835143819766,0.6755747734711708,0.958724270660042,0.4513235211136017,0.7239017292697639,0.9934879544219342,140.43701830532967,7.304645790157594,-2.9427547579362754
0.9149581126262856,0.3723479065833313,0.844414657436282,0.7013638784664532,0.3359382893056095,0.7248749213471849,0.7357434657899458,152.24430261058856,33.21814233019433,3.8856404105379014
0.6301199429295018,0.352914500392132,0.6992802653553918,0.6708515818788334,0.5331799483524132,0.7189709595327842,0.4836887069149562,159.65961732102193,93.5278940162005,0.7682167883838248
0.888990636493364,0.783324284789544,0.9289660054677564,0.7677942014193024,0.0144248892479823,0.8540669183992085,0.800860317212942,145.09463711152017,39.18166170495198,2.1408031319788248
0.7106738001088435,0.7038357146231471,0.8422698567090767,0.7025604354171419,0.3485190487582449,0.9922063102863508,0.5812881083286254,150.63766021809548,116.07216085608087,-2.5545028724169647
0.6700147497839267,0.7381303541265924,0.6068517607239683,0.9652531772341416,0.4661920754319564,0.8925393279947377,0.7311603105504059,143.9239420746224,73.85830860115978,-5.640077440968606
0.9994565804771974,0.4429760573184524,0.8995354090249471,0.9781157401557028,0.3057765094937981,0.867289052930536,0.6042041543624713,147.82704280705687,65.10353754586818,2.640478230611254
0.6611993710237272,0.6494780864270326,0.7306714144908077,0.979852724279598,0.5993979478301871,0.7584455210648793,0.94667652043129,138.39393456590352,20.1581785100364,-4.449474834095114
0.5868041170292381,0.4303092002922468,0.879461547723577,0.8471921879475206,0.0979207425497627,0.930882843990018,0.7135751532186487,155.40602436495791,131.48079912101477,-0.6598296184402284
0.759354409224362,0.6586827413443315,0.5225903857481943,0.7153861356370992,0.1951282647741689,0.7763678524474665,0.8841183326229091,150.10892840253362,33.77815086642785,-1.7480776732057874
0.9901306074218492,0.845065724029086,0.7633759095090165,0.9410975619720684,0.6207234875059277,0.8108711653738895,0.8932081597749829,132.1296894756331,-20.476369270165932,-2.876135953206476
0.6964819006210486,0.890312266863709,0.6520354023594499,0.9218086301983456,0.8453542947720721,0.6651191322058881,0.621399151558051,137.46305621508716,3.6031743883670817,-4.084059239690276
0.7840432228906677,0.7556342988298237,0.9064371616021168,0.8620436286936762,0.8353669364121765,0.93197259622482,0.7419679588784028,136.22712478951092,52.16471032397353,-5.315781319881992
0.593255020429524,0.898287710275142,0.6624489689930381,0.7778034287461979,0.6536915711354166,0.9409683790027054,0.9692100323154746,137.2562993623399,50.78217411412665,-9.259074091097716
0.622422319752675,0.3888383963842361,0.6369009525388651,0.8408072568247561,0.1953823506469358,0.6930858027236171,0.4714622814870215,161.2484277001152,97.99822681776364,2.2716109027678635
0.9428753087605806,0.7318751291821497,0.8550176476293032,0.955726131075902,0.6502436619026809,0.8335704428081852,0.7608157771998807,135.88195908117575,13.31991824578062,-1.9532374592167678
0.781869086205312,0.9168536707513992,0.7772805689947861,0.819402811612107,0.7669568761509095,0.8061022171812725,0.7118598863900106,136.09047712043164,16.45774846644767,-4.3630103089223
0.8947067540978318,0.9977636553328276,0.7826030226155577,0.8287001112114286,0.1999916500279401,0.7553297227003432,0.8234070772826644,138.0840731298068,-10.145248291332734,0.13130209582432487
0.4482977909280596,0.5094941173920107,0.5099691032624325,0.9436883439657584,0.2962722832800435,0.9162833280061596,0.6224678939275394,156.50190656153657,145.01036705491185,-5.793569528778416
0.5778386642489579,0.7967781278765693,0.5761990277665663,0.8312957227012123,0.9736491348414608,0.9531504756127464,0.5564649074533846,143.09270499831993,99.26640736647512,-9.816748268421211
0.5671970859812556,0.4671946501845299,0.5535998562265682,0.6758026925308813,0.6721722679960387,0.9533969602653948,0.7880482764340556,152.47663962347943,110.92833569192243,-7.45673732684526
0.46643614819724,0.4360498800386565,0.5384635504960031,0.8355971521685408,0.1681877281541835,0.983641930690764,0.5414763349606955,162.6205960302344,178.2565026110929,-4.537520239208156
0.5480946467891692,0.8315448912173755,0.7829620167544362,0.92784692902768,0.0574919131921834,0.6572651347437911,0.8405836354375302,144.66791450721092,27.441050291188528,0.042344846149074085
0.6933119685377629,0.4860246220622489,0.7119156177041568,0.7702327617842883,0.7436704123562022,0.9281142061722804,0.6114560796456152,149.8785673549939,103.0263401333611,-4.7213180574964335
0.6378637703486005,0.7912591035856897,0.5557536267392201,0.942658200134453,0.3469613105375889,0.6474053278317434,0.3212122739793063,152.57743533427183,65.9030100332467,0.2481072880488706
0.5590108518226841,0.5686218904632749,0.7598507767886152,0.985455586599958,0.7986674054691365,0.8473865137463816,0.4883769158443903,146.80774537624808,105.93357005641461,-4.928222925341986
0.6193168660033307,0.4249469114523602,0.6089894655119543,0.9688298553295422,0.1976923880400485,0.5856155166732128,0.4253330064897181,159.2663626298476,74.52698165486777,3.3685267213603955
0.982409867603898,0.5915109151018035,0.982821327236461,0.7497168467896685,0.1113011349583194,0.6102361089405545,0.7416811155720286,147.23998242733893,-13.817416357677711,7.570860208704589
0.963811195160674,0.9984583399727012,0.6229514597279577,0.7526848544104705,0.789987111547855,0.6467758433926443,0.6566106194354808,135.65549358489216,-45.65253576807476,-1.6266416381950053
0.4333645951764049,0.4418904016828559,0.7633726410776136,0.7445411679573808,0.6068419272322311,0.7409105391829082,0.4173914497911384,158.22028764684822,122.39526363967761,-1.4326720366007093
0.6082161769991835,0.9965712582636717,0.7416170639347435,0.7908364028430701,0.9380168759364164,0.7115707983172442,0.3777144542543114,140.79970459774304,42.843585712707316,-4.223091079825826
0.7312321385227413,0.6874066087196824,0.6417434677031086,0.7736954748730069,0.6252176836500302,0.9165180852459752,0.3122241274747963,152.94552331457444,117.92057166424655,-3.2533548688887937
0.9918574571470232,0.9200213872458776,0.5973991937453351,0.9968312823103274,0.4030857732740232,0.9626422742337192,0.6902253587608997,138.15724828145173,40.782665178479995,-4.364323924077053
0.8815745681058116,0.8336026232649438,0.8822673663682283,0.8766439893500386,0.440357544336389,0.7030120306644678,0.7347929640531575,138.27707876716204,-7.2970367389244934,1.0310987807427479
0.5312598814809383,0.5504831382251162,0.8957459657764812,0.8909410784427677,0.0066711215637517,0.8506952319792536,0.6803343501450866,154.15481410947223,117.01274948861735,0.3492381866782073
0.464476118914042,0.4449961007425712,0.6073794646064159,0.8866729804458632,0.6421197587825647,0.7434554770148398,0.6665391512208867,152.0612519725839,89.38793815856135,-4.3844700990501435
0.8303476138963068,0.6702459968522776,0.909814944739046,0.9581329670877866,0.6445089249743979,0.7822943726322396,0.8973664254825621,135.1446796942671,5.182805801125936,-2.1303588983541606
0.6182327158046457,0.449816375595634,0.5536065427473652,0.7978172818814311,0.6690737935899186,0.6893205217009191,0.8004052929215166,149.5347386449534,40.29802191489648,-3.363848769153071
0.7524143355342705,0.409099332013926,0.6934349103401666,0.791696391152237,0.9323141962044912,0.7151287745378454,0.4778620942647081,150.3326957396081,58.595557355005965,-1.4013182089243015
0.6118514888230546,0.4166294835461884,0.9764335381500886,0.7241515474932342,0.1164439240247304,0.9244745405718068,0.7654024659657667,155.28662343693262,121.32646686015876,0.3858115384003619
0.5801509744790793,0.4986881758654495,0.8445382416791902,0.8286887612081124,0.156662713367924,0.698310453706417,0.3478576398093835,160.2040172531453,110.83613916461569,3.881105643328143
0.5852955404112938,0.9467787231743297,0.6170268818293037,0.8890298988341934,0.1310993955437246,0.8472248022934659,0.9863594884497284,141.04936352428274,41.245367266928255,-5.429239588387779
0.9430582818239188,0.6777017081667032,0.741357239086956,0.997660357542288,0.8296923889802063,0.6561467075890759,0.6587029417588519,136.71440697320287,-19.411592617658616,-0.6385043341194535
0.8283493218885822,0.8857774570315086,0.5155224182352686,0.9641173769294415,0.6357339531203325,0.7989888090838305,0.5342579953007859,141.4860840837111,35.986581000819434,-4.299810047886451
0.8993796501520832,0.5283318275017824,0.9212943048523664,0.8769809933081939,0.930241958441387,0.6235643862196396,0.9533475979286252,133.65628916299184,-46.93586444597731,-0.405770857659306
0.824175474096469,0.3534082535333303,0.6631731061404069,0.6718421831735395,0.4931219188807418,0.9176602464056278,0.8000178308032456,153.16500581374075,81.27960837025131,-2.354141624743891
0.7668665724392184,0.8821062825213202,0.5752027743674708,0.7440483426786536,0.9616255746482564,0.7597764960236983,0.3294691336052152,144.79087539455088,47.732350770326605,-4.156805919370705
0.7571316861905839,0.5139340795210713,0.7251792014603728,0.7640351071733951,0.4241665726446051,0.7834400769175897,0.4195617026992154,155.8921225802805,90.25413022375182,1.128318529995101
0.8713772881083296,0.596258604631994,0.6668808138541296,0.8819119791499447,0.8334979596147136,0.8342787119507455,0.3838652553683341,147.23164363877828,70.77765621106042,-2.3400027935436656
0.549653271293214,0.782994523332887,0.9800648228513672,0.7108063324785812,0.1675912289523628,0.6532420075128289,0.7257248519838047,147.9542616849497,39.29158553932164,2.327703317973008
0.582158049793472,0.3869661671137886,0.8918783595009003,0.6778160380630812,0.4704040810978404,0.8617795643623591,0.7800314332536602,152.9655192248126,99.35441424334213,-1.692704951409896
0.5753139481869155,0.8019345753509867,0.740578295366143,0.9811244855705318,0.0516076968762178,0.8963143863315257,0.6077368663641545,149.42899765131207,109.83454631556076,-2.4013077454799037
0.785687772973664,0.5027633209246193,0.9850440777256272,0.7091395653659482,0.1481188728867927,0.8056969720867427,0.8556115619981632,149.58403575878168,51.99220812696647,2.6553385020493954
0.6031551082556783,0.725753843288938,0.9783877503206828,0.8578214773737374,0.5237899127877356,0.6518833938773976,0.8799802429230517,138.81261101782505,6.01324053178307,-0.5772308250991536
0.8045799862751433,0.463904420463345,0.8498331602346125,0.960705873054438,0.2019303579260218,0.8127158689674878,0.6444480902819301,150.62133165659327,75.55724818092064,1.9135843936085106
0.6723502788144675,0.6844565465664825,0.8966246184972188,0.885710912670186,0.6692429767836016,0.6404441680010312,0.9674908127659654,135.88136843935882,-17.340319045494955,-1.7782192017899103
0.9947101191772908,0.4177060388047994,0.7531782806209832,0.7802702517083081,0.4463294012926177,0.5987719385304499,0.5404920768331186,152.04518651516378,7.231145275217759,5.665091099058983
0.8097178080302824,0.8152379834226849,0.9590122943382452,0.9977915522972016,0.9363205911208566,0.9210175556037596,0.886594344144615,127.94569023401509,20.951790330325817,-6.6394084231181685
0.5109831964477425,0.7015803504222617,0.6726994834106219,0.7798002086804627,0.8196217668466539,0.7678642157450244,0.6105511999847035,146.1755116364781,69.92492914959534,-5.55376838354682
0.5796653057294407,0.6522712686083263,0.5419949974524075,0.8562049582676192,0.4467809766539007,0.6220056188350359,0.5143721646574482,152.77944557459955,53.41986178634643,-0.7942865143067654
0.4973277197364819,0.6300887955654143,0.9409734216314636,0.8040985456597254,0.6816824565042277,0.863512448131,0.3884694099263773,150.6523994161631,128.56523833234698,-2.754820449373457
0.9419457976501046,0.9591045768007126,0.6506209869822489,0.7031383098638619,0.966529184301514,0.7401289347376782,0.4009275869552163,139.90143504469157,5.554255849938847,-2.4835344643157096
0.6213153129742695,0.3910914442111556,0.5746366214083689,0.8237541476216051,0.452613172707562,0.8288639957960868,0.8161445617639637,152.83090658526618,83.24663714288992,-3.7706065575306953
0.9302451765012708,0.3509783692097572,0.7680923878180832,0.97004131254016,0.4237832882535051,0.6914320132302445,0.4646982710554422,152.63908760101583,51.46411843049924,4.141185722511237
0.7167134861458735,0.7844784098160199,0.8202958015312244,0.8961510931000919,0.0157199219137363,0.7074181724804303,0.819355838256669,145.1204266810352,24.51749768376288,1.6394143944277617
0.7656689431701189,0.9723041763380006,0.6132435165083727,0.809224782635747,0.2199913126594732,0.8851210352082408,0.8140048469966126,142.19583687721587,41.268059188674094,-4.081678312222287
0.521623254260751,0.3606674307722371,0.8751092437994812,0.9476126214464148,0.9817180666472852,0.9386917314265848,0.9171132372162094,140.94756909187265,93.73485790439683,-8.254390825924002
0.5085259730311372,0.5843789172461626,0.840414581665416,0.9956972925759536,0.2303233912695322,0.9293444103847583,0.6343608609920516,150.67720100300255,133.60933528546022,-3.1197713873538744
0.8248607339626906,0.5981260642607362,0.8013285694800525,0.9819709542340238,0.8620122103438442,0.6316503470281414,0.4567372222670538,142.4590644571315,17.93355888825197,0.4738586903420671
0.6115444739880981,0.7259675645336012,0.6731939557532439,0.8440464470003236,0.560177095323795,0.9511790249326836,0.421563856914556,150.73195349943074,128.5703724704581,-5.059783579284879
0.8394088523615755,0.5009765072248834,0.5525054261368878,0.8759718998801739,0.2991922371527855,0.934000980817163,0.7500939107502071,151.08152754350854,83.70466522824645,-2.991929731635009
0.8346524849208519,0.7168241903698647,0.9656420934279812,0.8223861156347748,0.6214819460571194,0.7973096100794435,0.6582273987319422,140.5410249598177,32.78797663114365,-0.2731760811477776
0.847946454530101,0.9015766959076766,0.9049043521732468,0.8426211014558618,0.3428734408915206,0.676764798067677,0.929434610962472,135.13057140904937,-32.89520759369793,0.7180758184343226
0.4994358366120143,0.6188866481029145,0.5098036308976284,0.9875789207514936,0.7777788140555876,0.7277598136185566,0.9199650827921116,140.99036914571488,34.461524023123815,-7.897259566454557
0.8522068192915996,0.431709256102371,0.7002400366964856,0.7309305705230865,0.3152444529995101,0.6979498495790922,0.3686652765467807,159.5978254480303,73.15839480139827,4.46315419440409
0.7798390833474982,0.8177446441681278,0.7899733708108501,0.850039169565215,0.7236599739339056,0.8290705243740526,0.606008355379019,140.08110291592664,43.024806257450244,-3.434705380219879
0.8984526949086393,0.6118195140689735,0.9250641775008444,0.835398661862472,0.9259644706946146,0.87469312948757,0.8008626304505163,135.9734951391202,24.557904803755342,-3.578130494443465
0.791593575396434,0.625510248699888,0.5685793408044221,0.8208784134779178,0.1472240679906173,0.6785187652574536,0.8593205042674432,149.0910055563169,12.30385536124743,0.6315134708563672
0.9867822948852628,0.6148659711207123,0.6009882523856649,0.8017437557738119,0.375745507144213,0.7579945540599913,0.8536748819359602,144.70471149240484,-0.9146128642749881,-0.09226402381116448
0.5519098629352649,0.7702104729781425,0.5989129315679469,0.9043154569768904,0.983309789941433,0.8725694045921824,0.7130593396764935,139.27749445297823,66.97381687627133,-9.643447143570315
0.7404076687655639,0.4603074920235996,0.8548407295721385,0.8618745487769774,0.0057263879744637,0.6931705499517713,0.7878329441575571,152.53856036377658,46.63262807397804,4.0530582164510225
0.8236760358305684,0.7200013336997837,0.9297362203334748,0.7206301593384189,0.5875085691289704,0.7755854942834313,0.4940008009492573,146.0641434371629,49.10638659113102,1.0843333842548397
0.6501830491747238,0.4812022613961105,0.794798710940471,0.6705716531853146,0.1094791475936758,0.7584221920272994,0.8473151203287634,154.561256221577,63.5571448338523,1.3301436200879655
0.7526001118986155,0.8805598371432082,0.73012360955445,0.9322895790097044,0.1900226672513677,0.9247706744558366,0.468662629435476,147.7895155737984,98.38619329200948,-1.8122613987790372
0.5352633744276719,0.8816976625639683,0.847400722580808,0.8912373505753388,0.6659356269258702,0.6823735409174174,0.481222157941967,142.6407190326598,50.95927766132764,-2.1448732977169818
0.5013728639004914,0.6613613973864454,0.8778905977543257,0.6857771931385912,0.2042089921668503,0.861450794094301,0.899093563432658,149.24933514954807,84.70221373265724,-2.561546085587129
0.546027953047818,0.4947624560129652,0.8753008985976021,0.7209517194121559,0.7752327822188011,0.7141918978135587,0.8690851571451298,144.71200323410824,39.92930845856733,-2.9628013636755623
0.6436793396243063,0.971331151276297,0.7198655077806194,0.9289346351304366,0.9566329233842654,0.7682922399305041,0.4351257437364875,137.71591803111588,46.021738291652724,-5.673976398007348
0.5389132814014915,0.6038425311895224,0.9658790052009246,0.9491632701413648,0.4638586478197145,0.9024455454834232,0.8752694555767908,141.98910150235284,86.14950789207549,-4.3062925290557175
0.4879610895864062,0.893784305600375,0.8770992999887244,0.8245381154906868,0.9371717443772888,0.7604199846232655,0.8821923573542305,133.02215463046562,20.72088731230478,-7.298520940915729
0.5842263547258573,0.5043511524468872,0.9527188892142971,0.8330555352501882,0.4856971407381225,0.8435554330222284,0.6036751237337902,150.2796507349779,104.1053325362044,-1.0535106474448743
0.9382231573338888,0.5437169057901821,0.6403024983686482,0.9821855862404688,0.9317953215199548,0.8742104310147467,0.870227266056707,136.1468485123853,16.959985840114808,-5.921191957500047
0.542036630817056,0.6111161508088773,0.7700117562509413,0.9569796717263426,0.157594434697961,0.786028115827396,0.5947389093922266,152.50502264751782,100.2016196845745,-0.5151188383205009
0.8020444615663433,0.5343999418642844,0.9127537683501254,0.7426306404757684,0.3273514617826548,0.7923826303204273,0.5372388146996385,152.5047219571383,74.16771307525246,2.7483239386220664
0.734469896085411,0.6471695468216939,0.5308033111465515,0.7320038859854933,0.8575897118562418,0.9752660421268458,0.6916359338679011,145.80042723538057,84.63244273313775,-8.226902730079333
0.7048268482251634,0.9558810373763412,0.6728961040186563,0.9590779504217092,0.3802131511218193,0.9539999636179028,0.5045454811950548,143.83546393044824,95.5659288876212,-4.9289216568072804
0.9602599930698222,0.4568756733109181,0.6663340487965617,0.7077269443766593,0.9377716918327362,0.9939660187210084,0.8193560569605853,143.1692897640898,56.09251972004005,-5.950150883079159
0.8278905393398022,0.6086835730595423,0.7431778201441306,0.824825908926501,0.6622413397410385,0.8880066495446224,0.715222788914183,143.7635344960899,56.878914685814784,-3.4837266329962473
0.8296444686793295,0.5070439349342918,0.5212661180528133,0.7082296449939843,0.13170640772301,0.7463196600905957,0.3721806636805722,162.85649300243995,88.78017245084139,3.1303798228728823
0.7055661518701998,0.5466361140225946,0.7405785572421487,0.6956943867884965,0.871335178656871,0.7302853810233707,0.7616491911722363,144.6342586625888,28.24237542746092,-3.1093672758356456
0.7670635890738738,0.5206682850315677,0.970929773302304,0.9186842031548854,0.816906484192758,0.8280931236454319,0.8077920545027679,138.4883164435113,40.1074775816027,-2.77552910317611
0.6553709657350144,0.5451088324065854,0.5056200463921294,0.9667125507087576,0.4103410188507252,0.6756547062154689,0.3211876618376579,156.91442691488453,87.12276611098886,0.1712939912404307
0.4286389661066566,0.4669256472380934,0.8041366311876579,0.7105056220533568,0.0434837158494772,0.7543138495094555,0.9557348147760388,155.16127850444073,82.82416054218962,-0.5664197025023912
0.4912128086195987,0.9727238155279092,0.6944778072677427,0.9659393324905888,0.5128472803966561,0.9267863225609138,0.3620307149015619,146.17919509362724,127.47634091777044,-6.315396161689331
0.844136597990119,0.6949536384256623,0.6798148003718074,0.7477770000879324,0.0428137144101948,0.9303284560269294,0.8174089835357355,149.81084758594884,68.55723834853202,-1.0872733518478834
0.6954370479407879,0.6833573382711137,0.7552079592630394,0.7611244277398399,0.2869505586429954,0.9325128563450756,0.5373867679001628,152.60497535135335,112.51388831585189,-1.868809736265286
0.542124720644264,0.8294360556462885,0.7812672356670904,0.7375118773429976,0.2884730563988963,0.5864376467818799,0.3245768740594429,154.3821145585061,62.60372085603802,2.8690280524229532
0.6404510476855494,0.8336437927992018,0.708423797825642,0.697497792093373,0.3848841911402705,0.7717082504895687,0.5613655470436976,149.54515541881537,64.20830853919078,-1.4833842195230895
0.938337405212012,0.6650703528778258,0.730650082640723,0.9304952372465816,0.7195749042730225,0.6965466589729308,0.391698980670503,144.65349210793602,26.101076570635474,1.043429644276525
0.5964977578287208,0.7754565620985809,0.5818698760081354,0.9298447758063418,0.4839044177610904,0.6560534853479683,0.4738308576277601,148.7414046648838,52.72176430902989,-1.646010474412957
0.4600703479432113,0.3833409849418818,0.5426700752158566,0.676089119231023,0.7223404159323386,0.8129542687739886,0.6779694075653067,156.50432282351488,108.59884161216536,-5.670957878077277
0.9416524643073052,0.4491360282619476,0.676345463907394,0.9584698293741738,0.9572219861505474,0.7002210740598865,0.7528546517723997,139.57418189182218,-5.682156561916898,-2.0455503667540933
0.5151755729422983,0.8884749516573414,0.5319980468447265,0.9121684045203718,0.5328008631593107,0.5968083109950065,0.7989088103267075,141.28879360844766,2.632555891407071,-4.306965058091063
0.4627175001530302,0.3509662767396229,0.7601114951414305,0.991618791936518,0.5141102397870962,0.9771314186740367,0.3760554550863644,158.167242642218,188.80165902684152,-4.275716040134449
0.4895963820752694,0.6433870037298938,0.9769683268294288,0.920862102456709,0.779566980333119,0.6071895511187669,0.4113830009428822,145.91813678002103,60.46186499366278,0.1662212008023958
0.7148828986649418,0.6227109029519524,0.7063751328579702,0.8442660259645272,0.0622713445421542,0.6792672710467442,0.5170821358947201,155.47533886690863,63.6265525688828,3.369337249860137
0.8550601213012282,0.7181421989061381,0.7576014697138622,0.745949902514472,0.2500333229834897,0.7116091453993851,0.6730053815172472,148.00150229136094,21.74310147551827,2.2131235854654236
