PS:PAN ratio,Feed rate(mL/h),Distance(cm),Mass fraction of solute,Mass fraction of SiO2 in solute ,Applied voltage(kV),Inner diameter(mm),wca,q,sigma
0.4987434929941696,0.9954199030438377,0.6524604785462715,0.808112824949944,0.0801924608828828,0.776514483535574,0.7812765208426649,158.7802276611328,60.32383346557617,0.2555442750453949
0.4508869317009697,0.5016665236962286,0.583747130045794,0.8330085794482296,0.5168418445356359,0.7636625637318245,0.476425288387911,169.71237182617188,124.56498336791992,-5.56563663482666
0.6458333534270587,0.5275675995621236,0.5938743269240787,0.818934826121632,0.6912333647335261,0.927710237241854,0.6789309617348465,163.64810180664062,139.63780975341797,-9.977109909057617
0.921510358119572,0.4086532756418174,0.7554665936072043,0.9344666767888684,0.6210243336329,0.7252651503708042,0.741607206547231,154.79904174804688,5.552055597305298,0.7108618021011353
0.847957390836672,0.7082655734952117,0.8408294993661722,0.8172949718673583,0.0049025613721842,0.6969701144289218,0.7104241175239978,147.5514678955078,71.9709701538086,2.3635787963867188
0.8205056220097351,0.6620624711945107,0.9591654976373244,0.7409173490224581,0.512250908433345,0.9396589631948375,0.6377957697907117,147.88137817382812,71.89888381958008,-0.5332526564598083
0.5143327929165259,0.941073601592146,0.7786187063756072,0.915286040743137,0.7657582138867292,0.7647351080449475,0.3685490849098845,138.43923950195312,78.98516464233398,-2.104644536972046
0.5105780623068156,0.6209286770641,0.5966193775795308,0.7369051597281185,0.4643222312613276,0.5841657216542776,0.6552816883209713,152.89273071289062,29.868369102478027,-0.0839100033044815
0.5296024748780129,0.7311709500580152,0.5980346820517238,0.9412724008355604,0.8383132649223322,0.9321491639473108,0.5274343479308439,161.51400756835938,182.40889739990234,-14.441899299621582
0.9536858885595704,0.8631600065996425,0.7965472990787672,0.7574600868857193,0.4888459653083488,0.922091601841024,0.5566862536565148,145.07192993164062,45.26255798339844,-0.6935917735099792
0.7690674804671509,0.6578811495268472,0.5994151247337246,0.6973354316932387,0.1529458709146097,0.8720036679793937,0.7469984426567431,151.583251953125,41.667022705078125,1.3366906642913818
0.9094724256816676,0.7479020093221423,0.5940951472134623,0.7050531658292533,0.401289910545155,0.8227022825263679,0.9509455726151756,151.31982421875,-27.43912982940674,0.1851397156715393
0.8688312122408841,0.8076647745579576,0.8847020383219144,0.8968962332812639,0.2233031583013194,0.81609324860656,0.6107174822633578,151.98318481445312,58.1860408782959,0.6398062705993652
0.6969054028627858,0.6366248453871854,0.6685890487558663,0.6980084439902606,0.1908352130533485,0.9334379164234105,0.9154697103205016,157.50979614257812,71.58422088623047,-1.5548219680786133
0.994313194269576,0.8742709639752886,0.8832495904620645,0.8489299028882807,0.5281614522522259,0.7874194845219358,0.6824580485425025,147.67703247070312,1.46501225233078,-2.1826303005218506
0.786818740198355,0.942622679289908,0.5533560894338326,0.7191907851791762,0.3869948688990551,0.674637618110097,0.5100257689152582,138.1913604736328,8.920036315917969,1.7603641748428345
0.6636721141341337,0.5356325933865159,0.9777946552642052,0.8912817130530051,0.7694547487557435,0.8931860894241337,0.8634162277593336,122.26499938964844,58.4853630065918,-3.633147716522217
0.7990318362263442,0.85885771279966,0.780547629354956,0.6719125532909299,0.7105630765075399,0.7726617482927938,0.8029655730400516,141.9980010986328,-25.462541580200195,-3.758944272994995
0.6225545640957195,0.6666292752233003,0.5886314301308394,0.9597225023885688,0.0196516054444358,0.8047372176506674,0.916042159252514,142.9739532470703,91.67593383789062,1.3442214727401733
0.7884548662271821,0.7310450128180537,0.5714521972581763,0.9265369760024816,0.8397493978366756,0.8249549415606878,0.7020697750751458,138.86447143554688,27.228134155273438,-7.094610691070557
0.5712381072389867,0.7771970676096573,0.8787918745245937,0.8943164805384353,0.2196757123452365,0.866516615746145,0.8225316121406148,143.25794982910156,87.61337280273438,-1.4452731609344482
0.6521693243556346,0.4507685476897047,0.6879963825886285,0.9853473364686548,0.455240456167502,0.8669964418532654,0.9893484202116762,142.60450744628906,88.30318450927734,-5.5765581130981445
0.646818567125443,0.4051888783880321,0.835567962959987,0.8232375797770183,0.4945524729972063,0.7096250335430774,0.3333691860461474,168.64149475097656,99.46280288696289,4.159248352050781
0.6408884920682099,0.5472653301462066,0.7700839131782504,0.9302029210666264,0.3778190982110974,0.6171591442784982,0.8644985928744323,149.71035766601562,22.649622917175293,1.3043631315231323
0.702597683821776,0.3621867551345002,0.6291037092761368,0.944237199598316,0.196781398363212,0.8561755148052246,0.5578986621387364,148.36935424804688,99.27647018432617,-0.24378235638141632
0.947017834498703,0.910632812645216,0.9253294348383588,0.694435014687155,0.935346195758844,0.9291592941342504,0.8684424471201175,99.94169616699219,-40.09692573547363,-6.083071708679199
0.5361126365773423,0.5044414242857966,0.6147352898997045,0.8743294184137222,0.09463290632341,0.8949810290861868,0.7567573695786648,151.14773559570312,123.53948211669922,-3.2479755878448486
0.4551996884224364,0.892627082263888,0.803043994686574,0.8316356031129133,0.6924967325644976,0.5756069513201124,0.6344511334297487,136.49781799316406,-0.8499011993408203,-1.2096657752990723
0.8734132781779409,0.9324397200903194,0.5925430839910866,0.7342387249616611,0.4427344317822411,0.8386149684384567,0.6909376864523875,144.8485107421875,2.9081521034240723,-0.2439691573381424
0.8202751682152464,0.7397501069391067,0.5087630520737265,0.907738017093628,0.3410994717256274,0.7883022124889032,0.7920878823719577,147.29434204101562,23.901009559631348,-0.7686993479728699
0.4522141450343356,0.4554441357198839,0.7750703557147116,0.9691045855919168,0.5151636873623168,0.698124552356037,0.982881287544292,137.61410522460938,51.875240325927734,-3.1455206871032715
0.568057744164187,0.5270108607866475,0.9453380808469756,0.7721618968473629,0.8015353771222155,0.8223155265328108,0.9390164107641888,127.54132080078125,48.25119209289551,-5.427583694458008
0.7771828516876071,0.6681069728368227,0.6119791910209366,0.8729813346832033,0.100718921214687,0.6992014938988498,0.8185987746780453,142.5227813720703,39.868370056152344,3.8490161895751953
0.6219186118948299,0.5951334060989948,0.8134166865734,0.7193889533090027,0.177023802559649,0.9439321261852224,0.6376195683687087,155.13275146484375,89.9857406616211,-1.0242764949798584
0.6380529246908644,0.9639368238309644,0.9250409180726265,0.8982718064366413,0.3849208457098934,0.7144195780221052,0.3334949854178039,147.16551208496094,60.04770851135254,1.4403365850448608
0.4697283179533884,0.3940423514768028,0.6419031167834729,0.777263478019303,0.8767400946905415,0.7596848151617857,0.5094044297257749,165.7392578125,153.04051208496094,-4.371072292327881
0.545287603462794,0.9415312903715656,0.7425032742720118,0.769465491775291,0.4447191703007445,0.6955759398087419,0.5426624809118978,150.00830078125,37.493629455566406,-1.0021941661834717
0.4584299254928753,0.5123331996087161,0.8716510644419129,0.8800167265038762,0.3208748144078065,0.759024676406054,0.7610986093992584,143.41294860839844,80.56557846069336,-0.09139895439147949
0.7469875635482277,0.7377184123192841,0.7025265906276534,0.6722949233665054,0.5950684222028222,0.8691105156603574,0.5072535427490156,154.97500610351562,68.1690673828125,-2.2880828380584717
0.723833264670065,0.7981798316871007,0.5144976242605332,0.9542531532432976,0.4462949119205073,0.9096360572535775,0.4939965952447391,163.01718139648438,109.53672790527344,-7.219632625579834
0.8110882276967797,0.3820172517353725,0.7764886790940521,0.70930096104704,0.3202487586941787,0.6814210730789504,0.921919853424869,154.4539794921875,22.429981231689453,2.9640841484069824
0.5678246197656439,0.708567020510334,0.675349081808547,0.7924965199003531,0.0853835547248054,0.6349604151744468,0.7158331624107594,146.29864501953125,47.245710372924805,2.891570568084717
0.8620370989981805,0.3894213063315043,0.542273163315855,0.6801748366282381,0.8057410776828108,0.8073944652454375,0.4493558496347285,151.27561950683594,87.15371704101562,0.6459895372390747
0.6433143714736969,0.5394048449041355,0.8493012227145482,0.7087889295220551,0.7452115345784788,0.6743753817814246,0.8190628289682973,152.62794494628906,11.895174980163574,-1.6903444528579712
0.5533665543867988,0.4632970994520294,0.747623999101035,0.8697486980585643,0.1747283550926668,0.9101301789550388,0.5030779331307926,157.79612731933594,111.72668075561523,-1.588335633277893
0.8296534795262407,0.9695774452577726,0.5214504455907603,0.8286350489395771,0.424924257250947,0.9347766160193792,0.4174772260643202,147.05796813964844,79.7404899597168,-2.5878090858459473
0.78389395634952,0.7832552785937463,0.8361092796631846,0.7693081330600537,0.2389019659652864,0.9149267614060234,0.3914511248485777,155.04269409179688,78.20438385009766,0.790629506111145
0.6001833608950133,0.6339295360719315,0.8900082451907774,0.7596681681532731,0.9561178575784504,0.7059103242578564,0.656351774412773,133.70877075195312,35.6283073425293,-0.7247911691665649
0.499687716179936,0.9836204215818758,0.6462447888086865,0.8786529490508798,0.3396585200810467,0.7473171705414673,0.9118707459909552,156.8312225341797,35.671146392822266,-3.7661948204040527
0.9407483303380124,0.8594378084574521,0.9215207064982373,0.8318056735636165,0.2568867473224706,0.7054277891004184,0.6778613378662504,158.67103576660156,46.508100509643555,-1.7610759735107422
0.5426563474382067,0.9537221164489784,0.8612017564004002,0.8908070074936085,0.0959787821135337,0.8125967586077372,0.6885670826837115,145.7191925048828,76.41669082641602,0.7166130542755127
0.827159370007231,0.5142320762347868,0.6239524176301479,0.707917052959748,0.0747086792801809,0.6220705130643874,0.3792955072116594,124.26322937011719,64.28593444824219,2.622985363006592
0.8153319730164801,0.8268483289352628,0.6538033595766464,0.8113106040582405,0.2753272746673596,0.8063112983308833,0.4679190316228272,150.9224395751953,54.07916069030762,0.5079543590545654
0.4558306921059423,0.7920474821094213,0.8978230922388066,0.765449362543257,0.4115747714047076,0.97545312235907,0.45318014189564,153.03070068359375,129.16580200195312,-4.7993927001953125
0.6727783473946274,0.4005113237505014,0.9017528881607344,0.7857526116853057,0.8065130239796291,0.6036564324979035,0.5907249589197177,161.54345703125,52.80523681640625,4.254991054534912
0.6944004340869725,0.8279864998659366,0.9178075906154746,0.8065557274849957,0.7864294294348461,0.6311007324843733,0.8718801710941276,134.52883911132812,-57.510324478149414,-3.6853623390197754
0.5035983903865594,0.6785156475665393,0.7443987624616677,0.8765631697204082,0.6477425403783599,0.8193134527026212,0.910125189472758,145.09568786621094,71.10945510864258,-9.410958290100098
0.4696616784620958,0.8950024701064121,0.7189036054106441,0.8911692019198751,0.1907860613608442,0.8632282646221823,0.4539469599328699,162.30636596679688,97.26010131835938,-3.74664568901062
0.6769749463800272,0.8143652215569768,0.6813699942588367,0.9119160685304396,0.4869721075341148,0.9166498399640444,0.6040106336233619,158.1713104248047,99.51983642578125,-6.05154275894165
0.4742640402531963,0.896939194316565,0.7794188152958976,0.868175123950238,0.2774170413175208,0.7804661487867434,0.5752281711575804,153.95889282226562,70.05045700073242,-2.042567491531372
0.4837420958899639,0.4553693299270276,0.9705085540509952,0.8663309923733055,0.535709031396126,0.9352095056789468,0.619751218559115,142.73648071289062,134.65096282958984,-1.6077865362167358
0.6637143885545762,0.3719898739168756,0.984789878752702,0.998161983344362,0.7622466846305805,0.8337239905461615,0.8183482785214122,128.09225463867188,44.31767272949219,0.43839192390441895
0.8194520613347847,0.9940916570141488,0.9909744966130128,0.7146248719468082,0.407859254750838,0.9469119231038764,0.7865546028681971,132.5740203857422,51.30659103393555,-2.207744836807251
0.5206992467284997,0.9744129175800208,0.6838854267580171,0.9129809266443608,0.9193533686171824,0.6893119309322533,0.6895217554179373,118.7236328125,-10.953821659088135,-5.992674827575684
0.7319104192914014,0.9655745237366824,0.7811737055659107,0.8417063036706515,0.1276246882729778,0.9946116015911152,0.4850153336768561,152.43092346191406,97.88092041015625,-0.08661864697933197
0.483119018953983,0.5028707234271795,0.8841862532506862,0.7356406270606138,0.1734589697705662,0.7916636368573785,0.825161198301846,142.61691284179688,78.84764099121094,0.6022748947143555
0.7286901570638198,0.3941508275651045,0.8039628183795864,0.9354527314406684,0.9346335017188258,0.5975712827231271,0.9896821559756528,137.80067443847656,-76.63063049316406,-0.744480550289154
0.9815579948196764,0.3773342401745053,0.8494131067039213,0.8690307564851207,0.6344965838944432,0.9514126038278468,0.4374381910525,164.51416015625,89.65333938598633,2.819810628890991
0.974174782696027,0.8477843082527058,0.780624549290764,0.8575639437391556,0.6608206914407249,0.969542694194068,0.9084022910385504,127.06813049316406,-4.06031060218811,-5.370632648468018
0.6359458621084189,0.4576099601740905,0.8789430248913408,0.9236323110114384,0.8482711240784173,0.5789547207828423,0.4610646401870798,160.46568298339844,52.755367279052734,5.356110572814941
0.5927752182243498,0.9713421908354444,0.5774246155559803,0.8589990510821444,0.1563477624404469,0.947792881078554,0.9940350413874046,165.7852325439453,109.69710540771484,-4.417305946350098
0.8107321336483145,0.8704866098634871,0.7023685335378022,0.6740332856933868,0.100166412717806,0.5915964090538414,0.5347212612739092,142.4698486328125,48.246063232421875,1.0700500011444092
0.9490570431042546,0.7463857354228502,0.6584575989464195,0.8404888838348799,0.8422700420222493,0.7559364181528901,0.4630014018644982,136.77024841308594,19.720078468322754,-0.27046912908554077
0.8125756430888784,0.7277407564693477,0.8694980346892707,0.907817706263688,0.9259556873006646,0.9961083107896966,0.6508534585195397,118.18183898925781,82.50372314453125,-5.4352922439575195
0.9100855458373024,0.7138963642236686,0.6662441060539337,0.8195474657656407,0.1463113714687235,0.8592982838823766,0.7842985316211772,146.39248657226562,41.356767654418945,2.665855646133423
0.8397073476685586,0.8224360572228636,0.5281482754240031,0.8744061409070227,0.8850720628302776,0.7298668054396364,0.4327932328373627,127.71983337402344,28.305282592773438,-1.4164345264434814
0.7294396676295518,0.7153592305098211,0.6764036689190753,0.9515293249049874,0.2076828269786283,0.8323577170900668,0.5530048921945327,155.55909729003906,76.2557601928711,-0.9016332626342773
0.6473094338282017,0.781039167631487,0.5402552805013787,0.7434564676912943,0.7374620090813048,0.8826410326438503,0.9823330102927024,149.51870727539062,36.670942306518555,-12.275169372558594
0.7917009983392678,0.7186606627453676,0.5057975238992308,0.7857426619180369,0.6343840403355828,0.6388774867518603,0.4533888917347636,137.96414184570312,28.7778959274292,0.755637526512146
0.4390484840374374,0.497511544030052,0.5481511924553029,0.8347868083672199,0.807828265439503,0.9666158158268856,0.5190821408813482,183.72898864746094,253.18231964111328,-17.764734268188477
0.6937834749196421,0.790365620549794,0.5510002108643641,0.6861781710343025,0.449721573558021,0.6012376817118203,0.7833354190598885,149.97769165039062,-31.309255599975586,0.8768831491470337
0.9194721764543436,0.8329076981582901,0.8826066564365016,0.6849871129918327,0.1945694564303999,0.6009980767818542,0.5650941542230618,161.0265655517578,73.5985107421875,-3.3454556465148926
0.6387568001660726,0.8992969603783267,0.6265426128456464,0.8764175805470047,0.6657228053170839,0.8050965755706145,0.9822281125617006,142.3585662841797,-1.1543963253498077,-8.698193550109863
0.4405623639484581,0.7670676111821753,0.5890840179774695,0.8676473380559684,0.5682484583898137,0.6287673244916262,0.7305228653487299,153.34933471679688,26.68348979949951,-4.1760969161987305
0.8667986669489144,0.8162218135014041,0.5868884699384728,0.7212005309004007,0.9397809227893136,0.8087733023332105,0.6158353617412965,121.8748779296875,-2.3651291131973267,-2.8727169036865234
0.594819577918799,0.9141164181603554,0.5726090730940646,0.7159436605249989,0.0020099812368664,0.7951731053718862,0.5696421306927246,149.6869659423828,41.97150993347168,1.8720124959945679
0.8302335865416437,0.3529352164840898,0.6958521311216059,0.9190865099716636,0.9016846212322496,0.9301148882764084,0.6242278644983881,153.2724609375,113.34828567504883,-3.896498918533325
0.8025502890849704,0.715938152828278,0.55193552763916,0.6713461611140817,0.3398751362435026,0.9803151585239278,0.3454227816859895,155.6468048095703,85.85234451293945,-2.5883498191833496
0.6966178703638621,0.3839027640456143,0.6768440566106988,0.8313272992033733,0.5634172763726208,0.8037066035423059,0.7001822724571518,158.57968139648438,81.48361587524414,-1.4205156564712524
0.5397576737082556,0.6449158913398614,0.5240897722194996,0.7916276104975888,0.7150016602698112,0.8140517704619803,0.8374659301547173,158.71615600585938,80.14231491088867,-11.491158485412598
0.4639860011057118,0.69203778676647,0.8316075762955553,0.9383356004907512,0.1439359924874226,0.8355649181445264,0.5940967153635859,148.93121337890625,92.98955917358398,-1.1698107719421387
0.728962445491135,0.8389532675104325,0.9734748839396858,0.9109042331456008,0.3883476080206716,0.736155382655682,0.3698260721230548,153.6142578125,63.72146987915039,1.4125912189483643
0.6153550006769724,0.7654458115020968,0.9127815343523084,0.8848327659034029,0.3492479343935333,0.6301136430381533,0.6246988496087975,151.78549194335938,41.69508934020996,0.783057451248169
0.7882056856154824,0.9433078152018226,0.9842437310445016,0.8471960313772099,0.4425437503644326,0.8680310548648313,0.4003952765948538,142.09945678710938,71.84806060791016,1.0834094285964966
0.6408749459548894,0.9500395800881648,0.7283693432313979,0.981977096714288,0.6641543700558082,0.8666292832397481,0.928012967273786,130.76950073242188,24.012030601501465,-9.464127540588379
0.9931373340711134,0.9088387060662726,0.7211074536170632,0.9869982066842342,0.2183660854140956,0.5934195650814399,0.674282395149124,151.15908813476562,17.88370132446289,-1.4174559116363525
0.9069025106176816,0.7923092558321705,0.7865585043860381,0.9577644640639512,0.0574562864507419,0.7787651551658381,0.58050041897622,146.88632202148438,64.40969467163086,1.4863828420639038
0.4579879854866369,0.91421283714283,0.960707439452502,0.8204095665217052,0.2191286435904634,0.9608906364065218,0.9042625085546816,129.77139282226562,118.72851181030273,-4.797219753265381
0.6029516931580694,0.6689262537233555,0.7341244889693199,0.8418340489005712,0.8318874352585482,0.8825236896674881,0.7677864998353847,141.47048950195312,92.23709869384766,-9.688093185424805
0.7626169614119703,0.7646582179727294,0.7261244186368409,0.7812174616179626,0.8150281475480838,0.7077295154009968,0.4233104421277163,143.67857360839844,50.756038665771484,0.6799978613853455
0.6279686021223284,0.9414614277299695,0.8431692364417906,0.9696471349548736,0.3167570051570489,0.8520932246700285,0.315261627737153,155.10183715820312,81.8397331237793,-0.47835779190063477
0.5392048837239294,0.8756201632285725,0.516833602138717,0.9619567465019578,0.8932226537124959,0.907217121012024,0.4956163652690243,152.72531127929688,162.66517639160156,-14.934623718261719
0.8816852823309859,0.7998624581060648,0.704570164838144,0.7342243664897693,0.5358933385573273,0.9408696584314652,0.8303577899912205,146.73492431640625,25.536882400512695,-3.6990349292755127
0.4449382879961793,0.9015175281573627,0.6071148013606794,0.9151899368165376,0.4589459195666098,0.7965445369681237,0.3910424269322219,166.1076202392578,103.88546371459961,-6.524824619293213
0.9686393470284902,0.7570660039018808,0.9052093310055944,0.955235116822734,0.82998664168204,0.7004588402510242,0.336912769222453,152.17433166503906,28.224665641784668,1.2325035333633423
0.9109674655951184,0.498836529541247,0.8531078946173454,0.8788255246796721,0.5485956434688545,0.6850995397900126,0.5209230526485211,166.43760681152344,48.62087440490723,1.3324931859970093
0.4593315642814432,0.8135641397947495,0.517884123936343,0.852199366770208,0.9080796393770988,0.9492912005276396,0.360151602356306,167.02122497558594,230.3711166381836,-15.9109468460083
0.6330269139812115,0.4760976311144704,0.6681515405793864,0.8082509603548291,0.8688436947353566,0.6213161498348357,0.6240876232670304,152.0875701904297,42.31696319580078,0.44865092635154724
0.7592046745117069,0.5750593786812124,0.5196661994098536,0.9084278648863608,0.9338025594741796,0.6633534062948026,0.9759450625338384,130.59326171875,-78.48973846435547,-5.597601413726807
0.5919729812380586,0.8246089237243516,0.5224077656341897,0.8559447628345662,0.3670372864457579,0.5997180483478022,0.5450618695539589,146.1553192138672,29.187893867492676,0.5081062912940979
0.4512889195118735,0.6457373969576017,0.9165370337182416,0.6687807051525018,0.7581056024836459,0.9829576214276532,0.3632857773774355,151.2294921875,177.68607330322266,-4.023024082183838
0.6999648062033303,0.6098911676737155,0.9344866189004896,0.8820241330027971,0.3705848878528439,0.8174355160977844,0.6728674945537082,149.95152282714844,64.74703979492188,0.9012707471847534
0.5479063271343056,0.493784170344798,0.5933451103524373,0.8130305451322634,0.1575748098831062,0.7312594346193607,0.6926487705836902,146.37710571289062,71.12050247192383,0.7044135332107544
0.9978247554699854,0.6537709685761726,0.6399422696227726,0.8083503910326633,0.7878563557724354,0.9065780850436458,0.4805293861972711,141.35748291015625,55.664581298828125,-1.5756535530090332
0.4549460772783034,0.8128296045461811,0.9590847998887267,0.8179999131687008,0.9802853700384008,0.607618483681493,0.3522007187495583,118.59442138671875,58.25383949279785,4.6485466957092285
0.6286872204959071,0.6075618875752704,0.7695821978320254,0.9918061618238518,0.7284752303279138,0.8103604070008953,0.4115858847624969,162.93328857421875,102.04404067993164,-2.2144157886505127
0.8078694186299455,0.8691922601993842,0.5993276285427658,0.9870096760841504,0.8307648949470375,0.7917227051924661,0.6852516602137539,131.01358032226562,-10.401236534118652,-6.039112567901611
0.7021572927181702,0.4945862388241562,0.5154142991453835,0.8029690167403998,0.2967178368718001,0.7493612403124448,0.5376068493246771,147.00765991210938,65.24544525146484,0.2650136947631836
0.6460695852307047,0.6703345816021926,0.8820787658666146,0.7799388177463781,0.9518996649547398,0.6656382595321382,0.5761698771023588,136.67469787597656,30.579774856567383,1.0342518091201782
0.5227566422373465,0.4566699252169102,0.6230681897593724,0.7166886271349759,0.2318664749574326,0.6066058983070424,0.5710199467477447,143.27159118652344,54.7783260345459,2.474170207977295
0.9468026567384716,0.3946821907947198,0.6667369657544151,0.8994331621795209,0.9648867826829208,0.5794887615876846,0.9654467945033448,139.88723754882812,-124.01388168334961,-0.6349700093269348
0.799557889197223,0.6032345046832122,0.500981477616229,0.7123127628420189,0.2490765093669025,0.8381100568932911,0.5579659545740052,144.48614501953125,42.41522407531738,0.6382125020027161
0.9628892620267544,0.721378351901517,0.9674906989846956,0.7441213928704763,0.955491989557104,0.8897447422264546,0.5574344210963889,124.91136169433594,33.27470397949219,0.2816924452781677
0.4955230319216173,0.4604895023927575,0.951451927895077,0.6895449825955515,0.5176264039440702,0.9746652798862652,0.7348184254421228,144.8001251220703,134.7743148803711,-4.713703155517578
0.573375525552191,0.6288649353975143,0.8672490154753123,0.90777439011562,0.6160610901849068,0.9807292827169792,0.7686905016121817,139.0105438232422,134.86971282958984,-8.23525333404541
0.6218225070513502,0.5504238989262143,0.5117593255345513,0.8722775262202628,0.0062680612121241,0.997894019883477,0.8997655013542971,149.3804168701172,148.62860870361328,-3.7468104362487793
0.4705500216574277,0.6625021862594463,0.8887914651565113,0.8448500089834436,0.8834704156304889,0.6119960464318636,0.4044649551277177,141.70472717285156,67.28194427490234,3.5621120929718018
0.92874821719823,0.9476580131967344,0.8055020380338564,0.7446213410607279,0.1630351449153648,0.7591490811824916,0.7300414551632659,153.61380004882812,33.63269233703613,0.9035976529121399
0.9671099437562504,0.698289605550587,0.6591487598126512,0.8900725166587171,0.5939477097525491,0.6924930702270278,0.8714666756840307,146.644775390625,-59.99766159057617,-1.6101291179656982
0.6870657941169428,0.5833328028280304,0.5427193935543813,0.7208350578550627,0.1363502594709547,0.8916077857845606,0.6502494934053886,152.15585327148438,66.12211990356445,-0.6872695088386536
0.6795941873824096,0.9550603948733712,0.8686037450175644,0.7167137231185094,0.8337705652751521,0.763425789799238,0.5796498721817702,121.7947769165039,22.030799865722656,-1.8253870010375977
0.8159560875423981,0.4183786019975842,0.599140170447132,0.966456741530824,0.5816122921534292,0.6609712476241771,0.5767928999079392,152.95114135742188,39.78450965881348,0.5355901122093201
0.7616467327879041,0.767094378275847,0.5906657839367137,0.9111139762131344,0.781538189757064,0.940486978195174,0.4726547155860671,151.74462890625,123.69181823730469,-7.919795036315918
0.9116077793617948,0.8246646606179311,0.6783464862490577,0.7876133840405827,0.4343806548672951,0.9068903074759403,0.769623636401896,148.14686584472656,24.330559730529785,-1.5447652339935303
0.6965862822593734,0.621170712329943,0.7410859420111624,0.9588955516639152,0.7673332367275906,0.8605333163885645,0.8226416615940045,140.41261291503906,51.74583625793457,-7.589184761047363
0.6542253690807337,0.5501521915420762,0.6593704114103945,0.8168697583070292,0.1144505027268597,0.5766577934599781,0.4083624921729033,135.54489135742188,71.34891891479492,2.8644778728485107
0.7884960022350445,0.4439362217868886,0.5086555526624478,0.710308922137605,0.56986846692045,0.7625223132020478,0.6585947805999314,149.50064086914062,39.16805839538574,-0.405742347240448
0.4860809319717679,0.7122132637050669,0.8859844343767938,0.7596149145636751,0.9029017453548446,0.7603278753169566,0.3845098003988517,137.80615234375,109.05327606201172,0.8939594030380249
0.6189630621587583,0.5162272887420646,0.5398472955215586,0.8432459173272101,0.1671757298255046,0.905005682587214,0.5813382107224698,157.88165283203125,110.96438598632812,-3.9854843616485596
0.775166158378376,0.8165391066049216,0.9050154209521184,0.894938635464787,0.1575697978491017,0.6798865359711974,0.7597336683252167,152.74105834960938,52.99696159362793,0.7783078551292419
0.8277818834982544,0.702374005873853,0.6295855628589254,0.922204251926646,0.8781240358240809,0.6354164001316465,0.7226233670809947,136.25157165527344,-56.62418746948242,-2.10571026802063
0.4416695240051032,0.5172194705096261,0.589874167530486,0.8164659776132075,0.0230470515986761,0.8864482506782909,0.6329012141266043,153.92288208007812,113.46733093261719,-4.311161518096924
0.4679685794212583,0.7073086298562038,0.8300519835284561,0.932424374100746,0.5190352620050342,0.8698493655405597,0.5694403157922094,153.73301696777344,113.8271598815918,-5.503624439239502
0.9385840603053696,0.3652854451442474,0.5477722258844616,0.7559062096046735,0.0078922341440904,0.8492280018955414,0.3924704232740589,113.29341888427734,41.88039970397949,4.222470760345459
0.8593345604400179,0.9593543860619732,0.964601689544866,0.8423975945311556,0.3567035397078691,0.992394734956128,0.5580421960187698,136.34573364257812,79.81864166259766,0.14779385924339294
0.496612489809051,0.9822574697271188,0.8933234091263472,0.9675360449920144,0.4782006571131591,0.9186171089825904,0.5874683247822028,135.41085815429688,98.41030883789062,-5.154479503631592
0.9330651877087544,0.4189023845507993,0.8930316993927859,0.8804296036546538,0.0841356337674444,0.7946070424752247,0.9827689691014578,134.8247833251953,57.43622970581055,5.207282066345215
0.525718042409744,0.5540683026432505,0.7755670710605809,0.7701770419145296,0.6873925731655113,0.5957682521426492,0.9232353669754588,149.7843017578125,-6.937302827835083,-2.2070915699005127
0.712097612959968,0.7388249060359364,0.5575785484776635,0.6769225432620503,0.9155976716891694,0.8589209488656782,0.5160512039465582,139.40444946289062,86.8425178527832,-5.479994773864746
0.7385338762296316,0.9663361857544484,0.7907812535382988,0.8199027194981287,0.4635439191120637,0.6758101258031537,0.5468079263041707,148.00123596191406,25.651856422424316,-0.1448253095149994
0.6273888176957356,0.8688178540808353,0.7522168947738148,0.7581550660170664,0.8737994125558347,0.9809797622819924,0.9731514835065076,117.73878479003906,71.47187423706055,-15.334312438964844
0.6220633841084025,0.4417336146183832,0.5520134447461214,0.7510429938691904,0.3624497802942656,0.6947983404778543,0.9865695009591132,149.835205078125,26.846101760864258,0.27423322200775146
0.7525780588619722,0.699522422051956,0.8562147086596249,0.7952888479849882,0.6431683447512314,0.733638144390195,0.9693499136347676,146.37673950195312,-24.51941204071045,-3.798051118850708
0.5141202003942612,0.9466570031208664,0.9785485048571296,0.7004497652845504,0.3971285152497716,0.8388062083143586,0.6481035759224307,136.321533203125,62.59454345703125,-2.4961085319519043
0.9589086800149598,0.827504582027278,0.535242035894016,0.9402974584573498,0.6985337377000449,0.9288558219719144,0.4638932069367958,138.26589965820312,64.37055969238281,-4.8513665199279785
0.5976823547075265,0.9547904958184216,0.7493572698225537,0.716781062751251,0.4417841216222351,0.5921220749597145,0.4813446342693045,145.5575408935547,29.15023422241211,0.4399627149105072
0.6669385071592627,0.3966952585037258,0.6754842990161968,0.8411104092815216,0.6382451668885213,0.6326382375844701,0.8813252217247847,151.50039672851562,10.521028995513916,0.2160787135362625
0.5310208625678119,0.7339107322391809,0.9809488334687924,0.7208013405700968,0.9508086868012232,0.8779155389792996,0.5164586795886343,116.9476318359375,115.05056381225586,-1.520021915435791
0.5726922058925012,0.6048284145972296,0.8142153954563391,0.9458142127197302,0.9351590380736876,0.9776428200810344,0.5782288953522045,138.9077911376953,173.62364959716797,-9.232704162597656
0.8884633984466681,0.6660438634351421,0.7559465795851802,0.8410195653313102,0.5556646194058937,0.5742155940361855,0.4032069562511435,158.47549438476562,55.22352409362793,0.03728611394762993
0.9105276645263518,0.870492770796863,0.9185060073303276,0.9259506906019244,0.2453726138810748,0.859390797356274,0.3495640964463354,153.0098876953125,73.06327056884766,0.7689229249954224
0.5619624089015911,0.5835148668503018,0.6478069522997133,0.9035473952748382,0.1013645641664398,0.9425361702189924,0.7753973203959441,154.03741455078125,135.39765167236328,-4.207440376281738
0.9550293627933764,0.8038775217197929,0.9200550197469236,0.7239174685019424,0.3427612734516844,0.8138220288589019,0.8595660827402299,155.7559814453125,16.41910171508789,-1.694129228591919
0.532965530476956,0.6264974845385021,0.5733519832605539,0.7878973561812687,0.3489989019972143,0.9672771324238248,0.7273920751502443,172.8524169921875,147.7553939819336,-10.7618408203125
0.8042567060295713,0.5225287495956815,0.6406086889697444,0.6775943169798138,0.9915850022180333,0.8768692349864158,0.8364234429372767,136.87112426757812,29.659811973571777,-7.020543098449707
0.8418813917571845,0.5776530393484178,0.7583262994832836,0.8930447931469134,0.6729249326153182,0.5971487948574924,0.6532354394349268,157.52191162109375,-1.9240168333053589,0.22662997245788574
0.581957899025903,0.5832128907442313,0.5606243681110508,0.8954759971088071,0.889928878883689,0.9482927947152447,0.3537366436796598,174.7890625,225.82364654541016,-11.671416282653809
0.6146467775969833,0.880623484775265,0.6096526266437927,0.8856202541680247,0.8103906125273099,0.8721067796359865,0.35776561992509,149.85008239746094,131.79467010498047,-6.6486101150512695
0.7276887243097188,0.479773487428008,0.8822218663855577,0.7604069374193617,0.4541842148970956,0.7012166974768164,0.3852939745156827,166.2677001953125,86.98912048339844,3.128760814666748
0.8007956955710187,0.4865229506704886,0.8464903292944672,0.9739238984197272,0.2909065548419915,0.9422647288976462,0.6220999777788698,150.12637329101562,89.29498672485352,0.7147841453552246
0.5208907980113187,0.4104472975607803,0.7548536415220206,0.96931731489317,0.8710312114755127,0.8243142202119081,0.813424535243239,140.90341186523438,104.26833724975586,-8.108088493347168
0.956306858555012,0.5786089150040774,0.5316669641886707,0.7077784975561026,0.0057359531273883,0.7455047483359647,0.8564566308610511,123.73133850097656,3.9880711436271667,7.472437858581543
0.7274347543219281,0.4095825365548959,0.8554562899747137,0.6897347778363498,0.8113067611033872,0.8672449604089312,0.5199049138544894,160.94631958007812,110.91615295410156,1.2717984914779663
0.4762255896764832,0.910718508111283,0.8995683593346684,0.7838138765570599,0.5045935109590894,0.6566789446309843,0.9658982710720708,138.9875030517578,-8.41654348373413,-4.10940408706665
0.7469990203134562,0.6017646109093209,0.695931847680342,0.8022362410856311,0.420894954302372,0.9584745682349922,0.9367156992492603,152.45175170898438,84.49063873291016,-5.2019548416137695
0.6292366901748656,0.6641712096560353,0.6423923969458081,0.7299554100730188,0.9174448322601614,0.8187284908801213,0.5824326290872055,145.92874145507812,91.06258392333984,-5.861721992492676
0.6513335716190376,0.9551605768666074,0.7213618341872583,0.8497972363700116,0.9457652296102684,0.7322111021436628,0.3377184338772673,121.59495544433594,63.74198532104492,0.31723302602767944
0.591618520720971,0.8278182922389179,0.6449350333520202,0.9955619938458,0.833877401217619,0.8263509693295684,0.6785433243429644,139.96725463867188,65.02938461303711,-10.103541374206543
0.974901024999074,0.9161047393526554,0.6381016740167428,0.8263743474596044,0.2550929772229931,0.9823112490761748,0.5937820685800212,143.70794677734375,56.94045829772949,0.5029909014701843
0.9325359603073552,0.4634417514387191,0.6856942556794869,0.8922084110391189,0.854503086938111,0.9916282388202742,0.3299435617276029,162.60733032226562,143.99249267578125,-1.4033561944961548
0.4608011173783691,0.4797273017391053,0.7703403885207583,0.9294602291945696,0.5270320447694806,0.763231845644171,0.513975376143587,162.60780334472656,107.53799438476562,-2.010716199874878
0.4313870813132551,0.6151442614838448,0.9931325020366653,0.6946324977541504,0.5950684404656258,0.8576962827142367,0.3696441425597618,149.53048706054688,114.75199890136719,0.6210141777992249
0.4757443154522022,0.3923023642833844,0.6547706848850721,0.8939062012632375,0.6323938990635167,0.6309877368506777,0.8431775176149856,149.62307739257812,50.22389221191406,-2.059809923171997
0.5059296694820199,0.4387627262216923,0.6915844605557645,0.911951350834751,0.8854603285977907,0.6213810397766203,0.6801074865652434,149.24093627929688,50.82526969909668,-1.2703125476837158
0.7411714646966719,0.3625898836890799,0.6899393452512198,0.7343020310020707,0.3203175252968855,0.6953211275893978,0.4794439569785906,151.77529907226562,70.16632843017578,3.3188483715057373
0.6008216737613292,0.4341758593938222,0.6423907328233801,0.9986369086224306,0.913582035808954,0.6211150595137185,0.9223819678770956,136.46243286132812,-26.976065635681152,-4.020766735076904
0.4340786529128169,0.4229381891059863,0.8432086010342191,0.8072369428994798,0.8356061996229281,0.8225847461005966,0.9236508906677532,133.35617065429688,102.05342483520508,-8.543243408203125
0.9899216181900012,0.5815921815133036,0.9446480723061292,0.9081682931921896,0.5888046817749966,0.6229443249408928,0.4547950598500185,174.03952026367188,48.54179573059082,-0.8057729005813599
0.4936584879052582,0.7852160812084641,0.9770475772311816,0.7882535479430597,0.8244393430747775,0.8116955406842329,0.3385729333521179,131.23167419433594,108.2034912109375,1.9203935861587524
0.893037585464824,0.9055856611047756,0.5559943496628633,0.812194535883052,0.114355508940704,0.6327199196377955,0.5381958187718404,130.7050018310547,31.931055068969727,3.0996315479278564
0.5178337591950462,0.8784312180116294,0.520281495298038,0.6763844113695525,0.7778990419425073,0.7497021900465461,0.3536943758384502,143.38218688964844,87.28629302978516,-4.143159866333008
0.9033873057591724,0.8892516094106917,0.93639725753621,0.9450239184583308,0.8857322649611511,0.5999272433491616,0.6499289656204071,133.16055297851562,-74.79700469970703,-2.328277111053467
0.5384401233601149,0.4519274342972798,0.6006612474912418,0.8977268837401625,0.6362590245909429,0.6965333921212546,0.9297656562484108,150.01397705078125,46.29026985168457,-5.166745185852051
0.8891394648200381,0.4339219243237615,0.9800708323013524,0.8350834572228414,0.4696319715546232,0.5874560578245958,0.9012710985306104,167.5574951171875,11.881629943847656,-0.10027454048395157
0.6524735490580138,0.3620981400907443,0.7259201369563484,0.7727544389456464,0.4377591190111068,0.9625596884846442,0.9203748972312534,151.51126098632812,122.88163757324219,-5.213503360748291
0.8989104337571292,0.52540919150272,0.6492471821122188,0.7982938053743089,0.5627968248622632,0.7826814723307886,0.5193139123965713,154.92849731445312,50.9453182220459,0.474229097366333
0.7782881561515204,0.623378489341164,0.5152347973386061,0.6672364943294389,0.7075507252379764,0.8657584559589844,0.337313519804558,151.50942993164062,105.2315673828125,-2.3625900745391846
0.5973515830732454,0.8709129094792238,0.7529511765820902,0.8394760908717838,0.1923422623522405,0.7328443664521659,0.7781975124747509,153.93873596191406,48.55717849731445,0.47326168417930603
0.5233661337134851,0.8099080958055147,0.8061371864096957,0.9178250300768984,0.264460608385386,0.6309202969413275,0.5578714617299623,150.563720703125,47.45816230773926,0.9393424987792969
0.505261700778211,0.8507715109180631,0.7929325917309857,0.9374050002926064,0.6087004623386907,0.6339178392463862,0.8719921845507271,139.087646484375,-20.437564849853516,-3.5648136138916016
0.6555798714132105,0.8290812292569741,0.5266210684993288,0.7397235532337941,0.8192112063680032,0.6361322833579156,0.6841420991554517,134.5291290283203,-27.2786922454834,-2.4093329906463623
0.560833114824741,0.8867322350301108,0.9363556392076732,0.6982648539795673,0.578181040418396,0.6902525599597691,0.8515794395344872,140.366943359375,-0.7194606065750122,-4.070967674255371
0.7032616151187406,0.5529338934939577,0.6476234032798702,0.7967090030255422,0.8112156714123682,0.6067367032752661,0.664834066042915,149.64065551757812,8.778043746948242,0.1157677173614502
0.751598031644748,0.5256572964723695,0.9235985881849832,0.756407245803774,0.5504927582336999,0.9915842330617848,0.3840218705108183,161.94961547851562,123.07135009765625,1.4411523342132568
0.793749832357771,0.9437817690036528,0.5634681448891609,0.6744274739247831,0.5458788541761067,0.878184130812661,0.618494320605118,144.12625122070312,24.609054565429688,-2.443514585494995
0.8958744771081872,0.9069618507289832,0.9524239181431812,0.858071482498878,0.9794410461331418,0.7605413102881069,0.7879380485409442,104.98994445800781,-82.33648300170898,-3.8962810039520264
0.6081331174756289,0.5688642724121037,0.6548087878929114,0.7137608523685918,0.4428068533633387,0.9107775794932018,0.539363135943895,168.4877166748047,109.63900375366211,-5.111388206481934
0.8312865268852193,0.9094080096610876,0.6938106596254244,0.8361661706409955,0.3076658787405973,0.7612643893521083,0.8481057663743006,152.8701171875,6.0795698165893555,0.525627613067627
0.614260700058724,0.5477193071267841,0.8172774711105577,0.94508870131733,0.5933317756223192,0.6908853916330686,0.6150375843113722,155.8700408935547,49.021331787109375,0.32366472482681274
0.6549105216123547,0.9063972446082892,0.911931837582714,0.8971218025033973,0.4054184905011371,0.5874701303063536,0.6387319492289489,149.98731994628906,20.513547897338867,-0.2668311893939972
0.5378596382723537,0.6643284791066815,0.8254432641782795,0.8766949471610863,0.7518488314622984,0.9428728321130796,0.6238982353645678,145.31314086914062,144.61349487304688,-8.299254417419434
0.5397826441451405,0.7420960766592657,0.769122840273891,0.7511502412490733,0.4442464689774444,0.7114298295472186,0.3205676107166081,157.66995239257812,77.34835052490234,0.32540541887283325
0.7556029597195654,0.48579448486657,0.5683530304126249,0.8037619638000352,0.3518997206089133,0.9776592008774948,0.6044287953838381,160.82846069335938,115.72713088989258,-4.543839931488037
0.8380534025108062,0.4008925866562393,0.8496424777877226,0.9210265949581328,0.7925836736539803,0.5964458873391779,0.7303521613231645,159.5076904296875,-14.391847610473633,2.0944418907165527
0.8418027368246448,0.957246003008823,0.820291052610922,0.7291415622960796,0.2672141827949543,0.9714379796891426,0.352437739385598,147.08297729492188,80.0243911743164,0.780342161655426
0.5140127657002518,0.943283005835756,0.8821441226701106,0.8183469850821699,0.0248562841251787,0.8125332696379566,0.767411586289698,143.9879913330078,79.23926544189453,1.2632505893707275
0.742346574698411,0.5541134112089869,0.6666468308112483,0.7630152899103528,0.5395529836678417,0.8603725759050704,0.3844956913048564,164.97242736816406,102.81818771362305,-1.1296851634979248
0.6644283536735922,0.6076830924594933,0.6689852649150833,0.8004867578752418,0.2008961172863638,0.8778707760264022,0.6700529883991728,156.54263305664062,83.04794692993164,-1.12039315700531
0.941063026529246,0.8782372993477348,0.5363490495025924,0.7025194748971929,0.4326264946780941,0.7756022030627818,0.8789906971834561,143.92568969726562,-55.75168418884277,1.2778247594833374
0.575842379351179,0.8364142174349838,0.9402378500290915,0.836685830531886,0.2356841523206564,0.9479344838866628,0.3793825705920248,149.75025939941406,96.42657089233398,0.08470378816127777
0.893945437813371,0.3872661469592066,0.8298718307788249,0.8736565684960468,0.7603137706974494,0.718863777572847,0.8828886618523594,150.9418182373047,-23.956403732299805,0.14280997216701508
0.5944987979296257,0.3768784469262709,0.97629200689508,0.9162500534499196,0.5247412120900488,0.9246894782536536,0.9265492457600056,123.130859375,102.90584182739258,-1.6925742626190186
0.7317897361729095,0.833469060700023,0.5724567755270704,0.7017117702612445,0.8332933228373024,0.7140336463011977,0.65818407200783,133.75965881347656,-14.290308475494385,-2.6853973865509033
0.4800283466962002,0.4141214580592962,0.8996285993331922,0.9298826791357536,0.5622162265629139,0.6010876136518902,0.761861203706478,143.48580932617188,35.78456687927246,2.889150619506836
0.9187008975014068,0.6846230223706558,0.6500127586860487,0.8857579734469887,0.4119681781029045,0.7364617169903549,0.4727204805027624,151.02528381347656,43.49986457824707,-0.051103055477142334
0.8681513953065184,0.3813374758140083,0.7430467626946924,0.9534216343449328,0.4818323013299663,0.576002345185067,0.4107289126381853,163.2383270263672,66.683837890625,2.5558457374572754
0.5585536014086244,0.922016801310297,0.6640476732977264,0.9516262508178676,0.9237988334196112,0.9635043025107216,0.4887796629973436,136.27357482910156,165.52047729492188,-12.718798637390137
0.6643559685248633,0.7827828199803679,0.5273046391919518,0.9923768837199218,0.8716942353814917,0.6780205992723926,0.4038286650622906,142.4656524658203,54.06276893615723,-3.553072452545166
0.4773723005363687,0.8801563850295833,0.7178258359270897,0.9140689143275504,0.9424828072547082,0.6441938761069828,0.4939276506222532,126.26078796386719,32.4996452331543,-2.1932530403137207
0.5847666444038265,0.4012832061146815,0.9797531166196268,0.8612613023291184,0.9645661303413235,0.9330025749135272,0.8045146093083463,115.7904281616211,116.66254425048828,-3.9700889587402344
0.4804779649937651,0.429190536750518,0.5061419466273113,0.7353139323643089,0.5759383221669246,0.6937319656402056,0.732316575975644,158.85032653808594,74.8744125366211,-4.6507344245910645
0.6513840756685594,0.4777857649226943,0.5881725056976362,0.733474478604986,0.074951398716156,0.8049265644891876,0.8322891604285761,141.7502899169922,58.11379051208496,2.653014659881592
0.805285202894547,0.3659581433802165,0.6414328447551397,0.8571917507670281,0.554134444727977,0.6254002578972816,0.9228431575930836,148.0140838623047,-11.95481252670288,1.9473422765731812
0.98872759767686,0.5501536491907696,0.8886326146811767,0.795891541160891,0.2381343059121521,0.8361986349280848,0.7872664280624222,152.29965209960938,42.98383903503418,1.5878944396972656
0.652491598169721,0.4042010294293617,0.7684979680189034,0.915860335426219,0.959958811078769,0.9586251899894616,0.92610463034182,126.9091796875,117.86118698120117,-11.712249755859375
0.5343243308417309,0.7571930611235407,0.9217245206368654,0.8122423404722783,0.2841938536062465,0.7425621550796355,0.5348000232564165,149.55316162109375,63.87237739562988,0.7989338040351868
0.9428789613025385,0.4526318153419262,0.9242929976272918,0.8552645351470989,0.4664427772402004,0.6418711945272939,0.5330137263303487,171.86178588867188,62.20640754699707,0.8867024183273315
0.8299181609952275,0.9555353892593206,0.7017212961370057,0.8408503263211706,0.1193617985678835,0.9678039677353176,0.6231028876847244,150.3729248046875,79.9879264831543,1.0988476276397705
0.6546579973019561,0.6178053691108845,0.5934782161041179,0.8528666386606191,0.0582266291695478,0.8860599558157574,0.8022405910562769,148.9072723388672,95.01140975952148,-0.015905646607279778
0.6916934543367226,0.6265989584640838,0.5025485255265336,0.7444946618689006,0.4545118632210315,0.7582608352709292,0.6742658333234115,153.6157989501953,38.67079162597656,-1.8637008666992188
0.6453370369031396,0.5531410667411826,0.5140254202288258,0.7717594523155912,0.4318620814042194,0.7955235952676473,0.8810225840730915,157.0572052001953,51.55242347717285,-3.969841480255127
0.4842172822913106,0.75467672417712,0.7143015559616548,0.8030156457563707,0.3067135643216855,0.8523957753342728,0.3342508743379904,166.86354064941406,99.61564254760742,-3.5625674724578857
0.6676157334718098,0.5930518769934217,0.5389345072761578,0.7403973682797821,0.2240355418781979,0.7626645045533527,0.4461565273727939,147.78079223632812,59.08530807495117,0.21781809628009796
0.6840140874664591,0.3641769743070273,0.9620591484640229,0.8453073434329206,0.9000839470762111,0.8414040998701635,0.4638741625579882,156.2430877685547,118.97239685058594,5.2976508140563965
0.9529964559680034,0.991159420756836,0.5947546856266764,0.9300413220097616,0.0064613954085884,0.8984615830070608,0.3869828561257256,136.7673797607422,67.48943328857422,2.04593825340271
0.6514699872567096,0.378002197193555,0.6452133895344557,0.8040681332519608,0.7665386254419623,0.8736334210861292,0.5324047721985243,168.07460021972656,148.93356323242188,-4.403754234313965
0.731557805986013,0.4964723399415437,0.9663439586983946,0.7573277745199505,0.9117629139651584,0.9804590294723998,0.9852942962074168,111.35002136230469,64.78268051147461,-7.417635917663574
0.7955744245628631,0.9700028267228756,0.7080685568387438,0.9680388212233272,0.0769328965603275,0.7740665470067575,0.943257459313426,149.92567443847656,44.612234115600586,3.008866548538208
0.5094941578573894,0.4683387101167482,0.6379629061110579,0.8001812229240721,0.717082545433854,0.981900685817575,0.3440644506727274,187.0697021484375,229.1069564819336,-10.161232948303223
0.8976276683445619,0.734954737489455,0.9502697170971316,0.8954096198212195,0.8503215117421796,0.8555141696384683,0.5308600398987731,134.36268615722656,31.89602279663086,0.34356698393821716
0.4578597961857194,0.4567835519337901,0.6275432827659104,0.9105876049623528,0.3056445541934322,0.7694709032261282,0.6913752201600742,156.0415802001953,108.38142013549805,-3.88685941696167
0.6495251695867967,0.5841590443226251,0.855068888233258,0.6917210955871754,0.5479333635126109,0.6395712423310929,0.6256693274728724,160.35281372070312,44.24933624267578,0.36501580476760864
0.9018436174382092,0.6287668817815946,0.8684352807122011,0.7148581157157298,0.7851555690688565,0.8492983824277613,0.4448322325268718,151.8705291748047,70.58968353271484,1.3340466022491455
0.6134394899553183,0.6092296252540172,0.7296297375849069,0.9772277060194644,0.401170593903933,0.9598200135855828,0.7709979097655191,154.41665649414062,133.71529388427734,-7.708148002624512
0.4986456852832719,0.4273171534951659,0.8177766088215683,0.7381976886153567,0.6104565956541417,0.7371857312454848,0.6946917916630593,156.96588134765625,81.16355895996094,-1.1988409757614136
0.4657257641721605,0.4308505488256889,0.5033911380987857,0.8763739136695873,0.8538311103946745,0.6427138109576588,0.5199202108729256,157.8374786376953,112.9297981262207,-4.132874965667725
0.9160366658326612,0.9096945538586844,0.8518009101343702,0.7289649585771414,0.9194065336809518,0.8439881032894395,0.708712331721818,113.1767807006836,-27.03582763671875,-3.3430702686309814
0.7519727509364909,0.4867736866439568,0.5674229263015858,0.9691051042070178,0.6110781991406805,0.8888582268046411,0.3738636877749569,171.50294494628906,137.71182250976562,-5.576277256011963
0.7545330805176913,0.8282334263274409,0.7229849260826218,0.955184101546077,0.8623476268353188,0.6325500588779618,0.7925970021830875,130.97073364257812,-79.84223175048828,-3.3142025470733643
0.8794594482984102,0.79786796213355,0.7627377211520727,0.9563901065722202,0.6501550590245804,0.6128627349547702,0.5527065577240718,151.32192993164062,-9.339776039123535,-1.1899306774139404
0.5381763977911889,0.4114100972489777,0.8513310230891262,0.8803364586712317,0.6351794368172226,0.9737492752439698,0.9585688420305472,132.62667846679688,148.81551361083984,-9.394792556762695
0.6891460791076606,0.7418123144045268,0.5345883347278703,0.9053398308304622,0.3424830469301038,0.6770163847907003,0.6091116175302694,149.49560546875,37.63261604309082,-0.28900712728500366
0.9406607772943464,0.6717461906977831,0.9196984280460634,0.6737190939000491,0.1270328530866616,0.8342586665861491,0.9933225714941244,155.40902709960938,37.01242256164551,1.1306846141815186
0.9931918952698068,0.5892161302433983,0.9739821854320718,0.9550109439607924,0.5351897502735428,0.7703180380816842,0.4608467999383773,166.116455078125,44.32433319091797,0.7369898557662964
0.7467101449850053,0.6724137915873469,0.9508827308912432,0.674772277948613,0.5866516854235327,0.6748627768752622,0.6368950704741354,159.11512756347656,37.68251609802246,-0.9727131128311157
0.9291416849940816,0.7500601316702233,0.6274876317347129,0.6673136296299937,0.2869566313178477,0.6346483410073689,0.8892931676159851,153.5975799560547,-34.933610916137695,2.0430705547332764
0.4356540941446864,0.678461855274019,0.8066093554289222,0.7337836690908716,0.2199033823840783,0.8093407304820073,0.7125093665615454,154.19598388671875,76.85900115966797,-2.680680990219116
0.5600732338922085,0.5121477345137937,0.6569548785480083,0.6960217335267103,0.6981259471288656,0.763928715223127,0.9321980438795732,156.45895385742188,41.309234619140625,-7.092116355895996
0.4499833660778033,0.9760443705247748,0.6665960406850646,0.8804312125299979,0.2728969950617873,0.7291574204801847,0.7017405698048893,156.52859497070312,52.23942184448242,-2.4671578407287598
0.6319022089588581,0.4601951875164192,0.5285510522048219,0.8891686488499279,0.79137114636564,0.78858298025941,0.5357847869171927,162.7131805419922,124.74944305419922,-6.148764610290527
0.7345943442457205,0.7960778856241519,0.8865168957239109,0.9613492119216964,0.1613188973765962,0.7575833445860581,0.6163339393992511,149.7075958251953,61.1156120300293,1.2583835124969482
0.5268419465683717,0.871004689957454,0.6771278726028515,0.7093593699390915,0.7534843170291108,0.9167554388853988,0.6122688248677125,148.40789794921875,115.52203369140625,-10.459050178527832
0.561783660670676,0.7572389281217158,0.6834674577893993,0.6947821051540003,0.5655445862039336,0.6508839204938909,0.8163996706823654,155.54586791992188,-4.5979905128479,-2.9671638011932373
0.8943913115096997,0.4766840585286647,0.8076087561505523,0.9725818757693928,0.8192199453965279,0.6146522724837786,0.5105903510912254,163.4737548828125,12.556305885314941,2.1290059089660645
0.782538229736826,0.4436531021283044,0.7077027647933016,0.7691308388012394,0.5812393220026423,0.7545528805694817,0.5041904189165525,162.21673583984375,73.20650100708008,1.426090955734253
0.7314371977228411,0.4056705597378769,0.994168023115698,0.7293345167652919,0.902741776944188,0.9746367434457498,0.4085891181476592,152.08619689941406,154.9215087890625,4.213944435119629
0.7718756223817909,0.5403065742287475,0.8578464856443468,0.6833189852600057,0.3550432148595645,0.5790050433580943,0.4461485813872462,162.44439697265625,83.75423431396484,0.5430774092674255
0.6533632598315063,0.6882004440720348,0.6187175109705401,0.9832431576844548,0.3219919923226172,0.9649454161366388,0.9566735120235674,153.3692626953125,126.68451309204102,-8.378622055053711
0.4919072372828506,0.5938955398525981,0.715483363204797,0.9852585518456488,0.4800958679348517,0.8966351484603174,0.8404350296054143,152.48828125,133.25279235839844,-10.187668800354004
0.8423991586493442,0.7080273147045291,0.5332565109340807,0.7667958425444832,0.4650274361038516,0.7877092563070774,0.8408355056671909,148.78857421875,-7.7703070640563965,-0.814799964427948
0.6193325459828682,0.8245776144636847,0.7434948195695856,0.9527615112094098,0.3019819927096394,0.9046971056628088,0.4249327089795504,163.10092163085938,104.15685272216797,-3.43768048286438
0.8888593542074974,0.4019943357663461,0.501616711037152,0.6918423740085897,0.7484890038644871,0.6519196205127124,0.8594985803506121,140.305419921875,-47.83966064453125,1.1113029718399048
0.6738422530947259,0.8508702774376282,0.954654322086143,0.7420328146729279,0.9813333875311048,0.751207981287992,0.6529332239861425,109.9660415649414,7.699372053146362,-1.7724225521087646
0.4506988377043133,0.4739723987178005,0.7818763078178171,0.6910976961524956,0.9117038147314466,0.7575175088169133,0.8296838589600664,143.7840118408203,76.25831604003906,-7.2414870262146
0.4544437833479655,0.6213749445692104,0.7442121390814688,0.8160362177766929,0.7947008533384602,0.6997010349273162,0.8114328345201383,143.9657440185547,41.67351722717285,-6.234247207641602
0.7552318372002782,0.3741351087793954,0.569833640808781,0.7810631535910656,0.9195012908566595,0.5883970476953895,0.4036073577702324,150.26100158691406,82.65097427368164,4.175765514373779
0.623253640805606,0.7624273733777942,0.9640000965491116,0.9668444814270168,0.6641849828475597,0.6956993045214956,0.5161678333774731,143.11167907714844,27.26374340057373,1.2349261045455933
0.5892748755434067,0.865107566886917,0.8611313808946546,0.9442102757541524,0.8772954725988326,0.5817722279733064,0.3993638643849372,132.05056762695312,15.920395851135254,2.4342288970947266
0.8892180729912512,0.7924272806625234,0.63959855519107,0.9595912368802926,0.2394566332230112,0.6268935225855445,0.6654466664233971,146.48643493652344,20.312399864196777,0.6947396993637085
0.6696632453164804,0.6420143590166013,0.6477925772767222,0.9932886327554248,0.8059705793760855,0.6755292424262886,0.8137110861622567,141.77169799804688,-19.75313949584961,-4.760525703430176
0.4582285808802823,0.4937764450169564,0.7862903807913663,0.9954375394872677,0.8410234526795028,0.5795020606915579,0.7250422011328186,140.96730041503906,11.160720348358154,-0.2995299696922302
0.4892013830973016,0.9110874854134556,0.8035055715910147,0.8855411897224855,0.451494373126613,0.6736917224689022,0.6761301728155829,146.59327697753906,27.50652027130127,-1.6999412775039673
0.890179926998236,0.8961201644374721,0.8557269932696935,0.7966352924605036,0.8512675135435227,0.7099449239374952,0.7214597068773779,128.56875610351562,-53.526123046875,-2.8648667335510254
0.6368638517918688,0.7210579816498333,0.6308596135337304,0.7651809551830289,0.5178787775739594,0.8908497814276178,0.6063811105423064,162.8837432861328,95.12591171264648,-6.109756946563721
0.4337856227077826,0.4460114723797516,0.7367601663213875,0.8533433398676377,0.1769368489757228,0.6864903433128114,0.8183897505705526,140.05987548828125,77.41896438598633,1.5296618938446045
0.5742277518484207,0.3566766199839983,0.7433685983602976,0.9038073957683128,0.1659372048231746,0.6931587464357538,0.4715544746245229,144.20852661132812,80.00078582763672,3.648519992828369
0.9469644151470608,0.6383043221921736,0.8700738146394702,0.8093792310806058,0.4070658225706593,0.6427500502919069,0.9408071902976884,164.4250030517578,-11.434462547302246,-1.788752555847168
0.7607947550867165,0.4849254586796555,0.7551539660790563,0.8801703678515063,0.5145018420647003,0.94198172788628,0.8740061557984184,147.55897521972656,88.23348617553711,-4.410340309143066
0.4478063342033966,0.8841606140360205,0.6267052275099249,0.8971961825833827,0.5762880668719412,0.7567565973313679,0.397456725016077,159.80227661132812,93.82920455932617,-5.462434768676758
0.9300783897980398,0.8791323875987707,0.9073380818769932,0.8823296409595892,0.5702894396341985,0.6678010080089555,0.7500069549206858,151.57814025878906,-25.69792938232422,-3.2309517860412598
0.695201131948807,0.9177575649160372,0.7184062005365964,0.9636072824765136,0.8213372484877821,0.9884679695011518,0.6953268022435727,126.4823226928711,100.95207214355469,-11.429929733276367
0.5598203324155223,0.5568915683613915,0.92320475545182,0.9477519069562168,0.2795419001303858,0.6101779586491036,0.6307770339882839,146.95578002929688,51.96346473693848,3.218067169189453
0.9426063939895976,0.5574084921470821,0.9738317528253976,0.8339291836359098,0.9803324307355078,0.7962785726919843,0.3370103175903468,152.98841857910156,75.10722732543945,5.6146111488342285
0.9759545748348024,0.4504616423896591,0.8909491397766037,0.9311201046606246,0.6610319484740059,0.791906200398312,0.7904150578975982,151.67654418945312,-6.303272485733032,0.08637107908725739
0.4816866977053803,0.4066427556247816,0.904672324425018,0.9863947961192466,0.5233282814521124,0.7012836513217982,0.5623347335416944,151.1323699951172,70.84809875488281,2.886643648147583
0.7113972470027907,0.9248622867046444,0.6650243471459829,0.7967569165377306,0.74889720188739,0.6723425824666105,0.4792465289603358,135.35733032226562,18.14483642578125,-0.2384464293718338
0.7348774213212415,0.6368081131820803,0.7242505118927637,0.7558419553480975,0.7049083985855776,0.6995116084867731,0.5843302394761187,154.3908233642578,36.58304977416992,-0.3734467625617981
0.8208137914244862,0.586377458132718,0.602273734365294,0.9569953667113696,0.1705257752630687,0.9423945467927608,0.8010431012640797,145.0830535888672,92.5311279296875,-1.1879186630249023
0.5111682171727743,0.5072725941750498,0.7063389668631989,0.7131337351637986,0.0984007422145328,0.5941890072218049,0.8307610369399592,141.25936889648438,45.30777931213379,3.746063709259033
0.7601819715572129,0.5174954435196328,0.866160421473331,0.8279771339771537,0.2013234592327444,0.6188959573921814,0.4259805091571934,155.565185546875,86.34557723999023,2.061079502105713
0.7565733237465346,0.4023869163698607,0.7196357774730078,0.7822566723742553,0.0533498694560719,0.7117753104133072,0.937775522988115,133.69296264648438,53.35024452209473,6.32190465927124
0.6851391043561715,0.5676712325759078,0.8513936006391748,0.7551709908563993,0.2782616547797694,0.8834264239080549,0.6598466734894821,154.62548828125,78.68436431884766,0.25851142406463623
0.8498852337390939,0.3854489183637823,0.7373009222221083,0.6716054302012067,0.8565223275431073,0.9958163257733064,0.9178126699481168,142.2381591796875,69.22118377685547,-6.745842933654785
0.8327999764477477,0.9398602662730412,0.5052714373515135,0.6826914160808581,0.9389200263920158,0.8838128216080386,0.7889012140512596,113.62544250488281,-25.03213882446289,-7.207434177398682
0.4870419466678231,0.5437015840829287,0.6849870000241878,0.8372155167425263,0.8896055964732096,0.7884942023050869,0.96713252985519,138.61355590820312,64.00251579284668,-12.136781692504883
0.6257390884094143,0.6961504150187872,0.744095487129496,0.8410685431520529,0.6031179155641185,0.9638198724883444,0.9626276110004462,144.2254638671875,104.21186065673828,-11.222123146057129
0.705841580028061,0.5808880462587414,0.8537601276948666,0.7423384396030999,0.8312034723388463,0.8951693281634117,0.3545944168051925,156.7290496826172,134.61656951904297,1.2135679721832275
0.928542245906814,0.4281899469969402,0.6807113974651822,0.8149835101341121,0.0387386498462683,0.8570224322714344,0.778536642791603,129.40097045898438,52.02566337585449,5.656060218811035
0.6267915011248724,0.7121681191217584,0.8615935229286371,0.8631924177283873,0.8704764749150774,0.9837198746918636,0.5743188947269136,132.0900115966797,143.805908203125,-6.663022041320801
0.5666827728921331,0.8928388428947382,0.60785924879773,0.670783592224196,0.8909497924816181,0.8969028042468021,0.6186858341489148,137.09640502929688,96.91831588745117,-10.584127426147461
0.5591791380446174,0.7950932697082422,0.8482574908581987,0.6914363371506721,0.0488892427279011,0.6374917487159791,0.5390056252535879,145.31976318359375,56.43963432312012,1.3882237672805786
0.992880731909319,0.961022415696245,0.6970991958025708,0.9052573719209114,0.6362065195544325,0.6978836938361259,0.8551389476360743,137.16116333007812,-92.02400207519531,-2.659292697906494
0.6681955507483516,0.9003817144449238,0.6241462690914187,0.7830037247976023,0.4981143433749825,0.8966833764824018,0.8624732728753969,155.0009765625,53.48110008239746,-6.848474025726318
0.5814183009752116,0.4114000992123592,0.6920877815695732,0.8379681857369362,0.8697700571948913,0.8055200018580919,0.6406197634204369,157.61985778808594,121.73250198364258,-4.7780070304870605
0.5260642385175642,0.503391765092456,0.6366305334674796,0.9358059118827377,0.0040171542555811,0.666285982773965,0.5182568573420346,132.12245178222656,72.46249389648438,2.4516375064849854
0.6489750137070394,0.3862283199044223,0.5610745773205299,0.7697582891966455,0.0980150588936942,0.9423827845314856,0.7403626183535906,145.4221649169922,104.27981567382812,-1.3450820446014404
0.4709957087005207,0.4718074413513509,0.6878056830456856,0.7959763822206256,0.5621932009904196,0.7818910666928826,0.9172077994616558,155.10699462890625,87.64194869995117,-7.1201910972595215
0.9445760451588616,0.8685074867625335,0.9332553237080454,0.8211612582719124,0.416997771422094,0.963871356907008,0.7165461766500523,139.06985473632812,49.606876373291016,-1.0702699422836304
0.9159891418306758,0.6027327310468662,0.8236779947394458,0.840764619192536,0.647605893118443,0.9544297160104688,0.3749887181602278,159.1044921875,98.83723068237305,0.6168214082717896
0.9663353067038332,0.5165898875218013,0.6381490831049467,0.9762072457121468,0.6553637765285701,0.9923811424327882,0.3805986161001722,161.55506896972656,113.90072631835938,-3.723249912261963
0.9174608269938264,0.9616470625870064,0.6619107752587315,0.8207109493730909,0.4409536579707402,0.6681361480290797,0.6611124289303001,144.58663940429688,-15.451022148132324,0.13025318086147308
0.9971691919312212,0.8251595604793232,0.9503555200933038,0.6792871011449967,0.3596825529336588,0.6218785971480084,0.4446906309380558,165.33743286132812,85.10091018676758,-5.07786750793457
0.4858189340177142,0.8501412272219373,0.7249154938928849,0.955697976239986,0.5762928140644232,0.8108294368307423,0.6718837016473704,150.90927124023438,78.78680038452148,-7.510003089904785
0.7033170299290106,0.7401126363032048,0.5785246141377879,0.813856622197025,0.0867241000702719,0.7668463616098856,0.7777507297746395,148.15013122558594,47.449045181274414,2.788409948348999
0.7354074158492836,0.8846831712380236,0.906257409649854,0.6736427594061051,0.0347182952991315,0.7927556857443383,0.904130876333072,154.4335174560547,55.60331726074219,1.4322324991226196
0.940548240111442,0.5226241980538463,0.7851275538366798,0.9130076592977612,0.3369739266154284,0.7094924740125677,0.6556536246823632,155.80123901367188,36.90541458129883,0.9539957046508789
0.7957459990509727,0.5623592898451117,0.939488540136472,0.7352896164796873,0.6956902721047624,0.7042570894980391,0.8732014464422663,153.89459228515625,-7.168323755264282,-1.8579810857772827
0.9589163957272216,0.9008125147388116,0.5175463829351105,0.9187148666491408,0.0067865852427394,0.9301722313405452,0.6059052185665555,135.3126678466797,62.774600982666016,2.9580016136169434
0.5137521098608074,0.9444718817019626,0.7262149510114732,0.8391507237037579,0.2136355945800756,0.6801663016788377,0.4592899207573556,150.6185302734375,51.481672286987305,0.604328453540802
0.9238438654118192,0.9945134782247038,0.6127050092049416,0.9462463054792632,0.2611049276169037,0.735504251207896,0.789541752756947,145.52110290527344,-4.190177798271179,1.4718763828277588
0.8490367328225998,0.736676187480001,0.530794014078371,0.7820541044524435,0.8737617651481844,0.9670441102477024,0.5390401922235749,137.91207885742188,102.5496597290039,-7.4033355712890625
0.7706592478639043,0.3611861727895956,0.5047532253847872,0.8185016410037895,0.6393695995765574,0.6798473255825878,0.8981296652458317,143.38717651367188,0.19268077611923218,-0.24222418665885925
0.743660780549094,0.8567390737856924,0.6054956378971765,0.9909172384478742,0.8349989031379059,0.92825140927903,0.6163983425246549,138.22998046875,86.50492477416992,-10.408636093139648
0.7216248415471996,0.4573882832749921,0.9485486365818752,0.9534166379037924,0.309995322742065,0.6667068639831594,0.5111900217467086,157.63143920898438,64.8608283996582,3.8386237621307373
0.7384077668697778,0.8170968729631062,0.5903057909783129,0.8405877210626453,0.7560483516725626,0.6414488726665447,0.6997959767143078,139.06964111328125,-32.67742156982422,-1.8601548671722412
0.8014522343994165,0.4105842132112029,0.715262473834888,0.9794074784513568,0.5973862585579925,0.9707856419734812,0.741312634027386,151.1905059814453,108.42172241210938,-5.394114017486572
0.6050666897547892,0.4488058229999214,0.7462169230749067,0.7924407919331818,0.5505614105628087,0.874883952219969,0.940377935637378,151.2661590576172,92.85305786132812,-6.097773551940918
0.4309969731223385,0.7437918216135664,0.6545802796260362,0.9887154965307792,0.2866658710942823,0.7305407135338637,0.9040402257507726,152.2720947265625,70.89971923828125,-4.5131425857543945
0.8618425219998154,0.8182987660365979,0.9842603883185712,0.8398035427962348,0.406279681979715,0.865190565686875,0.4704708613885778,149.8948974609375,67.29387664794922,0.7305253744125366
0.90388591569586,0.5052536823375792,0.8603004631533826,0.7038114208999154,0.3853371625709734,0.6391244191340463,0.8885295702861393,166.74099731445312,12.00532579421997,-0.30590522289276123
0.9257552397928244,0.798696585601297,0.9321020413733416,0.6804941067204064,0.1357208478088261,0.6880506194012951,0.4450333228217706,156.7738037109375,88.48434829711914,-2.4379189014434814
0.5864782460320883,0.4116423416736292,0.7639431220093826,0.7273174490751759,0.9935833567955012,0.8916926146662498,0.5303789984361097,155.81947326660156,171.89244842529297,-3.738393783569336
0.8088407663463985,0.6921745732074356,0.9667930267307836,0.8593465198108983,0.3538034592939296,0.7092036384619478,0.549532002786125,159.2194366455078,59.479801177978516,0.45965489745140076
0.5743498618392381,0.9329509327897076,0.989616490374646,0.7388833494218631,0.2567228337271125,0.8510749723966555,0.3227415011263713,142.6244354248047,75.50313949584961,1.3240923881530762
0.8304795362923546,0.4326706876167492,0.6807294870360475,0.8650980586065269,0.2974499827101832,0.8072286591346449,0.5673277328195412,151.7523193359375,66.78056335449219,1.7474451065063477
0.4439642620697331,0.8881232665731287,0.645015805477523,0.993931969639779,0.3604601681049043,0.64790276444376,0.8413880337652136,151.72598266601562,23.817317962646484,-2.9654107093811035
0.7445513595610428,0.6331003374702509,0.7244112971217485,0.9562424111760868,0.0937895287838858,0.7890669323394202,0.682996516282535,145.53929138183594,70.13024520874023,1.9033143520355225
0.4566673305617432,0.5011719999948223,0.8024993089640429,0.8938767401062923,0.5040361174222097,0.9135755589687136,0.9966721209672136,138.8048095703125,138.19924926757812,-9.894063949584961
0.70990331797031,0.3922294519882869,0.5217393267562398,0.7012031487364262,0.8604341855594378,0.967734864243089,0.7349836398186755,158.9955291748047,146.00936889648438,-11.146042823791504
0.9491462530472126,0.3892291558301787,0.5934943129791432,0.8088564309640329,0.7627865042806038,0.9024619121015294,0.9871426588547098,137.8081817626953,2.2407522201538086,-4.673351287841797
0.7248791860292045,0.9924245505601528,0.8628754375867285,0.8532193769582002,0.0182297310327593,0.97838886234978,0.6131993091028531,144.4434814453125,98.22097778320312,1.9743798971176147
0.8255963657291667,0.8001607529006186,0.6306251508151621,0.8707894329078263,0.7264309386479314,0.7204777158887208,0.5101856315822828,142.75631713867188,20.072477340698242,-1.1552561521530151
0.8035095182662717,0.9661573951662216,0.6672920123004011,0.9424401973117752,0.8121193590862095,0.7200431237791098,0.5192226977984856,128.48529052734375,-7.241287469863892,-1.8208633661270142
0.8236066227352413,0.4279046328984609,0.7888540414816531,0.979087303911942,0.7957189352556946,0.6057371356115588,0.4516330340621517,166.73580932617188,39.17701530456543,3.396244525909424
0.4542703733266379,0.9627270787841528,0.5140490563718757,0.9692442360042968,0.1614772012010649,0.9631023338737772,0.5715303493394086,181.32785034179688,159.11375427246094,-11.1173677444458
0.8586184302492432,0.987414001229436,0.7814816615531139,0.8151968517351357,0.32639637571506,0.7980845927998578,0.3182546991575848,146.2251739501953,65.74391174316406,0.8503586053848267
0.9431552294651496,0.8882602924664165,0.5692520561837476,0.6914401063621177,0.1029498067265961,0.815899160255632,0.8773080616693304,145.7834930419922,-7.838556528091431,5.307969570159912
0.5804552757854697,0.5192707572274995,0.9182591622395104,0.868851714913603,0.5379957213114406,0.6086328825004051,0.99757240586213,143.36778259277344,-1.0995370745658875,0.07644625008106232
0.6934082779607141,0.8159948315715133,0.518502812927812,0.8203096912492467,0.4101191353175842,0.6907510222924106,0.9400684401658236,153.0703582763672,-19.011690139770508,-0.5729132890701294
0.920579238806621,0.657914324813291,0.7385912179445597,0.714326066425278,0.294758992460511,0.6430052967857084,0.6015749703626648,154.55909729003906,38.4155216217041,0.08458991348743439
0.8354462218984162,0.9428512781100752,0.5690183925123141,0.7987392377799276,0.4970149345691697,0.620945908972842,0.895514302751132,145.9498291015625,-75.85589218139648,0.6021617650985718
0.7844426639197141,0.449040694813602,0.8898689012425728,0.6806962188208976,0.5287475945216555,0.6084334926205022,0.378889564289598,170.25497436523438,95.88747024536133,2.450387477874756
0.6930439786829976,0.6434704626674186,0.8392151449015476,0.9888563159928792,0.8534404663119127,0.8701685741066647,0.6066105808450103,139.0205841064453,71.88145065307617,-3.968461275100708
0.8031635463463375,0.4832115655831168,0.7189130878690414,0.8091112966458885,0.5336898422323214,0.8716666698977784,0.7932704466119727,154.10145568847656,57.86045837402344,-2.0523629188537598
0.6370960223093208,0.5061062693486422,0.9007724664295158,0.7570340442182758,0.6328821054088988,0.6058244066351316,0.9338740293787504,153.6910400390625,-4.1493611335754395,-0.6513389348983765
0.8913465225776716,0.5857699239986012,0.5878460019845185,0.7449063322306676,0.7725393267000175,0.7481812265019858,0.3672263939323471,145.96160888671875,68.64387512207031,1.205708622932434
0.8085162425320335,0.8207624100253526,0.7392818688045399,0.9695986825229472,0.6684568737448273,0.9401176670975376,0.8844636605165909,132.22933959960938,33.44424057006836,-8.08222770690918
0.9088433285082028,0.740064138836681,0.7250947903287237,0.7092253266355509,0.167858028247797,0.9198195817600988,0.3733614749761876,148.0048828125,58.95241928100586,1.3310576677322388
0.6514038463046551,0.7242919323946833,0.8027919411996998,0.757972321009774,0.6089770184363702,0.6845337555274008,0.9740056262119304,150.76358032226562,-21.93370532989502,-3.8604235649108887
0.6095025978677324,0.9136956059008584,0.9843961413516984,0.7292558389084256,0.5811408252770867,0.8562714158827682,0.4302140278851746,134.54531860351562,80.16219711303711,0.026287127286195755
0.5470761467264237,0.7705433720371876,0.7383059345191443,0.6701356411511257,0.3747208626840794,0.8428786238641762,0.4382689903102524,161.30502319335938,75.77804183959961,-2.7827494144439697
0.733161800730987,0.8215802207208902,0.5873516348325682,0.8635749979510333,0.0095428020259697,0.7498391012869643,0.7776233794388825,144.69329833984375,51.855329513549805,4.241548538208008
0.5429727799804493,0.8733522248406644,0.9008154551896708,0.9790149607571677,0.0324987989831696,0.6458278536416929,0.704978764986056,139.4529266357422,60.00110626220703,2.671955108642578
0.869737042714337,0.6038320242483972,0.927113551421318,0.8171388614314488,0.1748769709303769,0.5922735428561302,0.7969289897911243,161.8931427001953,63.51280212402344,-0.40315350890159607
0.4526772843227927,0.9375801181725356,0.9496019853252088,0.9453149823698236,0.3001152734061594,0.6973695702312646,0.369667288095712,141.81655883789062,50.33746147155762,1.6333684921264648
0.938640632175438,0.7030346873971678,0.7475994438210484,0.9753286004178878,0.6214745770579756,0.8654094994782136,0.9242134504394808,137.1659698486328,-21.28540325164795,-4.508577823638916
0.4418627001221762,0.5918789292630846,0.6075557062644381,0.7782986108276719,0.9844537529305076,0.8783076258009956,0.4311283463407742,162.88973999023438,211.96884155273438,-11.142619132995605
0.5485643997797905,0.5268538287688207,0.9237079433454044,0.8403074541622575,0.9418866364653338,0.7731240495110332,0.5984343593086272,136.61460876464844,84.71782684326172,0.34431347250938416
0.4304177806068061,0.4106983797543404,0.6264339433338258,0.85572199191875,0.1287610795716176,0.8133015191352027,0.6032422843723761,150.47267150878906,110.4200439453125,-2.761899471282959
0.904336727235755,0.7325323369713626,0.5425986430861262,0.9868808449115692,0.3412986794675032,0.9889865809826002,0.576688206003721,152.51113891601562,94.13799667358398,-4.981806755065918
0.8711761574680409,0.6267478722596118,0.6816824317123102,0.9976582272724814,0.1210329959649738,0.9832784000201272,0.386134220869287,154.60316467285156,94.51371383666992,-1.2803541421890259
0.6124845649238327,0.3906013506048146,0.9519885597809972,0.7768281316155314,0.4278858395922593,0.652656517285727,0.8640814563817791,149.74769592285156,46.346357345581055,2.663504123687744
0.8313958898589442,0.54426607549574,0.724811411891835,0.8429729773392036,0.3187035023845944,0.6692293647896079,0.7918095116882204,152.9676513671875,25.500288009643555,1.8219817876815796
0.7569958861300233,0.6288526974883579,0.8743174369230968,0.8642250719824945,0.4693450176838976,0.8746234748469706,0.6033619191221986,154.4380645751953,73.60855102539062,-0.36030879616737366
0.9319047002869656,0.7476734381266286,0.9317432758476356,0.9909570740623664,0.0287782707428965,0.915028808369785,0.6011370624551873,140.9123992919922,76.60929107666016,2.5262322425842285
0.7790246499168635,0.7857200377556866,0.8859041546989911,0.7637876794585355,0.7785638647907686,0.936891518955786,0.9615321900421744,120.6521224975586,17.10407066345215,-8.017202377319336
0.7507364353451969,0.5857732409601953,0.9512328944587816,0.9394293084847344,0.1321648179607016,0.950572722990004,0.356657245811015,152.1276397705078,83.87630844116211,3.1217613220214844
0.6905979175987078,0.6420825700823767,0.9449170996853477,0.7230664661652444,0.9317770747308896,0.7028129651643602,0.8905631995102886,130.17613220214844,-30.87472438812256,-3.7474918365478516
0.5788404505045174,0.7860237879673049,0.5347801672137353,0.8410997827815372,0.8800525809028802,0.713502587104604,0.9640048262388576,135.60292053222656,-30.66564178466797,-10.076627731323242
0.6999774615526924,0.4053802830004037,0.894052730968441,0.9293247108013648,0.4355870514375415,0.7070477481222845,0.6230670894532594,156.30035400390625,58.8072452545166,3.474346160888672
0.9920015593860728,0.5435831523676758,0.8903664331734775,0.9075621949308046,0.070958865423525,0.636528803381107,0.6945744713244586,152.48641967773438,77.19853591918945,0.05950719863176346
0.4918759854802363,0.4134989603791691,0.5402323024310718,0.952409349715254,0.5861929116899226,0.9194026670603496,0.6171325170920585,177.29074096679688,202.0224609375,-14.137613296508789
0.9565434930812966,0.9223426705669996,0.9875621979673436,0.7018658450028691,0.2274734229118666,0.6821263967540666,0.6074792324465081,161.87249755859375,69.34196090698242,-3.9660658836364746
0.9308104355893372,0.5143354689045732,0.8618291881091923,0.9564604937981288,0.5658371212464202,0.8050854582162337,0.8354123859198822,148.092529296875,0.16066096350550652,-0.7131818532943726
0.6285257183785591,0.4003103859203278,0.5381441550958347,0.9703568875495892,0.9595321219459162,0.7625644244963876,0.3405598486111909,168.87229919433594,162.23955535888672,-3.934979200363159
0.6712448207899661,0.5751460239868793,0.8884634328362019,0.8687412932415417,0.4441497503073818,0.7487049058116231,0.982636776698136,144.41603088378906,28.17434310913086,-1.0289138555526733
0.6943348931852122,0.8359002998620222,0.6621273520207289,0.7446116144915457,0.4224176973713662,0.9259703617562542,0.3877678993332709,160.0489501953125,96.21574401855469,-3.074047565460205
0.5558293881203498,0.8486634413004622,0.6206192081238209,0.8104224072091611,0.3272998717881039,0.940169080877024,0.7809963615939464,166.51263427734375,114.12629318237305,-8.14387321472168
0.983879380494336,0.9260865129970566,0.814787426915469,0.8186763275505449,0.5732783837710967,0.9542449967546628,0.8918605363608134,130.58474731445312,-4.775110960006714,-3.7283287048339844
0.5050807423907048,0.7770903805519191,0.520568926022944,0.8108873927432645,0.6417920330596752,0.6209785257448102,0.8593323713509796,150.34519958496094,-14.018956661224365,-4.598033905029297
0.7885909561886232,0.8773434551765371,0.8722166090733815,0.9354706968401914,0.7011236793312565,0.9457670694292376,0.3864897489168333,139.77420043945312,92.63888931274414,-1.2150084972381592
0.7310041400292284,0.4513052455600289,0.8671202622141148,0.7930884302455506,0.0515921396223649,0.6439562076190459,0.725203945021204,141.16070556640625,75.38272094726562,4.370758533477783
0.7351491845661579,0.4846520882575615,0.7655239484448755,0.7728433979975674,0.1536578374409338,0.6237928547819555,0.9591903744369904,147.60452270507812,38.719892501831055,4.210363864898682
0.8518758110800981,0.5832159939188636,0.9536128997901844,0.8143744990709266,0.0882958019272379,0.9291805141260652,0.4723927808416603,147.2211151123047,77.02560806274414,3.468618869781494
0.732179509983873,0.6245531365752122,0.6761467722479071,0.960663006099657,0.9874350436707972,0.8340684570902654,0.8580243714703641,125.90742492675781,11.659830093383789,-9.523906707763672
0.4481879118690342,0.8861371323003664,0.867094140730855,0.7341735474616423,0.319946906498838,0.9136894033657392,0.4777339974283147,152.23924255371094,96.97262191772461,-3.821559190750122
0.8447688828905398,0.8104068855499154,0.7607056680232334,0.9076252476553158,0.6221637862483551,0.853652958245926,0.408554155415997,151.36741638183594,67.33221817016602,-1.1070517301559448
0.8624829378166334,0.8608876777918846,0.5662344783649828,0.8942787147637972,0.0555275198433637,0.8947869384802798,0.99282267008895,146.55484008789062,56.281057357788086,3.84696888923645
0.7806664135244779,0.9522197764354294,0.59515423286058,0.8423676634142394,0.4648586319431052,0.6096702545037634,0.3328711536400204,136.35035705566406,40.11534118652344,1.1441627740859985
0.5768123648708683,0.9330472885801548,0.9963610568621638,0.7911011041415862,0.8923839081746961,0.7137046290647439,0.5727724139184048,107.68001556396484,17.381945610046387,-0.29631301760673523
0.9087959433479756,0.3540908139271987,0.8054922203992718,0.7465482776211986,0.9336614027679272,0.9919023316141982,0.5745979133126686,150.84144592285156,115.21218872070312,-0.04081389680504799
0.4634101055860252,0.8420714947520029,0.6095532363519652,0.9597885558293416,0.921706684418357,0.9118041682617604,0.7490198655103586,137.9957733154297,140.86900329589844,-18.687328338623047
0.9212458592656892,0.4478073401406941,0.5555615136603879,0.6958428979162313,0.4519695574007714,0.6266943238681911,0.4582060078857658,137.01588439941406,43.36018943786621,2.763988971710205
0.9925687445337708,0.4049400060997158,0.8780698532601834,0.9498400336209704,0.5825925597029955,0.6261624934085813,0.6541182921638389,168.67153930664062,10.930713653564453,0.7784675359725952
0.7010707518594563,0.9856702824086478,0.679844090843569,0.8556968098168778,0.0111489812139662,0.9558740489453637,0.5427583102667347,153.95204162597656,93.48182678222656,0.704590916633606
0.7371975825138362,0.8884052030248446,0.566942277200728,0.8476549107418593,0.3678261218713788,0.8680597930500078,0.704837329434764,155.53591918945312,55.646942138671875,-2.969153881072998
0.6383524813857583,0.4998322961866379,0.9507794577460118,0.7384955601898058,0.3977810326031293,0.8589322114818455,0.8916797580815703,144.23367309570312,72.00650787353516,-0.9178631901741028
0.7076862229418907,0.4608898478174856,0.811628360668896,0.8330438735412409,0.2431367205857856,0.8866482393094617,0.6004816888851093,153.4774169921875,87.68303680419922,1.4886530637741089
0.4691906799789024,0.7179476080100364,0.8855563667483763,0.8839019932240303,0.9519617098425972,0.5950832365917204,0.4485583797689748,131.27694702148438,42.69280433654785,2.98234224319458
0.9654753361037914,0.4998313511137803,0.6764582684285448,0.9484359028124888,0.5336774071735708,0.6185369424126621,0.9104477611557902,149.2155303955078,-50.182626724243164,0.04735938459634781
0.8781846220969418,0.7919375738399701,0.5061695967185361,0.9397952406118572,0.8701644868849574,0.9057104704775528,0.5597938322701037,133.01583862304688,62.11056900024414,-7.708802223205566
0.4574857930650937,0.9200235913014804,0.967736352542645,0.8078617939804091,0.8138943614841634,0.6829035445175171,0.3539907125650535,120.20892333984375,60.099674224853516,2.4812848567962646
0.5531726247364166,0.4528788895843774,0.6198937602343477,0.711184367972267,0.4913354197019662,0.7430603142714725,0.6787356557863862,161.1461944580078,72.12576293945312,-2.4951565265655518
0.8826146584158241,0.7658228144000319,0.7525386715533211,0.9280492875858264,0.8311119916557292,0.9542367476722626,0.7943292674913566,124.55570983886719,25.413872718811035,-7.440096855163574
0.7081809647423214,0.7584852613799985,0.5769350399299966,0.6919038675207949,0.069449264681926,0.9394229987271868,0.6382681695688706,154.8319091796875,61.30320358276367,-0.07908923923969269
0.580831029565648,0.8565710101611803,0.9588018193966984,0.9403976272880424,0.6762506756296597,0.8796762729824192,0.3258703113441786,139.3076934814453,98.13936996459961,0.45027583837509155
0.9840750186835214,0.5439075953723199,0.7662243643797475,0.910917983154129,0.8073691533960009,0.9525676679715888,0.6757125996958977,140.77330017089844,42.27476501464844,-3.118614912033081
0.4898633894599852,0.5188533891156155,0.8556564597379428,0.6684874485622669,0.4900885551881295,0.6471865494515863,0.9984278420520126,153.14356994628906,19.56844139099121,-2.334390640258789
0.8075016052825207,0.5536318389221484,0.5274226545480324,0.7748823529983567,0.4567773462096897,0.6983206736367884,0.9039607519563022,147.1955108642578,-15.390846252441406,0.8536872863769531
0.533923066298027,0.393692932666743,0.9191663209732208,0.7945556163354015,0.7463022860033061,0.614942490494631,0.3518690974027374,165.2960968017578,103.83160018920898,6.85348653793335
0.6942213807893935,0.6004930200706029,0.8234349711936356,0.9179176408589834,0.6852052143373711,0.5828293715008113,0.5000606724427952,159.17120361328125,35.64584541320801,2.0216028690338135
0.5119016455380915,0.6897566861360519,0.6906563130361454,0.7754247293890725,0.8999684066762295,0.9567430498582375,0.7259336509047224,144.49887084960938,163.35921478271484,-15.313751220703125
0.7107431753387599,0.4418254456877071,0.5527971950714824,0.6817816216974152,0.3298058285343964,0.9699556047753224,0.5703422702814713,162.0360565185547,100.84784317016602,-4.030101776123047
0.4377637989207933,0.537953148033327,0.7586598830793831,0.7638488499874092,0.3224084554731037,0.8761342594771018,0.6125994038645741,162.48236083984375,115.16910934448242,-5.0254411697387695
0.9774889079609188,0.8428241478229914,0.6813893621906746,0.9974970237947234,0.1830091628213222,0.8898109490967863,0.4609269738828569,147.49929809570312,61.2540225982666,-0.37107598781585693
0.5729922149116344,0.3766014678178709,0.5155189959187504,0.67064853031426,0.0939628574602809,0.7708348466684306,0.4948585940788427,134.82308959960938,54.06593704223633,1.0229837894439697
0.8202166321624607,0.5403531675715201,0.5248668606488256,0.963046309941186,0.0469705868457642,0.788913031680101,0.396144917499505,131.72659301757812,70.29739379882812,0.4220651686191559
0.8440171096375473,0.8681954260196219,0.8824013295696569,0.8086322927475398,0.2557688603887423,0.8263388646842852,0.5568215874984702,151.87570190429688,59.9868049621582,0.5046579241752625
0.5843979725666416,0.528560523728716,0.776412014485784,0.8330522554555503,0.248736825325444,0.8394433462979949,0.8218047289426204,149.95639038085938,89.38069152832031,-0.9467762112617493
0.8933713755001128,0.4072724923527187,0.9924842462967364,0.9503110338143468,0.6697922830150184,0.8367903517268278,0.9913963680516616,131.21066284179688,-12.285972595214844,-0.33759403228759766
0.9233406953429903,0.8023314121144718,0.902603592043961,0.7923578369513623,0.2651523052766942,0.9523110164186002,0.5521346772536708,148.7980194091797,69.71786499023438,0.8518126606941223
0.8104941032770693,0.4334132965120791,0.6470829716139883,0.7804392745041538,0.390922443299868,0.8480337072423131,0.5146003186816058,157.05955505371094,76.33261489868164,0.6222690343856812
0.5688790606211473,0.4586923027436968,0.6251826928156895,0.7398537125228071,0.2953938112698734,0.9425460054465452,0.7685394220271207,163.10809326171875,123.43725204467773,-6.203838348388672
0.9318260379896424,0.5642156459044378,0.9747603996230252,0.7530862519332377,0.7516465589053114,0.652975952242068,0.8910582552095873,160.6767120361328,-40.26975440979004,-3.0474610328674316
0.453013774010504,0.5594016654862066,0.5427521524467694,0.6911323808268316,0.6454694914277697,0.7217507581391762,0.5397494616323071,163.57794189453125,92.2877197265625,-5.540486812591553
0.4936115141341902,0.6040000099478233,0.7680003082411154,0.9060054519223744,0.6091155588829931,0.9915016021441124,0.6366594270198292,159.74386596679688,183.46598052978516,-11.540594100952148
0.8098910068636007,0.8317606781407478,0.6850961446098833,0.9852002055510796,0.5826538790723341,0.8400662205626501,0.3431785011335029,156.04693603515625,76.1403923034668,-2.4892258644104004
0.630432450143775,0.5055325777390604,0.5731918320585999,0.9927803312568648,0.4265834171708972,0.9440779734567056,0.4923918075730001,174.54916381835938,159.90909576416016,-9.406274795532227
0.4715408488733156,0.4203126602779485,0.6385942478201929,0.6944233765662902,0.3448421852732078,0.7224518829955361,0.912659076656391,155.24095153808594,60.25876808166504,-2.328301191329956
0.8187156477648703,0.4124758644537877,0.7492855419274289,0.6916455325105008,0.266027293475968,0.997112270764839,0.5671820889901311,155.53799438476562,83.14409637451172,0.8148880004882812
0.5569440938647443,0.6577818684383346,0.9518099742349586,0.8270590558223432,0.4808589883192177,0.7182439923551627,0.4551187245640045,153.5585174560547,69.76181030273438,2.0680038928985596
0.8698262068021607,0.8318193380974012,0.5133760705208705,0.9335589958600918,0.6174038082235818,0.7007449797879063,0.3221345790885702,137.91021728515625,45.24750900268555,-0.9198116064071655
0.8387189696811215,0.6070372793196571,0.8443716632676074,0.8278925785697027,0.8052328745424815,0.6357198167132285,0.8042792587808818,150.86471557617188,-41.36674880981445,-1.4543683528900146
0.8260848601786126,0.8844508749118765,0.7565624369648594,0.7444374260775755,0.1825714599156501,0.8161605699778984,0.4586576454027462,149.5977020263672,55.52819633483887,1.2570459842681885
0.8734672805970632,0.454635120865819,0.953784866569992,0.9791817590020612,0.7375913444434429,0.58561362265344,0.8018088095411715,159.16517639160156,-43.009464263916016,0.6276833415031433
0.4767680506841802,0.628112764034337,0.8092852223789555,0.7608598194086238,0.5607173965799913,0.6583215077315132,0.4422034821991755,157.1934051513672,73.92927932739258,0.7374091148376465
0.6477657941631462,0.6118080264125629,0.944971634701948,0.9510399505534216,0.6463516144925566,0.6073727955427582,0.6337750622498888,151.40753173828125,11.921393871307373,1.7132352590560913
0.8071639023385935,0.3810107725144538,0.6144536310564733,0.7797548647404724,0.2721757818091384,0.8736364645983508,0.7734195729745067,145.660400390625,63.69615364074707,1.3630897998809814
0.6259457601710552,0.9105478003498704,0.9937474353217156,0.7571572660462059,0.7378925002178192,0.8818432561951632,0.8074138580695875,111.423583984375,38.41235160827637,-5.677130699157715
0.6188804856505782,0.9559016691009864,0.7689454309500217,0.7797716158666872,0.5046554884695464,0.7485811726492098,0.5054107411312158,147.49261474609375,46.18967247009277,-1.003537893295288
0.7911114193102664,0.9573523632632556,0.7490988567210111,0.9339986108257,0.1184023638005049,0.6338720006826727,0.9100074674778608,153.88656616210938,23.68406867980957,2.3553550243377686
0.7495837372838682,0.490432042635113,0.8436165340937365,0.9853230750961676,0.5993697504449829,0.8109802371629766,0.3231939030770577,171.9069061279297,92.83564376831055,2.1007823944091797
0.8171250511923256,0.4899276732274653,0.9338903667042544,0.9925206352635968,0.1994155876690219,0.7809562458998897,0.8269694627896151,139.76370239257812,53.07148551940918,3.143941640853882
0.9070367855178072,0.8658934798392801,0.9921404135100068,0.8930493821020258,0.7753776476006291,0.6466109881198613,0.6039019066242293,142.5798797607422,-24.009202003479004,-2.0431289672851562
0.8091419337445084,0.6544764177909687,0.894430592121544,0.8758224738202407,0.9903869202379428,0.7330417820181492,0.5647511748167795,135.25863647460938,13.46968126296997,1.2327886819839478
0.6285321087909813,0.9721069612613962,0.6538545091511582,0.9025455146588592,0.5295816369520187,0.8848843417994305,0.4235782571221193,155.71737670898438,100.96584701538086,-5.088890075683594
0.8004730016907917,0.4680682946213825,0.5543468323878654,0.6925032169730925,0.4297090917657269,0.6468149519397987,0.7003069597391823,145.19625854492188,10.830186367034912,2.533893585205078
0.7495457936056518,0.9415478142438038,0.8975248516094352,0.9055962241860984,0.4588743622758445,0.878343930476497,0.341470205104594,147.544189453125,79.25077056884766,0.5220524072647095
0.8305440928092034,0.3749172013274095,0.81182166271594,0.9905037131970966,0.9564215746340974,0.6224099465447742,0.9297506718799972,139.3809356689453,-86.80399703979492,-0.2479345053434372
0.7169400106103538,0.9232229859552274,0.6492513901455239,0.87988119668454,0.5469095874911072,0.8862055732758262,0.8571199459257802,146.9752960205078,41.10300254821777,-6.613788604736328
0.9697703091267952,0.6852075433185825,0.9761551186653205,0.9257540842410452,0.5180614012190059,0.7721578013003899,0.6632645831338635,155.44227600097656,16.352070808410645,-1.1092272996902466
0.6662320397043053,0.6099250179206042,0.7870171184131272,0.9418019132108514,0.6434120180625107,0.772561506452766,0.9467249557267284,141.12327575683594,13.149943351745605,-4.767321586608887
0.5546082378659394,0.8132695474192968,0.6056025633363176,0.8775088237440245,0.498722515105532,0.9423968437830176,0.7122543702776758,165.4351348876953,134.76632690429688,-11.581380844116211
0.5756163510401433,0.8138388740166174,0.5210605251879112,0.9408139683787088,0.3149971823130196,0.9359622649152528,0.5402974089365807,173.8687286376953,139.96786499023438,-9.694673538208008
0.7057708400428772,0.5647974076070903,0.6201623051495994,0.9071742754058694,0.0315743212374543,0.7204159965104138,0.642576358040295,135.71444702148438,65.54896545410156,3.2485508918762207
0.9285355518703564,0.794070613389698,0.7631403823713747,0.715177601399478,0.0831361984679936,0.5814065066185705,0.6282324016036449,150.3625030517578,63.369136810302734,-0.7186620831489563
0.7495725322516689,0.6796252171171486,0.5067961323842578,0.8452259013005348,0.2892763059421588,0.6578881168404187,0.904189706877942,145.4929962158203,-2.9097050428390503,2.4478182792663574
0.8822689251417228,0.8501133540141113,0.7063623882394034,0.6972744325050207,0.956507387846021,0.67770779355162,0.7748331117783847,122.9257583618164,-89.31305313110352,-2.8002843856811523
0.7103291216278094,0.7907965415618929,0.8409116414301823,0.8904800402963345,0.6642052652142779,0.7799389217580265,0.5937134075287038,145.79148864746094,38.78287315368652,-1.6470210552215576
0.7074935592989005,0.9317690143008488,0.9571818377209343,0.7190394054178385,0.5160538565177788,0.6868320296850429,0.6811336914418707,145.9610137939453,19.078325271606445,-2.0808234214782715
0.9643910668573636,0.3732584265173746,0.5657340963341866,0.8191791414841326,0.6782305536860674,0.9033220281981622,0.3571466947686253,156.6521453857422,107.04854965209961,-0.046821143478155136
0.5161144923577996,0.5630270474099813,0.9784634568536263,0.948386598593398,0.6133376387602224,0.8089505590535001,0.7164583515338538,133.40875244140625,67.02677536010742,-0.9376258850097656
0.438398347688779,0.4115625601508573,0.7272685499580506,0.9255113084013143,0.0530592683016709,0.5774468982882283,0.8069583860701739,123.24833679199219,69.55094528198242,5.315206527709961
0.7518232316186403,0.959904908554854,0.6746119154510765,0.7414701273635624,0.89633655687117,0.6013123927483464,0.6846742334723032,121.23741149902344,-70.02109909057617,-1.353411078453064
0.6429451862651296,0.4352810484277771,0.6651604482764336,0.9544055646854028,0.2546248139110547,0.8305208996597695,0.7137753634127797,149.77896118164062,97.13490676879883,-1.275303602218628
0.7569450266818887,0.5299136881646553,0.8933756106369716,0.6898734027535415,0.4766881853115123,0.915127216490266,0.637531475723619,157.0049285888672,78.03782653808594,-0.3254052698612213
0.906004321120626,0.5165295863763092,0.8479174081300496,0.9938112917298916,0.4548199614813011,0.915616014120341,0.5828256955780822,154.87936401367188,64.22180366516113,0.11074371635913849
0.6312760743241733,0.8370970958841579,0.8805374079975634,0.6893503027980142,0.2368395130018518,0.6667763382329529,0.819721116658323,157.08203125,31.44554615020752,-0.6146977543830872
0.669055124541785,0.9675007680618476,0.5267809682721307,0.7806939195448714,0.5325015942281947,0.6193125319461849,0.60776738836344,139.62408447265625,-13.830873489379883,0.48073118925094604
0.6709007784243062,0.8291984205749141,0.8119484268314918,0.9402741381260716,0.2198091538991132,0.8975275266644167,0.3856335648366469,158.13734436035156,89.68037033081055,-0.6802964806556702
0.4548319815777739,0.6775310297312672,0.9235822397115006,0.7939572493110196,0.2021449615045157,0.6618957260178772,0.8576608048206913,141.7593536376953,53.7369270324707,0.8939167857170105
0.6935429005847276,0.8033074382298996,0.8652453432446365,0.7653326513192671,0.0594000877783462,0.8858681821404533,0.8269794906427841,147.70663452148438,78.46299743652344,1.6501038074493408
0.9256020714068308,0.4188197800950015,0.5365679886897383,0.8324198713161404,0.6695381363621447,0.7186570699616062,0.8387041282189084,141.3451690673828,-23.072099685668945,0.016666870564222336
0.8700449465852911,0.9315735253779572,0.7976376008918313,0.8710227520470094,0.8147983233490508,0.5845795623053273,0.8636749471370703,134.0774688720703,-121.02979278564453,-3.833106279373169
0.6812238849155077,0.4843004697288942,0.6704171218105586,0.8371009731610569,0.0342981617967694,0.8194292797779742,0.5565329266469723,140.34132385253906,73.02745819091797,2.5351834297180176
0.5107724776698868,0.9323853033779704,0.9013219828488872,0.9726429723196643,0.1503498723187664,0.6001656065887667,0.6465334926534257,141.99476623535156,41.31021308898926,1.7693322896957397
0.5317678825011785,0.5700540884919378,0.7136812483434678,0.997491668045917,0.1361329927986572,0.8178423353483304,0.3590237223654122,159.71688842773438,93.69691467285156,-1.8926725387573242
0.4314501082311897,0.8154177770881035,0.581421155576737,0.8709342816425012,0.3310346448321791,0.850223796600946,0.703481471106814,169.73672485351562,114.329833984375,-9.111855506896973
0.5977814980281737,0.7407787778081507,0.8829363807413932,0.8349444431025319,0.1920209528403839,0.9159765586801908,0.883367839545856,142.8179931640625,98.93438720703125,-1.5986837148666382
0.4553773292767659,0.8676856200713692,0.7226954078887006,0.8712113106505834,0.3775260919738957,0.6729042960895911,0.815389919735244,152.21400451660156,29.366470336914062,-2.5805487632751465
0.7011245080711819,0.828337281651695,0.5337359933207967,0.7865259378427819,0.5399372304753074,0.8408996895423545,0.6030440108110214,154.43862915039062,58.925132751464844,-4.572456359863281
0.5814892986102429,0.9387303357729226,0.628295852065117,0.897950673943464,0.7133051602664007,0.9004231630478403,0.4361441434501789,152.40115356445312,127.5484504699707,-8.352935791015625
0.4644562078620726,0.6873466037520393,0.7640329471797429,0.8535137547592135,0.6850064668322504,0.8745852802079921,0.3452515989764484,165.84329223632812,153.60225677490234,-5.198415279388428
0.6044240571939201,0.4628445809742824,0.974513134893624,0.6890299776549516,0.533235128937319,0.6635043478255944,0.3853892126709295,164.19908142089844,92.38040542602539,4.0736165046691895
0.4905550851189962,0.965510046291431,0.6463408246572935,0.7864485339924894,0.3083183473596551,0.8740982756933484,0.3684545120070356,164.06613159179688,95.61486434936523,-4.663908958435059
0.829868667632369,0.4263583930887336,0.8436884015820474,0.9289496238432204,0.6416384580615788,0.7723148891205492,0.5894747642462856,160.93301391601562,51.04933166503906,1.857292890548706
0.8105903836424353,0.3774591474722716,0.9212169993588976,0.7134219689341151,0.9743478729547116,0.8197336754818898,0.4700767978596986,157.79379272460938,102.8109245300293,5.13730525970459
0.5076800498836771,0.5469931351874203,0.6253561419924056,0.6951800432447539,0.9649377860672774,0.8212565241290017,0.933524926541126,143.97930908203125,74.01237106323242,-13.834785461425781
0.7173080608864564,0.8440268374286853,0.90457363142436,0.9751013394843752,0.0748019723754393,0.6728277451488547,0.8920443083731566,145.40060424804688,53.642337799072266,2.0563294887542725
0.5229033026018832,0.4577117689551129,0.8566519387756154,0.9284165969058248,0.4361555617093774,0.948310505647177,0.982232234233712,131.38046264648438,137.42547607421875,-6.662977695465088
0.8098615661340354,0.514234247484775,0.9883676324505812,0.9139363637493194,0.1880203634521298,0.8212611542908738,0.6939226577525386,144.4180908203125,68.3794174194336,3.493048906326294
0.8867133497021432,0.8441195298777849,0.5799911585434656,0.9980123065153594,0.9711051899707224,0.8011137448651221,0.7323605648449965,115.64469146728516,-48.80508041381836,-6.870039939880371
0.7164236074054232,0.5473803780149398,0.936783337203292,0.7168313275280338,0.7358713097725288,0.6695707065806022,0.9216039316431196,151.22055053710938,-14.448046207427979,-2.2368075847625732
0.7677806498710684,0.6895102498595296,0.9881147146496916,0.8653113199136289,0.2146316704711887,0.6734166107039238,0.838100370224886,152.46551513671875,50.88840293884277,0.5479788780212402
0.7306378004488085,0.5010731821654663,0.8248221699165654,0.7380301284961919,0.5868264866974325,0.9562661711340372,0.3182985401913526,170.00411987304688,132.81853485107422,0.5882769823074341
0.6870236896744943,0.3628946949104946,0.6080865291137616,0.7462247113370927,0.4964761300029286,0.810104596265683,0.4125745593517272,164.16973876953125,107.43891525268555,-0.14348925650119781
0.4694408302352916,0.5514926505497031,0.8190397447195227,0.7788196360883523,0.3165955495654546,0.6287762784914375,0.8416445177965748,148.99929809570312,45.72599220275879,0.7861020565032959
0.4757418575017506,0.572749976367755,0.9902566926545208,0.9856458238133554,0.0876118250963505,0.7887333192093489,0.926197047884566,115.01927185058594,86.9764404296875,2.9148552417755127
0.9075505544289924,0.920130772564682,0.843325184481593,0.9532171008110356,0.1750229683690888,0.991450832141311,0.635109882206079,143.37928771972656,80.90801239013672,0.616573691368103
0.827362085332438,0.7630801619538516,0.8035251341966743,0.8251890910987006,0.0218548938482132,0.6739057480666713,0.9180527646237348,151.4326629638672,54.12482261657715,3.3590216636657715
0.6586406067919112,0.7816075180455877,0.5386763881857057,0.8466747074452393,0.9063461300191256,0.9164127805581668,0.6519901979449808,142.58419799804688,115.27458572387695,-12.665931701660156
0.495069177819446,0.8060755770218744,0.9411344156819688,0.8815359008929933,0.7384701853599477,0.9157393361494084,0.8162235361253092,113.6018295288086,88.4509391784668,-8.773000717163086
0.520706038248002,0.6625639505411016,0.5958544830859023,0.7315608017218791,0.4069819944233235,0.8244089940567814,0.7017537862490766,166.07728576660156,81.27320098876953,-6.171138286590576
0.5483325092498642,0.3751217078812953,0.8981716054855325,0.996298965638894,0.9658063354078532,0.609062075382125,0.9251495621013468,124.73646545410156,-38.33284568786621,0.2735942304134369
0.9111500670565372,0.5332627125285143,0.7386634926683733,0.9212974801479452,0.7944512517079421,0.6747188772904592,0.8590252080410623,146.37655639648438,-61.630210876464844,-1.7452129125595093
0.5831972454861882,0.4962830551955103,0.8921704704716691,0.9077056088817644,0.64087733210808,0.9379415380872496,0.8491902293992922,134.33868408203125,115.38533782958984,-6.175141334533691
0.956163043282137,0.3871705725383886,0.8337656461032552,0.6961595753349351,0.9360462563707748,0.7074066296508696,0.6597830941898837,158.47366333007812,12.153021335601807,2.0510101318359375
0.98931994054921,0.6315974601558887,0.8374038025468927,0.8811391339328057,0.5117657505947522,0.6270596259630432,0.688340648494113,163.6590576171875,4.039469003677368,-1.9502372741699219
0.9415681388099236,0.4550093764256281,0.7708699745597387,0.9207679918253234,0.6919602258963403,0.8834822878502717,0.8452047011051672,143.15769958496094,14.76998233795166,-2.385833263397217
0.709319433253975,0.924843301294981,0.6533959144192304,0.7205245386607494,0.7009820292385079,0.8757488881114528,0.564546938653455,141.5348358154297,59.345163345336914,-4.5135087966918945
0.6512353389907113,0.6101491293965785,0.9121855052244772,0.7778135018274854,0.7192271258155571,0.8886037360725025,0.8703338825360164,134.54962158203125,62.78824424743652,-5.595152854919434
0.8679466191939826,0.7196613873919444,0.7721957825872283,0.8993033075263168,0.4834968776759629,0.8781945499823912,0.8171502027942062,147.38943481445312,30.25510597229004,-2.5594687461853027
0.6279559456749192,0.8672451853452772,0.5712428227165842,0.7993557110303323,0.2950291391209983,0.8276075937365437,0.5306709142340148,159.1920166015625,68.13082885742188,-2.463648557662964
0.7488140748581327,0.8191484544197325,0.7235544511188956,0.844559292635768,0.222449232876204,0.7856058523472211,0.6896362420964642,153.8793182373047,49.355146408081055,0.7165298461914062
0.6356736318784927,0.399888161517854,0.9880986891560384,0.7243311941306968,0.067544736668768,0.8495741626349724,0.7100831791208274,134.40557861328125,78.37592697143555,4.63885498046875
0.8974691718376091,0.9759302540312882,0.8310741823270409,0.8563446680921936,0.441011259919203,0.632213795339079,0.9175719985113304,155.1377410888672,-44.50143814086914,-2.557466506958008
0.5861758308861396,0.8936974860096427,0.9782372439644268,0.7747688968625667,0.8627620291583484,0.7479168080692952,0.7955675952738761,108.78145599365234,-9.484313488006592,-4.493296146392822
0.6690582344285644,0.5953138368425014,0.5599443924998082,0.9632953962046646,0.8488732031673967,0.8704521547031058,0.7249445204229232,150.25283813476562,101.05119705200195,-11.723149299621582
0.4415870846394268,0.8384580269279021,0.9880783752602896,0.9691219750584512,0.2531029698986702,0.6179820988334046,0.8317605582827131,130.40859985351562,26.156258583068848,1.028634786605835
0.6169626033450817,0.8650412525450737,0.681985634564988,0.7509127067284859,0.0046053562820083,0.6214258789005302,0.4413695505290649,137.17166137695312,52.92367935180664,2.6156692504882812
0.5460153247042738,0.7923014473721806,0.7708441229197291,0.7497035481331906,0.7690959769932654,0.7494180171295018,0.6689999210658732,142.08273315429688,42.40113830566406,-4.670288562774658
0.689147136680814,0.3617993717025611,0.8618037260714846,0.9405415901000078,0.1814543089029874,0.9199377619679124,0.5214917392903872,148.13302612304688,97.01445770263672,2.9969944953918457
0.9006793967523206,0.538634350849511,0.6054719398338845,0.6964708462985373,0.9284901478390798,0.9975582710429588,0.7188575849329826,137.70626831054688,78.56163024902344,-7.159351348876953
0.8647411770116842,0.8073540665924651,0.5604541075577609,0.9056424783901031,0.4241051932810317,0.9398190615651516,0.8781087842212051,147.81100463867188,46.839277267456055,-4.440549373626709
0.8229306866126711,0.6692109324069114,0.9760560503166508,0.8688900182768273,0.2690284267215431,0.63268043359457,0.6699184988033782,160.7793731689453,58.83524131774902,-0.41055408120155334
0.4989377842992734,0.590958467605929,0.9166493266654504,0.8448870185232745,0.5403980220879122,0.6771282864561261,0.7047197779008255,146.7084503173828,46.50880813598633,0.2564994692802429
0.4775718965089409,0.9316714548581884,0.8885879543112621,0.9091594095182364,0.5844264062721335,0.9184046609710316,0.5869552301512904,133.8876495361328,107.70965576171875,-6.259427547454834
0.475071557466096,0.7450492090627951,0.7905292449690249,0.6964391617860768,0.3321874462031695,0.6315797067858848,0.4996622244882098,152.63002014160156,48.19923400878906,0.12698179483413696
0.8352828894643085,0.726766018099767,0.6018023401065674,0.6990034257724789,0.689451133268708,0.8959687506367924,0.935398408897335,145.35012817382812,-3.5611867904663086,-6.383040428161621
0.9765715652283816,0.5919385013352217,0.6833751112563133,0.67235216517304,0.7189926911387201,0.6442610158022386,0.957163530447071,153.5616912841797,-93.19664001464844,-1.6946983337402344
0.7747074475085226,0.7574038465631727,0.645912067999149,0.7271000745587284,0.8040099503681983,0.6267718180571361,0.9184413495681258,142.20550537109375,-90.14856338500977,-3.096412181854248
0.9312441962712112,0.8247238039424631,0.9618927382186662,0.9713053911965788,0.2029761888724313,0.9822060502926896,0.6335202900835255,139.53622436523438,73.87249755859375,1.099739909172058
0.499331843927762,0.7662732655459854,0.610763415930336,0.938201069733392,0.2864829866241745,0.631111639474585,0.3434504918787183,153.66293334960938,66.76536178588867,-0.6754499673843384
0.4610270359309575,0.7593655365120973,0.6868407478469765,0.7227846977395375,0.9938919582113378,0.657113149240989,0.9911332341114644,125.18965148925781,-44.42110824584961,-10.165472984313965
0.9766808634443868,0.728184936343929,0.588729611879582,0.7672960678471722,0.1323827894204254,0.67484733644022,0.4285777706986286,127.62310791015625,46.73240661621094,1.6341632604599
0.6376899081113272,0.9785043211209484,0.7066524212076137,0.6986693770257595,0.1532978807144837,0.9181217235620096,0.6646542821655361,158.20449829101562,66.45472717285156,-1.013932228088379
0.5537447078629611,0.4201693496729439,0.7204263138182131,0.6669482460537437,0.0401601551945047,0.9108835983186192,0.9914391455123186,142.49465942382812,93.55399322509766,0.007245603948831558
0.5818101528222295,0.6714787454212747,0.9091657937828443,0.7286711567871801,0.7056656390547887,0.8092019347525303,0.6477694530065696,144.4458465576172,68.77780532836914,-2.4899513721466064
0.6240976922947999,0.7956442490091137,0.5863079856106563,0.8657172610153172,0.5914676248840901,0.957053681279125,0.6681407334376246,162.1654052734375,132.75952911376953,-11.456875801086426
0.7708113254051132,0.7660264141754749,0.6297140478961896,0.8476480416266877,0.2417452329182705,0.9764337514983974,0.7661597303030927,156.15371704101562,93.89868927001953,-2.8736162185668945
0.8850106275584366,0.5661019569681869,0.616326422478174,0.6751475116463653,0.8751935765528185,0.8609026082341165,0.5586815099765083,143.7730712890625,55.710899353027344,-1.771070122718811
0.9867474220328748,0.9842173426410924,0.8342513994575683,0.7533479050882101,0.341031650976084,0.7828470420597712,0.5404434507952904,147.36737060546875,37.05016326904297,-0.6216878890991211
0.6679800450060789,0.5760050296665892,0.8582610511271469,0.8155105666127507,0.2092020881770092,0.8402256057140098,0.9542387670747188,144.25576782226562,73.86274337768555,0.7388380169868469
0.646474377287449,0.771432394003867,0.5335762940370274,0.8897929757557862,0.2983328805193679,0.5909414822238606,0.3928147761942035,141.6490478515625,52.32517623901367,0.888221263885498
0.9155192745979472,0.8297564123838607,0.9666301989761914,0.8654863926091243,0.9413031656144196,0.9286123267621826,0.403073602517799,118.4616928100586,65.25082015991211,1.722895860671997
0.99639861206284,0.6346417309762585,0.8091359194431584,0.8931666059413388,0.3129793143052862,0.7484599056144023,0.5309495024635086,157.3168487548828,49.32879829406738,-0.17139261960983276
0.8957361713706751,0.6606197344940248,0.6127137637922179,0.6767586784411106,0.0119438634883918,0.9922710745536364,0.7256276182457126,140.70631408691406,47.53253173828125,3.5266945362091064
0.4790747541268846,0.548441770283991,0.6382356512373033,0.9736067102427696,0.2327640777676108,0.7316583591245374,0.940539292344993,145.1543426513672,83.48622131347656,-2.26995587348938
0.7306819864050609,0.8822555382726858,0.8150463351244902,0.8924383024314471,0.7551291073297501,0.8605598791285256,0.9782218451355836,121.1314468383789,-14.743799686431885,-8.237066268920898
0.7748622214776943,0.9474456195780014,0.9634395417216552,0.6776264211096618,0.6699125392250812,0.667626506568066,0.4371853578940252,139.10894775390625,46.21485900878906,-0.43575429916381836
0.4805831345188772,0.6007778299617974,0.7677680208720424,0.7322103505266987,0.3389300431057075,0.6952891674348001,0.7060957674447709,155.8395538330078,54.49363136291504,-0.8953725099563599
0.9656611774659798,0.7352409542607449,0.5658342176415052,0.709852373568382,0.1893757337107999,0.5882174898732989,0.3398296312732979,119.65128326416016,57.74731636047363,0.8047720193862915
0.7338327489487465,0.4360550482281281,0.8328382282760226,0.6944002037377446,0.2707183158504631,0.8829347167926347,0.7225201040639583,153.63363647460938,68.94831466674805,1.3897149562835693
0.873653605899106,0.763413196118423,0.6921584979401254,0.88953224633709,0.2902522725931314,0.7946127221201739,0.9806668749574072,149.9792022705078,8.623548030853271,0.5701438188552856
0.9641663410181572,0.6956854860232876,0.5223409754353425,0.6855671396888322,0.1673139868042107,0.9221886453133412,0.9188926089374064,141.65460205078125,4.261003017425537,3.7574546337127686
0.9712598272632053,0.9004899941515605,0.5060977368716818,0.8443366204840699,0.3272328543695444,0.7663240068179733,0.7234844699710208,136.48948669433594,-15.16504192352295,2.059009075164795
0.669353889447243,0.3837202801908473,0.5125818903517151,0.8311780913684228,0.6590254326184882,0.9610484893983446,0.3420971076073746,180.89642333984375,199.90379333496094,-8.211618423461914
0.7949629969667072,0.3803652380538679,0.8897703353996284,0.7697852501559099,0.1174474331899841,0.6229940692156192,0.5275879393434307,148.4189910888672,90.16495132446289,3.269482374191284
0.800366381015637,0.9427148197355604,0.984972132402064,0.8831121689222307,0.8024474284456271,0.8509732342229497,0.5943272589208994,114.34051513671875,18.61109733581543,-1.2362148761749268
0.7861211947288986,0.7835749261092269,0.8117288354697662,0.8317412835657427,0.8372806551043569,0.7509053729876216,0.6297017485719427,136.90823364257812,6.355556964874268,-1.7393392324447632
0.7119674867957454,0.4106972570007553,0.7334631335319485,0.9333589651570184,0.3742551925203528,0.9173198447558356,0.3203147127971942,172.17471313476562,121.2384262084961,-0.7096041440963745
0.8795077691119148,0.4543532966716757,0.769902129137717,0.9305036624111072,0.1830398384844915,0.728502155806437,0.5807890019191649,147.607177734375,61.102420806884766,2.6993017196655273
0.56497695155875,0.4279043402458292,0.8794243974328486,0.9365536164215428,0.9481345244089188,0.6928765288705651,0.8142496596278632,131.82888793945312,16.569172382354736,-0.8403736352920532
0.9658736893393012,0.3581100960380091,0.8052056051100127,0.9169838147447738,0.0054593055128756,0.6635816750535186,0.4840652413890347,133.16610717773438,84.64604187011719,2.8615071773529053
0.8567125025170921,0.4072695130840278,0.8709686961814646,0.768945109632864,0.536374745448292,0.6915455169915493,0.9515221276473432,158.75537109375,-0.5350885204970837,0.6353816986083984
0.9325383699717478,0.9879760669017332,0.5735809207777117,0.8955257995804214,0.8664737762148431,0.8261753180474303,0.4132679731116797,115.23356628417969,22.89734935760498,-1.6732969284057617
0.8271760236171235,0.6131025906427314,0.7170713060460485,0.673838750074021,0.9071279933837432,0.6893547665070143,0.629441800580627,144.51010131835938,3.5181336402893066,-0.20980027318000793
0.7963968199344843,0.6003516944706828,0.6842734909526837,0.7289598275358983,0.6880417144226294,0.7962332793335556,0.9381851793029812,150.3229217529297,-11.540565013885498,-4.204646587371826
0.527908393562499,0.5909202764695783,0.7451678263106314,0.8611570271630635,0.3125141680095316,0.661866314643153,0.3765999627816392,157.16763305664062,75.78702163696289,1.3241369724273682
0.958680784162718,0.373997106658484,0.7514636847125544,0.8213882595079822,0.366879851560365,0.7904058437603517,0.95362675835947,146.21104431152344,11.426694869995117,2.7023608684539795
