PS:PAN ratio,Feed rate(mL/h),Distance(cm),Mass fraction of solute,Mass fraction of SiO2 in solute ,Applied voltage(kV),Inner diameter(mm),wca,q,sigma
0.9132415996480108,0.830353018021375,0.8635122066002171,0.9015268196706978,0.2982905518141323,0.9151500169011936,0.6459640290023068,147.80177307128906,57.22850799560547,-0.11121059954166412
0.6682304761970839,0.4082163648223783,0.8284085081942406,0.983635683967608,0.9326274520760522,0.8439397195833316,0.734505254177463,138.3740234375,72.02761840820312,-3.36787748336792
0.7034308996477544,0.5141238612154333,0.829313872462961,0.7991802440433919,0.3039927899551665,0.5778369846977842,0.3968277363573045,157.61546325683594,83.14161682128906,2.375265121459961
0.885616551492366,0.6113883029334084,0.5826376318258498,0.7511656855667743,0.4789108280548815,0.8902483961151904,0.4021217941085064,152.88156127929688,74.89176177978516,-0.8235508799552917
0.9511853661168322,0.624708539786897,0.7049484058226856,0.926837916472926,0.3556929563086174,0.8922616293376665,0.724335423146341,148.5194854736328,42.69176483154297,-0.6785134077072144
0.5812452043044651,0.7635621514917796,0.7960689512619228,0.9340674014157072,0.9498787393883612,0.8696123789895107,0.7158465588550529,121.55338287353516,71.84799194335938,-8.974557876586914
0.5987338830052991,0.8201919594935402,0.947955071220178,0.8315146719023014,0.4031923095771445,0.670683315339766,0.7205859573714393,147.09622192382812,32.38412857055664,-0.47246870398521423
0.6737116457354029,0.5513842556573276,0.6595002486758629,0.7434106367953061,0.0591128931811117,0.7780222071967069,0.4356657663812495,142.51144409179688,57.543678283691406,2.042558431625366
0.923080705450302,0.4174820834317763,0.8286437253074674,0.8682652412668278,0.9537059432182718,0.9928833010596692,0.412495225912819,154.6991424560547,128.43885803222656,1.5854309797286987
0.8586751127532034,0.518375056778171,0.8049499943861272,0.8573203876895221,0.0521698013175578,0.9484778207906376,0.9262098139318908,133.43243408203125,84.21171569824219,4.047369956970215
0.9876303815013372,0.9111362786310252,0.8780118757204993,0.701640477739211,0.296652800918028,0.6886739824203245,0.897402860405832,165.16636657714844,1.9969565868377686,-2.9671285152435303
0.4757102259776939,0.7164444033504681,0.5416398349784829,0.7611400167460829,0.7048912741830022,0.79181860604256,0.391957498346692,164.59083557128906,131.18667602539062,-7.3375420570373535
0.5257572103336912,0.6162234498626232,0.5295987161729104,0.6729731272982526,0.3667038742773252,0.8686459792280706,0.6643475491836107,169.6357421875,90.24076843261719,-7.25229024887085
0.4848589346259483,0.7522409589414727,0.564070185550987,0.682707010224848,0.6155104547819642,0.8406061801420477,0.6439816529855912,165.46170043945312,94.40226745605469,-9.843935012817383
0.6086981177859736,0.9935017887924618,0.956141209911286,0.7243286689644391,0.9617310912923293,0.6103213829732945,0.9197336396645862,102.0602035522461,-97.83699035644531,-6.019076347351074
0.7471094742953772,0.5168150933015989,0.9182932857553786,0.8406937884762941,0.448323359004993,0.7430656574138786,0.4373637784667684,164.25173950195312,76.82123565673828,2.920135736465454
0.5987928310523047,0.7045823269965162,0.9695713960709256,0.6865329751897592,0.7318483339362312,0.637016923392517,0.9315005571114936,141.50997924804688,-22.136667251586914,-4.368498802185059
0.8045230317304842,0.9087994739273308,0.6261119060892768,0.9698435145821644,0.6265967255772525,0.8333699513051354,0.5792114977241574,144.4715118408203,35.639068603515625,-4.327414035797119
0.7602479355857188,0.6130328677207586,0.5833136671684584,0.9036717452086344,0.0751667091753951,0.7504961837018931,0.9790090584933224,138.94189453125,49.13336944580078,4.432949066162109
0.6894300127840536,0.4253731660876587,0.6980087102133437,0.926445502824597,0.8409934425504538,0.5958574842094526,0.3897806935593572,162.7509002685547,77.13755798339844,3.879193067550659
0.7252338147272339,0.3797129100959301,0.610517508349464,0.6894222407455193,0.3162699327055969,0.9961818728649467,0.4602526722689435,164.0391845703125,109.72857666015625,-2.852385997772217
0.8801390502250719,0.7400677807496203,0.645030122748824,0.8548915183396939,0.042248209550071,0.9548399170208466,0.740840077219065,143.75454711914062,72.01898193359375,2.5070724487304688
0.6252327966251148,0.4623586960182186,0.844349371442694,0.8925187753190857,0.8917115408474432,0.8789027008239025,0.874995273599372,129.6495361328125,76.9936294555664,-6.837267875671387
0.9078935471946944,0.4550067744824598,0.8689348829838972,0.7043122436173178,0.9564000684306088,0.944535425273891,0.5110213328672112,147.50746154785156,100.59777069091797,1.7130485773086548
0.5937912055550967,0.4450991382290616,0.8974850929638858,0.9093842675372656,0.8106002978331286,0.826383420868233,0.6528757026651069,145.14828491210938,90.0336685180664,-0.6984773874282837
0.772002294530723,0.7754242774744988,0.7385724447459004,0.9599252513365016,0.6649931948324372,0.8977099871486293,0.7144065149845092,143.24545288085938,52.21575164794922,-5.968036651611328
0.6610629993036019,0.7032553654961043,0.5138642960710935,0.9540865411939544,0.8042975890547693,0.6612254558115024,0.6655774286097225,142.90992736816406,7.387049674987793,-4.666125297546387
0.8637041853783922,0.5070509377020515,0.8584100586041613,0.8611560362879482,0.9069826353747668,0.691182074695478,0.8039019931890855,145.45272827148438,-36.46304702758789,-0.6426657438278198
0.9119185397111764,0.5616108024614116,0.9484965834474116,0.75447993586767,0.2167386520541864,0.9804855579414932,0.459818825181061,152.48098754882812,78.5599594116211,2.818164825439453
0.9890040188639756,0.5212589934521066,0.5612031781052366,0.9833538683372722,0.8371429815345885,0.600811097097745,0.4462835217219038,142.6185760498047,6.654158115386963,0.2549467086791992
0.7676367268595691,0.5367353064359711,0.6936513179625603,0.7792681236359649,0.2576887510817455,0.6709836083756271,0.3271074754010128,149.84716796875,75.43135833740234,1.8962600231170654
0.5195482810792695,0.6768879615454627,0.9080261059578084,0.947458267544539,0.1468986093992699,0.8200012835222832,0.9577005693018764,130.52383422851562,90.81755828857422,0.25307101011276245
0.5008456240766435,0.6647345933457574,0.8333245034637603,0.7007354223368665,0.6056129979580195,0.7120151794952915,0.6863305746501532,152.6282958984375,49.505943298339844,-2.683907985687256
0.5872103582707463,0.9627450447558216,0.9933609918024008,0.9574826150226656,0.7651952969945909,0.6006647374630083,0.4129997830430915,125.16656494140625,3.3957717418670654,2.8099677562713623
0.9509207652177576,0.5063955117431123,0.7780667161200503,0.991171650092876,0.795474657595788,0.6578025743519835,0.3175666783506101,168.29005432128906,52.65918731689453,2.127389430999756
0.4760787558940364,0.5182563685053574,0.9931246784337272,0.9850096039761188,0.1264912855483234,0.9225596459989666,0.978584485779481,105.6761474609375,126.93624114990234,0.6680532097816467
0.9716393218787144,0.7467181207405251,0.837236600769621,0.6954958465049238,0.0998367254002822,0.6382760244313337,0.6661556176953809,157.50350952148438,63.0976448059082,-1.4598819017410278
0.9471335017192254,0.9154604621058022,0.5817760048034687,0.9677579420047706,0.6979386429791445,0.6994603131593518,0.5485181367239387,131.60671997070312,-28.968826293945312,-1.7902768850326538
0.7026438062638042,0.6211682617301282,0.6996242785820996,0.856666309829163,0.608685772574629,0.628719055590227,0.973761526031106,150.93911743164062,-38.16824722290039,-1.8579641580581665
0.981385881199612,0.9746449892565006,0.9743358141963708,0.8132885487336895,0.128385054277161,0.9877873140558956,0.8565962588115597,136.51527404785156,69.1981430053711,1.559672474861145
0.6051779774961243,0.5996686308986109,0.7738176061092685,0.9116589222904836,0.4257034488590667,0.71481131913323,0.706723985843624,154.41018676757812,52.21857833862305,-0.5807144045829773
0.512029984436206,0.4019783197465126,0.5453219266164484,0.8865216229328867,0.7280350505301589,0.6056855193110626,0.5157569546329401,157.1769561767578,92.96073913574219,-0.8092523813247681
0.6340689771496959,0.3895302037219533,0.8883271417948159,0.9913239345822976,0.3743214624748802,0.9426490793706316,0.4797054166783702,158.1957550048828,117.03507232666016,0.8317664861679077
0.4998112840724016,0.7046527239008045,0.8706845343679559,0.7945111470898646,0.5865007005692524,0.5944420859576489,0.4349995140370965,151.78860473632812,58.058128356933594,1.9504295587539673
0.7854913848355758,0.6156461630878067,0.5290940642996524,0.8524955576671789,0.6324889699303123,0.9497199104637224,0.5198266225369419,160.56259155273438,121.79124450683594,-7.2963995933532715
0.9368313673118184,0.609233116228661,0.7292529700489976,0.6853708494065444,0.967450341295536,0.7879422008946269,0.7571733724849208,134.9293212890625,-30.177270889282227,-2.3690223693847656
0.4680120750134362,0.774681110689897,0.9068998750864194,0.8669930934527119,0.7524887756195667,0.9305976256695268,0.5162235802554713,134.8941192626953,136.22012329101562,-5.779362678527832
0.6831920615108327,0.6775828819380182,0.7195019154324421,0.7162866748582231,0.8099589511504659,0.9770756642005842,0.3189849603530915,158.55303955078125,166.95465087890625,-3.9879310131073
0.7491351817211083,0.5660067390560746,0.5419572911752097,0.8691158929509268,0.2147093453433051,0.760746961453583,0.6973208164579783,144.60133361816406,53.856689453125,1.0650818347930908
0.5362169325484436,0.5231596523159157,0.6180247830637824,0.7021203657733014,0.8887572033517169,0.7734222528282474,0.5568017487175836,157.72549438476562,117.55674743652344,-5.358460426330566
0.8972738492571795,0.9236984636316354,0.9740219396208596,0.930593471929821,0.2479509660165647,0.8330692229480834,0.7105822571239764,144.92071533203125,47.42905044555664,-0.15414847433567047
0.8182313268375352,0.837876782593296,0.5379845689595328,0.8966890897361429,0.2650653544045339,0.8295918596137605,0.4351818229515442,148.60426330566406,63.619911193847656,-0.8549278974533081
0.5206066470850879,0.988821751332374,0.8597381956889276,0.6838104074294977,0.8775568551126096,0.6487393374322041,0.4810847108822927,115.0886001586914,23.984493255615234,-0.07765407860279083
0.5374466128082932,0.6023268683644023,0.5422612447762633,0.7408610299997099,0.3566875260969523,0.962148351641588,0.4955595860033122,177.68923950195312,141.8294677734375,-9.741579055786133
0.5271972267916043,0.8366062095933917,0.8161288862457191,0.9382385939460371,0.6273443491818224,0.8933687862555362,0.7471439061939195,138.15719604492188,91.16581726074219,-8.495241165161133
0.9469162677872158,0.9732406078314546,0.6883809007890189,0.7553262946265082,0.4941973033243456,0.7632428569711454,0.9571235048269292,146.8094024658203,-64.84751892089844,-1.1583119630813599
0.5193049995831227,0.8179036369230221,0.7302461756529434,0.7685482392453235,0.1334511704510631,0.7579996323489092,0.759903431618834,155.306640625,58.595436096191406,-0.08503852039575577
0.8677481492533548,0.4406606525065176,0.9220923735505252,0.843695009069704,0.583551572745245,0.7514754884412975,0.8234586299102242,155.24305725097656,16.327850341796875,0.8371458053588867
0.6315874756402949,0.7019031542867169,0.6882347091955671,0.8456046879263082,0.8435391024858895,0.6295372851242692,0.884110869308168,139.11241149902344,-49.41297912597656,-4.1257243156433105
0.6313063920598923,0.7512709131037959,0.584430176609355,0.7444010269369015,0.8095796915290072,0.804986863451299,0.8828961533411428,144.6975555419922,16.930105209350586,-9.338693618774414
0.95357079283519,0.9454995766836608,0.5523535658818953,0.9137356172343218,0.6804666757130372,0.6080192989576644,0.9877156406403448,131.7691650390625,-155.82557678222656,-1.516688346862793
0.8600207268805631,0.9967810131127506,0.7869200635130069,0.928115218519121,0.0127920047426681,0.9266957478321616,0.4905818079994818,145.2891387939453,82.0685806274414,2.3856873512268066
0.8160614970957987,0.8844695504612534,0.8111954943009432,0.720755180468586,0.8457399375346525,0.5913676024909179,0.6767264009330769,135.80154418945312,-46.29705810546875,-1.935767412185669
0.6397622606949822,0.926063752518959,0.5326185301661567,0.7108381327184088,0.8316139392922541,0.8593970472865586,0.4770078607407904,137.1903533935547,87.96186828613281,-6.502475738525391
0.9919038762099656,0.550712885301762,0.5509899533137668,0.7155406173200829,0.1849612101913495,0.7621478690065131,0.6998465384531666,131.16404724121094,4.0898237228393555,4.234806537628174
0.633714478364064,0.8905799750470511,0.6951577796092824,0.957292561418248,0.6832731853671739,0.7837969406036915,0.8344247058870063,138.9138946533203,7.305994510650635,-7.065730094909668
0.4348488354318379,0.4144118428956591,0.9338817656582994,0.7597005536930361,0.2759530309332169,0.8376330425925949,0.9077827964046176,133.40786743164062,101.08340454101562,-0.8497582674026489
0.4710459543646696,0.5076305837887968,0.7443979611258305,0.7404555341512283,0.0424739680652197,0.8226647099055526,0.6355247801094295,145.74533081054688,77.11870574951172,0.3247871696949005
0.9943992968422004,0.5860744521588012,0.913657810147698,0.9576170986123412,0.1090791937261094,0.6523748082873966,0.9252833764800802,152.48562622070312,44.363502502441406,0.6167038679122925
0.8031783433407689,0.7995171683595899,0.8119920507573408,0.7618034637319413,0.2083056271664431,0.8940228397530559,0.4664885335840055,153.5048370361328,69.33389282226562,0.8119138479232788
0.5814386854559455,0.6033286971346283,0.9447714552881228,0.9226302847667756,0.2511559940485035,0.9126282868497416,0.8598623866371129,131.79684448242188,102.8827896118164,-0.833300769329071
0.6735390063452782,0.4887887697439801,0.5194604784545944,0.6741878339484566,0.6958461114531017,0.68920715654053,0.6099323690549145,151.8708038330078,45.471221923828125,-1.019731879234314
0.9103439342356336,0.9215156678962306,0.6871336917415255,0.7316551711852171,0.065355908385256,0.8012235922924614,0.7406162723967362,147.73316955566406,29.252899169921875,3.8676605224609375
0.858313791205158,0.9289457394576036,0.7763329281349072,0.9044880833798904,0.317956497616513,0.7748698538814836,0.4752794140157557,151.14085388183594,49.647438049316406,0.02134804241359234
0.6068786033076743,0.7687855087457398,0.9123378078987524,0.7637419863035496,0.2194421163121322,0.6787717348574136,0.5191035461044478,151.8041229248047,61.9590950012207,1.0261708498001099
0.9411028393322276,0.9215453493622944,0.566279138553256,0.8612728661038389,0.1944673422197968,0.7652498538312636,0.6780483266172543,140.42926025390625,15.687296867370605,2.8155906200408936
0.7640485738113181,0.755297091442929,0.9534556583294618,0.8633844997662083,0.5752304937474243,0.7699681986657907,0.6982077490965182,145.5821990966797,24.42068099975586,-1.023088812828064
0.9085426721290532,0.6942579962126147,0.943003844531156,0.7411509706787229,0.7584035388339259,0.914969929275017,0.3201095561745262,148.693359375,100.0689926147461,2.774350643157959
0.995464658047553,0.7513324308639272,0.990199558404174,0.8244668362122614,0.3236908300615435,0.665319717564504,0.5055189303214479,167.8235626220703,75.1530532836914,-3.542558193206787
0.8152742194457263,0.6807400379130979,0.5039837400389326,0.8765477260740877,0.2872438580576034,0.8736884700642,0.6285328570474655,150.16517639160156,66.11772155761719,-1.8845010995864868
0.5709766055753882,0.7168543802157986,0.5498986703547746,0.7250027428896394,0.5508549036065902,0.7268910495967154,0.8105121384595205,158.25238037109375,22.89798355102539,-4.748256206512451
0.8369195291236806,0.402247356964577,0.7944732222673305,0.8379603120933932,0.6052185372206405,0.9484875932946968,0.5680081439765764,160.46664428710938,102.85435485839844,-0.2557832896709442
0.6173022777134529,0.5157017974090562,0.9080675165386264,0.9594813190267256,0.1847729934085379,0.69240753423833,0.907834917959044,135.16799926757812,57.262237548828125,3.4439289569854736
0.7832914118638652,0.4781091657990516,0.7225565964142243,0.7349965549532045,0.1526636534325884,0.6153382751658156,0.3173719441332106,140.65919494628906,80.8173828125,2.1454577445983887
0.640719191911888,0.5449737844785323,0.6023650946349767,0.922843419186093,0.4299001663464166,0.8421053810514074,0.7663801883600205,158.0383758544922,93.49271392822266,-5.343274116516113
0.91374258539272,0.787897519279706,0.5901756386360634,0.8762094995433904,0.0674266028450308,0.8136691459367869,0.3179581080770798,135.39834594726562,62.61937713623047,1.1242979764938354
0.583452613353199,0.5891906637438753,0.972301042386133,0.886022284987222,0.6267630215163372,0.9383457080965272,0.5081605919881362,145.78823852539062,120.20518493652344,-0.569246768951416
0.8807442456086501,0.4923697028189791,0.6537145852530355,0.8303206236606063,0.10645021023296,0.6013450478279827,0.8165796808359655,135.75279235839844,36.328826904296875,4.77278470993042
0.7549990251564587,0.6687488897276415,0.5566363518498525,0.7440881234683626,0.1991495451434452,0.830742894211761,0.6174106856822301,149.83700561523438,47.8634147644043,0.613129198551178
0.9906322420502908,0.8028563897698787,0.6328213163138351,0.9817775371233096,0.9943872682540374,0.6356956832830601,0.9109982694210128,114.53724670410156,-181.01425170898438,-4.808836936950684
0.8358331318273802,0.6849685297037851,0.7223957635715282,0.7307136830388847,0.2505443804422509,0.973511799877772,0.982651759602041,151.53939819335938,59.294921875,-1.006925344467163
0.8375950684083289,0.6087932625863129,0.9387718115825688,0.8329121731162767,0.0605142828119707,0.8646002680370122,0.6871571126083618,143.29934692382812,75.18853759765625,3.2913990020751953
0.6518108635250014,0.4500989008745103,0.8576897271372799,0.933947038735592,0.4022830162244719,0.7727236242656574,0.942728743537964,140.16835021972656,52.35448455810547,0.32758456468582153
0.9279856860891138,0.9331325808197656,0.7440790714209702,0.818953532034977,0.6057703300827277,0.6141145338988385,0.3919344020575791,141.5712127685547,28.086055755615234,-0.5491199493408203
0.9628236329312964,0.4888451359076113,0.8168162122520548,0.7363627312442891,0.0302462658063676,0.7463802740025058,0.730888151694034,142.62203979492188,55.9224967956543,3.5383782386779785
0.7353910182684956,0.8527208077397841,0.7951071859258084,0.7868575740173698,0.8066447578354079,0.9224882031149904,0.3530836226124951,139.0182342529297,115.55696868896484,-1.4215785264968872
0.8887844846468711,0.6550217625978785,0.5211089889160123,0.7407415581935402,0.7709432652295277,0.6210143429835558,0.4181057840040268,131.57028198242188,25.10639762878418,1.89925217628479
0.856309843994169,0.4112235299341142,0.5377332719677095,0.6818606806412185,0.4966331007895356,0.9664020067894488,0.5605766413952533,155.68380737304688,86.20982360839844,-2.541999578475952
0.782999243506133,0.9691309481208968,0.9790573713790762,0.9617947550644388,0.4482323449399784,0.7940373905667635,0.3806288246007256,144.38851928710938,52.182472229003906,0.9150618314743042
0.5019474872481541,0.5421915525030199,0.7349095924846025,0.6829682957926211,0.2389217519427927,0.6442229084823183,0.7250764503307676,152.1151123046875,44.77437210083008,1.0312883853912354
0.5184845648932824,0.5066389191891661,0.8507784724686638,0.9422755532207768,0.2137777561071237,0.5936838959261359,0.7892037117544531,139.20663452148438,52.01475143432617,3.6399407386779785
0.5995660593832544,0.3777563869131765,0.7938688250540484,0.7018066383345758,0.0203744861828046,0.9330981777195992,0.4847633154749509,143.51956176757812,70.9841537475586,2.1216537952423096
0.6977927628000342,0.8722130444849956,0.9075684485489433,0.9818580323643302,0.8631933953771027,0.909094393877368,0.4299456530507868,124.6605224609375,81.27799224853516,-1.5597175359725952
0.643972794759944,0.8958869101324081,0.8486534201678608,0.9713624797499528,0.731865687416494,0.7807539227539416,0.5284395727253393,135.68350219726562,35.477088928222656,-2.0406453609466553
0.9485083315333084,0.4635978102754183,0.7080061457052159,0.9360530370117576,0.5480011627964715,0.7659448756304468,0.3660570795467117,163.41334533691406,70.6747817993164,0.9795666933059692
0.5942427400448023,0.8409027413128061,0.9489097440298812,0.9789943676240443,0.2973375980089922,0.8942646452831386,0.4819884188787154,145.40249633789062,83.66387939453125,-0.10073108971118927
0.6032160726146768,0.696015403559852,0.5456542136234365,0.8613837638328836,0.3239370691515156,0.6487037032755483,0.5048151231492111,150.05999755859375,54.51190185546875,-0.13528858125209808
0.5995315828326849,0.94135368779386,0.5997514057378925,0.8280577156546617,0.9360117485992112,0.9641432615075792,0.7426665522446396,126.74501037597656,113.9794921875,-16.01915168762207
0.7023003375022154,0.6505340628897938,0.5462345576254702,0.9783939529419772,0.6240317236777864,0.5929896423014035,0.600783889995435,147.872802734375,10.217103958129883,-1.176131010055542
0.5101754687882781,0.6226431170599193,0.920623124874843,0.9948007133116404,0.7790822392417512,0.7722361398350347,0.8744186492552853,119.56793212890625,22.77109146118164,-5.014106750488281
0.7541904025693895,0.8387328234064013,0.7606868432936391,0.8989245690213457,0.8298505183064964,0.7045949112125585,0.7736639156340692,132.0795135498047,-45.975154876708984,-3.6214420795440674
0.8852431366416464,0.773052945704336,0.9919701811715538,0.814874768095495,0.7885983753079107,0.8285281812479335,0.5546437363904472,135.97096252441406,33.13053512573242,0.03138548880815506
0.7609753764919909,0.3562147135396302,0.6159416344844176,0.991977612548922,0.419496252349031,0.728182421138155,0.6197246532138401,150.7892303466797,65.72541046142578,0.46345391869544983
0.4904395784680362,0.78894056952091,0.8764865156429673,0.908390434695252,0.2833433397820464,0.7908347601564676,0.3427044955371521,155.11447143554688,77.85044860839844,0.38074612617492676
0.5165857317576259,0.5798574459786254,0.9762410516621104,0.6674105672824386,0.1734903414381048,0.949848801001088,0.7859168503754712,139.48001098632812,95.95634460449219,-1.5338408946990967
0.7625881754253282,0.6617778897569873,0.8466216077886433,0.9865023979153448,0.2978705217967959,0.9446539353536648,0.5785826344447904,152.59579467773438,90.83158111572266,-1.0269185304641724
0.9244317714778608,0.6914680466713887,0.7062687293077115,0.7860392925538165,0.6337182896047308,0.6734206830666398,0.8236298178923087,151.44476318359375,-45.982933044433594,-1.4330193996429443
0.695599999082894,0.5462353180606194,0.9669068111480597,0.931439212219914,0.7288846943717561,0.8326298886951076,0.7638946491668089,134.75784301757812,39.92822265625,-0.9308730959892273
0.7508114316869599,0.5105307938668927,0.7017204797006428,0.7104808503320914,0.4264355355110494,0.7876776414698762,0.6164175066811678,159.12930297851562,55.81507110595703,0.3004928529262543
0.5543825865117574,0.8734701479376905,0.704688131513892,0.957757143511902,0.1803691543577504,0.74368211120452,0.4345546257621785,155.81298828125,69.62194061279297,-0.6528877019882202
0.7504971846923909,0.5341963172702003,0.8767497415182527,0.9829477528737396,0.5760003065409673,0.7198740142268348,0.6022890048227761,157.57614135742188,35.83550262451172,1.1734195947647095
0.5235058260289449,0.6927592599787448,0.983982731487444,0.6948914041303821,0.1072788464629028,0.8666346230480928,0.8965520266842165,137.7015838623047,83.74500274658203,-0.41348761320114136
0.8553443645481239,0.5769282824455686,0.9510037996884628,0.8000539529748443,0.6104569180085857,0.9875638778768098,0.9749732586074218,128.8142852783203,49.32120132446289,-4.058624744415283
0.595297900369816,0.591180277149026,0.7136642931283035,0.8901261247050664,0.7891024258275771,0.6206182661301604,0.7070851956875753,148.56593322753906,11.024276733398438,-1.3670341968536377
0.939231834308888,0.4988195965582724,0.921203553189875,0.7880763910961709,0.5224315494059594,0.9740875630514848,0.8518858257353387,142.65292358398438,49.806053161621094,-0.7153367400169373
0.5364166213674151,0.6587841417650568,0.5228767673539767,0.9791890755322772,0.4810152409903843,0.9524344626694888,0.7347158552929489,172.5941162109375,173.41744995117188,-15.709287643432617
0.9074345429267656,0.4381425275116788,0.7230353389511984,0.8712411200305255,0.9419948819628214,0.8715005774426714,0.5271853451512029,151.2169189453125,79.40215301513672,-0.29121771454811096
0.8459342479214449,0.3595167327678802,0.6165034683194713,0.8651289345642577,0.4148305454207741,0.7657549353860831,0.8834904002518525,143.68310546875,28.347003936767578,1.570629358291626
0.5519918348662739,0.5514146254840715,0.9803612369730604,0.7689138087346844,0.4144141024325549,0.5999101990571788,0.6724725572826732,152.42942810058594,52.971839904785156,1.9306514263153076
0.4437125347731047,0.9901163728373968,0.5500080548028783,0.7851614463041992,0.2152229381888083,0.6821780765439478,0.7168538259939816,158.20455932617188,31.06731605529785,-0.7223497033119202
0.8016190902128264,0.4074007178939141,0.5462354379489649,0.8434650180128,0.8446870756753788,0.9037918750533408,0.7901040183317896,147.5936737060547,84.93711853027344,-7.936167240142822
0.5865140929886035,0.7039865764953774,0.8740584007385883,0.9364651702649016,0.6067065397598429,0.8717268409728731,0.6417420861239773,144.5247802734375,85.54826354980469,-3.872174024581909
0.9222731394106513,0.8739303250510799,0.7398525015492088,0.8995331506668895,0.3615727868044928,0.6602092650380197,0.6182868477831278,152.2408905029297,16.054800033569336,-0.6843443512916565
0.8953453689889761,0.922293478952008,0.980392982314551,0.7605425743314309,0.5801537498032746,0.921638371887705,0.9909552927847892,124.8448486328125,-3.5162086486816406,-5.1395955085754395
0.7929994343542376,0.4637920035719496,0.8177928731610383,0.8243959410071809,0.3741418963795127,0.913213389444189,0.7335009186889273,152.33798217773438,79.41456604003906,0.22841115295886993
0.6594089512459703,0.9320343579526056,0.6729128334494294,0.8976979328836974,0.0493731862967115,0.946429427662944,0.3357464701030432,158.6747283935547,96.59965515136719,-1.2987433671951294
0.6864385136932503,0.4209832175688271,0.6489076283337386,0.9944225550967636,0.667212277015928,0.7368166303367869,0.3749762328166721,170.01022338867188,105.14912414550781,-0.583572268486023
0.7595094993592886,0.575082162631398,0.6026616724673719,0.9289685609959344,0.7455053808755059,0.6137100403801036,0.478966340280448,151.74658203125,37.534202575683594,0.3741440773010254
0.6581530502394226,0.7677259189470736,0.7481489771276905,0.8303026319852926,0.8272735873039369,0.679629754413485,0.6373716907267667,140.57997131347656,8.372300148010254,-1.91531503200531
0.7683808988045238,0.726742529193617,0.623300573360543,0.8021171199962451,0.5824288530505755,0.6155952673842238,0.7553080547799192,149.88998413085938,-23.824932098388672,-0.369960755109787
0.5214228526086616,0.938675693411708,0.7022712977731107,0.8390590995509555,0.6091832858739855,0.9512925950169012,0.8140261639760018,147.18228149414062,115.74412536621094,-12.732328414916992
0.8265461292592159,0.913156993543924,0.8679911817514047,0.9379794243839308,0.1421658131103373,0.6790046969424864,0.9337622821108992,153.11798095703125,33.20820236206055,1.0373303890228271
0.8878248102644808,0.5917201193820435,0.7514652620533349,0.7757270893820488,0.7094616091992545,0.7990297486053891,0.8623181827083419,148.1953125,-14.9337797164917,-2.662163257598877
0.5365731902239542,0.8102807209274906,0.8046488036947315,0.9803490676213126,0.726457372341022,0.5937002143160716,0.8620116277304198,133.33250427246094,-52.60106658935547,-3.30720853805542
0.7190099411042811,0.929366119274172,0.6019523024247695,0.9612668846744123,0.3039033820164937,0.5829937841484449,0.9367951429458996,150.6254425048828,-28.867321014404297,1.7015349864959717
0.9525552010628744,0.5401450668381553,0.5265052366883884,0.969692531773565,0.5439159581171858,0.5893579730206556,0.6023569843825523,138.8321533203125,-5.145346641540527,0.2461393177509308
0.7030655907838665,0.4675773943503382,0.8217092605336342,0.8284189335887386,0.9489094058127924,0.596058849196171,0.4771690037113734,156.73529052734375,56.578468322753906,4.841727256774902
0.8768962827801843,0.8811058572989083,0.8677394310558615,0.7096005551053304,0.5958261604659881,0.7711286097661423,0.599832499939196,146.2547149658203,19.213096618652344,-1.509542465209961
0.6038243443623053,0.695505056783768,0.7667518126704143,0.7049008567757997,0.7655592862132702,0.789490159845098,0.8042505589431705,146.0482177734375,34.063751220703125,-6.068683624267578
0.9807364560537236,0.5906864887981511,0.7640634885143549,0.8275013326575902,0.5651571877398192,0.7879328860240161,0.7332378507498208,153.47171020507812,3.4915785789489746,-0.6983188390731812
0.9170480532127664,0.9961234355941704,0.8592438594749614,0.961802440123309,0.3831557346495197,0.9616484575041876,0.8991291688445185,131.17893981933594,34.00590515136719,-2.4052529335021973
0.7044248131711515,0.4604144089543319,0.8438333610331975,0.9939392348315124,0.5860033181949391,0.6899248027635674,0.9787745104527776,140.58131408691406,-10.811981201171875,-0.5826548933982849
0.5481378636691663,0.6700233179015254,0.5725087095082323,0.922203685827483,0.841551341130819,0.8515390895959947,0.4465698609100727,163.7411651611328,157.64505004882812,-10.024429321289062
0.7014025520204072,0.6177986362162404,0.6588331494787873,0.9815853782321424,0.2436798129739895,0.5786436458669424,0.7978477696517503,145.50001525878906,23.83102035522461,2.1976616382598877
0.5689056910982544,0.5231865993452848,0.8423842271077309,0.787717929298849,0.9697614492569858,0.6015009009159052,0.6318218938425659,143.33998107910156,32.11552047729492,1.9681802988052368
0.8508330234368445,0.4321439847638407,0.8529805396058553,0.9690260131898248,0.6634149622326981,0.5804392652740177,0.4710156480722894,170.82240295410156,42.36582565307617,2.859295129776001
0.9697309947102104,0.7004744720705902,0.6917880393595509,0.8913636282052358,0.049043848513545,0.9108580946335604,0.5427402586940819,140.4493865966797,63.30376434326172,2.251392126083374
0.4844631852143574,0.4838980230740567,0.97891987591874,0.8384110201673055,0.7421505883332371,0.7143871632787054,0.8037444558144642,132.84024047851562,45.41779708862305,-0.22593244910240173
0.8298448989510472,0.8551579934825378,0.6116455950649681,0.9671149807958874,0.674767527298705,0.6846859844963438,0.3832269846213342,143.56103515625,29.566097259521484,-1.0602376461029053
0.8023552645828955,0.7347091122713008,0.7088042000356467,0.8569296664914154,0.5384174417913159,0.7337319824877696,0.5212178942919041,154.67520141601562,41.19548034667969,-0.502456545829773
0.75880988063817,0.6839740454677041,0.9462907729286272,0.8672985206147508,0.0479004048525055,0.687016696267057,0.522915066536587,148.52931213378906,81.39140319824219,1.8164026737213135
0.8280335645532935,0.7503022907896115,0.6311957917950237,0.7126545754714468,0.8084446518643034,0.6677694559902895,0.7399854304904305,139.41989135742188,-48.055694580078125,-1.6072765588760376
0.7646072875399396,0.4725463695967902,0.5866082688176127,0.9350216527039747,0.0492243126605949,0.7698769982022635,0.3792228603805249,134.8523406982422,74.53580474853516,1.3225668668746948
0.8088308609179569,0.7154701117199587,0.9827142628628868,0.9853958172461832,0.5103581316005826,0.5799163473842831,0.5799231109901535,161.42738342285156,18.066640853881836,-0.6810379028320312
0.7696911336413398,0.8009387676818198,0.6100205898330484,0.9126431224628696,0.0820192994097527,0.9722113799786388,0.6555664245971734,153.57150268554688,100.31046295166016,-1.103987455368042
0.6468811818728155,0.5356171357514915,0.8311049271823951,0.7510695046506117,0.058334512510366,0.8199838979580061,0.6436945721282892,144.86807250976562,70.1484603881836,2.8327300548553467
0.866734401536833,0.7248576841431154,0.6314833464706746,0.8898447318945264,0.6820766221602522,0.5811957727705066,0.4018429671330528,145.4260711669922,27.804738998413086,0.5448812246322632
0.7549594950416616,0.6600167971539743,0.7073759684585499,0.9977316868761196,0.1511080908254806,0.6319163243005593,0.715354152049583,145.71871948242188,43.51789093017578,2.06504225730896
0.6007228661397548,0.6419063564544788,0.7452135304582916,0.6889161504369651,0.3793227689218611,0.8919742165094197,0.579534261219375,163.43551635742188,87.8912124633789,-3.3184654712677
0.874475795136793,0.9407026629779738,0.5647959019556279,0.742154608172471,0.6328351696631712,0.6716921144018345,0.3477141157275235,125.28871154785156,23.715335845947266,1.581630825996399
0.8451980289077851,0.3927677529739116,0.7162737197948329,0.7342245821920771,0.9496345453475192,0.7929552919450561,0.795562019339864,145.78359985351562,16.877113342285156,-1.6037800312042236
0.5247006897819372,0.5229362331691986,0.7446214338739523,0.8910822456051858,0.359817380694756,0.9697892755507482,0.3371912044068599,177.5817413330078,152.515869140625,-5.363300323486328
0.957439448981538,0.6230728785957124,0.6351359372391726,0.8532292822502456,0.0252287607087225,0.9423004479803226,0.9028909654176892,133.7882843017578,57.507110595703125,4.807360649108887
0.4358235855424034,0.3624274983884061,0.944780626129344,0.9155112839028394,0.0540019373299554,0.9428368822388056,0.6906229679341191,120.6100082397461,118.85650634765625,2.304304599761963
0.6686664264633008,0.458204786082524,0.7346032525119838,0.7895178496391617,0.4973103099785764,0.8849036613236732,0.538695020508454,165.52499389648438,110.41487121582031,-1.8002229928970337
0.9860684847688904,0.947417605191035,0.9136954959225104,0.9417858712535558,0.3409156702287139,0.7332186784467766,0.5414584864486196,153.45230102539062,38.04301834106445,-2.080815076828003
0.7486703909702603,0.776896386832975,0.5998203514555844,0.6983312099486139,0.2511146550074235,0.9952753199966188,0.7418575056843358,160.56399536132812,76.13529968261719,-3.2190041542053223
0.8448856248085075,0.7357148803870542,0.8213332566092708,0.7090879814720268,0.9525859310390464,0.8705495187193861,0.7875582728434289,123.2184066772461,-1.687138557434082,-5.0172882080078125
0.9699699531923816,0.5039276602133307,0.8474414996237476,0.9012722201923008,0.5122132207636709,0.9507748909532664,0.6496789706890047,151.19754028320312,59.06037521362305,0.025188887491822243
0.7805682792463726,0.8517704903541319,0.6119827223477324,0.6773960542122731,0.7853655442156089,0.6956297410325449,0.852252749612201,137.6934051513672,-74.87433624267578,-3.2751717567443848
0.8708416153576582,0.9028901813462188,0.6462475045146763,0.8469931876832543,0.4385415391841618,0.5839775715112376,0.9197891682008044,151.908935546875,-62.710426330566406,0.1928434669971466
0.5978044336180073,0.4377725050993095,0.7847769368138272,0.7207730748233405,0.1119421901414467,0.759928169075932,0.3761967321559579,147.39553833007812,65.58087158203125,2.8686041831970215
0.8452056256998828,0.6085571011032249,0.6937175920197316,0.8085162702869133,0.425933754229254,0.8342077592549413,0.6412063786510895,155.59011840820312,49.71784591674805,-0.45848074555397034
0.8223789544910938,0.9701595988088298,0.5801611293834303,0.905791478697289,0.3786912686919113,0.7949353634392959,0.5138852815671904,146.25718688964844,39.32489776611328,-0.6050220727920532
0.4722334805592368,0.4273220175652832,0.7819947580829969,0.782202988296455,0.5195646062332342,0.6852621560573864,0.6562020623087182,156.83303833007812,77.3798828125,0.14842936396598816
0.9747731876460756,0.9739637780782044,0.5802865741427121,0.8141127288877296,0.1396044959111233,0.6983614232852361,0.4264654702827602,127.9305648803711,39.919822692871094,2.366001605987549
0.5396131713358714,0.8255883057376907,0.7556954332626808,0.6981849641466261,0.2373350279680103,0.7071743576429546,0.8820345398143016,158.71463012695312,29.320911407470703,-0.9130136370658875
0.9595001765289128,0.4217696811695943,0.7107613442722033,0.881532094014054,0.603781550773743,0.713357173661572,0.8478495499557652,151.13671875,-19.735116958618164,0.4214572310447693
0.5870624064559836,0.7495790494920236,0.6428191851271621,0.880218739268336,0.5522733274206438,0.9820676472371468,0.8511681814908761,157.78616333007812,140.29891967773438,-13.32591438293457
0.6351281524356218,0.8609688917403808,0.8206189804403193,0.8661381211747536,0.4666453289703662,0.8469178589835374,0.3865702517952568,154.9962921142578,86.66204833984375,-1.0173466205596924
0.9634365679005006,0.8458695379196046,0.9915028396566506,0.7414251659937711,0.8338231703733149,0.8416267613871147,0.7003898721346342,124.43229675292969,-9.435171127319336,-2.829942464828491
0.9630789194059596,0.848918133253992,0.815450478089762,0.9505605955748552,0.4593019751195205,0.7077636452032091,0.543735437890252,154.0559539794922,18.24418830871582,-1.6720136404037476
0.943156092834957,0.5063093992298437,0.7871317995202172,0.8652865070489814,0.3229515159595939,0.7245823804542303,0.4083795394864903,159.28675842285156,70.25343322753906,1.2475467920303345
0.8042519170377076,0.6168097220609027,0.7745243320223348,0.8529446263497173,0.1522154082526211,0.5943268741495679,0.3273952254112047,148.3069610595703,87.59668731689453,0.6006711721420288
0.6744825592602857,0.4607189359883213,0.810339005640363,0.6709911963695866,0.0475369799499185,0.7157038270050164,0.6070371068477699,141.92398071289062,56.39191818237305,3.6356399059295654
0.6458759533995807,0.6841106510809114,0.7793136448683509,0.7621788432960798,0.2410051051697964,0.8155408822327951,0.47791785751194,157.6254425048828,71.75973510742188,0.2344968616962433
0.850027683315657,0.9253598698141664,0.7696512534893727,0.7457247357591374,0.8923514156802438,0.9313466962932276,0.9304906489313822,109.85272216796875,-25.059001922607422,-8.588964462280273
0.964357798532409,0.6764947014487063,0.5533140936590385,0.8923004369063343,0.705208562587278,0.8967148185109479,0.4874887992305384,143.50820922851562,59.87369918823242,-3.4471182823181152
0.7071791718781706,0.7556345419967405,0.834436456651944,0.9981922284504288,0.5626997072888702,0.8168665165972384,0.8016279869158628,141.39292907714844,24.77324676513672,-3.8115947246551514
0.6996424871426496,0.622922258234452,0.7501171907415218,0.9465869715420108,0.1477986694503113,0.5886545790834041,0.3336391448767242,147.75047302246094,77.19314575195312,1.3592945337295532
0.8058483457496224,0.8513041907145538,0.5790116349794631,0.7286060246779281,0.9266574314584238,0.7244235759734234,0.9565713329982392,123.71146392822266,-112.01226806640625,-5.722372531890869
0.7028844922375217,0.9518257011971,0.9418857101241508,0.6763871571066964,0.2185009162400409,0.9616112776771856,0.7068635610499239,143.6853485107422,74.04737854003906,-0.9979484677314758
0.7051948530425913,0.8056966435228446,0.7170018270645692,0.8096720477885586,0.828783755388737,0.7751404025703743,0.4273417816133947,142.02928161621094,69.4394302368164,-1.116287350654602
0.8128348374051724,0.8398661499674124,0.9966744045460768,0.8781723143636071,0.8601409434685501,0.916738959912014,0.504178713037488,117.53050231933594,59.963958740234375,0.23820635676383972
0.6399242814016942,0.6688833581655818,0.548496844478597,0.8019144393864773,0.9122338404832656,0.7180619957355119,0.7016788525044921,140.92227172851562,26.886428833007812,-5.639552116394043
0.4573130954893659,0.9508397093353868,0.746349934695031,0.8999007417662235,0.8844810238365928,0.6675316503716076,0.7961060303017408,117.62811279296875,-29.17291831970215,-6.776438236236572
0.7808064010456501,0.403364290310715,0.5682452754919897,0.9622877551899248,0.5485970782647034,0.9697571945828714,0.5531802499051336,165.39047241210938,142.85452270507812,-7.351441383361816
0.617492167292716,0.7359816195531317,0.8490582695904907,0.8443898021327051,0.1381299470895901,0.9311522729976972,0.5467523104788167,152.2604217529297,95.69560241699219,-0.2819831967353821
0.800865538491135,0.4820949066680842,0.6241046120062272,0.9571430214920548,0.6543044565029906,0.9379312182957116,0.6935813085379613,155.19309997558594,102.09725952148438,-6.975679874420166
0.8619375193220437,0.500455033934835,0.6271928997235737,0.8168304541152516,0.0725491356584173,0.7899277057919443,0.6213140811343202,134.68081665039062,52.3482780456543,3.7941882610321045
0.776718036867551,0.5343273631059866,0.9942161494901138,0.7315550482533124,0.8173569371570429,0.6489904844304469,0.7189258383117771,155.01881408691406,13.687044143676758,0.3067460060119629
0.7640366198024984,0.9934513253192752,0.85853908235097,0.8760280864182279,0.3858556999975666,0.9694093862580212,0.9479732247643128,133.95724487304688,64.53038787841797,-3.985684633255005
0.4442359880286646,0.6749320444560039,0.6337291656421538,0.8160148008185468,0.3243075022028647,0.7922661863629976,0.6581168737411165,164.1047821044922,92.68013000488281,-5.389622688293457
0.6670233626591751,0.9595934222949488,0.587629347383909,0.9954049461892056,0.2175645864715067,0.9385903740571048,0.3326592829287593,166.87559509277344,115.80082702636719,-5.17196798324585
0.6999428658678076,0.4574036301110663,0.6405758346519291,0.8738998975260095,0.1650317881740692,0.8518298248953878,0.7340918151624325,145.89193725585938,86.95211029052734,0.5943567156791687
0.7740450582102856,0.978407950086016,0.5201322738885316,0.8090141436497391,0.3863923338675424,0.8690259227050259,0.328504804705272,146.14488220214844,73.12095642089844,-1.2841851711273193
0.5871458611311478,0.6602290731014517,0.7304516629678426,0.7135227798252253,0.1412681593820926,0.973971657975861,0.6441478041081711,160.29043579101562,99.49555206298828,-3.1630568504333496
0.8578858346199032,0.7057669112067593,0.5923475001728837,0.9810714015859322,0.3342952318203516,0.5952727786738949,0.5503900096574342,144.60926818847656,25.430042266845703,0.20430521667003632
0.5809084594146334,0.4155269410578321,0.6837507195605097,0.918873158167205,0.46183468836848,0.7111494362626859,0.6151049220031917,157.72801208496094,81.47368621826172,-0.2108493596315384
0.8773497257099194,0.9488958836507566,0.6393585464949909,0.9368753100991284,0.2193368735705577,0.6113563927934302,0.3312637196753032,138.92752075195312,58.420021057128906,-0.09126592427492142
0.5545340907179064,0.6807930807454086,0.7840813961708528,0.8302546545104629,0.04051385309031,0.92481987865497,0.5946919781543607,151.33547973632812,99.231689453125,-0.6770011782646179
0.7075902529872304,0.8659651095635978,0.8886040210435908,0.8823196611921255,0.4867159125448563,0.7063150482486305,0.7314993313144769,147.31814575195312,12.795114517211914,-1.3132297992706299
0.4363947494975651,0.6068863925371655,0.7347855639578722,0.8332910343835525,0.8708932952601683,0.7725483590528888,0.4700394091859921,154.90093994140625,132.24880981445312,-4.529152870178223
0.4552975286524261,0.3602465794204562,0.5998564698135758,0.8998091348681462,0.0682741230333511,0.841030824335405,0.6768092553631411,142.37899780273438,122.23301696777344,-2.5589592456817627
0.6378074452747425,0.5054585376925094,0.6908380294792772,0.94839742308288,0.988863126924572,0.7369272626335636,0.8673894736334757,132.77957153320312,8.908178329467773,-6.701560020446777
0.7081202271043783,0.3792443900247391,0.7720551258380693,0.90589059201805,0.0763209938943036,0.8228095794402319,0.59171066700679,138.8279266357422,81.6799087524414,3.8840553760528564
0.7804414923680665,0.9243565919989096,0.6882961538036779,0.827420272027754,0.4217442653281286,0.7017690826301648,0.7985425711418048,151.4915313720703,-9.543717384338379,-0.49004825949668884
0.6163391866185524,0.7908883730392389,0.6550650870567334,0.7989241262150373,0.7540308142455445,0.6078781995019815,0.8046346871426582,143.16616821289062,-38.89112091064453,-2.850475311279297
0.8926774989717416,0.4176591666684909,0.6217701279394343,0.7817394438301964,0.111453933107632,0.5968474688767971,0.4386134445114953,124.0927963256836,69.8120346069336,3.0950980186462402
0.8098168194707436,0.7055099688521635,0.7279835124739404,0.986097198090828,0.9603979167987308,0.9372547153221708,0.7930418406875757,119.66666412353516,36.7722053527832,-9.911425590515137
0.6643258811969267,0.5049857202492707,0.7332968213430483,0.8488416838194288,0.7212504860449701,0.6943155053357009,0.4666254028947693,162.0819549560547,79.83604431152344,1.2273004055023193
0.4621163743728634,0.9924789313124832,0.801818793699249,0.9896456159316772,0.9384905848273964,0.6519471680149681,0.5098833351797327,111.56059265136719,-2.2434372901916504,-1.6951444149017334
0.6237336050933752,0.5000572696523233,0.9795889800694082,0.7591026344230528,0.4766251879986193,0.880669543257741,0.594254966958045,151.29347229003906,93.60413360595703,1.1583138704299927
0.9932234586737084,0.661383743514462,0.8001625063795008,0.8856852588251779,0.8554655058349216,0.936032160480046,0.3858795111675746,144.79339599609375,80.40328979492188,0.15031859278678894
0.5243810798788515,0.6906890163215363,0.6693766414935872,0.9869739313064826,0.8834552145498571,0.610539328194972,0.4823097076579179,145.9969940185547,40.58423614501953,-1.3979005813598633
0.6864279450608196,0.98205863921424,0.5894957260030611,0.924667922127731,0.4500184171894735,0.7109078796186004,0.5108897709238811,148.099853515625,32.9881591796875,-1.1741210222244263
0.5092427249619966,0.4849175128513114,0.7892351685736023,0.9819686228633407,0.5741016185379632,0.8533896626079343,0.6950154032624392,153.079833984375,116.10079193115234,-5.504699230194092
0.764770628582405,0.5026645267850985,0.8067437706095707,0.8018923659424659,0.1275719994878753,0.9789628188266932,0.3343848338334484,156.23739624023438,87.65473175048828,1.6463115215301514
0.9742754275349084,0.5266582874242784,0.9202722024044604,0.8177522431321915,0.2865459243332582,0.6954543952632554,0.9488450523544392,160.07522583007812,21.269838333129883,0.04925126954913139
0.955613775457421,0.9820845249304668,0.5054024908443209,0.9921255722535328,0.1147792841433586,0.8552930723946068,0.9563892291267014,140.48074340820312,23.49771499633789,4.2091288566589355
0.6251103094645497,0.5236928584428885,0.8395467380365954,0.9494229290572356,0.5428990415145108,0.915271187639118,0.4279501423692183,165.9275665283203,125.41117858886719,-1.5484634637832642
0.7104132707758031,0.9919728172304224,0.9562593120651336,0.960013948067932,0.4807645324129697,0.8624347826358252,0.6545416990099238,130.47665405273438,41.75554656982422,-1.5242687463760376
0.4577408088233551,0.7400096565504615,0.9863056963130196,0.7441304402217626,0.2794898422373462,0.6639092951573511,0.4871131507446647,144.56951904296875,58.673728942871094,1.4406564235687256
0.5218874037445742,0.4099854277116492,0.5174362451968559,0.7639210719502096,0.998309793204622,0.7656035891910132,0.7464943711676806,151.94664001464844,117.00914001464844,-10.059301376342773
0.9107688517998191,0.3593764474498863,0.5442893077293265,0.9667294722273408,0.5344499306125413,0.8016791924091674,0.8533983408447366,139.10556030273438,20.654541015625,-1.3057124614715576
0.463625833386071,0.7259802056653991,0.8795349667588647,0.9553654689689884,0.2168031335679222,0.6436186929959975,0.754930894762919,140.8241729736328,47.309059143066406,1.3632744550704956
0.6987984817313692,0.5736329896434649,0.7425251256805924,0.8067111877593194,0.3365246209357528,0.6798941260124447,0.4746209689514466,157.1492462158203,66.05720520019531,1.5499874353408813
0.714941751570502,0.8950638153563437,0.5065683601316973,0.912359229379413,0.4064053767670985,0.576829776959577,0.9736644917880484,147.45254516601562,-59.736106872558594,1.4579527378082275
0.6196819455314369,0.5065886195571163,0.8642934952506586,0.9978833727847152,0.8280380878311369,0.9561640365123174,0.4796029313952535,153.60671997070312,147.89697265625,-3.608781099319458
0.6496116102436678,0.4710003301858225,0.5124595847859876,0.842644861960125,0.890913055925978,0.7180275398223308,0.9255376375375416,142.31649780273438,11.2603759765625,-7.390477180480957
0.9940792606687376,0.7812176848014545,0.7786901985220918,0.7410155346964378,0.0336703180877478,0.6256733840255946,0.5818003440914398,146.92892456054688,73.34344482421875,-0.8429449200630188
0.9483866437361046,0.8677071111890293,0.9113817181906942,0.8745745194041823,0.6963217876286445,0.636794702125258,0.3907270612253278,151.4273681640625,33.51636505126953,-1.123051404953003
0.6769904626589651,0.5507477058125495,0.8251681398035959,0.7956776131583488,0.3444431390961018,0.9492336887295104,0.770693802351992,152.01113891601562,101.61219024658203,-2.3627798557281494
0.5665726582730491,0.6739997689731927,0.7906574950863643,0.7637798368130642,0.0618039359482422,0.8025173274267886,0.8133939498251048,148.4189910888672,73.23270416259766,1.3609973192214966
0.7813106203347135,0.8525057361924406,0.7113938818033816,0.7418584032455154,0.7240143499872209,0.8484129929226408,0.4203421122695814,142.44061279296875,71.34882354736328,-1.2882287502288818
0.8514747028901992,0.8805623734101022,0.9651326941037696,0.9966984360493044,0.6344549406488,0.6073361058125154,0.9738288239522332,140.6322784423828,-95.88019561767578,-4.747847080230713
0.6791146874450742,0.7247859564948725,0.8372130528668766,0.8189438261239086,0.5242638055995549,0.6887469923287463,0.6515492865432013,154.65440368652344,32.25727081298828,-0.5067363977432251
0.8423527089487866,0.8020235545477263,0.9746566360728308,0.7934818690991614,0.2997718464876048,0.9911483237246572,0.5704424224078682,143.81515502929688,83.1650161743164,0.6317922472953796
0.8869804243364214,0.6337291318689624,0.9802057740555176,0.7281997178161698,0.1886917653415648,0.5935519527748038,0.3163529827974107,164.34104919433594,117.83905029296875,-3.0475010871887207
0.873378480381294,0.3651505326478763,0.5195853018452189,0.989866369110557,0.0185953456445877,0.7574595075839625,0.4260315451103528,115.04682922363281,68.65106201171875,2.1470093727111816
0.907683753361552,0.5691223667931544,0.9955499209268912,0.7086508968819266,0.0569646047808229,0.6980067608174765,0.8096676916211292,157.19467163085938,77.97473907470703,0.18259188532829285
0.7238967147857442,0.9756953421381394,0.956699904560338,0.813879403967758,0.7986718798561634,0.7758485412041918,0.4097165291412301,121.70588684082031,47.48057556152344,1.3921328783035278
0.5253787511168431,0.3751087187821406,0.9564949631696078,0.8472662416654392,0.5858017852072901,0.9385635016956436,0.7413045848213633,138.535888671875,132.87863159179688,-2.1123387813568115
0.9963674259119965,0.4210278150487794,0.9815196325444144,0.7407908838763877,0.1123072617340959,0.9777141829617964,0.3164086023580607,150.87588500976562,72.18060302734375,4.680333137512207
0.9438297579445988,0.5041191180648972,0.7935388903043752,0.8176585666435724,0.0417794746484235,0.9122776163309508,0.3602728636136054,142.9708709716797,67.38005065917969,2.9864342212677
0.8824096392931979,0.7503492758365644,0.8106647536479086,0.9854124613590014,0.8045923427008057,0.96922168111513,0.3620482233230255,146.17056274414062,98.76759338378906,-2.0048811435699463
0.5063386469235851,0.7268750467339118,0.9151439855266302,0.773462896564085,0.954532678553511,0.976416132485298,0.8921633767453909,100.66801452636719,113.61942291259766,-14.120199203491211
0.7450913373321926,0.9302130678497292,0.8234029486732032,0.8609786788800011,0.1245454720742238,0.6961939946489973,0.7711119158528913,152.62498474121094,48.249061584472656,1.6901111602783203
0.6478314871736507,0.9007890038112504,0.5503765683660135,0.7208844694422925,0.6333670305476151,0.7722080532584215,0.4004449983330125,144.85494995117188,62.81821823120117,-2.2318949699401855
0.705778455403765,0.9824464019271848,0.5602689198261323,0.8842405155942334,0.7846525083245306,0.7632895914843003,0.7815641704234454,130.55636596679688,-26.0650577545166,-6.101920127868652
0.7721264981229754,0.3819844454226581,0.909671931070326,0.9509885719435636,0.014672343949505,0.6909644557356656,0.8115738572371843,128.1776123046875,75.29139709472656,6.439939975738525
0.585167132066192,0.981294065580872,0.8363226398615224,0.7892918579642518,0.6429028287798257,0.822810819827747,0.6824574792423284,133.551513671875,42.65693664550781,-4.4530110359191895
0.7767894943051854,0.6564460101803944,0.9669888369858388,0.9498727579763956,0.7000690305434324,0.7958196379784436,0.635485646128163,143.0047607421875,24.559656143188477,0.10243918001651764
0.4827764157730444,0.8308721575039366,0.8086356683510352,0.8421154748528645,0.8048773675563392,0.7654461606523958,0.7085035548875926,131.4143524169922,44.77226257324219,-6.2374162673950195
0.9370305445910924,0.590684504164922,0.6426774243163405,0.9131467921087396,0.811743129087705,0.7254050809531769,0.8384778660854353,139.32296752929688,-59.75642013549805,-2.8431625366210938
0.8433528750644985,0.3976012009911926,0.5326689051690611,0.7052660266382218,0.624380832693762,0.8449093756770427,0.5191352944521879,153.5561065673828,77.24835968017578,-0.6739791631698608
0.9890093720239342,0.6803027839239454,0.582002435860747,0.7915969711532082,0.9283789061887922,0.8470703790510636,0.5450672555087845,127.7206039428711,22.54641342163086,-1.8618957996368408
0.5604570887186208,0.9027959000803568,0.5541473900043566,0.7813491546679219,0.5718579341280132,0.6721074532550534,0.341194712294138,145.5140838623047,61.048179626464844,-0.9873531460762024
0.9054573301450486,0.7762465607012814,0.8471617200813983,0.9351210595546404,0.8874774437562218,0.6438283083362925,0.4870836434616023,142.56744384765625,-11.519859313964844,0.09298481047153473
0.483846763168785,0.5577898176545277,0.8187274110486957,0.8881653919556678,0.4264030888658885,0.8150435332034849,0.7510354993757536,150.33840942382812,94.29928588867188,-3.4199442863464355
0.7587081383539275,0.4361206823336458,0.8763966012092501,0.8098079145663014,0.1312485548869586,0.7280524914048265,0.4110661960562611,150.5325469970703,78.24526977539062,3.7311673164367676
0.975719662044601,0.8958433053914927,0.5419308797206535,0.7434031402336203,0.7969013052083664,0.97667043513035,0.9912100674484547,119.0466537475586,-41.24849319458008,-7.7266411781311035
0.6821306769090296,0.3596521513537568,0.8116393113570595,0.6800688925960984,0.563690016053502,0.9074269482112508,0.9262407638642424,152.2518310546875,81.28319549560547,-3.56731915473938
0.6462192628702976,0.6694871488569842,0.5497922252727642,0.9712689571285154,0.1501218400858811,0.8975119529541278,0.4828632465990103,161.54150390625,112.65287017822266,-4.804141998291016
0.4436114196085348,0.666676442306701,0.5408066683712556,0.8698468565766744,0.0631061686459387,0.7013502675956143,0.7184671429056011,147.6148223876953,71.53800964355469,-0.26448720693588257
0.8058307829661906,0.840213683492314,0.571183988046981,0.7774793107330353,0.3424688220201363,0.6963181775485559,0.9626592703581406,153.29873657226562,-32.27918243408203,1.5478370189666748
0.5718551161986545,0.6334834320180838,0.664060438092582,0.9575059907889216,0.1007793802695564,0.7537442456705448,0.8924970502950836,144.1142120361328,79.2087631225586,0.9135711789131165
0.8049430499604708,0.435387079626185,0.7629581640445988,0.9983846893186056,0.7209934670043536,0.79819379693126,0.7757313467940141,148.08926391601562,24.959857940673828,-2.071235179901123
0.5775296144968401,0.6602719387195498,0.911171456785706,0.7618105221845634,0.2941603181567063,0.9214391804568404,0.6358683865609127,150.38357543945312,96.09928894042969,-1.4768807888031006
0.6829395782689365,0.5710919742178502,0.5833923948596798,0.720944937767461,0.8892875098393151,0.9153201869078472,0.4322698286385166,158.94920349121094,158.0609893798828,-6.383764743804932
0.6582006777709887,0.8526398296056764,0.6964212836114917,0.8273139092199576,0.2581364549660344,0.7855588029193332,0.5552539535454337,155.9055938720703,60.126243591308594,-0.3782244622707367
0.5597075944913391,0.6998149089017803,0.5758613810675681,0.783334695035735,0.070471622776621,0.737594657187221,0.5373001638536826,147.09133911132812,56.9409065246582,0.7631720304489136
0.9567673182767884,0.604667920598057,0.8205678570696038,0.8025441345654534,0.910834019640712,0.5856277534596589,0.3618776704759091,156.8338165283203,50.830814361572266,2.3412821292877197
0.868061814954822,0.9370935941193508,0.9546901936957572,0.769643066419133,0.8431919273857371,0.7141357291575504,0.8327567324049916,123.14955139160156,-69.16874694824219,-4.684405326843262
0.7419787078013292,0.3977901005762038,0.8657184018363836,0.9033442328106662,0.1302245787241149,0.6369922348649456,0.439292142662117,147.4932098388672,82.65364837646484,4.067178249359131
0.5798760599896149,0.4938108263287565,0.7164873900019817,0.9056697733084368,0.8530984722801475,0.5948173281346303,0.7842499719716358,145.47698974609375,-1.5046498775482178,-1.0190184116363525
0.4456734985990371,0.5800681823789335,0.6929973759879784,0.6988368272531275,0.7721929706524198,0.7081395728194307,0.8378314855117553,152.20559692382812,45.97287368774414,-7.307991981506348
0.6937571964788949,0.5602449311753334,0.5354846310151409,0.8741959586769156,0.4652399045516808,0.9103693610441076,0.8848698394631654,156.98220825195312,98.5673828125,-7.899147987365723
0.491085263822974,0.3682447736891513,0.542907539290835,0.9194182905717548,0.6514040912527337,0.8291824668646351,0.6706449010598383,168.26608276367188,161.81527709960938,-10.562979698181152
0.4393046473546989,0.8681235946392154,0.5913736957630932,0.6753653879953708,0.2823504745570371,0.9259941820162544,0.3645750124305669,173.38809204101562,102.36735534667969,-7.96536922454834
0.4392860785085107,0.9286307345047932,0.7448867999373758,0.8478505740819018,0.8727959833190857,0.9394816641718045,0.9325187493089312,116.57341003417969,106.60323333740234,-19.24008560180664
0.8798961975978685,0.9848025286781088,0.950247999081028,0.9792109875571772,0.1683768359180373,0.6452142201874838,0.7358423595111634,154.68519592285156,45.50405502319336,-1.499117136001587
0.8282268764213507,0.6856460943786794,0.6970126743538867,0.9513044522572536,0.3600346416012317,0.623208272829685,0.4882919285875207,154.0519256591797,43.936100006103516,0.1287098377943039
0.6849567300933324,0.4606667512145612,0.6263489842991221,0.744685122525036,0.3381011235860308,0.6643730145023191,0.8004217494328631,150.44937133789062,31.11507797241211,2.055023670196533
0.7245578138169553,0.3650346853821388,0.9666849722036076,0.9324842445424352,0.2790086931145969,0.6393073313844871,0.7951356739168411,145.48007202148438,52.632843017578125,4.791991233825684
0.6586504750336082,0.5761549951937582,0.5926971074394366,0.7024956868157216,0.8259211430548657,0.9154920649886088,0.7444668337435494,154.7099151611328,105.4000015258789,-10.331282615661621
0.7662857525278897,0.8082694629464229,0.5190990813236123,0.9119813879710938,0.7635965378256955,0.7047869236527784,0.7741999831591355,136.67979431152344,-36.781982421875,-4.361634731292725
0.5848997580255169,0.7211301122017162,0.8318905632132798,0.8597828570480421,0.9788239965528368,0.9183832673144552,0.4431764757775752,133.9759063720703,147.1805877685547,-4.1965837478637695
0.5050328395223537,0.8716735296370062,0.7341071148984377,0.8922892612949459,0.1789997848862528,0.6851532105200051,0.6380538102167614,151.80203247070312,53.5721435546875,0.3629429042339325
0.5874535302280071,0.4038637087822086,0.5550828399081764,0.9297346697246064,0.2749257278002998,0.7334948292145375,0.6567482634393,147.78439331054688,88.67266845703125,-0.9208077192306519
0.991665983699338,0.520577797865201,0.9810775906572656,0.8434406298967125,0.6933495099730296,0.9079220569127464,0.8124629558942598,140.42225646972656,11.926867485046387,-0.7682581543922424
0.5396408459896156,0.7932873253552734,0.7288262368203493,0.8063740222557021,0.8560902239339803,0.7350298533608066,0.5275565927116663,140.34942626953125,65.21510314941406,-3.298248291015625
0.4638542629667515,0.4667058307795085,0.6938295419095815,0.8559685928748466,0.6753292888117094,0.8532400157822555,0.49605548129159,171.83963012695312,162.04562377929688,-6.78054141998291
0.6602144064171829,0.6489193919720913,0.5476093365305656,0.8955166351688131,0.0876660984663743,0.6733112078505186,0.5021336885660274,137.78555297851562,61.017486572265625,1.7767912149429321
0.91602503722433,0.7251632121453967,0.8854354055095792,0.789515604193247,0.7871168309638787,0.6082524947447991,0.5297919380689589,154.87742614746094,14.297536849975586,-0.8006037473678589
0.6076839984423812,0.5611154107872395,0.8542536979597174,0.9011333493932124,0.3062061836014667,0.970015404786942,0.7784830292977392,145.08567810058594,125.11090087890625,-3.311375379562378
0.814421245288673,0.7854946571474639,0.663891383310039,0.8075831197245075,0.1494518021106202,0.5762577981391453,0.7961418174163947,149.4000701904297,22.00864028930664,2.8613152503967285
0.7705157514439501,0.6243451117260106,0.6141724458319134,0.7182011956070696,0.9542048770713852,0.8838577400300922,0.9773852381737084,131.7810821533203,3.0032660961151123,-10.700319290161133
0.8811243929035033,0.5471473767644197,0.9513621719567724,0.968120476472948,0.9767510405091762,0.6264398519487816,0.7259128365953108,143.6084442138672,-63.30011749267578,0.5430645942687988
0.7585649988912179,0.6227133668406954,0.630156567326197,0.9805434453934248,0.6593369259854079,0.7138306008835308,0.7812232396231211,148.508056640625,-2.018362522125244,-3.4358909130096436
0.6355371839432044,0.9379919941745634,0.881589646616818,0.7884464391903414,0.639406532937769,0.8916552866996812,0.3797792179466337,138.50241088867188,96.63005065917969,-0.8975048065185547
0.5016252994181257,0.7067328583854372,0.5572319022691425,0.7271752738834277,0.3926305585230417,0.8239748222256345,0.8009443242845933,167.513916015625,76.5582046508789,-7.227496147155762
0.6805730372761578,0.4904672200967261,0.9745792498481975,0.7838263791771652,0.3127558054981325,0.7758529408315216,0.9609236486198354,142.9400177001953,56.16608428955078,1.2211730480194092
0.9699264293836796,0.501546516832397,0.5089952840701402,0.7793878931427172,0.3671862491492985,0.8873546970291936,0.4205226950508512,140.18338012695312,59.1599006652832,0.37044721841812134
0.5228797051571421,0.7532155821214235,0.693709851041149,0.7906653993421913,0.9599344588241872,0.6615563032312554,0.4874971791076666,135.59835815429688,59.630760192871094,-1.4018436670303345
0.4978001309411263,0.4996474948643754,0.5698242515849022,0.7476355672001117,0.3078907712002008,0.7000489576132239,0.5003114786684381,154.73471069335938,75.24478149414062,-1.070751428604126
0.8964442104356671,0.6979692591506022,0.9391441007274368,0.8055075221306922,0.978762736959456,0.8867999661600725,0.7558099988651465,115.67423248291016,-1.4266736507415771,-3.0243144035339355
0.5708346406938727,0.86467546273528,0.8124748036086169,0.9490999259366186,0.2941149009176812,0.9565837617124692,0.7298482122569168,149.10317993164062,118.0174331665039,-5.3063154220581055
0.7648988141231228,0.9470937167946988,0.5889386298541277,0.8610680026698271,0.3938528900088446,0.7136003896487741,0.9103064140442808,151.15052795410156,-22.88088607788086,-0.11776800453662872
0.7358455393901726,0.7314968444164074,0.7617043642066679,0.7322503927143553,0.4103331822658017,0.9517027069029425,0.3271068353434412,162.0375213623047,102.6454849243164,-1.1716623306274414
0.5488310393218563,0.9763598865248828,0.8078730535913267,0.8719298986217687,0.213909876724106,0.9288899279128604,0.5268895559452864,153.85145568847656,102.00926971435547,-2.5032544136047363
0.5287468230176613,0.6064290361320746,0.9804025939228044,0.7570057773225259,0.7305859734358244,0.6488106060896751,0.577299900128502,145.65606689453125,51.87001419067383,1.9130958318710327
0.8882059334856964,0.984390451705905,0.5347784575559511,0.8380414199126411,0.0679514511019661,0.6908992245377135,0.9648457298700648,146.37689208984375,-2.729081392288208,7.505895137786865
0.5678927599055534,0.4581401663763836,0.5935832793208069,0.8009901054925546,0.831187298389684,0.846137754405794,0.6273072821713191,163.14773559570312,143.5010528564453,-8.5470552444458
0.7345576131763145,0.4422798012090436,0.6511804497745349,0.9741374499737812,0.6404598195610738,0.6437131766952039,0.8343634037380521,148.69110107421875,-3.667670726776123,-0.6547074317932129
0.6258758215034566,0.7016709593523882,0.5740186548855695,0.9420248292263568,0.534676318239308,0.8499482874500471,0.736482358344116,159.78782653808594,89.58659362792969,-8.311836242675781
0.4797524121374258,0.5596616260602867,0.8724041096920458,0.8570451876502772,0.1383205833022856,0.8296943278818187,0.9125518699948406,135.1427764892578,100.29554748535156,0.077823206782341
0.9797000225020652,0.5250294531430522,0.7462054453233951,0.7488744928927159,0.7622838172225415,0.587585571896557,0.987423958855982,157.46456909179688,-96.8088150024414,-2.1502041816711426
0.6629827323604357,0.6897293389108028,0.8431644079431111,0.9062367799996424,0.018478879826473,0.5795895337323479,0.6758598197866181,142.58316040039062,72.02764129638672,3.0147736072540283
0.7958932461189545,0.4440407863265447,0.5410159590670943,0.8650310226261655,0.1117736832518987,0.5877923092775542,0.3671927768697537,118.56695556640625,72.47651672363281,2.9040753841400146
0.7035860827008062,0.8346274450437925,0.5447730420460161,0.6883919950120256,0.9641516906616956,0.584194720224446,0.3657406239190255,115.41058349609375,29.417245864868164,2.646012783050537
0.9650317548874616,0.5224378446033705,0.5169686783371994,0.985448559964722,0.8931391972290965,0.923000235995681,0.895502675222777,125.18534851074219,3.2326819896698,-9.950498580932617
0.4456637653110076,0.7226345005571971,0.6473716627801559,0.8974871315589834,0.0551661046818033,0.8220645073849847,0.6773932909401406,155.53517150878906,100.4141845703125,-2.6719436645507812
0.4553731386070239,0.3561892827498625,0.8618792964988938,0.778254077576411,0.8766768833191652,0.629773950554706,0.4005605581917694,160.6614532470703,117.58477783203125,6.5314040184021
0.454713679000907,0.7866669464295316,0.9440528234215196,0.9881900499903868,0.0376421930458037,0.8313337578897559,0.6284160417656486,132.74722290039062,83.31949615478516,1.5357245206832886
0.9111077987422088,0.5249009651936899,0.8955422316888761,0.7342057528211787,0.5817760515460004,0.6634331523809369,0.9600326519650836,164.0614471435547,-25.994394302368164,-2.0153510570526123
0.7331965830413604,0.9362379751070656,0.5614361463944813,0.7278634692017224,0.5725183627400151,0.7570316200534828,0.5476579016418621,142.24400329589844,18.586139678955078,-1.1284774541854858
0.8686354414409377,0.9084538014368584,0.6096808054281496,0.7634442999086158,0.6874508339418197,0.6223467980601214,0.9040448675597136,139.65345764160156,-109.71688079833984,-1.4583892822265625
0.4527447761030528,0.4938785597013282,0.8401717964155131,0.8598322895631041,0.183706434968934,0.7960072369742297,0.8674371817428558,137.80931091308594,95.80281829833984,-0.02510467730462551
0.8410882064736304,0.6104263661049937,0.8745403586172673,0.6847410656133598,0.7412900456946012,0.8230991271027346,0.4039811677951189,156.79861450195312,83.78582763671875,1.7918031215667725
0.8671532998177995,0.9008388498294556,0.5892107109242682,0.6936374045350934,0.5359398647603691,0.6126242616167084,0.7583017108112496,142.7050323486328,-59.24425506591797,0.6135795712471008
0.698768427100777,0.5677615806861377,0.5460776502148313,0.7932075716618587,0.2887401615838625,0.6352105679619708,0.9131485324344708,146.39390563964844,6.386683464050293,2.733436346054077
0.5934065519436331,0.491264440771338,0.6878797506653017,0.6946257419533673,0.6400796399854184,0.8953564840815298,0.5332817532156581,168.83961486816406,130.36912536621094,-5.155877113342285
0.6923218181973142,0.7878583674786848,0.9026439831491144,0.7880182470089341,0.1268114323227414,0.828963267590727,0.6074275879710624,149.45498657226562,70.30030822753906,1.404075264930725
0.8661511403824281,0.7505828637176561,0.6034095642902274,0.7725608807449085,0.9075121532360456,0.9056745721429732,0.3547923869320009,136.33169555664062,106.5116958618164,-2.1546685695648193
0.5260973944722948,0.9916977384689808,0.6676879477209637,0.8854126370128056,0.5070261796365418,0.760736052317689,0.6007786497191288,151.0680389404297,51.4860725402832,-4.153135776519775
0.641593309139818,0.3607150373082232,0.5700138692302722,0.8151134283565595,0.7154854650529364,0.8306848686159318,0.5359018757876346,167.19662475585938,138.15158081054688,-4.4694061279296875
0.4504000616218118,0.3974262156239972,0.9840739954002232,0.7216503411125684,0.1671391985009976,0.6312922432478217,0.850569789403264,132.88284301757812,66.20972442626953,4.026463508605957
0.7742099909531197,0.7056588343887384,0.5255598353863326,0.986869961683209,0.0098959770466259,0.8619299789978649,0.5038893899121528,142.2400360107422,83.1685791015625,-0.3986029028892517
0.5149571669415586,0.833860631332515,0.7438813998449808,0.941110850093456,0.923820554354446,0.6263897274250021,0.474116703797816,131.52035522460938,25.21586036682129,-0.616622805595398
0.7163533056582299,0.7925404762962714,0.929029894899054,0.7146450431587006,0.2219439618390195,0.9280740340137896,0.5777423517878861,149.6734161376953,75.82621765136719,0.20459513366222382
0.8926027997795312,0.93115442468216,0.6024954289169908,0.8340920816164265,0.5888530745231995,0.6133034454408792,0.4526069907633728,133.6170196533203,3.418605089187622,0.5273604989051819
0.6314202476573296,0.8125319243765157,0.9043165085708786,0.7467709283546209,0.6769559025617559,0.9720730042240588,0.4871330391206623,139.71878051757812,120.66422271728516,-3.3717360496520996
0.6046992687111444,0.933040977472562,0.8381290551063314,0.7969868569976113,0.7444304649811532,0.8947835675060167,0.7753463645390649,124.83760070800781,56.15949249267578,-7.736344337463379
0.8160955646722169,0.6989921473430185,0.6301182095292559,0.8026674947989899,0.5607844209658541,0.7213923138918398,0.3701173090474527,151.60501098632812,61.9366455078125,0.36814257502555847
0.6595998519909494,0.8892842185721115,0.9837183524191252,0.8967068715061375,0.7908783881416723,0.9441677101333652,0.5566448520753671,113.23268127441406,83.41381072998047,-2.47505521774292
0.6187663964525993,0.6392282633489192,0.8726508725547724,0.7951724411557893,0.0830099307790758,0.8223911550531491,0.7663926326516635,144.6420440673828,77.69561767578125,1.9991028308868408
0.7582559371368913,0.6747348329305118,0.7758776519558848,0.6898628743658115,0.0721944054181834,0.903969421190538,0.9763544634375648,151.1893768310547,61.44612503051758,2.0935263633728027
0.7425762691741394,0.9034139378447208,0.5896667664713182,0.8882708179007774,0.6633343285651776,0.6029011984822615,0.6352937428282677,138.7974395751953,-30.748611450195312,-0.7267295122146606
0.652777598971493,0.4576832668446397,0.8053259360985837,0.7922424943721641,0.0729554386183475,0.6057107837067607,0.6130463251655258,139.37875366210938,71.60453796386719,4.242213249206543
0.7301549915700745,0.5962798662342268,0.7574077893192225,0.9364925621066164,0.779695880428675,0.6738941145627078,0.681972425376596,149.7232666015625,3.1537961959838867,-1.0557634830474854
0.805835918685914,0.6109778920397297,0.7477342684224444,0.8029166163023251,0.3953968484297647,0.578757235779955,0.8547475103702663,158.72662353515625,-0.3843579888343811,0.6302973031997681
0.683265504869454,0.8865970130540635,0.5682780483569315,0.8980218094488149,0.4537465292788075,0.6803703456067922,0.3312238672965814,148.0906524658203,58.53879928588867,-0.5474857091903687
0.6446389671558597,0.5495555031499271,0.5052404129181495,0.816483975853543,0.6379109403101278,0.7676740957604796,0.4943932309903276,159.93080139160156,99.01971435546875,-4.112565040588379
0.58338659193479,0.4246796575012681,0.6168312596259339,0.980189217048336,0.6987170430741377,0.7070680145863546,0.5127519011198941,164.04574584960938,99.3095932006836,-2.5391876697540283
0.830273018062488,0.7793264893973317,0.9799620135838282,0.6865308650929492,0.0488308907668731,0.8234407948802707,0.6671220575545553,149.96527099609375,69.2112045288086,1.0145046710968018
0.7868538791415691,0.4067037179065541,0.9488280580109612,0.9579166132321364,0.1939511076107529,0.8604517460610561,0.6781129878511734,140.37179565429688,73.57255554199219,4.4478373527526855
0.6540216907074609,0.779154301779436,0.924686213745504,0.80585335858244,0.46852525727522,0.851988382191859,0.5142933885042772,149.80990600585938,76.7965087890625,-0.35182055830955505
0.5687168767367479,0.9368300791537324,0.5352848637981344,0.7994709762819991,0.3732792106959895,0.6518566228179666,0.6482947905749104,150.7834014892578,15.057296752929688,-0.29296785593032837
0.7181772201725867,0.5388349592904198,0.9028846417991104,0.7415992946617634,0.4688166015037966,0.7880283035979088,0.9715728143131366,150.58230590820312,31.385086059570312,-1.5502501726150513
0.9116293245808152,0.692826163273376,0.8469290530515579,0.9794622158605356,0.1277999961315402,0.7360177040921545,0.7962109844876931,148.29495239257812,45.603187561035156,1.4842969179153442
0.5689324476180718,0.8388026650003503,0.5481472015279522,0.910132366354378,0.5633676574509453,0.757678692173885,0.7612091008447762,155.3348388671875,43.95478820800781,-6.867974281311035
0.6266378214826929,0.3953930487714723,0.9645589508359448,0.777877988819604,0.0169671486339873,0.8141037324719949,0.4657253528178769,136.40463256835938,68.50579833984375,5.68405818939209
0.6299336112084932,0.8631155378720341,0.7479404999965599,0.969532337104504,0.2253738565439621,0.7208842666014043,0.8608790422159533,150.41574096679688,39.82284927368164,-0.0017769954865798354
0.8722285500874793,0.9526275649728436,0.5759569599314751,0.7501009111248574,0.5658518830783484,0.9323912483361128,0.5511649737937152,139.43710327148438,46.84838104248047,-2.451833724975586
0.9515050391754944,0.8218651231108434,0.7451845706369786,0.891389542713546,0.7041169930263457,0.7162210462585056,0.5413390628013262,143.87228393554688,-3.2167999744415283,-1.2295714616775513
0.8971252153950896,0.8405449819473719,0.9491863264876328,0.6860621207457185,0.2993836956112172,0.8166150117138878,0.739180055379692,155.12551879882812,39.33916473388672,-1.3935213088989258
0.874300565978041,0.5932820353038288,0.6893274327309011,0.7601726172687641,0.3369723330049859,0.6776435812965799,0.6554712285776337,152.81764221191406,28.057632446289062,1.3856112957000732
0.673547397422968,0.7633056243306462,0.8833927607715097,0.9636401567634452,0.270946019752755,0.9821401600912464,0.4862262004176448,152.9121856689453,108.5029296875,-1.452347755432129
0.8263797470651733,0.7348377323678652,0.8758201076645669,0.763844424026604,0.5138410229510592,0.864261972317555,0.5585736278065794,153.11573791503906,59.91730880737305,-0.47997236251831055
0.5446318192336167,0.5053453917367289,0.956396429828802,0.6868612261255576,0.0949561322116631,0.656634725786375,0.7259344732789511,142.22056579589844,65.40798950195312,2.876329183578491
0.8812551177567971,0.953502851792284,0.7451027941081407,0.9977762212562056,0.063751007168662,0.774872705619452,0.4282210432905822,146.78350830078125,67.36711120605469,0.7659915685653687
0.6954133643838705,0.8822411820958762,0.7642251692569138,0.7664781216046002,0.4201651762124863,0.7664599531722539,0.7845612086746065,153.50588989257812,21.490093231201172,-1.8043930530548096
0.6884103725679918,0.763469955843346,0.7833024854261657,0.7466086164620174,0.6723690105150969,0.610890371090588,0.9507213696244772,150.89273071289062,-55.850791931152344,-3.3034255504608154
0.9073696918058588,0.5297634635751831,0.6841618689249194,0.8399909285653175,0.4246774088820094,0.5927510596012092,0.4279271312352233,153.15879821777344,61.247032165527344,0.9958308935165405
0.5786665707523426,0.6879402487260795,0.5365738747871626,0.9131094924231355,0.1915669471692193,0.9377642187673736,0.5242790891506962,169.80299377441406,133.51820373535156,-7.521237850189209
0.7461086910716199,0.4027536672590885,0.7926762111518852,0.897469544586711,0.9601760280894996,0.6588944268805491,0.5286733602145377,157.0587921142578,51.68491744995117,3.876582622528076
0.9785504242591984,0.8787217621114245,0.9888289531198502,0.9691429626870536,0.1138707279392826,0.8928903494320003,0.8319474054511881,138.71768188476562,59.714393615722656,1.125766634941101
0.7282031307802271,0.8302068721520968,0.5605612678518839,0.8211273414712414,0.5235726139638404,0.7678134379489859,0.7710125445012437,151.1176300048828,10.890853881835938,-2.9507429599761963
0.8976293743207784,0.7506465216628093,0.8366095460298358,0.7833864480059806,0.5564244397883171,0.7310082787986846,0.8923407106090611,153.5701904296875,-27.846384048461914,-2.5534892082214355
0.4543116307062736,0.7438399451452853,0.5767766125193011,0.7644610484118359,0.7849458298045006,0.6791620216618736,0.5619426654803867,150.2735137939453,65.62303161621094,-5.368195533752441
0.9210169635607544,0.5668745668667579,0.7368002497830812,0.9749750701451688,0.828587373139439,0.9360128993802124,0.331648479945388,160.03733825683594,108.13985443115234,-1.2858283519744873
0.6854472404312304,0.988730421599406,0.6645983155098367,0.9440783010116264,0.5971495892317829,0.6291561838890871,0.6884150653915106,141.4047088623047,-29.933910369873047,-1.538545846939087
0.5582480364407401,0.9831346707633576,0.670409819999247,0.7477274453004592,0.2139154955244558,0.966487207432052,0.8431816245802263,164.92864990234375,103.6899642944336,-5.527588844299316
0.8867654019812544,0.3702241589567317,0.5820691719675355,0.9813068755615202,0.2837536739229799,0.9104937135007024,0.4408787522340887,150.97547912597656,94.31156158447266,-1.371698260307312
0.6165694697395551,0.8016858969887617,0.8376666080462138,0.9535843222293596,0.1546735003907945,0.6191240364746616,0.5321613690017123,149.28585815429688,57.16801071166992,1.5794751644134521
0.5193047625727079,0.8043010320036158,0.751246033988065,0.7695880463756494,0.987402468129343,0.8052696841883424,0.422664963668535,131.52943420410156,116.8981704711914,-3.477935791015625
0.6010574355385796,0.7713633950193195,0.5594051678839408,0.7752723526764825,0.5282173426803202,0.9664571997490864,0.5949084786577192,169.21511840820312,136.44931030273438,-10.569093704223633
0.7827124805627464,0.747170900084484,0.6386269460374087,0.8652263232156199,0.5026196697532586,0.7954405466589323,0.7270173911299882,152.59133911132812,28.31002426147461,-2.466094970703125
0.5362894166687682,0.73197044812587,0.8942505752188725,0.6778994742112859,0.8200696158958899,0.8275136756296908,0.4170198986761224,141.10984802246094,109.6075668334961,-0.8746799230575562
0.7606742168844196,0.4725502436080627,0.7526291941265122,0.9269698843986278,0.5341199176752083,0.8051849709646738,0.4336682681266221,166.5321502685547,89.10970306396484,0.5643060803413391
0.9039832711185628,0.4527859119371056,0.7250223964074878,0.7743574064423537,0.5426122194515726,0.6944192635204404,0.8337460937046167,156.30709838867188,-4.561793327331543,0.8311241269111633
0.6573009445026996,0.3682629410289298,0.9857885850736806,0.9708857031744156,0.2082535189588146,0.7696649480831983,0.7136881229272432,134.46124267578125,68.86846923828125,5.743333339691162
0.9849211985248276,0.8173702423591671,0.6007939540166396,0.9247696500745586,0.5505546798920423,0.9425226929896816,0.6893004160775489,139.8572235107422,29.40642738342285,-3.894867420196533
0.8850080972389041,0.7674400270083883,0.9504122266230952,0.7273343401465295,0.066367884085572,0.9109812583260216,0.4366813251223179,147.4239959716797,72.02226257324219,1.9416793584823608
0.737309889706971,0.6541539607397895,0.5881942087856984,0.9362685087083836,0.3804431840090582,0.6983484541745949,0.7937219792148169,150.3494415283203,21.224071502685547,-0.5758333802223206
0.7434942806451468,0.7774831802455803,0.8244721698790972,0.8653719144743816,0.9613065741528722,0.5972361627568337,0.8042453999403643,127.7631607055664,-85.78575134277344,-2.4613804817199707
0.952881347300434,0.5034361415193543,0.667974145298441,0.8888510198967096,0.4831379367676482,0.5751510632941345,0.9291306912766808,151.32090759277344,-45.352989196777344,0.8931150436401367
0.6338251189940367,0.6226116202901849,0.8310957107689274,0.9120916890709356,0.6151712961503172,0.8083162281133517,0.8098829652281214,144.91958618164062,49.18329620361328,-3.7707018852233887
0.8548700733608312,0.977739136946126,0.6897223136532087,0.8363163870274803,0.0837770349119693,0.6035483623398902,0.9633856785003156,156.71766662597656,13.522041320800781,4.17641019821167
0.749812354834364,0.9104439404533208,0.6617815970558422,0.9679837402470912,0.7207517199704149,0.8517201601140081,0.9881198315322448,129.52728271484375,-19.2471866607666,-9.244890213012695
0.5451220053658643,0.9845002023871744,0.586547896229306,0.6725704969840924,0.3561335665764669,0.7853739546244771,0.7345591431433769,160.3519744873047,25.557270050048828,-3.095546245574951
0.6877154935364174,0.46650377898864,0.8694189127396426,0.8815829754977242,0.8822422450120542,0.8779725486303458,0.9306707148414716,125.9721450805664,48.171409606933594,-6.0019307136535645
0.5167237025486248,0.722902123811594,0.5628441940895863,0.7036866716815652,0.5372389884252975,0.9252797301119762,0.5340136021158637,173.27963256835938,133.72097778320312,-10.545646667480469
0.5673238971228791,0.5553739528769177,0.7707721696640105,0.7072790227088495,0.0389838664672606,0.6638734573271363,0.9789754981488552,144.46206665039062,52.131378173828125,3.9852020740509033
0.8745606097538675,0.6505929645844355,0.739686617362838,0.7949078665315,0.2062580128371578,0.588605260396979,0.791669707915467,154.44937133789062,29.706756591796875,1.3914817571640015
0.7501620620961575,0.4104779505848034,0.5841899171831141,0.732572382375436,0.7052061083431718,0.9808957981534554,0.605001993344704,164.50657653808594,141.24026489257812,-7.110220432281494
0.6838915872446786,0.5261602554471589,0.6657972516018242,0.7559244528521337,0.5448858618569347,0.7785365389298126,0.7602315032030376,158.35427856445312,50.522132873535156,-2.296496868133545
0.4862736295386601,0.4750860072027619,0.9042067356033564,0.742801582577812,0.6375133577132238,0.7470972791206307,0.443747658575048,159.75698852539062,103.93973541259766,2.2410409450531006
0.6044426920174912,0.5652348132317072,0.6692592433098149,0.965012387753626,0.9411637484841878,0.6520696489353373,0.4326349097436353,152.8704376220703,72.89960479736328,-0.009259998798370361
0.4449206525125496,0.5075181021692907,0.9030061773612924,0.7187561724228663,0.6389895685528537,0.9585359908262724,0.8333094202567428,140.41653442382812,143.78756713867188,-9.649656295776367
0.5520284013199281,0.7098290097678579,0.6565691784349259,0.7844549547404065,0.4927130053369147,0.9330147179943792,0.9191630718365618,160.60430908203125,113.37043762207031,-11.047555923461914
0.4937806654195549,0.5987818083684423,0.5061351346906092,0.8344063101144072,0.6495138777766246,0.6594115302520914,0.933290638591263,153.06777954101562,18.030048370361328,-6.741753578186035
0.4771288445414946,0.8662225126134695,0.9921787708599972,0.8631317090544872,0.1066798245514059,0.6268461771070055,0.4517325481972166,137.93251037597656,59.65362548828125,2.3827500343322754
0.8941144249933377,0.8568054466172155,0.7865483039064041,0.9691551961394078,0.359023938652184,0.6203533836005857,0.3291135356631021,155.83901977539062,59.11943817138672,-1.4489063024520874
0.9482170720802008,0.3978703393959955,0.5914045344060981,0.9805498424881348,0.3954764351280971,0.7241696133520261,0.4218197675457161,147.85397338867188,61.44999313354492,0.5874429941177368
0.6165258475023434,0.6268941140206632,0.6481245761640249,0.7279998888619061,0.28190899827745,0.6029470926296872,0.4145372471580623,146.89523315429688,57.4807243347168,1.6739639043807983
0.9332273010436364,0.8850045540266887,0.578164454124147,0.9427292615727998,0.8442361544852508,0.866185089219513,0.3274065328911292,130.32086181640625,67.28311920166016,-2.6926417350769043
0.5002245584742752,0.5831891607597184,0.5976765560407867,0.9891134391621372,0.7950877969635763,0.5979262685306843,0.7302857243245988,146.59585571289062,15.544352531433105,-4.281811714172363
0.7583707511702282,0.5538469353442079,0.7434450982659585,0.9568358284438924,0.5103571036122456,0.8924203140805771,0.6774452886121127,155.37303161621094,81.79007720947266,-3.3055999279022217
0.9946158771009656,0.959078318741019,0.8006797090238733,0.8461474923911545,0.7355238658651916,0.5941327241195862,0.9477023266356216,142.01577758789062,-132.63107299804688,-5.172645568847656
0.5771085388895453,0.5904351865536381,0.9674673526897865,0.6825447727139075,0.5141187243419201,0.7827357008332847,0.5382083338440897,154.2691650390625,76.56846618652344,0.6552333831787109
0.505525512761078,0.7369648044307132,0.7730637863173246,0.9328963048674458,0.1069803992273786,0.8173118649645412,0.6324306082989386,150.81832885742188,88.9795913696289,-0.7766382098197937
0.7356886420163624,0.9060705466329444,0.9850908878949738,0.8791303420291859,0.4955472654334206,0.6233021397385062,0.5947498063801306,148.8515167236328,22.797653198242188,-0.9604408144950867
0.8579022656777735,0.3825579216360735,0.7111042917713608,0.881044907852897,0.3563607616997116,0.8951964413433354,0.7365529517656961,148.83497619628906,72.0802993774414,0.72612464427948
0.9020914486722168,0.705898090085506,0.7274974704895185,0.90898660538389,0.4095216141590903,0.8913594250058509,0.8981146439092521,146.1604766845703,26.621667861938477,-2.053168535232544
0.6551345042657628,0.9642478728687568,0.9432301802387042,0.94149631888255,0.1089405639637142,0.9726599451797886,0.8415754215028666,131.52438354492188,109.25315856933594,0.07680268585681915
0.9095717131307672,0.3640820870577764,0.6735881469724508,0.8440125538494054,0.6529069628862363,0.730136453054756,0.440641146230005,161.060546875,71.99842834472656,2.5788328647613525
0.5981142273763923,0.6509074091091123,0.6181208045694552,0.7300770657613677,0.9904813596674376,0.7004266825606145,0.3637690735337935,142.81771850585938,108.5765609741211,-0.07736541330814362
0.6689472070323297,0.7735961817735204,0.9716089627020142,0.9011704545245868,0.6767802799537745,0.5901488932031776,0.5101441591757407,148.38165283203125,20.54509735107422,1.400618314743042
0.9696729144640008,0.8857473796657203,0.5440182548212216,0.9465568446172812,0.0538880863443594,0.8741691826311379,0.8134638418901492,137.43685913085938,41.306312561035156,4.183544635772705
0.8203043155322127,0.5308575142316767,0.9474421358024968,0.899880947512052,0.0333648829009686,0.576759187693025,0.5288987692563307,149.15365600585938,100.4272232055664,0.913300633430481
0.587208463468584,0.978673577188188,0.7403261589335831,0.8261232891597106,0.156083525843816,0.9269267724157796,0.9884683778327578,155.7466583251953,100.19160461425781,-2.7205636501312256
0.9787237685162512,0.725038215605197,0.7690428342988377,0.8758681595747166,0.1218267095622488,0.6145832720047326,0.616680047697746,150.71958923339844,61.3005485534668,-0.5136455297470093
0.7396638084450915,0.9384181609339376,0.8347277752595821,0.8327080984414943,0.5955306112923265,0.6047201141800141,0.4700263354528039,145.43312072753906,24.058773040771484,0.021228211000561714
0.5176774999090503,0.4687673838601697,0.8205626907034753,0.7795662797481576,0.2904656408498913,0.8245526303224864,0.9255318702225952,145.8037567138672,90.68394470214844,-1.653267502784729
0.940127284578382,0.8699735632133883,0.8287715778284473,0.7274818004308865,0.7549285796928583,0.9317990704670988,0.816992380739203,125.76170349121094,-7.043252468109131,-4.649798393249512
0.6092653581718102,0.4845096466448563,0.5931705841166053,0.738037783534875,0.661364496509784,0.6667950608285057,0.8832868423615153,154.29696655273438,11.812989234924316,-2.7310595512390137
0.7956184504311169,0.6087832041201431,0.8266404224918277,0.7036663787619063,0.767035252240543,0.7118700315261433,0.3186479163564833,158.74533081054688,89.47879028320312,3.0098280906677246
0.5510457109097026,0.686465485012375,0.8616804378436292,0.8863898133662843,0.5080563197058857,0.8821277861642054,0.991501504013362,134.83822631835938,81.12487030029297,-7.19640588760376
0.7915020620011552,0.3754432421060752,0.9653047917725676,0.8527090445850115,0.9166965359846216,0.690245935214974,0.8170316466790597,145.71546936035156,-9.115530967712402,2.1325411796569824
0.5141809298259395,0.6159116899099044,0.6526107346068342,0.9814041895558332,0.5394832763524066,0.9593361976598772,0.6698361800748225,167.6757049560547,173.4929656982422,-13.471891403198242
0.4922809596292604,0.7974848081451587,0.965982140870955,0.7503356072295266,0.4024588612787764,0.9191455557330444,0.6172521183438868,140.5011749267578,97.92525482177734,-3.2509398460388184
0.8970918990282711,0.9005695653469008,0.7826760647433413,0.9375810225131582,0.9372171317548864,0.5863167809240941,0.92657626085257,121.93894958496094,-168.82418823242188,-4.842292785644531
0.9350472790978842,0.8319301122757208,0.5623788122789569,0.9279500303721396,0.4720836162510888,0.858630065315146,0.5832553608416091,144.18084716796875,32.604957580566406,-2.2486374378204346
0.8546594100718814,0.3570474943121603,0.5148463168958873,0.7761489348184061,0.3787740148888405,0.9733045075962382,0.557216915862921,151.73452758789062,98.76290893554688,-2.3654017448425293
0.621154986464556,0.8031006214609291,0.7605369556412147,0.675835884440425,0.38750455503,0.6741600990746413,0.499736316059966,154.1449432373047,42.877769470214844,-0.06660782545804977
0.9679560186241272,0.8117232685612561,0.768906094795118,0.8315359732136903,0.5310407823853043,0.8804522721173934,0.3549216347855495,149.73818969726562,66.87492370605469,0.015982937067747116
0.5414139524056707,0.5321333211623615,0.817626347211057,0.7647001367341837,0.3172247757741804,0.9347251746251382,0.8436700172006941,151.2827606201172,117.52537536621094,-4.574789524078369
0.4838495052371024,0.9376875534769976,0.7735130722610614,0.8353627000355859,0.8114138969999923,0.6127447498552655,0.7125337058538197,126.7275161743164,-24.8500919342041,-3.173616886138916
0.7820973624785661,0.6316008730625882,0.7505274843655704,0.7525547507223997,0.3863353869570675,0.9654489461797764,0.8729579533842562,152.86920166015625,74.03243255615234,-3.3357443809509277
0.730679530298592,0.708529699010588,0.7616792071121363,0.6685434585544419,0.285514433067251,0.6576060679402222,0.7628681899615737,159.10963439941406,20.698307037353516,0.38194045424461365
0.9816448474947482,0.9210934239671308,0.6462734481809637,0.958695539130426,0.3611727633738895,0.5791467044608775,0.5116438504121136,142.82431030273438,14.826807022094727,-1.3587486743927002
0.7472484199919185,0.4319781263191191,0.5286315620554245,0.7297337561923882,0.5334157081349546,0.7092029528576757,0.6308476348053794,150.03915405273438,44.17730712890625,0.5807145833969116
0.7004781818360908,0.7280154976341517,0.7516701494414897,0.86782843127352,0.3905959989965727,0.8630849847036863,0.6089023874471932,157.58450317382812,76.96761322021484,-2.14277720451355
0.7787836728104393,0.7837119209721786,0.5506244614297402,0.8533203165767604,0.2813715451397846,0.8527781720689585,0.9311274679304752,153.26300048828125,39.00615692138672,-1.0400513410568237
0.7688652668228415,0.5839748639221666,0.7686015940743507,0.8213247566761813,0.8094163647231508,0.6108922341963596,0.9328327512966502,147.5335235595703,-65.36259460449219,-2.1793417930603027
0.9666118508612946,0.5263623974845708,0.9401065069301044,0.9163812798760294,0.4326576064759544,0.707072320672758,0.5652059206496302,166.68878173828125,46.58647918701172,0.3655652403831482
0.8442403824724456,0.5288841636566097,0.5844426485616185,0.791338758636265,0.8920595976539628,0.7670354890749407,0.6872467093842266,142.55015563964844,18.034454345703125,-2.4140286445617676
0.8381813381501922,0.3911013225417527,0.5370261972508641,0.7046212582152572,0.0983625297300974,0.7125065064758275,0.6161796480898858,121.51832580566406,30.803775787353516,5.363254547119141
0.7112726174762909,0.6687446784845701,0.839063797728967,0.8041966564260641,0.239572906401677,0.5995503918670656,0.8495925001278466,156.7110137939453,34.747283935546875,1.1029987335205078
0.8228597941226947,0.825078148963681,0.5375456635441445,0.9142403252521678,0.9712403206580328,0.9380835868570904,0.4746725934257537,129.666259765625,105.97966003417969,-8.448614120483398
0.863661567972724,0.5031761065464515,0.8588831978754431,0.7749693675109596,0.469189415174888,0.7039759515857307,0.9434458002299204,158.6753692626953,0.5681561827659607,-0.11772527545690536
0.9280838512403228,0.9607267375568967,0.8380161565145339,0.7406030123560067,0.0796420095361779,0.862403807222208,0.9766407558511572,153.59170532226562,41.65605926513672,2.717672348022461
0.897724970849117,0.7477843937300572,0.6797538991227595,0.8188795871815543,0.8568926796726051,0.7280850345552771,0.8267754749298755,133.87713623046875,-69.19499206542969,-3.3788795471191406
0.5568764660140538,0.7036626178948777,0.6476423169919581,0.69450441820093,0.1999436518323347,0.9372751774684496,0.3519506815476394,167.14041137695312,90.65091705322266,-4.140183925628662
0.8752107218911,0.532861016142623,0.6950313899877503,0.9587763974264104,0.9079054885471222,0.6008199996096142,0.6059993377492398,148.4637451171875,-22.992111206054688,0.5310949087142944
0.7139450638474418,0.5073664804814049,0.838612229636455,0.901985922991586,0.8970711452832062,0.7759466037712863,0.8667491932868309,134.02987670898438,4.043966770172119,-3.4835822582244873
0.4917262497501315,0.6215409170877693,0.7938304226647512,0.8333654138609268,0.2638526456169416,0.8640286072263437,0.4560368387075351,161.58006286621094,101.68168640136719,-2.1030497550964355
0.6928941272004365,0.8435846708634718,0.5500798700111807,0.8813320042637394,0.1486126130057211,0.9836184725350086,0.6011568487431831,163.13186645507812,114.70957946777344,-4.316521644592285
0.7720239021655697,0.8419052291509057,0.5381093286918281,0.6994683270478097,0.2871552383003237,0.7317721820044822,0.5211839760323724,142.5995330810547,19.935266494750977,1.6294492483139038
0.5367592522360873,0.6943362028320775,0.902247417709539,0.7832334941654674,0.1059997276114472,0.5857768617216836,0.4539590281647813,144.3787384033203,68.70872497558594,2.0908522605895996
0.93547969420597,0.5185483360032298,0.8444371124797843,0.6696535848205185,0.6270339450409519,0.7953611191652322,0.8012734751553697,158.58230590820312,3.7812907695770264,-1.0743769407272339
0.6289424367785343,0.8868804925070264,0.9680184162684276,0.71331082223539,0.2389738720190558,0.9458426302510418,0.3932238967001116,145.52261352539062,84.0741958618164,0.5265899896621704
0.8936615938418253,0.7965016433962524,0.6636139967937502,0.9496732964378434,0.8531016969458666,0.7217608341894478,0.701885438867587,131.92276000976562,-52.691200256347656,-3.3060195446014404
0.6981373975056697,0.5655373698768179,0.7436103525312654,0.7011994195952852,0.9675726620766932,0.6342825605249132,0.9557958101309888,139.8701934814453,-64.25918579101562,-3.974353075027466
0.7901319295870084,0.7364655944049072,0.5681904420627213,0.841207387795989,0.2149592780110369,0.7836405685724414,0.5627995234617482,147.75515747070312,50.275962829589844,0.7718478441238403
0.4428022874443165,0.6108084081627105,0.8663216227123336,0.9449905795432868,0.0552511397857189,0.7275553943595423,0.5225704328468562,139.03555297851562,69.45854187011719,2.5248637199401855
0.7626406542823994,0.6933329460392518,0.6065320583652509,0.7030878485982505,0.7178492213209772,0.6087151190902264,0.6023204169865068,144.70639038085938,-3.2035133838653564,0.3190158009529114
0.6560927305441652,0.4734564854257639,0.7858528298968457,0.6721281992645202,0.6240609711109268,0.7920910850228515,0.5964617029147604,162.74949645996094,78.23143005371094,-0.5955567955970764
0.7210181092570424,0.7883669505630764,0.5074527299313993,0.7518676208218134,0.9116629962199192,0.7480826644991474,0.3907089379920051,131.64578247070312,72.89544677734375,-1.809688925743103
0.6274891194397433,0.6884016042922221,0.7948398126932604,0.9234133139928704,0.8512581128379247,0.7456560176600245,0.4813845816690227,147.09982299804688,65.17987823486328,-0.8554433584213257
0.5728546515411402,0.8885162399622555,0.9163164701487144,0.7336259948018428,0.4312574964624263,0.7050478067848063,0.7908848208979748,146.81004333496094,24.041208267211914,-2.31064772605896
0.6203950005664103,0.4041406134750497,0.8471082415985303,0.9249531998034448,0.0619746200814895,0.8518719806240302,0.3851384200042836,145.9012908935547,80.1656265258789,3.544055461883545
0.4480332388877647,0.918433826218187,0.6582364132205434,0.954530869113321,0.9477713599752512,0.6182653932341021,0.6799387864463837,120.57997131347656,-22.21817398071289,-5.6496806144714355
0.5537840976349414,0.5440965819034158,0.8907195936607055,0.9337408458380424,0.2919436236430914,0.8488992687304887,0.9533350017248676,132.85926818847656,91.694091796875,-1.3317614793777466
0.967553023591433,0.555513599441841,0.5531842573168233,0.9031755946434876,0.4409372183684442,0.6762811548212228,0.6521745638050123,140.6633758544922,4.573922634124756,0.8397382497787476
0.781500959984325,0.8448511326179942,0.6601096526333738,0.8827928880276776,0.9985014270067266,0.792610077311056,0.7981225650445491,115.03550720214844,-40.53063201904297,-6.927738189697266
0.4853948305306721,0.9306914457705742,0.7455388370713614,0.9353640968411558,0.8108381796297963,0.6818671985621945,0.618389539399652,129.9361114501953,11.66800308227539,-4.190402030944824
0.5091960750202666,0.8350207397405045,0.7315071639679013,0.9276793493523164,0.2436867679960683,0.6216928859470958,0.9208725319182888,149.98593139648438,24.065122604370117,0.357868492603302
0.90506205272677,0.7105059728900559,0.7419106181526561,0.8675661989104727,0.6032462897256041,0.9347870221439464,0.4568727157719089,153.2742156982422,80.29045104980469,-1.720459222793579
0.9028406487109926,0.4003055617337663,0.5842779377346865,0.8632545618349065,0.9677611937037736,0.6444914591052907,0.8431038095291993,136.4664306640625,-61.59333038330078,-0.4720371663570404
0.5403926270788021,0.4746303474741881,0.9966174487635064,0.8671027402609517,0.8229888546419855,0.8277551251687927,0.4319611754679697,148.35519409179688,115.932861328125,4.32363748550415
0.758824012855128,0.981877810738347,0.6550654946413489,0.6828854894056064,0.1161404572770255,0.598466362804593,0.559844721142701,140.9420623779297,28.9038143157959,2.662120819091797
0.5443915376733004,0.9380737560639772,0.5431000171174484,0.9565138060022,0.4007488352291404,0.6339632857864909,0.7429512984674305,151.8032989501953,9.185745239257812,-1.8847309350967407
0.6382082398519638,0.4383034828694347,0.9866327095396794,0.7489958379246574,0.3200973686600248,0.8196866108630873,0.9640544519397728,138.78958129882812,70.06163024902344,1.0573521852493286
0.8911892650710869,0.653051662516879,0.8610626022640748,0.7030241698497022,0.0739293638406147,0.9828619301848148,0.6232249654377569,146.0143280029297,64.80677795410156,2.603933572769165
0.7296310949790654,0.4006097477541444,0.8383000711600788,0.6926687255953529,0.8162092908492193,0.6274662751971178,0.8237976252594531,158.2176971435547,3.5292510986328125,0.5229460000991821
0.6384337520538749,0.5732978197454864,0.9724700701396374,0.7683395146475054,0.2042364761981392,0.6314467927708168,0.6752079526714159,151.7120819091797,67.56732940673828,1.9685132503509521
0.5684139526967678,0.5460715138789742,0.5126190236583062,0.711703212390026,0.4303116714947583,0.9133399904907656,0.9725737723004442,167.29786682128906,105.2655258178711,-10.297723770141602
0.9382006902805048,0.831086215255318,0.8308622764384936,0.7254152129001967,0.6294300392657087,0.7404658401324681,0.4825716657396369,148.2550811767578,31.86566162109375,-0.6790919899940491
0.8249982427656773,0.4850754967663553,0.9689600382745374,0.9440958263729812,0.1135450353577401,0.8847697865314627,0.8300855394972452,131.293212890625,76.46257019042969,4.353575706481934
0.4985510910019831,0.66618631486064,0.9784926986897832,0.7228393205219837,0.3906110729580877,0.6485238402365755,0.3181254976921381,152.36749267578125,75.0389404296875,2.8654847145080566
0.9687215989518788,0.6203064198679309,0.510680573734642,0.6986792452974028,0.6023306731354986,0.9477175552782516,0.6895478505712649,141.280029296875,26.342397689819336,-2.6778929233551025
0.6984458414838801,0.5822466759008779,0.9536886267396611,0.7331796086010389,0.6895898873085088,0.901702094400206,0.4308656228046529,154.2982177734375,110.74748229980469,1.5616366863250732
0.6504510368766901,0.4912938977840311,0.9109187414829564,0.9702996904169784,0.7942922066450047,0.7671978602876032,0.7767517514285669,137.11282348632812,26.116649627685547,-0.9360030889511108
0.97957035916484,0.8560831675809732,0.52614540130264,0.7021476041232257,0.1098881883859988,0.5970519456658878,0.3288241554168608,107.13587951660156,46.260902404785156,1.8700096607208252
0.5204885882514976,0.7309366868119193,0.8404465733072164,0.7796646961260156,0.7275620254228441,0.9481034451182648,0.5952993207296259,144.62713623046875,137.764404296875,-7.772622108459473
0.441487790948475,0.4728607768386185,0.6610832259725316,0.7848960899361974,0.7211229007680542,0.9084445623583992,0.4344607787499259,179.20071411132812,198.29098510742188,-9.638601303100586
0.487029677895147,0.7818872975556972,0.7489078872334046,0.7622627843384144,0.6337412011404321,0.8753531646751624,0.5334631414869713,156.6097412109375,116.93084716796875,-6.973726749420166
0.6426161574498295,0.9769859884495364,0.7200020443607072,0.8923392623744767,0.7073365345153068,0.9026063038743116,0.8882664458849463,129.93667602539062,42.84904098510742,-10.177709579467773
0.4979263376585365,0.4207665844764238,0.6629363987323162,0.7705542084447391,0.028486864015456,0.6864184393204253,0.3887731546266684,133.12681579589844,61.03263473510742,2.6248278617858887
0.960805619734063,0.4455462068926347,0.7142817583876802,0.8713880951881436,0.9337945124051256,0.9575221531856346,0.3336439101335312,158.44259643554688,128.4881591796875,0.6623533964157104
0.9465649774829816,0.978133000204817,0.5910842563709506,0.6875282404551736,0.5033345938626954,0.6948587733985934,0.3914292842813928,125.4246597290039,11.841145515441895,1.6272224187850952
0.9309038188340648,0.6289972415550484,0.8852617461965913,0.93576634304781,0.5279624834060228,0.8513447909801387,0.722221213834647,149.3492889404297,23.279420852661133,-0.925305187702179
0.6561243407808093,0.988422708015958,0.8792416379258001,0.7122565693289831,0.8879615609029543,0.7756674808059273,0.9343833776132494,108.29591369628906,-52.881011962890625,-7.834296226501465
0.6133880510353675,0.5871569841870942,0.5234709531922607,0.814390079821586,0.9900948199044276,0.6744817787382034,0.9560407714700216,133.38095092773438,-34.316226959228516,-8.252398490905762
0.5087031308501028,0.9745728897227371,0.897030535359934,0.8297715724696918,0.6781682271695689,0.6608709959920833,0.4290583545904178,130.79946899414062,37.772804260253906,0.9133504033088684
0.7445498112082456,0.7735794173286232,0.665859135066796,0.7704550864413927,0.9816839309526072,0.6487009444532873,0.695650935547045,127.25748443603516,-42.2352409362793,-1.993661642074585
0.5939290760046074,0.4911031103192705,0.9715141913737892,0.8881436316012337,0.9803118294376826,0.9422748859255384,0.5462450628070381,129.82809448242188,140.35458374023438,-0.5293632745742798
0.9957497743326394,0.7210084745017132,0.827397878215931,0.757511860598333,0.9372986242849204,0.9675307691369326,0.8152041957991213,115.30123138427734,-5.716940879821777,-5.213260173797607
0.9547826326147354,0.6709619429998093,0.596814029165782,0.772774759171419,0.0198729324610892,0.6950329073855749,0.6727278787110891,129.04689025878906,31.89834976196289,4.654509544372559
0.7525767445231775,0.8415173171619775,0.6453321610180094,0.7003221989682233,0.8354796782238241,0.8335173766223263,0.5889031418053639,135.17282104492188,38.73393630981445,-3.8936495780944824
0.7303087828500592,0.3974762467876543,0.6489093386807946,0.933510754672366,0.4778540539570854,0.664649878498919,0.4503197633507103,158.498291015625,76.87981414794922,1.7526031732559204
0.7198329439262429,0.5276428316260888,0.9053629978674792,0.7015837959491424,0.1871510409584003,0.5984646251758298,0.4641674007235193,155.42596435546875,83.9935531616211,1.2939977645874023
0.4719227723533149,0.4035208846647149,0.9740130541669524,0.988844200822093,0.1851734828229848,0.9390079414649388,0.7051703954728543,123.63346862792969,119.06475830078125,1.446722149848938
0.7135317785769378,0.7414548927396605,0.527013910685458,0.7511716334415297,0.2423138298668346,0.7469526334486996,0.3649868175267109,143.80323791503906,53.64284133911133,0.4919411242008209
0.5950794345928996,0.6570009216103412,0.7096913927638251,0.9369458853407944,0.3305526572157908,0.5906050986201992,0.395592475671397,154.32757568359375,63.425018310546875,1.2062389850616455
0.4645904992718276,0.72666102154948,0.6149706843733034,0.8840323194337774,0.6961042668357265,0.8561237674126206,0.4687654282352439,168.03810119628906,151.24935913085938,-10.297501564025879
0.525227519474169,0.4043454171445569,0.5774121907026161,0.8413833656635972,0.0815917304830056,0.6154415512029194,0.9397174270074568,127.34877014160156,57.440086364746094,5.374117851257324
0.4717900371132659,0.903042515971818,0.55595151806253,0.6839413707137266,0.6177447923271312,0.5764713207002197,0.5515114493659822,141.34457397460938,5.640478610992432,-1.1335200071334839
0.8252543216756376,0.8157669606590514,0.7966924389755653,0.8505291158954563,0.2229785790838202,0.8209247817634888,0.780754457268977,152.0346221923828,46.02641296386719,0.669820249080658
0.4852860085977719,0.6816601599407949,0.7626458580115001,0.8095092222709199,0.5287068850557426,0.9303716201083136,0.9256309282973274,150.30844116210938,125.00872802734375,-11.563138008117676
0.9011286094656747,0.7565732329442889,0.7494952330722042,0.8853489437767763,0.6700493323878304,0.8432120335803915,0.6629414463710221,144.51866149902344,17.348018646240234,-2.611593723297119
0.9330578681387672,0.9507910912876804,0.5928531112320575,0.9281452478527964,0.1940964330958422,0.7375930614914887,0.8450851858511886,145.04754638671875,1.1790885925292969,2.927870273590088
0.9816824316585876,0.8192695195084622,0.6930934498486024,0.7173904998395377,0.55694275021682,0.9942355569421456,0.9317552871801986,138.83328247070312,2.058215618133545,-3.968226909637451
0.5540592686876904,0.9465696951826252,0.8613163024113509,0.6919075879865829,0.647735385378514,0.6766912372335785,0.7737090526124475,137.94737243652344,-8.308835983276367,-3.8266289234161377
0.6971957374307236,0.3930288650499796,0.5642722178117855,0.8622588087849783,0.0291478879515504,0.8055805386012014,0.3821020642327193,132.60360717773438,74.81910705566406,1.4470916986465454
0.9699998704959768,0.4593583813107224,0.9918930453323924,0.8458587007404528,0.7761245688112652,0.7132918570751621,0.3961934879870086,173.9065399169922,68.43612670898438,3.906703472137451
0.621573708608961,0.6697306037667627,0.8665887902835367,0.9194806626901382,0.2451794384925516,0.7832231902713565,0.5718791921306474,152.1726837158203,71.06929779052734,0.9530611038208008
0.6664154039559174,0.7560636527643942,0.641141784200194,0.7105482986480957,0.3794544094523119,0.9131058631146172,0.6346643918643177,162.49903869628906,78.2228012084961,-4.2201948165893555
0.9788725859943026,0.8302772518396344,0.6663323628637801,0.9657648019149616,0.640848205503395,0.9746504194888196,0.3722092258964575,145.8169708251953,82.07710266113281,-3.478872776031494
0.876740395275261,0.4941639678413965,0.8578392000037847,0.9003529640178674,0.4381503809338012,0.9287617150903954,0.6487304670664593,152.8170623779297,72.36582946777344,0.48977503180503845
0.9680855114739892,0.9200405845354728,0.9569291454411428,0.6930713154020296,0.1942146396504962,0.663688258109894,0.5764097270668165,161.60997009277344,76.47407531738281,-4.3439741134643555
0.5067361053300797,0.8826702247551945,0.900276094007036,0.6956856275012799,0.1554188453246885,0.6285522786462743,0.4008011079591476,143.93911743164062,55.118804931640625,0.7876100540161133
0.4715257344144829,0.8139877484107105,0.9314571157798038,0.9747853904657984,0.0907304622962154,0.8159374055831407,0.3367175703033206,146.0275421142578,67.96475982666016,1.6216623783111572
0.954287529069586,0.5413073348704995,0.6787976160870242,0.76934291309156,0.215319109173441,0.8669808610558623,0.5282120733332112,146.0371856689453,50.59225845336914,2.0496826171875
0.8234101733163062,0.4239285571837979,0.867585258896933,0.927831184877053,0.1153996486830103,0.6659939774603304,0.6858815554626637,143.76820373535156,68.1199951171875,3.9913299083709717
0.951729581167666,0.5768782339054944,0.7098968176300363,0.7224432976461589,0.0528850776525503,0.7773804286698593,0.4226783840699638,136.14022827148438,53.37422561645508,2.3536601066589355
0.7489091538125305,0.8818901764277678,0.8208459380326518,0.686256904460554,0.9663604678858044,0.7052878697327236,0.8543877348070925,118.58365631103516,-75.11906433105469,-5.210295677185059
0.5679053621928111,0.4823961787029809,0.5909639545958189,0.7512999433914799,0.7988730868566455,0.9520632910435434,0.4102704828824708,177.50759887695312,205.64651489257812,-9.844877243041992
0.8206151375908659,0.7549998453547546,0.6313440696533659,0.924519324477577,0.0132232226407868,0.5789604187806356,0.5924831678273619,133.5103759765625,59.522682189941406,2.908965826034546
0.5224628480609879,0.4480286152907183,0.6714841646267122,0.8834592111185766,0.4998392311322085,0.5850475056141794,0.3381747761469264,159.73016357421875,92.448974609375,2.5319464206695557
0.7983527616911741,0.4703693367193526,0.6050857832478815,0.7285177513403983,0.7269809625827097,0.8608821075309282,0.7072915519865554,154.40606689453125,62.38698196411133,-3.623192548751831
0.6588896516180732,0.9586223345084692,0.5114847644808957,0.787378464947929,0.3598421662924778,0.8098683864809524,0.8783239301931803,158.8406524658203,22.951885223388672,-2.5062828063964844
0.992890842921189,0.6067711499462582,0.924286033860455,0.7693264168101195,0.2077961560701401,0.7955103808726486,0.7775323951242972,156.43190002441406,46.99934387207031,0.5341864824295044
0.5878742843824314,0.7106280979802293,0.9736113414742156,0.9487173578273828,0.2647221429878664,0.8626967638779997,0.3741913070205591,151.31121826171875,80.14030456542969,2.0344161987304688
0.9011167097875704,0.6790386906550674,0.904241507902516,0.8859656486547065,0.8930491571475832,0.8932658259330192,0.5634437955923737,133.5762176513672,43.438934326171875,-0.5536593794822693
0.8176817384946948,0.8922786794158877,0.6443508431042927,0.7466383544985302,0.0673851744979472,0.7019086507440524,0.8562515756543042,151.30535888671875,19.136600494384766,4.656576633453369
0.6301738084791039,0.6225253510035647,0.8469451335408438,0.9029811751255168,0.4064302909599971,0.8964417733589294,0.6022715358089996,155.00460815429688,98.4612808227539,-1.962154746055603
0.6688138094815056,0.7262914250826058,0.5346054704202953,0.9348477401725792,0.2221370564593688,0.678528490875938,0.9335004944652258,148.14488220214844,24.17875099182129,1.387477159500122
0.8572508870529915,0.6627011202037422,0.8833307498773797,0.965576818725202,0.6915394665087478,0.9482985191573056,0.6797550970809273,138.00433349609375,53.84112548828125,-3.077693223953247
0.5445163592173038,0.6670558113776074,0.6414190173589938,0.8048247856221105,0.4940828648500622,0.7641368984271251,0.4269235887039833,164.2022247314453,93.95237731933594,-2.886143445968628
0.6185848954611745,0.3913164120130351,0.906988991632559,0.8245433422590766,0.4336504181274272,0.6794524309202254,0.4355394963188702,162.39419555664062,84.97300720214844,4.875382900238037
0.9951500217525776,0.8564378982503784,0.882283936078,0.831832978102012,0.8709278326017074,0.943795782902876,0.3395119784380101,125.60594177246094,78.06697082519531,1.3835430145263672
0.983099848905304,0.8006090609816933,0.5779101316659935,0.9739714397715358,0.6679807294699057,0.63842299827259,0.612879920394406,136.5174102783203,-45.83698272705078,-1.6754331588745117
0.9812461880555792,0.8368170585101603,0.9892116299855902,0.6942215203090418,0.7696182054807255,0.7670124107350975,0.7934846174854114,138.7681884765625,-34.09170913696289,-4.800701141357422
0.5107136084118926,0.6431916945673648,0.8563369152614768,0.7524258216154126,0.5426017517616123,0.8069361381897775,0.4978091006427349,157.3372802734375,93.49750518798828,-1.4898864030838013
0.8691533630461402,0.8101971784070515,0.5534011012005303,0.9014605462124564,0.9452462971536948,0.6840599668938541,0.753796387435592,120.34151458740234,-84.72024536132812,-3.5039570331573486
0.7527297782966689,0.5334985650839583,0.6887344633186853,0.8417942122229042,0.7873031791736151,0.8697359665050843,0.7397556548624893,149.80393981933594,69.03065490722656,-5.3916826248168945
0.9641713884259424,0.6121119371976113,0.7054644539130066,0.7031361784714507,0.8284053402101458,0.7483726212239761,0.5006599066141639,145.9622039794922,28.529781341552734,0.7614001035690308
0.7937981907735304,0.5745919822506793,0.6701756038059619,0.7916398345794615,0.6036278173774658,0.627123525643411,0.3174253824560432,155.91433715820312,77.41399383544922,2.0787503719329834
0.8814345502099552,0.973897672125002,0.8070034537841341,0.71401542065129,0.8052018022204006,0.6460930148958144,0.7649499974954771,131.6222686767578,-75.1209716796875,-3.234226942062378
0.8725699854214977,0.5603879114936635,0.7853079035036283,0.9222426846337316,0.642650213141291,0.7000458256106682,0.7327098915423486,154.74935913085938,-4.5430707931518555,-0.5910993218421936
0.8191618156085152,0.6060298127213446,0.8412606504888205,0.7104289104742989,0.0802529137474671,0.6077493799879152,0.9807351968074416,158.05308532714844,44.696624755859375,2.1648221015930176
0.8487049956442833,0.8417930947203522,0.5234165750169029,0.8792822776682189,0.1017273576889521,0.6886760001153539,0.8916015009791426,141.63555908203125,9.495135307312012,5.440798759460449
0.5088377811607304,0.4474161816447989,0.8551336237760065,0.918836701520379,0.881739367685739,0.6057976303907613,0.5300847724848707,151.36257934570312,58.1524543762207,4.187559604644775
0.4407106923608436,0.5457971402509373,0.6263569437709341,0.8139497783418577,0.8937823123269311,0.8397116072834361,0.7105947885895864,156.03573608398438,149.27761840820312,-13.224023818969727
0.9153175051497292,0.8932660819046123,0.5318665465425007,0.6997801695751015,0.5112932769083213,0.6929591306552518,0.3973560142244025,126.42095947265625,13.049062728881836,1.7778812646865845
0.9790958904324956,0.7711515332352001,0.62364778188692,0.8727809937507011,0.6653150407433952,0.9957777729624082,0.6469286549115303,138.13088989257812,53.451881408691406,-5.052092552185059
