PS:PAN ratio,Feed rate(mL/h),Distance(cm),Mass fraction of solute,Mass fraction of SiO2 in solute ,Applied voltage(kV),Inner diameter(mm),wca,q,sigma
0.549673655020245,0.6356058394094972,0.8398127161192539,0.8186977166371057,0.0188912161015602,0.7321275272374874,0.4483840591355583,142.76731872558594,65.80018615722656,2.6610679626464844
0.8895607429363831,0.4892741026870482,0.6026307394082165,0.7067956255015214,0.1157077912561186,0.7192946784103545,0.8629160209403922,136.33859252929688,12.259712219238281,5.5809478759765625
0.4935689789013352,0.3849339489494179,0.6929429091662133,0.8564940399545423,0.2727582851571313,0.5764659403574464,0.5566328043011526,143.7643585205078,71.07866668701172,3.580186367034912
0.7811213331099518,0.6521414365803355,0.5756533204638948,0.7192853038100552,0.1611028357812201,0.988805591838969,0.644592247379413,154.57449340820312,74.5822982788086,-1.2916250228881836
0.8556104229952216,0.8780262174875182,0.7761188445771685,0.687548036065039,0.7324907047419774,0.830172474420619,0.4672370516718348,136.73553466796875,43.73987579345703,-0.5506191849708557
0.8583806359690433,0.8234427582625359,0.86327059101259,0.8330558571666548,0.106930979054151,0.7439618019449656,0.7825483329301395,153.04049682617188,54.60695266723633,1.4370088577270508
0.5411989852252426,0.6174839731005386,0.6783587960574726,0.8851495239773319,0.8661132625783159,0.8036827408026984,0.8471679049098289,141.3345184326172,66.07243347167969,-10.430022239685059
0.4685851669330916,0.7368597541308084,0.5839824129881124,0.9512279407397404,0.2222573335054529,0.5911966691530971,0.5466009368067191,148.1578369140625,51.69758987426758,0.005298912990838289
0.6874848285980868,0.6352174477106263,0.6151168159710897,0.9275217663721304,0.1099120655020877,0.6474061885995912,0.9588207383605906,141.3064727783203,37.466617584228516,4.210185527801514
0.5482233486634452,0.7267975486268854,0.9070748426200096,0.9522562156954154,0.0115844249478406,0.8372888546827353,0.3364157804393789,145.99441528320312,70.80262756347656,2.186779260635376
0.8290888374908267,0.6873411678522203,0.6354209485511735,0.9199534019414166,0.715563522240688,0.7912238268944165,0.4060652349955673,153.6779022216797,69.17726135253906,-1.771429419517517
0.6354069625625061,0.7921940820829294,0.8856518612108983,0.9010616063971923,0.257703220004349,0.9064149415510264,0.7163213405166102,145.63446044921875,89.22003173828125,-1.3667985200881958
0.6877943987223429,0.681057228907811,0.6667831842227042,0.6706536831792667,0.5101836583198792,0.8522286808730125,0.7929725534502957,159.59799194335938,43.200950622558594,-4.408444404602051
0.4979055634515589,0.9587439780909144,0.5964758392403182,0.8754189160041114,0.1129326926807874,0.8280316791987898,0.4862012559031717,161.80636596679688,84.75276184082031,-2.589081287384033
0.7546185648499322,0.6299457623715976,0.862262921274285,0.7073354303722064,0.9852257028669046,0.918318105766619,0.692693010683504,127.1376724243164,71.84440612792969,-4.368720054626465
0.5386340921137962,0.3655950156105875,0.7345632039806386,0.686786371655583,0.1266795288620625,0.6029077969042592,0.5322813892779239,136.5029754638672,61.25244140625,4.270046234130859
0.8176203094193081,0.5070081537415894,0.5187716987984232,0.719279760229419,0.4127658652354987,0.8658010331165675,0.6927053630567956,150.83804321289062,48.11085891723633,-1.2299480438232422
0.4739814836570488,0.6765016330885039,0.9770676547748308,0.9409707612213836,0.8517914302961719,0.8762318804244749,0.7643326549469386,108.19419860839844,79.41212463378906,-6.185481071472168
0.9854824515856616,0.7021373317923361,0.5762526622502873,0.9145615922724092,0.2459920422513844,0.6902683135813219,0.9776934008497652,141.21578979492188,-26.776081085205078,3.138746738433838
0.8207531806683357,0.7097147858573893,0.6777426125626147,0.9826841736122144,0.2680418219771918,0.6566947919352254,0.625737621522847,150.5107421875,33.40841293334961,0.48211461305618286
0.536488742883371,0.8137376288167969,0.6932324117628484,0.992724844213132,0.8087099394959969,0.6643806595223537,0.7567698617175558,135.57797241210938,-15.106491088867188,-5.726834297180176
0.4417136984343077,0.5315595474877715,0.7448698803714776,0.9642381519262394,0.2743995855584377,0.6577466740322271,0.7090061931857299,146.00302124023438,65.42781829833984,0.36640673875808716
0.6228389341519831,0.7818904596815142,0.890952753060158,0.7114722728318079,0.0043605768713935,0.7952436945882042,0.5317155544027576,145.399658203125,61.5853271484375,1.96414053440094
0.5201404549746803,0.806989646583753,0.5063419365716129,0.9592845291254826,0.4287282802985706,0.6313508700437456,0.4878219068679065,153.4182891845703,53.36842727661133,-2.7492733001708984
0.5572273568234891,0.6192030597642537,0.9635110371689738,0.9460718925401268,0.0140091351268812,0.8524580264267824,0.9879453412112508,117.6616439819336,107.07159423828125,3.434654712677002
0.9271681774019902,0.6133583546595756,0.8221319723690687,0.9568588260832032,0.909841916808734,0.618452426766457,0.4563692914033277,154.79246520996094,4.606858253479004,1.3859474658966064
0.7747763266464942,0.470157432642993,0.9724812957352876,0.7177085176395946,0.6422882431126427,0.585438490274871,0.8534580914519405,165.7557373046875,8.511252403259277,-0.6731694936752319
0.5335081828014472,0.620939233886497,0.9067178542798382,0.7061087710890989,0.5835826217417129,0.7089001280055027,0.4153517984797383,156.778564453125,81.99871826171875,1.6514371633529663
0.7484612309419885,0.8600917731494477,0.961224241977906,0.9743855458144692,0.202763334338689,0.6550945598150069,0.8630384881181651,148.25970458984375,33.010562896728516,0.18097709119319916
0.5783546908141,0.9384496662547904,0.799929960395402,0.7250688635524299,0.7003289249682301,0.9915320366804188,0.4419919478735929,140.2485809326172,139.27308654785156,-6.388741493225098
0.9856556073295966,0.7361609026172,0.6796682514536143,0.7898246158496226,0.6776734034321645,0.7020202627502314,0.9738469433019478,145.249755859375,-99.50334167480469,-2.580376148223877
0.4522648847821922,0.5474176980692653,0.7219143304843842,0.8188667477296361,0.0618614186047063,0.6678478852459458,0.7824779469771278,139.21261596679688,66.58637237548828,2.6536619663238525
0.847772826254537,0.7930428015469376,0.8280751149851542,0.7086520942207176,0.8809421118456564,0.6571677735981694,0.3769178155961862,138.85568237304688,47.04865646362305,1.7830194234848022
0.8707711159331797,0.8301550692160234,0.7140271183723258,0.6741431086916339,0.5799874344703417,0.7319383693921975,0.7873712330711555,150.24465942382812,-32.365333557128906,-1.7608578205108643
0.4717165953173849,0.5684846043693834,0.8644166643086766,0.9977492632161878,0.7927027546088136,0.8298950929021354,0.726417462003393,133.86593627929688,88.53462982177734,-6.231697082519531
0.5309141214409829,0.8855777411326065,0.5486633513714759,0.958710922254608,0.2639905499131769,0.904249069190902,0.5453220518921982,172.05465698242188,127.6125259399414,-8.417303085327148
0.6510188930597802,0.4026579163907368,0.9129345247088404,0.9705722564610924,0.1233478865531583,0.7280214442388973,0.4930435257989519,143.165283203125,71.79476165771484,5.155169486999512
0.9245700775710272,0.3622834553589717,0.6041034122680667,0.7618809848979388,0.7028283388860669,0.8383913323587437,0.8047839634691059,147.4622344970703,19.96599578857422,-0.9774421453475952
0.7373464442122079,0.4342655161575813,0.969174221372772,0.740452041924125,0.7941163123973254,0.7776271009846377,0.8201663585688395,146.14352416992188,31.607065200805664,-0.09749171882867813
0.8042331206115565,0.455457595611808,0.5800981868214947,0.8088545205566509,0.3869145734106064,0.9315043396953152,0.5382841792043862,158.2159881591797,98.33470153808594,-2.3643059730529785
0.8764337115010696,0.919177844677728,0.567078873978282,0.8179806617239741,0.0251484902054782,0.8143538557890413,0.911958562016961,146.3349609375,29.123327255249023,6.350655555725098
0.9019373340722264,0.6279915864891543,0.903996979947276,0.6691450719905436,0.8184489640977095,0.6964870356842028,0.4985505658218193,156.19613647460938,44.9846076965332,0.6411232352256775
0.7030200388849026,0.5317414313088243,0.9073654691060014,0.9263308549523596,0.2072605795967236,0.8711636064912536,0.3631326794741094,157.56838989257812,83.84535217285156,2.780517816543579
0.7213992856330439,0.6306173224653904,0.8679139170553412,0.9986057921481688,0.3399875913130133,0.9203443180677324,0.7238631541877406,145.26150512695312,83.99116516113281,-1.5582236051559448
0.839680992091201,0.6086576484989314,0.9773578545725496,0.8430364188265141,0.6287275869178679,0.7706098829613202,0.3884558954016066,162.73104858398438,73.3731689453125,2.8216049671173096
0.5826298200465959,0.5487591862850358,0.6368476036076001,0.7963525341227361,0.1012898762368547,0.990913540527635,0.5038844728361935,162.953125,118.4010009765625,-4.551339626312256
0.9168443035527368,0.4438416585088653,0.9112872672208496,0.7978462085388356,0.0733753047882464,0.9452698334037628,0.6607823835583619,139.3726043701172,72.52600860595703,4.678445339202881
0.4454972272755541,0.776124933333971,0.6770682717074363,0.6992225823613105,0.0271567934453437,0.6572458220366817,0.5104834553112177,143.0508575439453,37.54438018798828,1.3902226686477661
0.544427628263277,0.4430108605609826,0.7685424310792153,0.7557638548652307,0.9166786234783736,0.9062802695144287,0.4619122406111133,162.67208862304688,184.08358764648438,-4.242951393127441
0.8861507135551616,0.8527844342628261,0.7232398541148235,0.8342077126387123,0.3123822836072499,0.8278271354258814,0.7941830705784622,151.2080078125,22.476032257080078,0.05308661609888077
0.626115409442901,0.4847589923999835,0.506223369820132,0.8108429323525558,0.6611039188411663,0.7999005646191084,0.6878798384965271,160.0443572998047,95.39313507080078,-6.5918426513671875
0.5184554211484818,0.8245263749181089,0.786833289720907,0.8484696153539573,0.9891587754215294,0.7910873847101112,0.8871391977360171,109.92236328125,9.409248352050781,-10.774935722351074
0.539329812034483,0.8721317423975261,0.872230296087898,0.9495386446418912,0.6698819410308001,0.934424427955906,0.7111844104501781,127.7193832397461,99.23580169677734,-8.308327674865723
0.7338165624945672,0.4357762920653154,0.5894779296154783,0.7421609753955368,0.5257550918782398,0.8320163543620549,0.644625042254683,158.95864868164062,76.5272216796875,-1.9955488443374634
0.912147127817367,0.4110288480381142,0.9631082479464252,0.6764800568175833,0.5215868566533773,0.801122801596346,0.493397688595119,169.08401489257812,75.47084045410156,2.8136630058288574
0.4736885638279905,0.9644925414601252,0.7650883843584507,0.6799909391930831,0.3778126594604215,0.5947150959220948,0.8546768135526741,154.15472412109375,-10.066338539123535,-1.8193916082382202
0.4509779307626539,0.6524085939386498,0.5913007296651812,0.7118854018018124,0.6003213983464692,0.7633737171144898,0.4495757913477214,165.86611938476562,106.326171875,-5.676955223083496
0.696735202908227,0.7596524199050902,0.822111300020099,0.8569293764983904,0.9587632420770014,0.9574912786493344,0.4804469078739458,129.37574768066406,128.97007751464844,-4.4182047843933105
0.9743406884522058,0.3703059405390939,0.5980501792784859,0.935948622593498,0.7882869280302772,0.8746045952339263,0.8883829261147987,135.86895751953125,1.9768869876861572,-4.180067539215088
0.5914876567371348,0.5341651573194888,0.534690072102787,0.96208465395885,0.4250470296947777,0.5955992851819677,0.8200514379175865,145.80850219726562,22.070476531982422,-0.36284810304641724
0.9760272446124904,0.6795747078669836,0.8415392329996914,0.8784144072959629,0.3334109347325687,0.947336841687416,0.7327150446133567,146.8041229248047,50.693843841552734,-0.06863880157470703
0.9356096072168152,0.9238535816036486,0.5579642741682354,0.8013006093261534,0.8836228485312204,0.9231322202383736,0.3420716719340002,118.00471496582031,80.66566467285156,-1.9330135583877563
0.5938199448065657,0.5295012984827867,0.5557546614986865,0.7186489927111193,0.1370641048893564,0.804913719061839,0.4021955850532861,148.96316528320312,64.87693786621094,-0.7101079225540161
0.8956195277543608,0.8526348903242202,0.8684982913859451,0.8007271962894986,0.8497304616782559,0.5835451165912083,0.6558622334427191,140.77505493164062,-44.505760192871094,-2.3756449222564697
0.8215109539490151,0.7801644672609827,0.5305786695386051,0.7777884524484713,0.2561656799566706,0.8115619737323678,0.8235541747655272,149.58131408691406,16.109230041503906,1.365086317062378
0.7231119199207817,0.4293263184981999,0.9029572099233276,0.9565064571370387,0.7159870802757902,0.5971341381306092,0.6314575476707429,159.76620483398438,18.41465187072754,3.46911358833313
0.6728473730994271,0.5435720728941036,0.8962355369213647,0.8290838305083176,0.8064346219276359,0.7093598220229564,0.3273515770009233,162.0806427001953,97.02464294433594,4.909668922424316
0.894802399918684,0.5079642413497072,0.5731139959487322,0.7424779798446524,0.4777331637740901,0.8396321272261222,0.4409993027430781,150.91961669921875,64.89115905761719,0.34576085209846497
0.8821250208495289,0.6392464620142068,0.7591570650270366,0.7632898229265237,0.1934725710853337,0.9595482034976506,0.71630750220877,149.7993927001953,64.38410949707031,1.0976524353027344
0.8616909516638254,0.7629230314337712,0.5510210336628435,0.7126504429268887,0.8449205954252597,0.7251584361978631,0.7880790363024741,131.602294921875,-63.1998176574707,-2.592377185821533
0.9981247981635604,0.6334042081674691,0.8155100751224816,0.9726491201857806,0.3684187914520806,0.9372165130974306,0.3383335631542594,160.47486877441406,76.24360656738281,-0.020163793116807938
0.7042796273467369,0.5122443673108261,0.5343923263178088,0.6840201255268148,0.321665041082837,0.9618485063194576,0.3450740345464482,164.37733459472656,102.94160461425781,-4.068306922912598
0.889951687191788,0.801759549566738,0.9694373784927705,0.6715541298001192,0.5107004139412076,0.582970208472601,0.4934342812978201,165.0729217529297,65.62208557128906,-4.036742210388184
0.9213608017339612,0.7302966696486349,0.6058514353483384,0.7281146828450766,0.4358894153605169,0.6751794612061466,0.3724144661451237,139.90817260742188,42.55229568481445,1.020508050918579
0.5533779217968952,0.6885013416919893,0.8403446743700489,0.9368425962871586,0.6834617738112416,0.8738131460700701,0.684440595618315,142.41004943847656,93.08733367919922,-6.102850914001465
0.4575279943345111,0.711020021347377,0.5666481614179937,0.8412997761355654,0.1384738462751205,0.8936500394807313,0.3997755508895416,171.0251007080078,113.32975769042969,-6.937490940093994
0.6625759545735834,0.497724463451181,0.606772164081034,0.8753328084812328,0.4364918704557836,0.7397767085979342,0.7567721041058437,154.24337768554688,57.6739501953125,-1.474737286567688
0.9181146510456232,0.7918505585142435,0.7258798894272709,0.7862044333595497,0.8917801607504015,0.8513892457843443,0.844576047137884,123.8885269165039,-43.61013412475586,-5.303971290588379
0.5971941634236343,0.6039491482147454,0.7861591434092357,0.6901142807836247,0.0374992876866543,0.8325592755673408,0.976133837067683,147.96548461914062,71.66381072998047,1.8253796100616455
0.8295068378652417,0.5885332703875531,0.9962750672013464,0.9518964098680174,0.4581061847715877,0.8864433057159469,0.9610855504797104,129.55230712890625,30.865856170654297,-0.9205071330070496
0.4378994547508076,0.4514330247015199,0.5161309706115377,0.7310750856168553,0.6609772714670257,0.877527175468584,0.501639168783075,181.28285217285156,184.69369506835938,-12.453269004821777
0.6346559491610516,0.7382290416725124,0.5034915515399295,0.6782735238391666,0.8877957713831056,0.610342373061874,0.3355983521226353,128.9952850341797,63.52315139770508,1.446427583694458
0.7817371294451267,0.7419668419427725,0.6762424319214763,0.8576677540328832,0.5943374832042109,0.6409034495153278,0.5397858749377173,151.38931274414062,21.0595703125,-0.09313987195491791
0.5071053403003053,0.573672596353126,0.6840344330135784,0.6949714953215445,0.8246693208828615,0.6301267427812652,0.7977867473658704,149.51800537109375,13.808894157409668,-3.8050570487976074
0.940655912439719,0.9069395622176216,0.93950977179438,0.6991177736895241,0.2238313462170439,0.96781006108108,0.3562834615086587,144.82928466796875,74.95750427246094,1.3868004083633423
0.5220970236296515,0.8977076571147082,0.9536955736440788,0.9333530818376832,0.353743215454804,0.959814027370981,0.560408935618172,137.27676391601562,109.47982025146484,-2.848386764526367
0.9481111830813824,0.4253387455147595,0.9378751726989644,0.8307094842355766,0.9421305708904828,0.9107797687313668,0.5184296329321283,149.20950317382812,75.74124145507812,3.5777487754821777
0.5560841734511549,0.8012204843208102,0.5739950519718955,0.7475683334284566,0.8860625530929077,0.6233673643706245,0.4648724529732558,134.7218475341797,42.6741828918457,-1.093002200126648
0.9958761817800664,0.6080122583680134,0.7067099866005875,0.7831775733332067,0.5585611201160872,0.8165620127777886,0.7961877252568087,149.66012573242188,-10.27738094329834,-0.9109579920768738
0.775649281475062,0.9966563714550942,0.8714304686003413,0.9097053153797632,0.4762273783670098,0.653139994837818,0.7641756546635443,146.17831420898438,-15.592130661010742,-1.7005192041397095
0.4814307834901146,0.4997277131376705,0.6576098450096104,0.6893417661119624,0.4518451974718466,0.7296291824486931,0.6800491468498151,161.7582550048828,70.68516540527344,-2.949902057647705
0.4706505815197772,0.5353287705295507,0.8306441351738396,0.7060053148999972,0.0601901633898167,0.6868599209762145,0.935472271619754,140.77415466308594,61.945518493652344,2.579953908920288
0.4761032299366425,0.6389762219905737,0.6203663107853907,0.8721477116083847,0.8924543815321756,0.9240880579781712,0.3857798914209741,170.13656616210938,216.2822723388672,-12.326078414916992
0.7672502270376866,0.5277538057477187,0.6629436833182453,0.8690593358980182,0.8183446137666954,0.6350771272011647,0.4174629657208509,155.90530395507812,62.3306884765625,2.0315840244293213
0.8914534255660653,0.7992672436376539,0.9279581354074368,0.9905593697786284,0.4570207221327858,0.8469239278385898,0.576564806970524,148.62646484375,36.018672943115234,-0.7096695303916931
0.6615664033230362,0.6638657968830567,0.6269625127283621,0.7917951785594344,0.2804902175362059,0.989519079201783,0.7619874959859441,163.14874267578125,118.68510437011719,-6.0369157791137695
0.6852399734850325,0.4970690185770829,0.979230006269506,0.6889174132209931,0.3438700830341025,0.8641829402959982,0.7131171630008646,150.95645141601562,73.450439453125,1.0048515796661377
0.7669081560910451,0.6802010329708871,0.6544753784627837,0.8459772833999994,0.1244589062525394,0.6075398718658096,0.3659764842464516,138.4452667236328,70.06843566894531,1.46379554271698
0.735107972563732,0.9255017670800764,0.5149475000326752,0.8794893565828233,0.7221378067111924,0.9574101842459216,0.9679038856280362,138.75985717773438,51.67815017700195,-13.501254081726074
0.8227516098239237,0.8636706719274343,0.6291298980051232,0.7136918205802762,0.5572800307974874,0.8456152156732293,0.5232145685621208,145.9269256591797,39.34321594238281,-1.3573322296142578
0.7004765584674804,0.675361170703341,0.5878259684156821,0.8510716216218424,0.2352256342033268,0.7667550178011935,0.5599052475783367,152.31954956054688,62.23866653442383,-0.0838763490319252
0.8373374537801568,0.5404401298458481,0.7534553272121257,0.7330273976870738,0.6235104459969568,0.8526297142256998,0.7400359951912181,155.0394287109375,39.95984649658203,-1.7450653314590454
0.997590409550912,0.4707743053593887,0.5589617273271212,0.9480973636899834,0.9791696225014084,0.9452476455189872,0.9588793615090592,116.86650085449219,-11.76039981842041,-9.96330451965332
0.631791472639708,0.9188275109680252,0.8122913012170782,0.9449164854514792,0.1236946709203484,0.7755443571151179,0.7666199173380998,148.34658813476562,64.53126525878906,1.068784475326538
0.4406512729750051,0.8109247525278824,0.9350987900297424,0.8101053014536292,0.4592510420249083,0.7984270441421071,0.965418622374498,131.3213653564453,55.8084831237793,-5.878881931304932
0.5047691672933481,0.7224017894951158,0.6822393348657896,0.988658203914034,0.4948682242484254,0.7651236806608801,0.4432597207083112,165.06887817382812,93.37448120117188,-4.46974515914917
0.746683033692648,0.919502172081653,0.5864874872849799,0.992989995728375,0.1680262660724392,0.6047353634933927,0.7367554993364012,145.4826202392578,17.6539249420166,2.4597926139831543
0.6283766323251604,0.4334441439725413,0.7007485898187507,0.7102506047663463,0.532230212168311,0.9064129587374464,0.8797324576261295,158.71856689453125,97.66136932373047,-6.151605129241943
0.9651790373947996,0.7931708147849024,0.8912107542527279,0.7895227938313681,0.6065091629577477,0.6274601611537005,0.6620334127370087,159.4570770263672,-1.094331979751587,-3.274287462234497
0.7884816010541681,0.4943963867632868,0.7952353587857532,0.8668485877040495,0.1585885961021552,0.7406858471795648,0.5620839516969437,149.07814025878906,68.26545715332031,2.930379867553711
0.7279360711737939,0.4327303044034527,0.5532505281656924,0.6954862930128343,0.1559721162570018,0.7374147265585824,0.985827123943134,140.2652587890625,22.208412170410156,4.626704216003418
0.8849292737657182,0.6540518083266069,0.768438070090468,0.7944898646048114,0.8564831841345055,0.6923276538519844,0.4115402968022117,149.76019287109375,48.4046745300293,1.7528518438339233
0.5799429262572814,0.6038801240776036,0.7343363678336564,0.754105116881369,0.3123869685599912,0.7440371716448029,0.5952681178795538,158.01681518554688,65.00782012939453,-0.2060234546661377
0.8971971673399007,0.9591048671780742,0.6647661766502682,0.9837738182965045,0.6308266289338876,0.8350295558764571,0.9100165117398452,131.746826171875,-46.12025451660156,-5.108893394470215
0.4354757124232557,0.5632033660736511,0.5577006035844567,0.8041071740040757,0.6272719691155799,0.7055632377838419,0.9284660508297994,157.34854125976562,53.99628448486328,-8.654518127441406
0.7840894282986028,0.8781076247366939,0.9875148041164804,0.920818414274532,0.8393326119299405,0.6469252560144422,0.982848442930643,118.71077728271484,-116.82657623291016,-5.365238189697266
0.9622247510602449,0.8357233964275901,0.5902137061995951,0.7958361599469503,0.740213957205322,0.9411617577601276,0.9178258267289272,127.95609283447266,-24.83639144897461,-6.251015663146973
0.8791741052245101,0.783827772805186,0.598454938962497,0.7111019521420773,0.8407359386240507,0.98400384558487,0.3502639406190724,137.0140838623047,118.12418365478516,-3.164731740951538
0.916360608149846,0.9457798590998854,0.5751813963713441,0.9542212159156868,0.6257161566909766,0.7677146911875317,0.9483984951313028,133.446044921875,-81.56472778320312,-3.5706095695495605
0.6581696595211471,0.6170502391758381,0.7847264632069151,0.6674222455972754,0.4502375225879104,0.7121637772781617,0.607000401960232,160.10504150390625,47.0966682434082,-0.2033538520336151
0.8997415426731439,0.6053415202761487,0.7222871750973365,0.6858800812646481,0.3944356033523131,0.5941333289177902,0.7590861088510088,159.15533447265625,3.617615222930908,0.15466737747192383
0.7451664287718689,0.4586257847173933,0.6264927730606169,0.7884160013464193,0.3799219241277409,0.5896447488014926,0.5839333191352745,147.82606506347656,47.17717742919922,2.7835123538970947
0.7834465364067746,0.5322740840089255,0.7152566842819089,0.8956293188180056,0.4192227706117674,0.7399731090702565,0.8693796855206491,151.24954223632812,23.360517501831055,0.006678651086986065
0.4670537838687164,0.9197214274872704,0.8357191982312553,0.7808764494742354,0.1305978122324644,0.966865078387253,0.7075632999261348,151.95648193359375,115.05216217041016,-4.1418538093566895
0.5476954960173013,0.6596796824242729,0.6423555054867824,0.68932802772734,0.4247792094744462,0.8826151506742504,0.8910754866323307,165.44064331054688,82.2790756225586,-7.92746114730835
0.7452414813490866,0.5743478410341367,0.9550098759533048,0.7729432501604795,0.3903205318304966,0.7215583721821599,0.4474661870897893,162.43194580078125,75.87940216064453,2.159498691558838
0.4669891730152221,0.4940113493936383,0.6545181531592305,0.74872266601593,0.0360106084294883,0.9828274052528128,0.4414846495940975,162.300537109375,106.52120208740234,-5.495356559753418
0.8529337022045811,0.6664650564008695,0.6011376722860858,0.6690853545610558,0.2761878405303565,0.7551211569070038,0.6153104964217215,146.54824829101562,16.650266647338867,1.8325309753417969
0.9086845334778352,0.8150931953796625,0.9744153050221755,0.8450679136054398,0.752207232499467,0.6909562157071313,0.3188156059571269,150.94583129882812,57.91088104248047,1.3300809860229492
0.9540864298837388,0.5392851423767142,0.9033477808970104,0.7060602652034327,0.578521972900483,0.7541058269853211,0.7871506004630484,162.18011474609375,8.235077857971191,-1.1310546398162842
0.4912814703260464,0.8414256133830424,0.6726746909101051,0.7628560754141075,0.8063816221736141,0.6634056150244344,0.5170814490915773,140.33985900878906,45.69055938720703,-2.651869058609009
0.9650307161301,0.7593652280329801,0.9185827282219534,0.8804344615485605,0.5433204131430667,0.9480320458341988,0.6948902189832864,139.8782196044922,38.45015335083008,-1.5779438018798828
0.471975105231023,0.8605704714403244,0.7593710474110951,0.9083339447266384,0.8542218293240463,0.7265846065162067,0.3632273770692784,139.35687255859375,85.35218811035156,-1.7270323038101196
0.7017602190199033,0.5163323867054651,0.6744586297565413,0.7548642352996668,0.7962972582387822,0.8519019870414355,0.4317254317596051,162.79232788085938,125.92268371582031,-1.9980283975601196
0.908794221278584,0.7601608681369936,0.9176844297168316,0.7767175411717422,0.0996223783374691,0.7383539253473572,0.7395114903241511,155.63148498535156,63.17686080932617,0.42195695638656616
0.4734965785041483,0.4539995271987073,0.8745295994464614,0.7493637173223956,0.9769493063627082,0.9548269177795764,0.5236214499364041,146.11387634277344,197.65286254882812,-5.58487606048584
0.444052292906438,0.5887444128950308,0.65033752273378,0.9853822413203625,0.0162178606774317,0.8453201049765752,0.4617254788299487,154.37551879882812,105.3326416015625,-3.674567699432373
0.447849654384085,0.820029005875378,0.8027320339269155,0.7306181454127904,0.5973844498014905,0.7802415739637887,0.4713389235953045,150.9781036376953,83.95252990722656,-3.3251280784606934
0.7227997535194902,0.7605715530863846,0.6856303397498739,0.7281783997615286,0.792747312044704,0.6298800826112564,0.4617917862036559,142.53997802734375,31.99668312072754,0.8035270571708679
0.8925940748745033,0.4758894254602351,0.503855533662315,0.8152267863004763,0.3328611197067151,0.9549051345722795,0.7395058952322571,144.6644744873047,69.15150451660156,-1.785357117652893
0.5057877446663345,0.9059726444674958,0.9779921385952332,0.7302147854147866,0.5991134552080297,0.8049697313052995,0.4297154647885317,133.03358459472656,75.32942962646484,-0.1977834701538086
0.5041954389464867,0.3896076343785085,0.7745781543928971,0.7193782606632785,0.3630415266071878,0.6944439698064333,0.5624465061844823,156.3867645263672,77.86656188964844,1.819196343421936
0.7551819905533093,0.7371888305979544,0.7986626782726194,0.6991568960077588,0.0620125793550284,0.9447758243068648,0.7837705849990934,150.6119842529297,69.02281188964844,1.5328682661056519
0.5662077778209835,0.9864608790892896,0.7993826074440202,0.8800958541749394,0.0099419110532926,0.5970713845621397,0.6651959702406459,145.00875854492188,57.1844367980957,3.1745219230651855
0.8465829082866445,0.6963211928264101,0.7750777659334137,0.8707582268153005,0.0962052711953021,0.7066988820019735,0.722102410115742,148.72201538085938,54.109657287597656,2.377399206161499
0.9706363968297748,0.8689794549441363,0.6464749018512826,0.8834173775042544,0.0997472038540751,0.8007522553704783,0.4863537077550128,139.580810546875,51.60709762573242,1.7874847650527954
0.8668341238851474,0.7371665623178124,0.9828088846563472,0.9243518636970812,0.6114138837444149,0.7175661095047449,0.9504052146128414,141.43222045898438,-46.7650146484375,-3.31391978263855
0.929669981894296,0.8577004481280726,0.8101295433089113,0.7757748829541679,0.5265243040074002,0.7753784305316167,0.5972757543252116,149.27671813964844,18.54764175415039,-1.052239179611206
0.7275012323186956,0.7759188171407667,0.8344358570182568,0.9725953610970648,0.4562341281907317,0.6856882098268129,0.5108947631638492,156.15054321289062,37.28279113769531,-0.024023082107305527
0.9043099004413562,0.7987147261870313,0.7277764621793159,0.9110229461129572,0.6923169534464515,0.629010330838446,0.9310833292556936,144.4314727783203,-101.09913635253906,-3.1076788902282715
0.5371522652781641,0.5015157794432745,0.6453958923145484,0.9347930218802886,0.0182932511069371,0.5896458457697337,0.7615842722937609,126.86126708984375,64.35061645507812,5.0442094802856445
0.4723866252208065,0.8312293150892138,0.5350925871549579,0.9069531879170528,0.2720471499403676,0.6406485819712016,0.7334449229984032,154.43026733398438,38.577537536621094,-1.401090383529663
0.8045984939507936,0.5079936521530277,0.6761748727307838,0.7864451027985366,0.7776525333378466,0.97645170100513,0.9191101958291452,142.49789428710938,73.5644302368164,-9.018045425415039
0.4631172350749366,0.9844209114957216,0.5902404091584851,0.7613721736040334,0.9100264461117136,0.8170398401756156,0.3554252531714965,133.61941528320312,126.25801086425781,-7.073119163513184
0.938323499970391,0.5015004101289853,0.8300767288656707,0.8077410496633052,0.4391346109290216,0.7805406152514816,0.885722328190754,154.68447875976562,9.78593635559082,0.3794497549533844
0.8247261011054959,0.5072073047532304,0.9371245145144776,0.6995394641790629,0.0828484573391576,0.7363595597480725,0.7769490787239248,150.69839477539062,65.6861572265625,2.5209059715270996
0.9720867506510228,0.9061846118568476,0.6527458088337075,0.8173028807871615,0.7989546728185909,0.8732042191387425,0.5605996022980686,124.36576843261719,10.524121284484863,-2.2060530185699463
0.611205835010596,0.5112496559970401,0.6676138520538223,0.6816250120139968,0.8852591506096744,0.6337293867590589,0.4900592454955748,152.62664794921875,73.72945404052734,1.3531275987625122
0.7086023281214687,0.5868879244585045,0.8341610484070615,0.668595405823659,0.4144974562155137,0.6906763264191919,0.3869145156306722,161.23245239257812,73.33879852294922,1.477858543395996
0.8530714018157539,0.81379411710785,0.5770017894075746,0.9769419533405173,0.2444627790803065,0.8510292937369301,0.9560947122598628,146.70907592773438,33.63429260253906,-0.36347728967666626
0.5710039929884811,0.4572153281846835,0.9620134508949773,0.8964399845918132,0.0453956919069095,0.7763622831523315,0.4121697081605307,138.8113250732422,68.8466796875,5.349024772644043
0.7400878358718677,0.4574226297936568,0.6828946526963657,0.8540584974436356,0.5916383695106436,0.8992444344595577,0.492160448301992,166.76095581054688,118.9794692993164,-2.590705156326294
0.8065852824320321,0.6673619198546477,0.5532782789349475,0.7806762414843444,0.909919000985052,0.9528755295414252,0.7859623923497143,135.9741973876953,68.39588928222656,-10.686155319213867
0.987129962542278,0.5117056605729859,0.589542884706266,0.8569476700881813,0.678305779853275,0.92174111360817,0.7989249598147207,140.93699645996094,21.843433380126953,-3.7911899089813232
0.8547748088063118,0.5065491423058419,0.9636462682544616,0.9636702914604792,0.318238825864954,0.6518636170109171,0.4250038720295856,166.8786163330078,71.54556274414062,1.7458606958389282
0.5005322059244898,0.3613117835324027,0.6252896733398944,0.8841544555485038,0.6433616366255414,0.6127066490708559,0.8696948694611101,148.47561645507812,39.878868103027344,-1.4794968366622925
0.7024823242075902,0.5930117545016031,0.830165823112386,0.8675668122536496,0.8322414181470937,0.6456284313424308,0.6628928992227243,148.7553253173828,7.047116756439209,0.29479315876960754
0.7666159068432854,0.5595284820736708,0.5804038721655067,0.8202694876381597,0.4765685574779341,0.9049184868419128,0.8930574737912326,153.7673797607422,66.90608978271484,-5.1384968757629395
0.5166407724353889,0.3753704563913915,0.5991255070858984,0.7822037549658993,0.8199410571497329,0.9599358171868664,0.3749897210407146,186.62484741210938,238.9134979248047,-10.592175483703613
0.6779638845263379,0.7538778492561535,0.9372401583146472,0.8995017502053853,0.3927813887560215,0.9648412445842908,0.3447325309174319,155.29788208007812,107.287841796875,0.42795330286026
0.594312231354905,0.7573558144043959,0.5763907311360913,0.99339126101081,0.349446289543256,0.7000017657177171,0.7491294634190374,154.37322998046875,42.53749084472656,-2.728691577911377
0.5009260917134765,0.4008006763683098,0.5125897939555683,0.8084859005472731,0.5835570221001216,0.9289059216623708,0.4176906822599546,186.37940979003906,203.0707550048828,-12.00425910949707
0.7232360428959792,0.5587529697001388,0.7506948002489203,0.7976644725805895,0.4654426050731669,0.8005019267835685,0.6728719850727318,158.58120727539062,60.70088577270508,-0.7397719621658325
0.5273883404700943,0.9152499014811728,0.9290917850460854,0.8096014625085245,0.9770546912554252,0.9214959038372992,0.3251843051849333,109.29984283447266,142.9532012939453,-0.691554605960846
0.7676146964573638,0.7288187430253111,0.6642128595840283,0.8087472818827117,0.5170635383281569,0.8056233394619546,0.8464164013179297,152.9092254638672,16.917221069335938,-3.031897783279419
0.5296859027889281,0.6196482103775613,0.5665844240938914,0.9965971613493028,0.3860544362470264,0.6356859135350283,0.9278190703809114,148.17523193359375,25.690189361572266,-2.378730297088623
0.8428408589015643,0.6537268596509751,0.9880669779116836,0.902238030249327,0.3958004551777764,0.6075339867885264,0.8865412831496142,160.02761840820312,8.777544021606445,-1.603576421737671
0.5441279961839789,0.4889874440214627,0.8373066773306916,0.7866873791253364,0.5485639825779606,0.9782557552151916,0.9678548874499792,141.2667999267578,139.05418395996094,-9.574018478393555
0.9404739713108056,0.8761699476989298,0.923151933513344,0.7907822282737045,0.3558424795964994,0.753873307359818,0.9302458754475468,155.80380249023438,1.0663772821426392,-2.4164655208587646
0.4485629412153304,0.941677269475146,0.8745163763519685,0.8104935229027324,0.723252894482488,0.7220866830449963,0.6177887782290006,126.8047103881836,33.74882888793945,-3.23417329788208
0.728864515427502,0.9395343882387066,0.8479187188412907,0.6794878867547387,0.3815524927125202,0.7245282289629509,0.5867050312189371,151.34854125976562,33.44493865966797,-0.7511506676673889
0.614721341224564,0.4990290172454346,0.6931186265971685,0.842745719298169,0.3850284251204199,0.734083957093727,0.9255413769042176,151.42742919921875,49.30799102783203,-0.9629470705986023
0.5609956285015365,0.5547109797437648,0.6633980658587164,0.9370111162882656,0.6174876989149677,0.9730950688301472,0.9464739054636192,150.34310913085938,156.69094848632812,-15.196438789367676
0.7003731298920832,0.4584175375161488,0.8571552175653405,0.8868762800934409,0.0622441089326117,0.6005607984747597,0.9777123865500146,135.75643920898438,62.64582061767578,5.638310432434082
0.9097940794906444,0.5524407885587842,0.8570340201073974,0.7332447156010766,0.655808441166009,0.624356544535807,0.8385130342902808,164.45486450195312,-22.087284088134766,-1.7281792163848877
0.9512114569532718,0.5688647256437839,0.9724514414233492,0.9093041595005028,0.5056644554614178,0.9075029101815572,0.4530590785665579,158.84255981445312,68.95919036865234,2.1121199131011963
0.605191452530851,0.7614935477148399,0.7839698192198078,0.9064533601198804,0.4538008110566812,0.8060644263493626,0.958735491315656,145.77505493164062,43.70134353637695,-4.7472758293151855
0.5209491304295918,0.477034841492409,0.6487318046623725,0.7545595926128843,0.7196050829134055,0.6283574156262377,0.9602242304740892,151.40359497070312,3.3385009765625,-3.8260531425476074
0.8408878164488401,0.9451361290023006,0.7449186875246165,0.8743459462836081,0.758545961762349,0.5886350154720034,0.7689633740082278,135.88473510742188,-85.58232879638672,-2.331023693084717
0.7627872174224932,0.4215189928447127,0.8062039528947997,0.8703815097639147,0.8464113452190511,0.6687642449599528,0.8990629768865781,146.07015991210938,-27.10287857055664,-0.651786208152771
0.5473927152370178,0.359797368501946,0.7139274017350913,0.9464543497579798,0.3757019875981934,0.6842080604256118,0.6975290304272986,149.00723266601562,75.30204010009766,1.3654634952545166
0.8635902708623058,0.9037932771692048,0.8937603225509914,0.7125181847033316,0.3280123811615243,0.5800859871990848,0.958172489487904,170.17784118652344,-3.187328815460205,-3.753432512283325
0.7271305659053264,0.806821287175252,0.7918428141098037,0.7320538371399077,0.7147019891721126,0.6653256470040423,0.3795165235762099,146.56068420410156,55.266883850097656,1.1989279985427856
0.8031523388832771,0.5833323951317707,0.5079929140393673,0.8288345499238602,0.5823751344556408,0.8858285217983118,0.903611847402613,149.4441375732422,43.118751525878906,-6.272576332092285
0.636903052820099,0.7373710146454566,0.7845521835672669,0.6819588269696067,0.6322924576729863,0.9352784171242898,0.3533584461157554,158.59921264648438,125.370361328125,-2.7421956062316895
0.6819957928516701,0.498778663679245,0.8160196461818752,0.8054396785067213,0.556134901998878,0.9533509596586244,0.5463843660162264,162.106689453125,124.89483642578125,-2.394195556640625
0.5357043151775063,0.4633996285584324,0.9550175131142372,0.9293113999447508,0.7729602855004433,0.7387199325369078,0.4076868368890854,156.4654998779297,91.95591735839844,5.206412315368652
0.8614532332874892,0.6576058635901758,0.707507895861919,0.7167207935795068,0.191233044079023,0.7089522669881426,0.6416901312886414,150.01133728027344,35.461082458496094,1.9071544408798218
0.5225138943926739,0.5819391313270513,0.7868359870579561,0.8201844633046078,0.5563238272604938,0.9962605539588538,0.4736527953675955,168.83078002929688,171.7621307373047,-7.4369940757751465
0.8737707027079259,0.7500271199583386,0.7377474717467201,0.9963127540897644,0.1593446441797589,0.8989268769027361,0.9635803039446332,141.19712829589844,59.44378662109375,0.7894505262374878
0.8849113819819923,0.4953180739192473,0.7657086586927389,0.8354667002271455,0.4080992973022754,0.8009733710371479,0.6962664223487283,155.39739990234375,43.35974884033203,1.0272666215896606
0.8558476863328466,0.7806229606983577,0.5365509223579445,0.8329414981118011,0.6644336331977807,0.6816580571657479,0.9265943412324296,140.13412475585938,-83.01377868652344,-1.9465872049331665
0.4447260477966688,0.8472917084174916,0.9461455812988342,0.8530434675039769,0.4937827374655134,0.7097510194858296,0.5048335314309554,139.90647888183594,53.243019104003906,0.2108466923236847
0.5881652335380938,0.4622748356480277,0.9526245767738772,0.729117104861876,0.3804828023931676,0.7916893907972788,0.3332624381644734,162.05767822265625,91.14405059814453,4.01179838180542
0.6985271901375709,0.3835185062051632,0.773803623322846,0.7162053569238824,0.8850590369150813,0.8029708946813991,0.8435072602579784,148.5776824951172,49.37495040893555,-3.233290910720825
0.7704454659060862,0.6373604515636591,0.7779963500883826,0.8924567299551005,0.7730927661618908,0.5798603512600534,0.7936332971047169,149.33995056152344,-47.621307373046875,-1.050949215888977
0.9534417648391172,0.8518861636791932,0.5317402704170616,0.7988484576516474,0.5269491825271425,0.9791766217799333,0.6868536719165093,139.99008178710938,38.81972885131836,-3.4521186351776123
0.6460998225984643,0.7728306660620365,0.7984247677332097,0.7636573448344013,0.9500388791486284,0.8171256019310059,0.870519486495333,120.63127136230469,3.9151923656463623,-8.208024024963379
0.928453287875189,0.8056101662945003,0.7151226531551942,0.6777191698131594,0.4251854819700362,0.8228477233597171,0.887359122387977,153.51434326171875,-20.6781063079834,-0.9284466505050659
0.5261423914470339,0.6137882832242492,0.85324918460706,0.9485363174830116,0.7883157760543443,0.6633751747716382,0.7157198613532764,139.52651977539062,15.930870056152344,-1.3422138690948486
0.6436543417202301,0.506092163973425,0.5265925164385119,0.6780307385877,0.1691634839772418,0.8970887749920735,0.97301056299181,155.0222930908203,70.48627471923828,-1.7048412561416626
0.4633035270845585,0.6964970226632206,0.8541592239087896,0.9166006291942932,0.286832638056804,0.8853833105658302,0.8054313451714006,143.49710083007812,111.48265075683594,-4.52518892288208
0.85352308722292,0.4864766008173967,0.6449183935508174,0.79426815206028,0.3390427329880941,0.6142637394276724,0.7762759544582505,148.1387939453125,14.550498962402344,2.7313232421875
0.5189189785185483,0.8212276278938805,0.8249527524635245,0.8663055100677812,0.1071465980761823,0.8253119381978566,0.5615722055467883,150.62765502929688,80.07122802734375,0.004846577532589436
0.5790553837733632,0.4817303313284052,0.812822848759871,0.7496192771527452,0.5025020812655243,0.8519968972772074,0.3171188453186266,170.91998291015625,120.68729400634766,0.6860159039497375
0.8720354015351677,0.542217382632099,0.6152825838439345,0.7189431794297814,0.1934487669160146,0.9268905102385216,0.4795718106003053,147.1297149658203,58.01765060424805,1.1101062297821045
0.736055589249952,0.680310534809446,0.7206994735091308,0.8445978865559098,0.6346730159002313,0.66110357194274,0.8355205370112719,151.36224365234375,-20.392791748046875,-1.8595682382583618
0.441644765624723,0.6675873978562175,0.9157211249263538,0.8985279231088263,0.1912844334554637,0.9446524917005672,0.7987335809757059,135.04981994628906,129.70907592773438,-3.627570390701294
0.4350087767801749,0.7408025813253281,0.8021956631174609,0.7322715092018046,0.1248040290052059,0.7689380093323925,0.5408816232483112,151.5508575439453,62.1418342590332,-0.5402871966362
0.7224551022040728,0.6359859604402764,0.5372587150389233,0.8123425067680352,0.9690422374644708,0.614840362315079,0.7413653638300866,131.9768829345703,-39.99704360961914,-2.160268545150757
0.6061564728513184,0.9451851259036804,0.7219117485963655,0.8151003546358361,0.6586892486406658,0.6186816843215183,0.4484980111287961,139.91732788085938,26.2997989654541,0.32360604405403137
0.535686985371676,0.894164391498282,0.6571954982402579,0.7390816241334746,0.93645823017564,0.6576046302078653,0.4950116868273093,125.56703186035156,33.507728576660156,-1.7858421802520752
0.7806500684582546,0.9192961404972128,0.8199883177258964,0.8551231046298113,0.4906039750870173,0.6934718731373857,0.9604057019740512,148.84500122070312,-35.701114654541016,-2.530402660369873
0.5628952268764728,0.759191263621153,0.8066234890910537,0.7157970676130406,0.0348432641456407,0.7836844382774735,0.5968002224837171,148.85745239257812,58.18292236328125,1.3917354345321655
0.7685587108946835,0.7627137076069056,0.5084678452348587,0.8367396283070279,0.5749532458729911,0.8902333827774824,0.4823248608748039,154.96348571777344,91.36576080322266,-5.268824577331543
0.6481690490826362,0.7461582765551251,0.803233920211692,0.7049917007052832,0.5589364275584664,0.6529268828952266,0.6471168128169865,155.03488159179688,23.832162857055664,-0.9602863192558289
0.5393249849181394,0.6343435524726219,0.8659844488673415,0.8286925707111348,0.0164456575364543,0.9932166423840468,0.5789920313582202,145.16598510742188,109.76148986816406,-0.4425809383392334
0.5118247579631325,0.5620015730009668,0.882704404508159,0.770868560814628,0.8613687453056307,0.6422848957668033,0.8121130444082021,137.999755859375,12.218522071838379,-1.913776159286499
0.567657942291743,0.7351279670177373,0.5324409089007013,0.8176239386433752,0.6204803720770378,0.8271628436712459,0.9704162569523314,157.36404418945312,55.25080108642578,-11.027361869812012
0.4506111208322733,0.3717629368762902,0.6531917148369637,0.811475001121674,0.7450028813969832,0.9663155053110372,0.7183294344128774,169.27352905273438,216.7142333984375,-15.44756031036377
0.607949501106777,0.3601683984815699,0.711234749564908,0.9691079661006164,0.4946308868286778,0.9255981551118746,0.7179277074551071,157.01943969726562,143.06883239746094,-5.9834394454956055
0.9436793630060144,0.9016743612044362,0.5920536644066983,0.830152999752592,0.618914618773912,0.847645962881491,0.5638945231085514,135.6630859375,15.177801132202148,-1.5768282413482666
0.9037687445895406,0.3851643236803802,0.7109684130296022,0.9393773380377624,0.2585550130210742,0.8761906211425079,0.6998802366281502,143.5898895263672,65.32402038574219,1.9439780712127686
0.6440632533638376,0.692017306006354,0.5384387881585332,0.7422973017336268,0.9737058628948416,0.6307510078902527,0.5329229540517679,132.4925994873047,29.940349578857422,-0.9799897074699402
0.7593016771195373,0.7498717036562816,0.5592090775939768,0.7843265752480486,0.4015777342497713,0.5781648301919619,0.3163249001656765,136.70289611816406,55.82353591918945,1.484555959701538
0.754511299399341,0.4825031380201411,0.8333370317781018,0.6922456216156081,0.1635627701379606,0.7573973731840193,0.9050632516661652,150.8054962158203,47.46520233154297,2.7822670936584473
0.902284893154212,0.9299554272077656,0.6329158090459459,0.807152889444775,0.0573204827281129,0.6118827389065363,0.6078694805432177,137.73744201660156,42.579307556152344,2.9472975730895996
0.5673354002180595,0.477323104561757,0.8544149380430734,0.8895796330270875,0.63665590691996,0.7251402482980951,0.6505064583014903,153.60055541992188,66.14447021484375,0.47422274947166443
0.6013124049525835,0.9227609765865864,0.5270779283523424,0.9459156169152908,0.9833126723512612,0.6685566935765953,0.3724139352889807,124.49539947509766,51.296607971191406,-2.8816184997558594
0.6043642181764882,0.8448084796195723,0.7810301577415744,0.8554108114447673,0.8958663497034938,0.9609980043164996,0.8853350568476313,114.47806549072266,83.80061340332031,-14.088010787963867
0.4568515611870503,0.5098109337676183,0.6965161726910274,0.8800630837073911,0.7024838808425882,0.9456748069314856,0.4315162849791462,178.43035888671875,205.68124389648438,-10.473488807678223
0.6116588099975179,0.4520808661442523,0.8966415061692408,0.7262125656029285,0.9905192922988224,0.9198707231174734,0.5950582362078966,140.41006469726562,143.12380981445312,-2.2911810874938965
0.9300874537397033,0.5582341280153059,0.8902162333589917,0.6796520575861762,0.7231746789152811,0.8755367071745895,0.8874824331642367,146.39041137695312,-2.114516019821167,-3.0592026710510254
0.949351653536131,0.6106523605495189,0.6886749459729699,0.9304646343275758,0.3402064248914777,0.6391392472162898,0.6271574476434045,151.1639404296875,24.761882781982422,0.24730272591114044
0.4957291386022723,0.5130449663270465,0.8106455473421014,0.7228121810712091,0.6017575920345001,0.5945071536131259,0.9493417215375604,152.0089569091797,6.085269927978516,-1.7888683080673218
0.6927156818047562,0.9961282610283236,0.615631677708427,0.6975911494255339,0.0811338457623755,0.8501788028010411,0.4580449360755779,148.1511688232422,44.02382278442383,1.881213903427124
0.6493466782482791,0.5026968147288744,0.7897669689153994,0.9789576039526456,0.2228244184037415,0.8452683328807827,0.8023827719297233,142.98150634765625,88.48262786865234,0.11253464221954346
0.7104120002555419,0.8881993408398641,0.5434404853688607,0.987587171762031,0.418371262451463,0.7300684529825048,0.9812261341074028,149.7255096435547,-11.627238273620605,-2.8766090869903564
0.7473644911270376,0.4574521317073228,0.7178134572747433,0.8721461347633215,0.2029919535556545,0.7736693986207878,0.6896591782855342,147.0022735595703,66.43836975097656,2.4659159183502197
0.4451986777144819,0.9841671203696992,0.5935124364798404,0.7931540835523642,0.953481265221224,0.7806205286129362,0.7866952279675046,123.05729675292969,32.72633743286133,-13.16906452178955
0.9099199930007866,0.5000483301111865,0.9392847092913909,0.9442775697816544,0.995510953763864,0.6753907030396225,0.5832192070156274,150.69654846191406,-11.262846946716309,2.864504337310791
0.9842213924659976,0.6258791844214754,0.7228947933530881,0.7353387303448274,0.3718409256389965,0.7067367541520865,0.8269561925636469,155.90953063964844,-8.867047309875488,0.4347495436668396
0.8031577734594689,0.7136785071062828,0.7948830368141591,0.8100265924500949,0.7095969902377842,0.7507432818670441,0.93417869833252,143.783203125,-37.1265983581543,-4.001148223876953
0.8071421470580713,0.4325431757305661,0.6811847154691356,0.7859669531227172,0.4086172651528537,0.8287677834682128,0.7940946936420996,152.92990112304688,50.6754150390625,0.30209141969680786
0.7322467995399791,0.8793378103155269,0.6458299917747988,0.9706926165724729,0.1407815732131759,0.9776646508264002,0.9525926144370506,151.61480712890625,112.20550537109375,-2.628716230392456
0.6227318083712117,0.5315835314874326,0.6034772319616033,0.9730453656826856,0.3378858387126965,0.801451563749918,0.7162298792095743,155.59898376464844,89.52216339111328,-3.6107230186462402
0.5179720286150674,0.7077167291762002,0.9533447126347268,0.8836577359312201,0.2344950716220096,0.8828074219938133,0.7083924057556684,138.4867401123047,93.92131042480469,-0.6977912187576294
0.7639544813073333,0.7079501600601958,0.8978724870688657,0.7040970078919385,0.3290512575967231,0.9148285052681308,0.522916846450258,155.03121948242188,74.67012023925781,0.16458788514137268
0.4591533990889367,0.741951602140873,0.5691007166352645,0.827579056402275,0.2161741898361811,0.6220118059372975,0.7985676710245636,152.27224731445312,35.29963684082031,0.20654311776161194
0.8998905852934127,0.3909771410063892,0.8718448671824469,0.7488381878871144,0.1136606077482691,0.849856557485051,0.91585538630984,139.99400329589844,56.779876708984375,4.87722110748291
0.6717141293457193,0.4635465940913768,0.7098811867995498,0.9614562692508966,0.2185771103762414,0.7776485597785833,0.7554768118369402,145.17355346679688,75.2734603881836,1.1080929040908813
0.6682329036685793,0.4587828250241902,0.5109346297238533,0.7132929088352777,0.9058130703079228,0.8157848783978447,0.4741925689618867,157.31349182128906,135.73338317871094,-4.568862438201904
0.6187162679966788,0.5491373819701092,0.7640854849273544,0.6853380213393384,0.0865802198150279,0.5903057127277401,0.6859126948792598,144.000244140625,51.48020553588867,3.1077802181243896
0.9817845617659764,0.4483411842193841,0.5675142610943835,0.9014570774485352,0.325734953565671,0.956720352035086,0.83008709320015,136.95155334472656,53.36945724487305,-0.4829801023006439
0.5326371236366579,0.9467554127694956,0.6069389002326887,0.8179695937923099,0.5291048646912493,0.9763831451243248,0.9549302713350428,158.77987670898438,123.7130355834961,-14.887384414672852
0.5192893292954357,0.6844220436440466,0.8468323718121229,0.9459813893757804,0.3554437317394083,0.5755549434934036,0.4221638830879696,153.42303466796875,54.74840545654297,2.195850133895874
0.527330910917857,0.7553801145766886,0.6302358965729721,0.6920927870465312,0.5182792769053444,0.6639327178873593,0.4023585747456658,153.1842803955078,59.60367965698242,-0.8070327639579773
0.8060539561308816,0.5846976045724953,0.9434829207491062,0.9335854841081012,0.0448449595325949,0.6501689615074667,0.5966388866816702,147.3394317626953,81.7844467163086,2.114797353744507
0.9945287143756176,0.5325845897073465,0.8276494458757129,0.6796948461995596,0.6490339272748408,0.9039785191213932,0.4010749804608119,158.99761962890625,77.69522094726562,1.809591293334961
0.5668746660727855,0.678150369669948,0.9140680124852568,0.6766149672678274,0.5640781673811621,0.8266148218084819,0.9828803033563218,143.03102111816406,41.91169357299805,-6.458413600921631
0.9457501320500123,0.5441800441534907,0.8069322210226844,0.8206389001956855,0.6813791338349418,0.6489611551703437,0.6043712899007597,161.9690399169922,15.724177360534668,0.1914963722229004
0.5912653299297121,0.5758184403765289,0.9321133738628192,0.7408475396667052,0.5678511829015662,0.9177714180062312,0.6787671496633201,147.46041870117188,102.9892349243164,-2.911461591720581
0.8000454961061401,0.6458042285178474,0.6818276540925745,0.864653630399612,0.4387022844767564,0.7233340597250676,0.4701419054196366,156.7688446044922,56.73805618286133,0.23916617035865784
0.4566417890994398,0.6797902572844402,0.7743370802041418,0.6758659963244428,0.3510795564959829,0.7686744524601616,0.6212654524634211,159.2091064453125,64.8851089477539,-2.9227957725524902
0.7139708521457694,0.986777443967984,0.7579281290315667,0.6790481996474428,0.2275695739162259,0.737618986625041,0.9857831592331968,162.09375,3.490675687789917,0.36085036396980286
0.8038165117861089,0.4986365735219155,0.9493568036743724,0.9090097111159536,0.5007677504240252,0.7942294937508558,0.6481914454696172,155.08966064453125,50.34293746948242,1.9042896032333374
0.7369619043641411,0.6683996264254373,0.5847220856289467,0.7371488798793132,0.0275049207568824,0.7768174960163761,0.3215873463310498,134.2287139892578,48.693397521972656,1.8112428188323975
0.5682090505143975,0.4512903212500855,0.7886091826621625,0.8854964725212692,0.3292136071676093,0.690023608805038,0.4806504941813538,156.68844604492188,79.30960083007812,2.478375196456909
0.902148871283788,0.5798937935307094,0.8756479325569175,0.916580363395706,0.6782900728701502,0.7533469839925218,0.981536705331755,142.7222900390625,-49.990333557128906,-2.744530200958252
0.9822270297490358,0.8155071564871761,0.6859558210499839,0.6870071163553764,0.1100382875353514,0.957616086035845,0.988759900533806,148.7823944091797,20.81646156311035,3.912649631500244
0.6933588159225192,0.4672948538649308,0.9314875835071784,0.9231730486943948,0.0642852333543452,0.7864240362516571,0.4588472406360058,143.26968383789062,73.8892822265625,4.6372833251953125
0.7932720440820952,0.7282954701957542,0.6874190508073972,0.7565149473426603,0.6526371703737313,0.961014761979044,0.7343421319726181,148.69664001464844,71.6319808959961,-6.257411003112793
0.8806176628289858,0.6226799133740153,0.5888642017374426,0.7967804591775238,0.3986371231480758,0.8063674034884982,0.3679268957655102,149.80783081054688,66.07108306884766,0.24998123943805695
0.5702747136578928,0.3884713387101479,0.7915640574588612,0.6960851268831215,0.8020460551233943,0.8987059816627609,0.7085994514570368,156.5930938720703,132.86436462402344,-5.663180828094482
0.9224757114525064,0.9539101380297532,0.7108865606174617,0.9460695151914632,0.9373172536694188,0.698049150591178,0.4012856538827602,118.9150390625,-9.53208065032959,0.03433743864297867
0.5921610649598487,0.6206927642531165,0.5108326972290995,0.8536867871354907,0.9570150856732142,0.907824642170874,0.8727783211769379,143.94505310058594,120.41529846191406,-18.330081939697266
0.8723732365895316,0.8582381280965856,0.5378017080473873,0.8350495883294958,0.4264110978117463,0.6856904732801626,0.9550743398475794,146.56533813476562,-58.93022537231445,1.0575892925262451
0.4971221357429849,0.6224313276654216,0.5997056099583412,0.9892604410962008,0.2654014588427693,0.582339428551179,0.4333197471724982,148.9876251220703,64.1500244140625,0.04274710640311241
0.596789034885792,0.9566588191123352,0.8830004683435015,0.7784834395097749,0.6091414580428801,0.6419500685823466,0.6305123748584192,138.85946655273438,7.930131435394287,-1.1752684116363525
0.7354355054280363,0.5417087531732014,0.9435575942532156,0.9634055142408384,0.6286895655195317,0.5832273470250361,0.3850340320325403,168.6488494873047,54.36179733276367,3.770718812942505
0.7305180455465934,0.6198123748848509,0.7726099779845161,0.9065295779465584,0.6228508586788791,0.9739673268811392,0.5464067957214869,157.90756225585938,123.55242919921875,-4.8830037117004395
0.914549737305122,0.8421618224286608,0.5554329066893913,0.9759543687382016,0.3227616508096875,0.9963096058800084,0.3598883917794099,154.58912658691406,99.14765167236328,-4.265507698059082
0.996921307712282,0.5758321607862007,0.7670719632689924,0.9690643944662334,0.0651443615166498,0.8959247101408574,0.4956370456536593,142.11785888671875,66.8506851196289,1.8012949228286743
0.4943584093809085,0.5891036842438925,0.9255773998401784,0.9967318060715076,0.2111653039360921,0.6197402019595593,0.9895468008640244,128.21612548828125,40.56493377685547,2.824859857559204
0.5871786251897069,0.9935185860461542,0.8732033498019434,0.7110569682363269,0.1556681285830527,0.9536505902026224,0.3459394512255345,148.49130249023438,80.88594818115234,-0.02958410605788231
0.6359188506917286,0.7117865126575609,0.6469932338958183,0.9319034739651924,0.1251974918791348,0.888132759759754,0.9002119050685097,151.68661499023438,104.042724609375,-1.8299375772476196
0.7045091358046296,0.7975911807436735,0.5644763606145161,0.9347218041679076,0.926306776424898,0.7143698696650715,0.3682973208635343,137.8067626953125,66.64239501953125,-2.2729525566101074
0.7129847234309878,0.7681367625354963,0.9478225090898594,0.8814928186395767,0.0153194880806144,0.7861638449030375,0.6756270533689687,142.1082763671875,78.115478515625,2.9060778617858887
0.9178084369169728,0.8864605648578574,0.924828901995842,0.7599854314472742,0.6023961829093643,0.8535024150841003,0.6233030008292655,140.03201293945312,26.75722312927246,-1.599340796470642
0.8693929105989311,0.9082064608611476,0.5298449006370656,0.988128004839158,0.9474636136506872,0.584239696861626,0.9496155513323437,111.47652435302734,-190.55123901367188,-4.303963661193848
0.4444031057773337,0.7166882506658965,0.9098194762326826,0.7352397255263,0.360975408193821,0.7858526581598498,0.4510587609080103,151.9872589111328,76.79967498779297,-0.45394212007522583
0.6909987898018104,0.5443295671278527,0.5513107904240401,0.8333575524357687,0.5277552051966533,0.8833274138585715,0.4378766334728544,167.58334350585938,124.5984878540039,-5.146903038024902
0.7831828508028535,0.370010748263078,0.5345668378848136,0.8406416729343111,0.696173010539889,0.653560010889416,0.8251707575990279,144.96737670898438,-0.5081160068511963,0.232731893658638
0.6940369672841111,0.7494967662632538,0.8777056795805309,0.7210805982544793,0.3181600478782768,0.7614684697090809,0.8095201820397311,155.56787109375,39.40283966064453,-0.8647535443305969
0.5076074223785738,0.8848855943355267,0.768005501637418,0.9074739923911156,0.4783875937338809,0.7989373764038102,0.7914581135342977,147.6245880126953,57.9111442565918,-5.6612935066223145
0.6584633040034451,0.6443859299730402,0.7079156995262925,0.6968257718423884,0.8172996171335087,0.8846658715124669,0.3333642289952819,158.29112243652344,142.32412719726562,-2.197660446166992
0.6664811014626888,0.4610368281101889,0.9493920829286232,0.8976902270968725,0.7456663224902341,0.98131043709639,0.4925151536468722,151.00741577148438,140.2245635986328,0.21101918816566467
0.539873222793253,0.5401767936688151,0.9175324231956504,0.9493890004435988,0.808659914633077,0.932256002387016,0.8872303527888289,116.53758239746094,104.07478332519531,-8.881406784057617
0.8613352113914303,0.68251979881308,0.5317735498650835,0.7834335450977238,0.9872666982616674,0.8365113077535559,0.7245371554221482,125.5670394897461,4.775954246520996,-5.896111488342285
0.6154540067663623,0.8920778221995682,0.807375237460392,0.9031164938231064,0.3712334462903037,0.8205180148332525,0.7254470066043517,149.40066528320312,58.860557556152344,-2.519221544265747
0.7667383128141881,0.465557156894321,0.8844500958411234,0.7194000520766568,0.7473991650839656,0.8287710191196114,0.5169881209585115,160.5960693359375,88.5013427734375,1.912240743637085
0.7253212517260192,0.7480513299902609,0.7750033061874442,0.9485025772468516,0.6033215395423239,0.8042780158452348,0.4926603990197095,155.30581665039062,62.28057861328125,-1.789921522140503
0.929812291712712,0.8386366318329057,0.9884492770611624,0.9837676608883836,0.6670404324297293,0.5991498142502669,0.9598249937131174,146.34915161132812,-99.74415588378906,-5.771193504333496
0.5027281326418137,0.9558167177140018,0.8419006041692858,0.7180436325918473,0.7401932637075084,0.8689296214871034,0.8109057904141883,125.07618713378906,54.6400260925293,-9.517282485961914
0.4983454604972214,0.4302454730182047,0.5547309281710082,0.8972785772598838,0.7500350283122295,0.8765469040685967,0.4019291223286704,183.09750366210938,207.2111053466797,-10.607688903808594
0.6035355250538925,0.94962291245709,0.6011963894579764,0.8354371415820053,0.8858329543361367,0.7904716720183793,0.95380291234154,124.7798843383789,-26.55869483947754,-11.409773826599121
0.6775392446085753,0.7411991016400795,0.9110883287232406,0.8439700360942671,0.3502609908826699,0.9415924770729184,0.7119538893015224,145.16766357421875,90.9379653930664,-1.8776648044586182
0.602530632443851,0.8471891188636427,0.995235476955408,0.9021421112255316,0.6539378532270951,0.8580108082724673,0.542474423235589,128.52853393554688,66.36372375488281,-0.7132811546325684
0.865224909651743,0.3898794358328079,0.5518667815093277,0.8297557123110277,0.2813393264078774,0.7272143049365924,0.5858823246278945,136.83250427246094,49.414817810058594,2.911611318588257
0.5724099771406431,0.6800561196670132,0.55284887101189,0.8668502239154796,0.5951187192938363,0.5824003916017833,0.8093058123631095,149.29287719726562,-10.435297012329102,-1.843469262123108
0.4816738050179907,0.7547736368918573,0.8800676464894049,0.7440421032665163,0.7514765596344337,0.5990648464029084,0.5716799846145952,140.52252197265625,30.861011505126953,0.08790981769561768
0.6676933105197543,0.5522051865665756,0.535095202477005,0.7931106428480666,0.7912392865127235,0.7226261369808367,0.7094864048405599,150.30300903320312,40.94074249267578,-4.216780185699463
0.8709872337475086,0.6322691251890518,0.5371707803489983,0.9549156025675614,0.4209514272851861,0.7692015907265681,0.7991611746534655,144.78944396972656,11.635793685913086,-1.3203585147857666
0.9146236640226364,0.7109421089744081,0.9419670285125114,0.7038185549085197,0.5094065119753163,0.6445435076638119,0.4485575774415004,165.8607940673828,68.87110900878906,-1.8252121210098267
0.8483531324755906,0.7098194393469537,0.8983581054977026,0.8659356650812806,0.3348137265590666,0.6540257079568366,0.9582504481704492,158.16448974609375,4.461019992828369,-0.9255854487419128
0.7491550917890066,0.3822376781125662,0.9383875356583284,0.7285462199262138,0.1702618444224604,0.6712879453206462,0.5579996212686242,152.55465698242188,79.70669555664062,3.742034912109375
0.8431782568288828,0.6372927084431697,0.8243645362282073,0.9486989093019336,0.2615976874101389,0.9036444565568624,0.6010161028087885,152.25917053222656,73.09571838378906,0.3203532099723816
0.8189793776782743,0.4925399182454113,0.6625080040308539,0.8597753004598181,0.9121829159040088,0.8997491322629187,0.7910038665291472,140.15786743164062,57.482154846191406,-6.80611515045166
0.5662479367021536,0.9434030193309386,0.9506016478401222,0.8012692047257208,0.3099729124284738,0.7357748265831388,0.7299324015716464,142.62106323242188,44.637210845947266,-0.7407420873641968
0.745125285507543,0.981816426080985,0.650756347186046,0.7503328959012598,0.9747058388012598,0.646862952724559,0.6151356013638833,110.3143081665039,-52.155311584472656,-0.9967262148857117
0.869421195764736,0.547595094051488,0.6393008944924876,0.812503985282537,0.2425885901649571,0.6209141074642385,0.7578084865555124,144.6682891845703,22.117694854736328,2.9742770195007324
0.613034231006973,0.4677587875932752,0.94077470181099,0.9856228295096796,0.723417118896747,0.610873761182918,0.9300638458395656,135.1867218017578,-31.168731689453125,0.6578195691108704
0.8034790904437751,0.4961872223106723,0.8393221117341234,0.836560154745853,0.5744861117141169,0.7392963748577966,0.8602699657974441,153.67515563964844,12.319574356079102,-0.31327515840530396
0.7059576140117731,0.6618414604037408,0.9453502657036226,0.8233561108449927,0.6972576720765499,0.5933143440061968,0.8765880775346293,149.18995666503906,-30.805767059326172,-1.910642385482788
0.718213852240674,0.9163404160611436,0.58027362068274,0.915367542635054,0.6444295610422726,0.714956995984654,0.4914593240308791,143.38302612304688,29.117843627929688,-2.1552176475524902
0.4846591029932168,0.6761355918367999,0.9732945430323516,0.7932903127984235,0.7071205251119986,0.9800773144875612,0.6010355632216609,131.06680297851562,143.9730682373047,-5.667487621307373
0.8104014392580159,0.3909168925770285,0.8057244389907321,0.8093722444668985,0.9056034202380407,0.7883707398495747,0.6925215251248813,151.24293518066406,46.185760498046875,0.541928231716156
0.9231748729502958,0.3809702149143006,0.8330114607912718,0.7792952244301204,0.5640688766589846,0.9214337544944984,0.3456587311108523,169.21066284179688,103.71183013916016,3.4877922534942627
0.5137054755044582,0.5012462370353448,0.9544249822619862,0.7174539221144225,0.0692349044129838,0.6286653039682683,0.839516910461502,137.33309936523438,67.09481811523438,3.5001533031463623
0.6407286727116086,0.8959843136912,0.6912378537293378,0.9045753320209348,0.2718893538529324,0.687276880035208,0.535737013408936,152.81845092773438,47.24498748779297,0.2728666365146637
0.4612599809134391,0.7540365316717101,0.8584464095160306,0.9575054206242166,0.7085885878372519,0.9737493705245543,0.5079219149899169,145.0438995361328,161.94143676757812,-8.890408515930176
0.4504979221493745,0.7164969186588162,0.819344272135806,0.9683299221908328,0.4947841649485969,0.7360336190053182,0.4920607196458416,154.8189697265625,73.22122192382812,-1.7758543491363525
0.993264091783941,0.55998971173652,0.8920920940416824,0.9600890755401644,0.5491750430540709,0.8478642272318953,0.5084549673155906,159.994384765625,44.43180465698242,0.5625014901161194
0.712736960455246,0.9515689364370296,0.945977359252743,0.8174701931560463,0.5971272761348524,0.9862392099091404,0.545640980130799,127.4972152709961,94.59686279296875,-2.397103786468506
0.6347433469697585,0.5678209986794784,0.8389461947432151,0.761715807994692,0.3835157166483362,0.8066463774524829,0.7272367881296691,155.62655639648438,67.60565185546875,-0.6309770941734314
0.5891511545355496,0.890963741114249,0.5367164835200675,0.8793487179782264,0.774160878550926,0.7030123655829577,0.7127673449429588,140.12051391601562,3.6866912841796875,-6.171967506408691
0.9878106575392196,0.9300661932712068,0.5937160861823567,0.9846563175218894,0.7238801790887527,0.798691773865957,0.4896239290292264,129.41885375976562,-2.2852461338043213,-2.6874594688415527
0.5763590243816792,0.6654225418696273,0.974124305732571,0.908977183492542,0.714659367635066,0.5971544684728988,0.4560779284685629,149.1714630126953,38.5567626953125,3.7736752033233643
0.8440357436709254,0.9290307273762216,0.9813650765850672,0.8317862161740784,0.715668525008656,0.621531198632161,0.8780168197144507,139.3536834716797,-68.99362182617188,-5.009372234344482
0.59417217865048,0.5329419733772496,0.9807545386891549,0.8962643663891169,0.8904384843226736,0.5771126433415221,0.3786908924520331,154.14315795898438,58.767616271972656,7.62326192855835
0.4735974209804474,0.7777400911436078,0.5214968775813097,0.9240985201808952,0.5959414854968667,0.947428787236374,0.6646186580906044,174.963134765625,180.69984436035156,-17.921354293823242
0.8200462676430029,0.4118101261370782,0.6920744310448017,0.9728764399765264,0.9670309071943044,0.8575225472730658,0.66988531150065,145.09561157226562,65.39167022705078,-4.1345624923706055
0.4346670939620947,0.6593923631780938,0.8782346159055325,0.920999553925494,0.1204973033577962,0.7000498902228401,0.7063501170483535,138.0026397705078,67.715576171875,1.9152826070785522
0.8157901360303303,0.4947937608387722,0.8748852828177036,0.8112892379054174,0.6324496380126208,0.6674667481248618,0.9183720396859044,156.1168975830078,-16.04690170288086,-0.6529222130775452
0.5752994234979685,0.3956451875195252,0.5457324019759431,0.7582386974073297,0.7172823311049099,0.8625032988013154,0.7402293870311403,164.85198974609375,133.70443725585938,-9.532759666442871
0.855566851079864,0.3577751833765825,0.8041189515043934,0.8334593712506385,0.4779567020594784,0.962342965944913,0.9782553967087828,139.5852813720703,69.68782043457031,-1.2601431608200073
0.8689354531330864,0.5636989338668739,0.573842495458294,0.7763798831036546,0.2892447124247554,0.7003916155911621,0.9086412055849578,144.96115112304688,-6.335211753845215,3.1334176063537598
0.8431305043797621,0.7335421052370971,0.7467350296186068,0.980686995780958,0.5506581551324621,0.7098581220255965,0.4617379456638717,157.06448364257812,34.99284744262695,-0.7632631659507751
0.4475871679322772,0.6473946962373787,0.6216212003320026,0.8361467957462403,0.3656625089274516,0.9347747063150784,0.4797355922946711,178.84658813476562,155.72146606445312,-10.328741073608398
0.8316136538895209,0.5489565170705757,0.5295714063706789,0.8242093938924722,0.909174764758134,0.9512988938647357,0.550241491686736,148.14553833007812,124.70926666259766,-7.830557823181152
0.9935394912715606,0.9911945072902631,0.5428259458114055,0.7830345601657448,0.357719869243142,0.9600225768185692,0.5820538206108024,135.1893310546875,30.2535457611084,0.7553521394729614
0.570917143233923,0.9580473860418496,0.9528617576011102,0.8798417918578555,0.1769219017009406,0.6978645911698149,0.6919606804192162,142.37330627441406,53.25849533081055,1.0552974939346313
0.5887901660135144,0.4359862380230369,0.8708189247474797,0.8401643584006473,0.576968012312005,0.6248848782784813,0.4738341632892968,162.50772094726562,76.02188873291016,4.220097541809082
0.8936851205263334,0.6216576945243364,0.9631912150520436,0.7101833986824595,0.3968578223122432,0.7598669334218335,0.4669140009324301,164.23843383789062,71.44983673095703,0.3332494795322418
0.5244279293603722,0.771590798921985,0.7352762630675161,0.9562345060205724,0.0972397411719823,0.698966900819736,0.5751629208415292,148.73831176757812,65.66250610351562,0.9459441900253296
0.8072164570431414,0.8258859301706363,0.7072960982825571,0.7866303284433666,0.5654395523450059,0.9472838025507342,0.7729734113895035,146.7278594970703,53.93309783935547,-5.111802101135254
0.8606111265671395,0.5903962673393849,0.6802102668934282,0.8110857488934006,0.5384864654642054,0.5895532933011048,0.783933081120694,154.85569763183594,-18.22549819946289,0.3732356131076813
0.4547544341885191,0.8340907759842164,0.8074837353920499,0.7356535740225186,0.1744159798193872,0.841730992166872,0.9799453562126754,153.61947631835938,82.63483428955078,-3.7496140003204346
0.7468231931089451,0.4350219443619036,0.6768308277591056,0.8512498819818679,0.5981833107156763,0.9567058394959972,0.4533494334037204,170.23805236816406,141.98159790039062,-3.637908935546875
0.7593263496551261,0.5682279243557252,0.871621981850637,0.9006678979456524,0.5679521803550729,0.986468731395155,0.5829690742084636,152.3492431640625,110.9691390991211,-2.193991184234619
0.6053012913622987,0.814944253192323,0.8987862233216578,0.9602095424271404,0.7738784255791417,0.848592358411415,0.9721595890142812,110.25968933105469,8.317228317260742,-8.704874038696289
0.9292003342681804,0.7567320699874427,0.9355654052575192,0.6844395920795566,0.3624898027929497,0.9751750507637637,0.7852147751614122,146.2109832763672,48.83519744873047,-1.1044931411743164
0.5257581864983987,0.8924171486403893,0.6231585650216153,0.9908484926185656,0.2498584701666508,0.6060307944317068,0.7186977176811515,150.7235107421875,26.18902587890625,0.15124285221099854
0.6396482854895004,0.3854420590100047,0.7634215940885276,0.9012538657324471,0.9512037583920958,0.725784487059527,0.6828750485302835,148.5842742919922,61.66973114013672,-0.5042456984519958
0.913553281666244,0.4672496788769101,0.6136062306477776,0.761793095407216,0.5618204781280174,0.5777644013365528,0.3669754239780565,147.00592041015625,66.27671813964844,2.342080593109131
0.5415279545959308,0.3864924779057887,0.5218701720937939,0.735257217043022,0.028590700971981,0.9883744471032414,0.923628932963226,148.17562866210938,136.35609436035156,-4.689797401428223
0.8981218773330355,0.4786178486681037,0.8526479410936123,0.7657121919518539,0.8209027223036971,0.9552470668334776,0.7413124394819128,142.23251342773438,59.03887176513672,-2.2153115272521973
0.4784480737251441,0.358132667240407,0.7742584642503202,0.9584012658695686,0.1979395537666957,0.5859295135668655,0.7046693968872232,133.34432983398438,65.37043762207031,4.9426045417785645
0.7103384295301731,0.6788130758030286,0.8605942606661585,0.7641505198690908,0.7862823989962648,0.5817409865740045,0.6827758768215367,150.64181518554688,-5.1053266525268555,-0.42460623383522034
0.4763344454133175,0.6942747393740982,0.5465782636003219,0.8211393347880345,0.7055368865114029,0.7290319555488862,0.5823259268647353,158.99798583984375,87.93959045410156,-7.1758294105529785
0.8170085407874043,0.7773926510216195,0.9946282285291858,0.901892235353256,0.9687696674901184,0.6832484180109162,0.4889112784201758,130.06600952148438,0.8366985321044922,2.2470688819885254
0.8807240763728288,0.6022890090137558,0.9940470773365616,0.9571593441955276,0.9655403790956896,0.9316888270564764,0.8296682186581522,105.4055404663086,-5.428544044494629,-3.3158462047576904
0.9142259883851658,0.3574430274220859,0.7328136469829143,0.8862125398581963,0.2754688529844397,0.6418468153843577,0.6624030226289797,147.21127319335938,49.06157684326172,3.3436222076416016
0.9885171418653168,0.7876555102618229,0.9307360775516752,0.9176398298318238,0.7667267542664921,0.9079242779801444,0.3386815089867735,142.4645233154297,66.40017700195312,1.3966991901397705
0.8136797448113108,0.3902106685985488,0.6235373879839446,0.7249026974137314,0.3178459384053932,0.8081967989447718,0.5872129713861783,149.53379821777344,57.01506423950195,2.0373809337615967
0.8685463381673761,0.910993790355832,0.8673250442988565,0.9589604386029524,0.629692983078431,0.7334326011521186,0.9476070293942788,134.933349609375,-71.208984375,-4.199286460876465
0.7196834794620077,0.3699169293098173,0.937234057629056,0.7589410109358352,0.5982910554061894,0.635612673554508,0.5700614109290628,166.9801788330078,69.44225311279297,4.168749809265137
0.9497752558688805,0.695660746445747,0.9053739207685,0.7099604182407488,0.0559507577125765,0.9953444982560464,0.5968359107418566,143.78501892089844,65.82486724853516,2.839524030685425
0.7977040123895845,0.9294339535375,0.9039466270178604,0.9918166556622894,0.0066673480560134,0.8350198489316987,0.740261500657299,141.3883819580078,77.46240234375,2.7458975315093994
0.9332747764910708,0.722611078333589,0.7318398766797037,0.7343148343145602,0.0591661445142844,0.759607115852031,0.8612168344223733,149.23123168945312,30.209564208984375,3.725186824798584
0.566861575940168,0.7456566999539491,0.9080011559410736,0.7127108805626545,0.1292327778906178,0.7307876331899891,0.7705490490460976,149.4339141845703,57.53985595703125,0.7263027429580688
0.7145835990235107,0.792607337572214,0.8441989843248185,0.8753918523005086,0.2587373212867983,0.9565145101920168,0.8941451392658867,143.75436401367188,91.97450256347656,-2.3028321266174316
0.8463596939255916,0.433905067271994,0.5687011071081935,0.773283364655173,0.907009359729502,0.9208203115955929,0.3931521771851481,157.60336303710938,144.99966430664062,-2.6683897972106934
0.5483570063960973,0.78832002205941,0.5596863515187636,0.7116129420341131,0.5193032292422596,0.9165954242819798,0.9448770082092554,166.82179260253906,88.51570892333984,-12.17732048034668
0.5532293503524703,0.9200924610349648,0.8842797065551846,0.8671144145078306,0.797120588457851,0.8342650421935807,0.9308081878445816,109.8548812866211,11.723008155822754,-9.180646896362305
0.9866969409719476,0.9803031355807924,0.8120027082976311,0.9195931994137634,0.8384748522142779,0.9490107063584792,0.6689240815168636,108.1588134765625,-2.221592426300049,-4.145767688751221
0.6794588833160321,0.6395828479671712,0.7596483291034292,0.9309666799439764,0.735270284553248,0.7004504248715688,0.7407931422998186,147.43153381347656,6.632241725921631,-2.459458112716675
0.536537299384478,0.5763694017235108,0.9510697818837848,0.7189807223522242,0.3922576691766343,0.8712138008842033,0.460426250124157,155.2339324951172,94.4505615234375,0.5682519674301147
0.6211433964724178,0.8385987871120666,0.8288440104157302,0.8524030356321968,0.8639819400034012,0.7448565669854258,0.6204632165063239,129.09527587890625,23.105710983276367,-2.6750903129577637
0.6584079346680997,0.7036142383371112,0.6988346743717163,0.9377748476130304,0.742365658286125,0.8274249841251762,0.453545402031424,157.27696228027344,97.93589782714844,-4.069779396057129
0.7860161356175639,0.520434500417016,0.7076115971746954,0.720833824269895,0.7434655995638833,0.9955394416917892,0.3305393619482375,166.8224639892578,156.0380859375,-2.1857333183288574
0.9555859482054812,0.4658167782165108,0.8020242791807759,0.7363234855721704,0.9016370052065183,0.9897851363294456,0.9832030227511488,126.19898986816406,10.667764663696289,-6.342260837554932
0.9915293117699684,0.4645803218171058,0.8785319892826113,0.66808527099712,0.5992069866620688,0.7905302166128062,0.4919616938846837,166.56353759765625,60.368560791015625,1.545934796333313
0.8021932294646364,0.6499263150205534,0.7818445575029572,0.8416878450054246,0.5292292024650633,0.8163897335832244,0.7192624846108194,153.9467315673828,38.620643615722656,-1.5240155458450317
0.8294572025570288,0.464512395077474,0.7544097141248893,0.7320017095542699,0.8902433505104762,0.952965011675484,0.5199377733336286,153.83670043945312,121.24153137207031,-1.6652072668075562
0.6156962600866588,0.3680342342618653,0.8620616439917039,0.908043695636039,0.4552341460622239,0.9902542101384292,0.5678337843933874,157.67153930664062,146.10235595703125,-1.7754634618759155
0.918353185083476,0.388797986611356,0.8513842097044715,0.987152516574952,0.8117762444886577,0.9028398730132282,0.5863057460908498,153.1404266357422,59.28887176513672,0.6357101798057556
0.5568807888033394,0.9518634528516094,0.9131122791595002,0.7366802619519298,0.0552547091899268,0.6016078855118597,0.5436208338743267,143.99705505371094,61.84917068481445,1.0010700225830078
0.4938890446820361,0.4021867743327488,0.5342056715686916,0.8830630468507663,0.0027817204706694,0.7103143992220164,0.7494080938189981,126.06135559082031,84.73279571533203,2.4782943725585938
0.9839906762697838,0.4023274768609106,0.875905015217568,0.7377038051336181,0.5289477096551537,0.9526443544190156,0.9696132379791592,143.79635620117188,25.13898277282715,-0.40454521775245667
0.9222994840586224,0.6448020026054715,0.756876999655258,0.6732696721384223,0.0749888670492424,0.8985097323566029,0.6073185632333287,145.44615173339844,41.80303955078125,2.8325328826904297
0.6054156293192401,0.5126059590629426,0.5401974157966309,0.9194499110596536,0.9764866873218871,0.8874812044511529,0.9780464179128512,136.70590209960938,99.89988708496094,-18.220943450927734
0.8154634704223902,0.9729091095777164,0.8384276118346385,0.8115598762514683,0.0069862652112466,0.8561050220918356,0.7700971993619793,147.99261474609375,70.40485382080078,3.3445382118225098
0.6977812548267741,0.9397408063187972,0.8569487363685508,0.982024119086496,0.7185034801520817,0.7494235011983786,0.7288101324946663,127.8072280883789,-21.595043182373047,-3.4370486736297607
0.6164306908094328,0.6150095527555908,0.7617462220460647,0.8448963693463031,0.2444921742106723,0.744347173910813,0.4769590347813116,156.37384033203125,73.09868621826172,0.9169168472290039
0.5958773867590035,0.6432259979143773,0.8950759207692032,0.719635698766146,0.967509951332886,0.9156440028339784,0.358406650641106,140.0712432861328,160.33566284179688,0.11699371039867401
0.5106503278368023,0.5960035349002927,0.6515087287198844,0.8168022211587489,0.3824298207671357,0.6981289453660823,0.8954247299208661,155.4090118408203,46.80523681640625,-2.4799346923828125
0.7443107009150646,0.3796748078210354,0.6029775316979729,0.7347309933924134,0.0287339406136916,0.8632444350978957,0.7062441154708637,132.10177612304688,59.89421463012695,3.941500425338745
0.6862355434765379,0.5432331713181163,0.6764234757446821,0.959167025636858,0.0283868316302543,0.880715086747575,0.5976396229236104,143.92056274414062,95.52713775634766,0.584800124168396
0.7233177308053877,0.4340748099938875,0.7056961794238088,0.8969606766357165,0.5539887787580683,0.9306854762037025,0.8682221194269697,149.72740173339844,100.4124526977539,-5.713538646697998
0.5555006361602687,0.4210512831472168,0.8467793901700014,0.7807217063666021,0.986639510836132,0.7091515046128154,0.526968568465781,150.9049835205078,101.64118194580078,2.8685669898986816
0.964403399150608,0.7151522512591445,0.9206001976850632,0.8427470226854898,0.9797120808328504,0.8873360384440381,0.8489265216113773,110.60322570800781,-43.978271484375,-4.5566487312316895
0.7947826624492607,0.4187385390964612,0.8591092759970784,0.8898390286274328,0.3382314138668573,0.6190484693732796,0.5388000792974517,160.29916381835938,68.209716796875,3.011396884918213
0.942348473475476,0.4214111347613784,0.5891991889071098,0.9275291339181816,0.4834312362835952,0.6323791875011614,0.942350980826646,140.50900268554688,-40.59712219238281,1.8971258401870728
0.4955232438509666,0.6636128091808603,0.684064396832105,0.6939269963918456,0.1017901674060099,0.7502984516465496,0.4979649989288131,151.1885528564453,51.90967559814453,-0.01874580606818199
0.785883675162284,0.6390891631317277,0.5815135011986765,0.6747695911900823,0.5228417839079206,0.5974029860300817,0.409203579614442,142.03070068359375,42.045196533203125,1.7910330295562744
0.9140016910538132,0.4436718032772008,0.8422345528857624,0.70533117362379,0.6002434653460244,0.9742357327622952,0.7907195994640962,150.17384338378906,57.82550048828125,-1.2654438018798828
0.6208363451056742,0.3582392859617219,0.6258091260847252,0.798592320333498,0.2521569577286128,0.9548963299926064,0.4264185719103889,165.69873046875,127.3250503540039,-3.5047767162323
0.5440723337240375,0.4791696384981662,0.7626146646612051,0.8224309838798893,0.6126365982612056,0.5947462520895289,0.961736282721755,149.32534790039062,0.1208331435918808,-0.9121583104133606
0.5835790392245304,0.5066994340507259,0.8941041535612091,0.7126476058589349,0.8997584165219807,0.928048930715933,0.7617649747200881,134.5225830078125,116.5664291381836,-6.653564453125
0.5880524510659979,0.8687078785585547,0.8344446977528206,0.8039633365006023,0.0024476405943802,0.7889490147630738,0.4727097997804111,146.10635375976562,66.59442901611328,1.995269775390625
0.6865760490270019,0.9425968866136692,0.6505838521190029,0.8140923653707114,0.2300641919091662,0.8704777418540305,0.4577077783574108,155.9513397216797,73.7270278930664,-0.8667670488357544
0.6180337269682332,0.6157800342757784,0.6676060178463591,0.7035484394897027,0.2110801637994881,0.9485777413902275,0.9443886543078776,159.98895263671875,96.27278900146484,-4.18424654006958
0.587114139505511,0.6151913906978489,0.8257714467796177,0.9720090296900896,0.1251833715796408,0.817703320021061,0.7293013474675534,142.81103515625,85.91981506347656,0.9624873995780945
0.8003917138147036,0.8124092968984942,0.7744985397031061,0.866457801984307,0.1673313698074612,0.6232020762670184,0.9238754517592755,156.06515502929688,22.755117416381836,1.798804521560669
0.4637277554134045,0.7575269759066037,0.5509065400122005,0.796444562562326,0.6264128047987058,0.5751735334484264,0.3906029983514247,147.43130493164062,60.664939880371094,-0.6769579648971558
0.6261750929838777,0.4735028716622615,0.9346509483141282,0.8357948652836487,0.1040251982634928,0.7839021963713859,0.94542126004232,131.8294677734375,81.58218383789062,4.004042625427246
0.8237072095892898,0.4244630428767698,0.756310855401179,0.7717323577388906,0.7388530986356058,0.9748833606212955,0.6695371324758523,154.43307495117188,105.02934265136719,-3.305971145629883
0.5331644948400148,0.636093269352584,0.736939890368637,0.9512890165425744,0.8871083678085314,0.8158654953731831,0.7705223678408089,136.85250854492188,74.14372253417969,-9.441503524780273
0.5586501161944936,0.7176967640800234,0.6012661331176871,0.8584359686686764,0.926610696326752,0.7315525455110361,0.5693677987630867,143.15420532226562,71.92588806152344,-5.875385284423828
0.5471951067525918,0.4443599665192587,0.6893827116119503,0.8318019244291407,0.6606216847519821,0.5871410990807907,0.3558336489810912,162.1572265625,97.3332748413086,3.275752544403076
0.4342686575919144,0.5435068502631344,0.6675853459834296,0.9700893929849964,0.1985768901745747,0.96042068085682,0.96759599911417,149.7535400390625,183.00608825683594,-10.646515846252441
0.7015971312983231,0.5516337516202131,0.6369443562633924,0.945853340827926,0.0866550006836422,0.7122216016726144,0.9925242795948344,136.12191772460938,55.90020751953125,4.240642547607422
0.455771033954961,0.522996176196686,0.7833513441107232,0.937483479509616,0.2331504645160855,0.8716661264696551,0.5636991786323986,156.1957244873047,117.68888854980469,-3.065499782562256
0.5880558913308087,0.6509425252349283,0.731469124288475,0.7422829445156294,0.9619240129787056,0.8672156901634951,0.957996198470575,128.29324340820312,49.66655731201172,-12.874348640441895
0.9961728578422958,0.7742955854631678,0.9421551517250528,0.7181863840583266,0.9623114130136304,0.6812829983211509,0.4297393385206606,138.53768920898438,31.733068466186523,0.44108811020851135
0.952974836058415,0.6821355385231844,0.9678893295987048,0.8966925181652359,0.3828064552430945,0.6010138219741301,0.4208628116209844,171.8882598876953,78.43472290039062,-2.7400476932525635
0.5553415652341376,0.4846105272461579,0.6116464509176319,0.8230744509965879,0.3267682081274135,0.7366452180453613,0.3653429316433165,159.98135375976562,94.95796203613281,-0.7489301562309265
0.6090098275502571,0.421416088871114,0.5527383818253798,0.8945703485244566,0.5106948227363395,0.7079884270776855,0.581887063817941,157.48805236816406,87.37342071533203,-1.8426363468170166
0.6959077598400173,0.882577405848014,0.890900209732356,0.920139051294692,0.292718893803494,0.8697572030211673,0.3511795263706773,153.5684814453125,81.053955078125,0.6294957399368286
0.9111475709513062,0.6628372708973318,0.9943001620757196,0.7654547543078161,0.9796011737748076,0.9202252511481414,0.5841928531317176,121.96839904785156,52.117942810058594,0.5263625979423523
0.8875335972629121,0.3952448601574578,0.9295227368875522,0.761910027273237,0.2223640501493407,0.6680088965251307,0.4097727889447913,161.83132934570312,93.56578063964844,2.124187469482422
0.5051176536647458,0.5209584689032567,0.5150310457249804,0.8304508459370674,0.3700505342592021,0.7971221649733378,0.8127928183783286,161.30784606933594,100.09587097167969,-6.577974796295166
0.5041041856734021,0.8711359960836498,0.627334865444714,0.7582196807626438,0.4301831224423971,0.5912310024346082,0.882784188802868,155.35110473632812,-17.5549373626709,-1.3399220705032349
0.6693512139415844,0.8375831791348853,0.5247257850586114,0.8891126980054116,0.1263593219730366,0.6645509667644672,0.7837219630665417,146.3580780029297,30.8055362701416,3.1522116661071777
0.9256672054846548,0.9171813837156266,0.908390739023248,0.915519340991701,0.3837109600147397,0.895726826413823,0.4520417724382871,147.1415252685547,61.20402908325195,0.0394863486289978
0.9324457201021814,0.7415969895727516,0.790260537732721,0.8242036129623642,0.8568645822145394,0.9090849407214072,0.8375131762220603,124.80815124511719,-13.58367919921875,-5.39254093170166
0.4944460432362526,0.6266600772235451,0.7568563171902805,0.9078964922123224,0.1416320181537892,0.9019095470804313,0.4853962246975224,159.5906524658203,110.90657043457031,-2.9807019233703613
0.7584330884006564,0.62905209912831,0.7769572205357214,0.8369684717889834,0.5845887067631771,0.634205856953592,0.8325040943133492,155.40701293945312,-13.258050918579102,-0.8521345853805542
0.5217584939273779,0.4798275153039003,0.6279209989484467,0.9042636813652968,0.4074854719975855,0.8067506572005672,0.7017632667724655,160.5861358642578,110.42674255371094,-5.132171154022217
0.8216590839797497,0.7728429344720806,0.8002447234695628,0.742069871291172,0.1717598423201676,0.7525668536984926,0.565173173419331,153.1680450439453,53.20270919799805,1.0989267826080322
0.951865043738907,0.7306800418363836,0.5184705293663849,0.9128973316869616,0.013810405859034,0.9927245289810264,0.3724081245643592,135.66845703125,76.01048278808594,-0.036570094525814056
0.6908560529795316,0.4547238132168272,0.8221429595311927,0.905012414218082,0.2744032260682464,0.8502556542203714,0.878800429970577,142.03138732910156,80.65254974365234,0.8326990008354187
0.4807172242067928,0.9234973224107332,0.8657792399553574,0.7559114168337494,0.0632246379827876,0.9689593926365072,0.9551273826729312,146.0104217529297,121.77299499511719,-3.2801051139831543
0.7612355543947006,0.5917407856338832,0.8354746260365642,0.8521051526815998,0.3776642183095047,0.6354566761591584,0.7688180047080557,157.7499542236328,28.749771118164062,0.8252843022346497
0.6647064042268672,0.3872905640278663,0.6672362719499139,0.9516150095613358,0.8104175643367604,0.764459030222169,0.97206707160587,139.81216430664062,26.87417984008789,-6.109707832336426
0.8921994539518735,0.5657059174229011,0.9110968632710784,0.750232493136234,0.72003666690386,0.8998841456266256,0.9513557304765756,137.86891174316406,4.196230888366699,-3.8432490825653076
0.6261641733890682,0.9133583713127196,0.8564571135326758,0.9119454971861544,0.9473736726103736,0.7294069986033412,0.4480358171842649,118.88802337646484,32.056663513183594,0.33603280782699585
0.9283819849065108,0.9435707644981708,0.5666510723490871,0.9844109193501184,0.4278314030986887,0.8411516975558117,0.8132587382742829,141.27749633789062,-5.033852577209473,-2.1323180198669434
0.5884859061834289,0.6699533895126975,0.5996399944056388,0.9552485544976808,0.7081716688834758,0.7901430933560963,0.5533251616400261,160.0274658203125,96.0518569946289,-7.0474371910095215
0.5228001457100994,0.9688333682664294,0.8177491785740238,0.8007610188058343,0.6657793922494979,0.9929116263571284,0.6473952634525318,133.77906799316406,132.4576416015625,-10.135238647460938
0.607018578494589,0.9168126608556366,0.6461631525725218,0.8691377889144942,0.2181955907535133,0.6474997493476625,0.4224152912966424,148.09365844726562,51.51328659057617,1.004813313484192
0.4534852615678711,0.8847328538063652,0.5622765029958906,0.9969779138045608,0.3045944265541155,0.9690212938833118,0.9790351560721156,168.6042022705078,174.01724243164062,-15.671842575073242
0.5927519069802027,0.9068497636941372,0.5798135328610328,0.8562493662796721,0.5304823135682123,0.7436418874397657,0.8098046195710513,153.0860137939453,18.05660629272461,-4.882935523986816
0.806952973069335,0.6003408912318877,0.5850684098472054,0.7055222894480558,0.7968865407375265,0.7716875562716888,0.4972445194402751,147.47628784179688,57.33213424682617,-0.8114760518074036
0.5141869921644425,0.840625348365426,0.7391260414182043,0.6823862010876777,0.4625734834834297,0.7972787354206083,0.5684123582826051,157.08236694335938,62.65955352783203,-3.7679152488708496
0.4967070104872992,0.7257217620860561,0.8030809076827904,0.9300079965367584,0.2288738463177411,0.6861316815551307,0.6031315826532574,150.18386840820312,59.78520965576172,0.5239702463150024
0.5085911787094515,0.8170295080013011,0.5903908503552427,0.8081104645689448,0.9933825013449252,0.9809742251558422,0.8243673789719176,133.22280883789062,157.87677001953125,-22.277477264404297
0.4775901294355361,0.4694270232194887,0.8549532291685439,0.7493316885120613,0.1168891619368094,0.9589461482634084,0.9456288973356334,136.70553588867188,131.74594116210938,-2.6314215660095215
0.9282339785802424,0.8245408747522713,0.6420160152197509,0.7828603044546621,0.9558653673792572,0.9848789057351556,0.5343599225218727,118.989501953125,74.87284851074219,-4.9484782218933105
0.967515423697778,0.9696367854290368,0.6570902247007133,0.9190572021621284,0.8092558440971952,0.9950186456005138,0.6371742204032771,116.27339172363281,35.60297775268555,-6.096733093261719
0.4600691492641081,0.5495299921093453,0.6136328817739687,0.821945877101116,0.8390556959263624,0.8568974992261251,0.7193300455468321,159.44151306152344,150.8910675048828,-13.516566276550293
0.8634636252334771,0.9879624094544665,0.8908353562042014,0.9559990396821406,0.7951495664538923,0.7648019787136993,0.5832990659653774,122.67822265625,-23.343027114868164,-1.673539161682129
0.8505054224378543,0.5980961893574477,0.9770041974248768,0.911595050937872,0.2093343175166304,0.9332940041764376,0.6587370755949655,143.1231689453125,76.18354797363281,2.419750452041626
0.99736351813267,0.4834988459027766,0.7463848994035964,0.9910752899910932,0.6330720492368835,0.5841359969685707,0.387528249747547,166.61477661132812,43.3231315612793,0.05291657894849777
0.6304192278879971,0.4274118751356752,0.52407849331546,0.9626490629601088,0.7570423827619813,0.9263989743865324,0.4297040121807867,179.41275024414062,199.61770629882812,-11.475358009338379
0.5951620752242438,0.8589022749929502,0.6319272577761194,0.7519028098161091,0.7459959252732398,0.7840560974712409,0.5885788089281558,145.59390258789062,55.0946044921875,-5.205761909484863
0.6899021838967978,0.7112803251952514,0.5813341523984978,0.886374789178209,0.2726281153866089,0.8583415126464783,0.938306622997684,155.11160278320312,70.37483978271484,-2.929332733154297
0.9180233403560296,0.5523959894417004,0.9192392968207344,0.674112773278288,0.1823257052074663,0.7320199267572346,0.5533613884836395,159.33578491210938,68.81124114990234,0.3162478506565094
0.845666963406633,0.7456782677166449,0.5452118005272835,0.996757376397991,0.3290959500469304,0.7297301878397338,0.4855953817358081,147.08106994628906,44.870357513427734,-1.2031439542770386
0.700385022248999,0.5684130239326957,0.9802920934659528,0.7540499417211977,0.4805766060739281,0.5874768328608301,0.821187864385536,160.78955078125,27.353219985961914,-0.46721649169921875
0.5720125251146638,0.6429862467881284,0.7937677413667279,0.8882815620746267,0.5743637597344532,0.7530232960006772,0.961577777267836,143.8953094482422,28.3807430267334,-4.832297325134277
0.8447748720639746,0.9087446575099354,0.7588408007270602,0.9495678893712154,0.8371156234760323,0.7465060064358326,0.6280699379771368,127.99412536621094,-30.287994384765625,-2.7068231105804443
0.9168652965311552,0.7839833938689184,0.9215036399058306,0.7206269368186321,0.7693072979184957,0.6689993255630331,0.3214383109949731,150.7373809814453,68.66790771484375,0.8963321447372437
0.6598637983005515,0.8444310291752591,0.5169311276244113,0.9491442808544446,0.6765710380807646,0.678513187011667,0.7839492243038637,143.35043334960938,-20.250478744506836,-4.89333438873291
0.8117403839599171,0.7296696207829112,0.8868610125889252,0.6713544779999403,0.2645648576301706,0.8207286700198357,0.5980799421239664,156.43023681640625,52.744361877441406,0.18187856674194336
0.6600112400974995,0.9913215267667932,0.5608804438076984,0.8142101625564168,0.4796141548412136,0.7082588382049491,0.7740776638220342,149.25836181640625,-9.098001480102539,-1.5274574756622314
0.7042688725071087,0.5102388558131428,0.9182601017238888,0.8242031729837528,0.3363972318877164,0.9246457992241344,0.5046007915208055,156.3555145263672,96.41796875,1.6853253841400146
0.7305114218630868,0.5236331140052083,0.7644846762503734,0.7916426702596043,0.2360490817224665,0.6211153958779747,0.3172206422689737,151.8611602783203,83.58956909179688,2.151651620864868
0.8723138791255702,0.4147577285426758,0.5335037255718854,0.862215600967939,0.0117229207044323,0.817986411187665,0.5500523359399185,119.16719818115234,57.47673797607422,3.9343674182891846
0.9863934773542838,0.7107633786327775,0.9145425390149776,0.9714048008847886,0.3404169373651271,0.64166116892869,0.7952767763434831,161.83676147460938,8.057819366455078,-2.555022716522217
0.6849744796240327,0.7488270790537833,0.5168158933682955,0.7759846801036008,0.2572035362320809,0.7971262003298603,0.583142040736442,153.0760955810547,52.98833084106445,-0.8351190686225891
0.6272782505363835,0.8210562801231567,0.5716222771263617,0.859847083196755,0.5724883214135801,0.8073887209499064,0.4647557293992518,158.2763214111328,86.86216735839844,-4.804206848144531
0.6449606300187618,0.5705585190340885,0.8970625264876979,0.9589786218829596,0.0636966970376282,0.8452850319831933,0.6313935694316619,139.1647186279297,83.53489685058594,3.0218279361724854
0.5094413633621796,0.3632476145317276,0.7327501327629953,0.9242506011917604,0.2715840015984861,0.7545583368325514,0.827644423464252,141.36279296875,92.28016662597656,0.39349421858787537
0.6016240622736656,0.7609315058759334,0.9383014221815752,0.6808246139359507,0.0461922472220334,0.7892025712736864,0.3968700591052041,145.14381408691406,58.64086151123047,1.5812489986419678
0.4826194756362476,0.9960025000042564,0.8169205233434746,0.9806956959558264,0.6418935509713868,0.6504892020840247,0.7864012923815009,128.73385620117188,-26.43207359313965,-3.7455639839172363
0.6756618317491123,0.5443252558034412,0.8110476214044954,0.6827904858042231,0.5687814466084523,0.7695858345310347,0.7697887335485205,158.5196990966797,42.39950942993164,-1.7528232336044312
0.5283631374894584,0.4733709026541269,0.6475543146145628,0.8630046996744574,0.3384381359827428,0.7315910748388508,0.5679129128178159,157.76075744628906,88.64932250976562,-1.068833589553833
0.629591580056541,0.5361259388355882,0.5693076800938364,0.8585485224417856,0.1485945473457835,0.8553483246487845,0.976011004115424,147.7130126953125,95.51927947998047,-1.07965087890625
0.8824067520449532,0.6282698315604853,0.9776746453326328,0.9287034479871698,0.9578930687962336,0.7576815113397918,0.9245351710031622,118.9197006225586,-85.89899444580078,-3.481796979904175
0.572784140426186,0.5163345035529456,0.5550540107826538,0.7166305912812194,0.5849586152048974,0.9031497291454876,0.5307671707774335,172.94651794433594,140.8601531982422,-8.413374900817871
0.7796893331733565,0.5779442823133913,0.764402943247093,0.7269117706748344,0.6795291758169457,0.7539533386015915,0.3367428069362352,161.59848022460938,90.89324188232422,2.0103402137756348
0.9432421821010096,0.7647656047213449,0.6378488957631093,0.9173066471586346,0.5319991218529859,0.6736354909855068,0.5254197679844776,146.90505981445312,10.023673057556152,-0.7259594202041626
0.7542674164516053,0.5767049687836787,0.633689716426717,0.716983532525809,0.8067467924762924,0.6896455890899466,0.4549192873321094,150.78509521484375,62.11541748046875,0.9404942393302917
0.543308775405793,0.6094389726841987,0.7967644898375428,0.823341349407146,0.8964509729077262,0.5932057418042251,0.6880517442748615,141.41802978515625,8.808518409729004,-0.31070655584335327
0.6286640681315642,0.3810636491357924,0.8971166107710978,0.910505511698662,0.3835968582536396,0.8020571330035702,0.9408966575044392,135.54127502441406,69.90771484375,1.2788012027740479
0.7675196011449135,0.9442031839484628,0.8868742055250374,0.8837760818711039,0.6904238000160408,0.9249113741531304,0.9079499869444236,116.34556579589844,15.828847885131836,-6.71886682510376
0.7201656581131615,0.616384003109556,0.9320897343261776,0.7372948245538995,0.2310163882422403,0.898830293238075,0.5237347924585898,153.29080200195312,78.14654541015625,1.539196252822876
0.5177696345142014,0.5658743601574409,0.6478837906792814,0.7683291948868602,0.652314125855743,0.7589345949140347,0.6072933010663937,162.29312133789062,92.39127349853516,-4.728726387023926
0.686348421334988,0.4108610616470911,0.7331845397269195,0.9894000924422895,0.4000158399482339,0.6568935456173097,0.3404529338368909,163.35935974121094,82.95452117919922,2.4746551513671875
0.7407763805769376,0.762184700326861,0.5079429943723678,0.8164352775985985,0.0082646580446712,0.9386777235026807,0.6859497157471388,149.16148376464844,79.5256118774414,0.7652674317359924
0.5848858305222965,0.9094892728491926,0.8719103777067194,0.6820626540523108,0.9555049014185718,0.5980596695665589,0.3587110739923594,117.678955078125,47.15383529663086,3.1541380882263184
0.7800007897743717,0.3817833200944042,0.6525426122666871,0.740280284164367,0.8685568180620175,0.7426503841846303,0.9544149414712374,146.05628967285156,-13.252184867858887,-3.1068310737609863
0.4734111861810669,0.4485710238702497,0.7804332601299877,0.7811193875341141,0.2918687044057705,0.9357772672975596,0.9056333804440284,149.06930541992188,139.361083984375,-6.122494697570801
0.6240511582511059,0.4492877597073832,0.5868860192195996,0.9995440316646774,0.9976673128376968,0.7400975381134962,0.4613618130291138,158.49737548828125,120.43289947509766,-4.131131172180176
0.8884556474019233,0.741716960264892,0.9077097736766184,0.7679074370683736,0.3181180944786535,0.6238558517822925,0.7915853276297139,165.72427368164062,31.109210968017578,-2.1639151573181152
0.5803358158017635,0.946312284875185,0.9066599578170956,0.6760584250185013,0.4596096477083051,0.686377823573352,0.7021871615068479,146.2684326171875,20.18259048461914,-2.2496495246887207
0.77589133530796,0.6361936417468513,0.9363591113034098,0.8377942310255855,0.8514015739721434,0.8274379185136354,0.8610010160125304,127.35269927978516,-1.9822076559066772,-3.6592602729797363
0.6655618272497806,0.5759214081274301,0.526006278560228,0.6950765979536757,0.3056066632853591,0.6382795686252398,0.6393195445256146,143.98451232910156,23.826839447021484,2.002310037612915
0.6126607959237989,0.8466368900758374,0.9931144334417664,0.7583919743632258,0.4513189271267681,0.8506210804015126,0.4461052885239427,143.11561584472656,78.20865631103516,0.48824343085289
0.9516945520311368,0.8317092176134828,0.6256154453393478,0.9971817073769138,0.6660244476549748,0.7590918624482752,0.7510712825236139,137.2215118408203,-48.38373947143555,-3.5741238594055176
0.6278134889865472,0.513668114856031,0.6560418081641692,0.9015267166984032,0.1317542761788575,0.7152755566258164,0.3702219411397358,147.10421752929688,77.27298736572266,1.2554618120193481
0.5675535183094309,0.4585481294986226,0.6263834861586007,0.6841267634731657,0.4231737596818328,0.6758118177329363,0.7134633932277957,156.49920654296875,46.886146545410156,-0.12175098806619644
0.9478328934554974,0.5849040609919451,0.635363684481063,0.8164406292039,0.3104126083044192,0.9217231240880056,0.460352576683658,150.29934692382812,66.81726837158203,0.19403764605522156
0.8554764625876954,0.8528992157267357,0.7760745835939588,0.7243411286429221,0.6771938280997027,0.7415742021536036,0.7817624668913714,144.25128173828125,-31.30489158630371,-2.736858367919922
0.8192112784958979,0.8012365220170945,0.621682810539894,0.7081541566435549,0.1372473779356958,0.8858962180958987,0.8791636436857653,153.8625946044922,31.991424560546875,2.2584214210510254
0.4617504284839956,0.7824998583500995,0.6976623986255337,0.8624418751959378,0.2338558682823314,0.7600179332126523,0.3901262412709048,159.98977661132812,79.28155517578125,-1.9369462728500366
0.5079238602432885,0.8874255763570336,0.8268780190416042,0.8353788975259326,0.7117407994518231,0.6128742556510834,0.5880120539128622,136.70602416992188,10.193746566772461,-0.8009251356124878
0.7946406241853983,0.5331517447872353,0.9159150429203182,0.914234877031028,0.1574702051474529,0.7600815988068532,0.8148304506731051,143.8213653564453,60.816131591796875,3.1408867835998535
0.5521512223177122,0.573276871807041,0.8452040888127772,0.9639131156705104,0.4228431788234377,0.7884480780724457,0.4270010515301907,161.71017456054688,88.19828796386719,0.3353820741176605
0.5613130586768295,0.3825442450685611,0.7966345146004967,0.7492881291305872,0.7132429295420326,0.7674015492138138,0.7011684703918512,157.70704650878906,89.45941162109375,-1.2755054235458374
0.8742433035849038,0.9126457552847956,0.5762403827293774,0.9741139860008176,0.7657471150102038,0.9187302098336588,0.7728480880760051,128.230224609375,13.263177871704102,-8.553082466125488
0.5953972431504628,0.7289872315741449,0.9060891673430896,0.839479716553362,0.0962243893596435,0.9586776678080932,0.5570609357102971,146.5162353515625,99.21990203857422,0.3328924775123596
0.4742180776943545,0.5466171306616527,0.5217315305525259,0.7533281725654352,0.8521369879759704,0.9062898977520928,0.8818446790571028,161.25392150878906,155.5669403076172,-19.642044067382812
0.4543424439596338,0.3999129425337648,0.6337148847391703,0.9484483368348734,0.7243169019725918,0.8201554113577318,0.6631453516659185,164.63388061523438,155.1844940185547,-9.761800765991211
0.6843027259458556,0.8194192451923028,0.531494942347625,0.6790948647468378,0.3402498211872407,0.8027036374209652,0.7423263064553687,157.0874786376953,19.719287872314453,-1.3480501174926758
0.7826484328529346,0.8356659985483608,0.8327123661807991,0.8532814189052066,0.7640842267512005,0.8462639167574797,0.4114623361723777,141.203369140625,71.88536071777344,-0.29531973600387573
0.9249830245984794,0.7827082960546958,0.685127394036882,0.9071723827647444,0.7286365982599216,0.6956166517454988,0.3313448717080072,145.77244567871094,42.30190658569336,0.18303175270557404
0.4963900790221676,0.4861015281307581,0.8251220982340137,0.7603566657745732,0.6014312044092869,0.9168745457188516,0.3501220624526579,172.21829223632812,156.90103149414062,-2.345905065536499
0.5449371494949379,0.9411713888660213,0.6745960501897342,0.954334370940429,0.559088472391177,0.935875662819539,0.9308069734749363,145.56814575195312,104.05545806884766,-13.313467025756836
0.7332761909780029,0.8385015449067073,0.728244286782106,0.747161475899153,0.7350310552151346,0.6869130746251076,0.9163249199305844,142.65733337402344,-61.12401580810547,-4.173290729522705
0.6395994677034563,0.7773057610816025,0.7293399939216398,0.9464831577783106,0.9991675151253944,0.9552857981445028,0.8652438097231657,111.08646392822266,81.14311981201172,-15.503618240356445
0.7065552190291343,0.7729359208419104,0.5258304231898219,0.6933943615504264,0.5791276877753021,0.9324490378859864,0.4514414246960812,158.48495483398438,102.13409423828125,-5.926204681396484
0.9562134985040198,0.9354891608485084,0.7156530352492243,0.7204483982887793,0.808927948752665,0.7533177358002062,0.6732188328207822,125.68955993652344,-48.73708724975586,-1.8331953287124634
0.7418081498741695,0.950851616601788,0.8197014385709445,0.7939344004992248,0.7445860919935817,0.9578960496017938,0.8574341551665572,120.13118743896484,40.604801177978516,-8.166064262390137
0.6684400460205849,0.7374593506008142,0.7728129899618542,0.9511974257796206,0.8559437282203081,0.6249382597950092,0.7747743759631849,135.51065063476562,-50.65668869018555,-2.618492603302002
0.9931405084993732,0.6226596353468696,0.54048889952496,0.7153481800243454,0.9545034865384712,0.5859016473364338,0.3942075497501681,121.0379409790039,15.639689445495605,3.1675543785095215
0.470615775015016,0.5887039996320187,0.8330217954607101,0.9583056882636232,0.1942705337160249,0.7209661488360068,0.9251041007739444,135.63201904296875,71.43226623535156,0.6433698534965515
0.9607300921014584,0.8807867093146657,0.6557600538376653,0.7436533286360862,0.1666908118941718,0.8128312449144752,0.4249451265491505,138.8076629638672,42.34199905395508,1.9026196002960205
0.7173674946851614,0.7688700120632584,0.5104599559876059,0.8177110707427313,0.5869148859390289,0.7224759704825439,0.4325090517451634,147.32757568359375,56.18634033203125,-1.5238978862762451
0.718551650829,0.4049480336792918,0.5801227419572149,0.7845431899137143,0.450075682271772,0.9718583040383,0.9288253378786904,154.6925048828125,114.81600189208984,-6.9860405921936035
0.9549921305066864,0.4465912058766034,0.7488819133078047,0.7065523654549338,0.571310559899389,0.6816322148765578,0.6454211810656525,160.8091583251953,22.6446475982666,1.1721522808074951
0.7205686733437053,0.9328131405224204,0.6565195025137881,0.9812006491262686,0.7982697570292874,0.6928227667254583,0.5693789298911963,133.53961181640625,-12.20080852508545,-2.9137330055236816
0.6816054243221823,0.922750174977212,0.8460141751802739,0.8129473112846418,0.9317293140619848,0.8421309086301232,0.6924109930137661,110.36515045166016,21.08537483215332,-5.104179382324219
0.5878007871883342,0.9659420206171778,0.6220987968413257,0.8967705533577468,0.4182470492092622,0.5757162196364968,0.9835394287729742,151.9053497314453,-45.09961700439453,-0.31741949915885925
0.8062175073791176,0.6298320876083785,0.8847110413273811,0.8585199521835952,0.7182868336452586,0.8812844822586934,0.3970043918503786,156.30313110351562,93.97077941894531,1.2844520807266235
0.7558028955390921,0.8583243214610417,0.6447127806440971,0.8340691319023924,0.1979806154049022,0.7334654137120864,0.8307754930765281,153.30673217773438,25.540170669555664,1.9030605554580688
0.5549286383643401,0.8866535655902508,0.8097324216893526,0.8722526227530892,0.5351972332324674,0.9869236894802236,0.5431301965757505,150.16806030273438,137.21749877929688,-7.365508079528809
0.8348228369342178,0.5578904342590769,0.8977494071768892,0.9659196897897334,0.0232639888550645,0.8660251537814003,0.3952475883309277,146.12582397460938,74.45024871826172,3.0800588130950928
0.797889720983534,0.4486128747954552,0.6936082086284987,0.8997561462675985,0.5044447446648194,0.5961317132537877,0.6027575337842896,156.08126831054688,37.514347076416016,2.027924060821533
0.6583840400162536,0.9949318295920112,0.5264346089894364,0.8442960661434283,0.5459646238338193,0.6131954164806102,0.689073328892464,140.6781005859375,-28.675640106201172,-0.17361506819725037
0.4362331990954124,0.3747696661869,0.7675785746436351,0.8817628956682302,0.7357717244972327,0.6113123762741391,0.4557630476125848,161.22195434570312,98.85063934326172,3.352874279022217
0.6862267577258798,0.7385488603968572,0.9945704310727256,0.8688673728099024,0.6499476314111606,0.9763147897060684,0.5914157669327881,130.71939086914062,99.92073059082031,-1.880810022354126
0.4371701205260401,0.7724666016277537,0.981533553918486,0.8112661844917824,0.3593216443392852,0.862914952182307,0.7482348875447791,133.30239868164062,87.71388244628906,-3.1593775749206543
0.4761466460914431,0.792721832997928,0.6124107657972484,0.874974024217523,0.0072156272198814,0.7546347866276093,0.7079231728061606,151.30714416503906,76.61213684082031,0.38106563687324524
0.6771971612133277,0.5193588397474469,0.8762723651919335,0.8147396114010941,0.1167963767261176,0.658735474077247,0.8077785599671468,145.16848754882812,64.34129333496094,3.5965278148651123
0.4800597657374055,0.8182452186171099,0.6735700014582637,0.919137487800838,0.97300985523239,0.942965643390514,0.8848545530238859,121.14200592041016,126.6739273071289,-21.0366268157959
0.5895968646777848,0.4941957726318119,0.5824308019731509,0.9893793422477436,0.9223628840979508,0.6591886321570242,0.5940503569885036,150.64431762695312,60.5008544921875,-3.728010654449463
0.8043374410818487,0.8871752140937208,0.8319650719736573,0.9863718050648674,0.3260709387058335,0.872469138545173,0.6034612396068805,149.28756713867188,57.597373962402344,-1.0417006015777588
0.6082256147582735,0.4959386737887603,0.750514939358653,0.9401209451698532,0.2599358642887846,0.896386676090221,0.6536397902288369,154.326171875,112.57112121582031,-2.1809754371643066
0.9977814192616404,0.8022901992137619,0.7694464889632173,0.8673264317372613,0.4372173566410404,0.6984987371596116,0.7010525666313284,153.90040588378906,-3.3207907676696777,-1.4515492916107178
0.9517908598288496,0.8579090302573902,0.9116543930984684,0.9163841719720198,0.690338652773857,0.7872772036827005,0.3893080995923891,145.7637481689453,38.74987030029297,0.1065477579832077
0.7646592447112057,0.476585418992319,0.6694205792621462,0.726472265876312,0.3577550733964658,0.6682385350897115,0.5283672214946469,152.4401092529297,54.30134201049805,2.2409796714782715
0.980423867698994,0.508042788138229,0.8325474306801603,0.8265238127226702,0.0686808501359434,0.7340819497822252,0.4325744605816902,146.30722045898438,78.63179016113281,1.3304989337921143
0.9244923216334184,0.8551445264334203,0.6840517544376323,0.7528195035568502,0.4036495251877519,0.9815978468735987,0.5782003913564369,147.37901306152344,57.61473846435547,-1.157840609550476
0.6140393704525781,0.4105498124577491,0.5244206145039276,0.6684454868482448,0.2616691630592714,0.8667515836828841,0.9780650318390428,154.82705688476562,72.07080841064453,-2.913881778717041
0.857541116162928,0.4777497872874111,0.6898867170856455,0.9886563370394316,0.3259080458207398,0.9315545264678108,0.7121994599994692,148.66970825195312,82.16047668457031,-1.6506656408309937
0.5111050734402012,0.647587490666035,0.9721780816679668,0.9544529302438062,0.1641923935438099,0.8023445737638988,0.607826897197141,137.3147430419922,74.26683807373047,2.297356128692627
0.8207670014825132,0.9520542114680974,0.7418262620200925,0.8380525428294419,0.6592880602193776,0.6750155938332095,0.700769100219971,139.92404174804688,-34.51755905151367,-1.689103364944458
0.7113859161933594,0.7158041363930757,0.5567480706439452,0.7517715252944148,0.5272887908257525,0.8750872630887423,0.7709679277436403,157.82191467285156,56.63655471801758,-5.690969944000244
0.4432578784107326,0.6040628861073465,0.8427787003395307,0.8976494815867831,0.2719269768841967,0.7854418444980292,0.6116192685392654,150.14572143554688,86.55226135253906,-0.8940993547439575
0.5887852191564612,0.9829647773344314,0.9787637787876516,0.8118246262242718,0.5544771119343815,0.648756457889819,0.6203014784407923,134.32241821289062,15.744211196899414,-0.7293272018432617
0.9738854572751872,0.6528348396741446,0.9514070670454056,0.9343412310119608,0.4934195537475889,0.7482269053567234,0.7929686516875976,154.59756469726562,-3.7193901538848877,-1.6169933080673218
0.612305374599577,0.6336064060786275,0.7855988714877269,0.9995535743659028,0.7962051616283096,0.8421362315179693,0.3570058529294291,161.86729431152344,118.9063720703125,-2.240859270095825
0.5363332036911537,0.6194362694591306,0.6890308095197741,0.783329222678034,0.9559605778521576,0.8845672732937142,0.6831707890431595,144.2688446044922,134.0661163330078,-11.091974258422852
0.5397689264494512,0.5556345480802003,0.7899006245808788,0.7485305827363654,0.1319569082186116,0.676780979192494,0.6881034020226406,146.77597045898438,59.23332595825195,2.3549838066101074
0.7046758377600566,0.5643036281014856,0.905998097238298,0.7561696424820208,0.8840041915154957,0.9439611005820534,0.8306416917486099,126.93333435058594,76.5080337524414,-6.230559825897217
0.9101500927638412,0.796601164902998,0.9283567314752624,0.6983147534394585,0.7051719778119114,0.7343443472847975,0.9843884463717968,146.4410858154297,-64.83732604980469,-5.684364318847656
0.8622933088427389,0.3815795926163317,0.9074355743070844,0.7982764739321313,0.6929480198039512,0.688568046058991,0.8571875574833051,158.776123046875,-0.8670029640197754,0.984350323677063
