PS:PAN ratio,Feed rate(mL/h),Distance(cm),Mass fraction of solute,Mass fraction of SiO2 in solute ,Applied voltage(kV),Inner diameter(mm),wca,q,sigma
0.5068995608248481,0.4225201284790651,0.767349381110797,0.8507722603018927,0.1058206877896591,0.8184093365932936,0.9409277412699122,135.60797500610352,103.81404876708984,1.3701850324869156
0.5828469450895714,0.8713916957979662,0.7908554610351171,0.8089764793415994,0.5934513982576299,0.5835446301897856,0.3298989451555859,145.90055656433105,55.496140003204346,1.5236527770757675
0.6655796190959872,0.6023834075239978,0.7475980054051637,0.965648289144083,0.1198162106948264,0.8974457023217429,0.8193610557634761,144.82550811767578,102.53444576263428,-0.29865849670022726
0.9812603936823612,0.4992951807462638,0.7722121892329542,0.8256683330563603,0.2616934481195898,0.9190076131810102,0.7195248807357737,147.48358917236328,51.39241075515747,2.2963933646678925
0.5291724152713922,0.4602254110047017,0.7033051402406514,0.9299492663597292,0.6690675179493122,0.6625408595321945,0.6290706585400223,155.97710037231445,65.49250841140747,-1.2066224366426468
0.9185682038714018,0.950091822703281,0.6099395844447209,0.7161712423011761,0.0836080651662456,0.8959221399296302,0.4269967142976753,136.65288543701172,41.70878839492798,2.9973687529563904
0.5295803960839236,0.5388255473296502,0.8680099709030233,0.6860371429138017,0.9038281607154626,0.8040402774057802,0.7682395377226541,138.5885133743286,74.57662200927734,-5.194382846355438
0.6275863185119378,0.8498870647485851,0.7551375255727094,0.7171368499049738,0.9896073958560612,0.7727773363798196,0.6372654277210709,120.86787128448486,28.012683868408203,-4.555723339319229
0.8179545424838953,0.8802742675685595,0.9877362248963304,0.7667898946088483,0.5510321097430024,0.7452103566518423,0.5257498685706451,145.83518314361572,45.046756982803345,-0.8771584574133158
0.7836705065214438,0.9502628695731123,0.7485556086910101,0.896016080188306,0.8311786287832418,0.5886573085746992,0.4401630935669975,130.84206008911133,-8.901166763622314,0.6807836308144033
0.9732773514835183,0.7443264791735893,0.5414362099450899,0.9390167902957264,0.7600934535676744,0.7826551715130632,0.3753800008650897,139.41560173034668,41.274261474609375,-0.9851886928081512
0.6687341412876753,0.4753327196897248,0.7481682148835124,0.8038877744853711,0.1400889564777783,0.8474433032974276,0.8567186184390791,144.70532989501953,80.47181558609009,1.8312392085790634
0.9647079165813156,0.4241426875138974,0.9113992739283362,0.9330943656812458,0.6083193051207307,0.9606851583548712,0.3696047577238072,168.59361839294434,93.20315265655518,3.830721378326416
0.957483893933436,0.4063148742615636,0.9759343265225474,0.9139185058239154,0.6902937072589636,0.7253168946091892,0.485698630370896,172.4763412475586,47.68922233581543,3.681880474090576
0.8391613182429755,0.8173174050704652,0.698511574188485,0.8867924173012414,0.5589645041502609,0.7933619192750501,0.4755749401458581,151.3333101272583,47.47593975067139,-1.0143933668732643
0.4491306628936639,0.8646730844528112,0.8748802365634595,0.9604330794776346,0.5024564538218327,0.7063244596828442,0.4330164172767018,145.58956241607666,52.5291314125061,-0.606714840978384
0.8850093494848821,0.8574399245573767,0.9719972691584136,0.8496481326811243,0.1126592707280967,0.7256115759220558,0.6503949771064288,153.778564453125,73.54981994628906,-0.6045024518389255
0.9429197174537454,0.44090381190461,0.9425424267559684,0.9194052809954149,0.1964370093571889,0.7461374601287855,0.3243429402349342,163.0498332977295,85.41437101364136,2.3556843400001526
0.7317466910020594,0.630093460056557,0.9360634254605272,0.925670938432502,0.8363508334542115,0.844684693498456,0.7955354757715295,127.04171562194824,21.591467261314392,-2.9863099455833435
0.5486964063252577,0.3829414231665652,0.8450340227683569,0.978416791278836,0.5375311559882273,0.8741059977803095,0.8902090261619384,137.03015804290771,109.04529094696045,-3.859796643257141
0.5395245887728397,0.5646637050428172,0.8932394296828609,0.9669079042298,0.3748742084014491,0.6442690396474056,0.7018695662723939,146.3946409225464,42.64790463447571,1.7332405894994736
0.9119014476963424,0.6275794012221678,0.7891203458079155,0.7379506902516223,0.306521710181002,0.7738629537446009,0.3713409823855055,156.13757991790771,70.33357858657837,1.141082301735878
0.487107268567755,0.5756336016760916,0.8100817815882575,0.8380768327785559,0.5563780455938759,0.7682081478593963,0.8581386131129172,148.30859088897705,66.47071409225464,-4.418847769498825
0.7442658290544673,0.9062142857711858,0.7975182924622195,0.8748395623001564,0.7367054195299257,0.7745649748999018,0.6276685764503289,135.25255870819092,12.002887487411499,-2.547323390841484
0.5522045574006889,0.9849525593849212,0.8987230378596779,0.961460633544984,0.0816976850580532,0.6367317705387181,0.9623432021791982,143.73025608062744,42.08768808841705,1.7816795855760574
0.6070335892258295,0.6177965189971633,0.9461425500962048,0.8011941303877879,0.7718394109256402,0.8614990697564684,0.4211804201811822,147.8785161972046,114.41225528717041,1.1156493052840233
0.9857262856493896,0.5802534951653436,0.6021643124156341,0.8495707083704146,0.7040010018837525,0.8619987338479473,0.3776774256805343,151.4979658126831,73.96387147903442,-0.21411268413066864
0.5932192518280884,0.9044766169800852,0.9762645943797847,0.932935463249611,0.1095501139964928,0.974047388861999,0.8121699965268876,128.48727893829346,111.39297771453857,-0.8459793478250504
0.8211971731210724,0.3818621033110864,0.9453316001143266,0.775191072001602,0.560278445992267,0.985435376340318,0.8227973311538646,142.03114891052246,85.53445625305176,-0.14646360278129578
0.8681924129685399,0.8598957758640997,0.611285881878902,0.7019850468899884,0.1427993035628607,0.6755133119857907,0.9045763196865122,152.16749954223633,-10.648717418313026,4.3522229343652725
0.5997227466971579,0.4183701837927628,0.8112445827962866,0.7219505501893111,0.6560326545403324,0.6449363717651453,0.5679792465945239,160.8725872039795,68.01283693313599,2.384917989373207
0.5203434369524802,0.5029698440256541,0.637436093843736,0.9772525978777908,0.7358833768083315,0.6281324181996477,0.3465629247855152,163.95368480682373,97.26542901992798,-0.24224688112735748
0.8708680852193725,0.9113026685996368,0.5240918418049968,0.6766667138802452,0.139079933156054,0.7392133832150243,0.716778701412586,139.63628387451172,-8.149214684963226,4.874704569578171
0.6923892491393309,0.4737258442242171,0.9301664832107994,0.984170307335384,0.6223331953167062,0.9899909454499906,0.7180420480253419,138.45400047302246,114.6595630645752,-2.6410365402698517
0.599525147865499,0.6388780742781568,0.706802585664962,0.8041666978532297,0.1935330393457865,0.6896464480987967,0.6876863100329736,151.65628623962402,53.84736108779907,1.3070891872048378
0.5567984267138925,0.6037227341301461,0.8155648870824042,0.7205217462749146,0.6789808499585313,0.8471742608556203,0.949945700609133,145.9116725921631,60.96032762527466,-7.989998817443848
0.9893498108006742,0.4780668934709988,0.7924401301898866,0.9380336322895224,0.9675853197451412,0.8311248967802316,0.7197265285485743,139.7330436706543,-16.251660466194153,-1.2369017004966736
0.8003521922939756,0.6378664621563821,0.912623557858023,0.8476481953439683,0.2100762825170621,0.6127598649000262,0.5005039420103594,158.44361972808838,78.98696851730347,0.22093170508742332
0.7312990515335913,0.7640748898392359,0.5198731580329198,0.8181097105911942,0.455623196291326,0.583617684699835,0.8119439178113677,144.97844696044922,-30.95494830608368,1.0539135858416557
0.5022098440365778,0.7894725857203497,0.576955273783877,0.8598093157170041,0.509730675303381,0.839785297901442,0.6560287337534838,165.2137050628662,103.62578010559082,-9.124628186225891
0.949469019105684,0.3657350017788519,0.576716806526824,0.9739083378296076,0.2185613309510487,0.688917848766823,0.3136917883458879,134.5188112258911,72.58967351913452,1.5984081029891968
0.624686699603502,0.5627156120466326,0.7489862374473117,0.908148528123188,0.8921707077819402,0.5802884049529874,0.9361651477308336,137.3533754348755,-64.43097591400146,-2.787495106458664
0.8812787318208943,0.8290091190001144,0.7646978232547958,0.953626778799883,0.1085014654613184,0.62200897901804,0.645067685725706,150.4228973388672,52.85337591171265,0.46912769600749016
0.9454867707693244,0.5504691500633663,0.7606056626405779,0.8294384922106548,0.032347230594727,0.7226491385676833,0.7987303525677276,140.52212047576904,54.14563512802124,4.308414906263351
0.5535615236315704,0.8518762431511323,0.8787739075704675,0.7368476058707703,0.8740141793724808,0.8323708077710592,0.7052482660771536,119.74950695037842,51.46290874481201,-6.0870219469070435
0.9861709655291624,0.5732971979188013,0.9162651833877552,0.744457762298664,0.5273523168519264,0.58507338908791,0.5372087121562312,173.67449569702148,59.522154331207275,-2.2300318107008934
0.9392456613674808,0.820944221661588,0.7715843656732747,0.9660998931850188,0.0748211156696496,0.7715899805121007,0.6430388262954305,147.8695478439331,56.63848114013672,1.5484125465154648
0.7554268794821134,0.4887478101822475,0.9171160792487434,0.8508847941968605,0.2493765809914649,0.6035787376454425,0.5437346910763997,157.20224380493164,75.73467588424683,2.2335354387760162
0.8440597033699806,0.9698949446562998,0.9274574906335936,0.9327689877599884,0.0554278698443854,0.8835071625310631,0.6432209428513671,142.626070022583,77.38154411315918,1.6023190692067146
0.5936501216679357,0.6784248952334119,0.5213626967759184,0.9950817686051014,0.5539946816428699,0.6409397222131508,0.4234982116909521,154.91288661956787,64.47648048400879,-2.869955003261566
0.8437179753996038,0.9206301845688633,0.8393120989538543,0.6744015246214393,0.642057187311759,0.9636739231256716,0.8169305079066309,130.72563934326172,25.329138159751892,-5.359787791967392
0.679790515561421,0.461361300363063,0.8805644483239365,0.7827503599676109,0.1875267877894523,0.8808865433431535,0.3840484163680443,155.13607215881348,84.9837908744812,2.7444460093975067
0.6205986743762684,0.8412247813806505,0.9191950226384676,0.7056806231799521,0.5359733397111518,0.9723954668427256,0.8209894319294821,134.36254787445068,85.83844518661499,-6.881231248378754
0.8286837301064757,0.6162505111538548,0.6363750997541578,0.873649069962102,0.169961991743366,0.7255199910373755,0.3998586965029064,144.5991439819336,65.7376012802124,1.3638140931725502
0.6528927899838384,0.5970204749448046,0.8042859512483692,0.992879979357736,0.4312005242398559,0.88383343206015,0.6367612288718902,155.2765121459961,92.85616397857666,-2.8560956716537476
0.8329661588206656,0.8256771198819068,0.7600377773336144,0.7112320956184301,0.4835926533380313,0.8805799399370882,0.9664964958143012,150.08978366851807,2.199795439839363,-3.647015392780304
0.9153387250112868,0.7053744640438726,0.7635591130804503,0.7611248760352337,0.92130871595244,0.7893531252394805,0.8671765772892885,130.8106336593628,-60.89924383163452,-4.51196214556694
0.5899662824706335,0.947493341757064,0.9871912432885446,0.7517535406098973,0.1417473714365542,0.6895908889446214,0.6322742802321235,143.91583061218262,59.06782650947571,-0.02130240388214588
0.553927717691079,0.4106909349038539,0.8800985395174787,0.9028621397457828,0.2008207700471109,0.7191511313070422,0.7282959940321756,138.88206386566162,73.63054466247559,3.836594521999359
0.6177272414433114,0.368760601739628,0.974774865592422,0.9406468724633366,0.0712010755755648,0.7980470200617449,0.5440969680346328,132.93919372558594,74.98735332489014,6.130561649799347
0.6756530382604389,0.477113611018842,0.6815599996900938,0.6852184566340013,0.2499482072523689,0.8749962967054381,0.9254608780414604,154.50445556640625,63.24982738494873,-0.8543192818760872
0.8463623336878618,0.8115154003510185,0.5844494351742012,0.6991931130511376,0.7591616187956667,0.8936236194697735,0.8123816778377171,136.74390411376953,-1.664472609758377,-6.17808610200882
0.6833486831630928,0.6459050378550019,0.6455142781548768,0.9462726840198776,0.3788874078421032,0.7835763218554082,0.5116446466307446,160.16481971740723,76.86691761016846,-2.0658363699913025
0.8267761834899675,0.8127605221759544,0.9505124345164502,0.9337648644535336,0.3303307442413438,0.6539934362185803,0.3192068550153292,160.86372566223145,76.02545499801636,-0.6253105998039246
0.9959412436692237,0.9622664723099684,0.8895245312817688,0.8821739037923075,0.6947084252299222,0.8913023924729597,0.4006529239172597,132.0538101196289,45.289827823638916,0.37381825502961874
0.5691759957237469,0.6725639172691411,0.9149767273949176,0.9712230592255816,0.7082658026159894,0.6419062239657934,0.5202385069210672,147.23599433898926,28.682384490966797,1.6625245288014412
0.863172695671693,0.807904787672698,0.592634195920051,0.7349968052589638,0.7911917935101681,0.8366800191007504,0.6408584217117013,134.67002964019775,10.6108957529068,-3.3566212952136993
0.7053702908509625,0.4394367567456247,0.7289607747042921,0.9427336623668732,0.5261760113927415,0.9845677092460884,0.8154374260412611,150.78345584869385,132.68800258636475,-6.646262139081955
0.6725251264943176,0.8708745304440781,0.8360212469003684,0.7818655198288968,0.8667451512495795,0.8838128596352494,0.6469021371147391,122.36449527740479,59.43927621841431,-5.320402294397354
0.775336049161933,0.4893791669386675,0.9483018829206564,0.8601640780389708,0.5984009785444232,0.8918154405276597,0.7882867378853331,143.1930160522461,61.16396474838257,-0.35875693475827575
0.5044307967379424,0.9635696450539908,0.5754374432690691,0.9039123127727344,0.6761343685315557,0.9584668771229384,0.6676854782124557,156.1276445388794,152.8401927947998,-15.753628253936768
0.6149257889173356,0.9267556612964626,0.5250682951685923,0.6722588953967161,0.986897528931034,0.9362628533573322,0.9080520579235618,123.64149761199951,50.12657022476196,-17.423519134521484
0.5917211209537636,0.843524449454909,0.8003583032384303,0.7476763407566117,0.0407264551995587,0.8190838439061328,0.8508764944147065,153.13342666625977,67.40993213653564,1.1024735569953918
0.7802505976328674,0.5102457050904282,0.8245249270605133,0.7589462180722156,0.6607885930611519,0.871926679928299,0.4967361701625199,160.95803260803223,92.98290538787842,0.2890647128224373
0.564288566246368,0.9222606616412384,0.6504739019902452,0.8605766223449581,0.5425916070064665,0.9103998086322632,0.9148082306179997,151.81167316436768,83.49427270889282,-10.940305352210999
0.4647791398114859,0.799586994567387,0.6513712242318737,0.858171870526774,0.1708466891034449,0.7181998574886554,0.4657280775626014,155.57919788360596,67.16437578201294,-1.4586871638894081
0.4610007614389356,0.7471887351519388,0.5452888360629168,0.8462622534601449,0.154109263008012,0.9093843281233608,0.6250206773515672,171.99270248413086,126.81000328063965,-8.175624907016754
0.8722015731219381,0.4369606314731486,0.9173497756999094,0.6741524450437707,0.2991446639100756,0.7323814813208427,0.6410722993798346,160.54710483551025,59.814587116241455,1.934868648648262
0.8213712542059834,0.8363017481634752,0.8026650315173076,0.8536126945504393,0.9973692247364304,0.7439996498308432,0.5772310430951129,121.4189863204956,-9.59147971868515,-1.0898621529340744
0.9142362803391224,0.8934572970569754,0.9577372393107986,0.9279195246209349,0.3134320596913445,0.715383905452899,0.5798674089132737,155.4709072113037,44.96125054359436,-1.5851495116949081
0.8176536319858688,0.7319811948383854,0.8329658303899724,0.8603865627199299,0.4980676285865579,0.7330843493488608,0.7124013700502325,154.43161869049072,18.43965208530426,-0.9144390039145947
0.4675022476131498,0.5129385773792569,0.6283598829286617,0.9032823652164634,0.8590052411457119,0.6475381156987652,0.6368653696129136,150.7300500869751,68.5077395439148,-4.140079736709595
0.8310704680880946,0.4340666598572983,0.5760069875874732,0.9932656294135912,0.1199448652120315,0.9815075776916772,0.6064583353478461,143.53524494171143,110.71670436859131,-1.3768198490142822
0.7447071682189534,0.8203268586773786,0.800802321617267,0.9791670168051224,0.0256708733634099,0.9002780934998315,0.6390207803939414,146.82621002197266,87.0775499343872,1.1463807746767998
0.9771191282514508,0.420331021975911,0.8614331979890725,0.8983509806263708,0.1049756677683863,0.8523490542494324,0.3819306699945892,150.08542346954346,72.21785879135132,3.551547259092331
0.5669759963296883,0.8051542851159399,0.6886666490849056,0.736449982108969,0.5880297108115587,0.938641232198061,0.7117563820118964,156.99148559570312,107.96059989929199,-9.783479690551758
0.4818228666479298,0.7861372528662012,0.8471264510221799,0.892928261062637,0.5666765890594317,0.8495421619866228,0.6563834816728431,144.44521808624268,89.44952011108398,-5.574861764907837
0.9048950804532732,0.3637610259669015,0.8154041053806287,0.8575851835074957,0.7144106106324088,0.9774195192170424,0.5565431769605751,158.79850578308105,103.93021011352539,0.4745671711862087
0.6750585274545411,0.6801377393550769,0.5152461383117675,0.9132123192301488,0.3371778646813836,0.982833877540048,0.7318696418868524,165.25478172302246,139.70637702941895,-9.215106964111328
0.7015495497031845,0.6942507092845911,0.9884619801481358,0.7758719981116787,0.9303779242699616,0.6508714853046238,0.4203199339289132,140.70728302001953,54.49683380126953,3.858191281557083
0.8399376918481237,0.6733191670367957,0.9775061321603656,0.8028451030961521,0.6444406774124881,0.7284699567248957,0.7213059117847673,151.9225149154663,12.529158592224121,-1.0693603679537773
0.5407109472302997,0.4886975078338493,0.7011836272868679,0.98521040029365,0.6075575930677665,0.9412042849942608,0.5041597875633859,173.2247200012207,175.493314743042,-8.832796216011047
0.6909358262957491,0.4439537024243254,0.6549253993614653,0.778267731104678,0.3323128187714949,0.5935204505477347,0.561100015723171,146.8343210220337,55.48908805847168,2.932349309325218
0.8877696063606532,0.7686939454610087,0.802784273362694,0.8861380205064392,0.6075116646652318,0.9431391291739092,0.4112760463997611,152.31693840026855,86.40434789657593,-0.8299634903669357
0.7710917559391428,0.802674385919699,0.516123393477069,0.728117566815667,0.3956668361896322,0.7231459430733744,0.3990252249245156,140.75685691833496,42.056883811950684,0.8344461768865585
0.9442732787829352,0.6266574608818875,0.7432186539676185,0.9505439172791532,0.2902340137384265,0.8218710553973085,0.3375176712809031,159.29174613952637,71.22466135025024,0.556299613788724
0.9230993497131804,0.3849460754378106,0.7712366121949663,0.6892648613824085,0.8936934916885457,0.8087532474489827,0.7934250745329371,149.46724128723145,2.21999891102314,-1.0938698425889015
0.5914661171702055,0.9024257906029972,0.9170329538807932,0.940894147683081,0.9701250492921176,0.8860116276619644,0.9796374230438664,81.14986228942871,-2.2581015527248383,-11.284470856189728
0.8840907058098619,0.4897431431954556,0.9006063455249934,0.9450750964416824,0.6421823304836515,0.5918083533870054,0.5495712380647031,169.33295249938965,26.09428095817566,1.3068741112947464
0.7946579463876363,0.4838563334350245,0.7918709698580522,0.8910607987184979,0.0689635242942803,0.7116400740774018,0.7903062946760435,138.96249294281006,63.89303112030029,4.518546283245087
0.5060724702768735,0.6636334424971426,0.574101700384881,0.9185116174165258,0.2580419698580619,0.937305474374653,0.6965715480150891,170.29043769836426,151.66439533233643,-9.90425717830658
0.5859344155438694,0.9540999907446174,0.6451221210936884,0.9618851963070094,0.1501496265453247,0.6598432964886423,0.4675678304260021,148.83213710784912,50.667763233184814,0.2162524275481701
0.8605669924977419,0.5287501653015833,0.6674794710771558,0.9693403301768396,0.8630224567724432,0.8637404519695011,0.4884451251931604,155.7095422744751,82.60870218276978,-2.661684423685074
0.9122113122074628,0.5611530774318605,0.5488553177559027,0.6986752322167344,0.4084069859151674,0.9149907690789112,0.7316791557571634,147.30506801605225,30.075711965560913,-0.7571274116635323
0.5251415407382558,0.6457329037906533,0.671055633607712,0.680601418035205,0.2264389031495056,0.6980994112314709,0.5713059971774683,154.4835443496704,49.00919580459595,0.20395834557712078
0.8327299587907908,0.7914951808505106,0.5717701412295306,0.7002881265096631,0.4651766994031451,0.977403244576782,0.62085657784184,152.10782623291016,65.34292221069336,-3.9575802385807037
0.6208238550267691,0.9026534361202796,0.6642298209056153,0.7725016216994781,0.569897789919579,0.6174859545877853,0.7296592766336141,147.94331645965576,-17.614404678344727,-1.3108284324407578
0.5410488022489115,0.42755984185458,0.5683304646872749,0.7260104375851942,0.2975602445760817,0.7041698888379092,0.9316285143967032,150.12801456451416,47.3020133972168,-0.04402174614369869
0.4934542773646841,0.8054330308410953,0.7264811946968406,0.7923026096614206,0.8305966530197827,0.8534719176871701,0.6166279809928528,141.75748825073242,105.52378749847412,-8.930591940879822
0.4935443482789904,0.971966054083995,0.8327042020770865,0.9575806328369912,0.55453840330212,0.8236628105735162,0.7553990371112276,133.73787307739258,51.56328248977661,-6.286456912755966
0.697623708246935,0.8239243033286047,0.849210266386941,0.8455932831770423,0.2025465148772025,0.6400411949112768,0.800992056984883,154.61979866027832,37.732985496520996,0.6774864792823792
0.5032839221748671,0.5564883707313649,0.9577059732641088,0.8584650838274741,0.9492214395579176,0.9216677519400924,0.9721039298089056,99.84053134918213,97.07128429412842,-10.510994374752045
0.7777692018114031,0.4408333878761536,0.881555509708964,0.7073702407197008,0.7092498283327143,0.9057537426929596,0.7406446217001836,150.93036556243896,73.11602687835693,-1.6194289475679398
0.9005204464573138,0.4586369146674031,0.6113827405563926,0.8835309055202454,0.9048413225800308,0.8183987172020861,0.8545087185898044,137.10278034210205,-9.625907957553864,-4.851049393415451
0.6749593413963999,0.4924080854717545,0.8122888466860302,0.8479328143211662,0.4240200301108959,0.7965637765454262,0.8360761207289191,151.19973182678223,59.93312168121338,-0.4618580052629113
0.7854283598555369,0.5704776940339954,0.916134199594756,0.8443388241936944,0.6013913034232065,0.8449114349153672,0.869462618740305,143.62398719787598,31.878692150115967,-1.814190536737442
0.906816883245068,0.9445939007487182,0.6756093414071478,0.8576532394726746,0.4520209633305972,0.6324406350333858,0.684811894785119,146.31198501586914,-20.32715880870819,-0.2197764329612255
0.8999579250528308,0.3838444214229214,0.7615119400825238,0.7468453141507425,0.0349285843626573,0.7776186429079659,0.789833834330329,133.4222183227539,51.6454062461853,6.063871741294861
0.6138992546815356,0.8339343889368087,0.5427296693208633,0.8344389927755864,0.3495085884133743,0.9585752262555356,0.6173957458388689,168.70123481750488,122.79593181610107,-8.39568954706192
0.7552071957220596,0.4903056981337479,0.803921060690999,0.9265399396774824,0.3791581301208929,0.7757113673797592,0.841893099379591,149.0041742324829,45.83567714691162,0.7511240616440773
0.7044044312500931,0.5560644748007461,0.5781684909077112,0.8867718721896842,0.4683002733843826,0.878116345487133,0.4308712272291115,167.1185245513916,117.51641654968262,-4.365627616643906
0.5053832162457039,0.5730725635425603,0.9076023143843572,0.8707847775263012,0.5603122958839856,0.7576691460045324,0.4640477202315753,155.20974159240723,87.13105249404907,1.1695041246712208
0.5501570028048766,0.4345576916519716,0.7675062876802954,0.7090462921295902,0.9146352436632262,0.5876589608135186,0.3439031542071245,157.89741230010986,110.27497148513794,5.51721054315567
0.485482566890846,0.7042164049673835,0.6588284299965258,0.7973880125410729,0.7528052526287068,0.7642447788746947,0.7874401438684928,150.4693841934204,60.04801034927368,-8.658632159233093
0.5627517260213254,0.9403547509134744,0.6832228935387206,0.9754937241134952,0.8723329444753368,0.8757443394001188,0.5070787448171976,134.84362030029297,104.94204998016357,-8.872818648815155
0.9749300146667996,0.939207276492021,0.5414557141852887,0.7707712140761516,0.3469297915264245,0.7189865364718292,0.3949521398321034,127.29480075836182,24.618467092514038,2.2214525938034058
0.9463790995394076,0.7297687815671623,0.5239466585415798,0.9814896568584746,0.544430460601779,0.7482095290639532,0.4685205975686319,143.40603256225586,26.76813244819641,-1.27346470952034
0.8995582247262146,0.8161234599762808,0.5725311596000231,0.921485214123342,0.49057427407344,0.8785040570984632,0.5178459395932107,148.76928997039795,55.308327198028564,-2.335413157939911
0.9125126894487195,0.7413475337551497,0.5597453077811698,0.9298908713439192,0.4870000031944919,0.6291092712655642,0.6827986971678115,141.9981985092163,-20.964859127998352,0.13739175256341696
0.9534008334962134,0.579349919079226,0.934991526240189,0.835981514546063,0.6397944255889471,0.9035987956056668,0.4827279187522437,156.62026596069336,68.20071172714233,1.729255571961403
0.5436515702925159,0.5007354647589274,0.7585936180933461,0.9131339543793016,0.3247403142866055,0.8712054780199521,0.8331781174543316,149.7076530456543,112.23361015319824,-3.7260465025901794
0.7634969317317458,0.96103640430786,0.6550872585333377,0.7606214088586367,0.2183142990887424,0.914584151855335,0.4166137192155579,150.96828651428223,70.08223533630371,-0.34080903977155685
0.6491997933999918,0.4069545497749277,0.6435140054554472,0.8270992578088394,0.1617277288738305,0.6139424065798278,0.6906132430670417,135.1253137588501,56.72410297393799,4.317992597818375
0.5461026984663631,0.5849747671515025,0.5256124924984863,0.7537568161249124,0.052921663889546,0.7027169395480387,0.6309790499432634,139.53024101257324,51.08692502975464,1.9132209122180939
0.5148850069746296,0.3844495914233942,0.799428156990815,0.9905658474354472,0.6015578643847059,0.8728420539451578,0.874255445838231,140.6996955871582,122.53866863250732,-6.358782798051834
0.9248321580092524,0.569182967673773,0.879145605781336,0.7198063679183451,0.570369736460941,0.6991603114636552,0.6599311412677746,163.9807529449463,25.450387477874756,-0.4235852435231209
0.7958835341805319,0.735242152647665,0.9862609686762712,0.9656315834277678,0.6398921298782728,0.5851395669002846,0.5866210086545438,156.53115558624268,0.5877430979162455,-0.4631281644105911
0.8350297512779381,0.3707314039542221,0.7535652776443063,0.8525185811578527,0.6241848565839785,0.7090774109039517,0.8079471304854641,154.24606037139893,13.726560115814209,1.0208363607525826
0.9374702942704436,0.3798411979206356,0.5426642943414072,0.9109250556766822,0.7023621644243129,0.8216675501066182,0.9186647395392769,137.4570608139038,-5.776323914527893,-3.1379513144493103
0.543906152172111,0.4781184931522264,0.6953471423774694,0.7212606779244942,0.6249792698594215,0.8161235233026372,0.5913372952341962,164.88829231262207,108.2524938583374,-4.170911580324173
0.9945954626455312,0.9831703255551244,0.9817763203719748,0.991681716078483,0.2000681283680475,0.9821079324217864,0.5434941281656438,138.32340621948242,68.41949033737183,1.0168006792664528
0.7134999355048104,0.4228264681209027,0.6210437804266383,0.9269280289936702,0.1379695312593566,0.7865639976365519,0.9239971559705052,134.1813268661499,73.50729465484619,2.8221889287233353
0.6309796090762914,0.4597672537788984,0.5958606947406846,0.8436167451807817,0.6444324024401733,0.8786005543112733,0.8099705488225839,158.26601314544678,111.28096675872803,-8.741170167922974
0.9634542044449356,0.9421504812442494,0.937446328113234,0.7534189659225891,0.5865522849189253,0.927120552357868,0.4838616806034612,133.05601596832275,55.08607006072998,-0.3531363531947136
0.5842464294332304,0.909366183571682,0.936892717340326,0.8948887612767893,0.6905327159707967,0.711556176983662,0.4633286058723597,133.2994260787964,37.44297170639038,0.49838082306087017
0.919722316034649,0.6880478837420954,0.678976954489087,0.926792345107116,0.2628867073026559,0.7906960125467462,0.7723269049092929,148.5762996673584,28.645865201950073,1.0746172219514847
0.5290516669935,0.5784066954742639,0.971800145229455,0.9095346449255516,0.2591455025125714,0.6004366736648559,0.4145851476442869,149.1606149673462,66.52683544158936,3.471905007958412
0.774683954576332,0.6094616684807731,0.8501012727064476,0.8600052685455628,0.8478061534959042,0.8758361505880774,0.3532823715007171,155.65116596221924,113.62012100219727,1.4939794167876244
0.7858226081740688,0.4143769864968562,0.8009677424766294,0.8416785021372836,0.0793522816091918,0.88402240145588,0.7783037036499126,136.80433464050293,79.64278507232666,4.286415308713913
0.6245249028812829,0.6432054039640298,0.8285446870170297,0.8792419398382785,0.511164473868861,0.80469266285583,0.7906175540741636,149.5423231124878,57.078579902648926,-2.816139444708824
0.7805906460754557,0.5322812641175101,0.5343252609854976,0.896272195003385,0.6792523286013642,0.8284435320386483,0.64847484088867,153.200101852417,70.38636255264282,-5.057261049747467
0.9649824868556144,0.4112010621584554,0.9541799162263096,0.9267903476414294,0.4863928235070312,0.8758221459486295,0.4724090248058004,165.03272819519043,66.28005647659302,3.8908919394016266
0.6474446882668048,0.4495369138279351,0.6561400096270116,0.6843969019260583,0.84409105999608,0.9638466411646656,0.8936934006152175,151.33323669433594,121.74350643157959,-12.945890724658966
0.5050426794007599,0.8649696031868562,0.7170846506311642,0.7869851773371933,0.8319019085284196,0.7545178462639264,0.6752831220361264,135.51084995269775,41.708454847335815,-6.509986400604248
0.6947364327166201,0.9105797426949273,0.7635066339583505,0.9344636317031312,0.4161240630030439,0.977202197421254,0.74957281773424,147.04247570037842,98.34682130813599,-5.946940213441849
0.4955938252747636,0.5917021847632481,0.6314630393282877,0.8328699859796984,0.8562063774961648,0.7975492996972119,0.9126293946544364,145.42507553100586,74.27850437164307,-12.457634687423706
0.807019619192429,0.8447254295862833,0.5851195467323039,0.7707924348840747,0.408544210076766,0.7583445962469814,0.8825961638120909,151.93379878997803,-15.774052262306213,-0.41142862290143967
0.8526105296937067,0.9115239825946182,0.914025270525204,0.9076962838748892,0.6796433289596102,0.7534414566610175,0.7882310660537353,133.98668003082275,-34.71186804771423,-2.978972613811493
0.4580638884390939,0.8895665691226863,0.868440609889916,0.8508909453910628,0.7034245908237886,0.8447242921651826,0.4617881915163431,135.9695529937744,99.11536598205566,-3.91501122713089
0.9037457333228198,0.4025491795528947,0.9525200369484694,0.9375416152455108,0.4838459875781472,0.9612900925438416,0.4097594997342674,164.54544067382812,90.4672908782959,4.313726514577866
0.8223502687702938,0.5344032010817282,0.6377438426677261,0.8171952355288055,0.7060249319512091,0.9546003258090026,0.6978895720996252,152.8708381652832,92.78953838348389,-6.149271935224533
0.688086643477925,0.8078420037856939,0.974466352468774,0.9485817633610728,0.8781905782821819,0.8646211358727479,0.7498904348623222,107.4225206375122,16.229918718338013,-3.8135464191436768
0.4414689760619679,0.5773638751932898,0.8789210905593012,0.7863812104977397,0.7149064700586227,0.6280085280660326,0.673032115676271,145.72812938690186,42.6407835483551,0.08675375208258629
0.5383414747642141,0.7143029312939864,0.8768413666328121,0.9737421387251906,0.9838463712927256,0.9029962567353464,0.8021789619288857,105.85439395904541,80.81611394882202,-10.050317168235779
0.6933084650415633,0.9328186890830572,0.856928666985815,0.8058111971955674,0.1197518785554625,0.8845059074432675,0.6674562372167605,148.10177040100098,74.31179141998291,0.30698358826339245
0.8935110736686056,0.3639977143702337,0.5470841601097287,0.7242183950589592,0.7665725012686279,0.9096765232644276,0.6629644657088143,149.45291709899902,71.87292766571045,-3.46356800198555
0.4637898010319923,0.9629882886693558,0.9149268056875854,0.9395282669137942,0.7819754430291432,0.7893335379022953,0.7549450521291721,108.04119300842285,19.90865421295166,-6.017034947872162
0.8287697681004009,0.6904026796270691,0.6093206875129967,0.969255662917876,0.543656442245029,0.8125247332419856,0.6620646616915402,151.90539741516113,38.00833535194397,-3.2154234051704407
0.4478811335063763,0.9655703004663272,0.717404624049325,0.9750870158918736,0.305919496528746,0.8998147971535858,0.698272382642043,157.6464433670044,114.69897651672363,-8.213641345500946
0.7362278994088474,0.7128922596469092,0.7756621643286863,0.7614147192488442,0.7613534583160106,0.8422981845140569,0.4976122003228748,149.04417514801025,78.38639879226685,-1.809776946902275
0.5975607237671163,0.7089896956552904,0.9715025387811924,0.8887286338919627,0.4290670675093675,0.9047452021945124,0.5612266925596315,143.44149684906006,91.48510122299194,-0.7491622492671013
0.87494729214819,0.8378248726186948,0.5046946783832571,0.7848033732335523,0.1511268465290025,0.5874785185038802,0.377489566614881,118.20443630218506,44.55311155319214,2.7906566709280014
0.5248170933908094,0.8181344328826874,0.5521524563061652,0.8077541187875356,0.1926665963392368,0.7724586605068404,0.4178866729531175,157.8141975402832,72.19732809066772,-2.457160532474518
0.9145000900242864,0.4920476042930869,0.757128775197556,0.8463906709995851,0.3889636936702502,0.8574404886362391,0.4741513239838939,159.23889064788818,70.66299295425415,1.5141562521457672
0.8627447469613454,0.8596673348970991,0.6229151939706823,0.9778966425226006,0.134139774800683,0.8586474549774222,0.6724523826325524,148.13253021240234,59.590290546417236,0.8700695969164371
0.9849633644654032,0.5730922867597418,0.9180177982185972,0.7595673468108262,0.9675415496502466,0.858820950298829,0.5578991488378913,140.81371402740479,36.21947360038757,1.1897313669323921
0.744593296304248,0.8316535857236527,0.8702301929985823,0.7268593611270531,0.5020313472855416,0.9410897847577134,0.6129468748099037,145.16550731658936,75.34873676300049,-2.7654643803834915
0.5617644594388276,0.4782950376369672,0.8224858723749591,0.8992085052208685,0.9685878653705964,0.7320426122022297,0.6765633652748507,140.256760597229,60.974103927612305,-1.6524312645196915
0.8544158986299206,0.8075187959970842,0.966178626273606,0.809024388513828,0.7276171463731361,0.9737901523113376,0.963900919991178,112.94138240814209,16.305140376091003,-6.245151251554489
0.738446193118373,0.6811095036039378,0.9208242725681044,0.9312531245717874,0.6926657410524577,0.9263538454780654,0.9362108883248128,122.9170331954956,41.77629637718201,-5.715137273073196
0.4503954229075345,0.4771466754282863,0.8100048742450725,0.9644762684417711,0.4973998298894402,0.8284406198254439,0.4862041578469585,162.9097728729248,121.9090986251831,-2.698432058095932
0.5395746285251432,0.7108846997513515,0.5519209810191199,0.6941780029121732,0.9763045296488208,0.8089407894465145,0.7393087398868587,140.5844602584839,72.34642219543457,-11.75265634059906
0.5725258589759636,0.4260004646018083,0.571576778537579,0.8616269859756309,0.0808359508118111,0.8398799740087224,0.505007466163794,146.63813972473145,97.13679122924805,-1.4217951372265816
0.8255614823681103,0.6059716215304514,0.7872783345564622,0.9833714452133144,0.4431393503246035,0.9406051765358656,0.7847677613642539,147.54271793365479,71.96024322509766,-2.7012087255716324
0.9386725887235046,0.7773835408786064,0.5293825039490613,0.6958201954972761,0.6135207921948647,0.7710185897477353,0.5324407705314502,134.14160823822021,1.8076856210827827,0.4400380353908986
0.5317621007318662,0.5150646500448705,0.9631904948502358,0.7595317436771674,0.1146605871281365,0.7033628069080325,0.356197913775133,144.0994348526001,72.07458591461182,3.6880090534687042
0.6910747815915321,0.9256340703584244,0.91706855791967,0.8104714468332662,0.8325106951312822,0.8503582425677852,0.8922208495292203,108.90230655670166,-9.62550163269043,-6.89844274520874
0.7918564653719224,0.8251860069960828,0.6483210404936192,0.7477880998118946,0.1544321610891507,0.985982887548402,0.697295500262918,154.5734338760376,74.46762371063232,-0.7272249385714531
0.908880509080144,0.4012318819663556,0.939216169642442,0.9917107804071896,0.9011837009201256,0.7622616382773955,0.9558450168155116,132.827654838562,-68.29186153411865,-0.7793435296043754
0.9292275625896428,0.6698534150072605,0.8059293983222533,0.9122140870328797,0.7906295580305298,0.7811962121121323,0.5450775742622616,149.69127655029297,18.03694438934326,-0.34346451610326767
0.7006746347987876,0.8524538808515985,0.7622804258279936,0.7496176954573899,0.2691770140747248,0.9133146747152554,0.5072801240675351,155.42714881896973,77.88307809829712,-1.4428429305553436
0.5349327696716664,0.4208004446217289,0.7927359771998195,0.816183729322688,0.8556466472805521,0.7107601563698982,0.4384238517389553,161.24915409088135,115.04189825057983,2.0639217495918274
0.5477699323555332,0.4999740314424351,0.9803567241865871,0.8001368130742728,0.767850847711467,0.7256927097793283,0.5551980891230587,147.06739616394043,75.68209934234619,2.9492480754852295
0.7974725511760157,0.5632801736284738,0.7534265183478972,0.7359881748883998,0.4535311394498218,0.7446194443858618,0.9369210468167332,157.0503854751587,4.37924724817276,-0.5616112370043993
0.7203932415924533,0.5886935111013478,0.5133895453742365,0.761322954302965,0.1072715112882718,0.7488063098321003,0.5484125271545209,136.57631969451904,47.50428819656372,2.28022463619709
0.4725674264064582,0.3725216397205633,0.73279419752284,0.9464692202357764,0.3374126659086591,0.6776116620890948,0.3457033779875366,158.73192691802979,94.72559642791748,1.729602955863811
0.971890856462865,0.6108745053687105,0.5819851625676572,0.8240084174271615,0.5804428693079521,0.7505847899820395,0.3288379884025493,146.7550802230835,61.24880838394165,1.0052837133407593
0.8080600844435409,0.6822196179731176,0.9271926321672576,0.7415946841624729,0.0779243730470365,0.940640469918479,0.378878386258446,147.88603115081787,74.97454357147217,2.0907072275877
0.8932094386360261,0.5671481316670081,0.9244061950483756,0.7949692149243203,0.4103261754041,0.8181200487838302,0.3982059848525596,163.67162704467773,79.26227712631226,2.031476080417633
0.647834929169733,0.5244218006431286,0.5102932084167087,0.7748057805782361,0.4168626515658388,0.7951609214527146,0.9704487260111788,154.6763734817505,46.323246479034424,-3.9001984894275665
0.707992146861096,0.4523107768437588,0.825525058672626,0.8653340338373499,0.6785414607022298,0.6819317707081018,0.4948138024120451,163.474760055542,67.20735883712769,2.6908844113349915
0.6319093609661968,0.8494785813814234,0.6384131426968633,0.9915409419212616,0.0566432247043729,0.7855722710449224,0.4994928560270187,152.38395500183105,74.74993228912354,-0.6367096826434135
0.5458208322266804,0.8276812399258293,0.9710048164300156,0.8156914743512165,0.9403587279818488,0.6000214907109853,0.8365970643714857,112.49509334564209,-63.87286329269409,-2.6352433264255524
0.95188685662247,0.900368374972295,0.5925420835794873,0.8393081117068952,0.7552930627381476,0.7580494402981394,0.7333378951962697,128.06371974945068,-59.165202617645264,-2.0793983787298203
0.92514097215908,0.5036653941216931,0.5869226720907618,0.9700546142996204,0.3588728139240881,0.7175748081711922,0.7762806879866309,141.1585292816162,11.684916257858276,1.2385779321193695
0.7534076959327141,0.7113944482423356,0.8945405919112945,0.710958216081875,0.1655430425763915,0.9749392028938018,0.3534811802134838,152.07142066955566,81.49022817611694,0.9048932269215584
0.6295527848109094,0.778269580055018,0.9772094765357048,0.8841674831311096,0.732893055840563,0.8917622748930408,0.8011073000805682,117.04996967315674,51.5156364440918,-4.799692720174789
0.6017241914387426,0.6580282575292183,0.6844745778421306,0.8642101747249927,0.0785776123075376,0.5844571532223006,0.7729606927551002,142.22072792053223,49.12407183647156,3.640562891960144
0.5116090953222501,0.7205126145456641,0.8887962444720623,0.8016449950944851,0.6313146274367791,0.8931818668489847,0.9117965277424976,133.01716136932373,84.20929861068726,-8.496186435222626
0.8319626521680554,0.6179667872425916,0.5443676774410068,0.9936250055794168,0.285626514006036,0.9078551738591708,0.9113747033438786,145.12055683135986,72.59804773330688,-2.7001216113567352
0.4632632045385973,0.4134857219542598,0.7424291516745486,0.8016843914936634,0.4217426060228649,0.9744697247766372,0.603737883834996,168.03272438049316,172.19822311401367,-8.120440781116486
0.7773027177205054,0.9018135462031288,0.8764291549309623,0.6986454954575637,0.2854228367222998,0.7845614780864107,0.6051400015254411,151.66162872314453,47.70004200935364,-0.5048952642828226
0.8594357273573308,0.776747972426598,0.8123193291147783,0.9582753712843528,0.0900940736424322,0.9094920166692406,0.7715412384481748,144.9000368118286,75.58113431930542,1.8243975788354874
0.4413050647708256,0.5441419284539263,0.809739784202859,0.6802028262834482,0.9340566420619808,0.6590398788043725,0.9216293154290804,137.3176612854004,8.347047507762909,-5.869964689016342
0.7886208186300621,0.4271177190416559,0.9188234530426028,0.8964603497026539,0.292008725503381,0.8160573190931617,0.3880188466897195,161.23007774353027,82.17344331741333,3.9295717775821686
0.7907425641659852,0.8309298637395435,0.5296125292799212,0.7627079833252406,0.2922137471901344,0.6469056885941368,0.7441341613521553,144.2081174850464,-8.727234184741974,2.64493727684021
0.4871271223397518,0.6162596683078007,0.5540639169987368,0.7690747763873766,0.1237512162768548,0.7345283490010573,0.9093489520436786,153.78295230865479,61.41227388381958,-0.12887452356517315
0.8441484619319085,0.5566199482145499,0.8560926053254765,0.6948259906831039,0.9031606734356558,0.6865396630249364,0.986551873885197,145.9525671005249,-76.11446523666382,-4.074741423130035
0.5555372350943776,0.7265683643194504,0.6688876815332945,0.8543435344237448,0.3414635699703092,0.9295945281085702,0.5292441454647072,168.50411796569824,125.10120010375977,-6.668594837188721
0.6876835923984933,0.6268587264227876,0.514762185911486,0.8140261420422645,0.5480280692443191,0.6675405278661528,0.9637400191866156,149.3050365447998,-22.34836721420288,-2.177763745188713
0.5876175054283046,0.7466240111586187,0.6601813361391188,0.9358660522005,0.1455334794703483,0.9499388548726178,0.8349690635732709,157.7776689529419,130.9442081451416,-5.015737891197205
0.4984950570410874,0.9770837591800452,0.786470025949675,0.8763614321623852,0.03651415108544,0.869540869245932,0.5632156157019254,151.43214988708496,85.08903312683105,-1.2838311567902565
0.8794083178396896,0.4715867826283499,0.8694782881661571,0.7591830464046798,0.4252878591899482,0.6851655052028147,0.4820197585349208,165.35401153564453,70.44249963760376,1.8323931843042374
0.8155836359735713,0.9741405402571351,0.6546316885116703,0.9162525157718924,0.4089629636973477,0.7343991993831205,0.9625577895370804,149.08016872406006,-31.734113216400146,-0.8941104263067245
0.883624387705984,0.78764634543088,0.6192630048436913,0.800499636971756,0.97832823723493,0.8448638574292364,0.8877032438120296,117.18296432495117,-55.07491874694824,-7.50569874048233
0.6905846699409428,0.54478023510574,0.945125747223118,0.801364950811398,0.3332348326997212,0.7799365400391988,0.7622476143158196,150.012864112854,60.73228168487549,1.3644613921642303
0.5929502263808253,0.934730891811974,0.5380577075559075,0.8776804032863933,0.829710052088455,0.7278188992563523,0.5932752964935066,134.7028398513794,28.468149185180664,-5.8793536722660065
0.8245800526872742,0.794909251334939,0.9090628179942456,0.8846025959104362,0.7174398885497806,0.5797313764660851,0.3640989001693264,155.467866897583,44.662564277648926,0.7378810290247202
0.6387911732968278,0.4230494556873411,0.5228324749804628,0.9634458468355188,0.6139281488468367,0.9016477156271472,0.430001279060742,176.85551261901855,174.40889358520508,-9.054304242134094
0.8231176877679101,0.9759871434133212,0.9691596593412802,0.7301780762534555,0.0527273978362401,0.8501051633317058,0.3624398821912268,140.7621545791626,81.07416915893555,0.5074603632092476
0.5139887020307717,0.9216113290289002,0.9740442884736648,0.8572874471560219,0.3403928202387539,0.726842181760719,0.5790781679889621,138.22220134735107,48.17079973220825,-0.185951576102525
0.6341023609008316,0.8816946928269268,0.8405682317321707,0.7861552346854909,0.0377124928161681,0.9402893638280692,0.3372028994363227,149.45353412628174,78.15016031265259,-0.011037221178412437
0.9105467584628404,0.879816484684572,0.9778542589402524,0.780722527610967,0.7017608615932498,0.8727016325826688,0.5871264855444046,130.72643566131592,32.19583535194397,-1.1861884146928787
0.5849321807247027,0.5906926547314894,0.5748647343002591,0.8244422575363524,0.4964311609130262,0.7628698028726095,0.4654313127172855,163.04393196105957,94.84125137329102,-3.3466351330280304
0.5525212094288139,0.4466279988550685,0.7403399743211843,0.8134568303640453,0.5935956252367592,0.7483622684086324,0.6462481001035807,159.4649419784546,85.42533731460571,-1.5876817405223846
0.6548443289506545,0.792807097533175,0.9345830398265318,0.856536873984918,0.9106783342233448,0.6140369728666275,0.939345498078985,121.53765773773193,-91.86148500442505,-3.9957844614982605
0.6601604711385304,0.7803991491338229,0.9478528485898056,0.7333570247692512,0.1923967663946064,0.8930839705022573,0.4915360646999368,147.70061492919922,77.94476795196533,0.37381986156105995
0.5098747688821565,0.4883781811610705,0.5351212973571592,0.920551877685044,0.0997011149000685,0.6238111864676724,0.5595821741509394,132.563250541687,69.84652948379517,1.4273457266390324
0.6970893881224898,0.6791251823827296,0.9427363749526332,0.7767293712305327,0.6268702416882311,0.6337449068755574,0.4499407016471413,157.18795680999756,60.472193241119385,1.6044412404298782
0.5800934779663324,0.6807245540776519,0.904733493910744,0.8084985690237074,0.7098715347532599,0.735370225072673,0.6637474343754532,143.26409435272217,44.02609133720398,-1.3398588970303535
0.9935939376483144,0.840667997934635,0.802228300973802,0.6868197021306395,0.9595383182606356,0.9054240783161464,0.8035660848740618,111.80915641784668,-45.6937313079834,-5.058582842350006
0.685559611898078,0.6528040601074901,0.6976023713126525,0.8397338218701498,0.8559229332313686,0.9895678618738192,0.5054813455824607,153.29662036895752,165.5503225326538,-8.388954877853394
0.5825638135716538,0.8515746125042347,0.8891305238109197,0.957097359856132,0.0675144489953757,0.950265134756855,0.6051111555911535,143.68321990966797,102.84863567352295,-0.8846832886338234
0.4666890010492325,0.6584139225175636,0.6101740965988934,0.9860726534455726,0.7592185705424345,0.8507320887691613,0.9290747784146048,147.0558614730835,112.63735294342041,-16.287386417388916
0.8916715965346831,0.8457131665727096,0.8866064518798893,0.7835373916263831,0.2965535348273653,0.9694667523092622,0.3776904414283859,149.26247310638428,83.41944313049316,0.7659300118684769
0.6880997784914569,0.3707468704769704,0.5507401019097267,0.7968336341774582,0.161589489360455,0.9213851580074096,0.6840960346332848,145.96063232421875,100.65408992767334,-1.3752086162567139
0.5691333561792674,0.9744917574291884,0.5274774177501472,0.8658446862229352,0.456265242189784,0.7684061157729962,0.3306691894368892,154.11003971099854,81.3874135017395,-3.399697706103325
0.5672357688689832,0.4646233197795599,0.8391390973160693,0.8354970485514481,0.4662980595106321,0.6944005332735192,0.906701792210121,148.09337711334229,42.946204662323,0.1181261707097292
0.8411718520102704,0.4393804927363074,0.8872039935696152,0.724360792021715,0.8535838433518459,0.8149657841952928,0.3862095393859672,163.25440502166748,103.86530780792236,4.25434422492981
0.7550722038129423,0.7894312643440488,0.9744328697983132,0.8884167581687202,0.8393650606018707,0.7958579632650077,0.9444136370039624,114.00087547302246,-44.39308786392212,-5.014054447412491
0.6781564623316818,0.6735491806223757,0.6502367270045404,0.9087392011861358,0.3903369099439231,0.5943202878023374,0.9056544821523188,151.04090404510498,-6.6979591846466064,0.48998798057436943
0.5091081558007297,0.6027977912682296,0.9400162073438378,0.6953690698943611,0.1880494545864964,0.6244717290578149,0.7505888713776,148.44137477874756,54.72760248184204,1.7821389883756638
0.4918619924260765,0.7355297171318886,0.525748281183814,0.8230008808747806,0.1030098906192709,0.6268191434354852,0.9563320783970736,150.52847480773926,33.2657310962677,2.8245128095149994
0.6435936471486631,0.3773777999933722,0.8421118693910319,0.911228615363438,0.2298162180365387,0.8034419239223451,0.5517553102671154,149.39659690856934,84.95113134384155,3.177638128399849
0.495584527443967,0.6240810642308936,0.8813374333878867,0.9099696726941102,0.8804673445493774,0.9198626677260784,0.7965053739455129,121.39338970184326,120.6593370437622,-9.85618656873703
0.4422670299705484,0.986882001777234,0.6915396497500829,0.9023091788040684,0.6553153033741982,0.661346991027959,0.3874158295061006,141.8384494781494,49.98574900627136,-1.8805922716856003
0.8826367404663356,0.8115138557075379,0.7050508468599795,0.7585657098889655,0.6994790955706179,0.9714611066890696,0.5744768412394744,140.23257160186768,69.56706857681274,-3.788996785879135
0.5329290741713627,0.6444930119994913,0.7643111798259362,0.8523552478450488,0.0486203686101006,0.8753417792441968,0.3239174379710874,155.77446746826172,82.11347961425781,-0.9894874393939972
0.8766100483789852,0.6810118115238482,0.5393320329787377,0.7354027109561697,0.1174170533920013,0.6121987969082497,0.6650670799190321,129.26342964172363,18.30125904083252,4.581360995769501
0.6153156850546256,0.9878592286658272,0.9345382339451108,0.8263217236121413,0.0782189813236758,0.7711125669397523,0.6266939608282758,142.74877738952637,66.20988512039185,0.8607753962278366
0.7034198582153677,0.9125487290379408,0.5736325893937965,0.8402220801015854,0.8487436089073104,0.7977811092396874,0.6060520261890119,131.73891735076904,31.449668884277344,-5.550189822912216
0.8850859350570479,0.6027381304667687,0.8785715367871392,0.7112448823397041,0.7784919447311209,0.7013891145259009,0.4303234703788991,159.21877098083496,61.082927227020264,1.7125657200813293
0.7761873179061847,0.802188578367506,0.9131304375196536,0.899497909598075,0.2404875320227043,0.931971921501416,0.8544595054080106,140.63920211791992,75.27465915679932,-0.49349499493837357
0.6976705462875576,0.7618012422803684,0.8040056054105408,0.7089574949515862,0.0461587202124486,0.5845440648369442,0.6670133962457347,149.65438175201416,60.08085536956787,1.6832322478294373
0.5960543466058704,0.4461274353991316,0.9885404924559852,0.9664088406631888,0.8406642977903789,0.7444069782084719,0.4083233151225435,154.6713638305664,81.77737188339233,6.2903265953063965
0.4704938235060693,0.9378874664785432,0.8245408625301777,0.7048280138780392,0.7865234739204804,0.8923677495323697,0.6252992660585408,127.075514793396,95.6455659866333,-8.575591325759888
0.8518814722987438,0.4738223841720751,0.9501935839712804,0.8714645835702381,0.449384909519447,0.6806438631862929,0.6410367674324263,163.19337844848633,46.87478852272034,1.846695825457573
0.8975979120826734,0.5288866629278921,0.87296535365373,0.968479918885659,0.8121456882696401,0.6268027701365274,0.9769718714219652,146.08049392700195,-99.06486177444458,-2.2130644768476486
0.5911069046937867,0.5081629991115678,0.919541722828275,0.9642715250565436,0.581398621218555,0.7938287880826296,0.3827193212635737,162.76361274719238,92.20109510421753,2.6946363747119904
0.5984410349507587,0.8178723768563856,0.7084514892751885,0.9197647258751036,0.0745854645762282,0.6022986474665386,0.8675812246021706,148.18041801452637,41.49986433982849,3.124149724841118
0.9002413427345723,0.3953062572848937,0.8132356920872731,0.6975446745031693,0.6961352656268048,0.9203987027232078,0.8206372948277814,150.60300159454346,42.04968309402466,-1.6489507481455803
0.4460245663826351,0.392156541788508,0.6843611261963803,0.6852720016737776,0.6673327213238701,0.7982572824910412,0.7002351597277136,164.10915279388428,117.59583854675293,-6.307145118713379
0.4605463174169463,0.5477913586919994,0.8466947852449049,0.982117635206979,0.3589948836824886,0.9223212544351644,0.8414776710639937,140.0210657119751,136.79218196868896,-6.092251658439636
0.9102585037359257,0.7211096372961561,0.5251928856728246,0.951242272485234,0.6924500831596723,0.7287330540650465,0.8163438992608854,136.42800903320312,-50.63788175582886,-3.032383993268013
0.651241215911951,0.6086961111622212,0.6380104471286813,0.886742500960252,0.187425666965736,0.6904679166813916,0.7523413783458883,147.40420818328857,52.054516315460205,1.5802051573991776
0.6476643408495218,0.3789584971885903,0.962543170183495,0.7707587992855497,0.1449947893799489,0.990618083972222,0.5809049618421727,140.03388690948486,98.90163612365723,3.336255118250847
0.6266424422471548,0.427625237466967,0.877944496654454,0.8525853417807449,0.3080223985086191,0.9402900211239252,0.4391179989797728,159.7514133453369,112.51006507873535,1.0503612235188484
0.5957426233631817,0.4390502937718463,0.7036461439654037,0.8542039951051457,0.883003788129865,0.7974433418668373,0.5611544549428413,158.45353603363037,119.23741245269775,-3.479922205209732
0.8211706797640547,0.3941563903619861,0.5670571302294662,0.9687060656576651,0.6293775510319939,0.8962946009304416,0.4176634016632418,167.736967086792,128.0905637741089,-3.843671441078186
0.5054505919644431,0.5474292519721256,0.7651465184405641,0.9662360004633856,0.7736439543842721,0.9444371276168716,0.4256032509200774,168.5402889251709,190.2728090286255,-7.865819811820984
0.927201965136394,0.3843613576437737,0.9594587809471402,0.8543277429397349,0.8789226220281866,0.8325969470042525,0.8462134416195668,140.85167789459229,-5.644410565495491,0.384709008038044
0.9949632585979558,0.4110384983331447,0.8203018349631036,0.6866571403663607,0.972475508856953,0.648759211132059,0.9244261008818428,153.4071683883667,-90.71273994445801,-1.972309149801731
0.8885571361583677,0.6231937611252546,0.5521177537670728,0.8175820869380317,0.922320617470078,0.6155903568279102,0.70621442303115,131.27958869934082,-61.69818735122681,-0.7693460583686829
0.5599236751899441,0.7211296408844174,0.7062579356414798,0.8585350908791709,0.3110431497811963,0.8857503199788,0.4305023282857059,166.46107292175293,108.44022369384766,-4.064122498035431
0.8611099246912453,0.9669801085237404,0.6507780668613314,0.9206235013054253,0.036783500448924,0.6690866970640732,0.318437922285349,135.06050968170166,70.78105449676514,0.8375014550983906
0.911207638437776,0.7378925369293303,0.5757280105443997,0.7806021646705094,0.1883634599522261,0.9440138812901856,0.9257641554390574,147.1882619857788,38.47304105758667,1.6130449250340462
0.5022792293564631,0.7973771731096017,0.9575539637805796,0.9590307378611268,0.2858567323075707,0.6798413859048696,0.6639461425820576,139.93420600891113,41.300455808639526,0.6467389054596424
0.7811705016485406,0.863353894606188,0.8791504875051837,0.8392393734151871,0.6520534144762865,0.8140058542504961,0.9620878482943468,133.14474391937256,-22.585135221481323,-4.941201269626617
0.5149360975872554,0.4438062445763908,0.9167137362574812,0.7769850265652387,0.1382408517926799,0.8791122288850348,0.9823676659809067,131.1483097076416,106.56113529205322,1.1735378801822662
0.8028815913222342,0.6361240480935574,0.752905187564543,0.8017318058935898,0.2421934229817647,0.769086586819514,0.3363383053647834,155.34472560882568,75.7218451499939,1.2222014516592026
0.5337753068893598,0.5648116344789,0.6668104898397128,0.755558932131495,0.7679992189841645,0.7558336632716618,0.3200111582583642,164.77972793579102,133.72200965881348,-1.4043183326721191
0.4993404142474419,0.5235043374583034,0.8632702064306945,0.6882666995845271,0.2127560035767862,0.8896747872710896,0.320643869393878,158.480131149292,86.27956104278564,0.0531866904348135
0.6399461289234305,0.4212064017388368,0.9524871422282296,0.9711893644155783,0.3294387454571258,0.9648601649743712,0.8420063187601525,128.87497425079346,113.93485164642334,0.27259280532598495
0.617985821176239,0.7473075972835641,0.854445601937859,0.7646425059967243,0.5223033249742984,0.7135052259475173,0.4916105776317196,154.0792589187622,60.038997173309326,0.040866702795028687
0.7747575447269113,0.6455879138507505,0.6818271996286118,0.6972545386121102,0.1834366326990128,0.922844593958822,0.6494336243445933,154.09679317474365,61.07539701461792,0.06617433298379183
0.731974924123202,0.6016799565400632,0.695918356750399,0.9721709912453368,0.6393306522651763,0.6186996851089023,0.9331756554787548,146.7857437133789,-44.941219091415405,-1.9392308443784714
0.8879211224973198,0.9612438923328066,0.8759143489703614,0.7592226543775381,0.8491809577111047,0.6804849372052897,0.6620343198763243,126.88037586212158,-45.49655556678772,-2.3786167055368423
0.6154302222447842,0.6802287137741925,0.9636731270283728,0.8511034541448662,0.5221052145249928,0.58161137505005,0.6359356507483823,152.61469841003418,30.1509006023407,0.8575147911906242
0.4767520708333536,0.6507321910471942,0.9812014965128626,0.7703487762605985,0.6131219212547404,0.8834753222871877,0.7349178151480797,132.33620738983154,97.51131629943848,-4.295972377061844
0.841473459621955,0.9336914870020068,0.6775697103766223,0.8479893392236453,0.7458705667720188,0.6981677146866644,0.6234058004999552,133.5823678970337,-27.343830585479736,-1.409050464630127
0.6103208642904531,0.9543265250281302,0.7478524886020789,0.6880099498322,0.6712065141768789,0.8256309402913846,0.4550851099946252,139.8434295654297,69.3579969406128,-2.80769120156765
0.6983402496425075,0.4802679706239014,0.5339846041410186,0.67219319205803,0.1005663627639196,0.6201493838595176,0.4271867033328143,120.86784553527832,43.66245365142822,3.9276722073554993
0.5139062986773139,0.511921775935417,0.6308395865711103,0.9887272149429148,0.8578968829483788,0.8173542471007819,0.7214755054430064,152.47721195220947,121.07879257202148,-11.164583086967468
0.5156599408553268,0.6470771681656216,0.9462112099483584,0.8772331190488677,0.1741607722327249,0.636953352245137,0.6702122726500439,142.22052669525146,58.46626853942871,2.4422634541988373
0.6691698839093294,0.591219297241018,0.5535930032645636,0.975953726386046,0.6987831781141346,0.7972594595532287,0.8918720696499387,147.44568157196045,44.28802132606506,-8.849888503551483
0.9201447716025764,0.3776429859409473,0.7302714267850346,0.9840698452580297,0.9532335765793404,0.9810749422385008,0.7009446226874029,141.33184432983398,84.95443058013916,-4.811319321393967
0.4866262052365175,0.8886097998529419,0.5649093745958208,0.8301248972670396,0.4600243119942449,0.8661427873979317,0.3762823770799423,169.09087944030762,123.03714370727539,-7.90048611164093
0.7069979171291689,0.8127526200008623,0.7770405311603172,0.8805501214706127,0.1736493396807454,0.6784460989063895,0.9479527292130584,153.9417495727539,30.723469495773315,1.6422875970602036
0.5034598147435861,0.672675348305012,0.8587657141814511,0.6851427535985931,0.9883344996633536,0.8511311297957531,0.952083864082911,116.81134986877441,51.7586464881897,-12.056422889232635
0.6168526602919344,0.732843093983133,0.6437505058297519,0.8599047574659481,0.90690743433727,0.7632834740067344,0.8992634409364744,133.0163927078247,-1.1114552207291126,-9.361044049263
0.9128739479696312,0.4897767800544051,0.9413082221297516,0.736461050969558,0.2256686707259016,0.6878300136147504,0.6714390750137569,160.77404308319092,67.21240377426147,0.970884382724762
0.9132827061789252,0.7177882459549161,0.742215805241653,0.6955452183293368,0.2076864737834928,0.8165483905439213,0.956031417688764,155.6509656906128,10.29206120967865,1.8538760095834732
0.5821997150067754,0.5237152133293185,0.8503893813989434,0.9901021603800884,0.0689711764455622,0.7822771767807097,0.517414895989677,142.74859714508057,76.01429843902588,2.411508157849312
0.933852838114154,0.942148499627474,0.6568975799014707,0.88198998160404,0.9727665163376332,0.636684650365987,0.985805816379408,112.60182094573975,-192.83203125,-4.824220657348633
0.7679858650617968,0.4983948561389139,0.7746425071891827,0.6920262646129168,0.2759264297619806,0.7670696223304752,0.964132729577888,154.98265933990479,28.267817974090576,1.5959330201148987
0.7465384590154056,0.5780282491091111,0.7059465917309599,0.7967568143557919,0.6934165310225723,0.8750925397038078,0.9229313816672268,147.40447521209717,40.60633397102356,-6.56757390499115
0.9833423935942908,0.8112692065755855,0.7555857051627612,0.992552425544304,0.0341494131500872,0.8894193995168773,0.900688333581084,140.9745750427246,60.89969539642334,3.794291451573372
0.7904890913699982,0.5204958774633058,0.6723853148287018,0.9474058347721256,0.954830360018698,0.92066163023907,0.8066779029559257,134.9741449356079,69.70762395858765,-9.279654502868652
0.6711640057124734,0.910765190532865,0.9038938174058448,0.8012153368534394,0.3827720671888612,0.9552414112996744,0.8489805752395008,137.4379653930664,78.42228603363037,-4.257271111011505
0.7062294227272095,0.5371005536439474,0.7662709808765744,0.9657889706233816,0.405395100393991,0.6937724170487024,0.3223719270458208,165.18979454040527,79.51311922073364,1.397383775562048
0.9857733803791616,0.884926362888295,0.5597424131672243,0.7874713338746412,0.7487804659363531,0.8598076329928732,0.8433298066910695,125.1555290222168,-60.17446422576904,-3.5795476138591766
0.6925868634790123,0.9578917618858148,0.6119252160181428,0.954519392548264,0.9147628642215774,0.8738195198741284,0.7435315028062044,120.5569257736206,32.76960563659668,-10.550896346569061
0.5774716266766755,0.4750145964158276,0.983605831068809,0.7570165962912041,0.813752638674634,0.7373953769212868,0.9455262954851708,131.9946117401123,19.623637795448303,-2.3493672013282776
0.7117114675449443,0.6651138827389826,0.5129476661354724,0.8105084376224051,0.1223356698622374,0.9375275198279374,0.8130059878075029,154.2510118484497,90.42766094207764,-1.8228347152471542
0.5582495526536994,0.4504319173321648,0.8593139781387039,0.6704969377027541,0.1110403922286273,0.9343012685722198,0.4327663821711586,151.04980278015137,77.43178081512451,0.8286425545811653
0.7389670959429808,0.4406844397939931,0.6048900627353958,0.8239669687235447,0.7865923479139221,0.7682414010262282,0.6485534995150848,154.1108045578003,63.84339952468872,-2.759262815117836
0.919669939639536,0.4016503621001692,0.7792156233744635,0.9799138092460586,0.631075102654298,0.6110800413183279,0.3866326003822328,170.21292114257812,56.09892511367798,2.415164567530155
0.4667194754566477,0.8236373774506769,0.7625982425695732,0.8668501315917376,0.7550341974853814,0.6051424321375194,0.7868088723192161,136.5794973373413,-20.093279719352722,-3.5422832369804382
0.545583273786556,0.5350728578478374,0.6610777140876559,0.9018608242119864,0.1276810838463789,0.9561028047626126,0.489170594514678,163.9065341949463,129.9032850265503,-5.1185177862644196
0.8555066394180242,0.6034395677180171,0.5482799137500834,0.8774047555260336,0.2432467073082568,0.610848119358671,0.4751970314961987,133.77774143218994,47.64191818237305,1.9201752543449402
0.5409813993560371,0.6253886749604225,0.8590521869101313,0.7825554136287952,0.8505743566718571,0.8174885632895542,0.581996107943231,142.59802532196045,97.17714977264404,-2.9932321906089783
0.5534130492284037,0.7033762838444387,0.8117406378957628,0.8359072604650636,0.9627734654870104,0.7014317608819695,0.5086831349138207,135.63773250579834,59.442811012268066,-0.40526896715164185
0.7684279265702295,0.6019143368732102,0.5363989943872779,0.6878043224427011,0.8905456984275031,0.7889521367383783,0.5234789588872188,142.81635665893555,63.213571071624756,-2.9024035781621933
0.7154112347473076,0.9001931861772908,0.8672982940648875,0.9928552742663472,0.7665098823195836,0.5780701644723,0.9447737345548765,130.59766578674316,-115.37385082244873,-3.8284299075603485
0.4558461523095721,0.7675921378224512,0.9016573419858582,0.7392106080420171,0.2272716876074311,0.597230314680461,0.9290660213734484,150.5851411819458,29.175468027591705,0.31041823513805866
0.5083382586803453,0.4664661790457534,0.9243456712305562,0.9728637248785768,0.1077561045063672,0.938992980805348,0.4823793336973503,142.86174297332764,100.86995029449463,1.1989202853292227
0.8702535100049934,0.4924868510458991,0.7588767679347708,0.7328387494990565,0.2713920869433359,0.6680552726642426,0.9610881542889976,155.2841329574585,10.312968015670776,2.6049056202173233
0.6867649779626595,0.6135062687170382,0.8163809884622633,0.7426114330345412,0.3713679172384738,0.5922116413251982,0.756587342551202,159.17711925506592,29.167850613594055,0.7645706161856651
0.5881546381092765,0.6610600381347869,0.8769764133416511,0.909907377070125,0.4236726705092234,0.62498062050443,0.8177793687856216,149.06503868103027,19.674676060676575,0.20378369837999344
0.5866063983739128,0.6506369566172505,0.9875222330002604,0.9943291307838756,0.36863263665934,0.9923078764176952,0.8095944862680103,124.60858345031738,116.46468544006348,-2.995812714099884
0.8183490080568958,0.8658241177316717,0.7039092941463314,0.8540727911931888,0.1999387190228405,0.979027033198955,0.3805294659343716,155.35539436340332,91.36210680007935,-0.8358650952577591
0.8160646259814661,0.6043434710923654,0.9880604893752024,0.8631981512161014,0.7666286163167542,0.8256582856178638,0.6435199135037215,142.67360496520996,36.74180746078491,0.5719056501984596
0.8343096760362503,0.8634220316099797,0.6141657280166806,0.7954443665535595,0.493887887515645,0.6533578568576673,0.4586043380180538,142.07743072509766,25.023938179016113,0.7179962918162346
0.8028918268614263,0.4025781355911315,0.750089268459617,0.8595151859440401,0.780051683093752,0.6773702303978464,0.8846723786622595,149.66674041748047,-20.513548254966736,-0.6234704665839672
0.706524885233498,0.407024835771736,0.6765832398536379,0.8182948482562683,0.6769179612715676,0.6843581602322638,0.5659805510417077,158.92919254302979,63.98286437988281,0.9936123415827751
0.6663392754447982,0.9115017618854004,0.7190294479523205,0.8529281750665092,0.5416263991660096,0.6248116062426912,0.6148550579963371,147.34263801574707,4.280398219823837,-0.6993690244853497
0.5897913909958434,0.6376225495396595,0.6948769148837253,0.8769579949591744,0.4264889333415649,0.6528221396260077,0.6614999329986981,155.08194065093994,43.03304171562195,-0.4360046572983265
0.5630366854902258,0.3977269299960184,0.559243167172787,0.7071745631985852,0.925350118969522,0.7598317263420653,0.7736803950299067,152.3697919845581,84.34462881088257,-7.854145348072052
0.9467748082341064,0.4364912351540692,0.8582594341167304,0.688572922870016,0.4182240078232986,0.7190407613649216,0.6747931564523171,163.34625339508057,39.25524711608887,1.2507458925247192
0.4589261698290592,0.4683390080914107,0.839116606553333,0.964199689110486,0.6065415954458777,0.9553311772620544,0.967335417873768,130.86593341827393,162.52279090881348,-11.266509294509888
0.8212106979986566,0.720691727405867,0.5469415694376044,0.9287600814918852,0.7230286922847674,0.6186298578037286,0.4684080964815349,140.91753768920898,13.125723361968994,-0.2674998342990875
0.5650706887255111,0.7232467531046473,0.6743629406129421,0.8518267555265504,0.1935985625827874,0.838023330500838,0.7002058995977014,158.5912046432495,86.13881874084473,-2.522379219532013
0.6962854629096876,0.6034251157554337,0.9855011545164836,0.6967811084211288,0.1291698367228833,0.9564205334772772,0.335864177263679,148.1802864074707,77.04909801483154,2.3716403245925903
0.9679262588142457,0.4343370422795291,0.9796345118769428,0.7128462739679253,0.3786689213048292,0.8720497880208365,0.4097671092877605,163.80498695373535,81.21593856811523,3.349054217338562
0.9753470936549188,0.3725859295131649,0.9884737100387836,0.748234020812813,0.9696057449309278,0.7834617551709405,0.4197126290359436,165.62502002716064,80.57079839706421,6.362211436033249
0.5770204717928888,0.932767332750008,0.7555214500759546,0.9775783426289216,0.4665691352777861,0.926673920641701,0.9801604952025698,139.99268054962158,87.30237102508545,-9.469422578811646
0.4646732542176644,0.6373581862836581,0.7249950267699995,0.9080913482487284,0.0367638371039261,0.8433237810004133,0.4758810376112434,153.43061542510986,91.82496547698975,-1.96023391187191
0.9822705552880686,0.7262218479890347,0.9341205095441424,0.6736805257739304,0.5347010230136982,0.5969611471569021,0.8073136733541473,172.2239875793457,-4.609742701053619,-5.173415094614029
0.8131704637120352,0.7991535161377734,0.8419283945006567,0.7458063492700454,0.2850673470275415,0.8396704368378289,0.4264794437332359,153.6329116821289,69.26560640335083,0.4560181200504303
0.9033588655043684,0.6307250716311941,0.7242267463792729,0.7481175092734111,0.7265804799414513,0.9191267563514072,0.4026486359871231,153.452654838562,92.71947431564331,-0.4138467535376549
0.903168666350248,0.5609724053966967,0.6890083948730948,0.9382843807684884,0.745352249012442,0.9583977905170318,0.4365310363322385,159.97455883026123,109.57488250732422,-2.7306614816188812
0.6892201126771802,0.7079078467584481,0.9124291908887578,0.6970498148726334,0.732827796056154,0.7777614709789639,0.8022988683679229,141.78782176971436,16.248135209083557,-3.586120754480362
0.7764669297209283,0.8742967978342946,0.6267841442454097,0.8443006835523574,0.7893878039980328,0.6126089258660998,0.4878048417045983,133.58440494537354,-3.4676211029291153,0.23746425472199917
0.5624306664519172,0.9611816052286962,0.9344101151992888,0.6847461099945231,0.8765120600346132,0.9717745889491534,0.4802503539683938,105.54866123199463,125.95620632171631,-4.8377536833286285
0.57430144065196,0.5775171324121031,0.9669322609853004,0.6942648961145549,0.3795682547433135,0.9214315611725552,0.5075386269626212,151.40138149261475,99.32120418548584,-0.1723159020766616
0.7309576092678435,0.6776141391525232,0.5369340891008146,0.7645204939032566,0.8262817244472055,0.6523754508477887,0.8843849051402419,139.13565349578857,-61.174116134643555,-3.7506506741046906
0.92752701257067,0.7000294116286647,0.6918266040826886,0.7993061637363793,0.4184717445481669,0.728469479448663,0.3636593067988989,151.87474060058594,60.219614028930664,0.7233800888061523
0.6592622722381617,0.7947305913266487,0.9778193450451074,0.7681993875870529,0.9138648619924532,0.720599317688035,0.9861756134955229,113.30453109741211,-62.71734046936035,-6.1088546216487885
0.6116479794722907,0.8553150542695946,0.9245450896915968,0.9271062273574312,0.9822795502858388,0.6392758681670483,0.8567839157437487,105.6533784866333,-89.38501596450806,-3.599865138530731
0.707683119009558,0.545018355992016,0.9457212380936568,0.8517408921195384,0.4249217296680448,0.9473690890202496,0.7309187231971934,143.6727638244629,93.70997381210327,-0.5862835850566626
0.5026935142448479,0.8329109264951524,0.9310160978806952,0.6979948694641973,0.8524060489070414,0.8273394052808611,0.6298882937005974,119.98919010162354,69.73396301269531,-4.56885153055191
0.7338760681268021,0.6241542113186858,0.6140505930228071,0.8956583676973247,0.8698967511722309,0.9422645587417672,0.6672768354702068,147.51233386993408,117.8380937576294,-10.20248132944107
0.8375586845341539,0.4597830409677387,0.5597388397506794,0.910061280792699,0.8335215037901699,0.7764514978116013,0.3841064682586553,157.5803337097168,97.26657819747925,-0.9442173689603806
0.7040288597022877,0.6376639068007715,0.8637856899481189,0.7533156356126616,0.9166836321613282,0.6343297862236335,0.3173037076983079,150.7983865737915,85.28204870223999,4.608425348997116
0.8815863186183966,0.8317049047312508,0.966671843286477,0.7084184178618647,0.1099402492302561,0.5850953151183603,0.8392853422402102,168.8388671875,73.49774885177612,-3.285180941224098
0.5524358406102001,0.6967296337519389,0.6564998667191176,0.9497782111839892,0.9553176593165787,0.9481989253709844,0.4022616655509295,157.9845027923584,206.43184280395508,-11.180088639259338
0.8517551112563893,0.6560221188926951,0.5531266445588383,0.9442056286169176,0.3248798895072139,0.8410050831471635,0.5511395519694989,151.04900741577148,64.38099575042725,-1.4075543209910393
0.9001658057874639,0.3761907540301875,0.6944908289034974,0.8657029772885732,0.1803060079159891,0.6343904667482707,0.3740421545700894,139.3523292541504,80.55785036087036,2.6410239338874817
0.8427048468448367,0.887583005515162,0.6945926155086484,0.7275655648682847,0.319318128356757,0.8049751901258614,0.7546781730079702,152.56175327301025,14.422141790390015,0.19083459302783012
0.8608670586983149,0.6838791498859317,0.9774258580097656,0.7430073085658137,0.4971908134142391,0.7118653006598376,0.4394722819013462,162.27309799194336,72.35805368423462,0.16414406895637512
0.905839893627992,0.5566126818575271,0.6589678403697399,0.7234747632661216,0.1115399204215098,0.7877169221198965,0.7978906019720455,141.86968326568604,28.04186511039734,4.307018756866455
0.4648929129276873,0.8776007502427156,0.6371064368187349,0.971071182735049,0.5853543520752537,0.8590873892681435,0.5507925902691687,161.58166027069092,120.33119487762451,-10.41607528924942
0.6984282499195771,0.5999428445674062,0.5677126286810174,0.9839897164276256,0.3025856430487178,0.8092332674001693,0.7413873787854365,152.35861492156982,74.72107410430908,-2.8450312465429306
0.7619056475454082,0.863532903424703,0.5449859112528435,0.9276108318562324,0.7258431634800163,0.944213414339342,0.5266714974463185,148.5173921585083,109.12899398803711,-8.555199444293976
0.6448067811700577,0.3778976552928428,0.905817060596428,0.7520966245980406,0.6439633688240339,0.8886763381953127,0.7762846378923953,148.43817329406738,96.13684892654419,-1.4422710686922073
0.6840005334284289,0.9244395343087316,0.6136691052723753,0.8962051298078039,0.061984312029067,0.7277105157588333,0.5602453716782281,147.0901918411255,55.10774755477905,1.76385398209095
0.9639313273840736,0.5822892722439198,0.6262049322963447,0.888693074894962,0.8880538864722402,0.6400088857366615,0.6687950192932759,139.8565788269043,-50.913344860076904,-0.6369583308696747
0.4544209943554186,0.8100663928536578,0.510810129933045,0.9003406608853577,0.7071820271999654,0.820302788311555,0.6229271963473162,161.73352527618408,121.19278240203857,-13.08002883195877
0.9944828790991024,0.5231268043573296,0.8650235103361634,0.7204317392146711,0.0727256480602199,0.6491617081862404,0.5060193855716179,150.47791385650635,92.05364990234375,-0.4476330913603306
0.932525435754525,0.5263985653151414,0.5254480628475852,0.7180454138435368,0.6130310288156153,0.7241749517110373,0.7208269736047352,140.90305519104004,-18.172143280506134,0.5382835566997528
0.5268050936084057,0.5742235179812819,0.7175615322691743,0.6840057826567765,0.6049433537059685,0.8043687584117523,0.9860425666019744,157.2890567779541,50.15829682350159,-7.846689522266388
0.6991030704269033,0.4966278965109028,0.8286779654084919,0.9118951102273708,0.1445836753097184,0.979599576783278,0.5330705039399245,151.2721004486084,106.41070556640625,0.5164406336843967
0.8991131272198021,0.3830670829464757,0.6918296003448091,0.730916225980103,0.6948628464009398,0.6887741766602727,0.8478597777024621,153.7820692062378,-20.618934631347656,0.4353509061038494
0.629107475050343,0.5990554983932053,0.736968126649248,0.8218442517244515,0.4787919122643798,0.8396489214151227,0.5313436023463883,162.90333366394043,94.91588401794434,-2.4223438501358032
0.7546781994052281,0.3709543443845614,0.7021560459510631,0.9068909105057248,0.4357961261983319,0.6509070372788384,0.4306777327464677,157.5897560119629,75.81968355178833,2.7993141561746597
0.6541504685017419,0.4365963207724255,0.9654089695898416,0.8266523464002243,0.1968792343680587,0.9856442946116027,0.9791020803840268,125.03097248077393,119.26070213317871,1.191596731543541
0.9546166047563224,0.8128228459195073,0.8656652620628749,0.6965737125013746,0.1284626628147898,0.9152442600618412,0.466661166467523,146.79078006744385,62.83793497085571,1.2654667869210243
0.6617377240960616,0.7678730243423812,0.7796349595302479,0.7053483994501752,0.4849437664696649,0.9844670275180688,0.3774836798425516,159.55486297607422,120.77266883850098,-3.581823840737343
0.6901269366730072,0.57630395706381,0.8950876372825847,0.9332127629864172,0.746387558141816,0.6641197827800498,0.8922469704002833,141.04776191711426,-28.691561222076416,-1.4688193649053574
0.6806268009369174,0.4106171544606348,0.7051237249239091,0.834730483697161,0.8602375638938443,0.8207345665131314,0.6610319826211211,154.8192138671875,94.25427436828613,-3.5869834423065186
0.7347685297260617,0.8941715902605258,0.5041308314511466,0.937178550449743,0.4828247546441037,0.8679819033453394,0.5297895591062789,154.85624980926514,79.68125772476196,-5.384739398956299
0.9578043374118516,0.7821276241115965,0.9074050854531984,0.9341273030902356,0.4269719131959759,0.639938890955848,0.3464799043662237,165.70103645324707,68.55225849151611,-1.9071421921253204
0.7716008565732839,0.3710963916184245,0.5216290904141759,0.8789050815952197,0.2169753811025621,0.7861204022530992,0.6481251506910616,135.7309694290161,69.43157529830933,1.5271390825510025
0.4485688695916035,0.490261620081834,0.5040970995538011,0.7060961449473734,0.5823835042077561,0.7842513181511038,0.6506418155354361,167.78285598754883,112.03424739837646,-8.738097608089447
0.7615321949437717,0.8191714416225704,0.7993743912958766,0.6738698841770042,0.5505047290630882,0.9491423814392476,0.5616756209667244,148.1127700805664,76.47050952911377,-3.1998379230499268
0.467157838340539,0.489717970649383,0.9910555639121924,0.7332865740875663,0.9081181309690988,0.951142261434316,0.3325792876160256,145.54673957824707,198.793927192688,1.4574153646826744
0.5698212088264369,0.5187324777332537,0.9436215218428596,0.690774032269635,0.1736150478139062,0.990947995905306,0.7531112201538808,141.76034355163574,105.94502639770508,-0.9279346168041229
0.96484619715099,0.4309940231994398,0.8366513005253675,0.992737613491087,0.7418984321075486,0.6815439978760116,0.7080884714428539,158.77321910858154,-24.31631028652191,0.6631341613829136
0.4436402605285763,0.6119426486520365,0.5796319832624353,0.7202931689761037,0.9162734309919792,0.7694605912685698,0.5332147157187865,155.43646335601807,130.60245418548584,-8.496082961559296
0.9892397300224464,0.7877038680546857,0.9846344710536186,0.8401958223691247,0.70774022180876,0.7611665413348043,0.8554322149205904,142.0782985687256,-47.837313652038574,-3.825527936220169
0.5130879037801102,0.8698791508843315,0.9330627366605104,0.7654733672000457,0.5647941198644686,0.7736093331127473,0.5075430980953656,138.91604900360107,64.03529739379883,-1.1593005657196045
0.5918289984501999,0.7633295825425827,0.8733490917910744,0.8021215354658524,0.2933450428802724,0.9653011072950306,0.7734459995745444,146.96391582489014,107.03431606292725,-4.063628733158112
0.644317102461402,0.4523891935427372,0.8808293439134736,0.987782413830427,0.99412463421342,0.9033537465664778,0.4654204203383918,149.02732181549072,137.94620037078857,-0.11046924442052841
0.900348477554451,0.9053356647917332,0.7474613082266357,0.7198374258711958,0.1090730461875836,0.5922441700910045,0.731883173261352,153.91189193725586,39.69151830673218,0.7017255909740925
0.9495385197090982,0.5081301414564376,0.9046934568767032,0.8919386388189567,0.4674503860499625,0.5879984946112371,0.9534766161736778,164.9633083343506,-19.554360389709473,-1.0569252409040928
0.8706265763152403,0.9770329616269342,0.7440411506457476,0.826190155440331,0.4952097074228763,0.992439008707748,0.634471583947927,139.23327350616455,65.96363544464111,-2.960162580013275
0.5916390289986951,0.89545560664555,0.5269385093149059,0.8158178258756941,0.1948917183617043,0.9090293110761004,0.448046941549855,165.13842391967773,97.36890077590942,-4.810751289129257
0.9217935525726746,0.3917352078995964,0.5882873267547726,0.8576505906147838,0.6333399886858972,0.722856808760018,0.5385386860918125,150.37728595733643,42.492982149124146,1.2423655837774277
0.6875533942269678,0.791087672948968,0.7653135825578652,0.7711960134440997,0.6093781850344702,0.6392783933357779,0.644201053398886,151.195782661438,9.6262526512146,-0.8725341856479645
0.4752587142505196,0.3681575290476085,0.8193261839888424,0.7125797745971927,0.1325389676762835,0.9310692156836644,0.889468909197231,140.75824356079102,118.58848094940186,-1.3512909263372421
0.7170648927352763,0.547472573480439,0.6915870863715706,0.8174920010149104,0.3562394809192288,0.7462167758449124,0.6351375022612544,155.69402885437012,57.268883228302,0.47131090983748436
0.4645680099070672,0.7415452043537683,0.6514648646321424,0.887423330425646,0.2632084061825324,0.9876069926956802,0.4629823918014291,177.7820987701416,159.15781497955322,-10.366616368293762
0.669629269139099,0.8798228168731669,0.8841465757881846,0.9118981987794562,0.4266397238048117,0.7338531415756463,0.7528242280677411,145.7153902053833,22.69031524658203,-1.455113410949707
0.7439057882541198,0.5780290181173489,0.9004189388458547,0.8411329004947056,0.5389508896872853,0.7097981422957044,0.4920059775617931,161.69163703918457,63.03747320175171,1.7724394500255585
0.5352772219902454,0.8373419334612779,0.7652652782931291,0.8967281302193071,0.9773645837037348,0.7946736628274035,0.3484292082952069,133.23580646514893,111.8264856338501,-2.0038147419691086
0.4693268579100842,0.5457179888985717,0.6192416147706116,0.9294025264341704,0.4907220563176266,0.8686620075058791,0.4393083154667168,177.6502342224121,157.1823673248291,-8.730304479598999
0.945912688109286,0.9290068776386436,0.802279401657656,0.9166198738310118,0.9948885308751658,0.7218341079234457,0.3145231673239991,121.81081771850586,19.483863830566406,2.357677321881056
0.8099807956284752,0.4767998348779427,0.9110810606083608,0.7484986134695395,0.8044057079539751,0.7684599960668022,0.7798122858088197,150.32875156402588,17.622475028038025,-0.5168435154482722
0.6733386473589775,0.4832701734017948,0.8954758294367045,0.827895974577837,0.8690508798954166,0.7639753518948909,0.8107682553761129,139.5145959854126,27.99982762336731,-1.6615691483020782
0.8614163731414468,0.4487514609524526,0.8152937500522273,0.8290353535888794,0.8259566270490062,0.6347421544480057,0.6443902952356124,159.3874969482422,7.804364949464798,1.5557577088475227
0.6288720708445477,0.8311687188945073,0.910598948663818,0.9769904100888316,0.6706582312872454,0.7675296335080768,0.338525694970387,147.52465438842773,64.28510093688965,1.1565974168479443
0.8661354190358153,0.9866043254695696,0.6163558456080269,0.711424404765173,0.9576310051718664,0.7183627593076274,0.3143639575467394,105.63418865203857,33.21791219711304,2.599580429494381
0.7685170788205418,0.625717123304738,0.8628309875849416,0.9733946952366288,0.4043990582682252,0.9907236047246908,0.8058822265868314,141.3392858505249,96.22828674316406,-2.9226433634757996
0.6052145953288143,0.7799074455779633,0.5390972853843923,0.6928444506652387,0.4136060687273921,0.9151605700478164,0.5192506251383826,166.09904289245605,95.42561054229736,-6.6395924389362335
0.8601057614911829,0.8890282260215094,0.9157247330209132,0.9803161690245824,0.8594257002898759,0.6586612586762189,0.5258702396982788,134.5193223953247,-32.790870666503906,-0.34437335282564163
0.663920780364623,0.9829156268598348,0.6479789809086015,0.8764919224457481,0.0529797400319659,0.5965952059878783,0.8039399224783869,149.45428562164307,30.718843936920166,4.00181382894516
0.7923190200130847,0.4744488752994498,0.5608974583700533,0.6899267485200224,0.4203401889634758,0.6284420916727951,0.3317210802123764,139.6556339263916,67.55982446670532,2.713744133710861
0.7675604406298506,0.8861416784564504,0.8938541115625467,0.6909190850106322,0.844699961954821,0.971540305133208,0.5852630701892947,117.07237148284912,79.57041215896606,-4.102917194366455
0.7329540222352298,0.3872427989862924,0.8120412878661336,0.9766650232178136,0.3739008811562366,0.6658343490643609,0.738753715531135,149.26935005187988,42.501827001571655,2.9438492357730865
0.875860996282912,0.6786304970218391,0.5528093018112074,0.7273638286432909,0.0302152607660564,0.8110425462246439,0.5903049986815712,132.32809162139893,31.783644437789917,4.253913253545761
0.5160268110888924,0.8515859096084996,0.943137777972342,0.7309309262345564,0.4821553389423402,0.9731345719415714,0.9815257908853744,128.07161140441895,100.14463329315186,-9.36179906129837
0.4614133360978244,0.8148442651762448,0.9289692672620564,0.8302650959847934,0.7015309629314861,0.6636262273309566,0.9677344640307352,125.49467277526855,-23.654171466827393,-4.889535903930664
0.466271395783645,0.5111797812892606,0.7867077435672951,0.8503285826883216,0.5701532283888994,0.8256240183461554,0.7999806240987213,151.5944366455078,105.09430599212646,-5.988048285245895
0.6986033778612144,0.7332669938238325,0.7366719880075613,0.7475390413984188,0.9405019166799474,0.646717793756408,0.4903506382055597,137.42407989501953,30.234771013259888,0.7379101894330233
0.5245997281844008,0.4248602577993589,0.577985738303384,0.912648202263104,0.059609951964194,0.5921627261723111,0.9543161628236376,122.9563627243042,61.25148010253906,5.687986642122269
0.8482524723479508,0.4490478735551583,0.5724565910965755,0.804974044842222,0.4510495013414629,0.657363407945518,0.751249492356802,144.08306407928467,9.09136587381363,2.0031784027814865
0.6382484278915783,0.5621846544868347,0.7613468576781304,0.9900566056289116,0.6211541971784479,0.853366569930666,0.7251609987066118,151.74313163757324,83.46280765533447,-5.133303761482239
0.6825777628731824,0.3640753465288374,0.5868246402674414,0.7459504985304372,0.1138606307699199,0.8746617890895065,0.4115335619659203,144.09512996673584,77.13401889801025,0.5651338063180447
0.5172337270237108,0.9624996583029914,0.6848746735137361,0.7994918851060966,0.7733290051665156,0.8877060969375273,0.9819899136207452,131.96609210968018,50.393529176712036,-14.602652072906494
0.690229843805384,0.8763445510477984,0.9403861761751564,0.7000170983453663,0.5145314056288458,0.9176282189953012,0.7528180560755826,136.35667896270752,58.923035621643066,-4.0479061007499695
0.9197891832411376,0.558125088425276,0.5806602360276842,0.9082458138828592,0.4694687865414154,0.7505015818276605,0.7883804731551401,145.0452470779419,1.7009554728865623,-0.08132919622585177
0.7805303231515934,0.9294351975019284,0.5421556999081844,0.9647814243491843,0.2080263690279039,0.6345739098774188,0.852733620701086,145.78979396820068,-3.8643522039055824,2.7716673016548157
0.4557316980707181,0.7024341360671287,0.5371686454804022,0.8309840189722738,0.9119703492937954,0.9295430100510064,0.9589369314885228,147.19976425170898,158.3922061920166,-22.762970805168152
0.7687933002758842,0.4093569607934082,0.5811760482568868,0.7855319288863778,0.6843558908420384,0.9201951668235516,0.6664013204651674,158.6014862060547,109.30763721466064,-5.808122396469116
0.8779093583307824,0.6111320553568447,0.8303798669418413,0.8763764119580427,0.206036145954929,0.6296152325835367,0.4918472704249195,156.31886196136475,72.9584264755249,0.31921500340104103
0.7727610131066622,0.5922716281918694,0.7983857175984015,0.8308601157404579,0.6270772818228059,0.9406980855508608,0.665277105280832,152.21843814849854,89.62527179718018,-3.5169186890125275
0.6394324645358613,0.7824842849882223,0.8616441732111808,0.6989230013175071,0.8802644985820084,0.7151348514572058,0.6386345107965968,133.2456874847412,19.325130343437195,-2.026235342025757
0.8398410568385132,0.923397303183536,0.7894686344274104,0.9909124935107496,0.6259612873061918,0.9362636523684876,0.4464590846363077,143.54930210113525,72.3932056427002,-2.476682588458061
0.9886194741194928,0.725185433214458,0.8380965662855018,0.7635171441398393,0.2362334803732362,0.9026355168907164,0.3416175489844333,152.5386667251587,72.53594589233398,1.256920799612999
0.7005066037233962,0.7185805670817361,0.702688173633504,0.9306310826684108,0.9157495196756008,0.6655487821791353,0.7209658631556835,135.0365104675293,-28.769187450408936,-3.1967291831970215
0.4716658960601003,0.4216980880872211,0.8412527635170824,0.9116863489869568,0.3891863127747146,0.8116266784195495,0.5078335823207325,157.42896366119385,107.40989971160889,0.03959989175200462
0.8944218640621353,0.3713195638142401,0.5311990957963302,0.7928896721336274,0.1748570502104219,0.9556628012044206,0.921125960656199,131.41247653961182,62.401469230651855,2.3434105962514877
0.8020612103169769,0.5648817391418285,0.6666062141435506,0.8868488585329724,0.619110082069146,0.8738236299274619,0.6066889399444841,157.44927597045898,77.637779712677,-3.2726480662822723
0.8054142740363481,0.3742660661180281,0.5152734865086335,0.6925363853391798,0.831858611397552,0.8049603518330378,0.8805832728285465,144.43484020233154,12.074706137180328,-5.0162239372730255
0.6072444828544644,0.5999842731579021,0.9346364584979948,0.6796146514774852,0.2189632494977559,0.9009520184021246,0.5741274326574496,150.27125072479248,80.43155097961426,0.260239589959383
0.7300322201215443,0.5462854280376882,0.6805162979084529,0.8740863160563312,0.0350873405749951,0.7593104816113145,0.8884061136366093,137.73254108428955,65.60748672485352,4.53977245092392
0.7898470325605501,0.6545385428727303,0.7668728555373483,0.7612563520162118,0.8547801468978208,0.845744520514123,0.9702360264213044,134.07903480529785,-15.40344226360321,-7.225631654262543
0.9436641178015188,0.4703855983377177,0.632645533380507,0.9290392509566884,0.1708953824283648,0.7133634069697317,0.5531238088547424,136.8392515182495,51.683549880981445,2.6276538968086243
0.6086788048182818,0.5740946550603676,0.7650036437703436,0.8671007823064589,0.5647407788289042,0.6610869942676999,0.489228493861378,159.76643562316895,64.7996039390564,0.8468961007893085
0.5213196371884345,0.3904628387746123,0.9078666201943671,0.7037413478186615,0.0211293560780597,0.6195828253519707,0.5098524157329566,131.60029315948486,70.28184509277344,5.11350604891777
0.4894934365790411,0.3820512774405865,0.9865942070765136,0.7017029345503046,0.1850468887769128,0.910829616379364,0.4591549625355831,143.79348182678223,87.35717964172363,3.036274880170822
0.4637614850487655,0.8006145957682287,0.648791873035363,0.9399324347164852,0.3578487926546632,0.6044664841680119,0.4520360629402331,152.7739782333374,50.34543061256409,-0.9540595859289169
0.5502817227011756,0.5313867779597826,0.9662818240780982,0.7418032233961627,0.9604486977617016,0.5824797641078693,0.8788437751997042,132.77112293243408,-28.916675806045532,-0.6545170471072197
0.6728738612872336,0.4710019360993051,0.8129032252298782,0.7425423360678546,0.435895873018169,0.920010458603838,0.3799595193001753,167.24092864990234,114.84954166412354,0.12256713397800922
0.5739508316444781,0.5748993381134525,0.8032168846773129,0.69395779719837,0.8176499355227609,0.8727600316178734,0.6081308408604162,151.1926736831665,114.19042778015137,-5.14434626698494
0.8971095093298013,0.93298565841668,0.9358405836101472,0.969756130484345,0.8260820056948702,0.8078195292452504,0.6883054462239477,118.55501651763916,-40.14681792259216,-2.421618729829788
0.5449078821446319,0.4850524848714878,0.8845979313793199,0.9267779255807184,0.6029553305991473,0.948755869284541,0.5646074913287789,154.2325201034546,144.82713794708252,-3.5548474490642548
0.6307354329817336,0.6131192916750057,0.7901110352795897,0.7234779794704651,0.9444006765614276,0.8775323051984409,0.4400174979858893,147.3141918182373,138.2499828338623,-2.4576892852783203
0.9335555634634758,0.551110335912389,0.7979861534438567,0.6956486685386915,0.9473773203528044,0.8522016743120922,0.8025640520991205,136.89433574676514,-11.232434928417206,-3.374447762966156
0.8925774361246521,0.4796820064377918,0.7421923198416163,0.7394337930293665,0.0579000627476737,0.8563201777214478,0.4686700614630427,140.2253179550171,57.51538896560669,3.5540352165699005
0.6298442836974298,0.8715182594915164,0.8820655752879925,0.8607629249745563,0.4909190711094486,0.7576606358890471,0.875356492457525,141.81192016601562,15.200620293617249,-3.1077208667993546
0.8388556336858219,0.5272391486099909,0.967370879781044,0.7655120488619238,0.710413239007167,0.6413231624551832,0.918883800332359,158.16235446929932,-29.281293392181396,-1.7669502906501293
0.569562075975411,0.596307799529529,0.8675303596907953,0.7244902726371968,0.6493300031363493,0.8850958940290028,0.5315854722458546,154.97679328918457,113.98902893066406,-2.7159814089536667
0.9712927222184828,0.8574821021540786,0.6523773632181166,0.7937222473030617,0.3886853958563842,0.7817899406835351,0.3364245756971022,142.319598197937,53.13975286483765,0.8597315512597561
0.981009137384096,0.8188672691800247,0.542639823323612,0.945683601526937,0.1838132451935369,0.8100747211438674,0.4745208360774128,137.64232635498047,44.629661083221436,1.2569005191326141
0.6876697050659668,0.4419424234804431,0.8762160397382979,0.7610576358171663,0.879766423362681,0.8258040934975336,0.4568114533372558,157.8340311050415,116.27090358734131,2.3622558414936066
0.4451058325379262,0.8220145342158474,0.7559233094595863,0.7104791190351972,0.1591699812331276,0.8295369337761941,0.8421105381745746,159.88628387451172,70.94265174865723,-3.2685985267162323
0.9446735772657158,0.9892823281886004,0.7822339642609877,0.816251925256493,0.6345620697626293,0.8607511285476745,0.6984594084095745,131.5822057723999,-6.924942672252655,-2.1763618141412735
0.445519285925699,0.5242967291734117,0.8662468165621872,0.8462821136875802,0.1542419964640907,0.7561800055038428,0.9732920053430338,135.23078441619873,84.80444765090942,1.227003574371338
0.5166294310065027,0.4294436103729188,0.9763618453696884,0.960188071168649,0.7646991186714032,0.6453666693053123,0.922115420457764,126.19583225250244,-4.298999305814505,1.0135659575462341
0.921356769537248,0.4562202886934943,0.6671069561086964,0.9240052041404008,0.9963005077740134,0.5999219714214404,0.8750076194454852,136.92553424835205,-106.85176658630371,-1.4681634306907654
0.948393014913125,0.4819893550903232,0.8699115598270485,0.7567115289590252,0.8294020131537495,0.9247494945249596,0.6243304228042821,148.23656463623047,58.28683042526245,0.059392765164375305
0.9187309302017068,0.9063372820556452,0.7270535132173559,0.9764021545982576,0.1533225232517739,0.7218575218070247,0.421971878604815,148.4314947128296,58.76519250869751,-0.031344312243163586
0.5833315752632279,0.7203053275547366,0.9802302216347714,0.8170782011507292,0.902094869070078,0.976318178361415,0.4681909448412209,121.5122652053833,147.38321590423584,-2.1514278203248978
0.9799355574040648,0.4031736030130098,0.719140626486423,0.9033552864321824,0.1741104800338827,0.7493690593253746,0.7278589216484949,138.90428352355957,42.8945837020874,3.999950259923935
0.8356363227748801,0.3987230556592816,0.9457166650624896,0.9452809826296515,0.968288087033434,0.8876572655462938,0.5070612029446795,150.07824611663818,82.56952381134033,4.001442804932594
0.5969416980263437,0.8455990729254867,0.7575790120500372,0.8041326067328664,0.0939089994270924,0.6960043826866782,0.5564848880008252,149.49823379516602,56.39293146133423,1.2740351110696793
0.5072048773612351,0.9402911601006828,0.8089410925570228,0.9070516849518202,0.2989380259657533,0.7896912636448349,0.9348219333703416,146.68780422210693,53.18587779998779,-3.4888610541820526
0.5381529019830995,0.8299760360211634,0.8685604262242246,0.7852655406390653,0.027665600016539,0.601533813144049,0.6797538658064569,145.31627559661865,59.41670322418213,1.9852922707796097
0.473244553226002,0.4561227050764989,0.853555376799035,0.9679322207744344,0.4238303101035829,0.9474215600182744,0.636707838919485,152.0661506652832,149.7447271347046,-4.958101779222488
0.9168989826123924,0.7601604573563888,0.8356263640437493,0.7964416565778535,0.7062128050681545,0.6863569767076226,0.8984455164877558,149.04264545440674,-65.42646789550781,-3.3921736031770706
0.8915053752714679,0.9047615978749568,0.8564344262521748,0.927424650047446,0.6022400846040048,0.8682911256836854,0.3588014296321004,146.19396305084229,63.61363077163696,0.2212216341868043
0.9314729130905842,0.9198373208524124,0.7305713986100256,0.9085562305336,0.8404133695196532,0.8665443990608308,0.571731888167289,124.49537467956543,7.744614660739899,-2.5498408377170563
0.9921430945296376,0.813258370552888,0.6284195465240352,0.8304075820067851,0.95512003774019,0.915103771751997,0.7293601026227531,114.43222045898438,-18.762648582458496,-5.2921110689640045
0.8091820283885276,0.7144392032350825,0.6453284947487337,0.8595788815241795,0.4714952659706176,0.7684253053322396,0.628964821056743,153.29721355438232,35.0744845867157,-1.0565152391791344
0.4568123853764277,0.3928759497487282,0.9319841252611768,0.8193356159108471,0.309599916940027,0.9605874940882098,0.7062688328826623,140.5264310836792,137.83220386505127,-1.8592364490032196
0.5690640110354535,0.966269965026879,0.827913159105717,0.8572266793765115,0.3635759162777225,0.8736731642850297,0.6609412799695782,146.55525302886963,75.48808336257935,-3.615008294582367
0.5221248268274902,0.9602528701951484,0.7139455303511405,0.7161071178776,0.6228906256048294,0.6858795352743883,0.4646216495186339,141.92223644256592,40.31456208229065,-1.3251252993941307
0.7652335496279408,0.7085951741646485,0.9426615086855809,0.9830784155353371,0.2926290125989871,0.6534755552795659,0.471553077969389,158.69419479370117,56.59623336791992,0.4677055776119232
0.7057493986429191,0.5989564555038787,0.6193522073541707,0.7354373893376223,0.3336445797523799,0.7534625050878792,0.7943901573163179,155.0925407409668,32.53343319892883,-0.03355740325059742
0.9606718937415064,0.6025002485882607,0.7924377233525249,0.8477714937622132,0.5814095957875275,0.6997905014397952,0.7767747458093528,157.0131721496582,-15.62100625038147,-0.8550288025289774
0.6580374479075881,0.5290144827641016,0.5684457572200686,0.7411837847192579,0.8446373362461148,0.97103004976798,0.3550797058691948,170.67305374145508,205.22829341888428,-8.507908046245575
0.4720927716283912,0.8097055106741331,0.8413227282950484,0.834712363268378,0.2803383957424853,0.7591117453039808,0.4534398921944499,152.5393772125244,70.47613859176636,-0.7990052737295628
0.4515771048460297,0.596893992424591,0.8260499302851094,0.8146446529796058,0.7638711239496437,0.8005348687235682,0.9639085623957424,134.85240840911865,64.63351774215698,-9.160417675971985
0.8924123393240184,0.444902860966901,0.964452668946548,0.8829235293258219,0.1872341562836243,0.8752806856311965,0.9788422294175312,134.80217266082764,62.41640329360962,4.17290323972702
0.7941433139312657,0.5780503424718834,0.7622799284874165,0.9906626076844642,0.2297819497994665,0.5913777555490398,0.4810818852314453,152.41744709014893,60.90891647338867,0.879755724221468
0.5451143123451628,0.7558516508518976,0.7849317514264066,0.7106401157626214,0.8147072464995911,0.6597755548155645,0.7694557272865792,140.83118629455566,-3.713419586420059,-3.7340731024742126
0.946117206206655,0.8570436045887371,0.5864985153594406,0.971358997854204,0.1805269201052091,0.7549124444019396,0.7106245500686585,142.2902660369873,22.403648614883423,2.006862886250019
0.7513703698183438,0.618234622979255,0.6238427554248946,0.8803903395983076,0.9488777577730436,0.8039114411095714,0.5653946400255025,143.7720651626587,67.50654220581055,-4.367691814899445
0.7788474637399011,0.651389755891514,0.9296803343542948,0.9653167797821038,0.761942704847987,0.9243905658292502,0.788195997634136,126.86735820770264,43.136857748031616,-3.6850143671035767
0.9540504748644572,0.733465225819304,0.842790678212253,0.7974000198289002,0.4681787041069056,0.686815532432707,0.6359032205381293,159.83323574066162,21.63078534603119,-1.246819444000721
0.466572155894661,0.5172347696823127,0.8166543451082074,0.7587682408972134,0.7477062514925212,0.7447681289838405,0.8499387691666094,145.9502944946289,61.179062843322754,-5.143590182065964
0.9112589137950556,0.7440594732039044,0.5090344292370522,0.8958243370029073,0.4098729820085883,0.6189913643780703,0.6049417092089386,135.48594188690186,-2.571891900151968,1.2519828751683235
0.9862029227788904,0.5214207302366425,0.6298921210542302,0.7105517211492162,0.3881899719895633,0.5855878850824119,0.5215785895475648,141.9902696609497,35.14935755729675,1.4519378542900085
0.5934761053145663,0.7767766991921935,0.8040384679528313,0.9218777535427656,0.0721413036527427,0.5779894849965014,0.6520518367613763,144.99430751800537,56.97418928146362,2.0569304823875427
0.7414039904062817,0.8726809588418407,0.5187020120413267,0.7546703138994129,0.2451626244395306,0.6015484895925038,0.3887309674146456,130.09603691101074,36.28766918182373,2.4913573265075684
0.6755643464927616,0.5741397979980962,0.6903956994193693,0.946521303238188,0.9648086400318536,0.5768701369947242,0.6479866413768558,140.9446725845337,-18.895580053329468,-0.2846521586179733
0.4766228036119375,0.9371887538217184,0.9701505394208932,0.8317765602949106,0.7028817409318422,0.5846026264068117,0.7303546483170739,123.18411350250244,-26.25188684463501,-1.3769217431545258
0.7208138477611539,0.9795788434730348,0.6392402310970524,0.9042707205960536,0.1510878678768958,0.9737858412492024,0.4436063767555632,158.4609775543213,101.80832290649414,-2.4390688985586166
0.940015774507342,0.7498510584359516,0.9087735783145844,0.8311871384471508,0.5533963132809955,0.9139045892897344,0.336929705401867,154.38475131988525,83.90710783004761,1.4036364182829857
0.5261291187533785,0.4021073649855485,0.6307467504503479,0.8545526706952483,0.2887339824736069,0.5930233152848506,0.5986071786499925,142.5917272567749,65.96842241287231,2.5180887430906296
0.5582843122842771,0.6458787479746242,0.7968299461125042,0.9819701949523424,0.2542892428004699,0.6176126463300414,0.6443248748833323,148.73068237304688,46.639354944229126,1.2342311143875122
0.7445648398936373,0.6198757722462889,0.9486476249713484,0.9271610791676924,0.310791505772049,0.8527063023240666,0.9823177283245348,136.40865421295166,55.42250442504883,0.22526127845048904
0.4632218483198909,0.6903806877619834,0.9047819794555793,0.8739759414775865,0.2238812355059865,0.9034595878104874,0.8321968555106434,138.9652614593506,111.05903053283691,-3.242884635925293
0.576044768573617,0.4902796031266899,0.6301339395798264,0.8130563370632682,0.5542336815858719,0.9719412483432172,0.9784965401751496,157.73206996917725,150.69215869903564,-13.058384656906128
0.6918404542879164,0.9138056559385884,0.5230203259097852,0.9571034490849064,0.521131983596459,0.7636301104357259,0.7016581337493157,149.24520683288574,25.210086822509766,-4.423740595579147
0.8681512566643494,0.442728103674318,0.5232438867902771,0.9235898320715789,0.8232225279563502,0.6497490411218774,0.983585984097384,133.11489009857178,-83.16393280029297,-2.698611631989479
0.5956150346457709,0.7008906448750518,0.8151165462050151,0.9368077650755996,0.8169492311491181,0.6932329488362499,0.4848936256708037,147.02611827850342,48.64665246009827,-0.04416269436478615
0.5290465193067981,0.8706980394560689,0.558120227468764,0.8257557472169544,0.2919613988712501,0.7248555234331807,0.4303815910655782,155.78369617462158,63.8988242149353,-2.0347345620393753
0.4797658623277098,0.497960423135862,0.6840560618333245,0.7070358783333793,0.5009679793135433,0.7127867024341795,0.3794534047717365,163.89193153381348,98.52783107757568,-0.4769055135548115
0.9150192736789554,0.5467018109648941,0.9686886800859608,0.7551446901259178,0.7058085597061843,0.7422527797121348,0.6274642579095171,160.32723236083984,31.567138195037842,0.44865475594997406
0.8698126130961061,0.793265574733551,0.7528850277454002,0.7242780197633943,0.7193006483230072,0.6670655910829196,0.8371357796678127,147.51520442962646,-60.78325796127319,-2.7006096839904785
0.5649184322831811,0.6306515702719945,0.6668366628231736,0.8650269030182149,0.8625250967477079,0.7757309449519788,0.6983236318563922,146.99059963226318,71.21140480041504,-7.17992639541626
0.6631846779926961,0.7656940425650473,0.7977530888889275,0.7206744470847264,0.3159085805105411,0.6443408712221667,0.6086691763847681,155.9381561279297,40.974910259246826,0.313690721988678
0.6757039448555237,0.5779711158546275,0.5630904492521334,0.6740791924380035,0.9361329389973256,0.9443142215974712,0.5759569249476998,152.12246417999268,147.14200401306152,-10.376011550426483
0.8754072699747821,0.9468733122262756,0.7353360167744851,0.8470271270335821,0.392932106543125,0.612236546395041,0.5763576847373661,149.25017070770264,15.63959014415741,-0.5099911876022816
0.6395040078130624,0.9518389311959484,0.6810823818113854,0.8864775387896516,0.5399850783271877,0.9566018961325614,0.4075129268553517,156.50215244293213,125.98085117340088,-6.205652415752411
0.5599412309560262,0.4951310904971299,0.8781875828386283,0.6699386954449534,0.0785486139489596,0.6706899536255269,0.7995578537719643,144.22091102600098,58.63850545883179,3.5416450649499893
0.9566646546582268,0.7322027821750888,0.5460467243769825,0.8345176051513372,0.7143923245663074,0.7907123390164104,0.5074834594057034,137.42016696929932,20.22413408756256,-0.9123527333140373
0.7275226269038491,0.7902655340690674,0.7025296306401668,0.9600577127825164,0.6538553074316144,0.7249856334582627,0.9280171930003968,142.24254417419434,-33.75764298439026,-4.620306015014648
0.7178840141799957,0.4265806634580334,0.8937088887658575,0.9780121056126638,0.1089288386396895,0.6434284644399734,0.469334012137572,145.1784543991089,74.59054374694824,3.780222713947296
0.8613212629298659,0.6131545950262344,0.7201619203997669,0.955211112975145,0.9105851599389452,0.6236310411132132,0.7612057686564722,140.98196029663086,-71.12481307983398,-1.722067952156067
0.6940814508062332,0.9448355349161124,0.8882411612560641,0.979287903115412,0.626634265160358,0.7664536982796555,0.5332914889823125,137.32279205322266,23.91351330280304,-1.1605234816670418
0.8325913460727405,0.7725742341747397,0.5854824762876234,0.7504062354734611,0.723490270691589,0.6194566577552147,0.8770350996179304,141.62404346466064,-87.398521900177,-1.5409134328365326
0.5403811636303756,0.7162979010237878,0.8610876713522008,0.7566777224313557,0.9781111154109392,0.8046611606883122,0.5602346703769445,127.63315773010254,87.77512884140015,-2.997154712677002
0.6122184453566758,0.8781419931723156,0.7548497546636378,0.8729999015583899,0.8448543086543723,0.7721612236824776,0.7729694324765408,127.4303150177002,5.238125890493393,-6.434253692626953
0.7039106479739807,0.5637633736538636,0.9588276557950574,0.6998757417076574,0.7737003984970809,0.8283662029851455,0.6969058706578366,143.9434289932251,58.003437995910645,-1.2069728299975395
0.7937050166490067,0.8366105499647254,0.7571367430086698,0.7369623973998946,0.0267198619082617,0.7716687029638303,0.796769602696108,151.70975589752197,48.261590242385864,3.1587296575307846
0.8238833334116417,0.5121933246698211,0.8177360879092446,0.88240639358079,0.4513833869444994,0.6921759101621907,0.983875002240682,152.25926208496094,-3.7153991013765335,0.4198701083660126
0.4839140688484321,0.656203665794873,0.9120902922410764,0.7758704841091583,0.4659600179591375,0.7623648056922682,0.4331403523787922,153.7354507446289,84.19517850875854,0.5561303086578846
0.5009781011972487,0.9491695854775364,0.7385647454369558,0.9714810684583468,0.0299323364814818,0.9729840070712468,0.7194591905535611,156.05423641204834,136.75358867645264,-4.593825608491898
0.9577066114943708,0.4943888272063681,0.9080714560491032,0.8972277522429186,0.2048602367800229,0.7718497366597098,0.3672558828079479,160.8617763519287,79.79146909713745,1.943325087428093
0.9068546222955298,0.8454889538677852,0.7806408097367777,0.743839731445481,0.6631828925393823,0.9248452550280614,0.9572699176160318,134.237229347229,-15.40444302558899,-5.548842817544937
0.5058738861972356,0.521980696479687,0.7194109595568675,0.7794294431089481,0.0613319540328264,0.899008579798984,0.5860063734683665,152.4692506790161,96.58620071411133,-1.6511176228523254
0.5988766685488522,0.7982786940893145,0.818479030212882,0.851149315092987,0.7503042384738663,0.7322669899632596,0.9385249406883616,133.41117477416992,-18.634640216827393,-6.007213801145554
0.54414364102229,0.6490082934647126,0.7133016427249637,0.9509036507087932,0.4572889387861588,0.8159530341840475,0.4062137440121997,168.14129447937012,107.50263977050781,-3.6454111635684967
0.7737225136781684,0.5660710805614098,0.7955673536325709,0.8492132685639816,0.2169588810138057,0.6531830563948038,0.9617391782108752,151.39331150054932,30.25136971473694,2.6593115627765656
0.5958407832597028,0.4251432927666439,0.8103655966787562,0.9829594480096012,0.4853249196511221,0.920240676294006,0.6560887671286116,154.9249782562256,127.41119766235352,-3.5034735202789307
0.7519851896423726,0.7611090094057887,0.5877779041038527,0.935210974593341,0.6691981151932308,0.797235140037928,0.4446977118467933,153.80055236816406,72.11892938613892,-3.4669694900512695
0.4864724425510122,0.6431110723323901,0.6658990051966176,0.6939733107283954,0.934768552640884,0.92470696642325,0.6385333697035567,150.7355089187622,167.2588129043579,-13.64412248134613
0.4539099303114419,0.3619411412497241,0.6292904836316819,0.9850156349929372,0.746901130525287,0.9583896236236008,0.6374681619381142,172.68154907226562,241.95717430114746,-16.057586550712585
0.5574050284432368,0.4354879346581519,0.5282510695239004,0.9482260202740004,0.5003384541623304,0.7313431052322126,0.8858951612094377,149.4936695098877,74.6520767211914,-5.499716758728027
0.7088627587909944,0.5351402779051543,0.6903515858028023,0.7634139034943062,0.577608306547566,0.9445108767144204,0.8705724125286811,154.78119659423828,90.8078989982605,-7.180905222892761
0.8110449703731217,0.6369227323672926,0.8130466753601394,0.6948405554353259,0.2208713091757769,0.6332558939004616,0.8912776649627951,161.3431282043457,24.65437412261963,1.1198700666427612
0.8772958995522012,0.4429727200184696,0.6576981164412701,0.8594850915357038,0.5018550380848515,0.867112449619255,0.9100343967146848,146.81724452972412,34.01410102844238,-1.5549262464046478
0.628558392860251,0.6269088629085986,0.7901230288916532,0.7398911159309329,0.3098752194057954,0.8667448362520704,0.4153592861651447,161.41823387145996,89.20258140563965,-0.6569232977926731
0.6668266661003368,0.6017969004448598,0.9279066402541828,0.6849927101144392,0.2680670195577365,0.5962618576503561,0.8640922742776391,160.40187454223633,40.239635944366455,0.44062912464141846
0.7817131884576178,0.8599727588583492,0.7955218293771787,0.8206949156043459,0.1614135196403459,0.7962404467032322,0.8716419037031986,153.47562313079834,44.90931558609009,1.198635883629322
0.9691872492096064,0.8721756425498927,0.6212644304176244,0.901145532632678,0.7912885253762472,0.8767658106059051,0.8601552198917484,123.67341232299805,-49.26480293273926,-5.396946668624878
0.4408970073473446,0.661185143442875,0.5971443103062894,0.684367704948888,0.9444322576318636,0.919752565738466,0.5646141838705435,157.6544647216797,193.4308443069458,-15.416551113128662
0.6221204634544886,0.691243118699723,0.6643478430347876,0.7340427497829624,0.3977994426053576,0.6778315450606367,0.7060984044957925,156.83615589141846,28.98263192176819,-0.4544769376516342
0.8450312351606146,0.4609951329239588,0.8182439551398824,0.9603818699118364,0.7278126792949584,0.8705438940923746,0.5268585262742225,160.42181205749512,75.53181838989258,0.36693263123743236
0.9478298919765468,0.488235062739023,0.5536339037942509,0.9868976195262372,0.9319462954166924,0.804271302246617,0.6752203510942403,137.77932167053223,4.2736067324876785,-4.151991933584213
0.9302401867523344,0.7364754439184311,0.5086836107813478,0.7234686714312699,0.7964909104977431,0.6028949206864169,0.6540958197319628,125.89260959625244,-64.7210955619812,0.7143963063135743
0.6463852887996614,0.764268927083201,0.8975440327476303,0.7514794832804629,0.5406936949013685,0.8420546766411829,0.369840805710362,152.6217451095581,92.55314540863037,0.20306608825922012
0.4556139558273925,0.6463990597085483,0.7729987935901136,0.7148252879048775,0.7389134851069393,0.9332846302857416,0.3140560440725776,166.08633613586426,183.76013374328613,-6.022502511739731
0.4389467176067267,0.4477110101174402,0.6599262603156391,0.7632386340670492,0.2515240182808705,0.846211951023301,0.6452610933928647,160.7738332748413,112.35279369354248,-4.472342759370804
0.5254861892673393,0.6317234653301269,0.735013644913796,0.7867723246950697,0.3607698745138981,0.6784265401244193,0.8123768324588245,155.56911277770996,41.92608714103699,-0.8238498792052269
0.4528824848583485,0.8323444787652823,0.9765786260613188,0.9267873077874912,0.8333428811126797,0.6248427039285018,0.8285553670781476,109.5470323562622,-44.77051091194153,-2.419362872838974
0.4467511280701226,0.8378865001601294,0.5414607496216091,0.8478224617313977,0.8925470165169525,0.8915883790633804,0.8029219915972388,145.66062927246094,135.10473442077637,-19.293271780014038
0.5356599175216992,0.5148560544153475,0.6498264899016581,0.9243874554234852,0.1101727401024198,0.6690415742642148,0.4626497604254212,142.6900224685669,73.80040740966797,1.1783544309437275
0.6737796845966897,0.6718218194587435,0.8264000785480416,0.7292521742503726,0.746752525661753,0.9152289436764084,0.9275701805053344,137.2457160949707,55.01840591430664,-8.542327284812927
0.746648655139794,0.4736607760931982,0.5538241566732173,0.9868547848469726,0.8028038146719979,0.8291841282098424,0.7009204271696416,151.26660060882568,77.2183141708374,-7.463737607002258
0.9333935175809984,0.4423273899994611,0.5631502584084465,0.8556676733051984,0.1618874186384998,0.9646112411207196,0.8216959880216839,133.88298511505127,67.50888967514038,2.1224045008420944
0.7038053364289811,0.6040575846301627,0.5335011882550501,0.682377077851771,0.8787109475658835,0.7178953328454158,0.315167995986512,144.49282932281494,101.77390623092651,0.30213830061256886
0.8230578978708962,0.8173579914915834,0.725571564538866,0.7293022039552337,0.7872374719625564,0.5785911599441165,0.8518407985711856,144.2468614578247,-89.45466375350952,-2.5560536086559296
0.8871580961609549,0.7337979119675875,0.6361394934413783,0.7160057527599331,0.6698527423696328,0.679245163119753,0.6400401290318138,144.64648914337158,-16.02312970161438,-0.33975784853100777
0.6193005205417957,0.5548307657529409,0.8838909495791156,0.7847511063022891,0.6943900385611569,0.8884208389713157,0.9627254695383456,135.8993730545044,68.1796703338623,-6.687992453575134
0.842458892838293,0.916882275818291,0.9515531730540554,0.7537125926829394,0.9835892697102936,0.7865245286430356,0.5426161819887644,109.58769702911377,8.378520250320435,-0.2539355978369713
0.8260626883840146,0.9349064852200994,0.5382632014522697,0.6785673393637859,0.5421382485314767,0.6877147877149379,0.3824869967387493,128.60589504241943,20.88805913925171,1.8116054385900497
