PS:PAN ratio,Feed rate(mL/h),Distance(cm),Mass fraction of solute,Mass fraction of SiO2 in solute ,Applied voltage(kV),Inner diameter(mm),wca,q,sigma
0.4545704031908708,0.6030531413849062,0.926597479507664,0.9910820445364266,0.7265301567957597,0.9961285471002812,0.5358672624038057,149.27381943416302,159.47117943360294,-6.470150282590056
0.6025526144468927,0.8277638629847923,0.7390810281902374,0.8366599593425309,0.8153871509573045,0.9929912361213364,0.4452902505684293,150.6667970467073,141.73596437938386,-6.940623341984047
0.8568211393967022,0.4382454777141626,0.7805255876643851,0.9494774721776844,0.0428095166186558,0.6578198626791534,0.8447909222319966,143.62650958583185,46.171960205170734,4.284932651739566
0.6983820720214496,0.6132699708768297,0.9909629402051918,0.9402232523194464,0.2432931982245692,0.9617097351755206,0.5375632043508909,145.15595346791739,112.8556711811241,0.724195770994196
0.6487410446318295,0.6521324574671312,0.8552427851224853,0.9202401217488958,0.4083277237875775,0.8870132284524247,0.8948008640304368,139.44796348149802,91.3088892894551,-3.971475776705544
0.556963214633786,0.7385711910979716,0.9120106387318664,0.9985706337289816,0.2698285106226197,0.8821790561292402,0.8674706255110186,138.3955586875554,96.64482567067304,-3.464795135916017
0.4402320511878708,0.5724467814236134,0.7328446111413552,0.748744792111962,0.7516489695186048,0.6865578953997349,0.6161472602078426,151.4217593846688,75.04036876525947,-3.394344267469264
0.8319089159376438,0.9306201928869904,0.8648201029158373,0.8004170919255382,0.2746299661027905,0.6884433392608783,0.6695478037172997,155.37395842890578,20.091705046301108,-0.1457719378239717
0.8793526489680903,0.7951015360844066,0.8278429724452275,0.9520216262012005,0.75554432784809,0.812649351229227,0.9029951683562374,132.11391760530472,-66.13327532928632,-4.935323828326311
0.7554829231318001,0.6480277544010103,0.542207416282154,0.7990343950142749,0.0257829025414706,0.9639317202241846,0.4430689068575107,152.32404298133625,115.14703162731763,-2.1747476782242807
0.9639490289161609,0.6169357788900411,0.5356668413468463,0.7932509713049152,0.6180175419868262,0.6270284563580677,0.3542950397205713,141.44195590837498,35.088589613918415,0.9304640263998456
0.8603711227172993,0.3981709634359592,0.5926559487818788,0.8336644437608833,0.4013633323084788,0.9067460826038284,0.5118666752397198,157.56108354574067,84.58589068203474,-1.272248802347037
0.9279756038732264,0.9817071997132504,0.5918026059192946,0.6869996747507882,0.3597723652064378,0.8080665891549096,0.5111646346858739,142.10984652825834,22.675410226565088,0.38609060072374346
0.6997949829733854,0.6464994325538191,0.6038748180912902,0.8614740987798628,0.0850860445234401,0.7969927375983842,0.3769254458526652,156.80143408785207,77.07760849423863,1.098016515762656
0.5251561626711263,0.4993071829136338,0.673549963668867,0.6909670088701612,0.594779985794709,0.7098918872389456,0.8569763630094085,159.07080272022475,43.840266450100565,-4.543374333366117
0.9217215784293966,0.7988984941941372,0.5355113980754171,0.996924849623488,0.6968657915622778,0.7268444936053233,0.7719882718438319,134.2218590547483,-53.07141479239252,-3.4572664649709495
0.7192324026947673,0.7985246478503607,0.9882938075147428,0.8658482487022371,0.3310647775303968,0.6284534947737709,0.3308549543488227,153.4570660561185,69.2564928111702,0.7392448673801768
0.959026019705198,0.9756262670674398,0.6732054543375074,0.998997680218251,0.8742622084930042,0.6155161233779094,0.5374660032928024,127.54543613496412,-39.288004095991965,-0.6979490074038773
0.5469043361534142,0.7793629377862312,0.725592001593705,0.9193910032995256,0.663439273246441,0.7600153734261478,0.6987245492041136,143.82612449713687,38.406982856409044,-4.83616478870073
0.983998622385245,0.4452976330881225,0.7053936413151296,0.6687070725643005,0.3601542149468503,0.6320730057961018,0.9258339794248488,154.5649838854718,-9.846733559349197,0.9344092112661198
0.4300348047179052,0.3619528389449876,0.6145686761661013,0.7537132394562239,0.8888328439243133,0.6009553271075012,0.3247654774694251,161.1539342906836,106.83522730480237,-0.5876519533137461
0.7244937302073515,0.4837420582691779,0.7913365061329709,0.9578438492342204,0.8445166846189808,0.9603045096183846,0.4462871510055699,159.33119744460635,151.76819165308353,-1.3489734989450992
0.4398055739856399,0.559508473642661,0.6652716957529372,0.7182211005458448,0.2594622693947925,0.7919605390834279,0.4052455985041795,168.91898823323115,81.93931231051121,-2.9989267833038147
0.5250414558828964,0.408582306526338,0.539217499201139,0.8452476458853391,0.563866337665046,0.7670661609671972,0.9253538524604572,156.6574479580289,52.89950676095651,-6.321662287857194
0.526721049001723,0.6932477788351228,0.5417473195577901,0.7412332080876055,0.5556923026272529,0.982799130916028,0.99365298157116,150.31509747732846,107.07939361878876,-12.25211768975168
0.4459359495799644,0.3967015584109375,0.922378020682906,0.6927441989642985,0.0882805916983089,0.9937349306342802,0.526524503559684,153.55143164346103,116.7827183389776,-0.16207534188406814
0.7594192730872491,0.4703177074077665,0.8176630433495538,0.6731274696540925,0.4312715991468229,0.6779991751977394,0.4669517753755902,164.55966643636077,80.23084317374509,1.91938819940833
0.765536338869534,0.5021646236458714,0.5907010229181833,0.9452478165117332,0.9863712805145836,0.6881150356171464,0.4036565376144549,136.99063568448733,69.00582600896838,1.582229756674637
0.5226337649546399,0.6606722120178093,0.8530624412697194,0.8192676214871395,0.5395899612537832,0.9025063641962414,0.3999128746279631,161.19543479870256,122.797074233196,-4.005759059295317
0.857893356080335,0.5592648533330988,0.6196488339079077,0.9080967258971532,0.5219650268665453,0.7157332836888657,0.3684892444655747,154.80217506682848,61.33588527169644,0.7919891239371468
0.4657225770583497,0.4973043198177605,0.7143541144674348,0.9074014569267544,0.8600356349505336,0.9594122029170098,0.7191320588966711,146.24877864030856,166.4792812987366,-11.650269965939247
0.5225680358062281,0.8470873147932307,0.5419165306861333,0.955694305284279,0.1140663399829753,0.8183195084636856,0.7692991928141748,156.9501281894703,80.5412486775663,-3.0627971651925123
0.4377430158766786,0.7357148244683585,0.6703919142536144,0.8690659798050704,0.1839192953443678,0.7035046566982592,0.5429958753175355,152.28108578892048,73.38834534067693,-2.4280764992585473
0.5096561904259836,0.4733617381160313,0.6224718600768623,0.9944137394990328,0.5034659630017488,0.7852050484479725,0.7428301808254907,159.15560963916985,69.66750081685396,-5.47750300679101
0.8975086907616646,0.8498814103610975,0.8514597065673728,0.8720780994023722,0.9376665639211456,0.9642218647008456,0.6352257956989069,119.9188742698741,34.165893319222384,-4.713959244251241
0.8258398978800908,0.3670535877193054,0.9975505097958176,0.7343985293127139,0.5371689830447375,0.6446512732108284,0.4751266020421139,161.46256954625886,81.89120650398237,3.3479112399236266
0.7912285163002459,0.3568015191404055,0.5127185919111357,0.8871089116966488,0.3808934034612523,0.9120827928966628,0.4429892665448928,156.37834262908268,104.20480101635607,-1.8952152636364894
0.8242497954215959,0.802404646879857,0.648626489077063,0.6929808640643349,0.4634984060067072,0.987544208430278,0.8772407541981362,146.68530590038637,67.00590733042758,-6.165478993182032
0.4391247164763265,0.9157655294384488,0.6976966189158627,0.9904010114191673,0.3776690048452821,0.6652371356886564,0.5359067815043614,153.6140047441869,47.6691479459695,-2.4701624953384
0.5099368371546146,0.4751550038354011,0.8151520136131554,0.7775250641303774,0.7265868872846521,0.910483226422386,0.6622240317444021,160.96822470720963,131.75486715410355,-6.6170787632649635
0.6388334253200083,0.6509445813885213,0.5661274503606244,0.8995774361276084,0.2585614161082534,0.9495637954356164,0.9555602699870284,151.47567885191754,115.52313963531697,-5.252514147826027
0.979994374444998,0.9476175074858748,0.9116501752129988,0.8845771443936237,0.0318756291772928,0.6035036547381042,0.992592936665338,148.64514225958425,0.8398716793159124,0.5502391669562026
0.5271446356367747,0.5312140568340529,0.7382516106421024,0.8263977415292452,0.266861265713316,0.9320141154804522,0.5369696180228448,165.3685575420103,118.21575522559903,-4.09562320157395
0.7725157812248066,0.7610916370970792,0.8416788223074221,0.974661373974683,0.9569149611050994,0.6880693035020615,0.8882319512028921,131.23788434691122,-57.50349239217604,-5.546013569554656
0.7514761448726671,0.5967026140558737,0.8006117301111391,0.9182644838124704,0.609585879100271,0.6549883625937478,0.6333016254286477,151.15212472202379,43.27333942297938,0.5191568938582334
0.684553484138486,0.4351280292385669,0.6850932277202847,0.844169641971243,0.1815311736110238,0.762295470827292,0.6527363780494913,146.46379364259357,69.26661440205493,2.3686320304477446
0.6050234343916762,0.8992044281366716,0.7282985622118641,0.7348271339093643,0.5020820345047984,0.7492909975506661,0.4647840245879973,152.58211776877286,62.40196639288943,-1.287274537068451
0.6800519615033397,0.6146281469833146,0.6725617871019586,0.7094857472968229,0.981795043277728,0.8958597891820161,0.3570113530956371,136.59955960201512,136.60936745865536,-2.301785428719227
0.6754658682600991,0.8879698472894277,0.6541635848002472,0.918895751985452,0.0857751902617938,0.9518083564848004,0.3147272957186772,154.87468818247052,122.01998653086656,-2.8476927166668276
0.4957097733449844,0.927843304936619,0.992104691267656,0.977693608787254,0.7545578476664511,0.8684670502686064,0.3420758466063465,126.96083631596366,105.22044992712499,-4.849529148027851
0.9292090769407982,0.6725971926608236,0.6004432996773671,0.7666287563139306,0.4178676170446938,0.761080151521397,0.981414492072846,139.28824687872068,-9.664833604578824,-1.5989914910609213
0.8143063785318383,0.7488846938277296,0.7805074059501304,0.9182505995482078,0.3455332518439666,0.968301679583331,0.9152201597729632,144.90044388461004,81.63255729633096,-3.419285345829347
0.8449373103411969,0.5186912810840051,0.6096397372642604,0.7789037502243191,0.8710280294258399,0.6970298306083167,0.6611248821661921,144.40166749178266,4.334790489036131,-1.205163880505784
0.6120302264491171,0.4895215066043673,0.930592717730457,0.8038200232471029,0.2558368665562324,0.8137625319576378,0.7590036761666366,147.87946379080745,58.70567456431972,2.450670829610405
0.5496596195508724,0.8994371201652587,0.6248006173827094,0.9413355525039506,0.1093725086630805,0.6866116500199442,0.444025142480329,146.26329174916438,56.43857110785884,-0.4563254705817532
0.4510831340537995,0.515130694992182,0.7282002473906445,0.856470212750821,0.1712012006201649,0.651000992810444,0.9815145930808687,143.8282752248895,53.818464349216825,1.4978720887316546
0.7904364367568384,0.8874061708923315,0.6685161498584525,0.9782662145494188,0.9433886563784036,0.6721828906886685,0.7866518141021253,119.05238952358332,-61.27934598965879,-3.1982987152985687
0.5705417065151346,0.9534966211224912,0.5980090558690719,0.7866309156463505,0.813770151675816,0.6339938771709123,0.5166563532820341,134.94513339290774,29.822918904291527,-2.652622719612297
0.965340002414439,0.8962088294654194,0.9694013991323832,0.8079185045539898,0.4503171126235865,0.7648584585595624,0.8079153071132451,150.60739130041216,-1.651541075159379,-2.3835252108876537
0.9800505226096,0.6806818216757884,0.8020651329722079,0.7068447894035892,0.6549489478937407,0.6244303707945618,0.6042294905318981,148.39711364463898,4.653152479970849,0.2763531118575955
0.5335336455685245,0.7382294573374821,0.6100828033288797,0.8040530701243029,0.4925123745390923,0.8024308469368338,0.8189364364533,157.26254466547064,58.24402036210023,-6.589562036813001
0.9378147288225132,0.5664506758374652,0.7281550962727028,0.8745081424616986,0.0715365362177617,0.9862697316650364,0.6520506418665788,148.13189962422985,83.87170178973938,-0.08769936859393779
0.6204289308345913,0.620888970131367,0.7462870735262563,0.9726797794256564,0.2303683615607895,0.6521371776438694,0.8381048421326691,149.45189853038005,39.2721850998545,1.425589854632713
0.5667596996770945,0.3626639823340647,0.7853302658422867,0.8226731210328789,0.7741937646715877,0.8017502902525993,0.5411646376820486,159.12837264885985,114.07708236072332,-1.442563954978139
0.565177552453383,0.8683569105432638,0.5876609671061243,0.7260901105303729,0.2657236640943333,0.686820381977964,0.3468063989828246,155.07851559840157,64.1858241047929,-0.05935134647717466
0.550791457782636,0.6681424524836541,0.9065823503884138,0.688303493952315,0.3551325080041094,0.8200741295810988,0.8939402124328235,144.43794415347617,75.78354796022785,-1.7146232398627115
0.6163993043997236,0.6607281875790458,0.5124428820540875,0.9197245747295586,0.5463275342742849,0.8282589993309775,0.5525585717310474,154.67757958091767,99.49127273131828,-3.8968450565331776
0.6158526635141105,0.6962404139577443,0.8866200167916802,0.9935330596238828,0.0630792461286692,0.7732762358916143,0.8800607952481285,136.13435727174655,53.30917621010032,1.923375055090896
0.7056396961225854,0.5055574303527981,0.6596270526735224,0.9053443240517998,0.7684427164398169,0.8728808042923282,0.4729944539822898,155.7799873177911,123.5325331061809,-3.5253922629927903
0.7556279796538774,0.8964181507316591,0.9348210589744168,0.901918395158472,0.2954358217505362,0.7960981734936778,0.3278637933382602,150.12766229676686,69.52665966829281,1.0258616246481869
0.4394890475804139,0.9117440874410998,0.6040734970672293,0.9853575870541328,0.0372875732174667,0.8921817579423124,0.3850573494635205,158.2456286644555,121.54982535437857,-5.948173988405946
0.9952600274913164,0.4039569375717041,0.5558382832830697,0.68817329808628,0.7963480581617975,0.9546093710644628,0.8712914242591226,140.36534562605382,27.743504933461246,-5.597975305770624
0.6183555950234587,0.4099968474922026,0.980640945541306,0.8117077871721881,0.8399966524589155,0.8033027258432723,0.6397695910448298,146.31707357386134,78.9732686971832,1.4139931442959832
0.8242721997415632,0.7152246779982052,0.9595693506188334,0.9735123336130568,0.1017647652725237,0.6830576674539842,0.7721664177680146,148.8571016173733,45.28909526587364,0.6548771215511224
0.7698577168391785,0.9150764816442788,0.997032721796144,0.6813371239707738,0.0154733505185696,0.9894318005147152,0.7770350161924484,136.9016156333903,87.11770970762191,-1.3308169600116557
0.4490880686140029,0.6244308022783515,0.9086237764837336,0.9778881386103973,0.5824519159018098,0.7817156937428889,0.7914068216411012,140.88171974658383,42.516912524210845,-3.7538937279413265
0.7428081544957499,0.5048092814063022,0.5365686454773639,0.8629397155765222,0.0425782928452469,0.7756777364208127,0.3811571119390538,147.779809547784,88.06760708707307,2.198206363489836
0.91749290934022,0.7219630826214425,0.7030660050166866,0.8848473983733051,0.1979873716975743,0.9182182779398412,0.9738405820815704,135.32846916604922,51.805437862428704,-0.10250983934755542
0.759825198442857,0.3839837898717153,0.6721703798757621,0.7156837797341796,0.7710410847026116,0.9328180847265646,0.6127234928413745,156.76306502551085,106.85457106004793,-2.3829553356515616
0.951234005439528,0.8016905056779151,0.6750962478009477,0.7146279495022728,0.1317446547622113,0.8496564325445009,0.3420498935920132,142.81165543293483,52.947230215770304,2.4201692530856933
0.8850302419649039,0.9884989248855034,0.6626515178832896,0.8904017320215089,0.0063222284835503,0.881859538589651,0.6246688400300474,136.44477135497462,56.14591728094403,1.2005426650031823
0.9224953663621388,0.5950378056982056,0.9037581010126848,0.7153131206482733,0.2625720087536501,0.5898987605561524,0.920051792847455,162.76536163983243,-3.1872587658702116,0.7945352139629223
0.7236092032503569,0.5048225025172376,0.5330969639404662,0.8647464472642612,0.0412916886009938,0.7429512018300055,0.783385421532758,140.46477483119162,49.98303677036192,3.3221710649318537
0.6818671959378788,0.738179011896498,0.9684191875053604,0.8423058986744939,0.7774952137782866,0.6181409355514128,0.3278971100090535,143.81477475557566,63.19956708325519,1.4983771253327647
0.7091358730497814,0.6962868403656928,0.9299307802826782,0.91038499535141,0.1185075063478206,0.7010814480051999,0.5347495450947567,148.03609402923612,77.04036187643699,2.385696670898626
0.5546140009270812,0.5006700150314021,0.6779501767471305,0.8386005268276607,0.2348139342586726,0.6057151290169411,0.5378430478180526,155.69339099992766,66.38303685425291,1.3450457634218265
0.5811818519459515,0.4270371351921797,0.8462171571145284,0.7742062495852828,0.885813957169728,0.8647803679811645,0.7928639457218796,143.72517113664978,95.03134900506,-6.190916977405277
0.6266453475458488,0.6174807875719174,0.8487147598827818,0.8439273766152392,0.9115532937556208,0.6412505483170985,0.4381291043223388,150.8997278203804,62.64095323597007,3.249360147650602
0.6178123274433431,0.7114332830843395,0.7802550598918705,0.6943528837119276,0.8508288983604056,0.6463237831866224,0.5627178325406591,139.97306877855516,52.54402881805213,-0.02909682397022406
0.9408657648597684,0.5782957671903327,0.6213807121849506,0.9182160107342036,0.9604802998340868,0.6238368553425162,0.4388232816710984,134.7171379057526,15.74499601859565,2.542145756508491
0.5355708575614171,0.4715513444385137,0.6629032310744103,0.9107501538920828,0.8419064504757153,0.8805684645572283,0.3575148890757593,166.78124251770635,179.40916043955144,-5.730786702391689
0.5244712101649213,0.8301976497070258,0.6286441974729144,0.6897659029428053,0.5764484519674004,0.6650782098775995,0.3654953974345453,151.37109168202608,57.04259750731627,-1.5146081068704147
0.8142056308941754,0.8556073715222148,0.6845314725529528,0.6806125521573196,0.3273210986039043,0.7113624805820691,0.8238296602635976,160.53261910705854,6.73301144405707,-0.6430736561652375
0.8950429793511215,0.3866151699561511,0.8461835443994806,0.7968342048908114,0.7836731743556651,0.793146859324274,0.5086237333681437,158.11138459137834,53.05670118546776,2.320779665382108
0.6199158169364813,0.802165539660779,0.6966117354022545,0.7610528048690834,0.7050614310143655,0.7272934359646188,0.3520115892877798,149.2585362977177,82.5212380442268,-1.1116122441191563
0.9321903577581946,0.6640113804108585,0.5906998694133874,0.8588046112051184,0.0245146646929346,0.6134780152163314,0.4299764658817956,137.0780574209052,67.16458726529977,3.1249609082477336
0.4924456302189149,0.674431233925084,0.9439360972905532,0.7507291120375177,0.0202820319425517,0.8936552472562963,0.3147292213480467,142.48342224873454,118.21562406894803,0.7578921724873067
0.4427261977047521,0.7513491324081263,0.5857973314983741,0.7684773898263962,0.1640709489381073,0.6305552822998737,0.928528348140372,153.3052057574825,46.94384082124415,-1.0313634300111523
0.5678387014797674,0.6810624826809037,0.5473673956668557,0.833181233460196,0.8943963301172005,0.8656638804965996,0.6007786965526405,151.65215500693057,116.86964212720198,-9.970994731358948
0.4680028486288522,0.7856979149245211,0.874250646389154,0.951446613053626,0.7981700550378444,0.9358250058404,0.5444766575365477,139.95023103465323,122.99811329012759,-7.151386612576195
0.5030838975975582,0.5231007185317913,0.7967371045063483,0.839589523461353,0.163073064076876,0.7463881784097646,0.3355969371779999,153.59602822742818,92.27399759260689,0.6739602718001376
0.9531634469342746,0.3558238342185031,0.7898909981598385,0.8946915126059717,0.6459846076222524,0.8237474867735537,0.8671014231264778,141.0859706233885,9.126834169417869,-0.5060086550136813
0.4845521170786416,0.6340592586142562,0.96162769096696,0.9688942571379522,0.9446335417084796,0.9554422428454584,0.8049350037964983,111.20395456241684,123.32935062943572,-8.895609947971524
0.9811770171034524,0.7499297003587863,0.7650229314568107,0.6940503139186855,0.6945710615089975,0.9355549238264472,0.5353015759420776,145.0412101424606,40.95821927371291,-2.960061799290083
0.8191676727370603,0.817168597340151,0.7118969203839036,0.7953809773156632,0.0297698007821035,0.6525857745244299,0.5180594618583885,146.59995034219844,67.50065620901779,3.1495547916154774
0.6421627421461119,0.536377256878865,0.9851090686382716,0.6928085117094376,0.3257389200015686,0.7444938478278089,0.4657602467258683,161.333084878518,73.84362204211193,2.154413815077066
0.7514150769855097,0.4452809020702141,0.928256309368686,0.7349316991978865,0.6383859949060382,0.892256975320074,0.4152909226963456,162.73544934952415,116.25250346020314,1.7280085755230141
0.4347294190103746,0.819825645220298,0.735267727089874,0.8271872109248496,0.3479447578406139,0.8994802651700571,0.8536146263158102,155.83514649563807,122.53117741051607,-10.034110569754155
0.9405269401043428,0.8568248291381766,0.8568975076375789,0.9316431269137396,0.7022759464156332,0.9888412729984716,0.4237924218932316,148.19042671598925,70.48779094748811,-3.06598278830144
0.4483067104180448,0.6867414297002015,0.9865658166887392,0.6820237752445981,0.9881814696753196,0.9577325009854872,0.6091069931182971,114.85078629275489,148.970518314073,-6.698393707592379
0.9086213022123912,0.7688106604160688,0.8831808408304674,0.8545642932177882,0.6802654750298255,0.8718022516279287,0.4126188723596378,151.1408841488575,56.646147564091976,-1.8132402956002391
0.5140412243483901,0.9526542472160248,0.5172727889977629,0.9872929098791126,0.7809808382072976,0.9907152640709576,0.717137405776524,143.23110602615466,110.48521348214474,-14.284698722032076
0.979986753984012,0.546434101572717,0.6253271070119413,0.7354838849513633,0.4929189908559729,0.8873828210107384,0.7831132078946078,147.00200852073104,33.36719471309041,-2.9827573510001844
0.6102071511679281,0.4559209180247767,0.8344896158736238,0.7338003717442104,0.6535552770194948,0.6323113865157569,0.4809307785405173,163.1535319564283,73.91773685357131,2.811635343246042
0.9612903947864244,0.89397899976059,0.621475921175082,0.7468581634417651,0.9063160151255134,0.5783937443459709,0.9090101917238544,123.1242874359114,-148.39139089961265,-4.4633013713901715
0.9047446684196918,0.5748782841828042,0.718736290999445,0.9930668127365858,0.5302701363126054,0.9977318555002788,0.7496011985239931,151.3324851845552,83.15226145936721,-4.570199962727273
0.9805758839302774,0.6635258129603518,0.8727359630824209,0.8930308617995106,0.8673017632514572,0.7978710186052909,0.4756073510819521,144.37057707233546,22.458928867574812,1.5739370972320756
0.9773526701113168,0.5949221958113521,0.9669744120100082,0.9315405439424028,0.6174426931043631,0.6567208294037732,0.9965482567248456,148.28831669019223,-42.00013497187652,-1.4967006752002954
0.7659185138294542,0.8379503217308044,0.9070212545144593,0.7885902582461801,0.4636976156984808,0.6219884287884079,0.547445234616559,156.64112665179692,53.08091993720311,-0.0064970503637757915
0.9844032773490696,0.6092142021814433,0.6285294486539597,0.9324094925073496,0.9233630434554368,0.8705856130953851,0.8578257124254854,125.49950263578836,-14.129591015840958,-6.173183170847643
0.5179887751942862,0.9156852779125072,0.7388857166310758,0.6996862195373076,0.1512571986711489,0.7438336337769479,0.8758519301254796,147.77184784566506,38.65949148345825,-1.6632180947915942
0.6443684846239806,0.8086470859042076,0.7053558927455598,0.7898244281192484,0.7534945208939609,0.9659127601949709,0.4134512267901973,148.3064228561965,142.97052552253297,-7.216200446644558
0.8536426621385789,0.90463317163066,0.5999648143022094,0.7108803945624363,0.6787714487884225,0.7219498245634184,0.3889256504920784,139.0319254610199,18.016089385259853,-0.09560613843788657
0.6906501526754057,0.8090264799471684,0.8355804690198793,0.6708720860555631,0.0914232045429592,0.8332703772884682,0.8973083117336841,147.27128020344023,52.78222819386758,0.3568853318429186
0.503427617051006,0.939053436491633,0.7573843711949132,0.7627409866371223,0.7306451238787443,0.8868951595314509,0.5763833068591563,142.458398305963,96.53671799170144,-9.009972786521358
0.9081869748965152,0.5770527734832509,0.5915926149097647,0.7276579738876867,0.9011565478030577,0.9331915193876033,0.6301440926555197,142.4243382850001,48.51190967054656,-4.160280609931964
0.5961765061361759,0.523410724815665,0.6423634818551711,0.7128103943724855,0.7165982506529591,0.5895455578851424,0.8812651045920704,156.30064426600597,4.5276390775349284,-2.1529895517039854
0.6298978862821895,0.8875445672799753,0.8102979657092283,0.8991923757606017,0.865028369999642,0.6628672975228352,0.6164985279629037,131.42471325268787,0.6925315938328467,-1.8363180024590455
0.9280480923705352,0.5345676455139092,0.8305607424263142,0.9919631440647207,0.6966883816804396,0.8087713920604354,0.3243981335527681,164.14676303639027,69.34915956810283,1.426568330615678
0.8026649503364924,0.7070172639281438,0.932579437924962,0.7958467675750855,0.3482295930590051,0.6402631007485189,0.3205752062554703,160.81969597127403,88.35222936580467,1.6506794006366001
0.7428733713243516,0.7282358383419025,0.5703940886568488,0.6725798731179131,0.5008122919184148,0.858106483738506,0.4024067297279819,159.33385276798256,89.31218959713314,-2.039160253298118
0.9025794384962716,0.9287081978496984,0.6121051581280785,0.9395628660300462,0.6324429161503207,0.8236944145191527,0.5274051919032626,140.18768803568813,20.342972459812813,-1.0631414966931076
0.7035185139468623,0.7477780545937436,0.962414826710766,0.8944949286281574,0.8004095413344552,0.9244087803987,0.6339636161444129,127.7673997037136,78.91988598494856,-3.1416286193156964
0.5485085619742073,0.8764405997641078,0.8017405006854459,0.8659453203232219,0.4018909661820315,0.8748141425800566,0.3767585709002368,160.4093140464731,103.86260057235361,-4.5146984020396745
0.8031864285116488,0.6820002456129575,0.9120126165764249,0.9002035160889142,0.5188508164364678,0.9284906191027816,0.4613745924340667,150.0032237345901,93.19485291293066,-0.07480658102038285
0.4760288301903265,0.4426493598217534,0.8427557819382634,0.8617685976820857,0.0905985307844369,0.7505621391424454,0.83855092958665,138.58182462872716,67.15482761632062,2.1637771581064844
0.951761707224262,0.376780950016937,0.6200870162701702,0.7921862547561681,0.0063822157295768,0.6730037781991216,0.3844403742503181,125.512919852763,71.64083253908233,4.016586119892773
0.6113409709155687,0.3545368981773033,0.9100528009990414,0.6867845360573738,0.9192607901238689,0.8513185212699754,0.9941210470525396,131.63315513360973,46.10639483737169,-4.444350539052521
0.8945649670794649,0.7464117030307164,0.7245295807917205,0.927260891310869,0.6538671078589122,0.8973494884016001,0.5556644277142792,143.81327013081668,56.023726693671364,-3.702863119665675
0.7559029251330751,0.8788966527700743,0.9727414038601152,0.8217661406061592,0.5028175406939808,0.7369314605489237,0.4281904913010977,149.7567175940386,63.81257206627444,1.0498409893960536
0.9249996427336712,0.7177640600522791,0.5020427289100443,0.8709045547833303,0.2737533639591846,0.8145561750625822,0.6586869106248179,137.2914277157634,27.78518833525158,1.867429234382929
0.7181077085632753,0.6108895127179436,0.7381072136090133,0.7005293448620598,0.1180304652922558,0.8621129268301628,0.8439490915809083,149.38430929921395,72.12640319892105,1.1862584031801844
0.6821357681179664,0.6112171126668344,0.8688035192835738,0.9131139947671366,0.7426717628168988,0.8237568587533735,0.4057103133342246,156.79779571372842,101.94256791360925,1.1928298244013629
0.5441904899531661,0.6782428964355933,0.6596290229490114,0.7778144818698614,0.3389807544175411,0.9575861992406798,0.8703918734188829,157.226410874951,135.0543668146109,-8.713672261424303
0.6092861428949159,0.4956092698934757,0.7286292445077438,0.8857848838709173,0.0099802522945844,0.5911156171309095,0.674919245881278,137.6752777102208,56.336263169296494,3.82815389001707
0.564043222237758,0.9489579400126258,0.7840495956000642,0.6694051963861029,0.3728851113088169,0.8237125374770468,0.3437087214708798,154.57715683674704,72.8560102839233,-1.3382937652323208
0.9330806821595058,0.4920694821992729,0.9098019259541298,0.7967182239524834,0.4139384058109966,0.9218478303387856,0.4566835015965399,161.14572543006724,75.37232181539804,1.6939810781761828
0.8856396364311201,0.6877777199316154,0.7705614330583728,0.9792914037628122,0.7010722873199231,0.6868952069105998,0.9417755345005684,147.69757134645698,-78.6686410801166,-2.8590756377330746
0.7682699921128182,0.5597564135533161,0.6868854336778956,0.8349101614847465,0.8039507247733543,0.7500675086335831,0.4304572080173138,156.25643772169263,79.97862426761279,1.4716803297208596
0.819883682094775,0.4353883224331021,0.7546847083476887,0.707844869778701,0.6469837678309122,0.6975546041831396,0.8341346766437407,163.10350758181744,19.647298667282897,-0.4952715822640188
0.9130450844912764,0.6183104227706633,0.5657413191952491,0.9637124559656302,0.2707173942242175,0.7402858507943001,0.8830305554354916,139.28168801428868,19.72107839992755,0.8298630677811856
0.7619004361448174,0.767373778479514,0.8430401960717908,0.9561897428763064,0.5292368527123109,0.8461384105954739,0.9709274616382972,143.23816035389473,10.363707418636714,-3.6506468056352555
0.4491828801945123,0.8540828618284582,0.6527465558755003,0.9913575811633516,0.3468485906369483,0.7732681675444698,0.6676336348329639,156.33813744579106,62.30865025011524,-4.078643793853037
0.6319709870043241,0.6934245716524227,0.7119635453881248,0.6771197072890003,0.6404566377657207,0.8894146895072723,0.5492557028535857,150.1913314065307,115.51869803395252,-5.837295862831874
0.8860731069947875,0.885570957228339,0.8246987774767055,0.9247397968673776,0.6298492553503499,0.868150490416492,0.547859647430225,146.1107711900333,44.74516737987856,-3.112569554122007
0.8149412631907182,0.602414975129113,0.80664701129169,0.7666677580553636,0.7578797190235014,0.5796415359774116,0.4029069696439888,154.3608413569746,36.49661546867004,1.9225474810598184
0.7996214244286579,0.6902809369059268,0.9994473147391556,0.7953762591741798,0.2694315772377838,0.8807663963550081,0.562384788738168,149.37269202922974,91.99109153577668,2.381232388262128
0.586580203500098,0.3533469671255791,0.5862301181185486,0.8715735821612122,0.2951834122080706,0.7313398888060046,0.7831970622693847,143.6993905917848,64.49414186086281,0.6079492212505939
0.768334943333296,0.6735623551987822,0.865224454380298,0.8977476826533441,0.0030466472114201,0.8227657478263768,0.7237385795708364,134.69507398327724,82.21518936850194,3.340169219297053
0.4442734447939208,0.858336936874861,0.5661497300174643,0.7103474431364462,0.6895774967383721,0.9680517052121168,0.7483833385518791,155.96684653706694,138.29056919867622,-14.212916276024313
0.8125428926994873,0.4890375762933791,0.973296148536964,0.946633215005636,0.5715964723611273,0.9898261263839444,0.3413878648337406,157.88291216761348,135.5853495838117,0.37838849325071333
0.9821696820481032,0.4845982421532473,0.9476711629843336,0.9621557742921918,0.6652866471004317,0.7476805827659054,0.6632903392644025,159.5717356279048,19.045752413603743,-0.08203188644132609
0.864705791152772,0.3819715556544817,0.8653612554370653,0.6785369795213639,0.8390454856638476,0.9736402697965328,0.809809980285764,142.97078870564218,46.32441211838843,-3.369873234575472
0.5205193076902628,0.4118450223854575,0.6846019045479951,0.8353122226124396,0.3593961518744218,0.71802187381482,0.5657762274488373,162.17260222600333,87.00085829674501,-1.133778351505506
0.5867786154135045,0.3691305094926496,0.9252242973053816,0.7674244249792005,0.6942907653853582,0.7588677635806181,0.8069918854396858,147.13370339300303,51.68671166374305,0.04919492358894484
0.8580232311188662,0.9588013813602398,0.9693745812501376,0.68411040265503,0.7747983175818954,0.6643406440509407,0.6373763067008683,138.86740650018552,-2.5887462115913635,-2.019550051728284
0.6099561012989805,0.370616601833187,0.7496666951348484,0.8337677031840149,0.7539468575180966,0.9711510779390442,0.6818640020467102,152.7411450711195,147.1192701804759,-5.259858509837796
0.4607576235852239,0.8906026684506216,0.7539955918142097,0.9873241657099784,0.589253793846519,0.8761163385857593,0.967795132090535,136.85551017626074,76.14317469575951,-11.44559154791283
0.892386201220542,0.5868334503505346,0.7972223145375514,0.880643422745067,0.9774075896022778,0.9377628841105772,0.3932250438012489,131.18000276568492,84.76376685699859,-0.3863666521563538
0.5293066803034945,0.4898039592390487,0.5372369029404102,0.980446669367734,0.1170371147652461,0.6310628699708669,0.4879749035769865,148.44714982897233,79.32482252361548,-0.18319099837932562
0.7738232380318559,0.8852600314591008,0.7096291907286079,0.7606794621182335,0.717415177535838,0.9332932514382416,0.8314246991510231,140.66053890541042,28.712490228169525,-6.2890716648713685
0.5917878343694396,0.8424728931250155,0.9417102408772986,0.982399933863298,0.8902087028092984,0.8064169451761989,0.3810043865994026,139.03888144897712,67.39601456492395,1.4175320852317288
0.6670235231373312,0.3534237246529021,0.6863500266830961,0.8604659130683273,0.121776990018955,0.8236040198965129,0.5142669640316199,144.49620762923703,94.1060849527681,2.412354919625435
0.5367832917281575,0.583220575751555,0.731095490342061,0.7975794975688308,0.7767262539258034,0.8894183251469203,0.811734615662099,144.55738908449013,110.12216135359694,-10.353752215191761
0.4475230254462629,0.3532313573113662,0.6800312566112827,0.6795517495488953,0.0082857311843506,0.6020565956656976,0.5703414023423321,145.3468771309353,62.658335554869936,2.9752976229715946
0.5410574275101636,0.4196813655551238,0.910115219214396,0.91195867527283,0.7316311662548347,0.6620547624905617,0.468661891309302,158.10763837714225,87.22580318633528,2.179792907658236
0.9948682377489344,0.354465323832316,0.9305153520894752,0.7036681132280953,0.7432136351745536,0.6277111605465535,0.6483102225546185,166.9012097855952,12.34773671211726,0.5727637326543706
0.6732439631474736,0.8006420042957818,0.571081964087047,0.7498085757604737,0.8564828046687346,0.9904018689145836,0.9067407105403676,137.467869805266,54.62174591543632,-11.64478296176696
0.6616745786723358,0.6089963976780399,0.827559164850747,0.843178413563581,0.7191190799602007,0.6905023942409851,0.3360097585899351,159.87125433945897,88.47891226161347,1.990314583677542
0.4384401252250038,0.6321079004784482,0.7782593854591142,0.8272619859659276,0.8180407990548624,0.783380931739683,0.6110831148590634,146.1079148055994,64.38448930656344,-6.131211539456747
0.7620454648998377,0.5031660665644448,0.8913803684027264,0.799413831500641,0.1979581923009729,0.7028409726541276,0.6070761182749878,152.0443721793882,59.10276354551515,1.8719208330445083
0.6099922614796083,0.6334121252333833,0.919274040258031,0.6883637091802697,0.7920174527504288,0.7481471976005284,0.8360707159703561,139.04501381596273,9.580124711467953,-3.0553859997309054
0.5997920112254914,0.6148817249316618,0.8996102801069417,0.9353152990889216,0.7958706044098208,0.8674476490580866,0.8203309490515672,129.6208240838717,69.97726997970219,-5.788438881881469
0.9028716467070214,0.4460460337995174,0.6738441349378702,0.9210912190592512,0.1341484243668539,0.9849778597994442,0.8368070175180652,139.85431403502565,88.3589698895685,0.7414615558391238
0.8898739894973016,0.477072246317233,0.7922502995880945,0.7085671450692446,0.6588151203519448,0.9854083233513878,0.426949754420734,165.97811580646274,103.58777331250802,-1.528386298557018
0.8047502824791672,0.5229598119623861,0.7357118785971737,0.9696694415497148,0.530312977050305,0.8223723458362465,0.8444504341410664,150.1966142407112,41.910057846810204,-1.1717700480477156
0.7403654959331416,0.3677834012580092,0.7727582343595194,0.7525963350621363,0.6742544897654963,0.708017048658743,0.6711478766536718,159.67979258352483,39.665276519081715,0.71988673719517
0.8741274324106126,0.9664502216397276,0.8951244470329154,0.8382562613689688,0.2206355001841379,0.7547413945167984,0.8781312369696213,144.53736507550477,7.866299828620626,-0.26672842406725517
0.842963639563883,0.6973103319130805,0.7152966027760538,0.6912367673749128,0.5121123838788029,0.7373270735424492,0.6535154739490474,154.368268395041,26.03868122611155,0.14715475113369458
0.8506370374043828,0.822475458289474,0.529187177325675,0.8858927150614333,0.113745799126081,0.9827234128033376,0.4248933839044375,150.4796801572333,85.39928376899033,-3.0505153286422146
0.8276295305881273,0.7199095940514424,0.9815389775406324,0.965838048367406,0.4853674556419613,0.6546660315754929,0.7762177956029606,149.6180009452852,4.885160584117401,-1.4496470997897013
0.5140816359274833,0.4172929268897009,0.7642816953500842,0.9952123998684684,0.5702386926457064,0.9606609866512208,0.6189814570737922,163.41426262732617,151.64702543040352,-7.1621029220878425
0.8864981427351599,0.3795853777121349,0.748530547874375,0.7133968071546137,0.5654236731012621,0.8747944752187793,0.623310243359942,163.69053694251022,61.09289399568292,-0.7923306410241471
0.7262042458254723,0.8498035957728342,0.7634800668464987,0.7122891515561703,0.5095317115701753,0.6373918713357992,0.3921803308269659,154.28928121535947,47.187165423525364,1.0157180120097031
0.8691994069517044,0.3985904067138405,0.6716269593977692,0.8053741180909249,0.7610493151900801,0.7944326225616144,0.3371138847053961,154.4462147973194,85.60391608777374,2.0710225064345575
0.4601613251640261,0.9187516933332256,0.8928715383322341,0.8750552912652614,0.1697600936545089,0.9654658971538572,0.7877371080159896,134.35386079344724,119.46839702875349,-4.751670724252531
0.8615250601781002,0.9528212404075098,0.6786893148760392,0.6974005064366179,0.9091015161399936,0.6328848340393313,0.698667304830968,123.27181343380656,-76.21161562586781,-1.3148045815457319
0.6939892494366551,0.5964627126692499,0.85978199271213,0.8349970189302006,0.0613835441884352,0.9658182532559376,0.5682222429127572,151.10277728233027,112.00156647213686,1.2089414781225303
0.6785550821728583,0.8143220623532387,0.6876956290664155,0.6889922272796899,0.1977470946478396,0.742161166775551,0.3481500404945683,150.34216912654867,64.57310704251539,1.1355425538101978
0.7390246611838944,0.414661985342723,0.9867660361374052,0.9711117730353752,0.2933329660959103,0.9896916591747132,0.4863285670247223,148.11355291577468,120.97375418885223,1.1656057647260027
0.5129301851455503,0.8350306535110674,0.923433204536456,0.8934588589627049,0.6472007115503905,0.8184474360877785,0.3872565617145042,147.31250241982562,89.65678456865456,-2.0261219367720313
0.92670655577126,0.9725280789212208,0.8211083303801101,0.976690707609036,0.6711961735336657,0.7857722610198514,0.363460576969822,139.9140115852805,15.315479685759925,-0.2216752902369421
0.7085169851720886,0.6641673530004217,0.7376683422059432,0.8747459608479082,0.9189692076606248,0.8473450609932134,0.4702529932108412,143.50292311135124,84.8312523046831,-0.8082179146935644
0.9651282087651796,0.6708570184655747,0.9974257728431024,0.7335606661913865,0.1388403299841265,0.9656718406443034,0.6228818643213494,152.94949805264645,78.27338362888945,0.2758422118051902
0.9351387866560916,0.8369336031342698,0.8848696583980635,0.8422242254384991,0.3332940793526655,0.6594679137005852,0.8380219015082551,159.26816475819274,-4.856148853444871,-1.1214639158988926
0.5242325157530788,0.6396106891997595,0.6719958369135404,0.9991128972403716,0.1074635837907418,0.7357181529112996,0.7141811836316168,150.7362620498978,65.5056669457841,-0.6975288863566572
0.7954080246226227,0.7347121280913844,0.7297377440969982,0.7824984908372613,0.0084846017770763,0.7076234830042268,0.9930468560715172,143.42525859258984,31.353853038853284,2.2826397264377953
0.8123616713028532,0.8835535942695991,0.5192525971536158,0.8525511444928573,0.5146298260575151,0.8776436360173213,0.5763047969926882,146.30678265084077,85.54832387228146,-4.781585038758666
0.9888374303290184,0.7367531623020419,0.719458436460187,0.8264516574071733,0.8630404947429822,0.5929050058345331,0.9457047605357904,138.59793318218055,-130.20857709361866,-4.312845571714483
0.7475721054030118,0.5265920256231099,0.7716924861818123,0.6898370138447912,0.7243216100565297,0.7013607500441321,0.610695160161649,160.72753646983136,43.95402541127138,-0.26663689553777803
0.5681811664935739,0.4643533956244681,0.8309418389317567,0.8009737809999098,0.6484240465874125,0.8301022907893738,0.4249036330748654,169.22697609154326,118.77415691816473,-0.678953076005347
0.9802704615914476,0.4038928394941442,0.8002812611659198,0.9912046594491444,0.8851919460952682,0.7004422927288628,0.6261934247859258,154.96153245562397,0.595184154750271,0.03344408479429517
0.9567452893283224,0.628829974831193,0.6034743919176421,0.705781955064915,0.4031098390286785,0.7438013485672273,0.5058986316746152,151.78944727071732,47.034265182346196,0.542089825077193
0.680799928416685,0.9882872873849464,0.8759769321685962,0.9146329868436426,0.6304502924948565,0.706185933540789,0.8362237616099104,135.41889333463072,-27.07576162652863,-3.4150757335508968
0.6333081572599984,0.3839818838918405,0.745428511231628,0.6724002031319911,0.3771931733717576,0.6135722256247401,0.8289971897655795,158.19477213212403,44.29001969729211,1.494642154366503
0.7270731309012222,0.4969733859822043,0.5799156917945996,0.989072839779945,0.3126451631170365,0.8497764938792443,0.3397251964198968,165.11251278128302,91.5609011398152,-0.6230707494075804
0.6669194648226965,0.4941987885402558,0.6007426768879438,0.7075140919418629,0.8765902662894312,0.9280854236456562,0.6719051469055511,153.20319136487382,101.58629501793268,-6.28252858525473
0.6940082227477429,0.4820353937178989,0.7785480145182266,0.8890732779147381,0.7300294385785887,0.8991807343868988,0.7429646186078285,152.30482268052532,101.45978026192584,-3.1176647802504904
0.9793095938823316,0.3671574190821292,0.7015586844382447,0.7700890155291538,0.8933306659000279,0.6751519670125136,0.7037861547667603,150.86555044602358,-23.98079237382464,0.6370194956375643
0.5621036134003735,0.7332661656870736,0.8308915674658797,0.8188947460916625,0.3595943668358485,0.8341626876027775,0.5452304842118835,160.66209177833113,93.28099464325314,-1.3163221600955441
0.8403159226579437,0.4594151972402535,0.601158649481802,0.7809751029461002,0.266250207216344,0.6204319214755123,0.4434322854198484,146.79423842885538,56.13145146937721,2.5773955478120127
0.8136819579594547,0.7721799470500819,0.859223979493251,0.7894130010276461,0.2639221333950679,0.8107995116410124,0.7908195203438882,152.05590627985808,34.106329405359446,-0.00199974168205852
0.4311026988585122,0.5112983853804985,0.7985915031748274,0.7958739617068973,0.7082033702827084,0.5877701137623369,0.4279250418000773,163.40641627946678,79.80457506431725,-0.38086487426322013
0.5189689428907749,0.4094047198556172,0.5119178870488434,0.8687761839980934,0.7900621144697088,0.6001804634391225,0.902541576242592,149.90000071664429,-6.608967402009753,-4.667214484783518
0.4942249460821168,0.7046041233854842,0.6456886219410688,0.9219284598736288,0.7850301741682265,0.866936701093111,0.7284238449810856,142.23563317884512,101.51182661531621,-11.091986379582682
0.9248625172185688,0.8821026750947882,0.8993377638227619,0.8710746855552973,0.470209835461143,0.7134259745728739,0.611469514794118,151.80138042810944,7.912903912078484,-1.1650402729038416
0.4359520580010231,0.6426373519655606,0.5920296451547546,0.9127740963571164,0.908726130533006,0.8278719040504778,0.6839815815178862,142.58871419714475,90.76605127834921,-10.01672823900498
0.5152657417451482,0.8158508389253514,0.871573365204598,0.9760163518841648,0.798748136755546,0.9351211318278664,0.8676098453487938,125.87496088947901,59.52699329518715,-11.402256759368038
0.6624746624684197,0.4290421424586356,0.8342795247545072,0.9759669384903368,0.0487333681390182,0.6756441467975702,0.4927128685335216,146.63133182997305,71.44236813404872,3.6657809884002495
0.5574899263663491,0.7284087418263834,0.9717114379576122,0.9301397116566352,0.4889986821499635,0.5784788648321305,0.5815276391789774,141.072442429715,38.27779797377858,0.6943361040626437
0.5340830003340812,0.7086269716436127,0.8964522481613825,0.7756875666611828,0.6955719172158831,0.891351514148411,0.5011020951247234,148.24270710154414,123.81453765252994,-5.167549793784698
0.7094629847501847,0.8865945039348158,0.7054969719928028,0.6913730431003945,0.9105157691517658,0.7016284424920917,0.3662939849974591,129.8721966362826,48.35135454233448,1.0711667915771814
0.7244424988939954,0.8359096045993774,0.8006188381842245,0.7662867989940608,0.5629152327774645,0.9526981100798422,0.9247971342417944,139.32409842975912,45.06602367712098,-6.677970204221266
0.594863127709581,0.6951033905759555,0.7862932300969665,0.9652970186633102,0.1143016456829171,0.8699095911843752,0.9922374909137912,140.66578883372603,106.38199710817085,-0.8149955322464567
0.9416283787171192,0.7350841893596338,0.682145782425072,0.7359839803484206,0.4079642267436028,0.6800504702601002,0.7750065327390137,147.18693235186993,-6.1536357903781465,-0.2710795779292656
0.4607517351832203,0.9068378938376768,0.9871565190068384,0.904486342720974,0.7911584443447204,0.8528632679450606,0.636574170078041,118.13961902817228,82.64488697165366,-6.794656621808598
0.4451133640938195,0.6097095560917607,0.7265366305583065,0.7144945871812028,0.7120244773097273,0.6882041820449488,0.5588070048106976,157.1018622993877,71.40423016146899,-3.3981099566623003
0.7732202153359051,0.4442196487929396,0.8521549710916079,0.9879232374055178,0.8858317389966098,0.956271174816561,0.8379955951337592,138.09323970701323,76.34186403217512,-3.476226501707382
0.5821450817473814,0.4509818618220587,0.5141037109770552,0.9754133818916308,0.8877232231197443,0.9624255251353392,0.4291697979626661,169.66348610144095,184.61957676401292,-6.976943019605946
0.4981403642946076,0.3909512883506921,0.7140629270010524,0.7968286199263216,0.2448518388230945,0.7398508031436889,0.4924054046279607,157.16654153663364,86.96058879677044,0.4047956274519535
0.4847501900545851,0.871215394909711,0.5622051453288246,0.7399281703486172,0.9250948000923492,0.969735426717241,0.4001325287061567,145.22949388920713,174.61881585267912,-10.072385635785572
0.4996416062029862,0.9435495370431836,0.5589365097761002,0.9900553839594814,0.1498561229737519,0.9200025502813562,0.5580947364221664,159.1540451638286,102.62417814659275,-5.823650476128024
0.4701972539312038,0.8309441299843854,0.8911102513306033,0.7072992026581457,0.0856094002754159,0.9950788955789892,0.36424846852942,153.84816907363927,119.10047942724457,-3.1361059830241103
0.6535759414326165,0.5474601658084062,0.7171642415932433,0.8569571108717398,0.6641270021909049,0.6116877556356178,0.5247002100802154,159.0489312552523,68.17808144065035,0.958719975396348
0.5124235485225479,0.4497838143466177,0.604160251095931,0.9907953601639964,0.761943521431048,0.6674502798339332,0.7422631118366876,150.14784432893424,44.44009228835651,-3.0904659458354864
0.9494238673981982,0.671998888359216,0.5706633788054718,0.9152155252838194,0.7390304954674048,0.5908243530911922,0.4484989615269373,140.44784566707645,-2.2763812021237015,1.0709703321099107
0.5646883399516904,0.5047857157846457,0.6255609543960801,0.6883132212704831,0.9493250310780366,0.8638556573658249,0.8617196689499445,141.55339470900662,88.71901852205067,-11.32170896878528
0.7663983981046809,0.6578546629992028,0.8130458198165029,0.7964353130994448,0.8032642334284822,0.5813942730927981,0.6706199785597466,146.91629185594803,-34.40451833597156,-0.20650223558016068
0.4300282587783675,0.565399983281206,0.6857773020767586,0.9280925324736268,0.2289900395283263,0.8972430688578308,0.3595201921252822,166.0141303400905,146.74873472991572,-6.469136381146455
0.642402209232206,0.607760438704412,0.9500525388534168,0.8983185875486277,0.338896951591519,0.741934159349924,0.6547655410848376,148.01334804461104,54.976332722665504,1.3495099415567187
0.7658014291748212,0.5333671288954065,0.7356318145943535,0.8994179033371934,0.5699386546871001,0.6308289599919181,0.5715886456424166,154.1620441143422,60.719957731322374,1.527401556498515
0.9331474718140296,0.5469008798972229,0.7819676499214303,0.996073282131566,0.1600323736045113,0.9318575543728612,0.3783234433075086,151.40320038010447,79.75913733498528,1.1099540629983946
0.6688537210181664,0.5515478323087684,0.8796918447801145,0.7117111535465873,0.4052054609870922,0.8179094034946589,0.8677178185805781,150.89158567752787,56.10117228885856,-0.9821837156579002
0.7519556482817114,0.6246337246869886,0.9378268836401652,0.9502192153818254,0.0048892771010607,0.7344241060745299,0.9638544661783384,130.77227378224705,49.50108857257772,3.0070984818536344
0.7239495290827633,0.7162043456653688,0.8747667419259222,0.9030188091608008,0.2097079399276987,0.9643934451554776,0.8768241267388208,137.89754347911247,103.56688367989646,-1.090753088743441
0.8708763085676503,0.600786311540392,0.5694348227629159,0.7416490455291537,0.2303124797355097,0.8759693365376255,0.439452497308282,147.26151506591552,65.51780327929875,-0.6280718783008656
0.4553714642007129,0.4837188939066594,0.5267185957502419,0.7202162437601991,0.2664790289954097,0.9285372980794078,0.4019021637735337,171.47856942975977,130.10668565782746,-6.144683766453419
0.5143701165990078,0.5394380800199825,0.9392637705271992,0.7083435520939887,0.959673448242892,0.6488788171847163,0.6990686207583268,137.46201418947388,35.205403658367494,-0.11978144965250048
0.5865489664120664,0.4037507225237425,0.9947239600121504,0.8067109732895765,0.9171339718139102,0.6289951098522911,0.8210689575286372,138.57207024227588,25.241251288475077,0.545165618998587
0.6431275195246613,0.5035027787618792,0.6211828669927046,0.9877779558859854,0.0608871642819367,0.58618141418293,0.8475163162418449,139.1565196646233,46.98832149472813,2.6764216157005754
0.6768767345838217,0.9634895057519386,0.5186610163764606,0.9264953955523126,0.7538646180874058,0.9349603000856642,0.8504450713477331,130.84471613251233,34.629358192649576,-9.770784679119025
0.7219809874079338,0.8157690231273511,0.5322596604333916,0.8138030541318394,0.030879357492421,0.9257661134313052,0.7966856444787422,150.53509005250822,84.80933644840474,-0.8308846656045903
0.9943017418610216,0.752165312322435,0.9356199418076708,0.7272753770059697,0.1458199920853137,0.7622394930915548,0.8386967485999286,153.60170748653616,21.022156542993685,0.6868479797526224
0.811289999882716,0.7788317378520835,0.6356326651991744,0.6687099727950098,0.6927939355612991,0.6217346465778979,0.8886578208896773,147.1882437385913,-55.40357225130133,-2.8409662352249354
0.9538541351201488,0.7717867419359371,0.7572239445640734,0.9957287282778232,0.7883736975637332,0.6105056297489482,0.5732108289523572,141.9488420633516,-18.503563463840706,-0.4618800508592298
0.7279047291201488,0.501615902438553,0.578780199665842,0.8863969945552215,0.8526587190082574,0.6922999841590114,0.7672813187200369,143.79806819063188,-11.771339181357448,-1.7013761585262954
0.527092618584179,0.8236730053149706,0.9781260641419556,0.9278704631494086,0.0323497001348319,0.6190598903353483,0.803636904531337,133.7078818157869,57.38899129634025,1.6933172952285398
0.8887441335988736,0.9676769278534484,0.6137562524705668,0.9013273706089022,0.9893760263235556,0.9480735381474904,0.6787654219686791,101.01297621291761,1.7915932399852963,-6.333816901870755
0.500583641476396,0.5255070495510504,0.9442525996091105,0.8213532051123381,0.5059720520729929,0.8460288917525808,0.5181881677185349,155.70660399896616,105.25913365001831,-1.6302955964408996
0.6943809279202942,0.7990756965628,0.7465939125556343,0.7636514692634668,0.974646642603697,0.9394452048614486,0.5547722474478163,125.19317495178387,97.07248748194846,-5.9758622740197005
0.4351324062299421,0.7072110187018977,0.8419681563855741,0.9108357506063084,0.5613603276463809,0.5889602500062728,0.4475533839498842,148.75469408419465,51.28920023447806,-0.6274705847994835
0.7244657165188959,0.724719687474007,0.9798737314908814,0.929288408948312,0.2277012402071001,0.929099986294563,0.8635791141513901,133.74920970653426,91.14541445365133,-0.16102552681681948
0.9377283041550956,0.5354383490393638,0.8852078956743719,0.722317149387452,0.1195582191685857,0.6922355627053601,0.914520187972884,156.63633546469396,21.940156240749953,0.9187882207849749
0.6951067119884786,0.5752491120842007,0.8199320460024946,0.8596456006605581,0.4804225512351369,0.906505191775088,0.4292958700607667,165.28535567708278,106.38323666794602,-0.7433930024562331
0.7113129860822724,0.7319119370427205,0.5712049363522673,0.8189060664714379,0.2461039266450977,0.7416916811987562,0.8495617416353137,150.12499186997243,31.863532317848414,0.3117308230542022
0.731406006195527,0.8941234255790202,0.5055308020891361,0.912446676842577,0.1268700814492083,0.7143256958313456,0.6395206664074495,139.70730311420274,42.67985338656222,1.8181954556553577
0.8655223676179101,0.909550610914653,0.5610648502687814,0.7078810142030398,0.7093863020032923,0.6648861496748694,0.8379060523735598,137.8792200885583,-70.14630018999677,-2.4789883504723904
0.8790703804622615,0.4479949387689075,0.550365438327564,0.8955550917164012,0.0183863792656723,0.9976973618033208,0.4249752358412494,146.08505673362876,94.97171235934954,-1.1713695049890847
0.5683654652134754,0.9073693610248512,0.5640606136813203,0.7302504534048604,0.7584376372659111,0.9620897917042908,0.394067987313521,152.01141870296755,147.5433654085454,-9.281350624346377
0.4765835609376982,0.5651604537258647,0.9057143997091232,0.7459980856829519,0.8348853315372559,0.7366908452805772,0.3665875902179079,154.48984317138616,114.54973529120076,0.980685031022388
0.928109309090098,0.7294252572948308,0.5977465700755857,0.756047616302178,0.5140921353203002,0.7397747652628901,0.6510278553656573,141.66727143791474,25.568588672953947,-0.4883331538259663
0.7441718112563344,0.5239247480736301,0.8028950549457787,0.9391005218217692,0.2944036458657457,0.7847279260757101,0.5852071286697318,150.20981375454738,72.31650117686578,2.0162938602767024
0.7630374025116072,0.4291310342087721,0.8758803844682213,0.7488473579054867,0.6496317192938978,0.5919159735257263,0.7070720719117064,161.3228917043792,26.507788486504964,1.6034634088602422
0.5172217453911352,0.5708716492123519,0.9886586162324034,0.7442221900261925,0.8307262485382294,0.9350307640012816,0.389590824694253,146.37684719424078,144.38997708383346,-1.126967309206473
0.7809926479479569,0.7137436116429707,0.6493459378110947,0.9756577878053112,0.0954543332406397,0.9838918947200218,0.3504405069770635,163.13576555407573,114.12863161519057,-1.668630596162418
0.4930035227876219,0.5275932151624572,0.9688698676419768,0.9131317088492727,0.1201022699467295,0.8257611094618867,0.6586317252620028,137.73288168707543,93.97264539465056,2.2714117546985895
0.729606531556807,0.7872001434586751,0.6738066903368287,0.6782113007093918,0.7660160559105432,0.8435251786266869,0.9405772895709678,136.49879853474508,-18.83973651503895,-6.383108862570044
0.6058183703462182,0.4088992689637405,0.8532448178957545,0.9508495828377423,0.3399492208431605,0.7325959439650033,0.5570936026089348,152.09228816295263,78.93618565175683,2.7302928936368716
0.770753065991013,0.7361707776871592,0.782960024551526,0.7839505882798969,0.6714479113573597,0.6142462473374855,0.5080659097697063,150.87415873587713,39.63542443814488,0.4404071727183214
0.997006959437218,0.7053675421722353,0.652750405684321,0.9287645875606184,0.8142717296465183,0.7253041675509716,0.3223299333438808,143.15109154859002,30.29948763480169,1.6674964680925615
0.9105194133202132,0.8413064512571273,0.6243175958974428,0.7663811310212528,0.8906604701957419,0.8666337145602842,0.6638694379154297,132.62492944267746,6.576101147234084,-5.45344166754249
0.8558640672471032,0.8930145519033996,0.8261120417860077,0.8546658297693135,0.1542532119512316,0.8724314811258214,0.8812157585225288,142.28391278092082,50.2177886306356,-0.7516648457068112
0.6339672480960317,0.4826040124422536,0.6652367492684208,0.948017179226768,0.6441424368962988,0.8725691669945608,0.4195905785657365,168.99214452301555,138.40004911595827,-4.29555710975866
0.7545477869496531,0.5565418311086568,0.602207076360024,0.918572967531035,0.0739997297162053,0.7334925070231323,0.8478810555510967,138.55628160440983,56.39104305246343,2.5677120333978563
0.8115825853440889,0.3912662126877954,0.7096361117935231,0.7662785491759705,0.2652348804964387,0.6714292044425472,0.5341065764298825,153.5355987192831,60.21006060393628,3.5596442450653543
0.7858255870364022,0.9674728411466516,0.8633213182002928,0.9315249286214604,0.2141236615066181,0.5866619019096216,0.7906447663415024,148.1831307599576,16.067959909407,-0.2805947749951767
0.531128005911017,0.6579985449215361,0.5254585133096894,0.882812226925006,0.0420409994644394,0.8359139089850215,0.4521251401710581,159.34156593179742,111.7260979293977,-2.070598621216491
0.7612497860554912,0.8458510548392348,0.6143063339432123,0.888089783820811,0.8616085372041463,0.6994888567271966,0.4488369430065484,138.2430962589775,30.256505425097963,-0.7991479850884761
0.9456159505656656,0.3563400554619193,0.8397302463255996,0.757762590095876,0.0476797916343248,0.7051929780955439,0.7913688220007149,144.80640944851464,38.920528163340364,3.657267654590984
0.5058167628389676,0.9356115121952736,0.5930245049804954,0.9867896837043506,0.9622923938106248,0.8298347284612981,0.9007579695249812,117.0891040016628,6.667055109295063,-13.193514064456
0.9871693098493224,0.8543891567038808,0.5406375686268613,0.7604588226307489,0.2015894119021215,0.6297866342645233,0.6763507480133977,138.19639791806256,2.0187936760098992,1.3611109797674463
0.7820757811704628,0.3959434062385509,0.6015396982233474,0.8029113943705665,0.1896018538444143,0.5801362700752943,0.9942256284945872,143.81983448073044,1.2510741168454018,2.8464405106705524
0.6016328941898809,0.4179907548831145,0.8175498346761697,0.8941442723530079,0.510245379866853,0.7780180400507872,0.6343956054155443,156.97477145018954,77.81594768869044,0.6875808870076949
0.6362402138324499,0.3905534407393501,0.925558465244739,0.7149709782812782,0.960790179539318,0.591010043436505,0.4896977046409638,158.0455722357256,67.26367741049317,3.0540890473297395
0.942437399488382,0.9058116520300544,0.5040671736481283,0.8672803950515676,0.3140052217035105,0.6088366064739931,0.5106779406875309,134.035464873753,15.29598636883361,2.5620671192681304
0.964358569805837,0.3667702518393394,0.9658722401222328,0.864676708595682,0.9287295063873164,0.880820978731339,0.6480195780467106,145.537332351304,46.74974415626602,0.026590131115340032
0.4658412253748291,0.4359189837011754,0.5850916615466162,0.7086886071402697,0.6270857003664484,0.854311204104871,0.6459966114351181,173.98452622293638,146.5027953376839,-7.546645734785119
0.5667318214106629,0.549341837650851,0.8321635584451763,0.7431288275396196,0.2069753392391299,0.5801870741907855,0.702638335285284,150.35187644559016,38.90669777852761,2.4673585684509716
0.7075790678223896,0.7639511447406917,0.7421791363248227,0.8339124125865567,0.4068210745941795,0.835680343471424,0.6685893698492926,156.06445509840816,56.07395730830144,-1.0369192736177275
0.9833517227374884,0.4855726732441563,0.5774141113721868,0.8568907670261521,0.9494797806228812,0.8902476324042279,0.7386822208231287,131.5050655797288,30.15481595994021,-4.1123967366185
0.8508546322978201,0.9374074274906804,0.5509458893307332,0.9140483839406794,0.2979982703849393,0.888081019845331,0.5500522609594807,145.65049960434976,57.53979374423254,-2.05640244976095
0.8046872744318398,0.9020105063501822,0.7007398786421981,0.7771843182801762,0.4283092658372426,0.6652690389649508,0.6167412526362519,152.32740872903972,12.309642359642474,0.6806608346085272
0.6404027495540394,0.5289369244282892,0.8220486556776967,0.9169270594702584,0.0854856490067047,0.8586621632752989,0.8480235362246881,141.06819868973275,93.6998230858937,1.1959483300968912
0.8064816711425538,0.6548213139412155,0.9276938012386752,0.8435334332415239,0.273809132680273,0.79983165821103,0.7576263482505143,155.06414590080783,39.69721076190767,1.0088606586027735
0.4377170728478732,0.8118524176761692,0.7546809235865253,0.9159275858129734,0.0187774366972601,0.6232452919342854,0.7604613809047694,144.3011819840546,64.52278937428441,0.6976054701699002
0.7657590801952651,0.9809093115033508,0.5795039468964547,0.7833258561983734,0.327731528940822,0.575422125214017,0.9748655700192744,144.87828181403918,-40.316304908239744,-0.1952852433063197
0.9694237318640988,0.6321119803922512,0.7699207322898489,0.7341115917909558,0.7543980662751489,0.712667503406994,0.3507652148187611,151.04234033301898,40.49885207914331,1.6900409247972643
0.6181199248601039,0.5022999853429445,0.6636674993883853,0.8262461742292493,0.3693213389907464,0.8804190928908111,0.7898895892094946,157.57689123920525,106.47852116439601,-4.389998007646168
0.626690614715386,0.8270415072220406,0.7788251419800426,0.9412990786634868,0.8259730329711723,0.6395776685179084,0.8291876639468271,136.71605563378728,-44.86078095772456,-3.7897707412650847
0.7651894750272337,0.7744588446869769,0.9031226108122844,0.9743875747917464,0.6079640140634893,0.6933048820686066,0.376455971135758,152.9100644338514,45.65524910097253,-0.0004304240934336345
0.726312771686005,0.3762705710681122,0.99896929318121,0.8569411997041758,0.4612740547246682,0.7885343751955213,0.8918333473585951,138.79799796735676,41.77575718118579,2.302966298642178
0.8001432441018332,0.6574996720671666,0.9929777255267344,0.9972760768233936,0.097582436744318,0.6321685970677126,0.3788466336479939,152.68859870525552,83.57366934909479,1.0004924047475998
0.4751583192085665,0.3954363020242665,0.9525299600701402,0.6687416255681633,0.9653672572639636,0.8450819837883121,0.6186550660910123,140.86796894090364,125.2038986287475,-3.031606385747054
0.9797272941488284,0.6440217323936923,0.8143469447231858,0.7750668177138593,0.0758302546578404,0.8570084568836235,0.7175830091075466,146.96665293427537,52.14846392734906,1.6196023207744759
0.6386655965316517,0.9915457361926984,0.9433318025401668,0.8707368218074806,0.6507877252792857,0.914626956409912,0.7552320781792254,125.4239604539039,60.697167057654006,-5.226684906229606
0.7633305807443094,0.8295330194327744,0.5442187202546174,0.9471429644735015,0.2232458341956991,0.6082629844022083,0.5006986050267299,144.4916110436216,51.23720689022344,0.9847372950879554
0.7429753472357548,0.371071866255805,0.5807078406202942,0.7477849321232974,0.2032684760655367,0.6851145563245123,0.5499488116264588,140.4726955059859,63.463723909816444,2.8876711104848862
0.8118744753465229,0.7229614718892211,0.884374011286372,0.9456564635945262,0.5564961176987621,0.9533211677652144,0.7764274721337305,137.91446100632533,82.7439776175169,-3.5285433762215392
0.6073037040115549,0.5795573325876862,0.8974822341270493,0.8742964433933815,0.4066452013330606,0.654303246964948,0.7404351245770275,148.63266914113757,38.601061051932334,1.680233397638577
0.9769119781910444,0.5782796250110508,0.9732797469655264,0.8459985484721816,0.9409919074681222,0.8400397869819007,0.3891640457996209,144.8680945857376,63.70207539680405,3.3784392991576295
0.6377653030281903,0.7724253622477737,0.5921291914990102,0.8194417916278762,0.4652012093390686,0.8523867953459825,0.8221399552000728,153.99158813546634,60.255019237245584,-6.420715616290508
0.9267949434365738,0.4064420347116309,0.5527748000426208,0.8555127276544873,0.7864637804505588,0.9547200505290468,0.8378627977172295,138.66465130695178,48.832393412649836,-4.898695722257118
0.731036207122812,0.5234411478330329,0.6456655736382709,0.8772493719749412,0.2192807822243314,0.8942358474023953,0.6649481517946982,150.23905617956956,101.99445881108856,-0.21786655187325255
0.7216899908197129,0.9923597237781672,0.6475224946756104,0.8789544272938153,0.1789806282183285,0.8147722736893758,0.9272775042375968,138.7772672282701,22.274605770291235,0.43829288963870194
0.6972340615633894,0.848695210337227,0.7665289180889181,0.8847148508678079,0.775838641947296,0.9738843626441982,0.9245889190207588,128.31432466415663,33.7024490883234,-9.271037521093392
0.8070419120726656,0.5705291436868649,0.913859526110788,0.9678269433860136,0.2190634971220321,0.6422883350353514,0.5353256433035534,154.5934701014752,77.40113187523916,1.2324713691043656
0.6895474588937941,0.4063938172691879,0.7642104298682941,0.6976168078996787,0.0324037678786549,0.7406541210957556,0.3448720117643568,145.54498167671218,84.11457912025688,4.4576614259424385
0.6411744797635534,0.9649648583429008,0.6193764851028418,0.6994849601122641,0.9209547667085604,0.8374952321086373,0.5118029585899864,133.0240383884933,70.73754668611916,-5.003799218535515
0.4338571456966307,0.7872056858966212,0.6141942385823516,0.9922348318187816,0.5546926795894108,0.8541078315721342,0.6183580451171738,158.15306411435265,111.38549391948351,-10.293808509393305
0.6884812995895904,0.5304728265758675,0.9921732709271148,0.8932108419606094,0.8197947187890063,0.9645860258707444,0.7320305135725698,130.56449515758004,113.59828696243906,-2.2447976951325748
0.5500301980346696,0.7065384665096404,0.5574101236409194,0.9597998541394208,0.9438102990562328,0.7927380692783906,0.7468131833703111,131.2084595208445,38.49964734509503,-7.249106475765503
0.4883306695858428,0.7440354328043424,0.8838255994946089,0.9062822806649214,0.3375091395535853,0.9434655768926464,0.5944237053077984,147.06624281139852,135.27754490099272,-5.5076081463772315
0.4495780636217175,0.5834456008771758,0.8885660010993595,0.674165766955531,0.3050677868782686,0.6340202381515387,0.6946919956207644,154.32050044565864,56.635404876921285,1.6909927183136757
0.5317300371693268,0.3679494035577036,0.9355954300315964,0.9835830827345464,0.6597938196182783,0.8996850275065518,0.7614164495945319,145.73393155214495,116.10521679146802,-3.2970383347597956
0.8781118076774592,0.6640512628649797,0.9746254908231426,0.9889713167124604,0.4684499069325272,0.9512522086782216,0.9371769050915686,136.27874055776806,46.86699676878848,-2.961936026326981
0.4568780265168704,0.9246858491388048,0.9497323239371018,0.7327798390327637,0.6878907766100166,0.7945892943121471,0.6009314220590007,131.75513734056045,51.38865202622133,-3.04576799774199
0.826320086663742,0.7046623935255754,0.9621268691941612,0.9793592884205982,0.0961176326796176,0.8817795044541624,0.746524391725785,141.3834431498176,84.32094200770278,1.6610536486040095
0.8244388186203029,0.8683513935560379,0.6671911097882592,0.9969028613175352,0.4499306648518017,0.7176462811465344,0.7547666579538963,151.10335010511912,-8.313503472099484,-1.6424902480979897
0.8766959926984925,0.7882774623384456,0.9594732049460676,0.8226024179468384,0.238929603919846,0.9341631455067056,0.5723754376482246,150.11745445474182,58.810752622115764,0.9227956590066904
0.5693221188289892,0.6557739317385791,0.5114597290358962,0.854969481638588,0.7850480100214462,0.7906844550807232,0.5530496503015325,147.59453160905133,90.73362524462351,-6.908009669958111
0.4566871097342764,0.8941594565664492,0.643293425197077,0.92174452695507,0.9056168293243708,0.6043753018302118,0.7984616514343538,132.98851857253268,-27.04661655348133,-4.927807653935392
0.8952298563086283,0.6480037421573355,0.5934536930472869,0.9704704078453668,0.6902823562368661,0.6205238711192899,0.7086859511604923,143.3807794537236,-45.39350774762083,-0.8992341221365904
0.6497578323711269,0.7084108729332397,0.6738487989060465,0.8215075794190249,0.4594482254426603,0.7067824890719467,0.4185493452130869,155.32670178822804,69.3093121412511,-0.17914818270175847
0.5678390976913401,0.7319176749548021,0.8399962877972889,0.9887516264453527,0.770022393531122,0.7808817372356143,0.6065997623019066,140.44521660757363,50.69058729559666,-3.5357633243994537
0.4885573465752641,0.4774769842746021,0.8956925943939151,0.8183639877623079,0.1319660458426748,0.7583677335275618,0.5781316319767729,142.88369864214914,79.19765009685145,1.6314432755645418
0.8755005741706561,0.6947617930141025,0.6825386825851639,0.7306346338633932,0.03663117781887,0.7636442146524461,0.5324765842337535,139.61225558135348,54.19079164252897,3.9294580110731667
0.9253531499360844,0.4096399320680831,0.5444772549478307,0.79652729812079,0.9070656264997614,0.771823634019066,0.3957802599603946,149.1589109140821,61.511114268540716,2.2261831596691786
0.6808233058135156,0.5844935992720728,0.7678195397929455,0.6870424183413044,0.9655120539011358,0.9433932980350156,0.9576585404872828,129.71775377276526,67.13185594864348,-8.484304419218564
0.7478008733290898,0.6926784016184999,0.6876817200899554,0.834932945753609,0.2475893180572838,0.659650304439847,0.3663266403846819,155.18225975355207,67.363628316585,2.431282291434992
0.5985131957360408,0.7942163418913515,0.8351325502440237,0.6695616462383888,0.2366460570454269,0.719946606604841,0.7330965182876475,151.96518247607665,54.201742591445736,0.3184783271433371
0.486520318399238,0.7739928203769061,0.6372718010095266,0.8655563110671582,0.876264453746974,0.7252265335107484,0.4532789223290253,149.16915912421197,73.92472639655888,-5.440876206229536
0.8433560289092534,0.6485923781115293,0.5399897901812155,0.6724161415441299,0.7167312675124747,0.664660573110266,0.7479979800572447,144.33018503288466,-24.998856420771745,-0.6899657899788312
0.8539723685839646,0.4500054277684154,0.8315500202712938,0.7310711011029694,0.039807347955497,0.9899028047916296,0.800596971346642,143.25174052679094,63.22941174261967,1.0802842847262593
0.910190686516976,0.6537555600914934,0.8548052318176849,0.8940726317523469,0.4206295413157928,0.8175316060881804,0.4654032275308956,157.45795818123526,56.88021288596049,1.4750597958928613
0.6209719315706881,0.6314066916686287,0.9151628607211296,0.8129177248084485,0.8867683802760944,0.8589413769957155,0.9960848868780876,126.41775566722576,40.09283984237075,-7.02244566254343
0.7387435362126311,0.5098720363539158,0.5153350569686701,0.763195335289687,0.1782645058965687,0.6636371659824276,0.620585422166871,141.5631375455037,55.385401528700235,1.6505942598334853
0.5599992059941892,0.7839228092223314,0.8979746200723431,0.7900302875814098,0.4548005075979526,0.9466395007316928,0.520324286681196,153.3684122754825,115.8302839206498,-4.873118873192968
0.7331072696148804,0.9953937462781104,0.5631035947722097,0.7908031011861631,0.7896739031749097,0.9242001327138832,0.4593633845257949,141.87257238705007,82.58822729655691,-5.134494085409404
0.7732846220014021,0.3555152745793252,0.7833407204663261,0.9987415720144116,0.5658351891003522,0.9485813648810006,0.8212318499348772,149.39147118355598,99.37455341614387,-1.9662279477423523
0.8430886486985498,0.8314942305467368,0.8345531983754468,0.6797862108483803,0.1362624146919099,0.5826453971852621,0.7447663294111944,156.93560960534668,21.23882093527444,0.07374293133790588
0.5458313526447383,0.5993256573920527,0.6880314390031107,0.915237898365215,0.0117231214968666,0.7763444971114891,0.7127252459721629,139.37376420714472,83.4036930706685,1.585119855631024
0.5829399759398799,0.9010171900186392,0.5862717403756009,0.8448170469619428,0.0236528203441036,0.6008074688420562,0.9277247955848946,149.02572928052885,26.0835309193973,1.7676518021748495
0.6694114375362767,0.7490829742383914,0.9272064220548584,0.6957552957060074,0.2365026088730965,0.9707204320535504,0.5990867490759756,152.10550850845016,87.14904058231281,-0.5354215569586132
0.6341253056096182,0.8259360735209975,0.5829346231459568,0.8788968735318086,0.0139809790551518,0.9701708561648568,0.5924652804038467,153.1851469307809,111.24495021567758,-3.602378078605885
0.8745107039868323,0.3909273792606859,0.7600896751968382,0.7926240057805027,0.1077343680683087,0.7622501924131255,0.4187592439532085,148.44476725530873,69.11350248975296,4.230109825167873
0.9070861871573106,0.6179442905169139,0.7995861172721004,0.8394236391426774,0.8850015964597584,0.6704234802840863,0.4309032433604919,156.65029389067172,31.62260363895604,2.738532175144102
0.8915642226730994,0.3678266865140823,0.8763887169647855,0.9886159090822996,0.78360287520144,0.6239048101538153,0.959978591900532,145.40028833523655,-74.56432609445565,-1.3986432547897203
0.6112844942273388,0.8032852950650378,0.6874868145864073,0.8674820981330293,0.848530971722213,0.581380690957077,0.959590588454086,135.42143909520505,-81.88016599657189,-5.5294509134928695
0.6673681511146712,0.8374518643634743,0.7289156313137396,0.8425770898191738,0.4049781941140544,0.700208077230394,0.7053624669849294,152.65898966675186,23.858436107117722,-0.9773107516862098
0.7052568509911588,0.4608727668866557,0.985562987794204,0.9332411990696176,0.8682661730924995,0.694436541909987,0.787792827255539,142.4222578028476,11.843157017856448,0.1644795280864817
0.832082074076459,0.5284408559804353,0.7946244167757592,0.6778378215700225,0.5797577748980592,0.950341990070842,0.4938189792936995,161.7863055017852,100.405998855471,-1.8794432485351964
0.9710318965243304,0.5602500533077857,0.8627738861994364,0.688134248094658,0.3888422907438488,0.9434541315775208,0.4181728015274627,163.48349199466733,72.97599052068949,0.9976585215825149
0.9474340866252534,0.6271315758237357,0.5353289421449531,0.6715590351352386,0.9055064144787848,0.8067373867680363,0.616332341078981,137.7221170487558,-8.66315507174,-1.4641719491618765
0.6655000593215361,0.663240868031966,0.6507030091201287,0.7756861405839146,0.8202846490800998,0.743242325033428,0.8302344075774147,136.7397500820681,-3.911179167831669,-4.718355686502564
0.9344133884983568,0.4411035424055409,0.7053268569670057,0.9776633609349163,0.270157427679173,0.935954668080784,0.6252745947134806,148.98775072392672,72.7509751422063,0.42051604194185366
0.6991102232670561,0.5372191295630295,0.5154087621453047,0.7166138916848092,0.9816000565804937,0.9204186925025424,0.7317877104617967,133.69214434724677,83.9981937638881,-6.443923733593756
0.6909008780031538,0.4396356967255703,0.6367315131195256,0.7455121888335423,0.1002329931092334,0.6916636367083506,0.5765782975466722,142.99106701072424,65.71471218262934,2.560940859172785
0.869010008396631,0.5874386545615647,0.92125486493584,0.7582408704536728,0.5849519549470021,0.9502316591799322,0.7729348974179018,145.91368949787062,62.87499050892188,-2.041049483028187
0.6195584434881791,0.8695867755818345,0.695065172682515,0.7851751391135162,0.9365020669681026,0.9016958431610094,0.8782890153110201,117.11173336776858,43.058978611205305,-11.74402497492676
0.9446387729000718,0.59617227331128,0.7348454098490401,0.7087896868575349,0.9240155100581702,0.82462552625008,0.6806106029535518,130.67725042919537,-5.101393817589496,-0.8463034548632552
0.5557336008688528,0.6984191513024693,0.9085310706970228,0.9304564107582588,0.4681291140368497,0.9662610727748596,0.562529727202312,144.41588470737858,129.5934381023689,-3.970526722718033
0.8423368017870203,0.5676643695732273,0.6048117391719721,0.7519285991388467,0.6469854085457587,0.685452443031793,0.8580174591021692,153.46112066607955,-12.656981666673687,-0.9578280092896492
0.5465242769020994,0.8879863919918858,0.563388801698231,0.7064389956935443,0.5708985613566647,0.8623411989895388,0.9585647882384072,150.2874315921973,51.56969543088135,-10.504381678104552
0.4879392641154281,0.5269632043135077,0.6176237722675045,0.9367819789509908,0.2092959701922065,0.689257016196342,0.6335027020725819,147.96808198317515,84.6003351006861,-0.37276659216599506
0.5141036108747131,0.4872234574318311,0.6654577686210514,0.7504402354067083,0.8792295217802834,0.7860815577678911,0.8911635989508083,141.49374936513752,48.70263625859221,-9.711383028211701
0.4700121253971913,0.4782889224161875,0.5272634881646276,0.9498593946923146,0.542893793252713,0.7830152667875441,0.3987489717096354,172.5652003553796,113.23932747116149,-5.265138495243926
0.9553101671897156,0.4012659183631842,0.9121759485192148,0.6913548911421563,0.6042855221220126,0.6286267615158009,0.5712823723162257,167.17017023342623,51.95846017213022,2.003590988796031
0.9339394413138004,0.4791300702203252,0.7704625771789066,0.922040421974882,0.586713601834835,0.62380599538166,0.9030137104057778,149.71747237120104,-25.508678234649764,-0.038127658271051246
0.8259440059068703,0.7210493368702816,0.8718823129560792,0.8982216794731244,0.1780072844962826,0.9600005073830646,0.9298076235674284,139.2769981575242,78.83352624813091,-0.6389737976160648
0.9333935771296062,0.4777179888495388,0.8979085960301718,0.9222835867423222,0.2412111418690063,0.9042993989832662,0.8566543086600025,138.25832745379242,61.740829026564995,1.882355420002575
0.6235782770570408,0.9922961124874496,0.9259976484657636,0.8423250354878781,0.6190740207934907,0.7927357028364033,0.9780612543619808,125.85719526317514,-17.81234592769499,-4.51926467390188
0.8224491996723267,0.8488127928661231,0.7245002916050759,0.8171792301084422,0.6096668309613281,0.8050561246800981,0.6517402650372736,147.83380359052953,18.063422788914252,-1.510891109368259
0.6136036623918539,0.4166584781337085,0.9293055675799748,0.6787875003148066,0.1971815619989328,0.7758310328469026,0.7446665653629595,149.97015952362864,57.457910418433684,3.578588432569915
0.8504038773429975,0.7532017702047349,0.9482584468560228,0.9075487629964404,0.383458823250186,0.8768135331139473,0.6668354180942894,148.26266824678964,53.175683204517895,-1.5239346276543557
0.6896905229048603,0.5362409824210612,0.9023610364557666,0.8599722370981875,0.1752385569765163,0.908013336955918,0.5962785249595091,147.66211883052256,92.07797209459636,1.6498621411821932
0.5687534932591363,0.7200259918641609,0.9215452181073692,0.9096404653496396,0.8605437356167298,0.9584779733024535,0.872060200764384,115.38033128873248,89.87474850785712,-10.395621999499513
0.8514526511350204,0.4269959736077675,0.5755261463719146,0.6969557427648346,0.754675527305869,0.8132263080104994,0.3646462896915434,156.44007805355977,83.40796770417782,1.3674605594818123
0.9648316481094904,0.6418795204952621,0.5861594786358901,0.7386543276488522,0.7200751941010025,0.9859315551397688,0.5521157246053949,144.7488395887076,77.63351357525066,-4.819648647259635
0.6464436216412238,0.8852247115933267,0.9730419015465612,0.6790725203908649,0.8700028306516299,0.6688855011069621,0.41201185803696,136.64376102228226,53.826765498434334,2.2967598706786183
0.9437750328719584,0.3830661287477693,0.5670796155838262,0.8972879302257805,0.0684184380157282,0.7776117621331773,0.8412491056993169,129.6733448293796,36.85492961496075,3.5606866707244924
0.530008370864543,0.9391504435359864,0.6073719984380908,0.7677801978685216,0.0680342204801795,0.6188080811490522,0.4030244438720961,145.15710054374523,58.44184635696417,0.3730179598178127
0.6785804679998906,0.7129725517844135,0.7726211985709536,0.8054077405130947,0.553490527761114,0.7060777962222315,0.4506884890240941,150.95001859506365,60.60937426429156,0.20557837281682145
0.4305204526759312,0.5469041832023506,0.729585068235849,0.9736394345827316,0.9624698894677676,0.9059330429882008,0.4484041267226093,154.7023385277065,167.1863089754527,-9.149569965966737
0.8694058169901248,0.7147888238197664,0.9587520556477978,0.804281898580126,0.69050570159656,0.9426700137895792,0.6221849437583282,140.44178092282644,60.14037803440647,-2.0030337128854847
0.7784894576503668,0.496633944911135,0.7039287726973195,0.673120854534867,0.7647111294522414,0.5958609974026077,0.698370194401234,154.64541626200634,-2.856945230663584,0.018231498827371073
0.7504732383557495,0.9508207136396584,0.7610632029234445,0.7670869561901592,0.7521069191474171,0.7764224273902858,0.5516361082011132,132.265065678771,39.779949809234765,-1.6985047955265762
0.8594354034309135,0.5286898890885026,0.5257688310819195,0.8982494530501274,0.4142047962129602,0.7777380109196456,0.3212337036725472,156.23168251722086,79.82912274824957,0.29719716684917685
0.8133794952216944,0.8637414869497484,0.9495540511495476,0.9412082234563276,0.6686627564947067,0.7067303676676555,0.96417976207733,140.51128206750113,-44.6466610694557,-3.283800442490479
0.6155102318049204,0.955858099642666,0.7903952399094571,0.9126621869697132,0.8669975214726939,0.7689658433344404,0.3555702526703275,136.48649261317533,61.67319331584227,0.31259626940238094
0.4704994419868674,0.6250351191985369,0.9093136464715088,0.8748325053914602,0.8427681872527505,0.6179007535168196,0.7348697361572352,134.26174001816182,11.544272180440863,-1.258568690553805
0.4694819792638332,0.9000453885668933,0.5071348968133575,0.8523456244294574,0.5227303012846173,0.9411252177665558,0.4938390917014719,165.97011168086118,134.99737543608344,-11.040561916955216
0.9769664728187326,0.8917046773182435,0.8104361461397225,0.7070217563289978,0.8194367426842545,0.7908052042975912,0.846537759915513,128.98294380205294,-69.37822576948452,-4.221992097088642
0.8195185017323833,0.9193091826648798,0.8851412205351186,0.9959597800244055,0.9598671378744948,0.619723136656315,0.834161663040059,119.2212083852439,-85.80385228110853,-3.9528547800349108
0.7233266375942635,0.9916406411019074,0.5256032497146329,0.883834125127603,0.72967250562249,0.676238350228235,0.4071239303748702,138.62585639941594,21.384138482274135,-0.650342913938138
0.7901353396138464,0.9101117255236804,0.999323079894494,0.8521322186663308,0.0797800995989902,0.9014678389017988,0.5679457689936036,140.22632154330168,95.08364673676373,1.580016665060786
0.5374690561996442,0.5469058370813754,0.8977747422730344,0.996602308349931,0.7864097666414149,0.9240219278041047,0.6838100524363364,137.70976220169746,106.37458545283388,-5.379228463348111
0.7389447910183923,0.7922239160034062,0.6884328051748965,0.9082622659722702,0.8276980733604827,0.7265861054213634,0.968885782722506,134.4020341698116,-64.91772211400534,-5.752662690854259
0.7805680841316762,0.9278952428881496,0.5591531281111444,0.6911093398268567,0.291356826293114,0.582959130353642,0.7272746521211483,146.0924429021028,-0.3536786773962035,1.4752065577638964
0.8216281133674116,0.8700835760033947,0.6028992162099918,0.8109513202896806,0.3118499903285773,0.6334098518830011,0.8682891682393804,152.54800637782773,-1.063991800919176,0.7273037815398053
0.7557402060958847,0.3580358492408492,0.9428392672282204,0.9651981819246056,0.5805573300954897,0.826620797029215,0.857831475837119,138.05342616159908,50.726659203176325,0.6584809360484911
0.5194893832081487,0.4979365500962258,0.6617401929262096,0.8151241636908868,0.5600601351597676,0.6576311345349518,0.3849407027743108,165.37850794924464,97.31785088264162,-0.2843101716910108
0.9814790960721874,0.462587085302316,0.7896704387539009,0.9687301209548944,0.2663885111403943,0.7989598991490545,0.9948044845279852,140.86630818152588,12.824115646124334,1.6352770868381112
0.93472810779294,0.844712542023766,0.9802512294453825,0.7422722667352548,0.9478880150410568,0.7280378389578854,0.5060227608561423,137.80104462479218,18.483591753172476,-0.6399448380605306
0.5773173882586362,0.69008979577451,0.6202998733991927,0.7049691812231491,0.4440383854228457,0.8941688595300181,0.3944556839114997,165.78094623388313,118.94712655650656,-6.948367131089723
0.762101629015556,0.8683591988627128,0.503882752044026,0.9521338306659166,0.7287628233508925,0.7396187992020522,0.3449474328314837,145.9460411779555,57.02200984255043,-0.6038925108560174
0.5026116764688393,0.3549582117844936,0.5820426551542475,0.8993144836219648,0.1277521723681043,0.984134457913812,0.9266152658238032,148.11264911367908,140.12453974911963,-5.141894745199302
0.9354788889171304,0.8400462758981071,0.5840161194426997,0.8241808288276783,0.1442681150589646,0.7567241863542865,0.8465943752237948,138.23654415421973,6.622239604136041,1.3865255241966192
0.6600054224044539,0.7654632991295076,0.9303297140373192,0.8021817304306095,0.1736640329327388,0.6101377557322496,0.8748100795057374,151.36730641769296,32.98726072340615,0.6065851118217074
0.5857744340829205,0.7430839116064868,0.8987844329408723,0.8331340880076689,0.0410832774249764,0.6496154339353117,0.7448681400785909,141.9232533369157,64.70623562792642,2.521266070859758
0.849412076615867,0.6643970898925096,0.8663885139994943,0.7542462031223648,0.4895855408256846,0.7554158490765611,0.503296074616413,158.319343685522,58.109319997820066,0.9833539773723388
0.6504674552951606,0.8811263960806537,0.855051670318665,0.7789892340283988,0.2632731729475892,0.7303153455188638,0.4479057636502241,153.5511495335245,63.60485162659313,0.7652132709854356
0.4335983441871414,0.5957675064145299,0.960286297990092,0.887444747341815,0.238136281717716,0.9171593875489772,0.4659512164647973,151.80263990887653,117.15179936819864,-1.9945761575511467
0.6567964593192933,0.6284226544772361,0.6152081254135338,0.958158905508068,0.7893873202526187,0.8171785645370526,0.7080873194686605,144.0665412205654,62.62040173531568,-5.330877776044828
0.7670930489872834,0.7191229747777106,0.5623125200109174,0.9796533534078474,0.3571254233128854,0.76955269133123,0.6966205628199291,148.75568633752277,27.176341498202586,-1.0461981744938371
0.8353672574820709,0.4053817571000646,0.880235413021158,0.9542254749697556,0.3633849261218926,0.6290918602606054,0.8715896242910542,154.36517492291605,26.180656653927073,1.4019956132294231
0.5103091514208765,0.8879031184446369,0.8165502794114803,0.9939326570486272,0.0924086588847949,0.7599605075255601,0.3659240373291005,150.37958936202884,69.96194674182388,-0.4232041793378467
0.6506755907831254,0.5430547988649439,0.5026251760419959,0.8417953193644675,0.4866402583538274,0.6910818325793524,0.8605201620058801,146.46249597813693,29.321208227205165,-0.8019286990496682
0.8886217967955382,0.5700483276949606,0.921068210354734,0.9716463712944094,0.4722276980288791,0.7862365828335646,0.3314295226479462,163.6645985900557,73.35226618706501,1.954976757542274
0.6031605360792673,0.3873252823445942,0.8091173015883819,0.8353345356329562,0.5596540094510818,0.8091133728189828,0.7132809440002796,157.21782930889987,80.25302301021475,0.4275194460681879
0.808998940360816,0.3676734693829948,0.7185900510402741,0.7885502754806448,0.3354681344309339,0.7367756072129765,0.3191663284709441,158.59096743547127,86.52786431842337,2.573228296761153
0.8330327066093063,0.924913744260796,0.8111750527732058,0.9954953993526569,0.7617219762001806,0.7776197899797757,0.7649728195689198,131.85530529872938,-48.58737487166664,-4.1689048849538395
0.97329823287335,0.6028981416557038,0.5029763149497821,0.8492068565748606,0.8580539828283497,0.6089089734694795,0.5088976403664844,132.24223244069222,7.2215404642522145,1.2220002185157544
0.8192752381038073,0.3966112932613078,0.9029523514315227,0.7525243232983657,0.2746734455648772,0.8537373015279917,0.8710642111512673,145.2390237589835,60.12802247140056,1.8076016296463662
0.8667286618832382,0.4134445037366607,0.665738018603712,0.98400155851434,0.3802757634071149,0.9623251489989104,0.8172004287370302,148.26303860699255,85.85025499670454,-1.3656479363895389
0.5436314787652116,0.4261602368781249,0.7459325026201564,0.8509650061953491,0.1525272867145899,0.6938171983038937,0.4886830617815477,147.02599996318602,80.6986758959168,2.0115823492137834
0.9978559463832252,0.5893489749225613,0.6669133444885613,0.8338706480172162,0.702205864419371,0.8239047176889163,0.4334220778363871,150.59850954409328,52.35658871791783,0.47625592800295724
0.94887998692127,0.7406096352575355,0.9716307315125476,0.9724060467379168,0.566761611685945,0.6251784880900939,0.742466963520243,150.20436235035552,-17.75026039035808,-1.6548863580419642
0.5320396554079689,0.476062950282689,0.8932406803562561,0.8869013445092961,0.6952007668416887,0.6971731716867681,0.519380962660291,155.38460771173337,92.78608257956704,-1.0459608535645368
0.961199329638176,0.9186938046761032,0.7207948320299756,0.9575612174088712,0.3083930422142101,0.954926721758514,0.3523685471762811,149.88770028741624,77.0283163141399,-1.678150587246768
0.893607127279592,0.9759274222339362,0.8885991959349503,0.8791476293136068,0.8222617839331526,0.945242246027284,0.498019253736795,124.92132669257494,48.27578942470469,-2.875570172305544
0.4771725530069367,0.7860160364904241,0.5592592910155987,0.6681369375873772,0.9100959691264934,0.9566485554948316,0.8756372287432157,143.57024326949843,112.3939467133577,-16.565938408993574
0.5067169027213545,0.7133208739817474,0.8745585941528047,0.9703427776112696,0.2815933775453347,0.7268978119573744,0.4397231231885559,151.79113565890756,64.9315530547146,-0.3427693995311434
0.8623972368330174,0.4556042463928308,0.5248642454550237,0.7429650660292287,0.657835580965323,0.799671822546814,0.5456502536107821,156.44696898319202,64.06836255647289,-0.04249940501674776
0.9852333856359458,0.4962103480969744,0.6219831465880357,0.8741775497032682,0.4198470222853693,0.9508427496334784,0.3318080239654731,156.10968864209156,104.34062254261391,-1.4750316583718432
0.7899359742687277,0.6911205047624938,0.9141951641741372,0.7170597992899826,0.3132885285456275,0.585207522111987,0.8622552158855167,163.93803590013903,23.889821678302695,-0.19372753776466212
0.98014812835494,0.7398197264846775,0.6236293517815178,0.6916480269063959,0.2417462510083423,0.9840717286769344,0.3466213995783835,151.08678895320273,68.22998563619053,-0.7864303568745091
0.5335994087238266,0.6214170661182778,0.6204481869975587,0.7181843179285173,0.4028228504019437,0.9556565050103314,0.7993894102692085,168.73174691837698,133.38501337338207,-10.773987252395527
0.6637385614658268,0.6169373122105681,0.5027560153549431,0.7043386994182502,0.6910312130221863,0.7830788269576658,0.4695473111105143,155.43191268574103,69.84975539473227,-1.2938305325057626
0.6104347090485117,0.9447978875951452,0.5964422231763755,0.6877348845569851,0.2038893167094834,0.9832439618127056,0.4132606469863084,157.87114771777985,101.58839606039933,-4.700058637260175
0.6135084102946409,0.7082962207527692,0.9891599795747,0.8227371522059889,0.1699009018032097,0.7654215141223005,0.7144625051614972,139.03630000956252,55.85992625128591,1.879004577909098
0.6848408766400491,0.6206483363967402,0.917920507752762,0.6978127775516774,0.124015119079561,0.6241552547767917,0.6899810583595922,154.17336965997157,50.724866051889144,1.6745212214971117
0.4381072211120763,0.8370723581702288,0.7718573763029697,0.6988652477702085,0.4299176638185179,0.7251986458560191,0.3381047856354784,156.95686660272744,74.84159378739247,-3.517975568631626
0.7943033931566157,0.7925221201785541,0.8064321072336073,0.9102878877496308,0.6413549418409924,0.6477868202813193,0.3903643978319638,154.3031430093166,42.28431589653526,0.18667464725865202
0.5323153283263511,0.627258802928216,0.6208358955859428,0.6998526375578784,0.4675817282306275,0.7603430493362434,0.9336130906495056,158.19089382601155,37.08286357634075,-6.315175831637334
0.992715519384204,0.8792474600621387,0.6994063198425947,0.8393179716727717,0.2577555312253505,0.7037671726112726,0.5924864553013319,148.46296021591422,8.607283065904369,1.5732188486443723
0.59158977242242,0.3974343635173799,0.978117856825386,0.7761563141957522,0.7002594592712515,0.5953456675495661,0.515600246419234,155.94660967324057,69.8020052868856,3.0467715721190807
0.5996318739764572,0.9561380505667398,0.8840601748847,0.9489770272778388,0.1341933810285921,0.8068774939569444,0.7657095711993346,139.9435993019565,43.43291774492047,0.3599454431184377
0.5299506621486054,0.5896969449798699,0.987825619857586,0.9274361202648496,0.556504341643548,0.8990231330741363,0.9551387206708366,121.03855463317235,91.23128117387026,-6.147683011035099
0.5442439606393455,0.6411928227251755,0.9709838024896092,0.9485051658842664,0.1529351785999075,0.6337765005061826,0.5674431883692532,141.8608275285823,69.44811429128379,2.4277630287725724
0.6676922192443344,0.6464175871718624,0.8018560984056018,0.9481266775451268,0.8801432951513066,0.7034111774921532,0.4591708848017267,150.48804174523727,55.01369321248215,0.7885675535656951
0.5430648892417032,0.9180277429226288,0.9868537054443204,0.8626672861450737,0.6303264487658358,0.6607196892333698,0.7148356699742757,127.27648004371768,13.795378430737301,-1.6877863643573465
0.7297746709520914,0.786070000617376,0.9535646280655684,0.9257139231193228,0.2006300566124001,0.967538156123266,0.4392018289836767,142.5821442495188,101.11300986282167,-0.11047426781934577
0.5685550010542249,0.5028212986689764,0.653240388883165,0.9031563105131858,0.0619931576989487,0.7564511053421595,0.4244414221264021,149.76029906153775,90.49415628318818,0.5058449479512044
0.9646649647597084,0.4081500842095719,0.9655546977331088,0.7956099937264268,0.9191941356587884,0.7128720226349697,0.977696426753472,145.05984814563448,-57.617574257797784,-1.9031773450432872
0.9057888670227868,0.7520911570002307,0.909343621730856,0.9073059484502888,0.7530202543426471,0.7063553869042258,0.5443780310573849,146.23246881990403,16.11163823886062,-0.8359581140637772
0.7241686722893719,0.8363686227669467,0.5939467295579687,0.7457121601419097,0.4470689758187989,0.8022166506641184,0.3918205478181791,154.49621699299178,58.356439500025715,-0.21251682775418002
0.8670782181936325,0.7493416322274812,0.9926991077313956,0.8206294116963448,0.2730501109790785,0.834826484518933,0.4681736431883924,154.6366168619814,63.38219371856649,1.3583996544732533
0.619707205535381,0.6976261898750813,0.9519630561079612,0.6685709793817658,0.816193315841369,0.5971125024747883,0.83462661087415,137.88825109547545,-14.740137158787817,-2.3922045090529322
0.437962064931121,0.4966121618506287,0.5641465974780331,0.7190621912583836,0.7561080232241285,0.6238141266249659,0.7672625630472691,155.31640478830016,46.66535066331554,-4.499732984261325
0.8812680434768578,0.9950387388498468,0.6170308161800978,0.738004546479925,0.4379426583568055,0.5837893686277097,0.60877333823841,140.05391845545896,-12.131996993531146,0.7012887732192175
0.6456628433158326,0.6258455794486344,0.6385499471117719,0.7340123437685615,0.2925173705799365,0.9667992804915264,0.5350667497430543,163.47576833769944,128.60330278735051,-4.337400538831678
0.5914735285831692,0.608326383026627,0.963007503176071,0.9273742767142644,0.2830323389200664,0.6874460297080155,0.6805007071865072,141.9380396567694,52.14370298184534,2.147949239401026
0.7139395015697341,0.5841127329855993,0.5164435955858261,0.7327024061421826,0.2564266336473135,0.6182994714136028,0.9770830171251226,145.9184838288158,7.056647017693457,1.5700399280079704
0.4475463955845585,0.4188021136439844,0.9012075878634754,0.8725339830468322,0.1531541208018158,0.8568111048625644,0.894338780373315,128.03880267310797,114.70954592573071,-0.3438002674564715
0.91795301479815,0.8647629825252223,0.6013263061852463,0.9081370586128708,0.3701284280412779,0.7811951689637582,0.5822005760237868,143.86400073355088,36.93204068068445,-0.15212433095335487
0.939784982756234,0.4054706199755031,0.6686741609227417,0.9651084950147156,0.701184691620818,0.8361429606411708,0.4636579441623063,158.39631092779624,65.01700077723027,0.5931831420484954
0.9349782888159835,0.7627161922771986,0.9447964592479168,0.8120255938419866,0.9426503410185968,0.8463395140018884,0.7237942533369495,126.67801674969857,-20.533907157801266,-1.4782228331211185
0.7239654558209168,0.5987515536354395,0.5151502153960715,0.9511302738203984,0.775389147385348,0.8756994990501459,0.9553439787943888,138.6752419167253,47.0637332193253,-8.496438201503121
0.8155068583046171,0.9164514519961406,0.7235026081262351,0.9427064254873352,0.7735963503002754,0.8939570333277105,0.8616965527497645,123.93051891445897,5.349910297564726,-6.980512338166109
0.6621751770436919,0.9517367570508272,0.6333207802401889,0.7422562409542984,0.596221708366246,0.8857546728535519,0.7936402303316006,141.72364237932925,43.18006463186191,-7.754391214954967
0.9343647072178678,0.9511516815864788,0.6286586365483303,0.7761247218672791,0.2492328338110918,0.8055057047536064,0.5747229335870754,140.48833720104597,20.112644193047522,1.8293605458127216
0.9170452276474184,0.3652429743136998,0.8766377980480592,0.8665313767038414,0.1648970393331994,0.7846588926376935,0.9798408141214936,133.26780414231212,21.714639275489528,3.3428515692611684
0.9405934076234616,0.7971446850781486,0.9770699139778,0.9765359671546484,0.5248835109956537,0.7175079555167043,0.7224708376263744,149.60096082378053,-7.816173685193945,-1.8235738620656463
0.8277773149114092,0.9941845287266552,0.7223977933544026,0.9004243390725963,0.2095626170110539,0.8190115959766551,0.5149113508472123,146.24295664547373,49.688590255282726,1.6603212281623287
0.612560242567594,0.4155241133071183,0.8261930777332,0.9674133689011084,0.4022585645884727,0.6675897409676709,0.6334623444666535,157.29557022484644,60.44656837363803,2.5002043827337506
0.8746178347635881,0.7527107282499246,0.5182021812470015,0.9419942019669884,0.8096679936127535,0.8075093451435773,0.8513079250529929,129.35785253305383,-46.17603413757051,-5.127765384165232
0.7414391016190643,0.6093100505767384,0.8085605219659744,0.7890979208926268,0.5487935622004396,0.9713639952688766,0.8435250266300296,148.46786387517696,99.49159743333846,-4.916406507497653
0.8182096819054898,0.5998263569081912,0.9346816732938824,0.6959302303107778,0.4325749211031602,0.7892300096006185,0.7564335021157071,159.22235569570742,41.04114997559975,0.5961981765395956
0.9191893917131784,0.7958849463807536,0.6180189832151507,0.686210959368471,0.2357628225868471,0.8020135961350612,0.7716245201597607,144.13251648583767,6.411337872844797,1.3769190962620192
0.5318728642087145,0.3536489688648352,0.731915654329336,0.989010637811817,0.1984128349070095,0.9889916474005092,0.670228878193623,153.49847079060785,146.35213146658822,-5.624865326439274
0.7572443371012996,0.4327564510792622,0.7104871956341537,0.7336153787478423,0.3535219363676552,0.726225050738959,0.4741194712352206,159.45316005842776,58.23097150226751,1.9614271270349466
0.7779308699594891,0.5767813972145863,0.9748774019908196,0.8078718565359229,0.7302740598657913,0.7902052857867672,0.634816825036532,149.0915872709086,57.37504753683191,0.11889766705423144
0.6907524830409548,0.4559356728361391,0.5797577173041275,0.8843045683802384,0.109902716071828,0.964668119165905,0.7384833692641408,149.1455704493783,123.9549087026946,-1.893738307209275
0.5171832528062388,0.650368282059935,0.7598497466585847,0.7628153982867296,0.2099693201484222,0.6361026552076992,0.455218332380949,155.3470406695619,60.766988079786586,1.5982766298489417
0.8002909903006661,0.8066522718030722,0.523546838267415,0.8912098986170882,0.9837118509751014,0.9474513999157704,0.6713403569774734,115.95606515887394,62.772238069829754,-6.820624551880816
0.825637626453483,0.4193562282713421,0.7348034518817352,0.7008407044319954,0.179394307539983,0.5885076715614471,0.6586458537080011,151.19243798370326,43.24896263880454,3.508450436749559
0.5865253291607273,0.6783130809464324,0.6404609430515402,0.7133360906354097,0.4596042403264035,0.9045948282548556,0.8904971971249981,152.89361036469856,100.60748897224542,-7.35382734765762
0.6160528770242728,0.9256644869140404,0.7566489640246521,0.9071572280152848,0.0415050531729326,0.8469962904312429,0.7671897941037532,142.6165165403433,61.16506530340487,0.819362638290424
0.9055828242052252,0.9637941100236028,0.9474320333354888,0.9762631683919154,0.8052432046200049,0.8479603904993062,0.6308368065135873,120.82317862633533,-15.010806040413115,-2.018824016427353
0.8792440373366595,0.6623974939261326,0.5869993711719546,0.9613305870916272,0.0351455807388206,0.600926099067314,0.4544452457149608,142.24094788441477,63.02268805757112,2.9534201494349492
0.4965130442486214,0.5212263037415003,0.6415531386474053,0.7274592881064925,0.5275283947243882,0.5733908858695705,0.7126818342029395,160.15844300266275,23.251047310112853,-0.3733486234557508
0.8426619340268022,0.6621655349157018,0.8756797074400222,0.9422019073137584,0.8610488708944659,0.6079527227848305,0.455244604190013,150.45391581338214,25.70493394900571,2.007093490441823
0.5381174224977476,0.590113242545126,0.9045897918773024,0.9360209022721072,0.2320438723884688,0.9142612369838476,0.4153439740135893,156.05509224626022,105.26509458983162,0.40465552955020145
0.9825297715346556,0.8624211926412233,0.566592433357868,0.7285607909407529,0.16327156113977,0.8012238426955068,0.7544134683340067,139.53346439162812,10.649356670576019,1.7956451599555763
0.8316830539297697,0.6660349188207787,0.6130719441867531,0.8260969377345599,0.5337640991843703,0.6888237492644975,0.5574217605186302,148.56219258001818,49.57672512479726,0.9230348831568489
0.9820190327925052,0.7353632517326556,0.9924630450997296,0.8694860516241067,0.9332152747614187,0.8102262885760153,0.9311785898350476,118.96555323190256,-71.04369270803883,-6.232327326752806
0.6965224690102505,0.8525361943052794,0.5517351509534647,0.988464960122484,0.1831329774270688,0.8520546161892881,0.7555457771715728,152.1672465588428,58.197089743024954,-0.9434471755855107
0.921040025978002,0.995829698213492,0.9059826936439964,0.885305592921735,0.8905030999140138,0.6063558361128053,0.8796069433704695,127.79918115798924,-123.87055397460958,-5.274194370290579
0.7017141875223674,0.6115933912738705,0.7761072424242805,0.7961186135269334,0.2176475367700909,0.9690029142687308,0.9749717707979352,143.6668930265888,91.78101382476018,-1.1538324753425746
0.5994044773487526,0.4207432869952801,0.8515144349483501,0.7635475289939309,0.0842964715332909,0.6647835923746008,0.9243064769690092,143.42221837110148,53.988579266969644,2.5400960731181588
0.467429835717916,0.7402374369148346,0.702111444046559,0.9656710850990478,0.3719396009853235,0.9413100119262716,0.3440371045664686,173.4182709168769,146.26228388394458,-7.418995897735645
0.9887372417138074,0.6333062830447991,0.9795296544691572,0.7847349747771031,0.4973859341433707,0.7387990845074032,0.7856562338603219,160.2836104459779,20.780396038352976,-2.573748322814701
0.5780017725720352,0.7360013963379491,0.9164666288254644,0.7256025568116512,0.5376350534402808,0.7040482993622996,0.8816943337314026,145.85574927813067,35.158131132274974,-3.199235299742117
0.896101751856583,0.8695862681565278,0.8234097092587478,0.9883546013802283,0.300902645249327,0.9021740676786844,0.7420676726736952,152.94361114381016,46.60499948721003,-1.7105713868266215
0.641198031192008,0.7674447009506862,0.8586736833313573,0.8516266825554966,0.3605946701656827,0.6321264099523943,0.4011443098894053,159.08981487653503,63.76053407427059,1.592802910405927
0.5188304048068191,0.9404692331921604,0.661572217036791,0.7071925501658237,0.5473046179455046,0.8010737600865966,0.6174586381055307,152.97778868642783,52.06746720965127,-4.456082114784486
0.9514819434461896,0.6763492836726249,0.5490703534557706,0.7481710109348843,0.9303642069312156,0.6409911756467607,0.5365827955453956,125.76193388510032,3.896055258442793,0.28596283304150094
0.5484285050288281,0.8876471708055473,0.5506771984472587,0.8001025665767527,0.8997809310742872,0.5985548794085165,0.4599167181343734,138.6701482618884,39.45070691041353,-1.8325509743704993
0.8313748416576614,0.5067190608129856,0.9083410994218484,0.973584405535957,0.0474071171497552,0.762781073372707,0.8345449084014529,140.8723868336087,50.59106906582085,3.5075976157296536
0.7945664641059007,0.8068352331309288,0.8132698474960367,0.8582695014446422,0.5629370377729549,0.9057687195370376,0.6935772077566167,145.695668550617,61.93862386557728,-3.9323538215946585
0.6262467268297287,0.8993893332598493,0.991272108721822,0.7845094143342392,0.7533148016488455,0.7682606235956777,0.4325505418198596,135.38312964558193,65.2018201590486,0.03738864134997044
0.6613256498678891,0.3807913442720566,0.5098416016926334,0.9517812756510318,0.7312798045136942,0.7995617151376214,0.3502242287052881,171.67800052554483,118.67908638602076,-1.59265668412918
0.9404532385065536,0.917496775132693,0.8970018917371559,0.8572494514587955,0.1704671666953002,0.696765893506685,0.6553168494247994,152.4399263546063,27.269287653292643,-0.21021225330148052
0.880455733517109,0.7881305258723301,0.6133504695246232,0.6998609393485632,0.6041680709832421,0.6102099376581388,0.4204195459094221,141.85720580338904,-2.2587681099674484,0.9910112329894729
0.5308035145124563,0.4056914965559018,0.8041798186971442,0.943220649638947,0.6999815159825432,0.7514972262248221,0.5694223796540598,157.2765150772724,108.9086214827726,-2.5243700534881524
0.7855779862076177,0.6215284476083573,0.9288397674824618,0.7754783686434363,0.2998554311821116,0.9732781460316676,0.3268854910476821,157.54237054024506,122.20354529918352,0.6898335918252978
0.8705890767922386,0.6101790352201417,0.6417044414471056,0.7205506923886367,0.3453565051446119,0.8050409079161682,0.8168449940807467,148.36190436020587,13.390828076429102,0.9236343412279515
0.9900784659512992,0.9361442643896012,0.6109069361982403,0.978331787662068,0.0603194712635337,0.5981924877998538,0.9705571022608436,141.61361325268464,-13.60078734166973,2.510451946673829
0.5323490038971269,0.982605890775027,0.5521727179480748,0.8459514605668639,0.2676563280686925,0.8227187807825473,0.6508906016172634,161.95560984882104,77.04147569966915,-2.7698366305941686
0.8708041321890878,0.8305576796272883,0.6528474947218482,0.9659326089447182,0.991157600066806,0.854237285033606,0.6761341263114568,111.50557967108614,-6.937776620703502,-3.716773527088089
0.5278404071641832,0.902458075848005,0.7042473368123005,0.8138153591789913,0.0400543946693462,0.594854994562839,0.8211336626166598,150.48592524825028,35.29157927465609,2.3111321961265356
0.4908134706462485,0.7229346116819579,0.7475877774656519,0.8583915230449495,0.0212587040443116,0.8217789414916964,0.74397064245464,150.38480908604626,95.99859686297683,0.6514507640939349
0.9528461608769452,0.9336508326823316,0.9304510665786588,0.754333932892806,0.2764760268073339,0.868456547468927,0.4167103455484937,149.88499131536378,40.70957861979217,0.4911950268658205
0.9341421721542008,0.4356613937255262,0.9453094869435276,0.9463333460095766,0.0114089499364928,0.6283372435287211,0.4207670032630876,148.42062673008996,80.93345280744927,2.4465903346747666
0.7574884332633312,0.4285009811633855,0.5760734506309955,0.8033918440352603,0.5376975229951676,0.7645091220516531,0.4681319588347175,159.97216535984563,86.41234059942701,-0.0012029904671817526
0.653629772338616,0.6356870791099494,0.5170302469826196,0.8042062015732732,0.1986242240693078,0.648118328651823,0.8536791124545208,142.79131415833547,40.86173313745624,0.3522214426582959
0.5250898419300878,0.9556703641435108,0.9285694484368444,0.9475671148786275,0.8492180658648105,0.8351106156370669,0.8518617724199874,114.34470411036045,6.230059156193903,-8.573173252915158
0.5040490349589648,0.5370248385425664,0.9804809395232236,0.7770734427530371,0.730088959822766,0.6695821440435689,0.8950187613070961,142.11663460065566,30.039478924661665,-1.8782196853760684
0.653639097030954,0.8369877220098105,0.624689751558416,0.9236775553937248,0.8955103038926344,0.9835326041702888,0.7792569724959781,138.9413956484275,90.82561482060825,-11.4262331497756
0.9302846345378558,0.5403271204029696,0.7572943786393203,0.9919594018648956,0.3341083830613508,0.901472650007541,0.9028727061204916,142.58638793644175,40.29621523418284,-0.4394753099706066
0.8793577217005766,0.959536275527223,0.6299891675668008,0.753514586145265,0.5498710069941598,0.7827982079242176,0.7767583649004173,142.24562357992434,-29.04011781690734,-1.9887325419143447
0.715383429858033,0.8446242038909194,0.5209625061734141,0.8730312349122255,0.137196798190542,0.8646113516337735,0.6223614103670883,151.35977836327714,88.93453531187885,-1.549518926623865
0.7153541326763334,0.5121825107582144,0.864701564842934,0.8595543836861621,0.0985371422481028,0.8308421705973057,0.5199127241320971,149.32334385246415,88.26077120046327,3.2310237949359175
0.5096891080107363,0.4732164929718504,0.7001786766258901,0.9620219424536668,0.196970861804406,0.9816360991906196,0.45493643491884,163.80304652228259,142.12849695048135,-5.7338165340956655
0.504424058869469,0.8851781165767292,0.5112255933764971,0.9062845875864644,0.0484015065607399,0.9519244898263016,0.7359249019547703,158.82080943383775,123.07686526860608,-6.059810393353521
0.9273041063053944,0.4790787412928,0.6483071583198308,0.9047954240236792,0.3415151619430648,0.8820810604181364,0.8028522621009648,140.57727897605446,54.79632733267741,-0.5703607612234005
0.7088526737935537,0.6823992406743542,0.921057430536548,0.9981163644987314,0.5737605859288766,0.8962751098944695,0.5738628437550652,144.03165045311772,96.1031666682142,-1.2348069583830652
0.908624590853127,0.3983432676978725,0.8348162568525239,0.9260407812585408,0.1889701742508607,0.9380307922498106,0.8213443024384486,140.03623546946815,71.09054771879855,2.5796377526403216
0.4811169315320769,0.4930129070209719,0.604910497065639,0.6682373518555116,0.0694273160619775,0.6951976202410382,0.966989773419175,154.62450666195213,56.143681803140964,-0.09586121029724426
0.995647072049967,0.4524130861141801,0.5863883736682005,0.7301192876099535,0.889951208028057,0.6538442606768726,0.4847872634432896,149.04391440933634,31.322124851462192,1.9071517669490068
0.8467887507806653,0.4114552914817061,0.6354850366812358,0.678378328826497,0.1712970123534221,0.7787262378573939,0.43139943045166,146.476172892738,51.0700242528098,2.9494351845790243
0.9674974097148428,0.426732276677069,0.7705703659111622,0.9509412314856072,0.18473565550215,0.8023614652745428,0.6245272756564815,143.98178611028663,53.85059963802679,3.6867211336993018
0.9371985888992408,0.4026191215805614,0.5082410443113814,0.7269674230938356,0.3480884750884406,0.8109326008782631,0.4578971808718535,147.01878579749425,49.31105194105406,1.0341518397746792
0.8768920796360176,0.4379222082469486,0.7167332345756481,0.7227978251073667,0.6024259293541971,0.6583619562684555,0.6376932150244856,161.6119864735659,29.760508272237978,1.2945668697786923
0.5452963488708956,0.6619700335952474,0.542104041562565,0.76214491887863,0.2536243736991627,0.6159583304122684,0.8151920651407919,154.06278432647247,45.52828254751681,0.18263155557397792
0.4512601694880393,0.7158929290655274,0.5166299545324058,0.7078835135325999,0.9353332337790534,0.6562454932835087,0.8805318330270235,137.38999967398397,7.364086738686488,-7.478461460148318
0.940821196120621,0.4521459814533602,0.767282951699519,0.6839381791416768,0.9114270038029344,0.5846480151500089,0.3456719442385801,160.7851022358923,37.97989046296419,3.865463571106625
0.7382603434271828,0.7627253918120074,0.7598123311135601,0.9211978338051566,0.5727969457331744,0.7807318067932645,0.5437074544761186,149.4483400593546,61.757258011703684,-1.1030222185301968
0.5584586881071096,0.4347719281853539,0.9364228393535656,0.80226529513384,0.13637924183538,0.9193300824602512,0.6263899407309755,143.33444931647654,110.38545733034368,1.9302176029924336
0.5762817683676487,0.628105110503663,0.9401200950375111,0.9644536499956308,0.9128300734005168,0.7138117197259768,0.4836402735901873,137.0846619424263,65.96657579322412,0.15705150702423065
0.9597592826759088,0.9358505070947628,0.6660344671493923,0.6983890407089806,0.7844024512694646,0.8258544317356455,0.9085736605149536,117.83888078619282,-88.1690815152916,-4.9137776858069335
0.4308024334691087,0.8361590743493995,0.5168620777781686,0.7053039666943349,0.7932226248753143,0.7395216638838469,0.9519461032881616,144.4692251758181,3.6721210168471927,-11.512166833956464
0.7187061590779347,0.565151374347836,0.8945786295642617,0.7896366805820135,0.3684999102924417,0.6400709907799175,0.6599589242091427,157.02840990268132,49.03908814697234,1.1778888685676723
0.717253157931991,0.897750489317326,0.745324809661717,0.9099781684879916,0.785460459473931,0.7338368475640721,0.9597745353663396,128.9617031593285,-60.56187404325027,-5.821932165459664
0.9937561315393936,0.9443312785655577,0.9042925591171648,0.8827632487084295,0.3069178621907916,0.8852124975525082,0.3528388060380248,148.35654312237878,48.05266949065643,0.19643223186661274
0.5631692766691438,0.5489529404181482,0.7886248444525381,0.8892014207736464,0.168416890009252,0.6406543894307362,0.7566240391330336,146.09168442515863,57.088275516575166,2.838049867610411
0.7520935300585005,0.6527994258747973,0.6128713334574594,0.9065634848694966,0.8591362032691121,0.6414055559661018,0.3701283122209436,145.7598145805241,51.81261330450714,1.9944049724455546
0.7512623677365404,0.5793747137315061,0.8828661141071151,0.9361556727121668,0.6496298556230349,0.9060409443092204,0.984904397666951,126.3616797546057,54.10006345364663,-2.7316217182362164
0.6061538610881387,0.681010445733712,0.942657182598632,0.7673299704913226,0.2988400525799062,0.9203310431980116,0.7406408986890141,142.4838578019545,92.5573567177607,-1.0668339138754264
0.495915695348444,0.868574336648783,0.7314132657381113,0.9322916665171986,0.6477842121937413,0.9960973357756456,0.5204699237613238,157.35636245672424,147.5037762440602,-11.028696548723541
0.8537080520620057,0.822284472779825,0.5784104855957455,0.8262637355784218,0.5664295017756023,0.8301738735750612,0.3504267348636681,148.6554096377698,50.26920786820638,-0.3663076726062948
0.5001421998566125,0.94244780041482,0.7091092606492894,0.931886585468946,0.4165664742864357,0.804803965728042,0.3230873932749925,156.52321112050234,81.05758541468073,-3.8261489245361044
0.5049301328375403,0.5283688263000872,0.6901916944633977,0.7189398807321141,0.6076224612995399,0.9331572364130288,0.4732469199892531,169.67642311352316,139.09896267962426,-7.136338886155333
0.482937028224511,0.3606673281881167,0.8201229477057759,0.9696920536424776,0.7200819977690114,0.9653067074824432,0.9254295602974344,144.05138348274363,144.5734427800214,-7.942396419154561
0.8201426329911604,0.9671997078509142,0.571439498157998,0.7921546267010514,0.5540570447758062,0.7013898842631057,0.896567428061771,138.80182032245995,-41.01221921402032,-3.019110229564638
0.8195544506439099,0.745244571831811,0.8410002869957596,0.8402278102085576,0.0184427642441823,0.894531147887447,0.4948596680651279,148.44015952989162,96.74685310698078,0.9567412537967073
0.4745772751300114,0.70539801432701,0.6428592256956188,0.9380554970896208,0.1600225775339924,0.700398770552385,0.3866603683611819,155.50854882335508,74.22162334440193,-0.6487366808096062
0.8732063749087404,0.7412979266118167,0.9851063139928316,0.8961129953165973,0.7094036132888474,0.607206651191344,0.4788312751903337,148.5511064641632,21.01966852624283,-0.374518369114043
0.4327488442238563,0.9048706006422222,0.5144776201100361,0.9651164465587176,0.921817503081704,0.8111999790586547,0.6764073840046305,135.1755531265121,43.613287894696995,-10.47908490138687
0.6962212489559301,0.8085284458371034,0.9612156147374016,0.9138740679449856,0.3117698612913772,0.8125338089410248,0.4100555563610092,152.3591220323756,69.02357280640558,1.2375315623950147
