PS:PAN ratio,Feed rate(mL/h),Distance(cm),Mass fraction of solute,Mass fraction of SiO2 in solute ,Applied voltage(kV),Inner diameter(mm),wca,q,sigma
0.8718740812213368,0.6622416614086248,0.7799192028052886,0.8686036996591624,0.6029519936601647,0.9215892792738194,0.5061623444810255,153.14621394700856,77.72963021890116,-2.4298191076094917
0.6841298904956157,0.8409633511525731,0.7723649880612717,0.8729080420593222,0.794690490982245,0.823678171332494,0.400491206485399,140.68519180984703,84.71813530442412,-0.5729489936833256
0.9192989739077152,0.9302813697986596,0.9075734824931164,0.7137580573809372,0.7563110521107811,0.6782467017296399,0.6506239169857411,140.9204522951102,-9.764449959083223,-1.4061684210020144
0.8289617666951535,0.8153211089929111,0.8501011372951761,0.8957132050909036,0.8928683170098685,0.8867988919552242,0.4611559172539948,131.81671303656887,58.68225229912998,-1.8119335566593575
0.4909936562800175,0.9679757964817816,0.5170182212527376,0.8895910948644843,0.807910543673487,0.6114636238544947,0.9433171148703297,135.8772944603122,-45.58173614961419,-4.641946112881487
0.9848678351271916,0.8539130713436069,0.5281613433633802,0.8921447604998943,0.26106195975407,0.8987680184000637,0.3155679048328153,163.91090365934366,77.28789091502509,-1.3866485667637547
0.8646930743417365,0.9072892870121964,0.7970311492349036,0.6938803012006176,0.5632310209868816,0.8219663616014425,0.4093673500701,146.60492931240645,69.91559820821456,0.04628736711045223
0.878658344924591,0.4334932324028606,0.7408482587961208,0.8153339898094705,0.3101602207021518,0.6224027693985427,0.4789648419271423,154.89628262757222,68.67399437765545,-0.31463050413081284
0.51000817756207,0.8226968913136523,0.6307836933621012,0.8030169548187978,0.3418579488005717,0.6093917896975132,0.4469427525432164,150.99629133893052,42.35625719490389,-1.6826935227767492
0.6905775487976547,0.6386888894198008,0.7079585457281448,0.6979989124889785,0.9314487815535304,0.8889481805422994,0.4650173146673201,121.51522642525794,104.13867642456606,-1.3715683131649898
0.6459843917211696,0.7098278520356933,0.8731737829382282,0.7421978854019033,0.6866192851224795,0.6982687176391463,0.7549661087778643,149.8000445232291,23.390573428980076,-1.2172738360744209
0.9574930246455312,0.7734028605906784,0.9066309321017788,0.8134194292791445,0.97320472481604,0.9466081627617956,0.5335733463374239,113.96286686009478,41.43518991880542,-1.7973667980377683
0.7989840538198174,0.9721327108796752,0.777388004030283,0.9117973612766472,0.4271666032093673,0.8936273759069613,0.7273214738459387,147.26292455488277,37.290966070181035,-3.117605648307315
0.8992198692106101,0.9814254688292512,0.6917481227694094,0.7469854670098827,0.5451760623976925,0.8670252310746865,0.9127952244013616,145.08307125727632,-1.4907198616364141,-3.6826432938621405
0.6866712791009444,0.5430981684712627,0.6359030403021226,0.9400923527676416,0.4959042241295113,0.6923014621425971,0.718919825299061,150.5207542522172,33.064518481833176,-1.4623601274596976
0.5655480260821133,0.823540369859739,0.7582468475305838,0.8475765108270232,0.12400357276521,0.8715035392997255,0.7809004172399356,142.31305154298786,63.40105448864538,-2.2524301000647364
0.7489602281789092,0.8337565995027949,0.6573565773738921,0.9175041421367583,0.2507173838783462,0.9711128177328544,0.55917478191797,153.54321557089946,90.35280732452446,-1.8322362808794586
0.4739828781423992,0.5797736589255961,0.7787866883889234,0.823713033070515,0.5355794188433901,0.6144114442726638,0.4205144528197951,155.69700125569014,83.6244911019519,-2.5207639639038675
0.9019482859635832,0.439640393369166,0.8336015448788654,0.8323921853721772,0.0849238723490923,0.7121050359879948,0.5289047109987229,147.990582889746,71.18619942061817,-1.1890977476294688
0.7921479823472437,0.3874434492813983,0.536255242205674,0.8716611525516547,0.930976411033926,0.6740065000755194,0.9626788285209422,130.44456957694527,-57.979848352409746,-2.348091069745223
0.862983058205411,0.850978481991427,0.5045948234841153,0.9720941791171722,0.1402146302209291,0.7400416926613478,0.7318950834584387,144.12292350965816,-14.04249848949162,0.0931896844408524
0.6368671486581299,0.6699172650325387,0.6074529550247174,0.8299871313003593,0.2128043188746683,0.8854070681749728,0.4998788155799866,158.9801204558744,98.05121117744969,-2.014905498482353
0.9821087315386516,0.9820310688333383,0.9396979235362712,0.8419917894787242,0.7683033653558875,0.7737686677623298,0.6167320024001607,137.79244778472034,12.59150240950909,-0.7859509377399241
0.9386423449353136,0.6543529531512375,0.8188155771088004,0.8658869114199592,0.1138671329252938,0.8139483305083292,0.8759038601017701,144.10158902617707,39.665540148129814,0.16573461196619
0.874354783354556,0.9772325432863898,0.5878188667953556,0.9100408336654812,0.9004434447699469,0.7071047522265828,0.7633194734941207,130.6111746677685,-57.25673236161914,-2.213745406313252
0.547282218183728,0.6207411668773003,0.9376293932557668,0.6931569199949348,0.7295100591228669,0.6351198362354911,0.6906817051796612,146.3699760204106,49.242615936635886,-2.4799479322754343
0.699730096250549,0.8612633122389548,0.7329413361926093,0.8377659299300108,0.0861444065105191,0.6874408253390927,0.9093617791422042,145.32040815171104,-9.619027685514112,0.8114980662957492
0.4627693071832277,0.4150594995742906,0.7359294503167345,0.8266569735612257,0.6963627425520523,0.9342731204215524,0.7660122897688084,142.52178789002156,120.47708164391628,-6.742270998035665
0.5246745277119469,0.7113120705633595,0.9596795604958348,0.970046225381732,0.6374010938175092,0.8271432021319165,0.7459914904050102,139.86623677781535,83.2922652829213,-3.309224098479766
0.8209387796898979,0.8665367345452929,0.5330447161578883,0.8305390624479219,0.7604979599862951,0.7336864960853549,0.4407507772474209,142.77592096133407,20.684350252611445,-0.39539374326629106
0.8555167251779872,0.943735408974526,0.6088657946977425,0.8223330582314642,0.8298676439323786,0.90521761187565,0.3845632231083862,138.8662758606128,79.89189365163462,-2.369914704013551
0.9803223295880874,0.879455419681654,0.7893428914612377,0.9832466419734288,0.7223130679919585,0.6031254285000167,0.9632580050710362,142.84553449466944,-123.87499638495609,-1.6065967558140328
0.6207861791911948,0.3849405528583943,0.5992759964521045,0.8165517647445275,0.592897518250571,0.6820096259275816,0.7164275591264495,144.23931971632186,23.453330972293337,-3.840324485272975
0.6457948318264812,0.5962715885816711,0.8350014747486667,0.7286819186837233,0.3346887126044752,0.6721038250456135,0.5929900392426057,160.81466796353337,56.50205803495581,-1.5632942654544546
0.7013184406672575,0.3923227486875347,0.6083369248974331,0.740421602772129,0.701676080040588,0.9866107160192096,0.7097982541851969,141.61486986017272,122.37060664084333,-3.6309307160331343
0.5443869494844885,0.4304580944140146,0.5523639577520368,0.7007605425308087,0.9559536332996014,0.8703184308439806,0.3545239646188217,138.25183975748166,136.22758061908573,-6.7057109321933694
0.5110211297276428,0.7867495282347083,0.6048757856990225,0.6699320719639528,0.594214920775919,0.8335431694177317,0.8668834926732423,146.1331206408762,37.61060734098288,-6.446761075359297
0.7047637935635962,0.8106393112984137,0.7099444869824594,0.8104815603837112,0.6694345706510626,0.5783598300670939,0.4588628564116089,148.01750083311723,35.243515682903066,0.21094453510911348
0.5653634783363163,0.8486982826460958,0.5898535077216341,0.9203781268599908,0.4469601742020743,0.6530345839874768,0.8550358686532997,147.62735611678673,-1.2197328662662557,-4.313398399408255
0.8135232242518762,0.906442726759058,0.5696693643934244,0.908721706222406,0.7592949805933683,0.8409368769970635,0.6729759748620411,140.31580453696216,3.4379525368182158,-4.805218141378418
0.6831625197826293,0.8271144494220393,0.923028261495752,0.6802216379254249,0.9958000452394782,0.7344071768695107,0.4992459731465466,110.87043133492139,43.358478527224975,-0.4421086686510036
0.9047761366578954,0.8657888083927063,0.6601069250909389,0.8554562343104515,0.175997498106204,0.9611739667586384,0.333228073156833,163.06155473460487,94.46229953282014,-1.145599679946037
0.8305849984505576,0.392489706207247,0.6797627800733856,0.7200148010869639,0.2171365038821774,0.894731391108154,0.8626421613498363,144.04220368208018,65.34362045251629,1.909191494029935
0.6132452518979555,0.5093002867388023,0.5309914060471839,0.9763642117587192,0.547134500190768,0.7625842143374013,0.4317828157946328,150.88116310460387,82.124109358486,-2.4988390510291834
0.904541709870558,0.7531311947192983,0.6781123221032643,0.7242770785479018,0.4902840062218624,0.8883979398826456,0.3477805747169767,152.44230686120213,76.4155647724362,-0.9591163227716835
0.8891359957084686,0.9018279713941024,0.6330348401260163,0.8739157399106641,0.5785958720197157,0.9824630612328566,0.8222394035006446,143.2988109248207,50.563677804159944,-4.329995108234321
0.6553304047945907,0.3645014708113667,0.8013783692818619,0.776040483414047,0.0670055747065223,0.7682461906023759,0.5487565816901562,142.4083049708794,91.15605269969059,-1.2872242121385504
0.599776444548436,0.6856095562261595,0.6040990953175035,0.8787775941537116,0.4147942608769108,0.8438454106623335,0.5752337639947098,158.06251601844818,85.84381225560924,-3.3009197882173984
0.8206286817242311,0.7879969819636652,0.9367048282947156,0.8040672095066317,0.5897662338338812,0.958835441435574,0.4793635984021748,145.74553595731678,79.3322235387869,-1.6570075257615773
0.51652943291344,0.3803055321186755,0.9568183054825417,0.9172504514722049,0.5919331318624438,0.6798373953993855,0.8918514730375502,141.61292654179982,50.174877482340975,-2.5701782186295614
0.550234719268735,0.6143077627511506,0.5526922347890391,0.7449058023913983,0.6625699944006994,0.945465529075797,0.5132339977236873,150.32561514570278,130.66416437291943,-7.543540217196503
0.4423511144947419,0.9254389075494986,0.5563797145373555,0.964867996771027,0.7241395981455305,0.6169036722508746,0.4545143467040466,142.22074724587253,30.71207915334296,-4.126261767044957
0.8791402439224363,0.7844250303240503,0.5602384134350744,0.8327230262202185,0.6471127344290114,0.8463115749587771,0.521266754740263,147.30686885518833,45.49076679392131,-2.266130146825138
0.8107423749209317,0.51126623749616,0.8058023271762775,0.9160938375137844,0.7927051306201306,0.9022744187359856,0.449768229770647,150.31716130104556,88.34231886412825,1.1483349490120314
0.8333306264631402,0.8984640044964747,0.5634732928364983,0.9466022382049564,0.6306765320924884,0.8322190676697547,0.5269310299515352,145.26361722729655,44.48567901374908,-0.8190193320763502
0.8756689874713204,0.5807421287023756,0.9191812083780496,0.99518081509061,0.5452446886917687,0.782635201521264,0.3687591333992735,158.74311367100324,86.89270763035753,-0.8709609383786808
0.6953568220859554,0.8988187337100232,0.8714017023671661,0.7427119368067121,0.6124997951463785,0.8333604285943554,0.4197001130705379,142.7734786425472,97.7376679318901,-0.6277637462143455
0.7568920728311308,0.5498431328268754,0.9033180845864552,0.7632209632946771,0.1180370684408717,0.6394399740939939,0.5939128973889907,152.42722216725534,58.50186924648023,-1.383076639348312
0.5165543744255051,0.733254274425067,0.7602640096482345,0.7513419493051963,0.286411057176367,0.6660522068300108,0.9055233576286326,154.630152781984,9.882633668612634,-1.4205113205537232
0.5023973010044351,0.6115283699426441,0.9894521523036226,0.7553945225226104,0.5353477767522271,0.688675803731823,0.3514772191288788,155.9913538726115,103.5355191267775,-1.974010531185945
0.8127326216528281,0.5346613370681859,0.5255880432148854,0.8595164943358565,0.8737221711097922,0.8252119980333563,0.4561870034624165,143.95485420741466,65.8552239147997,-0.39647211127206994
0.7021815248607857,0.919725059969976,0.6994891494260089,0.9934520094107012,0.6838343030927446,0.7603009770784155,0.9249841501597093,143.46398363153355,0.5138916753784031,-1.9104312537320354
0.7549281690399002,0.4797523122851978,0.661830628295332,0.9923949218390992,0.1074768888067072,0.678088917761904,0.9126312972601778,139.02634219165316,14.591354946234759,3.473224398698112
0.8668553615051908,0.4150546646118001,0.9660609309420954,0.8413778531244022,0.5988688833617968,0.9439045401158296,0.770737022201459,138.81271157337488,82.66960416455234,-1.1665385021790504
0.7938590960976548,0.5768995739513961,0.7850035842262679,0.8779519399668827,0.2360657031187274,0.7319929804906039,0.4749200265394665,159.8272787659291,72.75597743138053,-0.8113770546278392
0.7483969095829788,0.8133969633725596,0.8966862339570849,0.9499387037627376,0.7376520866710773,0.7620210655871009,0.5957712348450058,145.4959050667023,40.44257523853203,-0.06350238606960756
0.751550147028424,0.8699181023501,0.5870303442235205,0.9737111526906944,0.8291264439227474,0.7468922143656125,0.4552073791582764,137.8198661013473,31.620539555172776,-0.5830534724795908
0.6085294574888493,0.9903420110695722,0.980665262058619,0.7361679199184007,0.6000255491585283,0.6520488954219236,0.399523190687718,142.00323080214898,59.248930624264155,-1.3589226498112583
0.4554932819176537,0.5482181117276279,0.7469101195643882,0.8419540570568543,0.5979755848841847,0.8809490125469777,0.5689427039500539,152.97916643243246,124.79453649674744,-7.584508696246537
0.6829190525575486,0.6184536617907921,0.7444909844189862,0.9410981923243412,0.3504802138421369,0.763031529644715,0.7009035970814097,158.43941517614152,64.75225259633055,1.962794846710171
0.5584579546480224,0.4477929010959415,0.9768913327233392,0.7685349044072161,0.455891760817002,0.5830537904814973,0.5554208635128761,151.85739597160884,81.16005686621213,-1.9397197973784053
0.6671248810764621,0.723530109065234,0.6894898670121125,0.8130435719928912,0.8650286275667551,0.97771976453427,0.7244913011309371,133.6423865960138,97.0835694363745,-5.308963569921746
0.9163882981318664,0.9896097347035738,0.6976678161718173,0.990877603729578,0.7271791076633394,0.9159852781271288,0.5125097202292519,141.524276481155,57.19570743899846,-2.467008568183123
0.5693024683262253,0.8028483155530151,0.7888468271013507,0.9906904537423864,0.527861244286952,0.8775894670204505,0.5459312183224572,145.8541654999307,86.58477811885622,-3.8145838201571163
0.4708930923169432,0.736333984435533,0.5664360003867055,0.9649706149223296,0.3795024963101393,0.938192297756128,0.8456875578734886,150.35609722504913,91.20621125543263,-2.2824046242795486
0.5958855983364326,0.608651104878329,0.6604421838086587,0.9298938174580964,0.068284013126122,0.9538977842925668,0.9047469664978098,140.0956127906755,88.44573586400094,-2.282573857885531
0.6027267936382872,0.9378166155760064,0.5981665298828763,0.7574338566898637,0.1589783678107442,0.7168218661662991,0.5298818465101968,151.59043145398536,46.42438748417526,-0.5088710985411553
0.8090982613654205,0.674460016541917,0.5543735482564435,0.7742848956058089,0.207952193511994,0.8307001541973806,0.6980020120057975,156.54068619368337,51.79251955279622,0.6885090254364759
0.7503314884790998,0.4462479663450805,0.925883378998531,0.8480602020159267,0.3845461392738818,0.8298044865765932,0.5003176207820985,150.73727752553475,93.72611948467596,-0.84412364573023
0.8774446799052428,0.5916614694241,0.7910765175041179,0.8524569302186032,0.9433934382100924,0.6875932437878763,0.3488112882129335,141.99306214605122,68.8396697299448,0.24702119776310028
0.8104413162866959,0.4039478174551911,0.6787469588876506,0.834447623091918,0.5135657136193582,0.6687096160855697,0.8100957572218193,144.31720788049554,8.670898043022795,-0.010525912941098836
0.6659248391424104,0.4888073788979876,0.7030950643026512,0.8771840155147985,0.2488944124269665,0.6237173847735863,0.4281056955395123,156.22286254909756,81.05792603311089,-0.37591053111621164
0.8943221534360052,0.3727906685138561,0.7142227263422577,0.8027849385307553,0.1224987310292449,0.8508364186840128,0.5997484358404164,145.50197505199304,75.4618861583978,0.041632289321578364
0.5317810601477555,0.6469922884093124,0.8124156880727569,0.9138395231622728,0.3502002628773729,0.901475238075766,0.6410793558476501,160.83550900497283,104.01536288429234,-3.137521439007174
0.4509516187904482,0.7610891907099748,0.9554073681874592,0.7784227044346321,0.8176606405615972,0.8931609668328497,0.437181548315929,128.3311929355969,114.0162923075576,-5.340727510240047
0.4886799021061004,0.5777591223342727,0.9583343214293112,0.7774866594478688,0.3942975217015518,0.7079877689266394,0.3765890044186895,161.2798741106733,98.50851758052781,-2.005225797915767
0.8429644195548746,0.626284083512773,0.6947297512267542,0.7111991576859166,0.7753379921012553,0.6617585457947914,0.5473884700101124,148.0042302080623,38.757160493270604,0.9105077625822302
0.6970161269868607,0.965456711737222,0.6644242636453386,0.731232330683198,0.8049068504186352,0.7651785626485078,0.9545944922830611,139.01020283547632,-7.063548416817284,-1.8809847358327465
0.5285867074023054,0.8350026765574743,0.723732526566515,0.9468598564587526,0.127463529918829,0.8039887229991722,0.7273964144936009,141.93652836977532,43.99193682730202,-2.065669349326659
0.7189617265069137,0.7021186996832467,0.7806563090595542,0.8151526722317656,0.6149117048238818,0.9590113847837072,0.5698941073123907,151.176734641583,117.1592040066681,-2.436507958220633
0.5235665952379962,0.5407771007852529,0.7289781538935848,0.7439898246282333,0.958033770291904,0.9405789260359262,0.3390913970554718,143.73487899147378,159.4832807156899,-7.2117015022545745
0.828374765523564,0.9262961858049789,0.824884828194391,0.9171520707362564,0.4127005113724823,0.957750129524516,0.7173810362811529,148.11812761999127,57.56522655363741,-1.29795229950756
0.6882076663920994,0.5096540245004018,0.7740647260042859,0.850242607000497,0.06883658481136,0.93035130013239,0.3750406290907342,153.90682937075044,139.75547922585685,-0.2344577689440741
0.6517124580262118,0.56646040852233,0.6602619567025623,0.6766399231915389,0.9229874701907704,0.977956084451836,0.6784786092651935,132.16379483721272,117.40890939705723,-4.032893853874738
0.607163439591345,0.9338925697595368,0.6724442718460109,0.772822434678293,0.8841783456825797,0.7701280699984241,0.8195929358306631,133.39619765298923,15.273083348131564,-4.839922485762395
0.7913737555920382,0.6949965754611114,0.6884479045644798,0.7274167708212789,0.5301991943175113,0.5960529572432512,0.5983149797566731,155.97486111166734,30.241245877348973,0.607276999580614
0.6409498588988862,0.8289313858716519,0.5501641011590422,0.8834405141653991,0.5596823818868494,0.6110809895658849,0.5146369899923842,145.84998144094683,18.055944984643567,-3.6598074372366383
0.4873363340284358,0.7335215092264162,0.5849467047417644,0.7593563440805351,0.2262774714869716,0.7388032589677053,0.3448014410788457,156.6064697273087,86.81746844139262,-1.5998626138115015
0.5043448099025544,0.772985399628012,0.8562280407493863,0.6909076343193632,0.8213031148624909,0.6835903623442778,0.3295675202876549,149.4566348406692,77.33597193421197,-1.940972505432751
0.9771778844934988,0.5501198707220036,0.6935632668160345,0.6876456378989415,0.5071491376606637,0.647050856174959,0.6026555751329025,149.55495126381626,13.324820969920324,0.9366332565295443
0.9473043511899016,0.513603877646678,0.6085544575554849,0.859282740093198,0.0521264956460864,0.9732182809901586,0.9081369350528988,137.12235262959743,66.6942640416876,0.8221490384538814
0.830272368528977,0.5646661942159159,0.7780938271956099,0.6768248053365375,0.6877149798600344,0.6576608516826397,0.4773387249942872,153.2756092135168,40.69661440564335,0.8880467935408558
0.5871931334808302,0.4595137047732954,0.87201922589575,0.9462965977611192,0.94961347010805,0.975789889435267,0.6997134621693599,127.45092708350919,125.99108061346169,-6.425854248752789
0.9812561517603052,0.9120184056999218,0.6294384694840145,0.7203777575539284,0.83080039849837,0.8931134368475722,0.7740086892195259,134.1782794999993,-1.8772788996324863,-4.383804293046545
0.8745606416625998,0.5399626106916415,0.9067178107428084,0.8673756835582075,0.2903683011050826,0.8431873752570436,0.3538621536704965,162.3821466261942,101.17108083003423,-0.2699076530136406
0.8399000450307501,0.7151062820932592,0.9557655377585536,0.8146332211281155,0.071167885011806,0.8577926372701247,0.4160411908266033,142.52228840582643,102.53704033874871,-1.023971913094675
0.6900035568145595,0.8601883602050069,0.7950033378604218,0.814034858744234,0.9396803545268226,0.7143169330416382,0.5361103038636349,114.45636274530253,33.63973410160193,-0.652485408753724
0.590763145103808,0.8550580281187137,0.8298493802607463,0.6931395888496545,0.9364603077809251,0.8454699324476816,0.764431104454544,113.31228765885513,35.870348212091685,-6.82048566109527
0.4922339457174537,0.6376172637740076,0.5296792364043634,0.9312960965650038,0.5402586323546104,0.6540265477622068,0.608726231014963,154.42299561162653,47.51495962420214,-3.715925874085043
0.9439547092854396,0.661455734399675,0.964538774493547,0.960717313098208,0.6478668671063637,0.9667644422308582,0.807627940870455,139.89984881369236,59.17820978494541,-2.452618631473039
0.693597766310688,0.9877979552110044,0.6952132181778663,0.6733363676914431,0.471900545205789,0.7019571410493373,0.8975251100321497,146.665771653016,-24.747099980190043,-1.1874234782142379
0.5516103482298493,0.7863037720905628,0.9540101829045724,0.7279389763711908,0.4299598898135473,0.6825490681486305,0.8239204222480245,142.62782978664717,19.057280247627155,-2.263700782804301
0.6096537152926277,0.8744545484083037,0.7860343421744908,0.9642529665325908,0.1359111210109657,0.8724272778601425,0.9815235207287768,142.54624736412342,23.129939777888872,-2.2031314355722715
0.7627631116748326,0.9297942257176716,0.5063243065833442,0.8487805056800084,0.1136892807268833,0.8496431728486449,0.8212173587493381,145.1788212757549,31.37462417264171,-1.2223340060929266
0.5372719294441095,0.8574284184030716,0.5228447478784146,0.7186321876236355,0.246830393996689,0.7642144391654522,0.8871348119006275,149.74338921504807,24.640006418344953,-1.4043564349399937
0.9181875415357836,0.47823257355824,0.835435775488927,0.7358192404012671,0.8381343192470652,0.8396480289938528,0.8737833833433195,142.2998111773602,37.11399766081876,-0.513961319515805
0.8632249902683622,0.7155351608130421,0.7780916860021985,0.8847807182083137,0.1617443064145318,0.6427002871235536,0.8049800692544316,153.08453869746276,14.660000150222999,1.0238754559093741
0.8413415678499059,0.4258075285976896,0.5169961468286489,0.9059035257324856,0.2409228292807175,0.8566721923455947,0.8531866204579617,142.41422021201984,55.487908823818415,0.9318204751194941
0.680328026706597,0.7726599147342159,0.8661365258526367,0.865049515087365,0.5561192747090778,0.6889720254957301,0.942732439128785,145.71167876131466,-24.46159007550574,-0.9734038491289986
0.7897075602803398,0.96302707766413,0.9190657997978392,0.9802974875376688,0.2295968288965322,0.6898986799662185,0.6331019143352961,148.7775830232352,32.36870512332327,-0.597014211672233
0.7654964821851183,0.6844152877417076,0.7458279844896932,0.830720549251504,0.1787560552984098,0.6438191540179286,0.7429976493483317,154.9178086314587,27.172558208580295,1.4479517023578286
0.8023354815762551,0.63420949200648,0.7308966861996642,0.7675802113830271,0.5705145957103225,0.7146928828734174,0.6598766539574067,153.64319409671788,19.89637419853699,-1.090396029745075
0.4855402353946505,0.3842305324716352,0.5067403515867435,0.8252368482859851,0.3793662846475435,0.7142239614418324,0.8863651035344409,146.33320065239957,39.52145408334168,0.04251731617117427
0.6712031739197389,0.965812516058332,0.8871697344039104,0.786931821803061,0.6320459908465046,0.7654137712090516,0.6035538764863275,142.4761496691315,58.9500728967585,-0.6929772762287019
0.4615424774779864,0.4265053065555231,0.6651321635846223,0.7428651440805601,0.9121217422832032,0.6555787106171346,0.8652658474145873,136.39835810531127,29.412562673351296,-3.553424018884689
0.7150093906917541,0.3875266222880863,0.9320287800213436,0.6847225059450817,0.1667974211598146,0.6566564218965414,0.8515374789381092,143.24532363449345,40.46425328949377,3.9341936692522603
0.6230474707837997,0.5165589287838004,0.6857537488224854,0.784503258157621,0.913324424420202,0.8018754316124579,0.9610638487341856,131.22850141570754,31.99921682227734,-5.145104520268701
0.5192030223096568,0.4029178661256606,0.7792652945658904,0.9015351626432284,0.9026091468601292,0.6299512731155922,0.4806123692236868,142.5518088893487,69.01306711862944,-2.6755595973329402
0.4961627767593882,0.6481491969939139,0.6357301699534749,0.6757542887003051,0.8307388044726098,0.8631553299261654,0.7910670203466779,142.41818992444664,93.6224272705462,-10.368760724609894
0.7674836461803045,0.6865276040590947,0.5822807363753844,0.8128381357787904,0.6370656201584308,0.9693636158964042,0.8229414269217856,147.06769304271384,80.0592033037677,-5.750840772277979
0.5338093756257716,0.5584203996952283,0.881451527825762,0.8795752151046989,0.626158856997524,0.7540107460145351,0.943807452582518,145.98079971213173,64.46012468227316,-3.0035167495086807
0.9565714027064232,0.3937466031927314,0.745912232937517,0.8686260898258318,0.644826917205546,0.951523375186368,0.9240115711363212,137.32818614146686,53.17597954936041,-4.87332331325749
0.7637949449058048,0.4319172410096104,0.7653421035589185,0.9227910691145468,0.6950394409655443,0.6172251012890977,0.6993565468437177,146.59020266572082,9.624229144126708,-1.0350684623965671
0.6325773954772361,0.6037005482956623,0.9742280646318228,0.9338268572436336,0.0350939789010975,0.5941724530409225,0.703148675056678,147.50492451977553,52.58561318655339,-1.5343885199041798
0.7693163442820823,0.3997692967831923,0.9733339210541246,0.901631758211796,0.9570512306280587,0.876677306050901,0.4256040898219907,123.07335422038852,102.39340687194351,1.9627492658968793
0.451003053208062,0.8011542482707394,0.920768717695828,0.703240049941309,0.5923369342704488,0.8931895306082883,0.9698758784698872,141.62968091196157,25.35374626330091,-6.803351594972617
0.9753073481680544,0.4919808251345288,0.5954398283974538,0.8245166441988591,0.7841110132344844,0.9273513414945308,0.4847208421021552,144.33824453695087,64.68077579709924,-1.3719054630091758
0.7084609431850644,0.5518120450531078,0.7934830188056708,0.8663459834988321,0.3883630705296148,0.5999440726544585,0.8012538330223836,155.3755051292959,35.185111077760105,3.1656776264135065
0.8767930604544931,0.6097568747484451,0.93172869585246,0.7497561896277016,0.0310942533469797,0.8998045826869798,0.8491387639529957,141.727337071603,67.10405025088994,0.1968553421397159
0.4845797001599535,0.6239096573666902,0.6864371732234925,0.683611008604584,0.5180513592763086,0.733082710107932,0.6101955488014366,150.5459174825685,71.30943658782317,-2.0215620383176662
0.710900992918559,0.362714159261837,0.5533132068405073,0.7425961599879393,0.5155599279205321,0.702600217337109,0.4551889995425568,146.72224260295755,50.72657121239343,1.3349918715973157
0.7131694615820223,0.4322130909196734,0.8990101450436896,0.8179586159381829,0.4468243163605712,0.6483348202649319,0.4402064505262435,151.02541712724383,70.4545769409228,0.1892052254727603
0.9636907709334744,0.9047482189751844,0.7386915880213294,0.8046118826469539,0.3515823312388483,0.9910460989726522,0.8900438110925355,145.8358561889459,42.0365843806439,-0.9848812131562603
0.7585656103258798,0.3624449719366073,0.7789315906018142,0.7273078084089472,0.2635675533859921,0.6027948553581124,0.6570576653297634,155.11763409930106,40.311044160075646,2.2444422891221008
0.7035224334459584,0.681541967113406,0.9823746900055046,0.9383543331449976,0.5354898422180926,0.9206676863560732,0.3736115643680498,155.89502201257122,136.92854539493067,-0.22801964775048322
0.5878126587869084,0.669792797731749,0.7997841233204354,0.9713500362383214,0.3864011920238746,0.8425830495002347,0.796053690249647,150.85585094424408,70.75648508095877,-2.6095881202721176
0.6240043437773032,0.5713396566056239,0.7110379626972222,0.7353493709280639,0.9686434266408618,0.882387093658195,0.4814549545862893,125.81120476336464,101.47630568089119,-6.756276144255793
0.7299590982180756,0.6331737258175352,0.6842556440910724,0.9726162357125828,0.1882737912064672,0.8726581092005057,0.9034531347107504,150.59062355188354,68.22165884836792,0.4680119313509814
0.6841483919318094,0.8530166934010291,0.7074536315371,0.675566344078786,0.3319493558175041,0.9337543361095676,0.5214837835833568,153.21290100592032,88.55503532013361,-1.3440336888236344
0.4503352918925545,0.8911764307949912,0.5617347773318411,0.9711140819430428,0.3067807713894553,0.6528189060052284,0.4478283076826962,150.73202054058765,39.29413549371133,-1.6070464851881718
0.9011979045968416,0.525548893791345,0.89111480879646,0.97990012626059,0.5509251142131106,0.576627372608785,0.3700544750388053,161.18507139427095,73.49112171002757,-0.848756580430255
0.9403454629936856,0.5646649943306472,0.9120391975027716,0.6736736504791255,0.5078151588396255,0.8255239593434297,0.6575796846090081,148.8446234766023,45.79387929500926,-0.005497634276290686
0.51680768121913,0.5143030810803874,0.6425750584477385,0.9183504842698622,0.6492602191305143,0.7236382374940016,0.6166122682540685,151.18825027893206,70.83324432012041,-3.254641963309079
0.7486528229007299,0.6637256402343327,0.6520225170996448,0.9858536821179316,0.9491292919808054,0.627831658382342,0.8191627567951356,122.36114074094405,-15.08117512098275,-2.029627313480779
0.4990610848906822,0.791755486517909,0.9298717005660722,0.9649039556936344,0.2982237928801936,0.6537961151662557,0.6259555820295826,146.72297719161304,38.469810741067235,-2.125347136742941
0.8148825686567096,0.5053458194738997,0.5157484249345617,0.9860193881781518,0.6972679543530471,0.7144314442183551,0.5445601745099324,147.6652569679057,38.50985434141101,-0.12019431329474939
0.5958014926289906,0.5698551162774206,0.757535334156967,0.8490508976536639,0.0434733601833297,0.6055306519354129,0.4891936735617533,153.56986262253824,75.5909601854416,-2.4646960955871404
0.8077009388448015,0.9473126228472788,0.7298828954507961,0.6952114488406957,0.2758677384128759,0.599983850763776,0.5003071497859468,153.42412907621892,46.42885169812368,0.21951786234616355
0.8455615606573998,0.3922414329478819,0.8401635088860074,0.9466214634062212,0.4729968429921667,0.957736772201408,0.9381262653944968,141.5517133149257,77.09960145036564,-0.45771666478741246
0.8688996936651581,0.6517067794254765,0.583645973116959,0.8697417298913656,0.0493036625945567,0.7062501980772461,0.4241130503070597,149.29707181900463,67.6906135065086,-0.6619165887591134
0.4985933486370864,0.8095691247514865,0.8295489439604069,0.8700377294915933,0.6237333637055198,0.9853057082017074,0.9787803110412628,139.1397609155807,61.43636181744954,-5.972530098720278
0.9514680315969526,0.4563742189556103,0.6875426874791368,0.8056946623190862,0.6831088201409174,0.9778668886441256,0.5331739908365859,143.7156300074103,87.53575086567031,-1.0104425786694033
0.5672150711982034,0.3914890533596774,0.805386200284915,0.8560619490953191,0.7501018532320921,0.6356536946095418,0.3724344707870801,158.29650125022417,80.13259095278909,-2.3341147648746228
0.4591883084991675,0.4486641384880084,0.5236010568129458,0.719785639948011,0.5247484441971753,0.8739936483068704,0.4804571627450442,147.8800483289225,113.26681911952875,-6.3197490157499
0.7491102107789613,0.9400351201693696,0.7289339764671541,0.9107755115515564,0.610295029658965,0.8264719006856991,0.3522344102283661,146.77471670983604,77.92618043042525,-0.36088496942724113
0.6460540144683616,0.3674975044769094,0.758408736093565,0.6941887685330629,0.4067544386580708,0.8638840942093973,0.8452537002662674,145.53792728099688,73.84613402568002,1.2955960811392915
0.9031577347035872,0.4802107465834697,0.6084509370949901,0.9075208559140884,0.05934779834808,0.6163399600059009,0.6582682365963708,145.19269121130182,35.17758577374495,1.9888856827344137
0.891089828149795,0.3813606549941379,0.5720710449676624,0.9463573002813176,0.1168214700616714,0.6548044061260354,0.5399580278566183,144.88154715504328,65.36313003376756,-0.43336549829489557
0.6159191473213689,0.4313060937742815,0.5958610843758807,0.8236845874961871,0.6602807559442283,0.6081979509652429,0.7590107223945608,142.72653045792066,16.830829544871115,-4.119492177021532
0.9721361485582278,0.7520305848879434,0.6716700818297541,0.8358576049060835,0.9937320357164868,0.8278582986153298,0.7378488882173186,116.48522131366278,-18.67236213108758,-3.244208692554405
0.6012274742223171,0.5137718483538702,0.5512210666666958,0.7714712176932396,0.0344291886322994,0.9871214623652612,0.946229097045272,139.21739675755614,103.25724380492392,-1.7627452580240246
0.7268128571610333,0.7199674176726584,0.965415319738082,0.9856116048323108,0.5649015036852421,0.8561126180845038,0.96064228121429,141.05351722045623,16.81155682416255,-2.3061696563820346
0.5816434282155826,0.733175674414253,0.7013052025199584,0.9086102876674464,0.7542896216879377,0.8722601833529899,0.7715678745595203,143.10300871558314,67.1201012301724,-8.585186680632345
0.9626918194106096,0.8963579453144933,0.8980394173187312,0.7899691585348741,0.8284743205744385,0.986286107075118,0.863978172337478,132.3192313334276,16.061545467723022,-2.904262340530061
0.530455891857029,0.3646533403652389,0.9786115924920212,0.7267019234939484,0.5527812719600304,0.8586223957657972,0.8468678605070632,138.10027180346395,91.65420274745443,-5.035667168006503
0.4633894779403342,0.8988343369937234,0.5433926798731448,0.741289402398968,0.6259329943718819,0.5930164448848986,0.6439487535567213,145.2930994902694,18.11111169687227,-3.387528010424868
0.6820111810917271,0.7513821107306086,0.8214349813539358,0.82090004064715,0.7011388162010129,0.937323530759615,0.787588988077832,145.17968916544132,60.573022030507026,-3.111940464706399
0.9942546703708356,0.4641100033604652,0.9284471565411794,0.976850366140285,0.8599938485411013,0.7281437699868959,0.3656072624266046,152.9518790797124,64.69859024452316,-0.8611402167011548
0.9378333520512472,0.8482052267181068,0.8129442006765881,0.9089432291491318,0.1386929233170929,0.5781010893207792,0.8236837608177507,145.11292695937985,-11.881647433039987,-0.7524789578130304
0.8576715648948239,0.9001701119485696,0.7130087042097801,0.7398767171883311,0.9258068756627004,0.7875070690858732,0.9610280697532644,118.68825776762134,-60.5884684025618,-2.2694700847637708
0.9373376118625572,0.5217185665103033,0.7140071597692227,0.9498053115446587,0.0444301647711317,0.9664769318240044,0.3701328534639134,153.68058147919237,128.89143315526718,-1.117387300317652
0.9388247330818204,0.9400165430262571,0.5215575639524737,0.7929705610992553,0.837702528178034,0.6834419481166969,0.8763100379672717,131.81602519440642,-77.08262393980928,-2.4310469678112727
0.7289426893197815,0.6477334912039232,0.7644230593223189,0.9472512598733548,0.0940945057304465,0.780960508917846,0.9415846898232284,144.25073084089294,56.65048224182057,1.7103365168391162
0.6152412726679533,0.7415029015161778,0.9879258042657488,0.7484964432560446,0.2095217575818663,0.6486483714820651,0.4652939099373919,148.57620530602935,64.94930527813275,-1.7836280628680814
0.8707850717293398,0.9814704454231784,0.9709610915488172,0.8713161864441048,0.0227686603480385,0.6003084384341758,0.6665288147047546,142.04095155112492,22.172226580617895,-0.8345922405948959
0.8089552437595228,0.5892428258570909,0.5237492100400435,0.9716705798350562,0.4549191775014206,0.6098246111121627,0.9381332222619394,149.47786557404962,-28.330595554673607,-1.8795148413397247
0.6475866859940689,0.8735235095941427,0.8477948401889555,0.7537728335111066,0.3463363314298198,0.8790267665247932,0.959945146503687,148.76069433201127,10.971463313816749,-1.0463726455973683
0.4911557625517464,0.5620896528371031,0.6510330634388478,0.8955131937941287,0.18148412843071,0.9361029459270864,0.3990473489556397,164.27210641837934,145.1583451283272,-2.96109581317981
0.8566527097112449,0.8647451127525584,0.943826502535912,0.99142872666627,0.4606308779130417,0.6359566647655028,0.548056424912969,149.9836136335296,24.342161643011334,-0.28205978214279237
0.5852828190453548,0.7398093057278168,0.5260456448833529,0.7188142236770124,0.4129284605077208,0.6963459597417772,0.7833343622897493,154.95117834004444,-8.520149408643235,-1.4082184044450021
0.963123015830555,0.4978569702971981,0.9598413199832796,0.6985498036445407,0.7705943380375201,0.657498397110174,0.4621735931316195,141.13635540854312,31.323004190436148,-0.858064359723026
0.5732419919049159,0.6222834118511762,0.9119217759086392,0.889410213846422,0.8934448387190514,0.5874673005343596,0.5317259445557672,140.21297292496624,55.88060938199051,-2.610669193891252
0.5070073754033262,0.5616090673199354,0.5612990621305467,0.7804382060798778,0.6579027743353576,0.8067445611305848,0.3285655887215822,162.45933498007875,120.27371365973778,-2.99661088259609
0.9038989726334202,0.4108352412708886,0.533209147772099,0.6929595220256269,0.1407695087993995,0.8677464416030826,0.4163250989536848,143.90256445840848,92.941872321115,-0.34972229097822494
0.5241113272917006,0.3804487232487532,0.910573734049802,0.8246089066393734,0.3081812417073022,0.8460739276460185,0.6918115646972726,148.43445966977214,89.91376755620914,-2.2362026595082716
0.5386701737620654,0.5797647168162614,0.5799282363160834,0.9153371414066948,0.9132114692753396,0.7378777234257354,0.7529730893868803,131.22207398937522,44.72110098343961,-4.57111677471393
0.7740605777126854,0.3736501180609859,0.764567892564316,0.7626442655666321,0.105838234125267,0.8074020386520157,0.7501574698888678,139.92464067657448,54.55244786588217,3.034202979310593
0.9282436807015038,0.4658374240415552,0.9500384714519928,0.7789104342896245,0.4173198075059976,0.6154689344587212,0.8373900204051452,142.23996620503698,15.057291100940638,3.8714090083529493
0.5482884944810192,0.8181457504126033,0.7804195723940509,0.9452889440791576,0.9417886198692524,0.6405393303042689,0.5927191435051913,114.27061764236853,22.732340889629164,-4.315064474900792
0.6121005753984118,0.8073868945011782,0.697525748383838,0.8391944594563192,0.9497785233765368,0.9643030541678056,0.4971695555562625,116.02453492234616,102.35354366889919,-4.87721840867037
0.8738064402074983,0.8265787237500117,0.7207957276599177,0.9443221087750124,0.4215764082941813,0.8933919841366333,0.3233697491473014,164.90272257046897,74.23456948032722,-1.4109865309844247
0.9827409756875968,0.5613053739810667,0.5348127423589131,0.8151875845241116,0.6724228890959261,0.9605321417616008,0.4521134932039214,147.61569428807354,76.49328657277402,-1.237228773780481
0.7187916254585656,0.9219041989420852,0.9758528603149528,0.9802410503126708,0.4661682761615039,0.9580091240453384,0.5233814408002444,139.73567545823073,99.9285918043982,-1.5963286581887193
0.5188518895812412,0.7354638808494984,0.6553621202625012,0.8817859346478114,0.7566902349823597,0.8467048625483928,0.4329598880745912,143.95297971519008,100.11284858713269,-4.444411332369988
0.4460345408078155,0.4409978750411838,0.5962941151294358,0.7075086139941069,0.0498779626001455,0.9628222721362704,0.3264451729206941,165.8525905319102,160.87812452226996,-2.310686197496968
0.5669024453642814,0.4521345571150239,0.6433786822531422,0.9581239857166096,0.1601041180753677,0.7498084233480837,0.4189706940732556,150.36439305726623,113.99713885130055,-3.26541078557283
0.5120861000854008,0.7979475695692384,0.9737202460347724,0.8291571519510044,0.620335145640484,0.5777898657773238,0.7617398926354816,138.20653088898516,1.4959568275306196,-2.603657074290356
0.8179186026913321,0.4705308217880969,0.5499918437108091,0.7158951385431207,0.2466542642757605,0.6023399262015562,0.7371338302117187,150.90032816541736,10.146664131750711,2.4518535464713294
0.5064888576461829,0.6809914035777263,0.9264475310664816,0.7194957797331964,0.6711063642887382,0.621876832416002,0.9434065941419012,145.96040670012817,24.038849055763137,-2.655688409965192
0.7219230029608537,0.98595534161646,0.848791666501243,0.8937561830260585,0.3628480559665653,0.6159911877169596,0.850738068843599,147.27398611658006,-2.817326990302469,-0.7464412148885642
0.8272217007898817,0.364191446968085,0.9082904635186312,0.6851816638532955,0.8870954392996678,0.7227403298342838,0.695468444490275,138.60173163429667,14.910979593278078,0.26368753107755083
0.7638260245123316,0.3721051951419342,0.9793325488308752,0.7631236589340283,0.8211157391186289,0.8683080426811589,0.4055664169076191,142.2151200693033,115.33917008982473,1.3774048415529503
0.5501604509653693,0.9867800064577632,0.9142003842195108,0.7152919310467238,0.5015071677659761,0.9055269399258998,0.6929856783147009,139.85553511889714,71.92714443491386,-4.507129053454428
0.8887774978285956,0.7296780259113933,0.9634978025522872,0.813456832188614,0.7757191481673633,0.822061327340043,0.3543778004413105,150.01730366725909,87.00873700892085,-0.47490669238811867
0.8390690858546688,0.4415540908765926,0.5658918542894946,0.8047498501804342,0.284434535688764,0.6372631178186575,0.603233983066215,152.84280767595095,41.3446626363474,-0.542237580593427
0.8522792230555616,0.9264884247927144,0.8916203132690517,0.8397824008425676,0.502899465259626,0.8877260961045008,0.5758568470473324,144.45255579986272,51.79025373142575,-1.7081203421116715
0.5116577691860247,0.9158366945885746,0.769816505095368,0.7608568184705453,0.2123160329863842,0.7240310392425309,0.6011644453411631,149.09455474502016,45.254401767223555,-0.6870754610381433
0.5075653626722276,0.6991877734196281,0.7687548069932779,0.6801872649028963,0.8618736951592934,0.58169469099164,0.501438706960661,139.90963458623924,63.551263060261846,-3.2780421190424267
0.9579398992141543,0.7530646329613371,0.9418456113609884,0.8699234863075188,0.824844485396707,0.6931270455226775,0.7750361019793296,138.8565244659059,-56.02351876847479,-1.4441679354402008
0.6609893372487514,0.5336303632843222,0.9773389253396938,0.7915100865395721,0.902275950507605,0.7139530768567088,0.8795639795242662,132.649753968778,34.073111655998986,-0.17285840840824207
0.6068477676994208,0.3934691440531281,0.8473279671898674,0.8819620082864091,0.8781182273267687,0.6904856500799001,0.8307567200504005,141.70744490905307,30.25068476769351,-2.8446240964590146
0.7119799719472459,0.7359278342840316,0.7392637287317096,0.7051523506294326,0.9585235289209062,0.914363959354806,0.7358983963023886,120.05533497350626,83.01006324572211,-5.0050126466166525
0.8096292571594557,0.5472066484676055,0.7263415349266054,0.6742358426173753,0.2425262297210029,0.8927334763170656,0.6756488137349613,155.8784359865589,64.59097764157097,1.1601465982364942
0.9736623301028202,0.7793945020357623,0.6922214707515792,0.7506450824459334,0.9313312093748988,0.8659266226062803,0.3338171984413794,135.21763138306795,63.937489346390024,-1.4249998442269936
0.5987220276785092,0.8880552140137957,0.6801720232432991,0.8184971633139626,0.5782467216148396,0.6341686516001398,0.800039357330816,142.72778512940752,-19.10813916652421,-4.437679533502683
0.956396763131334,0.3731002156690094,0.6947369890267072,0.7981417259762039,0.4326326324617726,0.9126831818453442,0.6801221083614567,149.75017597413984,58.08259912279517,-2.6272608491044442
0.4521548185607487,0.736649304632257,0.5477843822530853,0.9337561030226598,0.5676336621047698,0.8582744372985192,0.4953166172638209,150.7250030963586,97.37895262095347,-4.091315759298771
0.7493038355076145,0.5072516257467606,0.5417859873355952,0.7928523295542286,0.3544074121990627,0.657418535360571,0.5337956993847024,159.8788185378672,49.129949091629754,-0.7814057278374691
0.7934426760181863,0.9117503374209884,0.8838679698309613,0.8425729275333759,0.3014861710662185,0.846164061771764,0.9433548046679694,143.96401234378402,6.61868820619523,-0.893696312988871
0.4975604108033444,0.5213415318042728,0.7213104028964672,0.8631235492153265,0.2552334593049137,0.7776285010318598,0.7336140515548681,149.9680080656359,86.28669354957735,-0.7955338776463123
0.5168583929439,0.7461267434936647,0.9573140022949904,0.6768599725399148,0.0996633588116248,0.7592386815481775,0.6335770359336051,142.12027851288227,74.86075553651887,-1.783396087065285
0.6730560416345694,0.71010295161325,0.8022237646202199,0.8375854080452247,0.5051564735272027,0.6229744512453844,0.7312955717113352,150.267974918584,20.19031478819248,-0.9179596575278625
0.9796063660914862,0.6110414367675653,0.5212055131435929,0.7820983376190159,0.8881882614750376,0.7921168931240032,0.5916819859287481,135.6111223051015,31.53891049226994,-0.04146796434570632
0.7721890401421415,0.7882068228192164,0.5807881095837437,0.8070065642581403,0.6359553396913638,0.6178977123052201,0.6297156079589766,147.60886900703048,2.290213263651239,-0.14419240034174408
0.960999516313292,0.8185148140070091,0.6043082575563395,0.7024221560445312,0.5290577125392831,0.6446825835970763,0.5085031947853429,142.446828113949,1.31144519700279,0.3307601416023367
0.8889099469723113,0.7185358554724517,0.9792538912985992,0.9248020446902012,0.438603193864773,0.6314790849970358,0.609277589900851,152.8756296694844,36.18387995115742,-0.12038947803158839
0.700100229620857,0.839068458671322,0.6105829167357342,0.9767968836861258,0.4736645088504969,0.9735949358998488,0.7748755740796938,144.9255931837782,64.0163927091344,-4.040949641995486
0.8779294744921793,0.9806946574563284,0.755245595201813,0.6770024936852402,0.2238651393497333,0.6949076918510825,0.3397862352494225,152.442483710197,70.40633241710209,0.08615138573563086
0.4482199912711453,0.6255857662370166,0.9599887966081088,0.8656835371482943,0.8247154956625483,0.7241986090054884,0.8486214971152903,137.87201137069627,53.551656488130874,-2.997855627188682
0.4993794788705581,0.6855804181825205,0.9799633001328004,0.9186192072907448,0.2131981407393652,0.710405189622973,0.5035638627892233,150.8418119256686,82.46661217708511,-2.1378180529857618
0.9029553943227252,0.369518145099739,0.6191814087406464,0.7625416950122903,0.7206213240195172,0.9503345475294284,0.7728320810821925,141.46879759525038,66.66950463393962,-3.882238548576451
0.8846831358935885,0.8627402906843162,0.527995037663416,0.926344787367547,0.7630785294045208,0.8107149466890632,0.745988514486299,140.1745619400881,-6.34186425831065,-2.4089157703282282
0.5685747813192341,0.6891350121274042,0.578878352996317,0.8757780469494013,0.5818262680158305,0.9590416881589792,0.7526617463275869,147.70674953163214,106.80016211808748,-8.153580560811331
0.7356165589489571,0.6184659232684919,0.5349156483742088,0.9724825590531876,0.8638713187619149,0.7011790853937019,0.722674773371443,141.7782453674539,6.4078479757796885,-2.6565772523701603
0.7777770680497991,0.4208837372781459,0.5990995733778689,0.9893735448196996,0.3039313923984268,0.6241035819974311,0.9591875958088444,141.89238240718848,-7.066295144843892,3.2345320113661895
0.92442070081581,0.92167568112368,0.7809657869541663,0.6835439871665738,0.8821720529811345,0.807905161617512,0.6554320539649618,130.70018168308744,19.78176917969482,-1.9826228852775334
0.776147342175822,0.6103117240740629,0.948433304748458,0.814714588016964,0.7331421241977562,0.7201729267216324,0.8063637781930961,147.29633527061875,21.49382910565155,0.2502027344406428
0.6693901347533016,0.791329490664647,0.7656980776604605,0.8479640689695078,0.8010342532171941,0.910215021426856,0.7882568299827077,136.09991043400012,47.49645615557179,-5.82092654154809
0.6478815803515484,0.4556944887604102,0.8089289836876987,0.7175581872990591,0.669664510181976,0.9424945697696352,0.4720857125903094,145.44146549065124,111.03530902479105,1.038040171251978
0.6768480256877889,0.9669298825196097,0.6023833882250808,0.7793141043618513,0.8476340857388522,0.7730736313499121,0.5037837479516591,131.51304059024605,56.80433089663711,-0.9292931501187316
0.803503385642208,0.4739915061053135,0.8939554830610195,0.9915378187548468,0.9913268691682549,0.9807785125046352,0.5986059263572366,128.9278926069706,111.64750710950885,1.4524382728735814
0.9242815658328944,0.48727334642149,0.804935306052782,0.6750351009746792,0.4303490809515199,0.806570345666032,0.5000047033651434,154.30657514903436,64.61531370591679,0.015569730685312422
0.6925447329859619,0.902367772163152,0.9249056008444256,0.8171810669417271,0.8158835700769401,0.6891009904000438,0.5600102559577794,131.53541226538306,29.271882497433324,-0.6729096124112914
0.5770906900843275,0.9361069806159436,0.9661571652643316,0.944296907894373,0.7479948131464643,0.7799037743518996,0.5763298990660839,131.25255003983236,58.59889159140398,-2.4812899773748405
0.5708280980615658,0.4952080037973477,0.6735010371685605,0.7752790201778367,0.4623737308705941,0.5918207828172336,0.7198011194530833,155.81518679694318,37.777375733272095,-3.0281415634039677
0.8562182912149414,0.6573916488164738,0.5481865543622724,0.8260727581934304,0.926557674532936,0.9110871435752554,0.4610492574148578,125.17182991101942,79.95837985718629,-2.5310790205051332
0.8957500116246435,0.8233775948995428,0.6141013275964293,0.9884094353775744,0.4051493325875905,0.618523694151545,0.8548646090793497,147.5774868005132,-36.814639610421125,-0.3391484430530005
0.4972134032423658,0.9145685971905504,0.7173017847060585,0.8244692030083545,0.5726194026574544,0.7048534126194745,0.6077162531472965,144.24058267574566,40.61423617424971,-4.015206746982095
0.475518998788902,0.6002689089849524,0.9646233951984792,0.7124031600958914,0.1226869385863534,0.811693801306102,0.7887924147969476,137.19481108085753,79.26810882355579,-1.619161783170282
0.771287578376082,0.6871140667957581,0.688310101831161,0.6865986305774524,0.2400186456826825,0.5941797396927102,0.3677525342392804,163.9200741712459,82.31361370525183,-0.09207042318774428
0.5201269890255147,0.8285527386634289,0.8794379531111396,0.9777783447801782,0.8421050992724677,0.6093132260380625,0.6295694579860559,130.68329053319138,19.275153668182128,-2.259875186267421
0.9002858843802364,0.8218927342028453,0.7672846152784767,0.7563517949053923,0.4072317357876439,0.8661616204379907,0.3318867761733958,161.42853408775045,75.97552886892322,-1.1139825757639141
0.6121067392789277,0.8545141840387125,0.5931019962860063,0.8339788029935409,0.4048146272581226,0.6061734906350715,0.7683509281176204,151.2687123912113,-17.236512533296448,-2.0872329696338534
0.5188375629297477,0.7204217449303322,0.6602710013067383,0.6992990083801104,0.2598027373862679,0.7749514226856588,0.5444888163023818,154.85682898238042,86.6949479418561,-1.4573992143873324
0.9542463535571388,0.4275202626282416,0.8221763914146041,0.8077803737589714,0.5003053214451576,0.7173240397963275,0.952550558273664,141.7080157167088,-12.89059354201909,0.9915256722990486
0.530973556483816,0.9306876379063912,0.8317514554282496,0.9727897662505786,0.8079538828320539,0.6712610941878125,0.5312903405592182,135.96441459450386,34.929078889064876,-2.430578804680489
0.5977548678265927,0.9065157391094432,0.7158009532116741,0.833440909962098,0.8954362010612322,0.6548955271004329,0.6928064801473997,128.63879996596552,-28.375453665773648,-5.039345231113721
0.5242957102159226,0.8640425762923235,0.6154243209873724,0.986157856707172,0.0876068078114901,0.8941846610831766,0.4863180083739706,148.30562471692312,85.42874412749404,-2.5905576664217973
0.5029351840655826,0.4245286586518011,0.855640226325532,0.7540796305427958,0.5817789655625062,0.9725263632230025,0.7307503300192537,144.2109863777468,136.51167824770317,-5.486502598890645
0.450075276802904,0.4903296307020957,0.5863153609866303,0.8341356287935011,0.4764763119386541,0.6346578065092209,0.6275996838482714,153.7419707765217,59.75341622747696,-2.638666453307499
0.4692641121114658,0.829738620652472,0.9602287685521854,0.9497954257778084,0.6204164592275334,0.9759156265202164,0.5626283803465558,138.1053842747325,137.3170342554073,-4.388118263688879
0.5360777540150596,0.3762346646032282,0.5955831444467213,0.8157945339812835,0.4568960190482028,0.8239557229688785,0.4501319713690889,156.09111544386218,116.77136023712627,-3.059713961286577
0.4681359599668043,0.9780556650790434,0.556335595944436,0.7608082864485292,0.409280167908809,0.8434850053572386,0.3880220088282796,152.92875918254973,98.66213804586248,-2.1340227246357717
0.7694442747127412,0.5990678820279971,0.746427095887823,0.9484741043278032,0.4809874927879033,0.8719124062909316,0.3936541370520975,157.31518048077533,104.46574682931778,-0.46744261086534333
0.8196307991151753,0.8144503000024637,0.757093217532415,0.7967790009003926,0.5888075368236045,0.8694940450335493,0.9861010439820264,142.97226770364895,-33.104095721010566,-5.743765599955827
0.6587774177785786,0.9203630385133446,0.7515625654232801,0.8426648438203008,0.509482569138546,0.9176707416701656,0.5907172638863766,145.17400354323522,86.67609629240049,-2.278192948380079
0.6163966378202598,0.6100741945638959,0.7167300149754084,0.9879146260905358,0.4812457266733964,0.7776105992260713,0.3141706500535017,168.9878791891321,97.60112861726026,-2.629615369839879
0.720912391765727,0.5625512834912825,0.9885452117394096,0.730506115527545,0.8197213865731673,0.7983858282345313,0.9550277168462108,138.67682267957443,54.270298073694164,-0.2590683920623078
0.9284918386272898,0.7448495578785899,0.7408913759280036,0.7679479673514855,0.7490407489210021,0.7111324260779439,0.3263342881883573,156.96781256113954,62.087897433613776,0.26472980233036214
0.9151156052882716,0.7273808212073221,0.7368327410316898,0.6798699240843783,0.3532090939729939,0.620115482212217,0.5949461150756596,159.233898596162,38.58768233469011,-0.2765776305187235
0.4625851342558261,0.6192077765927984,0.7094730893234924,0.7974137680381839,0.8028234040991854,0.8530542761223431,0.7963624025206819,141.66579697893997,88.39545484195737,-8.023705258818293
0.5399197009726584,0.7404644753724323,0.5366188055650065,0.7349698322034525,0.854789213720943,0.5902798896404124,0.929198290688516,141.10032331973406,-29.715913284830307,-4.581404553471902
0.570874327404665,0.9504578993903822,0.7928421021546793,0.8913128926499506,0.1692443348655543,0.6910642739974602,0.7932684315546501,146.6520097239926,8.94492126587837,-1.843365947816061
0.5779580426555312,0.6560316085827871,0.6150942207074487,0.7288243093268977,0.5894766073918386,0.6155233015036083,0.6252973165386799,151.4897685283105,47.303708751897936,-3.479144827725281
0.7582880370457181,0.4855109648750713,0.8145875890549008,0.8896114244571003,0.2983128035674936,0.6557068237173342,0.9695250149929576,147.8450576801988,-4.082985045712064,4.611513616262458
0.6714581238854822,0.5991064697750169,0.5288306331679414,0.7555913463756395,0.7427002386450973,0.8422651024763568,0.3393667180475622,159.58548357349866,106.48483128363948,-0.7066179876446934
0.4658231439672017,0.6097450442298322,0.9820059395208623,0.7854824447090816,0.2527572357108416,0.8379950013774042,0.97791490247124,139.74933893041637,43.433665427139296,-1.8548135402626402
0.6475622622581618,0.444197033281576,0.732478271162023,0.7834111762199752,0.6763458993640402,0.7516201930007337,0.8852562812687177,139.4567953971413,48.579036753637176,-1.5064791954533312
0.7316851301783476,0.464190583875032,0.9407906797046136,0.903275800197512,0.26875553084582,0.6138335107749326,0.938855478754146,142.38590827910912,29.850131359515906,4.97232254909815
0.4951928600745157,0.7925761289148772,0.7356710586395581,0.8217429178744651,0.5194310522673347,0.756750087680446,0.4845557160520152,146.62734165695767,72.52445242094038,-3.785434115931251
0.905213371575364,0.5753579000642254,0.5334558017951163,0.7874637498864906,0.947802276962399,0.7231744410667836,0.4088695798956739,132.76775987999795,63.74470868977184,0.4410349400918183
0.4673402960209897,0.9627431664350816,0.9044891564190708,0.947544668558598,0.3923047462322735,0.8762984773821481,0.7598636323676928,141.3398115682162,68.52984686699088,-1.9421517872069938
0.9564154994192348,0.5150042364376757,0.8197374429846441,0.8560973486632677,0.8764160176341959,0.8174029619687685,0.6604964303311471,142.56324840608727,34.5167925811404,-0.6490904342622117
0.4937591845277685,0.4239382388112912,0.8847870292806426,0.7394163636962758,0.9853010387399485,0.7809824102947946,0.665421480777977,123.52947331201236,95.64132711204897,-2.3214063899835673
0.9108815955027286,0.8359729587687348,0.7125917106089396,0.9630106611224396,0.8755469070833872,0.7790736664967718,0.935950500759568,134.45975720710683,-33.541605603859935,-2.4513480770865983
0.9439831430758454,0.9162494668720692,0.8147472086112717,0.7813877459384452,0.1813598949209656,0.9786705312183622,0.7307289530729416,145.68033206116704,52.24197109373455,-0.8039138222539932
0.987080086271194,0.5367312080846816,0.9210545265536956,0.6824470522256617,0.8215062487009571,0.8912209611341546,0.5224892421698157,143.19161993039359,53.48156899213053,0.9569014636339852
0.8876016252325443,0.4888760307554844,0.8114009167114558,0.8308953884697585,0.0504341704669267,0.7832368287322313,0.5824661905726518,145.94404408011695,74.61776131764844,-1.1886496353113591
0.8749677767125769,0.4786019368109434,0.6733904205936843,0.7101279064588605,0.4040487476028217,0.7758424586322782,0.4028301281830506,155.89601680934945,84.93596360323319,-0.02640927610208843
0.7982098057272771,0.6902568648485434,0.8267238125557259,0.7474430314658016,0.8715153708230169,0.5873104448055482,0.4424664045283657,141.61293100963283,46.42829691223714,-0.13766185319905055
0.8746981677919654,0.6565203149154875,0.8312648467061616,0.913167273038869,0.6933324891624858,0.9687648593955108,0.4094706773986477,155.60267963388372,107.96581877804257,-1.370060056510685
0.5136157155160297,0.5249768974210802,0.9718763684242222,0.7123479347684608,0.5405769543902336,0.7091948052725976,0.8589075216699078,143.30246333159616,55.58750939287414,-2.421445621863153
0.7385852811432725,0.3901036636782539,0.6847075532363504,0.9326619067376456,0.3987243870183898,0.6828624541082071,0.7878687685766076,148.4430800910244,39.36739015337979,3.8845269579697765
0.7263454213060276,0.6647503700611855,0.7110878221823569,0.975005888014479,0.8142986188376878,0.9924590871453088,0.6702579392930985,147.79017611975053,114.70112041278382,-5.26647838111341
0.918724231101037,0.9655341829135056,0.8995750883704915,0.867364529333629,0.7137044171738527,0.8755616277662456,0.5651483945764204,142.26461855112373,47.0929721392763,-2.2551659257782184
0.6975327999873797,0.7724062873561213,0.7503788744793234,0.9011930056375984,0.4775846377639577,0.5960072657835559,0.7633536523136165,147.76718993130453,-15.458347842679402,-1.026973556213488
0.6539919122167109,0.6735724471388822,0.8627826530265879,0.9022445484260332,0.8928123524075493,0.6020544116347102,0.8606690423259793,138.83073904285314,6.968048365305634,-1.4630207283293355
0.796573725261486,0.4313455023049216,0.7279513499856165,0.9932191927690368,0.2441043749888288,0.5869033774937391,0.9067136682834718,146.4081326088805,7.405836665827721,3.3450461065518713
0.587525591236479,0.5205684137806683,0.6090201075466842,0.7810254280737094,0.1857909193424044,0.8259780294216794,0.6814922962087535,157.29713232167768,76.44897907257177,-0.4176104802625995
0.516538357014462,0.547218454932377,0.8669857880834135,0.7228081561544794,0.648343068700864,0.606084962395203,0.8653725564019303,150.4903000360063,34.288490149390306,-2.661697357198504
0.7059809613735577,0.8430852683515853,0.5679469320529513,0.8388997015494437,0.9706628389963406,0.9649667202247972,0.6574279386571442,118.4857984811103,81.73001322264393,-4.921976019924427
0.6718094003740911,0.91352687386255,0.6007842960605472,0.843488022810129,0.2610516693395296,0.966431766421023,0.6326455041592507,152.81645101334885,93.5187145976561,-1.5799006256353447
0.5685351112301333,0.929220081557558,0.8093358323163774,0.7277136138912287,0.2634150944384718,0.8036724954205284,0.896065484245884,147.0366450810438,28.772574822579163,-1.5824092868533133
0.6441431239258221,0.9814195058009249,0.8679918997605098,0.8695075217113992,0.1555430443576168,0.8330655321781206,0.5732390393090618,144.5124617817755,67.14178787581365,-1.5756682535892785
0.6435159456660853,0.9800334727251424,0.9397838242337426,0.6743490238154779,0.861557815439104,0.6978350128460359,0.5796669852736867,127.22426305796586,22.886271065698317,-1.5385093199942
0.6217219967961083,0.961547650811072,0.6368233329307859,0.9719957158105836,0.2406280025238802,0.6029235099862497,0.5183432165312889,152.28384994950488,40.842851016924214,-1.4344213701115502
0.6508399879556606,0.4068782702493894,0.5579971733588005,0.7559493686235681,0.5116320645871617,0.8833781765931282,0.6624117863636726,146.33542661126327,84.27283399047776,-2.9616390412506775
0.8224484493077074,0.4484049026471201,0.9696652619293348,0.6826362959234036,0.9891469531645088,0.6186698321442572,0.6800325460477256,125.3221590798518,14.142426429501121,0.24665077283508774
0.6045661018870885,0.5533195852083461,0.5792783006081579,0.7050163131000506,0.0308432900731232,0.6119120034831008,0.7579402950937304,143.59005421517764,28.453161707820733,0.5731873070430438
0.9698717113484432,0.7096984667076565,0.6003378765304568,0.7480237990907413,0.5638270022419909,0.7058838972367489,0.6029761660187136,149.05316562540352,-4.241870836027147,0.24296032051048488
0.9516563903207808,0.4227129134545325,0.6459510656407653,0.7589898433337258,0.520552427473979,0.5814749501538671,0.4596659544092265,147.07512656608907,35.81025244431204,1.3892086585162549
0.7076804395839613,0.8940677182831942,0.7618861070168795,0.6804369732031589,0.8095502681541362,0.7570256333211937,0.8970157911436916,140.39215515779077,-3.273280740385765,-1.7558515766436442
0.6222070157533923,0.7498947451190823,0.9340069290061844,0.7607650958966928,0.3668219574175986,0.870977345699281,0.546032528742356,152.80730154245123,82.00906046489231,-2.2810214396998645
0.7382304729532839,0.7030677840148637,0.874457358560147,0.7326103759848441,0.4207325778617511,0.9099826991563884,0.9348212443931744,150.72116427232956,62.62168643932825,-1.5608342659353949
0.913674995055024,0.4657263650178668,0.8489444171943217,0.793107535379306,0.1833886004008485,0.8279303805411703,0.4526010484136107,152.90732083350954,78.29991110512688,-1.23820097209065
0.8038711193300694,0.5210840606972043,0.5893870970122589,0.7952405875610609,0.7443088578305755,0.928940389178422,0.6902805023293785,150.25102757002313,76.13910880649287,-5.006092832826191
0.8889272671721629,0.4625794856022555,0.6782647555591551,0.7802009449006923,0.7872863942358765,0.7455601357999051,0.6744832035805584,142.14594234524245,31.341370699017045,-1.1284185572298546
0.7367106498194083,0.8979302365727154,0.7370559530897589,0.7765896524095819,0.1527666998008024,0.9297307075291792,0.871277562045021,144.26491126728786,58.27322955293508,-0.8786830917149016
0.7928501679701814,0.7294193324406495,0.5758707285421709,0.6989828082285195,0.4042006987873149,0.7871902278813807,0.406439114973338,157.91239869479602,82.32425063340816,-0.17043248985930437
0.5996797984364457,0.8244064686036026,0.6372339697140796,0.6779591292229361,0.893224230657308,0.6691609653014373,0.9260566247378684,132.3514640150407,-47.947050509904514,-5.265527881243036
0.849987121982898,0.5480108958223487,0.6542318132179605,0.7355989394483269,0.0216065598418416,0.9694462841729254,0.6709878529886789,145.56303614276405,91.80061828050702,1.130985852950154
0.5516334484888313,0.595359051659001,0.5660578912372425,0.9162750820664768,0.3114792155554033,0.6907876964859777,0.7078363017426011,158.38328533027084,37.24423934845282,-1.0841259000908503
0.8275218500063319,0.6165105141390093,0.7720391508690021,0.992568150924596,0.5624133316382932,0.5871948391417812,0.6566599471294559,157.35929884375645,8.211548817959098,-1.8467454360019158
0.9204874546716586,0.8400710280746884,0.8474204346944705,0.9722751914245789,0.3460765030671076,0.6773386101697142,0.3371466440322233,162.61732152679122,70.69524798836251,-1.1605382199570295
0.5122433313726177,0.847837367542946,0.5381313531492999,0.8340294506792767,0.2853229015632982,0.7289804730547023,0.6478485707613126,152.30855761378362,30.529796442124894,-2.1063630030814373
0.7824633774920182,0.4918505172234791,0.7383796920370664,0.8430234248697613,0.4693914550314489,0.7225934549148963,0.490470501326347,152.38312117264314,57.59427564983336,1.247094222328553
0.4915082365578224,0.9543338171972134,0.8850081971011712,0.7722425194724128,0.1966901815105849,0.794766678740058,0.5438001829673478,143.9167556403651,76.90012602191017,-1.6603074292453843
0.8448449440046835,0.4376170200530753,0.8683426965258663,0.9219084358067112,0.5375267876361031,0.9440367746348756,0.750285350372213,143.30316971387094,74.39778536283193,-0.16066178178852653
0.4855676327969253,0.9257455831679056,0.9010117904479452,0.9189165532469854,0.7109016797748666,0.6980198312456002,0.6482572557932462,140.00009916864082,26.230039508148312,-2.607056520309492
0.9626336897073952,0.4248642691343363,0.7223660823442357,0.9448239913222012,0.582243289085165,0.7931439261975237,0.3756879369523654,156.33269770087622,80.88153833172841,0.6923967881253126
0.5152157781023441,0.5281871468316942,0.90368246639982,0.961516242836433,0.1101217611268256,0.7179250690097995,0.3620911486088068,156.01291864353666,110.20045918890041,-2.16722424803722
0.9754872229695872,0.8944967474088094,0.621320602016784,0.8112646863695641,0.8457400574312713,0.9184877398135896,0.4379808423541685,131.3450954866164,39.25470602438172,-2.38598060974976
0.8869619276720815,0.4746526389912155,0.6797880429087259,0.9196069172614332,0.1902815226299792,0.6419126020017488,0.4415035049376415,155.83437534207764,79.34578903442585,-0.5973969923831612
0.7708664232125824,0.6219950149674603,0.5899593207320628,0.9324841758268012,0.767804770448448,0.6193878587746245,0.7227905729962039,145.86246269456583,-5.8940482735030315,-2.0789565998341755
0.8767307983816065,0.6448391327062803,0.7317377754369604,0.7702478943685316,0.3719952508678628,0.7857418909691963,0.4326954635662643,158.1360652167892,80.19711304756572,-0.4003804434988898
0.8837293645381039,0.5160505492637828,0.6950063854770099,0.9725084977908696,0.7853794822585375,0.8560722452573728,0.9070413127407604,143.59158029286104,37.3927316651267,-5.292753839440017
0.968285576561688,0.808742738792001,0.621405361221968,0.700484890982702,0.2209234034153511,0.9075575741590618,0.4542232927713247,149.48129051358285,51.11924670268182,-1.2842978661730375
0.5801968795354918,0.8975534969593397,0.8701886915403756,0.9936952815182052,0.2017219168808825,0.8218162961555132,0.3742817110606165,149.2349166533679,91.29057267135568,-2.027957061227867
0.7688459180568507,0.9121825539556908,0.6569168953388905,0.9206544629996892,0.5056078017492673,0.8985314606837885,0.9030159670765932,144.5766472002921,24.61037161734346,-4.1799913435125315
0.4914821541912343,0.5752599500998918,0.6369294164599415,0.7001360737775836,0.0512043718783079,0.7398167936112661,0.5118849282585001,146.14720126605715,72.89246497261942,-1.9773269447378563
0.7834640516906068,0.6958201280397485,0.5678179570125318,0.8835567609418409,0.2395507641105086,0.5899707806048832,0.5995530827993338,160.21315689702575,41.450535893322595,-0.48543006274969924
0.5342006534681375,0.5180317443370339,0.7177791064535186,0.6808831486801717,0.7278565872221205,0.6246302022331218,0.9591367490030138,149.65361385421636,2.4458196410683044,-4.040439095600309
0.7547682060105448,0.5157594400226839,0.6516173420366078,0.920685816644526,0.8388615489758904,0.592408898207761,0.9492596125823648,146.57124236006035,-17.799562278514856,-2.2512246938512037
0.7589592000256673,0.463172464727017,0.6839091339826604,0.9301461865995744,0.0980550178843357,0.7132631069806318,0.79463680613521,137.49935426541734,34.899951880524384,4.010671575909864
0.6993177986241587,0.9533771285770312,0.619004545289496,0.8660215675680053,0.8826229299474488,0.782617102653337,0.3593266846348539,136.23601016411945,74.2018521820467,-0.7671079914630372
0.7310569361408639,0.92062599096701,0.8757281569300589,0.9489253680877668,0.7998273566146843,0.724662152496735,0.7127089371326489,136.20075371166254,-15.391317087159962,-1.4941503324821845
0.8662527764528577,0.8509882926937979,0.9569822896946992,0.7016388570325374,0.8704881893761994,0.809729512367252,0.9793878188461038,128.57844589705942,-54.51143976792298,-2.1945168717058783
0.8860433374628915,0.6875182044971699,0.7465654758261575,0.759647232623126,0.7028068680703975,0.776419841505672,0.9509759853076788,148.07934033630173,16.7447099066718,-1.7816446186311863
0.7139797802234229,0.6704889278712771,0.817212222853635,0.8046924250667724,0.679038054502713,0.8585937658446086,0.3843029779507275,155.2363701294615,106.78396622211997,-1.4261170515510309
0.7741786050385029,0.6951247412340968,0.9263838496563664,0.6835804259912694,0.5330893712903415,0.8540211948437353,0.5797037952021928,151.14076351226262,67.75998007901863,-1.1211563856857587
0.959998267006514,0.6994191647568981,0.9905003736921492,0.8157827176360344,0.6581181558274329,0.7087326507137,0.5255034369741834,145.28162776688,33.055402786001295,-0.28873741036906053
0.5053128336464054,0.6352107126384011,0.8028546554898628,0.7561576228214377,0.918881960597046,0.7204550369409527,0.4002911402090883,132.81705665136394,99.24804389575556,-2.0895394406831262
0.5038392303621395,0.4446037552027018,0.9373934462997114,0.7977061230050554,0.1173797157239208,0.81995196525165,0.7810793452193117,137.22051914970206,95.41386402941039,-1.076658664250515
0.4873694436456475,0.4407697012653864,0.9465629748378804,0.8082519954305767,0.3281296888988894,0.8246511316191684,0.4974105666452268,149.87874358986505,117.16622263368589,-1.7206564949965137
0.8068272342740883,0.9610759196790494,0.8895081767107899,0.9562729448338324,0.0898984979900082,0.7073317124448006,0.5452676343580294,147.64568795696508,45.86689148019542,-0.7798267147417821
0.6727725191426279,0.6650899151803527,0.7285464225819203,0.7578282465208085,0.9440411558467252,0.7138353677458342,0.3737610942314777,129.40263121867568,81.02229606049714,0.19550721405521498
0.8720787969048862,0.9616775672749636,0.5435965947761883,0.960942335609906,0.4549277551179118,0.8652990686263491,0.648439492068799,150.61852459161753,43.95692398572697,-3.7543496264273495
0.8143174047816444,0.4646345935500104,0.5117722051608427,0.8085349117271502,0.6802045911222941,0.8458796013399441,0.4194560578413141,145.94947948758968,85.93984175445745,-1.311895724123094
0.6251634718325886,0.7106541809454947,0.7364694680799453,0.7765518047562556,0.8425201458023474,0.632522007993358,0.6040463602581445,139.13591906358678,38.16664533602548,-3.7661059770074443
0.9415813603779823,0.4924193802951299,0.7448038581267682,0.8334731838464036,0.9892720564441896,0.7599431904197896,0.4094653887349316,132.30361675126574,70.82478203749655,0.4995724144420657
0.865473262178411,0.5210394516552503,0.7024585664762601,0.8058542065166526,0.1773615545877326,0.9480257555781886,0.9556484251326784,149.48536775453476,61.82717641621399,1.182189135550526
0.5898069243421232,0.3805870849345168,0.780769837838538,0.7536028568351396,0.8017811106058045,0.5914024392539925,0.4105707577886891,145.07339721651596,69.35529385414732,-1.8068766156456
0.6422830422299645,0.4365456551563487,0.7729756484998431,0.8335276847852047,0.8878565548041181,0.9323924143797144,0.6645583735847731,138.45725814369013,105.45637181830202,-5.812561214995333
0.6144069449178734,0.9387920631191574,0.9115016436682036,0.7192063249899474,0.0668110504567844,0.6442348349096088,0.4456105729837952,140.958769121813,53.93511837094247,-1.261468156431338
0.5265359340785775,0.5640623141453422,0.5569904782966978,0.7844111988099941,0.7573071060489022,0.7875130884136068,0.3643287788320422,151.6040055076875,121.45656991129744,-2.9647528207621203
0.5210291449320799,0.744464378037016,0.6137354519689133,0.8540901927833475,0.3662773483534456,0.7529866859274102,0.449201528063247,155.88395329532122,66.61418353904895,-2.2631960892500977
0.9627388248933096,0.6543785571088515,0.8902647196965913,0.8044417826263288,0.6540151847903369,0.5805020558463191,0.3497813120248298,156.92426320962628,56.22127350181793,-0.130273088746782
0.6835839321444647,0.6137385305172447,0.9169675949661238,0.9381903887671528,0.5222748640677418,0.957474710927522,0.4068070497469939,156.80065325090735,142.67441342723203,1.916808380040702
0.6530003631631919,0.6964720622717969,0.9885497509215222,0.7533908970630238,0.2732767492195758,0.7657245112467489,0.6454182281410785,146.71364322368876,82.84582099602142,0.06089156828954234
0.8470693825029525,0.479529017835189,0.929179076308,0.9857135834906974,0.1513548373368546,0.973661562336332,0.7521142017779965,139.71689553210624,91.04492357119916,0.7778312648368888
0.748068385494137,0.9839595766078588,0.9374516619845812,0.9254215682776132,0.1334621228388923,0.6956902350296478,0.3717266159490868,150.97888210680358,70.03105402412076,-0.9344029867094188
0.9627458417971888,0.8767643204911642,0.65716096305681,0.9850037771987168,0.1201221130339328,0.9370196151128825,0.6100628752849669,146.9659165685041,46.71885942042115,-1.5429375861604648
0.8754294381636472,0.8284886731882267,0.699682325790149,0.9428248516489404,0.6434339900748642,0.9603865934484545,0.7045596650940891,145.14529838930767,44.911186844337784,-4.937284465550761
0.7068170924367516,0.6567360044577665,0.6346311756147037,0.7160466290292605,0.3630320575892932,0.8081608291196394,0.470709721012207,157.67364352303235,89.30811238601078,-0.27287213706627766
0.6491004751625581,0.4578994803390337,0.7993399678197595,0.8412758270201522,0.2310676949488379,0.6606833200900049,0.563605604088328,155.3937616374567,78.65518170055276,-0.39044637437378693
0.9910362929113304,0.9411950116786696,0.9612688262073096,0.7251286043924893,0.6963999801871626,0.8616355690168377,0.3612781791730566,145.34235853893352,61.500614722658916,-1.8517137258002174
0.840387532814028,0.5765597443749203,0.6719134862259065,0.9363381248757888,0.6914695538837087,0.8048901110309297,0.4612116872076706,151.3144924064979,66.73715668126262,-0.1995946429014459
0.9711809844501508,0.3932091711320912,0.7753322573227879,0.8600760523749283,0.5468706581369297,0.969606197920541,0.6274046473267905,147.0814662958799,78.91768309171528,-0.21302568459744964
0.504609650050454,0.5771996636274104,0.6483715187365288,0.7555828380841405,0.9343993330383292,0.7592062006725285,0.9803071523650804,124.61646507539058,37.06729259824806,-4.3929575868012565
0.9147805748618616,0.8617510714267623,0.5867667726493551,0.9726247253047277,0.3963257250408301,0.6880987703554821,0.9842310640039476,148.32770602763492,-67.91112453625045,0.0940189681599648
0.7951789200533634,0.7536416723261394,0.599129420703324,0.7072763687906163,0.837372777696201,0.633869629078884,0.9730154602827537,138.83167164018235,-115.17008339912476,-2.123786388325002
0.5065388217289394,0.8342948208685252,0.5322940870035748,0.8534620804711257,0.0925269032832169,0.8672098405909089,0.5979787403995496,148.74196900496477,73.86714320744811,-2.2639804199713027
0.7678273501499506,0.8612338742765322,0.9663765157689548,0.9046731592032342,0.7433452609807885,0.9819239186375148,0.3672389701458756,145.38970010864406,121.12059201981359,-2.3863759342129187
0.822646246434895,0.4950866453365411,0.7002754737217272,0.6889207325614437,0.9867725045086896,0.5880869326909114,0.5309191839884969,134.0758384076523,40.95639790370366,0.8675246930326597
0.4451192327014833,0.9431573398067414,0.9102879786491118,0.8645377321154772,0.8478839585616696,0.8846211563399369,0.4730606775494881,126.46654966577523,92.15197529815634,-4.031417783684601
0.692780664238059,0.6373675832293739,0.8358792661038021,0.9355802333205718,0.5865218507621915,0.962277474246158,0.3223898466593038,170.7159045909267,142.73904657416148,-1.0469786410455584
0.9006978850440353,0.7639050260385587,0.5975396884292608,0.6917484127017809,0.6326401047589383,0.6074246037467262,0.377046068449214,151.53511455751718,42.42350000847313,0.28213915581151827
0.6037158741498663,0.3631220929305842,0.5895242732439505,0.8366436690390673,0.3648715437704403,0.6221611312763277,0.6182661981008302,154.10614856462908,58.45333790413181,-2.6492748043774137
0.695150803056937,0.9869587217213796,0.8995094610330561,0.7539889042541573,0.6842589137461993,0.8644296165858725,0.5417612200667224,137.98721857460154,75.48744511006628,-2.207855447012658
0.6860549082161421,0.5384830252978692,0.6329883482849046,0.8857380317039699,0.7732716176359312,0.8461096961527645,0.4344066126091941,149.16459103641606,96.32121690037921,-1.4150578436833416
0.6073961337229742,0.4007353076317738,0.9488406215361054,0.7084138929485021,0.9963494230720072,0.6049451821754557,0.7954340582940995,123.83180782127803,31.501315874767982,-2.3718296583829943
0.952829590321389,0.6501283578165378,0.5722813054637162,0.9750528518888186,0.5011401091913446,0.923755340547112,0.5535224964358394,150.49600904283938,63.693034761873335,-1.5327644107764682
0.87598555979021,0.4428886064090815,0.8341159249371033,0.9612634114764124,0.0789803299618468,0.7942487916368334,0.8869250073181201,135.26267704311456,44.54840322231267,3.943919574834003
0.5001887850540496,0.4575530157031594,0.9007199729957118,0.7303403162014033,0.6023770998941901,0.9540602384341476,0.4752593955014551,145.0556706554205,153.28663817422785,-3.64620161639833
0.9968651634882052,0.7596682055163242,0.6186437429879448,0.7750720040583995,0.1354956906863688,0.9418980347194066,0.6756816253476172,147.16185672361144,31.80539862640181,-0.6202141414750817
0.9308423456983544,0.6090025338968081,0.6385866778987039,0.8612075527596923,0.2586121423612728,0.9146294761420032,0.4369575735889726,158.10143645430406,95.55276561131669,-1.2856035234645447
0.5973001029276409,0.9419419288015952,0.9737911969966846,0.903702809590502,0.3408734665118595,0.7911152419715451,0.6466422990849499,141.1944292183753,53.33982073374535,-1.847947986007381
0.9071396995905598,0.5625663944144319,0.6329327795459991,0.813971159834739,0.7347277376310105,0.6811016418317092,0.4156140421136676,153.62984786642363,62.32252955319613,0.732652837154633
0.4978529595111278,0.8187732050803256,0.7134620620923162,0.7206691026595512,0.1989275048306333,0.7869829306457748,0.4217544934022419,150.19228719380638,92.16306375797208,-1.0427192287452982
0.9980250264623428,0.6519143924057201,0.7147080608332796,0.7036811382091767,0.1812491722860535,0.6182639834465312,0.7254339391552365,154.08314075935317,7.78400388751966,0.9964595066223287
0.8112095981268399,0.7770845285589163,0.6273017225877009,0.9954860149323153,0.0629815486156444,0.8506415137881005,0.4906297921973721,144.80239062401043,55.31581014269199,-1.6213892704823107
0.8024914771142738,0.7391555680251589,0.881881633877639,0.8181077481169954,0.8739696173145326,0.6320749442102901,0.4290246917456629,138.51036059833172,35.318067492218745,-0.2556904047219426
0.4889000252848467,0.6592693938018616,0.8799620232175208,0.954031339260856,0.697986492559024,0.7891472627888203,0.9394203452792518,144.93336755111613,73.42829564652365,-3.229217673323504
0.9408343964714554,0.9596982609479104,0.6883140912242969,0.8269125482685501,0.0580685018943202,0.5989297936810106,0.3418491943147174,147.55237615942931,67.15870613765529,-0.11091536413706571
0.4544744697340391,0.5773947760961248,0.9107773598395936,0.9702653865850333,0.0466575854999219,0.7010073467982318,0.6937109686766232,147.11878429342806,50.57482362002149,-1.7687997854461135
0.5731621395618502,0.4732322082452354,0.6078414777613449,0.6983403342728408,0.5659695363547723,0.6729272175141076,0.6823330351999328,148.72860936033186,32.641547699363635,-3.1324133717911886
0.5183612750179798,0.7885047465183626,0.5061718657486317,0.7068961870652433,0.2955931846750628,0.8344782875840372,0.4817499927941916,152.69766823231717,76.61107032650858,-1.4889854327188694
0.8734495861182879,0.8942002856528747,0.7822308291664797,0.9726355475003584,0.6032273745087319,0.9039186817184448,0.617983041476472,145.30697426206592,55.19341160126909,-2.8440207477940533
0.5492799808791353,0.3870070918830883,0.9881862375345268,0.9784548917508772,0.4444889853830018,0.6001461519459295,0.3719947977136514,162.68703857623302,101.82559253957378,-2.1254231494701683
0.948457190115952,0.6446964888636338,0.5228945726190692,0.7722867907715678,0.922997136195399,0.9303601699128512,0.798918124067991,126.5786324053111,44.79382789488992,-5.36595167390797
0.805933977418518,0.9234578630101408,0.6053690701519706,0.7854651937140444,0.3007577075372914,0.9347259342581218,0.4622670255935733,152.61696378712017,67.4516862090973,-1.2974544294412669
0.4584880191935353,0.83352689604442,0.7567839970891832,0.8171622684656503,0.6839261572128688,0.7188120964680631,0.4431883428744878,144.17757005357532,59.37850260638334,-4.168451188618351
0.441268369624578,0.9859762653649612,0.898512355042393,0.8053388946625015,0.0718818914054609,0.8507072739877423,0.5250598451062328,138.39463958323273,78.14257928147998,-1.9100858544437893
0.4671699929564313,0.6961747790721313,0.5474380164560514,0.7316666446838852,0.9548657725078974,0.7439406019523294,0.9209572219858811,123.42377337401393,37.94196587007153,-4.6864234157133104
0.7777262806917402,0.7771124878937148,0.6965524162170554,0.962451596185459,0.979243061789038,0.6404923427754244,0.8495913695098203,117.1099998706562,-45.73974966703683,-2.153637037365044
0.8872967828044627,0.5520693148529001,0.8678974228735132,0.7522785105276497,0.7426045847640939,0.7964302437434001,0.9509598545017952,147.64878822918598,27.730190720648082,-0.5614137234347287
0.5718873226366616,0.958108552255436,0.6850147922133476,0.8995356530129938,0.4744584302769675,0.6122459872595127,0.7522131438535932,142.42143363981594,-8.48938601842056,-3.8419414399434504
0.914150328407812,0.5922638826360109,0.596037433900994,0.6916273277081464,0.2343575667155424,0.942098447602491,0.7595982806672155,152.64125147392048,60.35562821695957,1.2109033777962561
0.4702931215564817,0.826534866604847,0.5992805341845897,0.6823727513000748,0.8145134334668798,0.9611778710119652,0.6363524448534728,136.71893640045838,110.37904629102411,-6.865950456600811
0.8870065710561394,0.6154311338942968,0.7037668303548433,0.8827424908046718,0.7399408353592049,0.9184211447456228,0.922855133208681,144.67082435699618,52.98461745176178,-6.042528092065475
0.9580703815542632,0.7153137129904508,0.7375488648215822,0.7802035895354974,0.2362772456446783,0.8105326413939802,0.6571389771114508,153.52103550395492,44.90592129615746,0.4093762338179836
0.8708388420948834,0.8147461490194754,0.9237745972755124,0.8833057997944738,0.4607533995049749,0.8084798805599054,0.552137323924933,149.95793015410268,44.68199424310321,-0.15469897609735028
0.8293835357403554,0.6820246377141445,0.8168489219892971,0.7003805321229966,0.4720952713836561,0.9862954078674864,0.7444046965379814,151.62868489418167,83.30299644343393,-1.4961021502303444
0.9077468631870088,0.932647182677076,0.8402975226740151,0.979223273818238,0.8281176456807174,0.6795155133564401,0.6809014841817868,137.71052398974535,-50.809212524329254,-1.597538732346222
0.4607228280978001,0.6256037689304621,0.9827851663273728,0.913624585794036,0.6885273898100762,0.6079104972391669,0.396444449844901,154.02050838308537,90.26134766744528,-2.4083126397333263
0.5512846712127337,0.7689773423683217,0.7046408182300574,0.955248417827362,0.6486992551714794,0.8102881200275213,0.5775191584058802,144.37758542846706,76.68669853801012,-4.8528276994857835
0.5082208447229017,0.5771737023135501,0.7005066965586979,0.7142111891481564,0.655220130366638,0.7131972904935422,0.5240132677777214,150.6150186827804,78.96445609013568,-2.333909946036285
0.7209150549702312,0.6185888185206536,0.953740663688288,0.7740603744553289,0.2837806671837707,0.7105126956416485,0.8835326526117873,144.74054186250135,38.49540124300843,3.1499401082251195
0.8557553977880215,0.6386645975814709,0.6238152434482263,0.7897592065766916,0.3829087594514657,0.5792344766039976,0.5681638108159712,162.38095351972373,57.75813867172911,-0.4400470968532215
0.7912220550168151,0.4408598187885393,0.8594916129722008,0.844766144416081,0.063665022123631,0.8245707380249072,0.8664980068258235,133.6561455223862,49.13373331607165,4.568980280041755
0.9151153099760768,0.4194055765227559,0.8715485915056891,0.7664713222146273,0.789472030216875,0.6862332259584065,0.6109867413818597,145.0036457702244,30.540183589634935,-0.6035192094178734
0.5251919655404089,0.7818298213223772,0.5516972741757611,0.68950140253722,0.4429165441982514,0.654512273950568,0.8206374834333969,152.086324948443,0.6052783067887688,-3.7259792375676724
0.8498346807840325,0.7742937594558825,0.7321014958439909,0.7899332626056463,0.4480473147920528,0.5931206995917004,0.4040337366938201,158.82330160769564,48.66838196461708,0.3553767819603073
0.546387296523731,0.7789467437159008,0.6017479662765151,0.7526830801762946,0.2591910238697885,0.7280118835910744,0.9359714187150928,151.19473743924385,0.1420382492009793,-1.5088347221935738
0.5899323254514526,0.3741110731452174,0.594351871037271,0.7954861071731797,0.2240119438433824,0.9423052911068572,0.6367088529509235,154.42138216054153,110.46921413341761,-2.4628472664645362
0.8359860696264256,0.5672183540305087,0.7299571114895009,0.7339194395176057,0.5945088051578984,0.7164808593191646,0.4879425050632394,152.12436187042954,48.11935919651245,1.0288940281447343
0.9874353753080644,0.48618302273195,0.6450258981254069,0.7550768662212689,0.2466550013248851,0.8590649082717021,0.4756047214976354,149.93022248089807,61.074759750619336,-0.40795499601370433
0.7808742895473842,0.851487274775538,0.8917527187655221,0.8740177601526764,0.0818244875737786,0.8913262081452522,0.4914999343404181,148.02779791843605,70.6403985451121,-0.9710935899048428
0.4687625902946951,0.9034048401577957,0.9460743455260958,0.7962135043359397,0.7704439275808959,0.7129121299683159,0.5599975021405033,134.69630955984982,55.56404564505067,-1.9948150899816564
0.7835443259057875,0.5169452723395005,0.8949961846567689,0.7822782313624185,0.3875676222422315,0.9184326371392292,0.7963906694693996,147.5114877143822,77.1515231541818,0.7870670008612057
0.4619550703673753,0.7820559473397666,0.6336307740615532,0.8437017000765475,0.3912551653228378,0.8643973694320461,0.952786569645618,148.73267275180086,51.786283586742016,-2.433127725015604
0.9336134172056468,0.4430980582814547,0.6375771512363219,0.9212310986718673,0.4412716738251067,0.8091643261547753,0.7637196621078831,143.82238641190938,47.43285564035595,-1.4537451886531927
0.8358031806804167,0.5348674707642915,0.6281264980240873,0.7931880212295276,0.8169891425695177,0.5766972677543307,0.681593406662552,151.46968831289217,-6.207982501385679,-1.3360456369730196
0.5352296692673626,0.4489468463469614,0.5698378994300334,0.8611699269018551,0.3330962363709247,0.5908965248514494,0.6151703183806997,158.52599832852417,62.17931921760258,-3.176982586304449
0.4896173663079886,0.5401349789848041,0.9637004008169584,0.9845507631153056,0.7611704041833202,0.9889015666572254,0.8709720387777784,136.62958007101088,142.27431950252662,-6.553198392452679
0.5410598114714555,0.7863913119115071,0.6998703859390127,0.8398161812081655,0.9388906173926084,0.90204362494658,0.8854352973746185,114.37494085480245,61.21275143831556,-9.403131904964354
0.9873358629240864,0.934687013873298,0.613497704943628,0.966173123630369,0.6660304626410617,0.966706070898848,0.5103418146242418,143.42803166650745,47.57218269723594,-2.3551998023924567
0.6951578408024419,0.4891494110147281,0.9163998476328776,0.9283378136475396,0.4416269011953785,0.952022202759744,0.955358899447344,143.32000088699027,99.71051722844393,-0.05728774327699049
0.8775470688112348,0.7028881554799944,0.6984812338609852,0.6888784235667228,0.7511377789766711,0.584796877004573,0.5791296919196165,151.75223060580652,28.245747842556863,0.4063313202339054
0.7948060165258948,0.8031693996593665,0.5211766971046287,0.8095540322145062,0.4672960079880913,0.9060260137804688,0.8520250254954247,144.86890773888183,28.900496369542616,-4.793181471061926
0.7589494709236242,0.9614993933889968,0.5829397665815731,0.8972699314658418,0.4247332096271334,0.7641506541203481,0.9643886107978497,148.8833895652879,-38.28207448184973,-0.9593420316376303
0.5195426013503646,0.7456800439968199,0.8153869238240379,0.9912330068457892,0.5332753373277245,0.9050727898405392,0.7870497597894415,146.4585023110357,71.96853606386135,-5.053545561039841
0.9682841145921306,0.5222494863830212,0.8853462103081864,0.8190930695013684,0.3300466818146012,0.5790805798041441,0.421735693616085,159.5559942488256,91.88233017197203,-2.2560098158157436
0.6070684929353478,0.755384918020078,0.6067990418310713,0.6999779062504102,0.1210301159398245,0.6962962945923663,0.7078548813993566,149.030996734326,3.0300564609044827,-1.1643873398406388
0.7620894324726275,0.56340651956913,0.9508423699814372,0.8528582698070125,0.4251490790628044,0.88915116189141,0.3929115165166804,161.56673650341978,120.78704752977328,2.3016718502323315
0.8303109232504768,0.9761066909108674,0.9185066234360816,0.710983412508496,0.1402275539157642,0.9065146836085484,0.8446554792980134,143.05119171452048,44.98484617797389,-0.8918515657025181
0.8019917672309608,0.613250626460937,0.917232465333356,0.9146036918137508,0.4208306029425893,0.834346306413298,0.5024422830054198,159.0232236763853,71.51092235646578,-0.6344285840373642
0.9652416576693188,0.7931210229523298,0.6149448955481314,0.8351560040294159,0.5642652900750527,0.7017334601668872,0.7813600232372909,142.11771984310963,-65.94030432946168,-1.9408692747912695
0.5213964877529643,0.3762897350201149,0.528685765051318,0.9054521233800882,0.9302413324135524,0.7055255593002473,0.9261593919031056,131.34391975082696,25.20687278981244,-4.2705737295766175
0.723056382872318,0.6134931659275253,0.9265062135115396,0.9529985294351412,0.0544220968062682,0.9788650317436784,0.4348487633292898,149.6651762637648,136.8773822906851,-0.8472434299328994
0.6646067483597304,0.9125177269466626,0.6529982660367661,0.8746679825747664,0.6274432274378706,0.759181264295945,0.5776083964494643,145.32895383990152,51.888644785888296,-0.7235889893402945
0.7039030615815374,0.7457851403147563,0.8054843800127542,0.8692891960839453,0.4671372099440568,0.7624765600526623,0.7489491781957154,146.61410306737338,24.08616082356131,-0.8271218468844085
0.5050236836197664,0.6411149621177321,0.8741753205390543,0.915597668631098,0.0387940333941691,0.8062870725768143,0.595668826833972,148.73824138248978,91.54230608126184,-2.2595530138481634
0.5133593227718296,0.9508079632399676,0.5665531948287027,0.9442318685167193,0.2632954420428678,0.7468094549400054,0.4306768478315711,149.767610219308,59.04216121256054,-1.787096005529324
0.5940319298987676,0.8992214051153878,0.8843396300238856,0.9528981650309464,0.1349680408358575,0.8064281620708666,0.3324609752190341,155.1684576993373,90.38246214420755,-1.8361788025442258
0.6089522074965736,0.5644920382465256,0.9611257005856324,0.6816164892520093,0.2312250482150948,0.7563176368510881,0.5868676815354659,147.84075564719242,85.55105913026313,-1.7728312965819475
0.67798046456402,0.7044425336884097,0.8587902030213519,0.8509623891596372,0.2877952533559733,0.920545635370748,0.7503577432970441,151.06502192203385,81.8780883818762,-0.5160005761464381
0.7805627293803483,0.6699956423128133,0.7189484050497389,0.7402108610651051,0.4118861317726816,0.9548321361894992,0.699665416287474,156.93602374864824,83.83347941873704,-0.7928341367501988
0.7938091158357998,0.7596176514103975,0.9310131604319678,0.9500609976612764,0.5369531678712667,0.9644344934767926,0.4181577489803944,149.7928074060622,98.77230338912776,-0.6739920728768671
0.6689639293773406,0.5719798883991912,0.760944392420193,0.8810049859926359,0.0199251228544776,0.8112689095700614,0.6165825206303284,148.3495874364749,86.54486501975427,-0.4675377250529553
0.6672674583672782,0.5153871114479645,0.8667749605037176,0.806661965928691,0.1774466436034313,0.7604040345553725,0.5618485587548427,155.2706763636302,101.79484463346648,-1.2651104345079056
0.5601634278515166,0.9361630602835138,0.9036575620505342,0.7310342407508547,0.1105692763104304,0.869960923382784,0.4976491449104377,142.1217315437915,81.67693830212083,-2.0192575893781872
0.7678543837804999,0.94321473649707,0.869006341052968,0.7802061205832581,0.5571565042919869,0.925379732815045,0.8043098854773367,142.41904082466368,45.382790905269815,-2.5386906998065153
0.6158642482234625,0.892510378477425,0.644258962508635,0.8990486517105833,0.3411622692728312,0.8107217471524957,0.5215378582229772,152.71751311302242,65.61018217804806,-1.7153984084850586
0.4584303775855599,0.977413483838212,0.5614644061399525,0.7363304751001896,0.5559074664833419,0.8677709486944785,0.67685987505043,143.85374054836933,57.299386863547305,-6.510542201119417
0.6726558328225157,0.8306143065078604,0.6201447313336123,0.7002377412523905,0.2361492369862262,0.888487209429007,0.935010007932205,151.8866064534302,38.069016601766435,-0.9741283437250474
0.7038828602832281,0.8429994572439534,0.7489727349009486,0.9590805051024424,0.0426794351622665,0.857948718874537,0.6762763171321213,141.80039760438152,43.80898303425532,-1.2005930882591842
0.5646258533065602,0.8416919740924167,0.7501424906076384,0.918738547740666,0.9406746481560015,0.8869898440249919,0.7286682374548965,112.02697453296504,59.59302636628036,-7.57500018101765
0.7589745629577216,0.6641941066306736,0.7878200687302526,0.7348432529035707,0.1250033249685609,0.6631683324400356,0.3622290990584281,156.08800658677535,90.82081310252742,-0.21596058494180181
0.7552283747207125,0.6489891238878827,0.6964877353383098,0.7649865998296795,0.1431667663096237,0.7838177307639637,0.4329108885820517,151.22979734499694,89.60695217730472,-0.2775187981938896
0.8315582849454239,0.5128826466945211,0.8872874260648096,0.9864625024569352,0.1624439187322231,0.8212515047375262,0.3808990241337779,159.28438009695495,99.20784133465855,-1.74547826549978
0.8012719641325907,0.7675594089037522,0.9487766141019328,0.9004844529435243,0.9797512842263004,0.5773158476816331,0.8282606472654965,116.42996775246583,-39.408229478660445,-1.2850616637726575
0.8037846738878909,0.5437854745358364,0.6242289296813661,0.8686645018576882,0.6237243357681089,0.9327249526939888,0.876178831504169,145.96041487277958,63.34554660232758,-5.468319405953797
0.6154010143698824,0.523949970526844,0.8627583639313718,0.7699770970230316,0.6165078786714467,0.8303111459807391,0.4385183255684851,151.47089975557796,96.85559033805515,-2.7442059598974637
0.8794247894997095,0.7305105174855815,0.8342441206662923,0.7672065765956221,0.985059801448207,0.6300590958291655,0.460632604355746,123.62445251329878,43.687080651564656,-0.20481230139318685
0.7459119667918428,0.619738043916978,0.758817619979014,0.6826243744318269,0.1055486826859776,0.9162324078836072,0.5306724451834535,152.3011454123066,102.66271105987389,-0.8403238341393544
0.6799499108639829,0.4994312058848952,0.5958883224461938,0.9070976541082136,0.9731170725677722,0.8748817347013615,0.7111842831555809,127.03399427969227,87.47119759087477,-5.789365909790866
0.7889812091070709,0.8753468602785629,0.8913493945427149,0.6838141244048298,0.2187108118131043,0.8920560197051671,0.7318848468161788,146.60174820345955,49.91115640252876,-0.9153581022590077
0.6403025569862867,0.9033667688393096,0.9718955186023532,0.6713295626040977,0.6290226562187619,0.739538792167007,0.7756584353848601,138.6788213249571,-9.140847219675024,-2.3144809008406213
0.7255141449771265,0.4672296491251765,0.855605918827369,0.907427777206826,0.4302714466404187,0.9319920504319223,0.9228594681604234,144.86467400644992,79.9541955495719,0.01952781693965222
0.8510026815141147,0.3663942116965026,0.951068534211597,0.9789047491626358,0.3948938304080998,0.7486938631791119,0.5116912318331761,148.72760250775445,76.5302632396529,-1.4294656037569304
0.9348781139492404,0.573250588791442,0.983368632262201,0.9162273892940606,0.9307623728027092,0.8138561127030647,0.7567932500674922,120.12001576533643,53.19204886640704,-0.706586006927642
0.954294945520366,0.8636733324992998,0.6755220184820204,0.8234146536052755,0.1650688653469868,0.5765514535473879,0.6900550023283716,151.87904208118627,-22.877747866641002,0.3425564059270654
0.7204118685917018,0.8898987191722645,0.8148868831080383,0.8281080451595529,0.9952141532859494,0.8448228457490385,0.5189671566027625,112.3745228225215,67.50863165212702,-2.8705488945916318
0.72973649765756,0.448742002252614,0.734878018057688,0.8118469755072696,0.3901678211525455,0.8753476374797958,0.924357114415234,144.21573385657678,73.7760769705152,1.5799780373457333
0.8863939143377821,0.8490855406308866,0.9845585966218372,0.7755209070395394,0.6541895796772762,0.812440368999592,0.3772144042225698,147.43462840303195,77.02782535680393,-0.5459627615456859
0.6144129466003025,0.4345004356488861,0.5497589481719815,0.83972954688743,0.966660543683072,0.7830616222376273,0.7926718714893333,126.04038065539055,60.33721436003619,-4.442300713415808
0.9074118839278726,0.6071992439340428,0.7048996436012092,0.8102226335443177,0.0753546032558703,0.9135587341525562,0.8033681206221442,140.59400067586222,68.11361712486702,0.9580436980047593
0.7150938993057194,0.9902577541030264,0.9304584268278702,0.8646393366494161,0.922558291549369,0.8600220554224031,0.9296883906922716,114.26980183412408,12.116313905755185,-3.1506780407342276
0.503140624264913,0.482897833887578,0.6424066437408633,0.962368414366746,0.5749159175159222,0.6920799206662777,0.6623301555538319,151.76753175454738,61.21941971753188,-3.7803830125522815
0.4786008147317897,0.4585833683102494,0.8877264373786848,0.9939364625884174,0.7086506226478996,0.97566249192212,0.5296043818776213,146.5914698458542,162.5187088848548,-3.8241841303951207
0.9099953452930708,0.6278064811315534,0.690488597861552,0.6954027514137463,0.1650262296473782,0.870805065618163,0.8706662349831931,152.74134750202847,51.91158703203521,1.1680594157792625
0.4693607683059735,0.7517279632591978,0.9813199766701872,0.7950828066149487,0.541210453739843,0.9876827370072409,0.8323021165056523,138.41036085422928,112.43425415482432,-5.071000093375515
0.5954527908261202,0.948896458554097,0.9343499054194668,0.7286238471020573,0.6784120463887824,0.9807378248946166,0.6500217943842509,138.31022608334436,101.45495341994175,-4.829112676922118
0.625439297837693,0.979060612136472,0.6508165896008076,0.7844732767322631,0.4656803854369279,0.9589375095078984,0.8303122188924394,143.55724019870493,66.24647009889613,-6.47463801086929
0.535154924475467,0.4055050916100237,0.8791554470395945,0.7634101334011539,0.1707061465321516,0.8908367373866861,0.4933856553842835,150.61446553385252,115.24653187159254,-1.6392253868494076
0.614100678772596,0.4485333016508687,0.6681225474460062,0.7266138703529016,0.2579796564314732,0.8300633170665218,0.7101254282018572,145.3811989115939,72.6270204663127,0.4538124991528263
0.8543571330833868,0.8594100583968687,0.799370863790623,0.9186947919698368,0.8555158462698175,0.6479795056532209,0.8958980924650746,134.6104159556949,-75.60671271979152,-1.7737705225622875
0.4464528365117304,0.5320220575302412,0.8247520530857253,0.8314455340934046,0.0527073122180395,0.8025470548416029,0.5271529269662457,150.28903536027195,107.41183257881161,-2.051098648029347
0.901691809772964,0.9186496186869146,0.9080840894584052,0.9692514303801808,0.7130226252504285,0.895003024036481,0.6387238089980589,143.50354055940548,47.770524838202064,-2.486309543290889
0.9181504157268134,0.7792888845937256,0.515982419073456,0.6803660900034314,0.9974867346879625,0.7931799677665342,0.9537581740976744,123.88701246421955,-33.006798363481806,-2.8322618267423207
0.6468044191048838,0.4320711035474091,0.6112908448488337,0.6915694418257762,0.0262826042310178,0.937837197829346,0.8507674166041708,133.87821834609954,85.29006000812983,2.0426852583885564
0.5242954322331801,0.8857161930375187,0.8507756447891996,0.8011397527832547,0.1766401574535354,0.6219470299978576,0.910626070526036,146.259801869315,-1.6507830947199835,-1.4832914438423659
0.7748772810935344,0.4726788328863988,0.7785081757036127,0.6959025623429184,0.6790294710726649,0.7349156361826901,0.5724796631329336,147.1733988172711,48.02505338517928,1.1502309050467567
0.5052786370227114,0.6282439978689054,0.745432347393708,0.7553483428192703,0.0776945083050134,0.7869783144841423,0.9843929271986398,145.0563807962801,38.15911444936471,0.11340374948684095
0.6426905731326991,0.7092494538310798,0.5309619658172577,0.9910107454873832,0.5964357825604851,0.7563134197954933,0.4156808204989082,149.1533914806452,83.60504829999739,-3.7732715084475115
0.975234490967547,0.6768831723538813,0.6736837128810472,0.7378292467134341,0.6886795651541819,0.6215017293758862,0.6624581861593719,149.09963115298856,-16.717542224787707,-1.138006702770625
0.995985387722698,0.7935838018014321,0.925374773499709,0.7342967986421198,0.59482645249591,0.640216426999453,0.6358419035706593,142.86076587733064,-23.58637346964447,-0.6603419455343174
0.8708368767005115,0.7725117440867085,0.5191196413219263,0.8566479909273983,0.3765184237931573,0.9250856151437192,0.8509159047640431,150.21872094433047,48.69637073230765,-1.204530227007601
0.6124579558742016,0.986123741924744,0.6971375808860978,0.8320025313268675,0.7016845339866917,0.7779918777825321,0.9251675102401012,142.33295994239933,2.258134738117114,-5.157229378188468
0.823525181080875,0.99076912718522,0.9643578053850732,0.8588627636607704,0.6008462107492261,0.5965730379373597,0.8055687786634829,138.6322447312432,-37.811542744846264,-1.6325744727026053
0.8334656515480203,0.6867615138277945,0.5288536547032008,0.7924931616241883,0.2222591973268969,0.5831512951334433,0.7352677413544665,155.82037496718758,10.423342774475472,1.1480866661554217
0.6555339710480935,0.4215932214170774,0.8691781965275589,0.9391189625802698,0.5703376690968205,0.773449197953479,0.6009052595044287,145.80478130025992,84.21903013121273,0.26435444606227376
0.7973163271627977,0.8198201114409622,0.6295311222200566,0.7148986590162599,0.8824559961336677,0.6447347772813462,0.6567675140325093,131.69414529245466,-24.22129364105973,-1.4073196528582632
0.4442367363072514,0.9764438870362868,0.9261094548210432,0.8093239329548293,0.6718710500982943,0.8699134043923515,0.6560763824767517,136.69320969254548,71.92555690511114,-4.592761396899894
0.555361165175702,0.5620438717794664,0.8674066183943336,0.8944820717345022,0.480900149624135,0.9074735659367934,0.3265961229979512,168.50951903325995,151.2035087656597,-3.2525394600079114
0.732433329987409,0.6519832908406955,0.9354092831997544,0.9526318610329858,0.333827847728445,0.6713515827314411,0.651861608794718,156.7516831600071,55.92868501011429,0.12246189393988205
0.5299759869138667,0.6290506752252549,0.609229344431178,0.7901591262609853,0.1030493994305696,0.8228790414571752,0.8896898900385766,143.96326493009178,62.801508848244765,-0.2826928663723063
0.5311837505376684,0.3940353207902108,0.7628120803838766,0.8547272858144922,0.2584771100141841,0.6405980143684916,0.7908341964507765,148.08110221975963,46.61727103068805,0.5550466992149277
0.9068078396367988,0.7848352032838095,0.883575821168463,0.6922738327518428,0.0299090570443915,0.7027022484159838,0.8490805525917782,144.23478620155763,-6.486863338745408,-0.09545096455206536
0.9924378612355392,0.5840822368077836,0.6237296082308983,0.7252395663742812,0.9849890261534904,0.946397305125211,0.576009386555122,126.20150441212292,53.78989257781335,-0.39361398217024046
0.7497360433916498,0.8573491300852194,0.6164473534128165,0.6922732519722986,0.2367944334523048,0.802857985777838,0.6693335268827412,153.14780569410618,42.03593242109742,0.6184161497223277
0.9083573175589028,0.8854586102128966,0.517312545909267,0.9069018471664696,0.8168237866956509,0.9451868522699912,0.335434093155073,148.67885551698757,77.26071656796964,-2.238082853270205
0.9931038690865142,0.8786041926983588,0.9708674754581192,0.7636013708685085,0.1840807472888488,0.6700819542360277,0.5709640322005647,143.41444994972647,42.171826312737736,-0.7523954795351588
0.5175622938483437,0.6239451370985443,0.8498499004358439,0.9055544039746776,0.2966376680099242,0.7137131304032823,0.6325686522528065,160.4435405182437,67.56643260916162,-2.1986493549529142
0.6893783235820701,0.5640703025236764,0.8135899175880195,0.6913805554708019,0.4285029002175786,0.7723984574260712,0.4848498471555252,158.08554757118037,85.26013508705768,-0.6320532205303502
0.6581847648499207,0.8330246847864162,0.8663969522095256,0.9507784139585688,0.3365905178681052,0.7761995241475478,0.3339228617778642,159.10911694682696,84.8573014199471,-1.1054326003827142
0.4830776931782067,0.8661147712327576,0.7629679987069471,0.9419756602178386,0.8006435663865009,0.9917257867490252,0.7781208857124065,132.45687042927207,101.484014612327,-6.990418426647637
0.8614379915529451,0.6708977843141339,0.7359499354901582,0.6987213299827719,0.9566603909130348,0.6239414461142115,0.6060661922399968,125.83136589191163,23.760110926266762,0.21486541158202455
0.6812726865685523,0.9237998697050702,0.7229950894267152,0.6774872047946772,0.8759812824603046,0.9310603199480504,0.5929865242735222,131.71992658459865,84.8294287086459,-1.9202225109308244
0.701190200695244,0.4522541771091491,0.8159658988509663,0.6880867346791303,0.169328208525766,0.9359395291906611,0.4813307597521652,152.01037156191953,111.41695819758405,-0.29764128087097297
0.522648190305149,0.9150111393909568,0.6022215712484508,0.94787291272749,0.7794335582915695,0.8066476439389609,0.675302170824551,138.86574507066896,31.553528312832373,-5.236705433841389
0.5395993449682995,0.4221573132592238,0.9365554385481244,0.7462170024910999,0.1638147831605334,0.7195483683493452,0.6080467392768394,148.28542125334377,73.46796025395689,-1.447131116056353
0.946476748770219,0.458307624888575,0.8993946127750042,0.8483829146670769,0.9132729680514854,0.7925007620659967,0.632277825601548,132.1284522663757,45.55595850957363,-0.6823229285868402
0.463242942285916,0.6977019861973228,0.6743108304398645,0.8086239370237915,0.5260252966849625,0.6980737485084896,0.7043065064851117,152.7192230434986,38.60596652326784,-4.247312254261689
0.5686933089797768,0.4041692701026729,0.7858550168766951,0.9289415178396188,0.3483159928335197,0.9090492980368976,0.3171323016493453,182.7940305701843,147.30426332882183,-2.9602179128713155
0.6018670529911561,0.3949089836553531,0.5727546139478571,0.829037613708796,0.1727038805748517,0.7837780090451618,0.9245462833020116,142.8841816679173,58.63578618995301,0.22819699315236308
0.712884015338811,0.3619953341021087,0.9776030858865736,0.8328700313571649,0.0305184028675185,0.96182433144947,0.3607744739356378,149.48178500054576,160.37972767174884,0.4295311592076465
0.7668116220901166,0.6363145253407927,0.9437795241504882,0.992008456561938,0.2617276774027283,0.8355858854790106,0.6167383908643824,155.48085869323904,85.11373865106519,-0.7918652952115852
0.7146167077062393,0.8492668138032167,0.9530347827936546,0.7186615040144078,0.9138985885780072,0.7904574783367356,0.4526142174749498,109.9690430166394,71.1676394265949,-0.6368714245047842
0.4853559040094327,0.3835982979011942,0.6658368365996269,0.9404031900847376,0.7995776673949431,0.8723883657037725,0.6658355170443504,144.52573621453905,112.32687634946086,-6.370693551500691
0.5747530548987703,0.7722416231146625,0.5864427910030604,0.6866078361483697,0.9685081353124048,0.7861323738254086,0.5017110818560462,117.68800997500875,79.18102678054032,-3.9290910799151
0.9108891221132386,0.8797979909743684,0.6072070343594882,0.8253723417907148,0.117614236215277,0.9529396393380898,0.8924094568164813,144.79282661591424,42.581129871917085,-1.1136345229127185
0.7954673720484589,0.4674193248836512,0.5479052329737439,0.9585285950445604,0.5987746844374303,0.6530912001181048,0.5799683130002127,148.6036722017,23.244569367367532,0.022078851953058143
0.801944643085413,0.454114268241144,0.5625682927449006,0.8864839908863495,0.2707390663011801,0.9816070490446556,0.743313382513918,144.18547085516806,101.81209985364347,0.9352596808057392
0.8137413272445364,0.9035122092685222,0.5387999504004466,0.8930005139953828,0.5505653135286901,0.914497380163126,0.4805847597069595,147.37055520667496,63.35160227452472,-1.958276827666955
0.8656810619711461,0.8797962867213599,0.986114216786674,0.7555398199786445,0.3327221992482044,0.934711637230372,0.3259476348676622,156.0359028324304,93.49186234005637,-1.4597949125707568
0.4707842483373614,0.7009133571201991,0.5401407212838213,0.8061251237378207,0.296504898853837,0.7773770622932379,0.585220988556989,156.10328877008286,82.62774463787605,-2.0373439143164687
0.6436369342392653,0.8773258092338547,0.5686223516507191,0.7891847610290939,0.580823895334665,0.924912490713092,0.6743965402333149,147.01123338599774,60.24577227635013,-6.777486457836454
0.7405235847110048,0.420055434345764,0.9069441241432512,0.8396412495731964,0.1984477692228756,0.7040312284749285,0.6225488365331466,152.02292239880506,63.31467792902728,0.0509091218414488
0.6278634064026143,0.6099808008258236,0.7866492673184611,0.8203479932020397,0.4782975579825144,0.893575388852649,0.9611502819381184,149.2023360263886,35.98606197280064,-6.03092129898959
0.9113880633824176,0.826085960060434,0.8812125597802238,0.7762555182957676,0.6561844173876947,0.6347704135521827,0.7891934139136825,143.53200905552436,-47.36296259385304,-1.587220412775126
0.7086117041932507,0.5237255977704981,0.811326194529775,0.7692772866792582,0.1444624713185623,0.7041469237809181,0.983829930009948,147.71157768860147,8.60609816793356,3.7980428564265765
0.8688885423055188,0.8352329300707811,0.9336901406148416,0.7514787282583291,0.9301268622167068,0.7618965323712622,0.5117046755701004,114.67770295829463,41.60697686898984,-0.3716851449328944
0.915610849433062,0.6790311908449493,0.8150056977227644,0.7886850197940829,0.5141250940453206,0.7105047608746069,0.8445956657376814,151.8983644504139,5.939954062983482,-1.0399184369570464
0.7210610091964761,0.8339343916774724,0.7583474715514605,0.7186002250202244,0.8213787195562829,0.7374461312627123,0.6872487207382154,135.9989558775408,-8.241095899611445,-1.1240328086822768
0.947848713026328,0.6541680050238616,0.8511807680359685,0.9538920703534026,0.6592130229547672,0.9177930181859842,0.7251219185586648,145.88524198514304,45.074020796520045,-2.649594455830552
0.7671919359511303,0.5932514186123395,0.7219531680454546,0.8659268004602914,0.7141377178877266,0.6831692775498251,0.9772147421372236,149.53231308960906,-42.84008348427869,-1.8926018372881077
0.9146352438879408,0.4996405705184181,0.6726064496496522,0.7133366584810874,0.7201397733768788,0.8866348934011038,0.7535776476033402,146.460601555708,59.27848793510253,-3.853754470704037
0.6290592628964593,0.4928361410484886,0.7318195482997043,0.8958170961288905,0.8757907572481277,0.6069792557586912,0.9185629157280436,145.79097183567015,4.870362438818518,-4.169356444262316
0.7177134795086566,0.8347053736840967,0.5867249550033119,0.9459298451218112,0.6197541618271046,0.8951540121815267,0.8019371559644843,144.52975353694347,50.87291297310891,-5.100877243509851
0.7359759640065069,0.4365186116703378,0.8920017108142626,0.7471397716260735,0.2913660439862237,0.9060992843627655,0.3987129286416469,155.46004899392372,126.91090341651908,-0.13469722995528355
0.4970462297327822,0.4157916154239349,0.6310365053129181,0.7188149753640943,0.1163884869429712,0.7435598862527958,0.7841962984706672,140.047380094843,61.78243687414781,1.2528713607644537
0.6615352453539927,0.4726379082795398,0.5788441239425642,0.672554602628594,0.6125528546527872,0.8771390945734396,0.6392397339738327,147.24748907592104,87.71061897819797,-2.7841859654059666
0.9522108935141804,0.4720431567733157,0.6240473721144281,0.6851418596660379,0.0839236915841218,0.9573670521519924,0.9320277337106776,136.84636971330823,55.774018752489695,1.8273538510469693
0.7916817232826452,0.8797855939226643,0.9141592312878106,0.9181002747501166,0.2552130089518586,0.9097178727935926,0.8565779979062944,144.51425022560176,45.07714397271605,-0.9199012856276026
0.5376830777549415,0.6125144607076016,0.6648814724229173,0.9913875801053018,0.0783959067895461,0.7388742040813735,0.3830443058874059,154.36636755718783,91.53315077458942,-3.4045669398892366
0.6280870516891872,0.9850828925313904,0.8381780774596865,0.6843696715818789,0.5563870953297918,0.777920775970897,0.4031130278076132,146.91605075648553,89.5479658924578,-1.1222093570006284
0.5455813146173392,0.4480383793986622,0.9211424909963296,0.9134800840718342,0.1759473676004993,0.900825018696548,0.3597795641821407,164.5411555577977,145.9316360345734,-1.70039933066571
0.4521344462613605,0.7730487342297556,0.5419362651750289,0.693160774507936,0.6166227967223813,0.6981265861350623,0.6452569806528169,147.13267748992334,27.622487879978703,-3.649010974254194
0.9578826967220933,0.6441279686083129,0.876638310041283,0.8626730221112408,0.7933141243308525,0.9110378309912642,0.3673005496235274,152.10555476435349,86.05686912488564,-0.9290125441839747
0.6893568724743868,0.6089967334639416,0.6539066281165377,0.9160880167270526,0.8236823622812586,0.7128997761538174,0.8005409500251809,146.29240894494555,25.83365866994895,-2.25269438948463
0.6105381208312027,0.9125029885026495,0.6095690596133728,0.7867813287945297,0.3220385621801762,0.9119155811994382,0.6850923888816864,151.40423897908718,62.84271155941867,-2.7794349353223264
0.7735531694952229,0.9757713470855948,0.8395667851290219,0.6733096683249254,0.5564526417807958,0.6124295327695681,0.8761545292078801,145.26084563164795,-43.003925900630534,-1.5262172361663042
0.4423243245847621,0.9111022793846298,0.947141708524576,0.8636688860720385,0.5702154900573918,0.5947719620117272,0.5014184032121537,144.40005302885962,46.87382279126572,-1.657950468479612
0.5940019878930298,0.482715198500184,0.6477479592873251,0.992709835898676,0.4819729556528352,0.991737230082165,0.6627076563175787,150.7550676680546,138.50570191672307,-6.24754389420501
0.8321361143359671,0.5006531925728925,0.7810943978907351,0.7536827174030217,0.6603962609763139,0.9383443967445648,0.3920372025411695,155.48020367056503,104.77065009114351,-0.06796310626533208
0.7933276246674295,0.7746438301557883,0.64522284213801,0.7314861628429332,0.2246580140932775,0.9439204354648564,0.908989209698304,151.73646265693148,35.9030168486961,-0.7666627528809353
0.988332507724234,0.5436365719666058,0.7740094823932451,0.7101239439925486,0.9777604381756928,0.9724171586089124,0.430802203008012,126.5265182286182,88.0334041437838,-0.36007312681457937
0.7858128372720863,0.8241519782755726,0.8069188976477335,0.8506578569340393,0.1149885140327678,0.758808205076064,0.3818499006337909,150.5969901562403,79.03191668981164,-0.9200575728013675
