PS:PAN ratio,Feed rate(mL/h),Distance(cm),Mass fraction of solute,Mass fraction of SiO2 in solute ,Applied voltage(kV),Inner diameter(mm),wca,q,sigma
0.9728374812617056,0.8421214706440604,0.9434066677835602,0.7499644596634405,0.9906716759244216,0.9876875952088802,0.7629125638299069,95.58724880218506,1.5242317467927933,-4.587848097085953
0.8684988538859095,0.8475959164779876,0.971179466878479,0.8283009345937423,0.5966485292817683,0.7009631320327846,0.3481434013660651,153.12242889404297,65.79843711853027,0.29956918954849243
0.5088075172787014,0.7489038609429706,0.5522159530130345,0.9897264674988788,0.3163399005221151,0.9319392319173276,0.313951940312783,184.26978492736816,157.3677921295166,-10.80681973695755
0.901587964446793,0.7151601249440807,0.6955036078680956,0.7456830844604673,0.7910869453284813,0.7930119585944493,0.9697220482729536,138.80836009979248,-68.69459819793701,-4.919961184263229
0.9139616362539577,0.419230178965665,0.7741338548444412,0.8066589852680338,0.5954185482916069,0.9839289335418728,0.8189812208208898,147.25160598754883,67.29101896286011,-2.174196720123291
0.6342095691748687,0.7162976333058753,0.7297133401323156,0.8663311550567636,0.6411645313387614,0.9904713151913124,0.7244986235723977,151.2566614151001,135.03868865966797,-10.234840512275696
0.7247689396153286,0.901019385310982,0.6788492424095491,0.8338215582443278,0.8213741345626642,0.8419624441211304,0.8842240189539026,127.91692447662354,-9.20846039056778,-8.279856741428375
0.7758071002753473,0.7904849102442228,0.7683686310350293,0.686144773109672,0.6080710789859817,0.9898220009379078,0.9506292053471012,141.98157024383545,48.44486999511719,-8.169486582279205
0.6280760012320135,0.80085887196297,0.8404778538151632,0.9484219277813444,0.4949839486722721,0.9493762614578796,0.6829763109732592,144.87761688232422,102.1072883605957,-5.624480813741684
0.7866245398927953,0.7771990540802763,0.7096484077992536,0.8241176906543796,0.1108076151219607,0.6420120420676806,0.979229880597878,154.5664520263672,23.298524141311646,3.627632811665535
0.8486376445419828,0.9110954065267668,0.746874118271028,0.929597405795709,0.7888701353628573,0.7943127028153718,0.968220905723753,124.05606174468994,-78.0699634552002,-6.069641321897507
0.9206943244307192,0.9779813098889976,0.7936987053181481,0.7389385865251432,0.6046658830224364,0.5994024676653389,0.4182301462118148,140.6331958770752,30.18690776824951,-1.0485886484384537
0.6275092459102296,0.9728627368146632,0.8490827136021706,0.7030953135400682,0.6566150975178754,0.8931686774839003,0.8249833320302582,129.7262954711914,37.91754722595215,-7.224377632141113
0.6787570585360386,0.4582750383549722,0.6768058328606111,0.995093920923572,0.7499592310101435,0.9517873302442162,0.8329837583348099,147.5374631881714,130.01655101776123,-10.9518341422081
0.7711462018755539,0.669533792039217,0.981756816006152,0.7354778450205166,0.9172786022452444,0.950579473934582,0.4198547000111531,131.3753547668457,120.07587814331055,1.5942284539341927
0.984898977921676,0.6559809727562178,0.6618314633216075,0.9250562543872516,0.3799305616374478,0.8871013112888491,0.8215755163754557,145.6265287399292,22.38050651550293,-0.4087063781917095
0.9581117002934288,0.686350674889231,0.7474732149342498,0.9943761609152866,0.1169020286441111,0.9817798173507064,0.733965913628563,142.49875354766846,77.35549545288086,1.6160121336579323
0.4709937977089364,0.8303500084806452,0.6494384739719199,0.6931161004744394,0.5817554926867248,0.5897655531153002,0.9385376508710874,155.3124656677246,-39.767802000045776,-3.4413443505764008
0.8668682274749399,0.3672753154225737,0.7937963063501033,0.774446272278548,0.6419193062347903,0.9902220602043976,0.8141902689806113,148.15605545043945,83.53889799118042,-2.5739211589097977
0.5264986475708724,0.4291131998434867,0.5145370751076719,0.9777854915575468,0.6191179992381195,0.8150910398062602,0.7322295640283136,161.6555519104004,137.32967281341553,-10.899125576019287
0.5937331296027939,0.6677456592318933,0.553233617947304,0.760069705900162,0.9227066331683992,0.7965991808504227,0.6041161518358606,146.51611995697021,90.49914121627808,-8.01618093252182
0.7652400602906435,0.8539220705159577,0.8381330462777548,0.939902654773078,0.8857693164815307,0.949029581891014,0.349575265249626,133.67497158050537,113.70936870574951,-1.3409199714660645
0.8749225888863399,0.5583870181832062,0.90302301606239,0.8751023547802406,0.643482751189277,0.7155868133427744,0.3881289988606595,167.9047451019287,67.48239612579346,2.418661415576935
0.5353855483371656,0.4783334592486295,0.504126390301602,0.911257767233378,0.6529431586693267,0.6141416430501532,0.6437425497386102,150.19782257080078,57.28836154937744,-2.96295166015625
0.9574483006958684,0.6387623951145988,0.5632250142503434,0.8520925938043524,0.6128200268483031,0.7830525215491393,0.6925218307996952,142.80953693389893,-3.7690567523241043,-1.1416984722018242
0.6334432149933733,0.6975464365992191,0.8839151413433441,0.7923070062877327,0.1625568180177688,0.6117256651411115,0.8577178500669382,152.99957180023193,47.496975898742676,1.628018006682396
0.9074584743691392,0.9718341453443536,0.8007207578665929,0.8283788918611199,0.3316963986803963,0.9465221456005806,0.3700718937798131,145.54138278961182,77.09871578216553,0.41542102955281734
0.9408224383621212,0.9605809984350456,0.886116466448745,0.9631694832204762,0.3140740775191242,0.6510320262797088,0.7643849642406841,156.41679191589355,6.64488810300827,-2.3084013015031815
0.5659237346296414,0.9303378438339058,0.5219074391554704,0.9327416398690692,0.7295079836217048,0.8033691083096894,0.4004254037693742,151.82252597808838,103.98949527740479,-7.387048840522766
0.5299316364619148,0.8163168216302309,0.9072996701427956,0.6974065572351963,0.4843952586135602,0.6336065287803441,0.757760481512942,149.8411922454834,15.985101580619812,-1.706965297460556
0.9303624898385536,0.7288122487300717,0.8901652731848129,0.8161898443743879,0.2007952482296297,0.9376156529795427,0.5245599393123505,150.4529104232788,71.86203622817993,1.4082802534103394
0.5202848298708679,0.7191713063621687,0.794129128703697,0.7114476574205562,0.3025251354996405,0.7375098996865762,0.938476275123028,157.6505479812622,39.085824728012085,-2.0044567584991455
0.8806355776155594,0.8466624915466309,0.8974382435843898,0.817409266808628,0.1809137780944552,0.6155079319360375,0.3953628583200431,155.7970838546753,92.73507738113403,-2.3026130497455597
0.9953296763823416,0.8814784247166382,0.655652245046022,0.8403011006123282,0.8038969477984931,0.8144328868259889,0.8802851288667948,124.42588520050049,-86.50426149368286,-4.058510988950729
0.483909160521017,0.5187422614575379,0.6860227362850422,0.967792910809776,0.355833671995463,0.7001213634885126,0.3642420023857116,162.8637523651123,92.29410171508789,-1.098912239074707
0.7557153331429691,0.7930237658318513,0.5196728642385345,0.8299882228310593,0.5667863828638081,0.6423954913529213,0.7221926555682079,142.97992706298828,-21.312190890312195,-0.6059766113758087
0.6354092257595588,0.9486722946358004,0.5406148766999237,0.7760214409974254,0.4383604778884394,0.7494528560437346,0.8713680457034252,155.63648319244385,-1.6878918409347534,-2.802772492170334
0.8355772196204542,0.5732543703037623,0.7218211665496954,0.7954579111110377,0.8878738225348409,0.786461653946591,0.9405972972426908,137.57697010040283,-37.57652306556702,-5.230663627386093
0.9312389291898996,0.887860672149987,0.7226790567251475,0.703310047583097,0.6471590071014724,0.6951354181104696,0.917548883229224,146.61291694641113,-85.83026456832886,-2.771117150783539
0.6187020215211854,0.7897903724936162,0.8132594920425131,0.7925516254085437,0.6690295723767561,0.6643562244714875,0.922245584968528,144.93133354187012,-29.74204397201538,-3.8370587825775146
0.6219249318193528,0.3764380149469244,0.6011354708171477,0.8403737617484901,0.3222761698360807,0.9766724661435232,0.7771001991319084,158.1774549484253,150.82494449615479,-6.899692565202713
0.5784612767331099,0.3678709310542515,0.5246636813569832,0.9693587136059748,0.20594076914105,0.8904597018180496,0.416442035329046,162.07739639282227,139.6505355834961,-6.149604499340057
0.9150563351513918,0.4726775851257884,0.7142421528373131,0.8154707929942311,0.530727803028524,0.8148826841513537,0.5832762495519879,157.21327590942383,50.23143124580383,0.8057407587766647
0.8667841062312198,0.6758859875938504,0.7486628148417668,0.8109763490770687,0.6309856011276443,0.8845906948795457,0.7425569411801866,148.1701545715332,34.355360984802246,-3.042551875114441
0.9210228756522216,0.5685427685928577,0.7361004075475113,0.6759998676085868,0.8834271117932355,0.6052764545297284,0.4276635156586499,150.83928203582764,40.91798973083496,2.173734910786152
0.7504069836628544,0.4688374640915455,0.7585394196737643,0.7935630662243549,0.5392186490460725,0.6486405372852758,0.7264171071259066,158.02666568756104,27.310819149017334,1.171844132244587
0.9359851516590874,0.5196585613894715,0.9720097571805484,0.9275373022500124,0.6664522276018323,0.8550872769363042,0.6920718685405653,149.59089756011963,23.913732051849365,1.001007966697216
0.5110235682907736,0.4749076847432534,0.8671149925448203,0.955253866110511,0.7816893906714547,0.7304497627129809,0.8337745790316933,135.28492259979248,42.56772422790527,-2.6629457771778107
0.9326014983382114,0.8926746433565356,0.8838101294866917,0.6909235223352964,0.9887415529230096,0.6122525394266588,0.5679614421697641,126.40648937225342,-36.440683007240295,-1.4877794533967972
0.6460353726397964,0.4556841779865618,0.7921638574308334,0.7450454387259727,0.8520970880620442,0.7932967055595481,0.9833725214176536,141.61913681030273,24.768513679504395,-6.20858833193779
0.6703736695316632,0.5536626368182693,0.5268968869310994,0.7302471929215064,0.3819372982299788,0.5769070773480064,0.5177628774104027,139.58150386810303,39.11665987968445,2.2981211096048355
0.9045264114297688,0.9182676524714348,0.5607585031061956,0.8443688643247645,0.3245751026413415,0.8285598415638512,0.6767562478295788,144.0683889389038,18.239651918411255,0.7695967499166727
0.8456787863501448,0.5925798873522676,0.5485936977460152,0.7221244461971192,0.2584922118889102,0.916213506532798,0.8626097488670352,149.05485820770264,38.76209092140198,0.02026145812124014
0.4677472893298179,0.5569158626289207,0.9819761362817004,0.7680194978292113,0.3994402811516919,0.7122370189309211,0.865714028280925,139.99351596832275,54.025010108947754,0.1337438976916019
0.5798267568942482,0.6217281070486685,0.9622073368036824,0.7305079689363699,0.0624067143787743,0.7780654149059794,0.6125549326606909,142.03797054290771,70.308434009552,2.3859122693538666
0.9548821565173992,0.7695835465207193,0.8923425029047525,0.7243127411404038,0.5381565793553166,0.6007745817392435,0.6650964033333665,164.67518997192383,14.036815285682678,-3.464200049638748
0.4970857615562474,0.7839568504236148,0.6567145770372042,0.8340270621036183,0.0668598145184394,0.5868340183985759,0.7736533502618677,146.44536113739014,40.97929120063782,3.022942304611206
0.8430777834987181,0.8959212433017428,0.732553406588248,0.9403262116739446,0.3759235864927023,0.8878719665411784,0.5626973104567217,151.26594734191895,59.44408893585205,-1.470058411359787
0.6007590987861027,0.7285007967731305,0.7684637871829413,0.940908951130916,0.358541169240247,0.9271081509164056,0.3766641799386425,167.2584171295166,117.93457889556885,-3.784622073173523
0.6585782533808503,0.4327254061116605,0.7346444563235522,0.747810764638315,0.2902468573869147,0.7347401590364641,0.5295947437288454,154.23776245117188,71.51689577102661,2.1334396451711655
0.9044355036569356,0.9354885463838762,0.706270487891144,0.9240012256802678,0.149164446185103,0.7822840540008351,0.5645412286091228,147.49314880371094,49.42718744277954,1.263185240328312
0.8911200072125619,0.5133885435018175,0.9876187467833528,0.8226637798721004,0.4762784304494233,0.9373701660349444,0.6518460579248521,149.56508541107178,69.0589427947998,1.753340020775795
0.463795889399573,0.7873875825443836,0.7004864710957159,0.8350657970383686,0.8912951182377682,0.5895821506801382,0.4592810298987072,136.54125785827637,41.04306697845459,-0.1270173415541649
0.936906714739598,0.6855654245328342,0.5641533719314843,0.8737889335344203,0.8891408117899471,0.7009764372198959,0.9377999633703727,127.60853958129883,-113.64964962005615,-4.0659105479717255
0.4572055241191887,0.4223961585365334,0.5562723488495861,0.8088514231537793,0.8541645204624746,0.8365028662692371,0.4352037029537334,175.3341464996338,204.45436096191406,-9.77340054512024
0.7872117203980513,0.5290851541269981,0.5786813622918271,0.9218680548668818,0.4633395756032872,0.8067912588176879,0.8962215503427731,147.8968677520752,36.693552017211914,-2.680303394794464
0.747196198597186,0.6335025361002803,0.7083316622628875,0.8508570283473529,0.9340891607820244,0.9020715266677816,0.4007527866304614,151.11085319519043,134.41499042510986,-2.9645062386989594
0.4923415615349582,0.4525001516187824,0.8462242549805303,0.7578603933081234,0.1233433089884613,0.7454490062431827,0.9400781763800752,138.7111530303955,76.0733470916748,2.738747254014015
0.985082704073354,0.9249813458522484,0.521340194448649,0.9074003157032992,0.8372936592229252,0.8771051309961779,0.4427173668940941,120.52105903625488,31.715071201324463,-2.237057000398636
0.8000471733046048,0.5097119002888526,0.916555705374619,0.7324518247347903,0.2417273379053183,0.6742497839318919,0.9167304435615348,157.57404136657715,42.048603534698486,1.6782096922397614
0.9718503279004412,0.7616502363373132,0.85868811527637,0.7981589263297606,0.1168739624862703,0.8488738272621928,0.6973369239067492,149.9695167541504,56.72766065597534,1.658528819680214
0.8283366765744219,0.7611514173838182,0.9843060844043784,0.9064486018243698,0.1077272047662425,0.8823641521990819,0.749642154860815,141.01741695404053,75.80928134918213,1.9635733664035797
0.8072415476178858,0.8637660738834372,0.8216801271231329,0.9036232972988116,0.5843613311477159,0.666304901200977,0.6643494310828479,148.91787242889404,-7.713700175285339,-1.4255259335041046
0.5133362072430414,0.6696769699067704,0.7718940117044172,0.7083992745721127,0.1419610848009036,0.97814432286628,0.3226811605247002,163.84442520141602,95.03594493865967,-3.636350318789482
0.6645989870914338,0.9692144327247386,0.867130362601956,0.751601357496213,0.8379746865693182,0.7346245891878344,0.7789591214116205,119.199294090271,-30.19059658050537,-4.353123694658279
0.7634002187599194,0.4278960807490573,0.7457589608173292,0.8042560493708945,0.2820511634651471,0.8943381358738948,0.3224233704835603,162.54433059692383,96.19912242889404,1.4569324851036072
0.4776218412421295,0.6050475931427178,0.7974977462582501,0.6860474154452063,0.627491395754626,0.8972861947978074,0.5746116255638336,160.0801820755005,128.07036972045898,-6.575311452150345
0.5097238385038478,0.6297887160825772,0.6892580097682433,0.972692427035724,0.8456406774998484,0.8851450988998144,0.7878136239078304,143.6024923324585,126.64497375488281,-13.652259469032288
0.8041847267414128,0.7610575475512291,0.8436140789198756,0.6807923296477899,0.6206743570374742,0.8791054425254339,0.6972786195178049,146.44095706939697,39.27326822280884,-2.9927713125944138
0.76883540023668,0.3801853657024706,0.9277941804442944,0.7602111194624678,0.536783471887033,0.951792960407458,0.5851472400577888,156.10196685791016,103.66735076904297,1.7565181851387024
0.7004972556195348,0.9412783584386776,0.5570194088419322,0.8313599646171335,0.720735405310759,0.6295129764372058,0.7685508712843057,134.83331966400146,-59.185194969177246,-2.130504623055458
0.9239381609956752,0.8956836228819558,0.8262127929334719,0.7049246588709338,0.4750456649083888,0.9674412272155598,0.6142818013237084,141.1208848953247,49.373130798339844,-1.4373943507671356
0.7265278939090959,0.680024642901188,0.5501330311454703,0.8676770386539134,0.2465742191624101,0.5974739404225952,0.4044655777455666,137.87160110473633,55.9907112121582,1.4174450635910034
0.8372540480416626,0.7252534695211741,0.9288161841224636,0.693722515202499,0.2910507152003327,0.882272391143804,0.8838229669192037,151.04188060760498,44.31461215019226,-0.8152972981333733
0.5332860543406012,0.5969649129660983,0.681899908508584,0.975312583779946,0.8369652714019089,0.5771902526279677,0.5456196957054431,148.47601318359375,29.053993225097656,-0.49960070848464966
0.8608753128231172,0.8481742564080814,0.9005841849513022,0.8341101596366297,0.8473989913379254,0.7075636986053365,0.9314339412998434,128.43153381347656,-92.32658004760742,-4.875981241464615
0.9796023774414812,0.7608193082612205,0.9447771823242604,0.7102635609429182,0.7358704357094445,0.9288975200017682,0.3714976483936133,141.29855346679688,81.69044303894043,1.514657273888588
0.7974217302496663,0.3691378203907299,0.7694417869857302,0.6868612821585984,0.0929365503460493,0.6372626057041074,0.8080928918894437,140.10154914855957,50.331470012664795,5.2847360372543335
0.69139151530044,0.9644224994018497,0.7721185676239681,0.8751503366157474,0.2253561228416085,0.6786954106677743,0.4472789479669299,149.2212495803833,53.91381597518921,0.4433201923966408
0.8382620524949738,0.59301714212085,0.8441720237494923,0.8021593025706083,0.1003087888572302,0.6112367274442798,0.6388473564482946,151.29532527923584,74.19745683670044,1.3159556090831757
0.47668542407838,0.9065834927000174,0.8663102846257218,0.8116251813323317,0.9446294710109292,0.7922862176789592,0.7811086747615652,105.17641925811768,25.17950975894928,-7.911813139915466
0.9013015755249724,0.8298596288630227,0.6472113263689577,0.8632836908622581,0.4614781927633881,0.8934813617984836,0.5982918445841101,148.64668464660645,46.557661294937134,-1.667517825961113
0.7169037659929038,0.744551847656693,0.8702863550539097,0.9067140118492192,0.6172703355285608,0.6633942283285906,0.5526404358987631,152.85005569458008,26.359866619110107,0.09062603814527392
0.6411872125507089,0.6124119323683966,0.7388330345837761,0.6972636076163463,0.4184962232815555,0.6131047673388934,0.4800024332536213,155.92743301391602,56.30695104598999,1.3549214750528336
0.7281680526892351,0.7879625630851211,0.746767058925566,0.8578391163519464,0.3916739787031079,0.884894007712332,0.7441396337995059,153.4307508468628,65.47494506835938,-2.980429530143738
0.5605310024059296,0.617427772629251,0.7068839912602246,0.7903444998439658,0.0924360557710115,0.875372339439818,0.5586706090693413,155.297607421875,87.43625354766846,-1.241980329155922
0.5671744588758599,0.7159765506506601,0.6931399280180773,0.9295681903847772,0.3438630034669803,0.7747483481697379,0.5243196101288294,160.58176231384277,79.69556379318237,-2.6086759865283966
0.8793151268936374,0.3766959143556095,0.8233151526263507,0.8900665453155323,0.9202239431778236,0.919241527633922,0.6073851947138543,150.38471031188965,84.25475740432739,-0.03229918307624757
0.6745019379200233,0.982052324210118,0.730979842196414,0.723830687951398,0.6346375069162651,0.86438998427727,0.8189648600052748,139.31702518463135,20.1085923910141,-6.311069369316101
0.9002310530461719,0.6569889347015385,0.91161161590137,0.8027351567233392,0.5907545981814574,0.6034578195636768,0.7583213444866518,164.692777633667,-5.198128432035446,-2.1506782546639442
0.9877893912162514,0.61369650793514,0.5831617071461791,0.8226953084089265,0.6760622293824726,0.6950307037210656,0.7674008931501439,141.30671977996826,-48.65977096557617,-0.5250625014305115
0.8562479569482309,0.4737693755115263,0.5905845790281217,0.9658800030325164,0.7463789753928985,0.640927687034924,0.3135404461755863,157.32870197296143,71.44432497024536,1.404178537428379
0.542726023444269,0.7269073780096589,0.9550391845042066,0.8527640425405345,0.1235425297645606,0.8761874717998147,0.4006685311662522,145.99187469482422,79.4123158454895,1.0275775119662285
0.9151121187291174,0.3824382770173888,0.7651925582257892,0.7570467351794106,0.8086590956202477,0.6016819639365625,0.7235969408819779,159.85595607757568,-12.196309685707092,1.33067636936903
0.6949814625357615,0.8975564063325123,0.8368045425066392,0.72289484079765,0.905410015786404,0.671430531069964,0.3817595770848925,126.52298545837402,46.38187122344971,1.8615451008081436
0.861396323945024,0.6953630155886538,0.8685750880644048,0.8706117780253388,0.179401928515024,0.8785489451855846,0.632917460894918,150.39428997039795,68.46886587142944,1.450597494840622
0.5159446862959884,0.9333773980493166,0.9841241518407476,0.7001537350469038,0.925601808342554,0.6819618502480778,0.449995352029984,108.25481224060059,42.467676401138306,1.5517375022172928
0.5825342468273389,0.5452950589488232,0.7091466998105922,0.9248112242045112,0.1474552939608597,0.9702583223967104,0.4094268441186196,165.74298667907715,124.90723705291748,-4.077579081058502
0.8018035271306565,0.4348262005618232,0.5606584892402612,0.8650633223791105,0.1287579649330192,0.5999684287978627,0.4293989926003607,122.71831130981445,66.87137174606323,3.231338530778885
0.7988459290192078,0.6022795221031595,0.9542825526025138,0.7628458526143714,0.7013617714459147,0.6836263221122771,0.5627888030300096,158.7412052154541,42.967498540878296,0.9763527736067772
0.4893145078692083,0.3925490865805381,0.9740384722961368,0.7274532743638352,0.4185079968014111,0.9449644354294864,0.4822766582461603,152.72002124786377,126.21838188171387,0.7904320657253265
0.8803407017286378,0.7414047229353999,0.8199179636740986,0.7561362426601392,0.2338412954277604,0.689285670188847,0.7402120769784987,158.16472816467285,36.07007598876953,0.3004942536354065
0.9735875926913662,0.984793354787019,0.8556980377148272,0.890800871275037,0.216443531255082,0.8942469761798327,0.6008799471287415,145.13051891326904,55.04906463623047,0.6434512622654438
0.6821207901457402,0.5291414624185452,0.6336686449829028,0.6882213858353141,0.9149063873567824,0.8162902203321555,0.5301123264421843,152.57895278930664,101.2341046333313,-3.6687729954719543
0.6940874735423039,0.9125624340753892,0.8018333816737022,0.9821407662074568,0.8777588487453536,0.5773973185239707,0.6034337349525856,128.13737106323242,-57.54160523414612,-0.7647706568241119
0.7645912657335523,0.4481672285234427,0.7765859503533523,0.8021199638753093,0.4938780405287107,0.9082595067696831,0.4973019025262847,163.97381019592285,102.88369703292847,-0.06297043897211552
0.5963701905428891,0.6529164173950546,0.5652815391637321,0.6810545430381894,0.5970723197246907,0.9202360956633798,0.7065240656374181,165.72387504577637,105.36969947814941,-10.081437945365906
0.6698538488166655,0.7390548367832892,0.7274966785695873,0.9810859622393896,0.6874980506089454,0.9231531182748524,0.5444557370054797,154.58680629730225,112.12637138366699,-6.814880430698395
0.8540636036810738,0.3793112616809236,0.7787298506460945,0.6735289135975946,0.4756323596867371,0.6896905152867429,0.5835826329229196,160.79580307006836,50.777316093444824,2.524263173341751
0.5460894673208767,0.936504622844042,0.9545911475243398,0.921160412792872,0.1268930516854611,0.9365036392496572,0.3425489956190156,143.2987585067749,84.68737745285034,-0.2224300168454647
0.6366816277155345,0.3939459670368201,0.7244052583422629,0.728546036063459,0.182349961825558,0.9448757784580516,0.8726233189033934,147.87772369384766,102.58820104598999,-0.9584825113415718
0.973928232196306,0.409702417305184,0.5549858979663254,0.968921153432346,0.1019466831914188,0.8510355425718241,0.783181324568755,122.0028076171875,50.48179244995117,4.287053138017654
0.9900909831406616,0.9787591935886224,0.7820928602992273,0.9724812719412078,0.3013594096260114,0.75047972609618,0.4487144654996933,149.56846714019775,41.85305833816528,-0.76893200725317
0.5271513582822623,0.8687111391676062,0.8024913884530878,0.8191783404288756,0.548954107584005,0.9132745152834844,0.5489376674456328,149.82904148101807,109.9435338973999,-6.163453638553619
0.966611582851238,0.897048737004914,0.9801353526690316,0.6747985022834648,0.2081360951691521,0.97127531973151,0.8060279906355805,142.01570224761963,54.596163749694824,-0.33522897958755493
0.4999132897806413,0.7731839140966257,0.6508677094432629,0.7397036509401703,0.933105460936031,0.6840346414424505,0.3924900765420798,138.92865562438965,87.37320852279663,-1.533436581492424
0.6939288428849452,0.7752803171836696,0.7738265354044718,0.7422779368826969,0.5717701423834121,0.6802116864812783,0.6587755557280963,153.2103509902954,17.950597167015076,-1.149450533092022
0.5607214028764562,0.4927514310120854,0.5593642365874255,0.7160257167828399,0.2731423266885309,0.6931883738820215,0.5837516282347808,149.07706356048584,57.391197681427,0.4186270050704479
0.5345683580785108,0.6916244948540895,0.7442017660271524,0.7278844122291198,0.4029807993669517,0.7654598879841472,0.5868919649946966,159.71437072753906,67.10110092163086,-2.1110772788524628
0.7538027542052452,0.8825452303117334,0.935138383748076,0.9912554342880666,0.2469610289957669,0.649233839002452,0.9242126848227604,149.36101531982422,13.638609051704407,-0.44943708879873157
0.6028157761106862,0.6819018040885527,0.5761964449689672,0.6818389741224995,0.0433435413668548,0.9306885488562612,0.5588895977318467,157.2908115386963,68.66037368774414,-2.109350934624672
0.8219904025742084,0.3851825287308359,0.7134238283702945,0.8342845247873656,0.4339942313049157,0.7302133510916886,0.8709221717892663,149.81084537506104,24.587871313095093,1.766845852136612
0.5483965240150485,0.5033528603725097,0.5344804275969308,0.6787357908648748,0.5699308930652688,0.882582173045853,0.7534199335118354,168.31002616882324,111.16263008117676,-10.026376247406006
0.846054474216244,0.3856098063134347,0.6472374455251996,0.8696971183092339,0.1418030468141748,0.6870693958293016,0.486482061869491,134.10499668121338,65.96963405609131,3.574264496564865
0.921210965680922,0.7501722665503772,0.7877651942808999,0.931324264708808,0.1547950637779861,0.8069320165940126,0.8689269971162061,148.54777717590332,41.38252401351929,1.9714983254671097
0.7303946703560564,0.7344550396555054,0.6535835395644746,0.8545549539880066,0.8440297695706815,0.6528460464268291,0.9412176977257698,136.80372047424316,-79.63991022109985,-4.652612805366516
0.7906707586479772,0.8645816574528034,0.9858282495598812,0.8420263384201765,0.6776954535961407,0.8301774867425846,0.9549280430858184,122.64738750457764,-20.860926151275635,-4.78124326467514
0.8757312043892473,0.7944013643866439,0.5815639827552856,0.8984259570361833,0.3111355225738728,0.8702454188924909,0.4266353385930117,151.20088481903076,68.64457178115845,-0.8299304321408272
0.8987577058544702,0.6394582578645331,0.7944816429480801,0.9903588775734914,0.9040548586064436,0.761658241872386,0.5961264041038307,143.7201566696167,-8.049492329359055,-0.9696967229247093
0.5969429048811649,0.6181101180025561,0.9093767840856404,0.8564995074500222,0.211542676466814,0.9460691333306688,0.4287697880178593,154.12254238128662,100.58325958251953,0.08611615188419819
0.8755229296136868,0.826782850140189,0.9569548566295464,0.7190078775111329,0.5432586224188365,0.6425698500742631,0.8683097677318685,159.98779392242432,-19.625386118888855,-4.270752847194672
0.6701680042392195,0.9002405624250793,0.7311545873667334,0.8277415101737527,0.6173162505330385,0.9732647072527468,0.6812027664190224,144.16880130767822,101.2934741973877,-8.068673253059387
0.7687697402600467,0.7426771572979514,0.533253398597128,0.9365603715629908,0.3465225307631356,0.9606948943167588,0.8913185662087957,154.541184425354,95.84505081176758,-6.288849085569382
0.9149912779083408,0.7420265556135426,0.5551188598733485,0.7151955840853813,0.0921897033260374,0.6616386540674892,0.7943675860002712,136.4363307952881,1.7665132209658623,5.482225745916367
0.8696392024273796,0.8267341991067692,0.9780794064671684,0.905656885463498,0.0351138994787787,0.6618843496195792,0.7753406553183584,153.96577835083008,80.33398103713989,-0.29533778689801693
0.5809358866659056,0.9111010798379696,0.8240963212303369,0.7938920519968932,0.8113750107739491,0.6572425530703591,0.456875229423403,131.40949058532715,32.85743522644043,0.3589904841501266
0.6242891689082214,0.3989855529044543,0.8929797514566031,0.7624742340489714,0.3834317444652534,0.8974146554865066,0.9864436672195016,140.66283321380615,91.41407442092896,-1.2901834547519684
0.4895718205086048,0.9197698470790776,0.59185845308459,0.7411649843835271,0.5831078386953701,0.7929206637412047,0.387516339851722,155.33253860473633,91.06707668304443,-5.009806573390961
0.5891882072731487,0.529325877863869,0.8738333852161964,0.6819741306819822,0.3951959624169179,0.9712595000791548,0.3148704973416009,165.5293483734131,120.61002540588379,-0.7106491141021252
0.92809658618442,0.748823857216782,0.8597704830007449,0.8606263950432248,0.597148859518257,0.8447541980577322,0.4447468833713505,153.59189224243164,56.86839199066162,0.28411481343209743
0.8831080248210295,0.988593110983871,0.5553321765924228,0.8821160014205626,0.8254646695961666,0.6818402838209671,0.5518152578996229,118.03161334991455,-42.74523138999939,-0.5242588520050049
0.8083564016705376,0.8751276843069161,0.7623045164589555,0.8290113086788151,0.7941244304378641,0.900736029819386,0.5380130037461053,133.16411781311035,61.35142135620117,-3.201913297176361
0.9298993064683968,0.4785299819421293,0.748062063877657,0.7562072195837601,0.9437613864366956,0.6572028054780634,0.7049489189947609,149.48972129821777,-28.447057008743286,0.19354457533336245
0.898482690254199,0.98379298589583,0.8208688535535966,0.8794830271187029,0.4075097969117183,0.8370391850288188,0.6404197347402489,144.4943037033081,28.813199281692505,-0.7948909178376198
0.603351893628044,0.5376735363885489,0.767253133035076,0.7148800361099175,0.3985472432557479,0.8396398452064087,0.7000567871466283,159.6669225692749,78.63018083572388,-2.1581148952245712
0.5191382656150952,0.5757605170251338,0.724498631900784,0.8022325641709838,0.4542694063096067,0.8186254220071122,0.4947204376076056,165.5355930328369,106.0277099609375,-3.1920127272605896
0.8996982754632674,0.4697868043527344,0.8619021060383545,0.8036310045080897,0.5287062409524879,0.8658257761797067,0.6533194964445357,157.22375774383545,55.2937388420105,1.0948638319969177
0.4586943151510346,0.6977510321712295,0.6796155783917611,0.7724471652151481,0.3294652957184436,0.9486484479823852,0.8863431667005093,165.8196258544922,137.09055709838867,-10.590474665164948
0.6122833584844198,0.9608255757760752,0.7132467012844776,0.7914577383633967,0.5847124087156967,0.9088302998560472,0.618924412396731,146.62070083618164,84.23249626159668,-6.552563726902008
0.615395050937988,0.9440281065700584,0.6623010915905349,0.889707652086455,0.9431627560760212,0.650119226392299,0.6503504928087005,119.60277557373047,-33.94822692871094,-3.3198181092739105
0.5777720506248256,0.9595696003050288,0.7620114229719839,0.8908476027535479,0.7229564783051029,0.8461893295004621,0.6451299751018911,133.72445392608643,59.951674938201904,-6.520225465297699
0.5444958076585517,0.9255893955217408,0.5767095840091031,0.8792844442287779,0.7887972632884662,0.8078420694708434,0.7839481785419871,140.02360820770264,44.7711136341095,-10.942946195602417
0.8882424770343903,0.7561690616784904,0.6262666198102245,0.7435933474207284,0.1932422681011088,0.9686510853407178,0.6651873629689633,149.36962985992432,55.746198415756226,0.5363161899149418
0.7602342548057297,0.4041569430863325,0.640347435581093,0.7676215754793942,0.0416214334003754,0.8361845158034091,0.6391506504423333,133.83614826202393,62.178359508514404,3.9113324880599976
0.9134502670682588,0.388625408925864,0.5891472759168497,0.8669750440893199,0.6931230607993605,0.6699872438312529,0.7429506520584997,145.44259929656982,-9.941329836845398,0.6610794402658939
0.6572876650154045,0.5623208006565346,0.9531637307427556,0.9560108579703032,0.2887667282322465,0.9115442082493004,0.6571970092544199,142.70029258728027,89.74479913711548,0.9748851507902145
0.7735979690485664,0.6931826211903082,0.8391563561695904,0.8521762087765419,0.9927097397670968,0.9328715571356992,0.463017888808784,132.30686283111572,111.56349468231201,-1.6584932208061218
0.6495147971191164,0.5918748023410803,0.8674310155010991,0.8712817174369667,0.8218389897748454,0.7079893099010495,0.829174303061152,138.94704818725586,-1.1819190457463264,-2.39211668074131
0.6798798057843884,0.7326498705734441,0.8098891043743657,0.8344203649802925,0.8428657080770047,0.6529622246174638,0.8386013560073511,137.45271110534668,-43.08901000022888,-3.210908681154251
0.8673664321361638,0.6554464711940016,0.8064073285023081,0.733050060112967,0.2222433063391626,0.8802165654295692,0.920484612963848,152.0400037765503,41.26289224624634,1.056189313530922
0.7853107426718873,0.7149802763027053,0.8322550674855236,0.8827482954292187,0.9395897102514194,0.6593565693265875,0.8926930329944791,129.90563297271729,-87.97644996643066,-3.719466894865036
0.5591739252671122,0.9050041730250744,0.7855130572093291,0.9128786182691596,0.6106869975430811,0.8334240464573248,0.6220725056757607,143.241774559021,67.49159955978394,-5.308539509773254
0.8128216110697046,0.6851015634124089,0.8865707880974227,0.8631324222028659,0.3027694520030988,0.7217115892248658,0.3660377325836574,160.48120307922363,76.71057081222534,0.8821908980607986
0.9013711477175068,0.4313419399495052,0.8253685133907156,0.8177688715496108,0.3109157379969077,0.7400316064593788,0.3912495064184182,160.4801197052002,78.6950535774231,2.6900214850902557
0.7119680753394904,0.924590123522928,0.9855386683433336,0.7672929654626173,0.1349640957201141,0.7975379036759694,0.4920739472972171,144.07196044921875,73.07425308227539,0.4074379503726959
0.9801372054793558,0.7327038426533865,0.6846765550725935,0.7220113192926957,0.6723130379333131,0.6666646877477093,0.5187401768976784,145.06494140625,4.937342643737793,0.04787978529930115
0.9112650966678538,0.8543184226672225,0.6653628491952642,0.8208996713695683,0.5747442191294894,0.9032096510300938,0.3187962364106192,147.13859748840332,82.27868938446045,-0.44953838363289833
0.5672937295140743,0.4502442659037532,0.6328270505864632,0.8740482930232143,0.5314159092782408,0.9708854085889104,0.445639342279329,180.219144821167,186.4844102859497,-9.026783764362335
0.8609032069550825,0.9086038698790384,0.7979475169646674,0.9555494075931704,0.9777988325956392,0.880354686882199,0.7695769383719706,103.7205753326416,-31.55849552154541,-6.027662843465805
0.805049497468021,0.9140196701087944,0.5742738842462347,0.8882114000553625,0.7969238483249299,0.6138483491602955,0.667358522277455,128.1897668838501,-63.387927532196045,-1.2417429387569427
0.8121821845314181,0.7386810007931663,0.890730105482875,0.735849380936651,0.8770216688307186,0.92031376189465,0.5560231427232131,130.62760639190674,73.78271245956421,-1.8369860500097275
0.5702814010821483,0.3888043392292319,0.969341965068773,0.8606839473314927,0.2855741562312016,0.7382487586891762,0.7336148194235363,139.77579593658447,72.28717041015625,4.317414224147797
0.486249032525446,0.5288626376192762,0.526037009430189,0.7173316250813534,0.7605903163379768,0.7988178211096495,0.4650321378020665,167.63800048828125,145.14842987060547,-7.940159857273102
0.5403898947532843,0.5860528153806412,0.7888159208375627,0.7122815120116485,0.2588307214892776,0.8534949748580907,0.3498552007831,161.7010383605957,88.43672847747803,-0.7399954665452242
0.9504350780922048,0.7980673940296075,0.8338760390009474,0.9554375446644532,0.4351330588150028,0.7579369225064835,0.5089961357664485,156.74557209014893,34.4324746131897,-0.6950094699859619
0.7461701009735814,0.784501002686923,0.5250205859803491,0.714167635282248,0.1376890695000318,0.8290009240043665,0.509023368835522,145.5465497970581,42.40081572532654,1.1307373717427254
0.7508605730700149,0.612873020893584,0.5525428369398929,0.7765492761411577,0.1227439472436035,0.7350160817620232,0.3163459547181299,136.11930179595947,61.46675968170166,1.4945785701274872
0.9865753290966236,0.4225156389667905,0.5164728376221822,0.8056763869139444,0.7764629125160545,0.830325489063612,0.8262120320398563,136.01324081420898,-15.38097608089447,-2.5633146464824677
0.7210849897117695,0.4748400073488817,0.6735452654850218,0.9211439087328486,0.4013657045436578,0.5994358347669078,0.5917393183659481,151.119158744812,46.335785150527954,1.8292210102081299
0.7866210014428014,0.6352402865273907,0.8790978740438244,0.8775336343941846,0.3302723491013811,0.7009054853289388,0.920546110381564,153.30298709869385,22.176195859909058,0.4731474816799164
0.5678605524095837,0.4704553052103957,0.8373597750208754,0.6715731080246273,0.6300639954474355,0.6032511043226898,0.4779167529166541,160.86486053466797,74.33271217346191,2.993202865123749
0.4470475532348745,0.7502456467159394,0.7278320937810046,0.9551685047005244,0.8888334836537939,0.6178581357939432,0.926574423628989,125.48626613616943,-44.49500608444214,-6.9345099329948425
0.7431631434778881,0.9746988809459152,0.5936437051680988,0.8861503344996116,0.9428358790275956,0.8550254516965503,0.3154685173381095,124.93828773498535,101.1067705154419,-2.9313944578170776
0.6892355088352693,0.6381263940532804,0.6767673588327794,0.8944810587244012,0.4916399108175616,0.6587263267431113,0.9519533180973228,151.53662395477295,-9.250154793262482,-1.34822665899992
0.5928895018477534,0.5004164575418472,0.7077584940357353,0.8693132605390262,0.7930098135683582,0.8917063026230392,0.7003694739034507,154.8300428390503,130.0970582962036,-8.427246391773224
0.4720509980104559,0.4357854597440589,0.681311328028485,0.9374197947710112,0.9300221163647532,0.6614198518099317,0.9250509089185291,135.27248859405518,25.062170028686523,-6.808526933193207
0.555984050274787,0.7629209700833257,0.8505169774458385,0.6899170982280439,0.7718576764018099,0.9323127564822982,0.5682619903270636,139.61428833007812,120.27649784088135,-6.430311143398285
0.5770793019922182,0.5013784087419563,0.5092464317026413,0.7445154050405417,0.726456955519961,0.5794275447795788,0.4272634061051668,146.7910499572754,72.61257219314575,0.8732199650257826
0.6826908245861052,0.4777395755661607,0.5521497721996925,0.9283713341753548,0.3172337140409612,0.956544601109902,0.5299059472980763,165.94720268249512,141.32223224639893,-6.5793668031692505
0.8521649203947266,0.877258997269477,0.5320352936873496,0.7056291492959728,0.4854806167908645,0.8850328894801057,0.7061887203268888,145.11403274536133,13.552805066108704,-2.0193580836057663
0.4610508117148312,0.5237832867344631,0.7790509625515665,0.8653496079977188,0.5298502384911806,0.7859209855476416,0.8358853948359031,150.29295921325684,88.00130558013916,-5.010741025209427
0.7975742409444533,0.4969408972333595,0.8957804168089564,0.9368791276360768,0.8407241812393808,0.8919368953448493,0.9130315184495236,126.99571514129639,22.805755734443665,-4.094317734241486
0.5818602298011776,0.3649039740613143,0.6029879453222833,0.8436256124905261,0.025627565138579,0.5835755501128109,0.4392101173351506,117.10610485076904,70.35676336288452,4.405165821313858
0.8089699937256587,0.8180936173580998,0.882611584359557,0.9755823612275204,0.7066384056387935,0.7637702085583146,0.4894844814357525,145.86206436157227,24.67890429496765,-0.22031739354133606
0.6758111748276066,0.6421885375589467,0.6624628163568643,0.7520013282936676,0.3061784322559872,0.8971637035843076,0.7708906673407734,159.58626174926758,77.02087783813477,-3.099539875984192
0.439823678758685,0.6014140711695539,0.5801420515178657,0.8899001681397646,0.2037490771681099,0.8064845825193616,0.6098833230204481,162.2571201324463,109.2636604309082,-5.495692193508148
0.5712294655237098,0.4765698902842588,0.6823264069729242,0.8704702050955894,0.8858944036592727,0.9187798648786238,0.7153710085434968,152.79718112945557,158.92881202697754,-11.413185715675354
0.7264867073379326,0.8855020237077821,0.8672444613944981,0.870486063902512,0.9711409389951876,0.9052864518407971,0.3703454090769186,119.0313835144043,102.16667938232422,-0.24883337318897247
0.6235967433481794,0.627308565027441,0.7336096483607011,0.8708365608974047,0.5071230363298076,0.8264909013538811,0.3997262255941766,166.3137378692627,104.35411167144775,-1.9320114254951477
0.6536599866775944,0.8711949598205185,0.7385805492456355,0.9044786363099532,0.7120824521750678,0.8621331195068465,0.7780186129261024,137.04314804077148,45.430806159973145,-7.496644198894501
0.7470869551761783,0.6538988086821855,0.9891745957159466,0.7323610110453007,0.1032032162798264,0.955100741520732,0.942688390835263,136.81243896484375,88.81688070297241,1.513279750943184
0.6763590691230648,0.5667910465822149,0.8308104683013773,0.6819376244610981,0.2501108226674934,0.9309591759817756,0.7082974600458193,154.62812900543213,80.26564121246338,-0.9422367997467518
0.6792102472914002,0.8415134682305856,0.6652434774141905,0.7556424220590683,0.2096007717728785,0.9036024889229683,0.4284569432112721,157.85134315490723,78.63818311691284,-1.6152359321713448
0.6307031866801107,0.5778417193042867,0.9779442286614556,0.7362801481761847,0.6582317892329977,0.7789598466722013,0.7462926034672939,144.59895038604736,50.32612180709839,-0.9391813613474369
0.788280644804455,0.7197999475597584,0.5652042097856227,0.8102470903271338,0.6132007989312525,0.9353802176572904,0.935794408708242,148.40075588226318,47.360591173172,-8.425585985183716
0.8509186486507978,0.6049316430190502,0.8957483886756353,0.7850741754292201,0.84585387763415,0.5854579147468434,0.7442802788700699,155.4581003189087,-33.53318977355957,-1.1175830774009228
0.5947826530351904,0.8918810870687859,0.5465030720702548,0.9755310081809394,0.5808200929926469,0.7587802436265906,0.6872836512018089,152.02074241638184,42.659871339797974,-6.695468693971634
0.854356306798038,0.6558221284967385,0.5780781977699023,0.7023092235509494,0.6369586201133826,0.723562099444449,0.3892490504554177,144.54638767242432,51.637144565582275,0.9734406247735023
0.7260574348298207,0.9349295464933322,0.9289515370630982,0.971994472221222,0.7119643975901296,0.9663393531998644,0.7608923001255796,111.08365154266357,52.18961572647095,-5.784332811832428
0.8564230056762313,0.7974475199274713,0.7578683220884728,0.9731175445280944,0.5773197577108865,0.7240576796466787,0.7659440383205169,148.05004024505615,-21.138948798179626,-2.140649303793907
0.8307407269837233,0.5448513217113528,0.9905411994243806,0.9015170505385426,0.7859951901926918,0.810037587090063,0.8101627949229343,136.87839031219482,1.4732836186885834,-0.5201204810291529
0.5789687377270805,0.5768967692227996,0.6164112090052085,0.8382023800411699,0.2909116392970077,0.7578032507900427,0.6993382709162687,155.8883466720581,71.92751550674438,-1.6251033693552017
0.7298533337526627,0.8972414411905656,0.944782530663586,0.8812357839024906,0.954504646665826,0.6649339006815076,0.9140388412803512,108.50717449188232,-107.72757720947266,-4.709856480360031
0.5536399284188835,0.5856497187623403,0.8813418709159729,0.7404270443551842,0.7407845679215236,0.8095206782412476,0.5122454410044999,152.10023880004883,101.30277633666992,-0.8319298028945923
0.4846652758669245,0.5697532496640497,0.6109666641639558,0.6843067936883759,0.8859957863380004,0.9799453435124936,0.5217008717650434,168.31457710266113,223.8498020172119,-15.197152137756348
0.8468964826525448,0.8707482175893929,0.973429573169103,0.8292876389715066,0.2166976133383934,0.7515579635083605,0.951758354363596,152.71995067596436,36.88440680503845,-0.7231516372412443
0.9245382757177432,0.4265458359493028,0.8430922939519339,0.9053115328425534,0.0554208328732425,0.6747301709065168,0.7761947866278577,139.6334342956543,67.12855863571167,4.204208165407181
0.8237208066786054,0.6767853747754002,0.7596711697826131,0.8173829371518377,0.6067617090972853,0.7105387537100483,0.8880675151079716,152.2841453552246,-25.136289596557617,-2.083221048116684
0.7702825930767865,0.8114761815790197,0.6235699189169521,0.8129665378119244,0.7576018228837702,0.7319286111891385,0.5922736242567908,140.8369379043579,12.6538804769516,-2.156060606241226
0.8629037966008346,0.5987807985255542,0.6072496730433333,0.958545039617517,0.2169286137165714,0.6622618250442351,0.7663975487054162,140.90182209014893,25.02212882041931,2.360130652785301
0.7102710225169504,0.9209730211852284,0.5801999935202693,0.7139120438542288,0.0465773317014776,0.6324963084265518,0.336555510651789,127.32924747467041,45.30389165878296,2.7527013272047043
0.8105974936201501,0.8242857537462961,0.8098985973821595,0.911251318192322,0.7617215281514076,0.593065393623381,0.967792129943342,141.1285638809204,-110.5505599975586,-3.816400408744812
0.8278538146956345,0.5002239589937603,0.7174559790156316,0.9656755737165158,0.995211071874679,0.8295626459155852,0.7499895462938713,135.8781270980835,19.103853344917297,-4.655008375644684
0.583618933413055,0.693305029118766,0.8566614237746966,0.9125001101587,0.4112241763295291,0.8337477333536489,0.7945096256144889,146.28499603271484,71.314453125,-2.8878665566444397
0.685047125827021,0.3783169935316331,0.9574822553384192,0.8135881166907609,0.809854495802431,0.7053706777963978,0.7132064977790851,150.9050817489624,41.3167450428009,2.864434540271759
0.4922238291930492,0.8649842644553256,0.6742968661476973,0.7521750958723549,0.0816858783869304,0.6635312215431756,0.4200047677087859,145.7115774154663,47.65744066238403,0.930187001824379
0.9405766436896176,0.9333247825913678,0.859127752033355,0.9443702767620294,0.2158176396893043,0.7798305616218332,0.3168485902089605,152.9097957611084,72.85669946670532,-0.4849003590643406
0.9554365117819816,0.8617934129604055,0.5584210695522728,0.9532504274253292,0.8220477485185282,0.7342989443130781,0.9717171394897444,122.20139217376709,-129.5947666168213,-4.758761048316956
0.7808349042619429,0.9607216349540052,0.745121056252235,0.735810948958916,0.876085885065844,0.9013887532339738,0.8421324713777592,114.8748722076416,-6.547562330961227,-7.898177862167358
0.5071333344035316,0.7725099421170054,0.9473205904355064,0.9398512270318649,0.4802796004305135,0.801411843603236,0.9701177836181938,126.10022354125977,43.466172218322754,-4.271074503660202
0.465428505872514,0.5057905900386546,0.7789146474134464,0.951734729851652,0.1557227718843666,0.7734853979283194,0.9351756079450232,136.03047847747803,96.47163820266724,0.10938983922824264
0.682531248772643,0.539571179914992,0.9201261829237366,0.6875410927929005,0.9233520443812652,0.8990354740871072,0.5472831370918091,141.3179636001587,114.20884990692139,-0.8405188918113708
0.8252844091715381,0.622685933825793,0.8159653635644171,0.7438724817110769,0.957624599173586,0.7761931357617244,0.4372114620519636,145.0929889678955,69.8886399269104,1.7377149239182472
0.7242341878343368,0.3927730750678683,0.6119382072106838,0.815360476280331,0.0563631617299845,0.9531262128616618,0.7261601906516248,138.9285650253296,98.15917444229126,0.9188306927680969
0.5353887958368968,0.4197051216685917,0.9240213774905904,0.8284089556290107,0.3698311895755456,0.8168885344300717,0.9831444767087923,134.84159755706787,83.19618082046509,-0.12668926594778895
0.535198203654703,0.43415926677908,0.9391899066213808,0.6775739878059656,0.6973039223003605,0.8783867604014103,0.4265196586161462,158.91857624053955,137.40296936035156,1.2559175491333008
0.7138509698989156,0.5387246465681648,0.5215974947643269,0.7139978644748255,0.7955566052914287,0.9772068453345722,0.7784872020895129,155.04931545257568,122.55791759490967,-12.851059794425964
0.9489795002084842,0.4383114243485618,0.7304664954246617,0.8630758255206644,0.581754911385467,0.82315182462941,0.4787083151052168,161.4652500152588,64.07270574569702,1.4713804200291634
0.5621350541390466,0.6582660271648249,0.7664557752401321,0.869401597120592,0.5341332716394703,0.63883706020675,0.566178232555398,155.54508876800537,46.9651312828064,-0.03452138043940067
0.9189109188430844,0.7959941691516755,0.6431340421287246,0.7226283083949537,0.1942083369862066,0.6531699383146345,0.7529259281118983,147.64770603179932,6.783742666244507,2.569502040743828
0.6770228792006482,0.5150859112117441,0.5352732284934321,0.7982160012696589,0.3777976959214595,0.7767919891417207,0.4442730582028347,155.48032474517822,84.78569173812866,-1.3899931758642197
0.6212468493580614,0.390904228407757,0.7142447142429169,0.9927180535513338,0.1626867766500047,0.9052615666701348,0.4717820495937253,155.4922742843628,113.0801591873169,-1.2585803270339966
0.6756522879576804,0.8241157454976662,0.8606376827146475,0.8986949621758877,0.7188186194385492,0.785920910598104,0.9817805501275588,127.66133499145508,-22.187101364135742,-6.147938519716263
0.6368033029035464,0.6564806214480944,0.8462798455813829,0.8741305598110288,0.6418739405066008,0.6354621228912986,0.916226954698806,146.6565704345703,-21.476725459098816,-2.011829823255539
0.5558134770732003,0.4083521714156234,0.7686140058598084,0.96142688856189,0.7445294989578308,0.9714485430961848,0.5793236635995171,163.01308250427246,189.4848165512085,-8.222456336021423
0.7499313299392785,0.7541871318576405,0.8397152039201503,0.8911195685550908,0.2272939736329388,0.8526341986545403,0.542191136784871,153.76525783538818,73.20335006713867,0.31568770110607147
0.68872750759877,0.962125777996032,0.7931505124111773,0.7325310505694068,0.8415923929949566,0.5964437821943449,0.5869623270486122,127.3142671585083,-25.129440546035767,-0.571601964533329
0.7125346725506126,0.538244784445075,0.7918343801098772,0.68862168922878,0.2679321341808581,0.7674047117510993,0.7968432221682913,155.94129848480225,45.100321531295776,1.1362739652395248
0.6272262440896168,0.5856804078637406,0.7087687563112117,0.8792303020597844,0.0661817934051726,0.747938706907106,0.9854786108612408,142.0656270980835,71.19343376159668,3.3552292436361313
0.8003136061607494,0.5459670552183306,0.7516037098916085,0.958627386363286,0.9948814099907785,0.9411810996067554,0.7825620796723529,127.86857509613037,67.22441720962524,-8.074039340019226
0.4696313244188385,0.8399156404257202,0.6675887139077041,0.9913218045460216,0.3422948845741764,0.7392301313520246,0.4116272281395091,161.80292510986328,77.62345504760742,-3.8345949351787567
0.9728791447645656,0.5211789217873543,0.6698653969773891,0.9740154247443956,0.6611735753568879,0.8487187307827311,0.5920017291579012,153.36263751983643,35.498069763183594,-1.424685850739479
0.5603127369744236,0.6708077563706122,0.8791824139954139,0.7029591745513132,0.3968848820245877,0.8179700274022083,0.8370775813240641,151.99422073364258,60.16696119308472,-2.9482372105121613
0.6894928544717294,0.915058609184858,0.6126183142560505,0.9704431214407778,0.977267108183895,0.681095141784109,0.6014779073584459,119.76183700561523,-27.280312538146973,-3.83197158575058
0.7477330245622393,0.8566387606168541,0.708839033157773,0.7038511387348123,0.5958570576476155,0.93511379058287,0.8630496704144508,146.08571338653564,38.84239625930786,-6.922188639640808
0.80922480853969,0.8898456426471597,0.9249742554202912,0.9939545614257772,0.6343415132255436,0.7245889454572468,0.8119229171438964,135.6422529220581,-41.212127685546875,-2.777942970395088
0.70853123652726,0.7481619747813941,0.8188969977017536,0.9266511515971252,0.9129167714068308,0.920929114250742,0.6699276690589235,125.65923500061035,74.53102922439575,-6.46109414100647
0.8163317070733975,0.7621456909451654,0.8874126412645791,0.6927901470587852,0.4567992202681794,0.9896836735205656,0.9361406218475904,141.6831407546997,53.689754486083984,-4.420031875371933
0.548398025118304,0.383639917444773,0.5162435208983919,0.8960594595540743,0.1673943893022917,0.6667560852914342,0.8943970495734979,130.52688312530518,68.81055784225464,2.2596753388643265
0.6019853450809552,0.6069899053713801,0.7481209352923135,0.685319690898541,0.5310997747010782,0.8891143924128413,0.8364659581352918,158.432523727417,77.85924530029297,-6.48597526550293
0.4820995073525412,0.90969345076365,0.6036898994718372,0.8599897897857744,0.9557510536875192,0.869152817900681,0.4094308205317171,139.7585153579712,158.07762718200684,-10.314630925655365
0.905107668102722,0.8524202923585973,0.9226847024973456,0.9951908651569464,0.4998097181644874,0.9268239227613808,0.4919921409243227,145.72644805908203,54.73784255981445,-0.32471252232789993
0.7770076274985289,0.7284167575015359,0.904167042578394,0.764998665315929,0.818941541672043,0.9349641818191272,0.5819222658478966,133.11021900177002,81.30853843688965,-2.404933288693428
0.786093629007675,0.6962004499444567,0.942159707993767,0.9183168235991452,0.4580376362493986,0.9572119776940368,0.9548370340760036,130.13306999206543,61.91406726837158,-2.994468003511429
0.556035940980218,0.7586487671523483,0.9325191903222207,0.7850011313610852,0.0415151572015457,0.98003597456291,0.3978598032677896,145.27073192596436,85.50459003448486,-0.08929983200505376
0.87587448501629,0.7846151003279999,0.9486771165838044,0.7383490759038691,0.674814559036317,0.7131394193508178,0.7311012952449774,149.39736557006836,-5.837191522121429,-2.6446591317653656
0.5068755961865677,0.5075576835266137,0.7293273207389867,0.8776090661361272,0.978695595707636,0.6461757289173317,0.372442581846658,154.46775913238525,108.39090347290039,2.2124882424250245
0.8414541208142081,0.7738103327386863,0.5723797067303718,0.9219648888617572,0.4740233963093412,0.9814951949331244,0.575249615974651,155.90678119659424,99.97738647460938,-5.602583229541779
0.4604360253760026,0.4123536683407235,0.593629313996935,0.6996608783566931,0.749507345359572,0.7305460790836811,0.9038407299355437,157.13334941864014,69.36473226547241,-8.256106734275818
0.9543253310681326,0.5279121658156404,0.8631500619272404,0.6933749003523079,0.1255623402673006,0.8580769809742164,0.3771513426341529,149.75146007537842,67.16718769073486,2.381519317626953
0.9244314087088126,0.4412588776111245,0.8219155345862001,0.954051001896247,0.5755173602513173,0.9542891788825572,0.8920677060758746,139.76409435272217,45.89109134674072,-1.719306617975235
0.994809545250836,0.630179023278201,0.6044496265452752,0.752967221623416,0.7681347604656901,0.9131001786590602,0.9423490774482908,133.9138126373291,-36.1174578666687,-5.204392641782761
0.7020229049010747,0.8008740554698246,0.7722122925026544,0.8613153765887395,0.5109976018610328,0.9778931853690576,0.964163138588562,141.6733341217041,84.71513032913208,-8.110615849494934
0.7734490612270368,0.6689647587131864,0.924568925038451,0.9271384254122196,0.3412067352753172,0.7567621486117846,0.8715081662308952,147.89203071594238,31.571187496185303,0.19977029040455818
0.8582806284030835,0.7197636622034211,0.9224407176850328,0.9624365231710784,0.1569573390303854,0.731632196041835,0.8826547103093139,149.18962478637695,45.73787879943848,1.3188101649284363
0.5140608305655712,0.655087298192027,0.6183051325350685,0.7028591472309326,0.3379263619814084,0.9268451038618072,0.5250948384380869,172.1427516937256,115.52168846130371,-7.43887460231781
0.4943377220619478,0.4372742587376747,0.6147665207940184,0.6853312267908027,0.956934305915876,0.6325322124882796,0.794898584323546,146.96722030639648,33.817328691482544,-4.366007626056671
0.6762558379399979,0.7684030345295239,0.7910813883480736,0.9364391956374132,0.4329648161455081,0.8151614853374566,0.4038254019446263,160.12212562561035,79.54625511169434,-1.0540775507688522
0.4664388762331112,0.5121340039900764,0.8831356062192353,0.7476194623713178,0.493715990550311,0.7285098429878494,0.9553988830500976,145.8558177947998,52.028825998306274,-2.398697167634964
0.7960130654707457,0.592877480972178,0.5293011042429451,0.9763080983704492,0.6758782870898005,0.8515137990948665,0.7087246997289427,150.4670810699463,62.21651744842529,-6.909487307071686
0.8277419093446488,0.9356735119916672,0.7084542070878813,0.6917088576593403,0.6379127237892961,0.8455675851036575,0.8561126139185455,140.08175373077393,-23.194560050964355,-4.231883883476257
0.9674814718805916,0.5055140011434662,0.809808250208639,0.9538720067575872,0.1958804633573406,0.7621930396356046,0.4259432284810375,155.33916091918945,67.47342252731323,1.5940024703741074
0.9536132330656012,0.4383177030257155,0.5232902268775668,0.7663159408136003,0.553441276445969,0.5782677940543679,0.5075422983543827,133.52871227264404,23.338587760925293,2.72162589430809
0.5282294207183496,0.908120574210334,0.581012434324963,0.7175650668557338,0.7851434450338589,0.8769836445389706,0.9430000801559426,144.73508644104004,49.377010107040405,-14.880720615386963
0.8320859543180565,0.7850550208846256,0.9188474145467548,0.8710045326527065,0.9675799364919656,0.907657342830828,0.9041089717260292,100.926682472229,-21.86967921257019,-6.759530961513519
0.9613234386542188,0.4608491087882721,0.8094659014375527,0.9463810554474782,0.5918701151191976,0.6161631163436618,0.5074390648182074,167.62601852416992,33.432074546813965,0.9689256101846695
0.9628566026009666,0.5722155041291612,0.8715028260362885,0.87767833374206,0.3042274230774523,0.6758937015705092,0.4744083800439697,163.62234687805176,68.63133096694946,0.008593808859586716
0.6042594588697172,0.9713350876580136,0.6815257494473577,0.894916352799733,0.757938482263831,0.7838988268349572,0.9203003072478342,130.37430953979492,-14.858603477478027,-8.661523520946503
0.7586356525664918,0.4996913666199707,0.7284773075775444,0.7603551486179689,0.93222277924544,0.7458705218944377,0.4797477812909123,153.42688465118408,78.34253454208374,1.0232564564794302
0.4539847759515487,0.652074718185217,0.980828723051286,0.8325378872305065,0.9432978581702292,0.9353038067618398,0.8769016332138826,96.31992721557617,114.42779541015625,-10.49758106470108
0.5792587763799288,0.867324727152148,0.9670002464252332,0.8387318759273057,0.4670174866925123,0.8049182059542387,0.803956779492807,133.93734455108643,42.448755979537964,-2.786326915025711
0.985998551520458,0.5089319339756533,0.7994295254661623,0.9782735613303626,0.7397991102924361,0.846782157229127,0.981422652373798,135.90140533447266,-46.447721004486084,-3.1385125666856766
0.6092077408064072,0.8823639754209527,0.5863273009070585,0.8843494016651191,0.9057701414425092,0.598766817753747,0.8358166135186336,125.56647777557373,-82.05715751647949,-4.696223229169846
0.81715948572916,0.8107525598133474,0.9424653803369448,0.938361726318351,0.1279491364931194,0.593505189787008,0.9522058428306904,157.25401401519775,44.53033494949341,-0.09791316092014313
0.7970229527682847,0.4230212493304475,0.8664957071389563,0.8985994025515485,0.6554737544486477,0.8421544506281535,0.6082044765329079,157.85066318511963,70.15876579284668,1.2650510892271996
0.9363767875197512,0.906846354599114,0.8692804873873372,0.8977880595875937,0.5477100308470664,0.7194552955873548,0.4041107425292064,151.1065549850464,40.976162910461426,-0.6578154675662518
0.6279214846816297,0.8204066552293882,0.569789895008682,0.7925821399975396,0.5389369236830135,0.633307338550639,0.3198829682375344,145.15513134002686,60.95849132537842,0.41285390965640545
0.5812286172113359,0.4546945895506068,0.6698277834189554,0.9608842466528724,0.0515078971378589,0.69395554937647,0.8643628110414676,129.67143154144287,76.81630277633667,3.9330906867980957
0.8500432931734254,0.6899555824609449,0.9237754213826956,0.9434166315450904,0.8221844277921606,0.6220575732851963,0.3444480158657265,159.7738962173462,41.16576099395752,2.5801095962524414
0.8343283731717188,0.8354311948706408,0.693649148973899,0.9779651960328584,0.781680834518522,0.6324341303807668,0.9422243993278784,134.7230348587036,-115.8008337020874,-3.966601550579071
0.7467078147651325,0.8014669345137896,0.8213036630943331,0.7993539129143812,0.1892580531592181,0.6867819797395296,0.8228779132339474,156.0251865386963,37.714658975601196,0.9708004668354988
0.4866814351800281,0.3998560416220952,0.6167118537693919,0.8498823549350675,0.0882118397608217,0.8165932934151938,0.6490216551791422,144.52988815307617,103.07431602478027,-1.1622219383716583
0.8679836377760912,0.3838541467566352,0.5128761901026883,0.8931764479084447,0.0318003639784281,0.6029589869381492,0.681320146514094,104.66334533691406,47.84343433380127,6.392202258110046
0.6697306457136127,0.7065445534490908,0.8320333547861452,0.9725666091274228,0.4488510110720435,0.9307041336004536,0.6059032943788535,152.94872760772705,98.46079874038696,-3.5350425839424133
0.5779566261656532,0.9127328001703136,0.813828213720701,0.911883266539931,0.4936357595058798,0.5849703372779372,0.420027384868507,147.2705307006836,34.85366773605347,0.5310532562434673
0.8040439359123912,0.7744787562196422,0.8279697835926092,0.7556441985271408,0.5168463211622606,0.7638293275859878,0.8542610768324492,152.74507522583008,0.10426286375150084,-2.2875910699367523
0.6565911872482459,0.7454458308187535,0.9354274841527436,0.7418387644140803,0.3133866821573575,0.7908981208848651,0.7725189826184113,150.2232208251953,53.24074363708496,-0.7637175396084785
0.5817008554750261,0.7552378104464884,0.9451991441201812,0.8567580160217018,0.2209853880637318,0.6448397343606852,0.7452860382087392,147.2767744064331,48.63344597816467,0.95961993932724
0.8315770688399324,0.6574890379373103,0.8875454300362314,0.7365162613175895,0.1958728047689081,0.9529277377306252,0.4845217529685074,151.96790409088135,77.24316310882568,1.3663877993822098
0.4552724645796963,0.3623715386067888,0.8197385897701492,0.8555935903347618,0.3111012382035375,0.7489825283104974,0.8481973415682009,140.2641305923462,89.06206464767456,0.8462656438350677
0.8400115453448845,0.9172233855032592,0.5866057942874074,0.907196075141818,0.1993177812342515,0.7067703190689758,0.5723285312122086,143.4721441268921,33.19455122947693,1.6598389148712158
0.6607231689785795,0.8540216556098666,0.7831731638582662,0.8263384077633176,0.6590292266998885,0.805447767744003,0.9029865416382348,139.33282852172852,6.696651056408882,-6.051384538412094
0.6304253740433408,0.4047854178181019,0.9314229653115942,0.7318374626626905,0.8153962509427681,0.9465393744566228,0.7925117125466836,137.60191440582275,118.51685905456543,-4.299296170473099
0.5256939146694997,0.7272880374160053,0.6602809295177714,0.9565814954069384,0.5044683094911717,0.6097453106831623,0.5539012608827101,153.5697946548462,38.35955882072449,-1.348805770277977
0.8002474390433236,0.8497106989911245,0.8503195727084131,0.7077273485511336,0.2040495478813117,0.8565950965903475,0.4014393650720755,150.17611598968506,68.3663272857666,0.5775132402777672
0.9353894130390992,0.9332747330383286,0.934605106018002,0.7804792998413356,0.4031173207707076,0.9271048679745012,0.9400916469510858,137.53855895996094,19.427586436271667,-2.3752504885196686
0.8424912885293783,0.9292704627013364,0.5131272802088208,0.990120154218434,0.572295210168426,0.6852795959759513,0.3233904940782861,137.84655952453613,36.58627915382385,-0.7164666429162025
0.8990928426375739,0.6794432710078092,0.9803742550771304,0.7586808416882292,0.1388641761098404,0.7111777842778905,0.6787323138941395,158.1898069381714,74.87718725204468,-0.40155889093875885
0.4477095606837636,0.6686175848420561,0.9739162724212782,0.9007095347871903,0.9564239315051376,0.6267264282128202,0.4714067029187651,126.34118938446045,40.60306477546692,4.369214057922363
0.8628951343393605,0.5274447814891647,0.5176437895392176,0.8543424115161865,0.6957486344119043,0.6570958774724137,0.5794832009296806,142.00276851654053,13.96689110994339,0.14905878342688084
0.9895072672222778,0.7400151512710715,0.7176686155001418,0.8328804872948157,0.8767520880149144,0.8650302203820279,0.9583945994569184,123.5760326385498,-75.71975994110107,-5.945528864860535
0.962730918622572,0.9269926149524628,0.6540641551670338,0.8511596490377266,0.393273532019209,0.7313830955275121,0.7808189941975605,146.17064762115479,-22.646307229995728,0.4098589774221182
0.6635050817231702,0.7714843902937296,0.6358074125330582,0.972366356778528,0.3046224426856765,0.9212234823706984,0.3187896219624421,170.89834213256836,117.82690238952637,-4.944617390632629
0.8279896391358779,0.8016539266747649,0.7695770910528028,0.8272976673034976,0.2504080205211427,0.9846267569542226,0.4666403451696113,154.49314498901367,89.25486993789673,-0.642100878059864
0.7590721569190517,0.536405813831551,0.9247164456130992,0.8347494761158227,0.5704772004800397,0.9563899419234194,0.940628701351672,134.58545780181885,71.98641872406006,-3.543207198381424
0.5272752492708743,0.9169709558527074,0.6084896526148015,0.8682090263658456,0.7141529848789877,0.6224020355842365,0.735283457501977,140.0688772201538,-20.50189697742462,-3.8477537035942078
0.7817770981843994,0.7265472462299007,0.55037207519162,0.7588364998082198,0.4853803782447458,0.7019744049771276,0.3580401166168301,144.60952949523926,56.878962993621826,0.6709374189376831
0.487765873800699,0.4577589546957231,0.8128473348099232,0.805522453105109,0.9677534597355746,0.5765413137515529,0.4372946698851464,150.90712547302246,84.34613275527954,5.031882107257843
0.5512855877419892,0.931557712077324,0.898191081799388,0.6714669940166879,0.7844220082214309,0.9062633000969836,0.4667290696339895,123.0089464187622,103.56267166137695,-3.828797370195389
0.5795144603288085,0.682118997513614,0.9780077849247836,0.9726792969730478,0.8375168570325888,0.9179015282184404,0.5250597767304651,127.22560977935791,103.27485942840576,-1.5604692995548248
0.7216250990340904,0.5550899028441174,0.8470901205022674,0.8008877290798058,0.602140702756124,0.7538837157684355,0.5963835258318271,158.4900197982788,57.9491810798645,0.4428439326584339
0.8319343674688146,0.6946002874359023,0.660025360299089,0.9794878824899556,0.3624216060413695,0.6253960859236942,0.4649799999845366,152.0176248550415,42.0769829750061,-0.04070381447672844
0.8993396673104784,0.8042874260639739,0.7848437749606236,0.8335744744630547,0.8264849258052414,0.7387539211234179,0.4254941896550991,141.24366188049316,32.34536266326904,0.5819853073917329
0.4682912880252565,0.6170187642282723,0.8160967060325943,0.9165735811534912,0.4340448461608457,0.7589528594545683,0.7588420200359545,148.9737033843994,72.53052616119385,-2.8637747019529343
0.9833794258737788,0.7341611780822487,0.5420574365028111,0.7709277712872227,0.0219422984317207,0.8989477113581816,0.4368016289305348,127.43631076812744,39.70369291305542,3.6441375613212585
0.9026077522998824,0.5169755333127459,0.8976491440623047,0.7211868357660393,0.8713567239278829,0.6765568093005458,0.6713180138142133,157.2907361984253,2.117879915982485,0.19315452873706818
0.6689648848410537,0.9706089231884132,0.8509946837893072,0.814451678733098,0.965380429283728,0.9920486393730958,0.4184572759741628,106.61391925811768,136.94640254974365,-4.110698640346527
0.5126049554895024,0.8441216606041653,0.8424205695166422,0.6898598200175783,0.160124479670953,0.6316581325234213,0.8810268536806154,156.61360836029053,29.467957258224487,0.5296346805989742
0.5505856496835753,0.9432768528170544,0.518702392001663,0.7679439139712307,0.977678111335068,0.911779298561474,0.3985011159795183,134.85684967041016,167.62912940979004,-11.10132122039795
0.5893030737132745,0.4923455955298267,0.9446672822672052,0.7388710771348377,0.1510206887517745,0.8468540743569268,0.5907103897338,144.80067348480225,79.07149171829224,2.601643815636635
0.7654404193055621,0.8884277589543522,0.9754144446512172,0.9654505774369004,0.275469124567974,0.7799540894217702,0.6098386161998928,146.0058298110962,48.895907163619995,0.037903343327343464
0.7777887811773907,0.6095371442767277,0.5976680800884099,0.7515098671174336,0.0977490924092099,0.7920280732305988,0.7714066367029746,143.88718605041504,41.05346202850342,3.312005192041397
0.6997661845159519,0.52521954718587,0.5979533377996107,0.9175801246389752,0.3914860281066549,0.6336150925670998,0.4628111442505708,150.64336776733398,62.783297061920166,0.7740048784762621
0.4491842444006234,0.4613208813034362,0.7680577395952322,0.7463216036716491,0.9560782058287622,0.7287626430313375,0.3880888072557377,157.7535161972046,148.29478931427002,0.6291230395436287
0.8212124266421269,0.5831262815060176,0.6306309960028544,0.8770277201325793,0.339273289469761,0.6503047363278157,0.5407712837810186,148.4309787750244,44.67031288146973,1.3008873090147972
0.672823157416458,0.5259238929720074,0.800073360798062,0.7851641464638278,0.1428174065076532,0.8094462666232263,0.389233560333867,152.6593999862671,76.40853548049927,1.9845461547374725
0.9864455079497438,0.6350021453066799,0.7681926829668699,0.9319491622523414,0.1276025631631173,0.6774568999436663,0.7174799014755151,148.61923599243164,46.74282455444336,1.437260627746582
0.6905525580053704,0.895679225213403,0.9729706597033664,0.7517293565308694,0.4827688192938135,0.7627588731040756,0.7973779355490609,141.483136177063,21.44521999359131,-2.5848233699798584
0.9086428813552514,0.5275151008077633,0.8939309145570074,0.9855118499448374,0.9529065687637894,0.6114713816180688,0.6537359580086234,152.7165937423706,-51.50550198554993,0.9364249538630247
0.8913163664857429,0.539784661735964,0.772955660681893,0.8193170637528028,0.6451314589045495,0.9130718701030198,0.7420088996466705,150.04096794128418,48.94781804084778,-2.264258235692978
0.5459295116665479,0.398085860974104,0.7144410131737897,0.9076519285178888,0.1844111800818584,0.9409610407605674,0.8769106509115314,143.32122135162354,146.3744134902954,-3.534565433859825
0.7863042640935072,0.7439826827632205,0.73733777496864,0.7547326398023861,0.2469168373653833,0.7478071132884865,0.7986572159496337,155.86818981170654,28.999906539916992,0.9323466569185257
0.4382554873423964,0.66649808324872,0.6547032756509614,0.9785722561586072,0.276396735098037,0.8648094239454293,0.7520772178540044,161.53790092468262,130.8206558227539,-8.273265600204468
0.6627738395485258,0.9439242388212123,0.771849670689795,0.8684704358406072,0.8607300133350808,0.9608651898435304,0.7699435454157116,115.12751579284668,75.059823513031,-10.587852597236633
0.993088892586806,0.870578868493877,0.6162287645116592,0.7414356726749137,0.8910674520900402,0.9415775150969576,0.8668366346696814,113.27876949310303,-47.71383857727051,-6.464917600154877
0.5373563716303501,0.8687528797279682,0.6704453377708312,0.723184706824564,0.8071539182887654,0.9433933006761852,0.3596914894021979,149.7065668106079,165.36373805999756,-8.125201642513275
0.7581886180172615,0.8078574170651935,0.92066910340129,0.890607480442865,0.56104955278286,0.6292010762678233,0.6056315897012003,152.77301025390625,14.842281103134155,-0.7376932315528393
0.936454905248769,0.6364851939430002,0.8319186372671428,0.913268209358854,0.6243328409553008,0.7337205556517471,0.3973496807251442,163.69839096069336,52.39789819717407,0.9101333394646645
0.9463897876642756,0.3933383994275647,0.6480679230867629,0.8288928464985589,0.4807758206233442,0.7475105472214101,0.959643073948708,145.01988887786865,-16.065802097320557,1.4822529256343842
0.8998130164142149,0.6069071099227661,0.9290509282154452,0.9892963763903424,0.8816170608562884,0.6238932413040316,0.3554132974314405,165.1472682952881,29.22372794151306,3.2112167924642563
0.6905112332170577,0.4190131297598866,0.6545078248154579,0.7615481353605036,0.6141879194375731,0.5856508751862113,0.6948120844167799,153.53811168670654,25.28440535068512,1.713899165391922
0.8850528524148009,0.722880250241988,0.5491232012349366,0.7245761041754101,0.6229511053483433,0.8526878041367527,0.4777524149442074,144.07635593414307,49.84615230560303,-1.3155616000294685
0.5424900246901632,0.6189032999688409,0.7536684533935978,0.7293899511720798,0.4993511630324835,0.9631283913148267,0.4085790108528689,170.19501876831055,145.02380466461182,-5.787671983242035
0.5023166569907395,0.7467089000245514,0.8840492774883171,0.9418869708694064,0.6846490601475909,0.7437314496531501,0.458984846985249,145.83573150634766,67.36999797821045,-0.45486750453710556
0.9359785490648972,0.6930383712895138,0.9642576675817338,0.8503464514791615,0.711224561661746,0.933500773623782,0.3426395477394354,150.89604663848877,89.71560192108154,2.668242961168289
0.8758345515160773,0.8008786648913557,0.5180342428668475,0.7296374503003875,0.6299825505712674,0.8219155040498234,0.8633339005473408,140.72101593017578,-35.80898141860962,-3.108747184276581
0.5409085280897826,0.4929125610724998,0.7095035531173928,0.9694851427073964,0.8009425881745706,0.9424511654196412,0.7833237035998342,149.33904361724854,165.37525272369385,-13.244599997997284
0.7289573562334835,0.3786063411190032,0.6142760086946926,0.7700231188366665,0.9356752317620154,0.7068800534196926,0.8201972259030352,145.13587379455566,12.488869488239288,-3.0062296092510223
0.9967947786531508,0.3781280417643643,0.8512170195308917,0.9020728789671202,0.5852046029266297,0.791751745618071,0.3670109962788419,172.8928985595703,74.25735902786255,3.6265587508678436
0.7926098245598712,0.4361300753980935,0.5216293770566407,0.677185099149535,0.0226656084508244,0.8967388531516148,0.3270151204560168,128.19631099700928,40.56399130821228,1.8463611751794815
0.9607480574082256,0.8008468532816083,0.8681452989684013,0.9517044588048764,0.4748702841472325,0.7197876400439713,0.3702319101358596,160.8868579864502,51.72945594787598,-0.6848603934049606
0.9546494945434048,0.7703976112943246,0.9711886694328866,0.9623810603652004,0.1280206290201888,0.7800164818352457,0.917397800951114,148.46833324432373,49.69939470291138,0.9186776578426361
0.5448839795885123,0.608937478385475,0.6927606708459235,0.7980326443418514,0.8972243804009479,0.612820744206716,0.6606852104061747,144.0277976989746,21.59325671195984,-1.6684781461954117
0.8907686727184296,0.5730950235617148,0.8224093139124875,0.8554574225796863,0.245023319676899,0.5967050143805921,0.8650719945071821,157.83388710021973,29.334288358688354,1.071854293346405
0.520332989766251,0.81446481627292,0.7167498638334135,0.9781869709787232,0.5408224592470025,0.8830185706471737,0.9582275342780596,144.6131181716919,89.86151647567749,-11.073308229446411
0.7825460128612329,0.8881432822614362,0.9040137001577404,0.980430164724722,0.321718512288468,0.5836434869351842,0.3965391323055427,156.8992042541504,56.58417224884033,-1.3399131074547768
0.750902508440287,0.9160680502879376,0.8083948794563027,0.7700235111688317,0.5678765304848739,0.6433503368533506,0.7721069022189433,149.0275936126709,-23.164828300476074,-1.9593981355428696
0.8228847615230939,0.8050032339535413,0.6006426833686773,0.8067509358948358,0.6932401508646001,0.746450132285893,0.3640447418619885,142.97094058990479,57.32445812225342,-0.040919164195656776
0.7734728772245179,0.6764858719490714,0.7572126720852392,0.8054415113171433,0.8489347868333713,0.8024459861221238,0.3724697636889472,150.83810710906982,90.78406000137329,0.5469279796816409
0.9125879643383152,0.4775667392680117,0.6950668975667822,0.7283453323046727,0.6363230342742596,0.5890753371285423,0.5639689570548176,156.02700328826904,25.1160991191864,1.4647501856088638
0.8216378617446493,0.7141793199989885,0.723574457082335,0.7365528394911501,0.7800161608281179,0.920811680442325,0.856370305489097,137.9511022567749,24.99418532848358,-7.002210557460785
0.5484555577393676,0.4615682201138022,0.9755240533602436,0.8184548700823266,0.8749410121780556,0.6338161827213854,0.7481196329459358,138.66499423980713,21.25600564479828,2.1776578947901726
0.9046519401630252,0.4439416944383447,0.9536358003954316,0.9183016035739784,0.1346333485997602,0.9897979559490558,0.8397457535567052,129.83777713775635,84.77724933624268,4.728501707315445
0.5836430819896182,0.7719262952199288,0.6126269766698526,0.9644886050507764,0.4782130174595302,0.9614439861882368,0.5503154795225434,170.45029830932617,152.38731002807617,-10.75989043712616
0.6047494206890994,0.4012341582963316,0.904305333256742,0.7600429580205286,0.8305916817626524,0.8883473912179278,0.6464016676868971,148.05533123016357,122.81503963470459,-1.5603767186403275
0.7648075369176588,0.4735065585551182,0.7788440024289169,0.8610331020056647,0.8416805772728136,0.6171420772853616,0.3258570531866858,164.9199447631836,84.22870922088623,4.547943696379662
0.9884437057750391,0.866918159797002,0.7529208652078171,0.8240836868030466,0.1118388566128167,0.9417973377455056,0.5039880338034877,144.54888820648193,62.851595401763916,2.0124604403972626
0.9772325070124854,0.836496824443926,0.6109737040979097,0.8545091512444585,0.6966696118127788,0.8254995903987169,0.8914079924810343,133.02010822296143,-62.16637945175171,-3.479074865579605
0.8300687539163399,0.8775796209094116,0.6138887437059428,0.8678707755865858,0.3518260687917452,0.722489377370359,0.4878762820194392,146.71828651428223,37.21394181251526,0.397019911557436
0.9183850294929312,0.3761195999093344,0.6988323508520417,0.9630236247244472,0.0316006205324523,0.968024721285095,0.4594718572847757,137.5762939453125,78.98550319671631,3.0039658546447754
0.4917143126115044,0.6966001768541611,0.9742176309670532,0.8508431064308983,0.6184779828082207,0.7327191852320286,0.6073091644204038,138.42094707489014,54.64428472518921,0.004328395240008831
0.8266954735881722,0.8324064443423769,0.6006638960698628,0.8436685392040003,0.8709957053405863,0.651884332260948,0.7375087991393803,128.70573902130127,-70.21506690979004,-2.3292597383260727
0.9939358516044356,0.4293541524309139,0.583247758836688,0.8725423337583612,0.5497506872276074,0.8499119667042894,0.7608860016699954,143.37209510803223,17.484565258026123,-0.4065123423933983
0.6445255213867166,0.8570815614696738,0.8244915494194709,0.7882666896252325,0.373824574116305,0.9367287626981248,0.3155273783649016,156.44418621063232,104.58492183685303,-1.60465457290411
0.559362041529673,0.6927905668255714,0.6516033727633103,0.8633843546105067,0.3691844685790671,0.8592517775345632,0.9715827305234166,157.8659210205078,88.4758186340332,-6.729620635509491
0.8288453963091431,0.7170155671181664,0.84119794762447,0.9096817661317156,0.8338549777398585,0.6282392452672326,0.4837853904679803,150.33697605133057,9.929721355438232,0.8927560392767191
0.9755431201848924,0.8616188426556027,0.8634623204442011,0.9601994615954388,0.9179139152672946,0.9242598882674428,0.8015486120969575,106.49611759185791,-41.67209196090698,-4.929591178894043
0.961696378024314,0.7546184989774696,0.8590442899437416,0.6930475729444769,0.4966583879261649,0.6731677226996676,0.9712300097120448,164.8148021697998,-43.62974572181702,-3.3497284799814224
0.7337763797043276,0.5966889316091186,0.8892773898327294,0.7598846856230795,0.4080614796965905,0.6655423324701847,0.5879604782388166,160.47634887695312,55.61474084854126,0.966467022895813
0.8871469509225912,0.4507282654854102,0.6712647115113156,0.9000492170730081,0.0922308305383468,0.6188786562077571,0.9476465727042294,132.08056735992432,34.97470760345459,5.921681523323059
0.8971841330124557,0.7509173555412589,0.8753672279416371,0.8163563705965374,0.7787408413791819,0.7820697673286778,0.4169231441055837,147.87062549591064,52.509032249450684,1.0582970082759857
0.5279173705610142,0.7688621584425934,0.614243588397422,0.9765023265946712,0.650305514241497,0.8254567350628351,0.3482537729182306,168.78997421264648,131.0641107559204,-7.200284719467163
0.7346503755679179,0.3765511758242312,0.8707272646712736,0.7234533949060861,0.0827955823311096,0.8772278847068372,0.4560011125279494,144.33781814575195,70.22711133956909,4.283864825963974
0.9015379350879602,0.4155189563971106,0.6893497696157178,0.7374629061386763,0.5428054765501367,0.9015453948291494,0.7236922078141205,153.56960773468018,51.02349662780762,-0.6142351403832436
0.6826620311326782,0.3676037222493592,0.8969130165036783,0.7089220458964086,0.5828433270846067,0.9786668010809778,0.3478853393671673,168.98016929626465,145.09109210968018,1.9873970597982407
0.5598521820666801,0.7414238909050463,0.8478499914278936,0.7357993021218633,0.5184145833409814,0.6905677501801782,0.6616424276493984,152.677885055542,38.84216666221619,-1.2610090374946594
0.8630326631946827,0.4399170450949904,0.9752326788558175,0.8254912034945968,0.2336801705840864,0.9679938086951414,0.4073104932048126,154.4935646057129,85.35776948928833,4.47017976641655
0.5060565658682067,0.8621015333792391,0.7894855266865032,0.8023661711637144,0.4698432794838644,0.5818562234607468,0.9604028098952602,151.65590000152588,-24.780572414398193,-1.9651941061019897
0.5557015481417402,0.8421235522157651,0.8710418256268626,0.8899197146869311,0.2564494879149511,0.8551406719553917,0.8887806490829964,143.21527576446533,77.86139583587646,-2.6621765196323395
0.6646948481370207,0.5359646445063565,0.5168830676369076,0.8164835334603244,0.2121037892636849,0.7098041367194763,0.8070125119573632,142.9690294265747,43.82161569595337,1.6646360009908676
0.8002953538593489,0.4751241039427631,0.7171472822320956,0.8239653539396516,0.8905830327734182,0.7305700298789233,0.8778058223748539,143.29321098327637,-21.741677284240723,-3.088919445872307
0.6071401650135116,0.8132588247458473,0.7419714309271712,0.9115831419191428,0.3295572554064954,0.8728074517222087,0.3320266120111669,164.198579788208,100.14462232589722,-2.654422163963318
0.5739232727029795,0.7182831833822434,0.7580552069567283,0.948781030982998,0.8574108855728053,0.7066037678107283,0.8546308270851248,131.6092348098755,-12.300876080989838,-6.096981436014175
0.4622049634514572,0.7515174480899036,0.6452802164359892,0.7220356886151565,0.2489018093106305,0.9455790079642932,0.5979016670385452,171.97324752807617,117.08398628234863,-8.30248236656189
0.8221350245079041,0.7383702536567097,0.9631945757509413,0.6769624902060807,0.1225342247994482,0.6610762388556184,0.3175257202043183,152.75610446929932,102.92238664627075,-1.6370430067181587
0.9857451898175202,0.8643168054448113,0.6882963281373611,0.6781874045523979,0.7923396613650677,0.6415533718578244,0.4361922936462488,129.96559619903564,1.8991534300148487,0.5136911757290363
0.8604230534521249,0.9433038362460728,0.6676583109823653,0.7642137284488645,0.307216765639254,0.9730252671825514,0.981914300952299,150.37115001678467,37.78847050666809,-1.7453113794326782
0.5869962901424383,0.9607305526801312,0.5807954477228481,0.6894109818624327,0.2908960381292951,0.6083588121414771,0.8553958255098821,156.99244213104248,-25.23986065387726,1.6713206246495247
0.6294177484962424,0.5111350744988993,0.7510394924844837,0.7583802261757425,0.16218567026142,0.8854037353043821,0.7111583759239857,151.8648977279663,86.12312841415405,-0.01366708055138588
0.9984253291476488,0.776560202029914,0.8335524740574489,0.903168693407217,0.3052846848175801,0.9204140048579283,0.4940138687598283,152.32568645477295,61.207383155822754,0.5554927159100771
0.8500545017915044,0.4938830413109975,0.8690106405775914,0.9194612143629506,0.3260167344522846,0.6397996735394279,0.8208512430551091,155.41417789459229,28.72303557395935,1.6823475807905197
0.7241221527225467,0.4557074506234935,0.9317307615915256,0.9560735572502572,0.0901354450548702,0.8125027191396941,0.5014329579866096,143.70824241638184,74.39981842041016,4.291756331920624
0.5626705195904212,0.8036634949761254,0.6936898279179318,0.7753629741333562,0.8547935442222695,0.8482367719080453,0.3660786800934036,147.2898817062378,132.45193004608154,-4.43325462937355
0.7872892659597286,0.7251422281023985,0.8645831532962713,0.984221456355259,0.3669428866116291,0.951254125987948,0.9003273111492323,138.0594358444214,71.43456029891968,-2.5756728649139404
0.9463596119058042,0.575516857057775,0.7772205687143654,0.830320302882273,0.9488423368270048,0.5803964513411756,0.3593835847526163,155.174880027771,44.528000593185425,2.9987916350364685
0.7328792402695283,0.4197896311769511,0.8316112181765574,0.9338204217103904,0.818248373787366,0.8784394414252363,0.3783310276098738,168.5890998840332,129.47053909301758,1.7358593605458736
0.5352553583766636,0.704724336603175,0.5476640289176677,0.6814245565391436,0.1124880852452013,0.762624900423784,0.6204766676028591,153.56294441223145,43.94148349761963,-0.24683154001832008
0.9917168647493152,0.4717563374632472,0.8119978084414552,0.9791399657577868,0.1587740685630561,0.9075264079523512,0.9357685796168314,133.53578281402588,52.87551307678223,4.021751552820206
0.8531402289892371,0.9511505634071796,0.7060189522837474,0.7977652174512441,0.2669918051065675,0.6840040937259921,0.6542398898612185,149.81854248046875,20.064021348953247,0.9291257262229919
0.7955544091855483,0.7858331942642617,0.6182434439445267,0.7643956229325537,0.0418059649951791,0.5987384552490755,0.7884727290186457,142.38421726226807,28.946256160736084,4.790607392787933
0.9448290130673884,0.4269331406628841,0.5202764318436374,0.8824294840978905,0.8070809019160936,0.9036533345363822,0.7048433790867048,142.41325569152832,54.37139701843262,-5.054206162691116
0.7220548219855205,0.6335497497062997,0.6566353842604313,0.7360448732288472,0.584569969301451,0.5883121059283318,0.4774193924154011,151.45859909057617,41.95294237136841,1.3217332139611244
0.7403887623769343,0.8655375505256453,0.9484570705772843,0.9538266408521684,0.5833344577823004,0.988169182624276,0.6398135299700664,127.80628967285156,82.06621599197388,-3.2383944988250732
0.5224426690102608,0.3933093376434908,0.5198316792095751,0.8994781194911347,0.3173361895889325,0.6626752225021549,0.4437458474062989,147.79426383972168,93.3294734954834,-0.8686299324035645
0.9915998108766816,0.9868187002194788,0.8986421487863633,0.8747621123883413,0.855076215662514,0.6493680008216307,0.6537834698842468,128.58611392974854,-73.73034334182739,-3.1347057968378067
0.9732379036281864,0.5498762673489905,0.7476993888883783,0.7272283999576581,0.4179154686759531,0.6919812988286548,0.4877862157071848,156.58909797668457,49.496063470840454,0.9007440730929375
0.4824075466408496,0.6325931433500883,0.5858844934881131,0.8427011070652667,0.0760573624782157,0.9296340431505932,0.91192266168493,160.71784210205078,141.85991287231445,-5.8790633380413055
0.5190668490317758,0.4972727822335752,0.7944208901114184,0.9728649289579732,0.3962705002866586,0.98336930315338,0.6067470729163926,160.2422103881836,161.43616485595703,-6.821701765060425
0.4700572141264849,0.6158529800579852,0.761974647735622,0.9683847180219048,0.633200384094178,0.6119974665264782,0.8493192046671845,143.30789279937744,5.7579260766506195,-2.6026789397001266
0.4664658216895446,0.5940875975261115,0.905992167247958,0.8457251899776626,0.8178608554178546,0.613096320751001,0.968249468230186,128.90440464019775,-25.60455584526062,-3.000654637813568
0.910734718526112,0.9228572180727876,0.6790301894851809,0.8772334683944095,0.7920879261851648,0.7413106000421383,0.8036275090749976,128.1470432281494,-76.10053968429565,-3.3035335540771484
0.5793492431875742,0.5274743866938114,0.6120389629897319,0.7981095929427489,0.4365675588358441,0.6044526908781092,0.5767406876738085,151.63835048675537,51.808096408843994,0.9289266802370548
0.4644224202585537,0.6379605217657789,0.7569155400155014,0.9500651863769968,0.902191588830519,0.5964148389375515,0.850893071794405,130.42212009429932,-27.097642302513123,-4.1266491413116455
0.9597744919382928,0.5964077249312504,0.8794273207837731,0.7447081853301543,0.9767326533816044,0.754390616398708,0.6481526966639193,142.17262935638428,-8.878836512565613,-0.30091708339750767
0.5739954859488767,0.4710147522170506,0.5712827981032085,0.937775760168005,0.6861156093448936,0.750779606366989,0.8183771094191861,152.6935214996338,72.81890439987183,-7.26798802614212
0.974856790153118,0.9793888871990514,0.9040191391268556,0.6935405658910794,0.563677288782083,0.6981503278066463,0.8757524946751658,151.04930591583252,-48.73293161392212,-4.730108857154846
0.8324635237977079,0.9847080267458432,0.5217089170305407,0.7125573782749273,0.2531356640498204,0.7976595333243619,0.4345552840322543,135.68405628204346,27.889030694961548,2.2938028275966644
0.4617432414391803,0.5421792671871928,0.5925906704779482,0.6853459076002849,0.7058960443521782,0.7214761812261499,0.3834522833184031,163.83297157287598,118.74575233459473,-3.1649873554706573
0.6850029561477721,0.675236100691629,0.6121787571843982,0.753791839045373,0.4014956657847259,0.7433182539297684,0.4984843906706536,155.47816276550293,58.11765098571777,-0.5500399507582188
0.505379804433414,0.7413137107789433,0.9054563614982638,0.756783748921016,0.1697211111344616,0.9836980964778144,0.7378707102679618,145.07085609436035,115.12481689453125,-3.693644165992737
0.5303402573298056,0.5341276923258635,0.522209560554993,0.9269091117228936,0.6137682419919733,0.784060658707781,0.7102630938003338,161.36073875427246,107.94421291351318,-9.14760547876358
0.487161149699667,0.8100147679456817,0.9745219015545982,0.980726455595832,0.8258634502831128,0.8696681378841495,0.825926871489757,98.85995578765869,49.71034574508667,-7.265548467636108
0.911640758453244,0.8400929504558232,0.9125872102751136,0.8583709465785072,0.4214213338564065,0.8171876149402286,0.9096685496601018,146.86905002593994,3.7329514175653458,-1.88259157538414
0.6318448287924285,0.737764735821266,0.9246362048101536,0.7492651001396227,0.6768218489627851,0.7656789912602129,0.814615318696585,139.7021017074585,20.783012747764587,-3.460513561964035
0.7064671734039808,0.8104077768323137,0.751497597034214,0.7363205650267947,0.8138963553940259,0.5840946717012746,0.8392671743802815,141.67822742462158,-71.09514713287354,-2.7270531952381134
0.6018766072223476,0.5761738500715348,0.5548959314111207,0.70161699678737,0.381925961210286,0.7625027808244681,0.5461874746602892,157.7581605911255,65.38093042373657,-1.9030533879995346
0.6437565779499124,0.4440476600082075,0.6485741325548587,0.791393636561835,0.8556314228529751,0.7894977275983426,0.5751583825601272,158.34597492218018,104.79648351669312,-3.475002497434616
0.9761538754702724,0.7777024797415668,0.7536812003575174,0.7906748207604867,0.3549030041850478,0.967904295151503,0.9646702939832186,144.7760248184204,24.16688847541809,-0.9581973403692245
0.5527576255067389,0.7641241682250335,0.5588334192889651,0.788248508325304,0.8349725084047961,0.7810497974159798,0.7072108334503013,146.46992206573486,60.45925951004028,-9.215520679950714
0.760462544925185,0.7644317979772357,0.9554414319118648,0.9336198111094276,0.7400527918913663,0.9657946542818404,0.7775463303573921,118.02780818939209,57.096529483795166,-4.609442234039307
0.822622275212868,0.9847459776544584,0.6335093583710517,0.7701296289781101,0.6484902458372749,0.696292236840389,0.7060654262607808,135.98362350463867,-41.115631103515625,-1.0817431807518005
0.9709567732777222,0.8317955075769077,0.924789775305376,0.7290074847624302,0.2087007628182154,0.6964385299704584,0.3153232876043855,155.17217636108398,100.71655035018921,-2.629134237766266
0.696540138807534,0.971543780546702,0.5444886493907305,0.7138303332465441,0.3049551561089394,0.9618573673902152,0.9338054789785172,163.15504455566406,57.111249923706055,-4.795438766479492
0.688616407581094,0.804139851206631,0.5598640191754902,0.9836829673085226,0.1750550668294768,0.7031887427435657,0.7789486145566695,148.38785362243652,40.39993071556091,0.7278673388063908
0.5769133410404069,0.8533462545477853,0.7215346756884318,0.8470389941564398,0.91849879822113,0.7659549987081427,0.9019495285892944,122.07204532623291,-14.1082524061203,-9.39832752943039
0.8704920116700936,0.386243389673726,0.5082089673510916,0.9592806738137832,0.1614759785455528,0.8256555244046778,0.4912219084367665,132.52381324768066,73.81303358078003,1.0202190484851599
0.5154755098103267,0.5111896543944885,0.5144322264511317,0.913594889669274,0.8993330661911635,0.6988781122666037,0.6300813427508677,151.7990493774414,92.42384004592896,-7.7485368847846985
0.454274492860686,0.5747571241861312,0.5782777426022107,0.8542539718832848,0.3994816892247854,0.9218489436643242,0.5759314191575694,177.34049797058105,164.79774284362793,-11.544275403022766
0.4779645642067326,0.7490047112196115,0.9150446998081936,0.8342589139470111,0.0418045889517787,0.8371701151534501,0.4227559368414521,143.54586124420166,71.33799934387207,0.7045270018279552
0.8379896823723195,0.8633614969867527,0.6981752290159318,0.819358105358983,0.6675689312786224,0.5816555565982703,0.6620204874888559,144.1305103302002,-36.260770082473755,-0.8468578904867172
0.8483892025135977,0.7453128404909151,0.8708023301401455,0.6943990650948925,0.1384499413493844,0.9753826486313348,0.8991930648998308,147.4764223098755,65.56658220291138,0.8316622134298086
0.890933829996574,0.7448996536241523,0.569136329470559,0.949565178143486,0.7254421728276925,0.6687730004609134,0.5259291782115297,140.64306640625,-4.295040398836136,-1.0236493647098541
0.842932402890903,0.8858691284363673,0.6642662387752073,0.7509163395662338,0.5850777917589303,0.8573304902347416,0.9398715185330272,144.25559520721436,-21.761009693145752,-4.281565487384796
0.4631695810956527,0.3641621697781245,0.8160598471337996,0.7437147153048749,0.2121779258167002,0.8617750551553662,0.8956261482433163,142.12410926818848,108.74903106689453,-0.9157344326376915
0.5787206526635633,0.858808873444816,0.591280152181677,0.979737471195097,0.3054006383683184,0.7579624601470488,0.5261235245466899,159.1055736541748,69.80259275436401,-3.4511880725622177
0.7017943341804304,0.4156822480492806,0.7220703159665327,0.9606735477644196,0.1593048284453797,0.7221123264298558,0.5306432143819122,144.23038959503174,73.56856536865234,2.6875788122415543
0.5313860738983537,0.78493027508227,0.908250101287794,0.7637386559514001,0.1950276452136058,0.809858005509885,0.5872291237670482,148.13352394104004,70.34212970733643,-0.283023439347744
0.7777519672414928,0.9746018255587048,0.513012230263258,0.7024856370015752,0.7310910522767666,0.6284422833545755,0.4149608675069685,118.20578670501709,-0.682292103767395,1.9726369678974152
0.8271806995821729,0.8219019336833886,0.7355025982411512,0.775496327227471,0.4547834143901569,0.7129541789625751,0.4036363895902311,151.3589153289795,53.59804821014404,0.35522498190402985
0.7553517519068738,0.8259786139796017,0.7008230789743494,0.8813004853480345,0.6560763869438742,0.9014294827108672,0.7089460442932665,144.48878002166748,58.00336313247681,-5.941839218139648
0.7434453028344166,0.4342668506502362,0.5893631670097386,0.7492366883453949,0.638277408483819,0.8954190017387871,0.3800005841440691,167.56150436401367,133.2971897125244,-2.770561993122101
0.4916204136931224,0.756963004973281,0.9016365316300474,0.9494857529027206,0.1393787145020632,0.5820846056792699,0.7696792211142235,140.5050392150879,44.471498250961304,2.062073066830635
0.4977127293422404,0.493966549164007,0.8046049313543666,0.7450748759459881,0.9815216128529466,0.9092301367357316,0.3617371479562344,158.49077892303467,209.785719871521,-3.195435792207718
0.9492126549616732,0.4915998124987121,0.8743627002768337,0.8993464953923123,0.530035359309076,0.7204536158327232,0.6660080498859686,162.32358360290527,22.99014186859131,0.8844679519534111
0.6325130344547496,0.8559495422879824,0.5347440045265831,0.873329680051869,0.2739435565579212,0.9655122243798808,0.4081611691502989,170.41853523254395,127.7453088760376,-7.085822224617004
0.839751804858434,0.7563278309726178,0.7708098734839548,0.733465683903184,0.695571233276851,0.8453612074714997,0.5840713329327455,146.29762744903564,41.98961782455444,-1.8424532860517502
0.7584511377402977,0.8006866416492207,0.9705893426158244,0.8607993591246363,0.9414934878242748,0.871030407765675,0.5758813251395918,114.57621097564697,44.69773197174072,-0.796083465218544
0.6890617999337123,0.7766771482592719,0.672760596023249,0.7894088225221065,0.6734620172525512,0.9099427632335166,0.5622585543909127,152.9704761505127,97.43975305557251,-6.001884073019028
0.4566271074021598,0.5774039807184456,0.7921039905622759,0.7780808166069891,0.4887046760482956,0.699961841656175,0.6729347383726514,155.49691104888916,65.16798734664917,-1.4876693785190582
0.9892542475043756,0.5104073320916553,0.8587988445755127,0.7343667098346864,0.9747124837063236,0.7915416580520964,0.695122976752296,144.16514015197754,-9.324043601751328,-0.3629475347697735
0.6601132439714475,0.7511753687332123,0.964134893562356,0.7051800860813914,0.9698080223476504,0.9356146025107184,0.903506550411014,99.94316959381104,44.79415035247803,-9.247851848602295
0.4661992573845569,0.821745773051765,0.828969656363219,0.8933314097599607,0.5283587200723382,0.8776873263739391,0.3940890834926209,155.67977809906006,116.26336669921875,-4.293811202049255
0.45206565368078,0.3951735245831308,0.6785644424416305,0.8047619327641822,0.7651797679963179,0.6665328472324887,0.4636664861419129,162.67378044128418,116.33078622817993,-0.24650107324123383
0.8729932942402316,0.5837477128542681,0.5184479314676166,0.8587540164571343,0.9479661736274612,0.7877093329743544,0.4854660463319579,138.81980991363525,58.50338697433472,-2.454976886510849
0.6233244268230022,0.7843132900915186,0.9431955684360308,0.7983177210360513,0.9369502264989216,0.6088026758331504,0.7171060256199704,124.97156047821045,-33.525546073913574,-0.9680430218577385
0.9018463206781786,0.6929677249815311,0.846735850057017,0.6949315715730684,0.7339873572634648,0.7491782758731517,0.4348134248964646,152.80536365509033,54.365657329559326,0.7361392304301262
0.6039696011932841,0.9399889362278028,0.6378269344486116,0.8544867298329525,0.1170028220016746,0.7744979517321597,0.6833638325929499,155.36137199401855,57.64520311355591,0.30600851587951183
0.7266326890246404,0.9205305045228048,0.6163614146028144,0.6777944505642403,0.811297967136806,0.6325537276484258,0.6222405955575038,129.3780975341797,-36.099547147750854,-0.7782623469829559
0.6414010376086575,0.8575435631952346,0.6906856045984856,0.8072253390482201,0.2862361629370416,0.898701741613867,0.5801472026192525,159.49707984924316,85.01498413085938,-3.190426602959633
0.9253009580060872,0.9058832984219108,0.9104195246596308,0.7628762939406879,0.1608834911874545,0.881812444569797,0.8884572926736691,149.1227560043335,48.68909502029419,0.6556272022426128
0.955464365842706,0.3844476012397814,0.9065741639820896,0.8281305185305978,0.5784284049691244,0.6717848594046373,0.3942395863956872,175.5930995941162,80.36279439926147,3.0785079896450043
0.5777785864178276,0.4473775290936063,0.5733976668740489,0.7853549249468575,0.7490542593505148,0.5799710851569735,0.8871968391283156,147.2427272796631,-8.220584452152252,-1.8508258759975433
0.6003211157595196,0.9203566849339706,0.5192154766269821,0.9488179311985568,0.0499030728369291,0.7996681643524707,0.6527553568199871,155.0277328491211,76.83838939666748,-0.64202880859375
0.6545897507277119,0.9284400953863772,0.6613473647651299,0.812948959690025,0.1528690209535372,0.7906998513239428,0.4019230381793335,151.3976173400879,63.749162673950195,0.10289697349071503
0.5703049473588053,0.8995455229521615,0.8397618590087833,0.8944425983412783,0.9687603565724622,0.691961482179536,0.9151869478809256,105.26438999176025,-72.27885246276855,-6.738423526287079
0.6939760558710769,0.4120980208589823,0.5631776801965654,0.7196046979182087,0.3281028605358776,0.6918101757260976,0.5539672542509338,144.5421380996704,54.78119993209839,2.0464464724063873
0.7685250877482757,0.5182718274195681,0.5597810033312867,0.9696577898992332,0.0198355189088312,0.7903221070848143,0.3637104924408665,135.51026439666748,75.55388069152832,0.5452054888010025
0.6234075355841598,0.687368869168755,0.6999892768087941,0.8172923885104317,0.9666029859221618,0.7684211052611682,0.7448881574860717,133.59915828704834,31.57412314414978,-6.584376215934753
0.4762569239296055,0.98805154634205,0.7410009686803554,0.9418509888750664,0.2114434457489339,0.9113963405853648,0.9428739130966032,152.7944974899292,115.55843353271484,-6.504460126161575
0.9165822175311752,0.4868273793126544,0.9873932854438484,0.8431974445410385,0.1802736229267384,0.693202186104477,0.6480144890928634,157.78938007354736,75.61860752105713,1.4771547466516495
0.7016396720787788,0.9163576344791728,0.6053585362777322,0.9516231163700092,0.5762430798240749,0.6199441892073191,0.6777417935454425,143.5597686767578,-22.73960566520691,-1.4614390805363655
0.4649482034546039,0.5461124053567403,0.5592655666154095,0.763607731147442,0.1293479779142922,0.7794272422537393,0.8754873381903208,153.97630405426025,81.00657606124878,-1.8391106873750687
0.440727554649572,0.3862608167272811,0.9266649950924416,0.9160273072674092,0.547515547430523,0.6657301586364772,0.6824597454559866,142.9400510787964,63.788394927978516,3.1906483322381973
0.5927520728634481,0.4621618829445336,0.7763008514841934,0.8158886363737348,0.3709920871656145,0.8931283282933187,0.4623064492173473,165.235746383667,115.8760347366333,-1.363971047103405
0.5438163775518885,0.6140742438068221,0.7849714542078823,0.9023874727087798,0.4974109241472578,0.610830836314337,0.4851872165209658,156.73744869232178,56.59286308288574,1.166827954351902
0.8106277717047998,0.5864832450653935,0.8093333823839566,0.939748570367147,0.1924679243425602,0.940704895392262,0.3531738065790397,160.34547424316406,89.96447563171387,0.8225751519203186
0.6284851551475423,0.7955413885200491,0.6079778977662481,0.7506171595018434,0.9773828542191332,0.9068826835204378,0.8564632639790573,128.00805187225342,65.46152210235596,-14.524314165115356
0.4659872634580182,0.9354557422876294,0.961621365575907,0.9940327300717005,0.5511257753595273,0.7279239498929472,0.9130008955928288,116.593337059021,-4.574189334176481,-4.0995809733867645
0.5061526392092698,0.6825989886432776,0.7731503326912844,0.8504408532201759,0.2824391718937285,0.7708198282411567,0.9797431915119836,150.78284358978271,65.64887714385986,-2.461609661579132
0.8837179182181247,0.5407956078218452,0.6450079820626405,0.7683569601047675,0.5982019332778535,0.9274570156838964,0.7604318336502507,150.99542236328125,51.28827619552612,-3.472723752260208
0.6067315584357356,0.6329899160568597,0.6738741657844004,0.7111100783491754,0.0910100615737147,0.5928113414166205,0.9442254566738384,150.1066026687622,26.402592539787292,4.480177938938141
0.9013118630577656,0.422230161118587,0.9668363008186536,0.9330945230395548,0.338972382224069,0.9265945086921366,0.6973425801046639,145.90289783477783,66.11825656890869,3.5079796612262726
0.5968204443660529,0.8658890023153528,0.8848061893744441,0.821416873985902,0.5370680379934286,0.8276176837363854,0.6558229278102944,141.5678768157959,58.14319944381714,-3.037864252924919
0.8186043023494618,0.373581947529518,0.6928641586604325,0.9351933143807508,0.9223442188749796,0.6831416021299106,0.4833357338738418,158.91389274597168,55.86762094497681,2.3114910572767258
0.7733309034999576,0.9009105317774684,0.6590372349965966,0.780714174726437,0.0716697046553093,0.6101431710661822,0.4437033020657847,137.0536117553711,57.059338092803955,1.908054992556572
0.5483758637545582,0.6495885139626189,0.8459385812202473,0.9242046697210328,0.950218161660144,0.8529546512449548,0.3338316119181493,148.61884593963623,144.98220348358154,-0.5452977269887924
0.9695316416155128,0.8958043754331317,0.6068249599563854,0.9431907541367864,0.9454928638416344,0.6077276286355445,0.7745061380583358,116.32718276977539,-144.44417667388916,-2.50514055788517
0.5303873264971808,0.9661460222514504,0.6203835701518106,0.899393555648457,0.2113892599763173,0.6967114849257716,0.8182396147421451,156.52384090423584,35.01100993156433,-0.5232117287814617
0.9319807727062548,0.4702262689498266,0.6376406630421627,0.7424125995724825,0.120041405339917,0.6836145910898745,0.408095510562874,129.75586128234863,59.69030475616455,2.964910164475441
0.6395255538035689,0.4843220832743726,0.6143320097053394,0.6912118392168148,0.4667436264170629,0.6065462239421101,0.6267352125910765,151.66670322418213,36.29237198829651,1.6122811436653137
0.5785107801578726,0.4499940659159109,0.6224724093100494,0.9785985611790426,0.92089815988951,0.8981886812282328,0.9825936221657424,135.98150539398193,122.78204822540283,-16.59868824481964
0.6676832065255108,0.8202420892201128,0.6703055354633878,0.9494452795828854,0.6857704316397906,0.8267898345156295,0.6192732658440858,148.73283863067627,60.58891439437866,-5.894573837518692
0.7474970624318993,0.5367737565578742,0.5695837417317675,0.7023283216804641,0.8254919879583876,0.9634147650664606,0.5736953569639269,156.49434757232666,133.86616802215576,-8.334784805774689
0.8545710181444572,0.5196867117378658,0.664049471793458,0.7742981010887559,0.5242531612227811,0.7405825193513372,0.8592965611505055,152.74476146697998,-1.828356295824051,-0.25613174703903496
0.8763285420599816,0.6704421568045538,0.8076869762058705,0.928395393522712,0.7901832989085634,0.5964917264686039,0.3495484858250589,159.40772533416748,41.536611557006836,1.6295145452022552
0.6808063003600611,0.8940942593053702,0.780577273041149,0.8054143436857982,0.7947166042048167,0.8661040093890835,0.9122981372854472,125.0887041091919,8.317793145775795,-8.673640370368958
0.558905125642019,0.5550294380726136,0.8600898096084477,0.9100193690669588,0.6012158155611325,0.90576456021498,0.979885539863248,132.95710372924805,97.79813289642334,-7.588758111000061
0.6515664133039322,0.4409211504487313,0.7058873671571775,0.6842470899801122,0.6159387849919703,0.8324036805353536,0.4661403670836188,166.4129180908203,107.86649703979492,-1.1671563610434532
0.695857247890923,0.4013155377900524,0.9781574647869014,0.955138455392092,0.122236586956175,0.986289430927766,0.9181172865174054,115.88221836090088,117.05576133728027,4.018978476524353
0.6880148763596601,0.9712045574809048,0.8899626052424173,0.8073318401130837,0.3280794300480495,0.937475736286594,0.6460890702633828,141.60458755493164,78.66936254501343,-2.1156753450632095
0.7285152625986451,0.8159058012293909,0.8335854730193257,0.9403930942286916,0.976829832793611,0.6511587739756113,0.4967721936204947,129.26292610168457,-7.485234789550304,0.8882411457598209
0.5565960163297823,0.4107685006875729,0.7816500346156361,0.8521690307789261,0.0933042576962135,0.8142620997587369,0.9069897530407652,134.33167457580566,96.01525211334229,2.673503413796425
0.9738418653500492,0.4245114004280356,0.9567857164589972,0.7144531476364846,0.4231413245770617,0.7807362058844811,0.9423724370107344,159.14747142791748,14.653447270393372,0.5418042987585068
0.6500582212966598,0.9824976116770991,0.7478846062548603,0.8039349203281231,0.1355285808325221,0.695848101121751,0.4575763310501376,147.13958835601807,54.40028953552246,1.0627729147672653
0.7654112975103535,0.5701737550479905,0.6154602715556161,0.968017619079012,0.4275983980259856,0.5763608214184132,0.7039301536039917,147.11291408538818,10.115923941135406,0.8155580051243305
0.8255242661888953,0.5930924629967188,0.8590111068270148,0.982835710680008,0.5702195195831806,0.5795903174586124,0.6773967815898385,160.61831283569336,-3.0620225220918655,-0.10256639402359724
0.7672335941570902,0.6231762831263618,0.8018430633264608,0.7895633739063743,0.6921147757036737,0.6377786816730285,0.6511852033886483,156.11174774169922,12.631986498832703,-0.07464687619358301
0.7779745233282519,0.6337284597418598,0.5317887432750941,0.6766185242764948,0.2274297053107051,0.916572673329092,0.9495288965343518,154.9070119857788,36.133366107940674,-0.6541325747966766
0.7709500203393123,0.6451459478764676,0.5287383596736772,0.993182275046604,0.1924917131854955,0.8031713475590525,0.88944181803712,143.4085111618042,57.08376121520996,0.03921587485820055
0.8829862161671265,0.9204514717909456,0.9837213965774468,0.9383850217369808,0.2621637533396461,0.6361131532546462,0.6547932012378336,157.83817672729492,45.91309070587158,-2.7041036188602448
0.626241651207967,0.6324688795379478,0.9103353226978264,0.9781091066666308,0.0798940935530771,0.6189188356759425,0.6478405465204243,141.83772945404053,63.71736526489258,2.7160176932811737
0.9582014296412916,0.7943329246503182,0.8606921663590343,0.7670156521924834,0.9264147089384382,0.7782344879217368,0.4331120266381635,133.555588722229,32.95374393463135,1.0778112933039665
0.4403163632459959,0.9438018677247144,0.5635753548274876,0.9279616176208731,0.1170881538691763,0.6275432597474373,0.8525034615650291,154.338623046875,35.518028020858765,0.9199271015822887
0.8336016158610253,0.99104968088234,0.8464386717288637,0.9152241492223836,0.0728165163667083,0.7248248988710448,0.4740594826218534,147.78707122802734,71.0257716178894,0.3724774122238159
0.5568342193126283,0.5707793165249525,0.5116973694023175,0.8589470160352297,0.7870227466461156,0.7739305997618914,0.96530264634403,148.83545780181885,51.73648643493652,-11.93428748846054
0.7249742368456034,0.4574393415911195,0.8231519701331997,0.8075805949068285,0.7467709552042573,0.6987071167498429,0.4522463667508681,163.95787620544434,78.57269382476807,3.008382797241211
0.8401146587173579,0.6657441561904598,0.9225584785108012,0.8918086460644911,0.1158076846823265,0.8535737801960628,0.6701762955536922,146.67489624023438,72.0556287765503,2.276344433426857
0.6218397403774529,0.9573387300296028,0.777923635148797,0.7819497717270856,0.7079768683947634,0.5878668778682259,0.4226898297120591,135.39453125,24.374415397644043,0.9792013764381409
0.8806195394010476,0.7198046332547279,0.5864921834414761,0.838235949325469,0.4547527793766137,0.6828031818956938,0.4233971610038959,144.9456434249878,41.94240427017212,0.6893034651875496
0.6323448162238493,0.424519536172471,0.5893869940016881,0.8124193178595093,0.4795092599937762,0.673822115839755,0.6864337452938387,152.0092248916626,54.88645529747009,0.005069599486887455
0.5314796422059082,0.5127526160111279,0.6520159779688214,0.9211698395560272,0.1013354556231921,0.6981977527747624,0.3848787339661378,145.51509952545166,77.46474504470825,0.5415868917480111
0.6371340353648909,0.6699629512912572,0.8367942292315199,0.7398551907438106,0.3996295300903433,0.5860562624262368,0.8357920069265741,159.0324354171753,14.66692179441452,-0.024862115271389484
0.4535172285429754,0.9321778887196156,0.6764869001740305,0.6800766610619415,0.7314231262880168,0.9463071886096934,0.7587437471271051,146.54110717773438,117.42638683319092,-15.15716826915741
0.5041528943430719,0.3917707270004702,0.7117474264437981,0.7718953033408152,0.4566356949566871,0.6871938599778804,0.9808743475176314,150.24319744110107,49.941094636917114,-1.1600803434848785
0.911561100940462,0.6099829895172875,0.9667333918953644,0.7501125401718314,0.9714051144490304,0.6530913151028952,0.54748595399934,150.98785018920898,14.051569700241089,1.244399219751358
0.5646421858491412,0.718145654108558,0.955873608489483,0.7853472680930431,0.1290546163278579,0.957308238676974,0.446122399511302,145.65056610107422,90.44390535354614,0.11579413525760174
0.9735632079793116,0.7196418859006224,0.6960237545075033,0.7591158979733643,0.5724309563676225,0.6978701067308207,0.3600969336300979,148.80499267578125,51.4539098739624,0.7095647267997265
0.7572201491283999,0.987496740101822,0.5976617707992169,0.7571431404574983,0.0500553511087355,0.9845074824649171,0.437535877067931,150.90547275543213,73.56016778945923,0.18281485605984926
0.6474945690029604,0.3756268471835143,0.6060862251398299,0.762682143943491,0.2072368546526586,0.7770809368438356,0.3718665992715965,147.722918510437,81.68021392822266,1.205117680132389
0.9825447216290112,0.8266454537623196,0.7451085961808783,0.7834645712681418,0.5569550671390169,0.7814445101367828,0.9628230258521748,147.58571529388428,-58.98961114883423,-2.375159412622452
0.6128773372169254,0.548206554132016,0.9834540147705444,0.9381745163231928,0.7001529873616926,0.8701541562547848,0.9546446247975952,118.12380409240723,51.13659381866455,-3.957417994737625
0.5936758209778723,0.6780887448176975,0.5781120189566523,0.7968065852456445,0.3506288530584275,0.7889250175406473,0.6810268134372136,160.2191619873047,67.75348854064941,-3.2878086119890213
0.7789610041691227,0.6865264442848138,0.5429981809272482,0.9354186067765788,0.4128884743181002,0.7536379358255525,0.9455282290942923,147.8129825592041,6.194267928600311,-1.781636118888855
0.5239749123714234,0.4492247043521911,0.7774128965315437,0.9437581749849084,0.1012877750904645,0.9709600792722832,0.4560297430087877,156.5179672241211,123.9850378036499,-2.634881556034088
0.8369533654062207,0.7762649585792343,0.5878166220925505,0.884898449824909,0.8121526971468443,0.9723810367535624,0.91350851292241,130.43247890472412,42.376376152038574,-11.419743597507477
0.5346822322269742,0.5563602194424391,0.7108105860006019,0.9648365526877138,0.8384043805087752,0.9577008802862657,0.3385330449859729,175.88613510131836,216.57418823242188,-8.57795125246048
0.7771094213395618,0.9237089138076356,0.7366191118480727,0.8365727515007216,0.441668429954359,0.741472971354614,0.3986714790198003,149.1930055618286,53.738709926605225,0.04634608421474695
0.7409969165679955,0.5265034781690463,0.8811481106102672,0.9398263134268524,0.70807245532551,0.5882274925098017,0.944459375031176,148.25157642364502,-52.41438961029053,-0.7000865545123816
0.765140485609074,0.9092464574911462,0.6203658552421906,0.8798569833317033,0.1463659138439974,0.9597800003420848,0.9145739157950888,155.0788984298706,87.78469657897949,-0.971196360886097
0.7490763127537832,0.4438518971206718,0.934171012697276,0.832271772054727,0.8929566059926695,0.8367578761343611,0.5907711821720187,147.87343978881836,77.385995388031,1.9162914901971817
0.8794122356691848,0.6639965616368267,0.8780342705565682,0.7119400632759576,0.2685526910402106,0.9307120702908582,0.6255264936703807,152.136456489563,63.27982997894287,0.7076899334788322
0.9900461196833672,0.4247492789015228,0.6308318553115073,0.7137159671856695,0.3466545821740982,0.6600771742546953,0.4286500868204056,139.9355821609497,52.825557231903076,2.5475505143404007
0.5958806819601588,0.8075851011278252,0.919604597809548,0.8055680856922617,0.2235836465656002,0.7990598232417219,0.5866828752642599,148.1105499267578,68.11491012573242,0.09768395312130451
0.6712152489339523,0.5206186551332221,0.5391748703506998,0.9727367377674612,0.2824517490964698,0.6445001472515705,0.7658529653756283,140.4529390335083,41.37661910057068,0.8572456762194633
0.743010399064673,0.3853697465486099,0.8503197679749509,0.9305653170819612,0.0449681633519131,0.8330061564510776,0.9678144959201468,123.4778299331665,87.40967130661011,6.113095074892044
0.552606434553926,0.3704701643949935,0.7480456526166058,0.9475301516056536,0.3100344446079418,0.6574009296839445,0.7354596099664573,142.9853744506836,65.6275725364685,2.574681967496872
0.6950809029693858,0.6456541445544617,0.6280331956309946,0.9023439918944426,0.9971691832741556,0.9221427927016476,0.65365702700826,138.66310501098633,119.9759521484375,-10.898660719394684
0.8710714016218417,0.6868200736014278,0.6390015281378589,0.8997420271783678,0.2603244860211362,0.7903190193785917,0.7829381002500888,148.53816318511963,32.14548659324646,1.0327061340212822
0.5039594711341228,0.7889581624579777,0.7788409591477305,0.94661349900268,0.0291344642221792,0.9716227664295548,0.4243224322616139,159.05605697631836,111.39865684509277,-3.882034569978714
0.5675117626314373,0.6973708385201234,0.6135947450831876,0.8254287337676682,0.4437244218798738,0.9283817082521382,0.424368804317012,173.44726753234863,139.125506401062,-7.600934445858002
