PS:PAN ratio,Feed rate(mL/h),Distance(cm),Mass fraction of solute,Mass fraction of SiO2 in solute ,Applied voltage(kV),Inner diameter(mm),wca,q,sigma
0.6869048240531882,0.8999896296989457,0.5687678884156527,0.9739539716511532,0.7471786797221536,0.8035275110899434,0.4806245274981119,145.05893835811023,66.3602267301379,-6.037100382322477
0.6794473605826237,0.8459171273133399,0.8996592845522968,0.7539185650356832,0.5305721361414277,0.8285575892657493,0.72870208365481,143.65846775376778,40.05188606659751,-2.8072193642680796
0.5488153333693562,0.6689986879082221,0.9940814368487813,0.7228746955683295,0.3011110088645613,0.8364196355478215,0.3363737173763606,150.4774596294778,89.14078279648962,1.1984761798497332
0.8427346496827446,0.5093931984885146,0.6804929927258984,0.8882057075844041,0.6289416701818019,0.8639410606409246,0.4750864339953766,161.88433639370686,88.01719126981185,-1.351292557541012
0.5045860802765658,0.5372370217791627,0.932723887659116,0.8302854663261099,0.3886131785615618,0.6011503602966056,0.5179757925804443,152.3972873008031,63.38705716245481,3.788763818269395
0.9477823800299744,0.7477056426220547,0.8813725383799771,0.6825241599234403,0.7860856351505461,0.8727562183124558,0.9417717015225876,131.47864609815548,-36.35060340167891,-5.318603136645734
0.7856086404824573,0.5101009149294562,0.9558189157302748,0.9291843493936917,0.0031388828783105,0.6377871123708055,0.7130179669746278,141.3846574362195,73.77108225303942,3.412580095611821
0.4565666664369628,0.5614248062037848,0.7124528922137523,0.9050482443662372,0.8174062953516272,0.8614721154338487,0.7988616424950961,148.39158013636194,119.65161398129523,-11.844184611381936
0.8051202119310439,0.95453134822343,0.5510768060832564,0.9922991752070688,0.3063248370944159,0.6247025337232797,0.7766775546033693,142.40481118683607,-12.26886433039597,1.0098531905766186
0.635165135577087,0.8237021450772151,0.559595742247216,0.979311979938388,0.958710591185968,0.776860348814848,0.5811716864655107,132.4887748258452,51.77558036770798,-8.045344410043345
0.9598109280469634,0.8280815826415562,0.8816986910701983,0.8613838146758543,0.75845318808301,0.7371930309637114,0.3205214466971837,145.23875980915577,44.69182544649632,1.4131636414266437
0.963416244909334,0.9708260888302612,0.9317159958367238,0.8952819107769311,0.240856631772354,0.9857725549004251,0.3846041595599619,142.3132661630867,72.92053117831718,1.2149744304111105
0.9119145322746716,0.3539510567612749,0.7287589180623415,0.8031817067175147,0.9778636474315612,0.8416812102547298,0.6270083050147306,143.20198139795235,45.38552332937229,-0.28130693852233013
0.7530456532351217,0.5089204865643766,0.5302320877275092,0.9627116842673836,0.4991334576892526,0.6093608772417494,0.9594720917695811,141.57460042643206,-17.649807370079373,-0.2493867894610291
0.9537624086019229,0.7773755059471631,0.5337961428818904,0.8509120970048103,0.5224528736359833,0.8716854179283097,0.4822700103167026,143.72578410186043,46.502261503156944,-0.6838330158378523
0.7998696046966052,0.6347348421702029,0.7994808667927296,0.7752181846747148,0.9086532278597652,0.6547167985668835,0.7920461116418998,141.6562407812006,-46.64984196732749,-1.4708145659944671
0.9285970947095326,0.423427347561212,0.9593349704640148,0.6699463871867445,0.917529106512858,0.6941125262703808,0.8804372197758736,155.81917995293355,-37.67696572728704,-0.9842812491624389
0.5200689294806192,0.8574012425752019,0.7000706413843236,0.8621170709174735,0.6962342973272909,0.7336284442577372,0.9356928519991354,142.61770817753793,-0.32368222330079277,-7.916142249182655
0.9451942948654696,0.3807509182937403,0.8254649335156259,0.8417941760719376,0.977514484461222,0.9039424613198056,0.5130908676625041,145.74664946295454,77.93447666257767,1.8057526363341352
0.806601037885071,0.7032818363484614,0.7712124984116822,0.9372014263868158,0.3285971480349502,0.9758112625577036,0.9525734587563028,139.67621839794407,78.424397888699,-3.585430846134944
0.6018919962742736,0.715366372579334,0.9449159600065112,0.7290716688590303,0.2321618014467265,0.967356941710846,0.7297985377471741,141.40065308686482,102.96052495916305,-1.9643016693217157
0.9986876476139828,0.7630839112986567,0.9162591494583764,0.9383752145330524,0.0292888994479843,0.6446744345231493,0.661184692466015,153.76985375551413,66.96472191429643,-0.6873711787241517
0.8210512731091187,0.5551080612219524,0.6000519583918504,0.6718756000861086,0.3460539683358927,0.5974613025086248,0.8472221371370019,149.69789958756348,-8.552555724244911,2.897387517638581
0.9476142073132658,0.3655121082421535,0.8389132915370221,0.8624047191845201,0.6020811867950338,0.926338409205918,0.4753482318160336,162.85591422437852,85.04816271665942,2.6038046502303622
0.4318203938133459,0.927357112136216,0.9238094786800576,0.7989668281308733,0.3051298285692054,0.6949979158103049,0.8707795707472564,138.73629473174924,33.18665564333189,-2.0428945638555467
0.7441843933322076,0.9534707183052492,0.9651417505970484,0.7772063774772638,0.5790915535081402,0.8211368422042737,0.7587257304681351,133.45650850872252,12.756528497698916,-2.4862331412570313
0.8357045415345183,0.6631180032075692,0.7951485412925741,0.8111052882374458,0.0483984355558427,0.9906026603099476,0.8616742123750981,143.47666905204667,82.08578030816338,2.5006153285886636
0.4364773311748283,0.3635899619839264,0.5883448596118765,0.7412578566810885,0.3537922003406625,0.6514129569590855,0.9005071313446033,150.23466730434316,58.72861814363182,-0.27667004657762595
0.8642851117869199,0.7273169107356464,0.7793166510726655,0.7278796004542885,0.7473046001803579,0.7320925751846115,0.736251744954378,145.22796425150358,-17.618615640334667,-2.2198069086708236
0.8008065512568934,0.5553051387992963,0.8330570326249123,0.9349464071572018,0.1042825333750973,0.9430648278136372,0.3361728665478341,152.37040502028242,84.98358104912734,2.257931249363595
0.585601581600808,0.4686671347339839,0.6365861223292603,0.7426457204813064,0.7141709506746721,0.8498896050169664,0.5160271390216077,169.33436709082764,133.16577363873307,-5.844246786949121
0.8222287257659215,0.4598809562435319,0.9864967073264376,0.9122523425890704,0.7625952079831654,0.9730162713059188,0.9158715633796588,123.51315997000026,49.37488433773101,-2.4315285482453874
0.5034140830807331,0.4665699853461776,0.6150260132903035,0.9037217952377088,0.5682438717642736,0.8420708986091656,0.7428730047707617,162.31104681947554,129.15152921504048,-8.72337887365565
0.8994079362506657,0.5649861249794078,0.955702644064132,0.6779098646995788,0.8852465252036226,0.7015708827989044,0.9241655595667886,149.87397961326383,-57.51556108635138,-3.328163663920606
0.9235102084585578,0.5323805405829252,0.7128566338884714,0.9602486685343388,0.9536526997437073,0.9163090413765492,0.5758246662316735,140.517298069053,66.37597535628268,-4.753669878596995
0.7059859319883989,0.8932338084210685,0.5007528437434379,0.9296998833446934,0.0347041365959095,0.8966801672227134,0.6586494009212787,154.0679519746197,86.51705301136938,-0.25506931368445196
0.7185348359491011,0.6717698269968945,0.7718525184264577,0.9319355260612308,0.6784529568301697,0.9713318666450808,0.9052411691818376,135.26172131895595,88.75113475104367,-9.394913422260021
0.6583259964373165,0.62783723828703,0.8143089782054562,0.9363067436589568,0.2369947891419948,0.7754697840850246,0.8359481772200699,147.52403210979276,55.58004042053713,0.4628030219475465
0.625921223154023,0.4448710008234042,0.9347287768075956,0.8608192301490669,0.4078293186890237,0.7868897863593933,0.5709823601987826,154.695627211323,79.6714245105124,3.1861803217713645
0.9273226354046242,0.9188568789137458,0.7704909458842575,0.9976558641645764,0.6225812128743692,0.7102424387170052,0.3264537458671856,147.88861924283455,28.768469371755756,0.19320571743256276
0.6028056612298078,0.385782352503336,0.5474942833960157,0.7264561979641302,0.7116083795536464,0.6866659771274941,0.9174700658675295,152.10983734776264,26.810511577970846,-3.3303175872304798
0.6587805577757931,0.5057038131728551,0.9634255345418457,0.6908783321491839,0.8393966756352592,0.998266853550864,0.8527099882575756,128.71843971278415,109.80968044373836,-6.897725407591033
0.5999737591236042,0.7536769746295463,0.7828744902261136,0.9013259589337028,0.7047300444509125,0.9900152483375156,0.6203604571588248,146.7745907072932,145.14118330607445,-9.81706784376172
0.8038142379714563,0.8061620246656719,0.6361076601578646,0.7646883051832548,0.7766687317202999,0.7983675134019659,0.6872545235018537,138.59435905361414,2.290979043231708,-3.411728573093492
0.8937983439901357,0.8703360748750993,0.9494618558015364,0.8693726080965709,0.5985226730630385,0.9805229970503636,0.4516440300187779,139.3567506384602,79.91304036900792,0.1761242917887087
0.5225156265833663,0.6165688212050503,0.5608731135206854,0.7972512265757362,0.1170017813545834,0.7240858162575602,0.5948239353328548,147.36539625609976,69.3502550097076,0.14951514698905743
0.5741656416711106,0.5753085242329262,0.5491693572667279,0.7778737399897583,0.0214704688643912,0.9355272547463732,0.4233120806816735,159.2182525297032,101.69465075240757,-3.166594619241116
0.4881068537264748,0.5375299624147215,0.7677166139047515,0.9643042642947756,0.5293051349529588,0.8434191032589468,0.4559558849653813,167.46376547119513,127.25836625546037,-3.8662249405612044
0.520143632360856,0.7190218413520844,0.8126098374816021,0.7140962040107887,0.7148738259321908,0.8786128778844062,0.8940625241756512,142.22878593826186,84.64766427945615,-10.459488301045766
0.661083848097585,0.5765391862934817,0.7557035166756192,0.7297315008429743,0.1088166361568463,0.8790996165771594,0.5606265918398303,151.09233260249826,72.88291780187234,1.222008293561006
0.871893250020789,0.5632028053429535,0.9645137036024338,0.889226450815686,0.4289204414337885,0.8438303463866977,0.8722562972066932,143.51153165781565,34.55881944335013,-0.04409112027346995
0.7380597063179721,0.3611556185049321,0.6317567791315499,0.9274502521225484,0.2559783173623555,0.9365264433717904,0.6374072267693829,153.48939543570822,110.22232584030209,-1.7929724433841172
0.4590664786167345,0.9658785611602084,0.995105001331536,0.9439752881069332,0.5665771131294847,0.7394386485666166,0.3596304329289549,134.4992715205723,54.91782436135174,1.371306543405514
0.7857460621552208,0.38952981861221,0.5101411552151309,0.743775318206836,0.390166780560662,0.935182427197651,0.559975296300625,156.24801326259654,90.23957201958947,-1.7423043553178874
0.8829925421679712,0.5260512493153072,0.5596845486759923,0.9605953995309195,0.2013241765071047,0.6501255514669049,0.4199205282141159,137.5000105893842,64.90913064314024,1.5745327332251775
0.6534204311299826,0.9484162386483524,0.5932225770642241,0.8698114126255216,0.0044502309281169,0.6572091196369206,0.788778361461815,145.35510345825287,35.197597322053056,4.245437382562308
0.5686068689989839,0.8276103253974967,0.5402246364640492,0.9409789162831425,0.3212594194182812,0.8787315233523932,0.9388685829895695,160.70783118429526,96.61184791991906,-8.739280625926053
0.8650726608655219,0.7255435919802753,0.7193687559711274,0.6896079851550159,0.5156981139313048,0.8927694231305887,0.8366677019048404,151.6168691153478,17.450590929253444,-3.1771039492942066
0.4422871565193563,0.7792193289235939,0.9327351572636228,0.7856577742877886,0.9283241095034506,0.9579228480407254,0.8472531290065789,103.49270713130915,120.8718596716754,-14.343353127116073
0.894582573903794,0.4132050558484277,0.9104507443481512,0.8416043543197415,0.2273061853917905,0.689202633769914,0.9047409809653232,151.33202399307189,45.85282659621472,2.9908814518436415
0.888108836151964,0.8751994177326534,0.8724870077348248,0.8589552740251845,0.5117950149582177,0.5956013701697196,0.8460314481173418,155.51266102635503,-32.76124310695282,-3.368395961141461
0.935942323330984,0.5125698387203639,0.5041770799943457,0.6997833140466343,0.5659812053827008,0.7888732053625122,0.7026432211589653,143.31230239867793,0.9922194573004859,0.20125409721741416
0.4797499009194962,0.9710062904676162,0.9329019180671568,0.846198884844617,0.6486280155567138,0.9463794270487752,0.8030418936108316,116.948901550773,98.51262631132309,-9.495233866372057
0.4901925677608443,0.5004080821965717,0.6985299523295415,0.8884422511959447,0.3282934990897045,0.9875363536084532,0.5974793553126756,167.93812713983627,174.7349667635588,-8.857237006198769
0.9272395359213298,0.7562039266819349,0.8659339297967636,0.7872234790212056,0.0994424303091872,0.9388805817541266,0.3596374613737911,149.26242272290867,71.42900433989823,1.9365300588584526
0.7001505044864482,0.7042384205648362,0.8635767231051787,0.8335689936404649,0.9204792696020396,0.7813738867117164,0.7970494552800258,129.90182774040784,-4.881791569310742,-4.292408977524641
0.6527752569578773,0.4430982617723755,0.5891489613867722,0.7642317199975388,0.9518464590096049,0.9412594064779528,0.8081304047657764,150.47404768132867,136.9364933924318,-12.438881945243182
0.7561562298687665,0.5858179028216599,0.7579191682550726,0.9567273446099892,0.4378465258528136,0.6632082676026453,0.4650191512911622,161.23362549188414,56.80837446835412,0.8916175680948997
0.4620982885851755,0.8574395926013962,0.9631095464799682,0.8663660627573921,0.5800452853435902,0.9660015942056046,0.9681865320872745,114.77332418842155,110.82024876699933,-11.621721806981713
0.7963891887445773,0.4882110250592195,0.6318705644176589,0.8504008496904533,0.0290588060101036,0.8142948041572015,0.3470437590230881,136.39830201994872,73.27380978177332,2.2937085278634095
0.9685623922464636,0.9753194425721284,0.8576371716850986,0.9813273554707872,0.0472295169803855,0.7383041713612356,0.8179826954255031,148.25261592436684,34.20451974884328,1.981109681366183
0.8146731549050228,0.5420305409298258,0.9790288622984706,0.8882574244413771,0.0766512770593172,0.8206295076222284,0.9782033302357864,133.07234901390768,70.47438415114257,3.986742470269494
0.6940217153288881,0.7570851098290641,0.6806136910113656,0.7599873451202103,0.7380554440827003,0.9072747222440718,0.5238839242345341,150.74561090315646,111.08861632748363,-5.432034278920702
0.9775878131164404,0.7519855385596985,0.6941016168004205,0.8805372523865518,0.2270649077344098,0.6744048711851467,0.9396068260453484,148.42782874105876,-4.840314441975444,1.5249980188720391
0.821983901987147,0.6558396540717524,0.7265339998682043,0.98707824785648,0.1843212446021493,0.6152154727526934,0.8803272521904483,145.08006426348445,19.767252718632122,1.9258308567034108
0.4611712654344612,0.7756787053951414,0.9045964843069908,0.6746316820951467,0.0083888319783916,0.885486534050161,0.8235988518393338,142.29733213833939,91.14593282197414,-1.1620026800450964
0.8114319207156283,0.8329527977702496,0.7199016572497487,0.8754871364621823,0.0229362029828335,0.979402669988416,0.968083175277911,143.3181586042317,91.53407371753171,2.303562157285868
0.4627340352878336,0.7520737915447955,0.7433591042166758,0.7190228914996194,0.4050326150786519,0.8443224900285804,0.7615470193145426,158.8259425240606,81.63667749951124,-6.193403749349031
0.6041520655019371,0.7137629247233859,0.6115250905690819,0.9387276894561984,0.5411878945018024,0.6326430974239481,0.6518643262006429,152.0527027964064,25.8451125797284,-2.2570740570162595
0.7803739043438226,0.7440390212100886,0.9941609285804962,0.8801813440096935,0.578531049942134,0.8470658219781682,0.7764472960365645,138.87410930065036,34.0136722939361,-2.3197358810683024
0.5518123808259852,0.6111571182317135,0.9462128337741949,0.9788732772978332,0.4575065126353009,0.6215317963325242,0.5946328598605513,148.751787833879,40.40946244874448,1.9056705734812116
0.4504471097929496,0.3962033559927158,0.8003070322281807,0.8898050060881351,0.4591549219710995,0.701551523591849,0.5347279922057957,158.11138588083102,91.60428750943359,1.5666255230331734
0.7816708913067736,0.4538726647183645,0.980282140451968,0.6725201954682462,0.7524366435077657,0.585123575650128,0.3675325113714441,173.73502181692103,94.14344636327385,4.194440154398307
0.5919417399113622,0.744088776065327,0.8436359607991013,0.8367713816902523,0.2893370242948181,0.7803228316457782,0.5713320235862576,153.69982795353275,65.7726414639614,-0.1063940604108875
0.733115776949741,0.952152165436894,0.9795556385861444,0.9677747244896964,0.2375375509784759,0.7091853512071644,0.8643125887643331,142.14531439510924,21.671263075117267,-0.03666049902645163
0.577823759282537,0.3669012372220497,0.5811642680538371,0.744159450164029,0.8535155305644739,0.6133495941813067,0.9623255109819672,146.6846217187541,-0.8183127820067853,-3.428932708946413
0.8207912594184852,0.7034013524983331,0.6130934999340895,0.6943957673909346,0.6886233651254193,0.7039074882331708,0.9828016789080892,149.22021722466937,-68.72259922676761,-2.861259736707301
0.9403502233887704,0.5138388988871796,0.9426305270434364,0.9065620384748884,0.4764424630120775,0.8488575593103875,0.4531695163066689,161.9697367711031,69.74376365408406,1.664366206452943
0.4780844609554288,0.7148960427143871,0.7102060690434102,0.834158311726181,0.2751861512533508,0.695367542124596,0.7046129163125388,154.24888360564543,54.18468580275634,-1.189762698692034
0.8778590685246084,0.8369004749970288,0.6858717615718475,0.6826378204783472,0.1365046213734687,0.6328523228952185,0.7075871883404425,150.2189918738287,16.077099212023114,2.0516899478742134
0.5178076122320853,0.8276784551408547,0.8772715319738176,0.7600179184230572,0.0374450542428072,0.8048545475648878,0.4321680082292173,144.2510196013075,69.96841589212173,0.6767337458575811
0.6168236101591479,0.820817668061957,0.8153278689188839,0.7756169831063414,0.8515586967894521,0.8940955936058081,0.711638913437262,128.84113595856678,78.10101342003463,-7.379096750241766
0.6327948005664673,0.8559013441234806,0.6723420733971903,0.8892333205376431,0.5928427694590999,0.9270270327420808,0.5608267390293773,156.71111490045774,115.99335743239804,-6.886463070980315
0.5464957781581747,0.3973314316490682,0.6992100283809906,0.8238634978636283,0.045844781416202,0.7737272554063919,0.960238094312449,134.7829885559422,88.23577786645649,3.6933359943270325
0.4716112836213188,0.6810300879986655,0.7044664217352641,0.8290561806633083,0.1584877735590221,0.8760466256595849,0.4867106073981213,162.40195510588228,101.04332590291588,-3.9902276756854937
0.8676713968169316,0.5201476447903083,0.5635793682598684,0.935444959807155,0.2793413549381491,0.9283913144752958,0.886201480379081,143.22879115299992,78.96792404093004,-1.9376186813683345
0.8820346711750355,0.9483194581005268,0.6151397400373956,0.7595189266646973,0.2628654823735368,0.8596981584188997,0.928850686678374,148.87197299998778,6.585101698572586,1.3564848607028588
0.9981276310239988,0.8584695982638849,0.7689759638787257,0.890802527163438,0.5478941116929574,0.7973506115609434,0.8179228896962989,145.81063211979782,-32.377956216079895,-2.3741308276165576
0.9625757159654684,0.4200122543860021,0.8910038657641979,0.7892093483077309,0.3990985395824682,0.5972583080527071,0.458786354849521,172.9352598223126,88.12029429469479,0.3738056165080992
0.6769437993929137,0.50811560845042,0.7097934230371301,0.8061338296197227,0.8813795213217749,0.695775499962145,0.4902709086283254,153.89213846101924,72.49863172137603,0.7004400385777023
0.5048349107418676,0.6457387118332757,0.6919632923843927,0.8519424954641077,0.718739534981981,0.7085264028682485,0.9800220978902252,144.70648753221167,14.827172816885437,-7.054401448282465
0.4347423383727192,0.9753527533529937,0.8254131538268608,0.8984879330476471,0.90986642543149,0.7407222686324517,0.363111093607338,120.7975798562313,74.83405063997266,-1.9365607136075136
0.7322892745478066,0.4213940660023629,0.5790253793183558,0.9816064178163376,0.8620013109163672,0.9787277791726308,0.391539684788821,173.39483640649055,206.44906527153088,-9.732696728740036
0.9202773473101932,0.718942437064491,0.6906633388332655,0.7563860395466733,0.9204921497735356,0.6610265497649851,0.9851569101824564,133.2895125224979,-133.2947538992234,-4.840318430862913
0.5816847468369473,0.5717684691590557,0.604441460660663,0.7013399976921036,0.9790747035289816,0.803466219673513,0.8461900178027195,144.39280577299846,59.53538043939176,-10.341217466781735
0.5422860300543461,0.7698224376381508,0.8259776366558298,0.8096051012215176,0.3114407785912391,0.9959934536804416,0.8251660485050634,147.93959770582705,130.0924213114131,-7.208038715677266
0.6794066763300377,0.7713588010276649,0.556602603005702,0.8488827256164875,0.2095289098612135,0.8365370519523533,0.4212533886137679,158.06741397656882,80.02752384878713,-1.2630942041967412
0.9391112916434043,0.506392095660733,0.7241664935770918,0.7427274251778438,0.165046047451565,0.6610416985891902,0.6477700332038834,148.19032222332962,44.54524273476527,2.2931897702025594
0.6866739699177831,0.8603720013353616,0.7982729134675036,0.963387357106694,0.6275103668999659,0.9827088970991034,0.8901990192811123,131.9316961886939,87.9194347502409,-10.423323580721895
0.8415206127450656,0.4094410061108,0.9169024296742768,0.9328613982523936,0.6803347112627144,0.7155813937228512,0.5374728965709741,165.7451477445662,47.520808648486195,3.6608162744410127
0.6928740145695742,0.8813617427428616,0.8623941871400695,0.831212374057536,0.0878099718917724,0.5920910066656302,0.4436874910182707,147.9997192525656,73.0152900993542,1.132194664926664
0.6417035322298601,0.4878077041665185,0.9714423967142454,0.816690287389399,0.8202968273523783,0.7562860605294203,0.3184020585035619,159.38245396214364,116.73660812184951,5.328303576586774
0.6805256863666692,0.7329706243898848,0.8400797936674048,0.6803549192200197,0.7823304934492543,0.6746335864890017,0.7398314596556838,143.17188266238574,-2.7656037747086515,-2.1860254698250796
0.8676222943186265,0.5756783602213338,0.6748985657800861,0.8456098368273973,0.6278954422550337,0.9221984367985124,0.5133140542026484,157.3874265516394,92.07094658384013,-2.209854337041575
0.8596271454417888,0.7460857126206022,0.6162236459279881,0.8652137842020409,0.435230535779927,0.6657707593786015,0.9059853474303278,148.06951140191808,-24.217839540826063,0.619430385217095
0.67529600886341,0.5238089719373468,0.5287393194250478,0.9637657334049892,0.1535626883699252,0.9226224206384304,0.5062220566773387,157.4064366766421,116.48008173927371,-4.204528270376448
0.581521173428445,0.7195860356664932,0.6391328843518318,0.8336885082910883,0.505139010055287,0.5870816806502632,0.415305426005004,153.63350828189235,56.53287143947776,0.30946275495692266
0.5081136582285956,0.3555119973915122,0.5688328594958334,0.7192035722494606,0.1590690781873626,0.9694215836278592,0.9726695447507272,157.40734627953987,135.70016771824498,-6.440777340816824
0.4294118606603693,0.5933019360022989,0.6849062520765135,0.7267575516308812,0.6044242383059778,0.5896602711405942,0.9756528461718236,154.89249725057132,-0.9509667856418886,-4.703685099121738
0.4933342452365478,0.8867183423001019,0.851418459863235,0.7200329289402562,0.3097108356575366,0.9734387943073975,0.7828850847994654,149.54724426461206,112.1236822412323,-7.501515702663818
0.5226981240346905,0.650793946899247,0.8461516046966342,0.9793880059251588,0.247116223582685,0.6031463081556978,0.9505769160308816,138.84261818971333,31.728772689270944,1.2650877496586017
0.8227959453034,0.6743320012971153,0.6594022695284255,0.9310435524302232,0.4406638934210461,0.9451990520969262,0.422373682214342,161.6374826094933,105.31899253679737,-3.1039044076585602
0.8959107794687533,0.7537448610823203,0.7545013057756094,0.9414944197507448,0.5801829832118104,0.9275368334263552,0.6280642093781204,146.0992227719954,55.23634689404338,-3.222409506159645
0.8496518947257379,0.6320976518491428,0.6087548668821985,0.9467128448391846,0.3671515726912414,0.8261025134615475,0.4515385163350955,156.5590469732671,70.84091659999636,-1.617249048178173
0.8418176133251638,0.9131343926197116,0.7517162307014358,0.6986385629258145,0.9626833760046112,0.5870025001945334,0.6407721963634195,120.73016821509047,-59.80546169560199,-1.3817614880367883
0.9966921206990385,0.6120457717182608,0.7552653039409776,0.9006629333846542,0.0059536194306988,0.837542474031274,0.8560320692298165,137.79097423225102,56.783636422389044,4.030476352632554
0.9785686055896128,0.9621366040419076,0.6509757975804213,0.9013823286842322,0.9119927054428048,0.8361310975302279,0.8930691380394522,105.16873261665219,-86.67619674461602,-5.985833305935748
0.582223750022344,0.9195367876974618,0.630081914241977,0.7416676134388154,0.0007453462124658,0.8101637203868989,0.3137295703302918,145.75753629842453,60.40691496192715,-0.1257741292687493
0.5115264835317535,0.6235783806809448,0.989779955215772,0.8302137659152666,0.2165530789591591,0.841987945628242,0.5792526855002273,142.11874996235557,86.7207548275685,2.0638204475891357
0.5162097697332461,0.5876836420612407,0.768772779323049,0.8874245225957667,0.9953978260480648,0.9860984036659988,0.9958366757549744,117.37562333753263,138.4970980279886,-18.5594634513722
0.9402961088907522,0.7894865551204071,0.7812370279606538,0.9656658145571372,0.727415359438473,0.9978298869348065,0.7169355799944102,128.7540923962171,40.39132612283164,-5.873744919443137
0.4871008609596121,0.8405683127958695,0.5043692344095062,0.703565039266588,0.6439035500790361,0.7944495797699953,0.5149578979220484,154.24946968408753,79.51337146179216,-7.104619589206232
0.6229562424157223,0.4708589855618194,0.5913067072747891,0.963952712867112,0.7254149053450512,0.6108999842441087,0.5789018579155486,156.2985608406908,49.718201860660045,-0.5988392008113435
0.7316202677652439,0.506686668749277,0.67861106220972,0.9740188591719184,0.4079420816683255,0.6289547621732686,0.5331270031744233,155.33779503281076,49.416808001112486,1.2343982216569667
0.779098188104323,0.4451430081302631,0.9829898014805044,0.9744168405433378,0.7834725282846824,0.8800192788628534,0.6192838635758242,146.43412788917354,69.90622134562962,1.7592575428959045
0.7689758393042683,0.8440645802329358,0.5880104394996883,0.6683953877296864,0.1547721990289262,0.992031050146119,0.6171396376371325,154.14503906246708,63.88607548940838,-0.47748478719521614
0.8779099358463248,0.8140110289828927,0.651971250522809,0.7403942872713785,0.7931453166510682,0.758295604923312,0.660121137184735,135.76882328652414,-22.40383034295884,-1.9777847488773908
0.7552419656466896,0.4729315288912293,0.99506599881086,0.8970218781857388,0.9386311916328683,0.6135708906311155,0.6309342610950608,148.840792130503,11.973093550943268,3.326109947592607
0.9148385737815248,0.6987524928141109,0.740792982076333,0.7739486521806839,0.8568747661123248,0.7227538592841606,0.666495238001463,143.3460101679152,-31.55380333462068,-1.3738570186352077
0.4769792217146792,0.8463677639026703,0.6595228235039906,0.687130353286281,0.7389691504189105,0.736440264136268,0.3301462068555221,148.31718335634093,86.40100579074664,-2.7144750832363442
0.9193627084903296,0.9650427722045146,0.8173425091102859,0.920902342816642,0.6507754811206631,0.99829576057958,0.3483636356044479,137.3026510283244,86.12973258205179,-1.2453418275684371
0.7657025463777789,0.4660942277009663,0.7483823067867171,0.6763083631854113,0.5206231083295785,0.865561416953808,0.5666018733905773,161.64951157640076,76.25022638269104,-0.5455617358437919
0.5559923801699914,0.5477738522998692,0.9787281854667718,0.8153437945439943,0.3948824969311311,0.6220601399073745,0.9206411377190586,141.71243428386492,30.73067480914573,1.4178849569717986
0.98722131367905,0.5763471192207108,0.5420325111987252,0.9823994139872108,0.8648333874715532,0.7159170906906458,0.8557938631193953,130.8164523499455,-87.6803438722961,-3.7504385072491253
0.9655065373234906,0.7559526318659802,0.8953599471503805,0.8134157863048606,0.6468607362372398,0.5923855811308144,0.3867629124817157,163.46930968067568,57.12690875754918,-1.5876747491165641
0.9117988081348996,0.4387585511421072,0.6398815257553869,0.970512346158726,0.4345190960008616,0.851208317298289,0.6518300841298001,149.2672145718082,52.65268142270281,-1.012972755858463
0.9494310093392112,0.4757721404885314,0.9034126982558638,0.8030143102636171,0.7840539219635136,0.8596339510064261,0.727459173711203,147.0540651282837,23.474954002659093,-0.12941613432269006
0.646949756923112,0.8568838926983527,0.9239179489248884,0.7822576636880328,0.0541106101507641,0.5962124780297198,0.6424300730191634,148.75550259710528,65.1572198910266,1.4232061038378951
0.558775965237452,0.7021148536289622,0.9246684663191846,0.7025515875706012,0.812352585877112,0.7152505435693408,0.7915278788027207,137.12367446321292,12.167436449440018,-3.275683907115155
0.533123683180849,0.4543192492900691,0.9333962658396516,0.7860563234902286,0.8099379709599785,0.9581528943442172,0.9980378697161136,120.09011658839783,126.0808929447521,-8.844943925084289
0.9278149251270512,0.6023772686179052,0.8591854717375204,0.7790269579029321,0.2283585102976731,0.925603265245788,0.3773368574742561,156.62062981745353,75.19688856074245,2.2047152134633197
0.9008899935522514,0.4375089789345825,0.5716078474266602,0.948750490085138,0.03769519222626,0.8174488822062028,0.6660958198218079,124.5692140165844,61.93018147449189,4.054163617913248
0.9890467521850688,0.5856639236483615,0.5264017233130933,0.9731862394958316,0.7130426016351434,0.7790904778807247,0.6639166087030679,140.76119141252536,-8.353143556917054,-2.9516388481809397
0.9132420905986932,0.6100166384278756,0.6706905267245352,0.6740893784483023,0.199729930873654,0.9966929817546596,0.6983748473583076,147.07089444352889,47.980887595438375,1.060310447787749
0.7899047029296364,0.4229764233324148,0.7477667018997408,0.6995118096828389,0.9950687276445724,0.8808090948316014,0.4259112488860426,152.34874458362603,130.95053621150373,0.31569088832559444
0.5099159685811598,0.3890358613801447,0.651637175213113,0.881028667328812,0.0092350811624766,0.9794738491819256,0.750729212865427,144.5224199879645,153.24799727907862,-4.742369721532437
0.5228079711251067,0.9225647791406468,0.8712133047780061,0.8282409987927343,0.2296197915272713,0.6022445794953196,0.3414137572129922,146.93097233372075,63.508449287123234,1.2906014470755176
0.6992574136165435,0.9264902427648256,0.861341327776202,0.7656680127707554,0.042081524866051,0.6624291182110791,0.8215413225845567,153.00564805864536,45.0924723705562,2.0911411699272637
0.8672766524367678,0.351863640793398,0.9859587481913306,0.753353685649415,0.7819201161031589,0.5849152055752348,0.7678191876786633,163.80909027937545,-4.261327542060883,1.0434979179302113
0.5276228656743105,0.7664877569822675,0.7005649415345072,0.7416186118954332,0.578167730988234,0.9432012685402716,0.5385429898836458,163.329146747327,138.18539915992665,-8.241765762285308
0.9516713185641588,0.4110099297214154,0.8929521955608074,0.8417998312758754,0.8476318792901903,0.8688360127342903,0.9923366966268026,130.7278792122193,-15.071096946457146,-2.308121226111657
0.8192840838365547,0.8761695854838114,0.8707103200101836,0.6726071426140936,0.961694354490353,0.6476578537394988,0.8819411285468592,123.4030223049303,-107.93775675152156,-5.313380721480755
0.6070538546851627,0.9212406455632974,0.9943629549733284,0.9128893102319356,0.6095550793607732,0.9887029808009512,0.6826344533711634,115.55542029034974,104.51422923659447,-5.678542996493841
0.9346703995365396,0.7505235143969882,0.8869019668934317,0.7668368989975565,0.2315793148869434,0.9808276920541392,0.993384796151101,142.64694343469927,49.93057841625191,-0.2203452857107584
0.7706313342556264,0.748277323286388,0.6421233874688084,0.8089521161547012,0.0926170145702375,0.6677582597643197,0.8828453599939711,148.26281994055404,24.39856091243376,3.627457832317317
0.8474882481675716,0.5913717645501464,0.5081046990721086,0.8423331946458358,0.8654402225279377,0.8486176335416207,0.4059351713245703,147.51997367242666,102.71668337083271,-2.5052333895944505
0.6488353487181899,0.5121557552962148,0.9840814292017166,0.7371837155867577,0.2449254512156976,0.8576488562460737,0.7181384387714758,145.67182531622663,81.17018182281902,1.874907670687199
0.6534676998155389,0.6743383185552139,0.8581572558918569,0.9611247328702436,0.892669624150302,0.5733145520747396,0.7111079443258104,136.22070492281807,-41.17543809238825,-0.43785324812880067
0.4358378560964658,0.4370045339830568,0.9063784173301188,0.893973577296442,0.8774545207665921,0.8665018415302619,0.7607808472684509,130.0891249708825,119.33446404100873,-4.666135199917939
0.7359367779800392,0.7866278496502683,0.8967067338130686,0.9566594205825956,0.6272313987440329,0.6663634854572853,0.9591012464489442,137.77933983773747,-54.01438145669864,-3.6419635963536283
0.8632782285139782,0.6553908007531313,0.867993563121968,0.8251459667470927,0.6034422755423161,0.9575022573061654,0.6499013635503166,148.30700869130487,71.51402168334815,-2.013720582860267
0.9821260081280566,0.4654961770693944,0.8758424996052179,0.8108270005737409,0.9499194645079064,0.930608913129499,0.3641807944012391,150.6887197495017,106.11174265959063,2.7635193449462037
0.938365184539062,0.7321493000217545,0.9647465424458356,0.7457713906303851,0.7553066322051334,0.9592041173122856,0.6411498737780077,134.7537126247483,43.443021737424864,-1.7394909135330967
0.4783280027847124,0.8665517967754298,0.957080663020194,0.8482579966216687,0.6826474249501386,0.8959481045618574,0.8537005451733408,119.36121715951424,79.79326050200177,-8.860162478273505
0.9888077954288634,0.7324643193718565,0.6899023012620138,0.8643532762022157,0.4353586776047848,0.6422004504969651,0.5579643233080158,147.76121703918818,15.963532275216608,-0.963576453495236
0.514028775579271,0.6940692467935177,0.5159415204791178,0.8066512056676837,0.4835671913686627,0.7259692289826902,0.3295370439556311,161.53696791080495,94.68026564339743,-3.4866990261285515
0.4521182491029031,0.9005655001206778,0.5197977464111613,0.7152083770860784,0.3885867383498489,0.8751299603132576,0.5198139311005063,168.2111808901272,93.00362145571124,-8.410871778469208
0.8564985399141358,0.3571721974113195,0.723574850435021,0.7577494175342278,0.9454186078934844,0.7100291912076984,0.7809047959252309,146.3700281542943,-12.116433365798784,-0.012318514239172629
0.9461690235890092,0.7506095214581694,0.917553829762828,0.6715318325836793,0.6375308926299789,0.8756015600684547,0.3701260113949828,151.85766638261933,73.82961585587903,0.806599848496397
0.9712473958345124,0.6161798467686554,0.923863445776876,0.7730823183352846,0.7796303043300601,0.715524044391808,0.5699237360793512,157.9431276182813,19.098690547964743,0.11073900380738677
0.8999443419574187,0.4758611385828555,0.7024713038842229,0.8602216085594958,0.0372238182694395,0.647691165136755,0.4025956619527443,131.75057606273813,78.20983929128337,2.050562589812264
0.545693792007356,0.986175163451203,0.6511330354829601,0.9851089857985272,0.8516195788311889,0.7934511185816454,0.6388051493542517,132.2118014130296,44.74953654732915,-8.072892918901939
0.5166123567023331,0.6123633558588291,0.7535268052493671,0.726038073564196,0.4172746714444807,0.8654091663590733,0.4083718463650531,167.93630326126856,104.79677549468451,-2.6460906106705293
0.4623184747133403,0.5678569634222348,0.9163368703032132,0.6852588814810211,0.7364711202991392,0.7930366047723505,0.3859934578650902,153.16209484166927,122.00207599340905,0.7772906110898208
0.7611126161012545,0.4599171733006386,0.8184100542343304,0.7654790433084152,0.0400465184278021,0.8464158465213507,0.7916878483489872,138.93491372691813,67.9756083440689,4.637511693602077
0.7069824326599605,0.9979836938973662,0.5703099628886238,0.7190104802000499,0.8930242209959292,0.7591501217569046,0.4197331952427046,118.2027449369004,44.14824313690267,-1.6153535183555285
0.4910638839133256,0.9059762271691468,0.6814142842374145,0.8984453633606204,0.659235127443104,0.904844115992909,0.4175241989609324,158.72345915335853,147.0211944118388,-8.012764246887604
0.6941885407396801,0.3956185497239979,0.7779149511598085,0.6686999095028456,0.4570965405590601,0.8498835575171759,0.7191434872784737,159.72121903324577,68.85765185485945,-1.0320627249714927
0.7527455388952545,0.7175020923579762,0.7693416774862679,0.9934878320276782,0.303310733414093,0.8176176042751675,0.3408989501342032,161.33198038790644,77.44288653894358,-0.655970109196919
0.8416587191874918,0.4458887919058026,0.9153832188848536,0.951786636528096,0.3107691681244583,0.7580029548792673,0.3335940600123726,164.7303246493746,82.675307968952,3.274462629732671
0.6652635023228828,0.8149066946950037,0.9661019931284588,0.8302153719509044,0.3031509219122097,0.8009711866680729,0.6081539958476623,146.73416618643273,58.04007957752835,-0.08598343062020652
0.6105064693627484,0.6644779778599037,0.5506580144217825,0.9735283232523928,0.1309543166878419,0.5934350021750331,0.562434078559702,139.6064610148537,50.06980576338583,1.7665578030730753
0.8089368304518683,0.4218587825097321,0.6125691096237087,0.8759761998079342,0.4633988584021362,0.8570566099076067,0.686137492706325,153.06735649871882,71.08519381555433,-1.7070827474976196
0.8195314100072995,0.7118439335876072,0.6963610040572761,0.9977837684334646,0.4530861949791068,0.6591154147429479,0.9954342144476692,147.38506778011111,-31.61378954497181,-1.0726932874938095
0.5831271936544234,0.9414407677398654,0.6485288358410618,0.7594819895567861,0.4115788438930769,0.9398750511887786,0.6104004999508805,159.32463997831462,106.55089691106272,-6.582641724074889
0.4399544186562992,0.5717081992162244,0.7044198360795397,0.9988300472536304,0.7024397001485413,0.919406839616036,0.7078009490512905,156.59078824923944,160.2782812969837,-13.311519822896503
0.9689094136210682,0.3831746015856739,0.5208165576366794,0.7268209661807571,0.4194490185163836,0.7976431557928132,0.944277443114548,141.23650369986132,-10.849699358671316,2.8548008388244437
0.8601300962889782,0.9638601393443096,0.5334500995887786,0.7845000142816808,0.088975006004249,0.9343013267241294,0.6438012134230222,146.66833932672324,52.906590492342566,2.375412195533139
0.5435217489196082,0.4422517075838193,0.9192431351643184,0.9783185691003098,0.8512532726905413,0.858805024926725,0.8491018296453976,124.88855526368084,82.97820013042056,-4.181036164257801
0.7517983456811106,0.6586143697760474,0.5517163140512357,0.790203572250728,0.4247296339610911,0.6320764681890682,0.6889165787517804,148.6767450792928,9.926082803532687,1.2109714517730317
0.7685273017454298,0.7038181227353925,0.912107000932693,0.7366763663904701,0.6546798392108346,0.888763083560173,0.7499364153455029,144.9243518293365,51.21342740626164,-3.028929788175363
0.5006075883547763,0.5041171265557209,0.6535808059173756,0.6865987027709958,0.9290106807840272,0.9979579997476142,0.9534136104907484,147.99425561211092,163.95209718641763,-19.397918471009014
0.538124466239057,0.4653770575301432,0.6549351522003892,0.7163993384153019,0.7666950154175923,0.5891395367443111,0.3113449786411937,160.96643947137684,104.48537707655493,2.743981691490892
0.9752029060712464,0.4236441514953817,0.5507998413075956,0.7851012398255444,0.5383117690844983,0.6764591434507154,0.9316650025947822,142.2643878725984,-43.529451040143925,1.7563112881386735
0.7188597339679272,0.3956074240563855,0.5071011814777221,0.8070870934316747,0.5445288127599232,0.8275226778497073,0.6538015373221819,156.3795199335101,88.76285131502415,-3.2757162562268056
0.5380017105803134,0.6800878479279344,0.6779450433846376,0.8474622036385007,0.848727264377695,0.7493638834389307,0.7289593330755024,145.07296138309366,45.853769469061604,-6.4608017420227135
0.884289744415863,0.8968669463182303,0.917742331766156,0.9377712575573194,0.8228549140762983,0.8445700148441123,0.6209786446168665,120.91432426449326,0.5852364992313213,-1.779820137626245
0.6974713783992381,0.4324867950020336,0.9599998708680484,0.6712531617093566,0.1785326589855197,0.8226688924130384,0.4906495911494796,151.28243371101988,78.36827672449,3.771945816812263
0.7933589245317947,0.8050625937715914,0.5312384271590911,0.9469402063341514,0.6259246011228657,0.908979332726276,0.3563431954786957,155.1538211122284,111.9417898320855,-5.827898158432127
0.5985941871383138,0.6180812168542529,0.5159148169420029,0.8590526354807642,0.8648953917930661,0.6019524492548208,0.962111846958058,138.69454733130917,-54.976055602803754,-5.15152093969226
0.4617103868790709,0.3730584740793763,0.5797979942904927,0.91874933516209,0.802550761292532,0.7602483711522712,0.7407504786555055,156.5257409174733,112.3599734201211,-8.575177355168513
0.5228632081059494,0.6981665648496491,0.8832428599262716,0.9189162601027454,0.1246509106797487,0.939834303019486,0.9127370074830378,134.59278320230132,125.24480426369418,-1.419922218070256
0.9845325776730954,0.5138043805683826,0.6028163308011486,0.9676197163634456,0.4353107967686574,0.726914428978294,0.5112454662422182,148.03555823551105,36.325540961769555,0.4047648389385303
0.7848900642843311,0.7431474035404638,0.6157673425831064,0.6978876662033677,0.5177669613180508,0.7872963308622669,0.5024190193804836,151.09356967766016,43.45653332799442,-0.7948902500470196
0.9034345110596884,0.5769854743861325,0.9445087889106843,0.8571427621722638,0.2576088118093112,0.5808338210130262,0.5422369061820069,167.05206526484707,71.67353439182068,-0.915470902251821
0.4409236278578558,0.7828800342014529,0.9375188636654476,0.9695604972230288,0.6788688939914106,0.6675767590548443,0.4700600921626512,140.4352842173106,45.50903314883047,0.790416189918119
0.8659437750182752,0.946522869089384,0.8352899309533164,0.9063350291195316,0.4758031586773733,0.7701127428233654,0.65399357505068,145.82570894789814,12.116870355745085,-1.5339449855276475
0.7056860734244956,0.5089586093818517,0.5824020023487315,0.6989550742474061,0.2972675080582046,0.7424164394473042,0.9559900932800188,153.55187111397964,17.204286518107935,0.1478909569726381
0.8087246918359275,0.9603758746502852,0.6908625746546765,0.8712814929311526,0.3365832170868081,0.8775804855543532,0.9145230152068976,147.7338925683481,32.7635183473197,-1.4881180153082838
0.6332745528659384,0.4828357884269847,0.6184482104295891,0.9332057628204228,0.8558573085725495,0.8335765143358196,0.6520157834997717,156.04777788498558,113.25138206709106,-8.04835550323767
0.7833363313913988,0.3960876054397598,0.8360673442722903,0.7583347391637472,0.8653790454425461,0.9484954119298344,0.5511795893115052,153.9709475471029,123.05699538386064,-0.5468748199351923
0.4489791828246658,0.4752994371109281,0.8900567522297016,0.8774530241950397,0.8116097501614439,0.9375723026424304,0.7323518923488783,133.25788501079882,150.1939407174438,-7.983858119347492
0.4546745152460407,0.8792697645437769,0.5714727685026494,0.9467057511909174,0.912999481115043,0.6748751299348015,0.7327448865365846,127.55612051332767,-6.448337240356899,-8.439142444520584
0.8850105377823377,0.790089201278386,0.949010909434523,0.8412722684942238,0.9513979963370292,0.5791469195077011,0.7820170441545671,134.35347824401336,-83.40448946008593,-3.4432641445467054
0.4997372790382743,0.9804983635884068,0.7316606350054918,0.7314640086945052,0.4913886773164366,0.9374438841334678,0.6799225679621679,151.58910296300542,105.98070625133198,-8.913660783542635
0.4366184700912947,0.8110410231391275,0.8975867146422727,0.8498706687122364,0.0966670644606047,0.7125107226453189,0.329296115789355,144.0104055037588,59.70426897483064,1.8549555026701579
0.9499225360038166,0.6180880304273932,0.526269361575418,0.8626347263101262,0.7993176398647123,0.7202128041813427,0.3632609313517665,139.91176463225662,49.264673211211104,1.2136125332867747
0.5803296187945496,0.9295955057418178,0.6805887213702315,0.8009654048901561,0.6328483847076017,0.6394128628312385,0.9818530227592204,144.57235670387738,-52.52826398243489,-4.620009645514728
0.7613486137272003,0.9722492958574724,0.5078592158337624,0.8931486722249584,0.3801913947643694,0.8683118714827149,0.8250636840097196,150.37444853219722,39.28438220136065,-2.603524878915457
0.9079088607433532,0.8641671753346709,0.8593639078129924,0.8111175878913719,0.9746009697472606,0.6915258289783583,0.9642625450516016,118.75826190067602,-131.49223740953957,-5.655408899186793
0.8547716168619989,0.7115846866064862,0.5401623196060554,0.959027169799948,0.3384020386839999,0.6472688493406225,0.5448148011569982,143.55956067893644,28.70697006963246,0.41992580470807983
0.4552681655463014,0.8863134746874385,0.6694520236826911,0.9304560771882292,0.9067709925958374,0.7871258961862985,0.679474257944535,130.57515712580945,58.66168684512098,-10.516137371994661
0.7491035169193381,0.4664331680384471,0.8909646686614157,0.9348348208079024,0.5920425324829526,0.8928918832111467,0.5327054150267431,158.6669699822779,94.76996442910843,1.6358993548892342
0.7381625028826688,0.9347369071447892,0.8745897419449948,0.8420082819395516,0.0366666356730525,0.687025743095288,0.937174175350002,148.63992993015805,46.05647215623242,2.8094583906010957
0.6286327585862748,0.9991478101410212,0.8203049329096623,0.7321836582655538,0.8595203248170502,0.8807420629262033,0.5091266643764507,119.35598593831435,84.5081301551795,-3.7632496894292156
0.8591454906920224,0.7820281264385471,0.847143931836432,0.9080721862452904,0.7614971903725359,0.7693934310151521,0.7889402151119693,134.50047597142932,-35.50716428221695,-3.3260574561323253
0.9793729600084334,0.4773692634794121,0.8257703867554145,0.6897410193116255,0.6418947739490226,0.7444735697059974,0.431484477951381,165.3124716522928,60.2798326121063,2.3019988744014652
0.5127181762520477,0.4439640740343853,0.8207976155777663,0.8391765506670588,0.6140228013121579,0.725526750521412,0.3833849907727213,166.42943801521673,102.92184069149107,2.2736734398474514
0.5115968995723934,0.973084151584542,0.675130838922153,0.6844310392178343,0.2186744688140521,0.6339265080997712,0.4181021647215389,145.8181194529718,40.372153721821306,1.1675179753573057
0.8483895070600599,0.9159106242642012,0.5145449901284667,0.8427883388679704,0.2143295378423587,0.7140148027104929,0.675688437499075,141.5145938409803,14.79655481348943,3.1298079185903607
0.6882408253923902,0.8362651849364354,0.7211709675242526,0.8952488948474466,0.0292046923015604,0.9480539838769932,0.8928026037312854,148.49719012295057,107.67097504591266,0.884238868082555
0.8829438448870893,0.9664000774969476,0.5231834312372251,0.8064096823998284,0.1540423736962445,0.6153384064237039,0.9994274128730476,146.02698706750033,-29.0288623912556,5.288609144955304
0.5092280337266295,0.6770215978648177,0.7346783981701235,0.8056452474528701,0.3362003463351067,0.9818992845692844,0.7399283137362531,159.12633217726307,143.30843778787175,-8.548558385389256
0.4514002560349052,0.9265540722058424,0.7322865515273944,0.7076846304733275,0.5402358314143737,0.6176203226152472,0.6785468564489798,145.74852823996437,12.73606387683175,-2.7615423545827573
0.8273642818651267,0.4558995647163233,0.5897486240906495,0.7673237213316392,0.1307372428884248,0.7266017604610526,0.8530722593463964,134.872162086809,32.96309088050229,5.395386636883122
0.9969151809692888,0.468877581776553,0.8922199036641947,0.8147617092971589,0.5570659460907355,0.8311900397317591,0.3547838529170624,166.8743120770312,75.85214053721265,2.5784277964219298
0.4827882680136835,0.6828253873960309,0.8522332563742738,0.9544164221895596,0.2631137625882551,0.9303238754505552,0.8685862836417664,142.41643381771433,123.99088003087883,-5.684099199015921
0.9224320211486374,0.5660694940113585,0.7799697342958608,0.9658801371463596,0.2537643041764251,0.6330709838629733,0.8334318428813182,152.4578644156622,19.21695307482819,0.9759630668880113
0.6487482440521037,0.6310002133222086,0.9629734914565616,0.9843992032290014,0.94704014073189,0.6320088958177583,0.675747875780782,130.88319237608832,-23.101112013624572,1.1401683208755276
0.4382213363949568,0.8684145773628571,0.6439278963134681,0.7001803877281969,0.9913952282853332,0.8406403387315436,0.3266995277916942,133.7209850652979,152.60201903391928,-6.680522787055903
0.720008594947454,0.3848638432306447,0.6313628615943121,0.7654455770105615,0.8106736443186705,0.6969367768886975,0.450186635086837,158.19438718794737,93.27850631682728,1.5204475904375392
0.5879408305453874,0.8181934441761669,0.5921034372606527,0.8209699701427124,0.0543985431107743,0.8475439586602629,0.5656155656747134,155.94763863947819,84.89981284643036,-0.9427184152011843
0.8247757258893833,0.4074717148548834,0.7724273078921751,0.8805341691716695,0.7279511476836978,0.9229346257355214,0.9594220981736972,137.49062045681805,50.3408674308115,-4.641215245692856
0.5930691235023414,0.9004249854601132,0.6030533050666087,0.90086998426601,0.1783058899949837,0.604507525521768,0.7508195030863886,151.22873715556872,26.23153735964564,1.6304593819408675
0.7038282140936911,0.4812717227839206,0.934495120199322,0.928587796944398,0.568703207776284,0.933172295535628,0.6623463361088751,147.227025702217,99.13965436346786,-0.3024070872937541
0.5432137667165051,0.8273446057797862,0.6524807768150434,0.8319484365491783,0.8928648295223939,0.5876872426264965,0.6474169493059863,130.59745235234269,-15.494101480900198,-2.571455382011073
0.9017300492524994,0.7344639527202403,0.7456993197755741,0.8521696041667401,0.3798701639827576,0.9564350436451377,0.84831299369911,147.5252131105529,53.258269967241,-1.9553602092269442
0.9573352343261746,0.6005524745523897,0.7649701622859608,0.986727596727503,0.9279570859865636,0.9893141920486316,0.5338618843159522,137.89023805116747,77.06951207811679,-4.368257948003194
0.659058066006886,0.5238858439162528,0.6541475189609758,0.7467325504502891,0.7077123011550299,0.8573715317086181,0.3759936476016458,167.5084357521002,141.9981726823794,-2.874017151830402
0.6850778516146632,0.3874944828149579,0.8693215169695439,0.9344977074129168,0.3007670427097851,0.9930122691522588,0.7773859978469826,142.33858088323808,128.92286697738294,-1.3373019186235122
0.9900438492970683,0.579619587917152,0.8461710415081665,0.9038741739344625,0.0948824615544838,0.923537746941154,0.5375730221382932,144.64530710309936,72.46661575188332,2.4304737751412224
0.5098209749220065,0.4803815757172825,0.8805061728654914,0.7134455003625505,0.8145823450218986,0.5905902205453755,0.5352142393489242,153.16951804045252,70.13012318780667,3.5723026657305503
0.8905996983902764,0.4384298084580993,0.8031373149885501,0.9753767168944844,0.4576545888872723,0.5732264323707313,0.6241877962277631,161.7753251925065,31.406829627298873,0.48474296947871665
0.7527198388099293,0.8296553993948114,0.7303401318747265,0.951683210201716,0.0726813992667618,0.5804997985814998,0.4781192383117801,144.40906768260885,63.280565743360825,1.4736999036469154
0.931799481751352,0.488163576309258,0.7247130921426376,0.926418930412186,0.1030792578416964,0.765082664552935,0.9459717843234966,134.39070524945342,37.65664423780912,3.9254252722433085
0.5956959508274551,0.4950735257325594,0.8583897850972456,0.7090101823191068,0.9660379346061176,0.8385014658722405,0.8944766024262137,130.83995731711695,65.53533223418111,-6.947196393378439
0.5978265970603185,0.571245137957947,0.6888076301347068,0.7133058399150266,0.2428163023426049,0.7777411193912356,0.9937830205540776,158.13448193174673,47.81665806568874,-1.1022144037871495
0.6147727083170007,0.6505644863260652,0.7188901860217196,0.894341693380374,0.965668107847086,0.8615140204776477,0.9754955905894456,124.6165577481029,44.013930618464954,-11.728682393340183
0.4381308053192793,0.6837146571347762,0.5822308407843948,0.7025140208407095,0.6805273962165057,0.7640960472846507,0.5275397981664641,162.2873281713908,95.10903248759885,-7.489362287477272
0.5256904233035047,0.7816425414890038,0.8399559405379491,0.704527659187134,0.3002468618437205,0.5898188081910499,0.5731162715118863,151.4301019484397,49.3506676114144,0.6110890085212524
0.9968441035612732,0.732284209880512,0.5389004555181703,0.8001082998650961,0.3833988067343166,0.6684299980033931,0.792004265273645,141.13206843946637,-18.023548913678866,1.9340650925556075
0.5708555193677928,0.6629200827570234,0.9952434071229804,0.6685762466345564,0.7763085494052718,0.9965955005121986,0.3217788735419589,139.5572626074893,160.6666094827252,-0.7374382846525256
0.4400081304254641,0.6059529627930562,0.5722739047537709,0.907093471675549,0.4350332365106993,0.7196793733731346,0.9957127809156622,154.02137856397712,55.179669834107536,-6.153314499066127
0.5877615010861108,0.5227496404936822,0.6917762753772765,0.8467147350993521,0.0747365921643745,0.7106460371652921,0.3183316115934135,143.66766905857747,76.74219208621834,1.4583428002754557
0.6619456902569509,0.8111158831820746,0.6192490327843209,0.692822899806256,0.2296419172763666,0.6370139967183974,0.6770876905300102,150.11074845819644,15.69944202437668,1.7266353213862482
0.7415842986968008,0.556325406731091,0.6456616901398556,0.8478391165875673,0.8595301796806795,0.994248970253558,0.7716371424667823,145.045846946504,114.92255617489893,-10.838813986114046
0.4678016221445794,0.9017756375340922,0.6615435644275638,0.6848003505017127,0.6955266519937737,0.6702679194428949,0.9407650662067418,147.18800810567595,-27.045716900344246,-6.946773355297673
0.880207275980164,0.7307522570319311,0.8592899346895477,0.6903321465837969,0.5005675139136733,0.8485392009423413,0.7547109879283307,152.75806413352333,20.458547033227205,-2.4591628893180855
0.9002443700249363,0.7617743578260415,0.5887634651298961,0.8284819130114688,0.2453074750907501,0.5895977305766311,0.722209561777457,143.38306496951915,8.247670395817728,2.1616117753237347
0.5504095711904753,0.6805187408053321,0.632274121851236,0.8332638985299043,0.4741689483470387,0.6000554533236429,0.5178267246424565,154.5992153098881,46.26938837864574,-0.5527228516488902
0.8847716046256777,0.9530495335992524,0.5510291458830823,0.7796958677886838,0.7881071267465138,0.878478257570375,0.7180425147474765,124.54204357168669,-4.6454638553767325,-4.85508520901595
0.635115229549061,0.6239080580838579,0.6660424952991331,0.8738818627153174,0.081522089411724,0.8435475530268167,0.8274521288803228,149.8085361651668,91.53133259507453,0.41706895473766714
0.6703553416018556,0.627396375704326,0.9706325078578976,0.7958046094998857,0.9938160335955812,0.8628122277107109,0.6661355426196565,119.64011197277306,63.89485181688079,-2.011956753284966
0.9635949314980355,0.9299743541427146,0.6903429843975066,0.8622872105742516,0.8589483441024289,0.6704867451972226,0.8480784134509222,120.15420080179182,-121.56596690926469,-3.1445971807158166
0.9381809688803115,0.7429220038659887,0.888761656397727,0.7832898075717877,0.3177037342207263,0.9932835837551164,0.3588278604438344,153.1577763330486,84.9271937133125,0.7688297967988458
0.6429328897421909,0.6417967960913222,0.7311002039811672,0.9049230055698017,0.8697514932842854,0.8106679574640553,0.5419564615957084,148.3180403845157,82.5940150077667,-3.564912775463435
0.7074903990029283,0.5203895723318571,0.7250540492459199,0.8597310352097057,0.681081780865947,0.9867152815372096,0.97223296919688,141.94787060352823,106.38042513751179,-10.123985364992649
0.5923225192701906,0.5092831558105553,0.912054968332394,0.7200915929737356,0.6657373317142625,0.641885802805348,0.5337338384361812,157.42609352068777,63.202572555203815,2.886421846370961
0.7231007767500468,0.8705163954404046,0.5138725291024672,0.8953643674875849,0.1396293830109541,0.7450416450056548,0.7393579467704186,150.25637039119073,39.61927027323124,1.4142559777114556
0.8182084103686156,0.5316312224211837,0.9324925586398736,0.9278948779037762,0.905033427213612,0.715321437106808,0.6690937472809801,147.6190726441504,-3.2811527023485922,1.0060207091786388
0.4815710900492219,0.3539144851253953,0.7428408639066142,0.6887260436976923,0.4499448424197819,0.8948866837494359,0.9562536368248228,152.23276257259747,107.86838334923075,-7.5150346023001555
0.954141433887192,0.3628240386625161,0.6758663849555228,0.8699479532347417,0.8024711738145162,0.891673998556118,0.4230202273383355,159.4006173217877,103.08960507970937,0.5191089156942206
0.8393273989427394,0.9854121459507194,0.9534460875989688,0.9300577816370186,0.2992805361723804,0.7799127280166254,0.5171575062337759,147.33052722434846,51.14083036090372,0.10698053115624861
0.4839048729262411,0.7136611992850113,0.6702380276782622,0.7049730783900666,0.3077517694799199,0.5785086526262979,0.9050929262657408,155.98881577810369,18.994842925510888,-0.45900508848551413
0.92508923068205,0.6676860280471744,0.9888423269134,0.9671033628317136,0.963768048318892,0.6466106015464448,0.7699160216732472,137.56619331997786,-88.52983915342534,-2.300359569195848
0.8535009072964531,0.946115601824972,0.9681922961460798,0.8049443298644436,0.4962157668406563,0.5931164286916843,0.6850556341182996,152.72212740352944,8.861376298394141,-2.985761413695212
0.6075210278631827,0.5785205411436759,0.6343054504186119,0.912541394396313,0.0598916719405312,0.9342514466302624,0.5829715589941262,154.40185943828342,113.85640317612675,-2.239575015835683
0.726527953001944,0.8663373661894521,0.6706093449335222,0.9662365094766164,0.834916962908615,0.6956629767166191,0.5942825677480742,133.80614215525728,-10.128099206229095,-3.20651159567533
0.9200283991493216,0.8188206007125505,0.906159093009024,0.996408923960482,0.2270604435489411,0.6220843526403066,0.9550813117113528,156.35459073176963,2.849255900342847,-0.9687439285116085
0.9817267267795338,0.6599417387590121,0.598184563964363,0.8612761548068971,0.8779201988994163,0.7232367421984115,0.7732738702166868,131.7398309449014,-76.70396579747899,-2.2782596395209636
0.5892109548865552,0.8531150655217402,0.8660906797403245,0.901361416863747,0.9155679177132462,0.6046868406256923,0.9510680005733804,113.45492485291113,-93.02729405234709,-5.5562804908777235
0.8002980814316598,0.9772159339215905,0.5649878864612249,0.7506200063249144,0.0727538504336806,0.9907009953867704,0.9807581855736188,155.13004803328081,69.95636669097658,1.1121652659351167
0.9200948220977084,0.4804326188164028,0.6031773545600153,0.7633923531834818,0.581897661297287,0.7064681340826899,0.6877833929511536,148.66634486800118,3.2546397148637,0.8217337653282564
0.9931764283946666,0.3615572160720577,0.7504819953486994,0.9501554829254444,0.9805858172531688,0.9710954193169884,0.7311123649387432,129.18378043283928,46.41700455674767,-4.075068574298041
0.4690313435988049,0.8835143367788989,0.8730488881200702,0.7994303035354855,0.9300328979239596,0.8639110094854179,0.7631372778902723,108.94849067541993,67.37888202486843,-9.588108468081883
0.7163523260063911,0.6122161355043239,0.8698255303694344,0.9407176303571486,0.5247699986120231,0.813978406143239,0.8891009276560619,141.0944622108516,30.610715736785878,-2.3603902138830852
0.9277611041536536,0.7036398178173786,0.80463673515933,0.6836375643884607,0.6798616909076496,0.7751829455107542,0.7650024241428703,150.67709386499828,-24.264180649197357,-2.802585645915055
0.430433604003091,0.4946218285929574,0.6363981142227912,0.7394798780392766,0.6037082188239759,0.8659025539442143,0.3898594133001598,177.67008077012963,164.288329339953,-7.504782275036478
0.6784250831946792,0.8967163117935878,0.7079600238401823,0.7234391826396562,0.2031082023372595,0.8654295356019142,0.9602544069223756,160.34151441368385,44.5475279006939,-0.3572012931469364
0.7623864284620874,0.8184287401025341,0.6234616885629672,0.8423382813288625,0.6523940912541132,0.5760994275218234,0.7662859057648199,145.13598982745336,-52.61722483609161,-0.8704384607885075
0.7294171806210097,0.9691576634371968,0.6388480698436932,0.6936077584375614,0.3328636694530523,0.9602703014845786,0.910288443312282,156.0028738960681,51.850270869452466,-4.438032341631036
0.8472678402145115,0.658744134804482,0.6619285698344857,0.7813198323451259,0.3376894920811848,0.7291415032033173,0.6035313961166351,151.37744972332993,38.60305055816037,1.1114665159232935
0.4660626005895781,0.9842190944271172,0.7996044252330321,0.9952791180933604,0.4196221401682938,0.7228517231189083,0.6379698430301282,145.98087667790787,43.23912270721245,-2.583067005945037
0.8773437709876832,0.6818595365967745,0.604171053932864,0.9313192987817952,0.8513704142125534,0.7456800442845261,0.7855259381862476,135.33533268230394,-45.82812186595373,-4.55551137513751
0.5904067814723343,0.7536443923610514,0.521739790994394,0.9201193929455076,0.2381649187217304,0.8650045759476186,0.8458518337094938,162.28885565392915,96.39847810331321,-5.63464461003367
0.8995177345473215,0.7878630671090701,0.8463617109565087,0.7117884038638345,0.2505980760097363,0.7325900289476468,0.364923085711247,155.50986619869164,70.4902941179112,0.30562861215566306
0.6682859225543097,0.6681708995695315,0.5113684760049901,0.7882107218317336,0.0073944272709306,0.731653785277908,0.591545193678916,137.90522032006518,55.68276417063574,2.590558011010664
0.4531490553737401,0.7155714426754785,0.9853894688714716,0.8934722040636657,0.1549108935402644,0.5987677870898922,0.8413401161278381,137.9878452069517,54.25328201423229,2.3207606337907096
0.9793210325577704,0.4951702742382305,0.6754459627602041,0.6739878408686836,0.977743898267224,0.7499835195423524,0.9945737894757918,136.4662542434475,-83.68758640288536,-3.610444898650467
0.8745629701930548,0.5854516575320071,0.5037634737271287,0.8113319540672873,0.4334897776525888,0.6355952618670027,0.3188824278364228,138.9417308793606,64.1213055119127,1.6249772770184148
0.6273392351456459,0.8059547968097516,0.9423322455599944,0.9760755415039172,0.1950277916492707,0.9379227730027584,0.4933297719641412,144.54134399489564,99.35593463089346,-0.028319155472921187
0.5828979917025422,0.3755026997145512,0.8000823642988355,0.694210378455709,0.9647596674928156,0.7148185921407034,0.6311703168900815,151.89476051608767,78.52151869714592,0.8337843855401323
0.7651087109437806,0.8049289087589054,0.9087688895860396,0.9686378148187464,0.0271522257671146,0.9829985320608314,0.46448106926861,143.00554835491812,95.65132252758661,1.7574659529725003
0.9926781077442144,0.5474140827966443,0.7177737560409133,0.7315753970381651,0.4837349611213925,0.8646814005454004,0.3294111469455732,156.90830177826078,72.81741892550556,0.45662320616756213
0.5944038129679048,0.5266773278218139,0.6773922267153546,0.7297719924858281,0.8038441504589752,0.8953476429422773,0.6826395449050258,160.4487955694883,119.01591186706251,-9.281172084885771
0.9703836993538906,0.8004331119773506,0.8277474928347051,0.7318799394023934,0.7720996036703238,0.9773827090666442,0.7583370396991378,128.07941188010463,15.677648817250969,-4.04562600947577
0.6173819674645653,0.4897413526998005,0.7032761557198359,0.9769636184900918,0.189086425919993,0.6738967550894208,0.5975532967404964,146.02944837120222,66.05949460119346,2.396509305680871
0.8308856441245775,0.9745573077439308,0.7783059064071973,0.8678776886561008,0.7071303508705381,0.8144853385170923,0.5657295921299565,133.89622511635014,16.584770615280853,-1.8927661001416347
0.6467170272609428,0.9933825494063834,0.6392503989787697,0.9168544308272556,0.621716421228421,0.5890318529921192,0.9900084875944836,142.95526411456242,-85.51446699513241,-3.311933090862848
0.4772203134230282,0.6476086358267514,0.6666346144398967,0.7888264117869416,0.6746500284693562,0.6147354576301984,0.6399076040508465,153.72769409604865,42.15202493598687,-2.3351593448800263
0.9634813049012368,0.6108080942415464,0.5415308643168841,0.9576435235187633,0.2658956190910225,0.7285521424763961,0.8607807202980543,136.16219607314508,4.279430291457203,1.8710871035418268
0.5222826289926971,0.4015039785006936,0.8907765075579301,0.8606140245920101,0.8099701534163452,0.8638138858525798,0.5087413324014061,153.2061474005548,140.89346321518812,0.275376902305029
0.968338619349117,0.8554437679671114,0.6747293289811372,0.8665753429461358,0.5587295779706868,0.9276916405420352,0.8829126190484817,139.4327532725571,-7.429403906886236,-3.407831919852242
0.4876493035291639,0.4558370311160287,0.9874945533535324,0.9173647381084716,0.7244011062229878,0.6813764473378745,0.8784415852798233,131.2633981737857,27.569385509416964,0.23522309428509014
0.5811384085921548,0.9559658087662548,0.6302272845910483,0.9244664317988328,0.9386779738831872,0.8923187103896542,0.4953238492450387,131.2682689469858,121.1747252890721,-10.969677529851703
0.9547598013728128,0.9933265229819304,0.7377679889897973,0.8938970753118577,0.8546874199192931,0.6676269659625093,0.7627858713051769,123.41906611900636,-105.94757071226897,-2.7163276780320618
0.8048586463322673,0.4296632349422072,0.6530913887084756,0.7063909928595515,0.7816021755272168,0.574187504021029,0.7808117943662731,151.87533365149247,-28.433540391749347,1.0849489765938038
0.5368826429407738,0.7936273497547992,0.8470963468757724,0.9554704244233342,0.2894155590087111,0.5948921562633418,0.6158503273628331,149.32205341936174,38.8213831162678,0.6819992398739405
0.7668966650356044,0.6527322056686709,0.9042601554923476,0.7536841153522499,0.0540899898063945,0.822306794129795,0.8440437833298593,148.58574305363013,64.69613613091892,2.9224296435652724
0.5316881854419213,0.7015254616214115,0.7437411141403963,0.9985929027126106,0.574120830252834,0.7844528176022769,0.5223235281354297,158.69707995193568,83.73741187143976,-3.5995421532789136
0.9282046134596772,0.4667772498217741,0.6837587753326225,0.7951882629250566,0.0345398744337672,0.6873796721400575,0.6445541781904058,129.81116121662316,49.13465638605462,4.1419698244659555
0.4570967987410429,0.8199315148646084,0.8724842419748278,0.7067531672033214,0.7135239292972532,0.5743982662327622,0.9931376261760936,138.38399094066372,-41.24650389549687,-5.5209644221095235
0.731295290579774,0.4583617652977172,0.5961090949152404,0.772065683470493,0.7361327619557858,0.8147933471743155,0.4339789551866478,163.86657850463888,117.45804742006072,-1.2969757439377778
0.4648919567000055,0.9249657432814756,0.7999134335983302,0.8578152267642952,0.5623995859389986,0.9216601829002052,0.4126917452953615,152.87107278460826,138.09693344891434,-6.139244131157048
0.8257010208927988,0.6449299857670018,0.8669263024520023,0.7971661674995486,0.1680425409019341,0.6009428328349407,0.408843989791106,155.8382220049151,91.3111482564513,0.10018783772156459
0.9632572778704408,0.7623741437197329,0.6349779857008893,0.9427985978631072,0.8748909709281464,0.8869227299675169,0.9986208959759936,117.96580487215166,-55.10584809908437,-8.1256131842295
0.9034237996718336,0.9486574199239168,0.8280021897900129,0.8940112282352506,0.5953759158753036,0.8432797136581603,0.4210504700014529,142.95562165245292,46.85316108249382,-0.3855713457597896
0.6410002205976564,0.8292927196910316,0.8677263546049185,0.7378801641591713,0.514429211790653,0.7768346856852734,0.4419469880860002,151.7050855526665,63.401225957149514,-0.3370861227368471
0.5639748819189545,0.7013320056488944,0.5591264173839309,0.8462638546781648,0.5670753142943079,0.5922925176044443,0.789612246206551,149.8566608122784,1.850819124487785,-2.867961951005079
0.4977732523269923,0.6116256960338117,0.6622699644411669,0.9290926433850036,0.0828646095102126,0.9670299309850672,0.8342015847763212,155.0013929160454,148.4122627043306,-5.954553108093902
0.9277372380951048,0.650228153079969,0.7034285916722636,0.963633159384342,0.7397444609208046,0.7760152826212877,0.6740388457937732,145.2453363219249,-13.779189102284107,-2.3552247851691024
0.4749675938886312,0.572018783185121,0.8880718842290874,0.7983312979206822,0.0607756406651596,0.7426899620814708,0.9879816473949976,134.65784211413694,77.7427310483844,1.3887613986579956
0.7878841470969639,0.9644942658405612,0.7839486002640028,0.9747015819285384,0.5778607105374117,0.9404429788137904,0.3376707341203221,146.66516464502845,100.2205348497909,-1.9195559680037304
0.6384519861738736,0.5143559646926612,0.7250349625113429,0.6787655503673978,0.1691465891353423,0.9336364649705432,0.7386451567103889,152.86864671325665,87.4837978929944,-0.9766708648402374
0.9975249176549554,0.6159552725977591,0.6597049801784844,0.8921742856201965,0.2075522614533685,0.8829778873976551,0.7287560249438678,142.72089597591213,41.948873508541425,1.4897802070411545
0.7193238947052367,0.8554471705662977,0.5025047145234308,0.9272449883562748,0.2330785325486538,0.9266924809200492,0.5322181561786883,158.01490004356845,97.24766358271687,-3.7899968483982285
0.7421577030874564,0.586736262740594,0.5105761038520158,0.8083891949926867,0.0143530533048287,0.6248270708668997,0.930631807284816,131.27353768902242,22.87588206926764,7.133432955554333
0.9530260468336048,0.9258168504520042,0.6205805140284286,0.6704403328745373,0.8909919420546564,0.8973873999223108,0.6918307463522685,112.51023339653182,-24.32584078057799,-3.908977280974033
0.9825901323969668,0.5080029716918837,0.5587637637717127,0.8956196049636789,0.8034776601966555,0.7120454077937017,0.4806041717813383,145.07724728902272,28.73033000315604,0.2254944902800633
0.7620652034059961,0.3705397955065008,0.5602103305170992,0.7808847707894989,0.0313165571505563,0.9430202339327703,0.3717446827210869,142.22545638440752,84.80935210761974,1.115417247556501
0.8834940963243323,0.7584027215266593,0.8015484615213982,0.7173501841149802,0.056990006693158,0.7301125867618092,0.3846717775673342,147.5586498831447,68.46906099758104,0.8489818909597644
0.7912763179595631,0.6801702436234898,0.8029049712014733,0.7191140927860326,0.7821410027918988,0.5948454557738285,0.9291770396159912,151.10551001188784,-74.70444222620645,-2.9461047070777306
0.6728064140272926,0.9559724436683296,0.5228399993866392,0.9229747305436616,0.0068583481156658,0.7490152694925354,0.4833387170274981,142.31258646470923,65.31937796785245,1.2094989051520115
0.4613740347691289,0.6249057897848841,0.797150619371109,0.7291998356262099,0.4685829455305068,0.895615456350119,0.9358444580207592,151.61921607343373,98.70514588763787,-8.253583631530766
0.8386817674748979,0.4382205919161713,0.5733133864344409,0.8280263016527876,0.1072499003166393,0.7860731907835201,0.3936289269978567,134.31054908584557,70.42534499951248,2.7535213510165155
0.8286946841049447,0.5642749010860185,0.688902783022997,0.9899979556625796,0.5910912818619635,0.898551288154718,0.9888540970095178,139.6811191203421,32.55226463283933,-5.9509248002840645
0.4953022415073393,0.6054800498303085,0.994829665191454,0.919528944936645,0.9973849918690812,0.586697504217115,0.8850906238206818,114.9334602045317,-40.86959708325402,-1.673862130550535
0.5600694067404026,0.7287846283746521,0.7612211645157083,0.84904181911005,0.1719082003464463,0.6474491480793302,0.3909490430920806,152.34470081184926,65.43396215575268,1.6256988124739014
0.8468996328706122,0.5284073410900658,0.5175531734284826,0.8427405975755882,0.9557708740202404,0.8129084132745439,0.3701584488824897,146.97383782636223,112.7008703430016,-1.1349613115555455
0.5141609124763554,0.7074773914019297,0.6741336047623058,0.722517680077268,0.8646585189399335,0.7365702003538998,0.8644794275771531,145.9874069320673,14.379058849597996,-9.09211261903294
0.8233656779185569,0.9397333931048428,0.8355941002174463,0.8154777732051942,0.9849122661897018,0.8628179427949846,0.3646526594325061,114.55170605631525,71.91884449165666,0.44395658078774813
0.8388150635944535,0.6252940537053253,0.6126641628791508,0.7150475327779036,0.7654697960628274,0.9837207652593728,0.4915194350559415,152.81209182877953,109.75039301084848,-5.10650867058544
0.6304973219932982,0.7732174376153407,0.9822248043288048,0.694624160964082,0.8561828728943208,0.8541204187705954,0.8629721881583001,116.87985464954744,29.04481300298002,-6.820408067882892
0.5761305587482816,0.4988005412028364,0.7129130483480439,0.7031359463953726,0.5940536723336819,0.7502923206762764,0.936240470321968,156.2306227240556,38.23701490901042,-5.336801655835279
0.6417495394250888,0.8704467517867011,0.511009283866625,0.8688323371749562,0.8664622161353399,0.8038126461059422,0.8398211978509001,132.31069674748952,8.921139836532909,-10.205492263144194
0.6338410505100495,0.5252715790349336,0.7704924075118778,0.7312527661689308,0.1114606063465626,0.96242939312368,0.9240528688038496,145.5060171777359,111.03660055918175,-1.14744630799112
0.775424282429054,0.726623279179205,0.8382372222230705,0.7165283403238041,0.7409604700376141,0.8597409811836765,0.6966587447840487,144.36793936654192,38.1722397826326,-3.472367003701441
0.8535954206740822,0.545123433580662,0.7282466421218914,0.9556051099642848,0.6281448416254317,0.9154830769964776,0.8480617820459516,144.39682055538063,49.32040701905698,-5.1713624009849966
0.9209550459308704,0.3939499459923264,0.9641035051080328,0.7074245361071626,0.0598474863713381,0.7006924898777779,0.5480263392293944,152.49074163292946,81.65858822705789,2.718198224406473
0.4457641594032042,0.5577286975764987,0.9509971148330468,0.9018147944168522,0.2913552021975228,0.8902823630320347,0.8519225417849188,133.5054304336594,112.93601834865817,-3.0360316347643144
0.843713662878445,0.4878491273700701,0.5698875099145191,0.8056775876191866,0.2159485573714443,0.6312935047417725,0.7792448158071951,136.80828105870071,22.454641540509407,4.443050559697241
0.6081261575481578,0.9297531386635508,0.5404106728509749,0.8596622951831348,0.4048245258249309,0.8926177376490796,0.7069545626122655,160.33847342989316,89.57766813267668,-6.3232968030185654
0.90775177414466,0.5229936933799096,0.6564764435558633,0.6745641205778456,0.1982131912708089,0.949041772745382,0.99461884771982,144.6138387104241,32.257059791154646,1.8805720153838004
0.4718870073826708,0.9828285217523328,0.8042423197548848,0.6667914116819199,0.2746115560450979,0.9570371554945648,0.6345680506521207,152.36290623359238,101.60523726801065,-6.394957875740358
0.7435194489455185,0.6698422868679776,0.8009768712359875,0.9389904970266116,0.2957904414787574,0.6215137986243551,0.737560824396265,152.0312253672784,29.74541922110946,0.6227942830432474
0.7420906544738259,0.4937146036410235,0.6361635588202033,0.8251428202643227,0.5992616149959435,0.9269160096215427,0.66221753192416,158.87017782016693,107.5252410147306,-5.50061754458129
0.6151677754866598,0.6042674703476639,0.9755570453384032,0.6905355992611986,0.1347983025675046,0.6186650279564812,0.4903689425530103,150.78286795297123,79.29143860417892,1.5795337159542933
0.982972733628157,0.4692810221112199,0.6539902589350899,0.7811818277507991,0.2409175196138918,0.7764245871297267,0.5385028950273981,144.4793254032555,46.33856083585059,2.593315420377193
0.4897153370867096,0.8914538527139664,0.9021789694309406,0.8354392766930798,0.3168868457020826,0.8638223116149322,0.9853057710769624,133.503813845495,75.26757212041485,-4.330295125456626
0.5065540999766659,0.4280787459655393,0.9160556349517182,0.7119145653499912,0.4486722819780491,0.7789302399107519,0.5810491167916029,156.09559344363154,88.06625830951347,1.6691866616345994
0.7966996533774113,0.917322686381018,0.549644977428374,0.8487568067313309,0.0381118101312519,0.717130015319761,0.7790142275422001,141.3249539113176,23.789531108119395,4.602999378210355
0.7224523235363636,0.3800007252363746,0.6166377517268685,0.8428989307629643,0.9982551383767676,0.8643787586398124,0.7016261709118066,145.53673143573386,98.42772257557604,-5.928734795800567
0.5797213853475403,0.5447082167155485,0.6079656155419704,0.8675746471945266,0.3001478635602562,0.8545557767608345,0.9239925420058273,155.97450181681648,97.42347626718242,-5.3520438463064615
0.6024620887371817,0.4410100477946983,0.9598479470496576,0.936663385296176,0.2871140182317566,0.8211653367442806,0.8329567590110127,134.2624287002794,77.54763431165719,2.0771751211963205
0.518337930424312,0.7950944247879517,0.67585526531642,0.8042715263275558,0.5543671056328434,0.7978461024304209,0.366433992921766,161.19966669571636,100.76803500366134,-3.6578235182344754
0.9243894629975652,0.6828115489586848,0.918298995468556,0.9627426076429492,0.853223819444096,0.8737634597644235,0.5557821251943995,137.28931548230642,21.789363764902717,-0.4361532381062483
0.7539997202063515,0.9600506704266184,0.7392491868856867,0.8248872162359174,0.4564058223852371,0.7441585876370588,0.8014138106481308,149.62139439397487,4.793796701043789,-1.2179552876152417
0.568505161865146,0.5879302813915157,0.7288599698765716,0.8190501379183294,0.2486475998838549,0.6010384705785173,0.4220451550879918,153.26134153900603,70.69984350650834,1.5419207584368202
0.6533935546180796,0.3766454572589465,0.951740975146449,0.885177866275621,0.5653608070036147,0.801710597165356,0.6577616979136802,151.09658805832072,77.60030252698081,2.7011198842599686
0.946625271991359,0.8446925200876774,0.7207092023236381,0.872466210771373,0.4825123717326184,0.8813485717478444,0.5298231506648454,147.8504344227072,41.16632384066,-1.310281796203731
0.935288308247221,0.7264271138630726,0.8725344914243125,0.6705937017799595,0.4227056605941974,0.6996826768182401,0.3554798260139932,160.88840267449697,72.55666318889033,-0.4642555350727009
0.4681105116573955,0.8873974044550245,0.7124554023390869,0.9940085949395584,0.9829422585350552,0.6318585753063045,0.9979572008569644,111.8023556425355,-89.94451346448892,-9.236436571642207
0.8023216272611,0.6268575795405225,0.551360641600056,0.9807731711665124,0.9949972742852742,0.9620075336398444,0.95125143835044,122.22591509086578,52.5245688159583,-14.660778378321183
0.5160229139383623,0.8294496139566505,0.5269972355932591,0.7604744684045232,0.5614331390794817,0.94141672428204,0.8259531681970589,168.34978177199423,122.52247465548342,-13.969001271197152
0.5491085822495183,0.46125284285798,0.6044933797682496,0.8528354466491571,0.0679966173626752,0.8363827685889254,0.4493796414038871,151.94886482347837,102.35745678851089,-1.1337577331398931
0.9223575813850168,0.9991267566542166,0.8612536935667638,0.9234147625438218,0.5664018222985536,0.9083874828014256,0.9920175447125704,125.67004149954434,-21.563165708291223,-4.604758364404331
0.940058243184842,0.4629287182007934,0.6871165400368787,0.9733703136492668,0.9515634672331864,0.9863972205973676,0.7455160959852682,132.29352313475866,67.91379208973581,-6.858204057925252
0.4758718518086232,0.8889330777780002,0.7273057736356594,0.8619361693182968,0.9248111409524016,0.8153279596713603,0.9765475441166124,117.10411414694634,16.419251938191778,-13.573905451985569
0.9279082544652704,0.4881136999909984,0.5513639692837435,0.6730934983238095,0.2153432239616175,0.6761432693031018,0.3401996164495117,130.61303768720015,53.579482433403,3.184935408079367
0.8448231393639649,0.8582285742888677,0.8116874345789605,0.8935021729509969,0.1899877229955133,0.8451076897520204,0.4303924101547047,152.3894716325571,67.65021438461996,0.5941244414663429
0.8717984550077772,0.9093529890755508,0.901803727228031,0.697787030783683,0.1521626832218897,0.963186032879552,0.7775262756565888,146.36587011827206,62.687884748811705,0.844445876702868
0.8809993411680779,0.9193438859502266,0.8125094447439278,0.8903378974421865,0.8190108918802094,0.8670877378796007,0.9359646372978953,113.55272690951088,-54.191342898232506,-6.083559738443543
0.718415491987495,0.6590470564094655,0.9922972776442598,0.8624427645142999,0.4896176302610951,0.5828297964494881,0.4319851777456822,161.31622796601113,56.97724819954217,1.4396419917997498
0.969604736635678,0.6285939205617748,0.5086386678351144,0.8801763806092298,0.3377640574766567,0.964273097029035,0.5293609207437195,145.64019030227624,68.11809469154828,-1.8626977151271529
0.5430962788452468,0.8915238908332848,0.5083032170467344,0.7298221122400936,0.3245381480793406,0.8942874021632701,0.7161516802568482,168.60206443854312,84.02134030696078,-7.493549773563182
0.717119672866509,0.7264196951211304,0.7502321389083881,0.831194371115116,0.2751945600954445,0.7436422096377219,0.9996901494014868,152.1178110115531,26.611023599933638,-0.5042641166061561
0.6106208067284253,0.7535500834649045,0.6335486213091561,0.8726112915257946,0.8817822802993179,0.9943980411013104,0.8618802134350214,136.72472643187658,133.51765618178504,-18.055407213981056
0.8984904416399022,0.503454674816324,0.8433925205597924,0.7668052246880342,0.4093243772460982,0.8805880678574938,0.94725361448609,146.42614414557383,29.85191296735763,0.472092544350446
0.4758768771631285,0.63985444937831,0.8966897501509257,0.727279267887814,0.2438310482950109,0.9250145691196248,0.7759866657763969,147.07598317248465,109.65121872645,-3.745757435483057
0.6763930953099647,0.5900520959052767,0.5516434483601128,0.7409545090353893,0.7097428184471286,0.9754197629537916,0.9154247232886956,157.84261104913452,104.92459868078404,-14.227090084528548
0.8705228928488462,0.782145894665535,0.9586925313009972,0.952569361978972,0.6348689519094971,0.5885406094232078,0.6602463587444543,155.12638830626463,-17.203828209446215,-2.461686905337224
0.6070720343231835,0.4777550710058271,0.5154227399928382,0.8215130836186417,0.7146985114217266,0.903169379468184,0.3964132446670239,175.13011608970848,178.13350266280094,-8.429167026833758
0.5660152372351741,0.6136216556682839,0.8443383475378996,0.8869723701823048,0.8211804437276451,0.7370123519835422,0.7997902914754462,137.0046352477261,21.126603696996675,-3.5620006757967992
0.578625632647778,0.9012242114923148,0.6925367093256298,0.8382818858053993,0.1011925400122921,0.9436968187166616,0.7253145673132562,161.22637680399225,113.53761862054994,-2.847041533583935
0.8363086899289203,0.7049663441668657,0.833866333810829,0.9446123816245604,0.0020487085538204,0.9479016986427404,0.6452971438863646,139.7727831728678,85.5309426442063,2.447039955006459
0.5924704238028389,0.931941229345408,0.54924602283883,0.8361522018525928,0.0505767023874492,0.9263749958952432,0.5003462925906236,163.98056874130657,101.15405130444242,-2.642137149403666
0.6586854542859101,0.5011565576993775,0.968553849098905,0.6978693817180359,0.7061349520984522,0.905216295846222,0.8512258592523266,141.11574889532463,86.25157235731847,-4.465704174128437
0.740373588605044,0.6357942815936591,0.9687176974577764,0.7327288605916507,0.933606178242984,0.911673892787804,0.8761748359997737,118.49168638149618,37.13478929827872,-6.058927853414731
0.9660925874885212,0.6750819597026662,0.7599201750500684,0.6712033886850234,0.3308299426766311,0.6985662927286908,0.5618071299714504,155.8923285100498,32.53196748278267,-0.1254700134954656
0.8824460243170448,0.6102556332980937,0.7550168782417761,0.9437453964019986,0.780460036548728,0.745653353828273,0.9501502870690776,137.88537322981963,-61.87551780692833,-3.9001746765472225
0.5344821395049523,0.7945932184526523,0.8175669211100536,0.8877049552698573,0.7285033846436548,0.6208565019988577,0.5656356139581926,141.2888694782919,21.77064110431111,-0.556920058662266
0.9331419466459718,0.4467448865903681,0.7902243102288014,0.9196565862263854,0.9771268196614488,0.9272197751085084,0.3849774470987946,152.35180292165822,111.51039539269536,0.46323132674611633
0.9112512736497228,0.6874073317563816,0.7719811381207076,0.9049407485158054,0.4703752848556401,0.8481880716170815,0.4256086889627405,159.1983618408162,65.41975527122008,-0.4686303963474734
0.8543816653216678,0.4402865489971139,0.7947809086033008,0.94139901440029,0.165965714323808,0.8339347691201304,0.6516126925737181,144.23833845926646,65.48371141224438,2.688456675576873
0.7239415793095629,0.7586925291798008,0.9293674819290396,0.9955203957660128,0.7645135385749052,0.6769552100874016,0.3658907263922782,147.23611010136162,43.265001233981074,2.177966386828799
0.4685151482407443,0.8892236184804267,0.8057079307494605,0.8844403143116855,0.818046390426244,0.8349278272355707,0.8058920364388509,124.79142071532385,61.313943222538256,-9.663490633975181
0.8351175904372463,0.3631722983847783,0.5982965895767134,0.7508085033753643,0.706641252152144,0.7662150439545202,0.858731721924338,149.2626020403206,3.02258031882927,-0.9730005112302907
0.7247620885871133,0.6468527940020568,0.956981140549202,0.7005555457159619,0.8623639890503009,0.9977277963368236,0.6894787146729386,128.15292939870875,95.64986399790102,-4.047364249715043
0.6056060675489057,0.6700745737348038,0.6083497913873446,0.8632156084523568,0.3708663008568069,0.9411249803279452,0.9264340194999726,159.40139676781968,114.90918704949313,-8.436322383836863
0.4343069975232949,0.8178106340910851,0.5829753931349113,0.923505321681194,0.6896734893478036,0.7967989190818773,0.9684241921669,148.92539192239465,49.16944834813602,-13.10783680031545
0.5606293484988836,0.3987008481374686,0.9985130116522812,0.8538308009207881,0.2636417419209761,0.917742072363468,0.6192719136129545,136.15073644185492,109.27952626196709,2.943462250079201
0.774664655973048,0.6137962080905268,0.6070790844672826,0.7678916693238985,0.4460471676543265,0.6420289995945071,0.3722743329204449,150.31610248706122,64.90918832379485,1.3311451856297851
0.4927909337116136,0.8601589392256566,0.5504733290873913,0.9065110708186228,0.2423070365305893,0.6150102547020397,0.4702157383532783,149.88611560550333,52.56017107019187,-1.041139367754442
0.8030749351748468,0.6956814189713766,0.7812023518580778,0.8159936809093764,0.1544381795090766,0.8416134044357626,0.7639993755632162,148.9086068642284,59.75798749104936,1.636531377805563
0.8969141164102601,0.8370230721426379,0.9136647780734344,0.7622408208415847,0.0359786014977801,0.8827744584430413,0.5904713220420508,144.7261608463637,67.83055889296709,2.5360511878356613
0.6104070011120556,0.5865207833490123,0.5308214209248263,0.9469296667564242,0.6708019960857894,0.5943113222463506,0.7828751387142086,146.20234916599122,0.8078684917752383,-2.9578300024321154
0.4754682936852757,0.9475514799625342,0.745286310218199,0.8588093031856465,0.8744430815518979,0.6576389614829672,0.7702830455080644,120.60529058976,-32.07635157411093,-5.186148056373753
0.5084403040311108,0.4004053276000235,0.5346934066553123,0.7611945961536236,0.314160999807159,0.8016307313132535,0.7279972398665692,159.02803554778677,103.03617719175566,-4.002690742543647
0.6331053842699172,0.4093773375722144,0.7146100820966848,0.7762350669330749,0.4288599387277851,0.5984902203152775,0.4196167285000986,158.6621438516373,81.90209644896889,2.74971334665283
0.8933503941842055,0.6933060551279415,0.6722863928973244,0.8571926658894382,0.0036053274202466,0.7531566776571821,0.5078738865632078,135.5394771069628,65.59396401980642,2.989317081687193
0.7909975031291212,0.6558692640961296,0.568973085630196,0.807650504524391,0.4124960214750021,0.7780014213996996,0.5712307643920989,151.16056033174272,48.95765964781332,-0.3740113049447693
0.9244600247149248,0.7647110537634998,0.9655271906861992,0.7202499941348696,0.2810974104255755,0.9662756504483,0.8789365402330047,142.69451004053937,47.35542540473488,-0.8803692593775176
0.9967529637469088,0.4989028281746049,0.817606278054435,0.8701176009574391,0.5736768503145141,0.7067543989060345,0.7809550231974616,157.76571064233536,-10.86737220572752,-0.5628393811564436
0.5443569252504934,0.4969370162989988,0.9215882301098108,0.8963107053110775,0.9076532966975503,0.6438116268291655,0.7552608230097626,133.82165437402924,8.403045695924092,1.0331191383378604
0.8255860082297926,0.8365448252009733,0.953001316034816,0.6668212408496826,0.505698737238771,0.5748094699507348,0.77400547682168,164.75519269682877,-1.9213139793087635,-3.663223184870376
0.6951538111789464,0.5396163643604018,0.9651097567870116,0.8456030365298812,0.6749062108782584,0.6236623185199268,0.6575983208379492,156.4942756657337,27.33717510382071,2.0951174297615376
0.7105570375618091,0.8223797104161339,0.8741642312128213,0.8590233704184869,0.7048258682182454,0.8930845944266954,0.3381688135743262,147.62523438278663,103.7172852568647,-0.07806850091139839
0.6146364260696551,0.766165010017321,0.6537987473605952,0.7773874149826075,0.1523385609632453,0.7620919424874102,0.4494450006423182,152.23085455112226,67.25777116655924,0.4247949156814905
0.6243091248090686,0.4042890420080948,0.914533357721274,0.7796080977712231,0.3462794076877931,0.6566806101190281,0.4075371587297774,161.10175721584466,90.02775612870947,4.641704039826202
0.8149942606753302,0.8118865536970896,0.7603108378246355,0.7725894046889057,0.1130922372225806,0.9710787191698296,0.3549578152036984,149.2339699332527,76.82917928661848,1.2985666243577287
0.7832986767327076,0.9212101196639668,0.636168964531568,0.8151128867325409,0.4403594278554613,0.9087861691348552,0.5309997955848919,150.60419558224322,71.63400583092012,-2.5948179140505427
0.6105928073724264,0.8803926710055054,0.6931726030878366,0.9372223105544796,0.8864434327162241,0.6205609871031268,0.8536563105789557,124.18308613758045,-77.03402383748724,-5.096280008051636
0.4963755066164026,0.3559428399386871,0.6509391796772264,0.8230061102779755,0.4805062190226212,0.6867511894485206,0.39019318297762,160.79554900188523,109.33433033787966,1.3458816870140091
0.7589829004182596,0.7005957767545783,0.7333480346806315,0.997745075046214,0.4557501064724878,0.935290550797336,0.3876372482895854,162.2512396549416,111.51113788543792,-3.144837675044502
0.8510519857481851,0.9431687722158568,0.8907581014399059,0.7920742541756013,0.2091722156846595,0.8680654240099146,0.3964858611268011,149.135078901079,71.77318981121655,0.8677181796600735
0.747774135528624,0.7389088614311109,0.7426704773276791,0.8996921514343874,0.3099631280452388,0.9764382049223864,0.4967843678432773,157.08670078272246,103.64774190962787,-2.8901668616833107
0.4307150010069134,0.5386820166304738,0.6342731652455151,0.8496320365055448,0.935707067304494,0.604241607714512,0.4501936342670954,151.90208095297803,91.80038092303393,-1.1805675119327597
0.5899183000841177,0.4764964203157111,0.54413444834704,0.9206846914704628,0.3027485321960483,0.9035938470159954,0.320480135889825,174.6833107351866,136.61689414950547,-7.534320621573431
0.8734375225859505,0.7948879541802487,0.9279318574472032,0.962677504882558,0.7307032151661049,0.6043109599165231,0.5013877421204339,152.18476306066015,-2.740768509160226,-0.7154706797100658
0.8528526670312895,0.8509219407100599,0.7089544129456081,0.837214188529731,0.04216071172549,0.7157394984669743,0.9973703782437772,148.03196041163923,25.68522876534182,4.765468013721297
0.4345767989089277,0.9426802499929714,0.7212192675951211,0.8314839291186739,0.1282451877572697,0.8930001483989403,0.5427206276171426,159.1642745296253,99.50798069755973,-4.706951675286998
0.6973130863730945,0.9382211188128936,0.8819600078409824,0.9807816458567636,0.3112224795346349,0.8760198885706405,0.4564309657033164,148.7981203537637,67.12002431308362,-0.7080420475718646
0.678472474887376,0.5704652094810586,0.9249200367503878,0.977764162309294,0.9005642071471845,0.5725015077647697,0.6524385072127268,142.8543595881799,-21.879330074400528,2.355509689757386
0.8012825549839222,0.7422532885490473,0.7557962953248087,0.9988602195587566,0.2191301661571862,0.6580583779437837,0.468909517942879,153.2895402310169,55.9528758135942,1.0077262500229067
0.5000313722689813,0.4161001248761451,0.8163479481519545,0.7189033021958434,0.7260659703901267,0.9049478792268352,0.6964912253272878,157.13323976481558,146.7754086796959,-5.758819844457277
0.7836484972471007,0.4115186407110863,0.6199363876676754,0.6679736579930011,0.1674157346971409,0.6256059051855566,0.586937433651041,137.55446010837176,44.24801564389998,4.656226532742109
0.9696106651918552,0.3965899161430783,0.967548655046182,0.8124423649719252,0.6122794857980676,0.7113367292596774,0.9288408261540342,156.83052534369108,-15.552472814375065,-0.014992865945654188
0.6410126233754221,0.9521329177110428,0.7841564625219899,0.9110426685012888,0.5862921814009252,0.6503286455648262,0.950255508899086,137.72730876876307,-55.65197253688967,-3.7589447493491925
0.6213635793691016,0.4491552824066523,0.8599234346683133,0.691051557801106,0.6213760609410673,0.6193149783595215,0.8022046595670993,156.28191313848356,28.45173698808414,0.3158867898169899
0.4447822135055718,0.6633371048854246,0.5575262104277472,0.7912225658534998,0.2860467679149532,0.9298033807127604,0.4594871118481809,177.3224762317403,131.07756975259534,-9.546327833573468
0.4614195689332513,0.6313593085408966,0.8186222609667223,0.860454928024069,0.1619997898305946,0.5978587483473731,0.6374063198414415,146.04887041099835,60.825471701038516,2.4825035487871006
0.9608436248530902,0.5610452797261714,0.6847688900871858,0.7375793501390577,0.8856443154636439,0.801109221704591,0.521316052140042,144.01920468736907,36.57158066557346,0.37419483091682704
0.9859408182015422,0.6993081595083774,0.7252854660964109,0.9103105133307524,0.5689256046784953,0.8681676871218245,0.8609240564799007,145.26007289195869,-12.322583559920773,-3.541057993636871
0.4318524895572343,0.3520012906031229,0.8412204794960378,0.7432383800096085,0.2118890680112352,0.5962524995615556,0.3309628567719168,150.38430883465216,83.04592792748959,4.866285000061796
0.9431943605241996,0.5969993077934606,0.898246906892003,0.9467922821556098,0.412969818794268,0.8428019607112005,0.7673590093815991,148.22218399996964,27.910625126286767,0.2728873901231692
0.5280140058954983,0.661400967226901,0.6749862808566631,0.782786330690353,0.0670851130878985,0.7146278183193562,0.5335839071890135,147.57842009695898,65.51418787045262,1.3180741142260075
0.7493377631424581,0.8717305302898649,0.9366636151779396,0.8661801535539759,0.4749536493460536,0.9284844284418154,0.6423028302515803,139.17499916472676,73.50085034099587,-1.370211324463641
0.8160563070203182,0.8052861942431226,0.6098631393774252,0.8480293888622037,0.4235207782119696,0.9131196939593024,0.533424144426888,154.13650428791755,73.54521673504229,-2.171038327745142
0.633762261023868,0.9018927681113664,0.7816474234338563,0.7655241512634509,0.1326529684351217,0.911512135519853,0.5622235999443023,153.9839300805114,90.54432601506701,-0.1400522239262818
0.7308441827841363,0.5944989990876983,0.576034142149752,0.8130290181462108,0.4439814642260647,0.742286004264088,0.7755388461745332,154.2429428554383,30.51723964892845,-1.3759945721128375
0.7871488724512563,0.4416715033211432,0.6449582082116653,0.9485579410903128,0.6389425788965204,0.9237759520462204,0.7211935606051861,152.0791621106441,96.12877770076147,-5.19994482929302
0.5394208839901496,0.6105731507793111,0.9477399830412756,0.8494250681113487,0.9276062036057016,0.8413270537168114,0.4790530739349714,135.11607220565085,109.68425151306238,0.39534198529796827
0.9966555609421872,0.9754507971885974,0.5062487207942317,0.6852996600182765,0.7025305639286881,0.7337314270809918,0.3409291425497556,117.80836244248465,10.292860546262844,2.3231752772629797
0.5451085560079859,0.4893403994446209,0.9578298763408136,0.9042786130854304,0.5019852428113785,0.6061342909345901,0.9007135850269551,139.33799300061122,25.22577369567212,1.495907461494836
0.4345357859724915,0.4636483334354362,0.6645150216660182,0.7275554662337848,0.7693283440206136,0.6002038457047283,0.650090696421378,157.12616092938802,61.36005318318051,-1.555830259568489
0.9681061681195854,0.963295403408588,0.8480304466963756,0.82868061699918,0.279711990032078,0.6792345540364756,0.7372045692889243,155.11270993405896,18.547328012136063,-1.1468540136286534
0.6737931973223976,0.9669219607355664,0.5462899291415217,0.8228438404133477,0.668162029502402,0.6998645316356398,0.6474671490140422,139.36634822587854,-2.653514970743416,-3.028869001500226
0.6563637599029002,0.4470805739731593,0.8207953694612807,0.8288218959966671,0.005119001740059,0.968724101681998,0.7373492607320504,136.49143293114082,108.76334529609333,1.8786205873727488
0.5861224225366294,0.8497526032911057,0.9547579561996832,0.6771150101254834,0.0725391866346521,0.999726975405928,0.7428840028046141,138.49588717881613,100.76477120952028,-0.6952701592324604
0.4433873163265593,0.6291974137925667,0.7778030667781888,0.7575109544072688,0.6236914342332305,0.6331099588873398,0.3212239252122899,159.7151011498262,83.62596314628233,1.4842228581904315
0.5797791244369483,0.6697578228958232,0.681358117029214,0.6836837480356744,0.1924153388189318,0.975249219063752,0.6783095324073791,162.56250514083652,101.71091066684693,-4.519609986404541
0.6533247605493714,0.6739600148342675,0.8968733021184101,0.8049969279427683,0.688089688105095,0.8741060349631704,0.6568444076080922,144.49172197654858,79.6450962716638,-3.284740612564619
0.7258973213093656,0.9788995383980638,0.8564870958612212,0.8737370644476932,0.6361663359940901,0.7850781958157821,0.3768844088505505,139.04304188517295,53.409344943192586,0.4691334107372209
0.6900848972729862,0.4700795911302348,0.5592642469612547,0.8846410908430151,0.0636638597649764,0.9803521861057988,0.8248201453789559,145.4082688005966,132.49061460390635,-3.0622224754230363
0.930829279895401,0.8520969443341408,0.8329983531948508,0.6882843641266803,0.3921586627113078,0.8771687275965634,0.4733821651006716,150.04804866730754,44.98157075654589,0.4075075537122568
0.9492788851997184,0.3538732048778255,0.8324760237315796,0.7063840553522222,0.6124394747739978,0.8257731242999076,0.3484314748045491,167.5471829899829,85.46066473874147,3.618338632087621
0.6098223142564692,0.7583111745382167,0.8760656285966003,0.8871167256795346,0.7128165083379664,0.6613054616548284,0.8642877243129253,138.41351663230634,-26.698971981028635,-3.1339553733734995
0.9768300339197564,0.773937114305209,0.6584734049056011,0.8437106124245571,0.81531447389842,0.6762555613310788,0.9069909149105028,134.2911395243261,-111.85728460756408,-2.680057374442999
0.9227726818813048,0.8395291709974005,0.700917039319481,0.9443741514668396,0.3301681374664136,0.9618621916841612,0.4767140545550239,150.2225642611902,74.02785858392137,-1.8658700037350329
0.9585940272661224,0.951365586113616,0.9800213905464724,0.7351128399456273,0.8359253294454064,0.6636654800656046,0.7846226888512271,131.35831978493098,-75.61745499160642,-4.477891270123853
0.8321614405816236,0.839612856190661,0.7869215576484117,0.7068680749235893,0.3539553952166902,0.5854268461032858,0.3142713671875834,152.24304930175128,73.64331552664106,-0.5400646515385754
0.5419035256254993,0.8255300090305555,0.7544776324000905,0.7873663885330846,0.0070417146844135,0.6855822060069695,0.8077782892867865,145.36494611549057,60.44146426408584,2.6129140993671616
0.540164436795434,0.514959549534612,0.9934139798065034,0.8789764783629433,0.609446229865284,0.7773488818335549,0.6311509276968048,144.07557158817218,79.05525160578472,0.9846501133784269
0.9477487531108102,0.994785356753412,0.615141589423597,0.8286488009077555,0.2414843038443225,0.7351362996312815,0.8569313715730938,144.01073972325378,-12.016892930403685,2.3335540278654383
0.718308193704595,0.6543013131142728,0.6992481519773321,0.6996240080246539,0.1243165374720834,0.97226698999835,0.5816854772055481,154.20578233315575,79.05465796437728,-0.15486337157485597
0.937359952192964,0.6212166355410094,0.8800428971548366,0.690530653914654,0.2581565085280355,0.7508108849630317,0.5527735739523494,158.4687896728607,53.78568146218345,0.38680889536051266
0.8402837167961432,0.6760307336722214,0.8566744892200542,0.8925081688533738,0.8271322555315326,0.9522504350710534,0.8902143665575265,124.35564158930512,23.628053216146206,-6.173402481450931
0.5500392071169027,0.6060284317355186,0.983349396567857,0.7656978484677217,0.9131318331732284,0.8262048846707151,0.3374900737439649,139.73080135027575,135.1942679172068,2.8089878638047674
0.6484454964013694,0.7356054369369391,0.8273033803857817,0.8897732336533402,0.96077854195457,0.7960033104182098,0.4398286340656454,135.8700369364757,74.898783652543,-0.6521869741342905
0.9815551014118444,0.5771812729544595,0.6568690436727831,0.7650139350385293,0.3025837390481216,0.640183905869735,0.594843076868754,146.8515564921912,29.493951934592754,1.4319262106518527
0.4398171215960872,0.505972269458608,0.6991058210630781,0.7716352530429149,0.4555260600037983,0.6876394299985706,0.7217750118147477,156.92243601195378,64.57705288203144,-2.5441990692385636
0.8368764299576859,0.9526852015221484,0.5452882333610614,0.7366691567519104,0.8017702333478705,0.9428797907326284,0.3143828846037996,129.40658905503207,97.17867945181413,-2.7363759716457574
0.9878134786388474,0.9525771530145368,0.9618804102512336,0.9944370537442496,0.3176407041796891,0.9055402518195408,0.7071734306071218,136.7385115124126,30.933936396575955,-0.23997816082670265
0.48812927034256,0.6723740826498492,0.5647465626983823,0.6721376238916454,0.3848126764434506,0.7631629738987242,0.5716655036929916,162.2417820836103,68.2434074795351,-3.9062142750739546
0.5840208889169011,0.9748584976451502,0.7730586524269544,0.7091696755735916,0.2370946740004879,0.9608005370287808,0.7449715708000965,153.3902735350187,91.68327716317991,-4.1767958110413534
0.7411420161190865,0.6200915316434538,0.7009755530107302,0.9453328003743988,0.5718460072776518,0.9223332768315696,0.9358227786834104,145.76913919534866,64.87256727462477,-7.151398016954741
0.910678534822264,0.6016930427856098,0.567521616773068,0.7128032965408375,0.6586568266232715,0.619584631766477,0.614648932885576,142.52944340503296,-8.446580150978335,0.9757627283599408
0.7180033497061502,0.9454858775939888,0.6468276023268217,0.7602782700773942,0.3181769237344262,0.8310291890514568,0.693000044158313,152.95489729487525,41.37086907778561,-1.0686993424318607
0.462677009801272,0.7611074045266746,0.816947946549377,0.7543122465744628,0.0242678167739169,0.9136264560349932,0.6297517666823123,150.6901308052507,103.82475570510316,-2.1172976142675144
0.5012906957247513,0.8452497713318716,0.516086361151287,0.898933847060867,0.7352198353523022,0.917694358623912,0.3925292464038732,166.1030024059494,165.38269208108204,-12.600901728765738
0.6434085921152681,0.6181611136620984,0.982994192559464,0.8037460545950748,0.61603090201621,0.6107032682544684,0.8573653998917538,148.61111727017692,-6.618369300952558,-1.0441355817687628
0.6128992344759455,0.6144330414300672,0.9545753057157172,0.9467642396662954,0.2188375953458458,0.667763981937237,0.9208162676190684,137.905377750174,40.79651465980614,2.2000912757735622
0.5541333830447921,0.4042738182227207,0.542735016464119,0.9157347143049168,0.3143890080588579,0.7484411428713698,0.8700121947907332,149.78358803721397,84.38397774347057,-3.2480217480506535
0.9086011514874484,0.9778427778603752,0.9342243726072628,0.8436818618956832,0.9562001779757432,0.6793327993455872,0.9638144302236712,111.63007776803818,-140.83043436449964,-5.705496262580137
0.4439870502989669,0.4981904976017725,0.6645995305093297,0.7497413868792755,0.6296232913918286,0.618237564501372,0.6333614952526176,159.42174179316933,67.9531979168509,-1.6692479917784189
0.9024398928960076,0.6710896497160366,0.5341949530388675,0.930720320004863,0.5949328922128657,0.8408211523142208,0.7603512737893143,141.9255548058654,15.488211010705527,-4.613999426152565
0.9551920954110064,0.4245994446290471,0.6533814191067692,0.9552252679621872,0.6391008153423191,0.7888739444205414,0.4268581250710437,159.72619672643583,65.67842501980468,1.0077411209074256
0.7886164678265352,0.7702206010612833,0.9045206854514748,0.9453302457406486,0.9535338435630426,0.6379549634745381,0.9839430464908966,120.43886225071785,-125.02279434970245,-4.524394423532009
0.785896686738605,0.6039631803914196,0.8330632467416843,0.6840095941274604,0.339574713168529,0.8226593286901399,0.7108987536787799,156.4542756546559,46.19197323727872,0.43339249158970006
0.5137642739316994,0.8485898139625073,0.619638132336041,0.8992579630600662,0.2806916853494131,0.598146988483937,0.4911625844235752,150.30484062732089,46.259788126247294,-0.44065292173176274
0.7533135028709116,0.6932364233477131,0.8597094390806677,0.901249739228844,0.3764205316530623,0.7355971262746034,0.8658142100598015,150.94717055833001,26.121006463740347,-0.8050244207827583
0.6429692710278139,0.4342530939810983,0.8540373606645131,0.9809003906155518,0.8001948317641213,0.910918247781618,0.7149897712080344,141.72130975859022,106.16411497870897,-4.329933896035957
0.5594871796401182,0.3571625389818731,0.8715401966801524,0.7545432006325267,0.1208975977027181,0.9526772874709803,0.965246585446758,130.41943886312282,126.76817414399824,0.7369175139050999
0.761889866155963,0.4881205257209521,0.7705376143840349,0.9286978920275112,0.2066759144458316,0.6765940982930934,0.8414234919763895,145.2529419468905,39.55542506489754,2.977414149082332
0.4293094667609568,0.820467528384814,0.9095448018160872,0.8963061868450717,0.2280748987800721,0.9396009604796696,0.9153513742121786,134.93505861880487,120.12681765205156,-5.301467896282219
0.5865460316301419,0.8880978242806292,0.8208407024935682,0.959467456861378,0.6357908457339777,0.9534086440919104,0.6875367100600795,136.25528661200775,114.37140392279616,-8.83772582521589
0.8034310412083809,0.5717993228862668,0.5631137689947141,0.8977089444908248,0.6409911740570337,0.8314367151792224,0.6673184902232587,150.36826616073174,55.965070872400354,-4.601547888816057
0.6885974356986382,0.698135895321756,0.905204257020484,0.9507167517787956,0.3715693836770359,0.9921228090208872,0.832706210731396,138.65809554170298,109.83912940494281,-4.39939278558264
0.5118348701273677,0.5060167047569548,0.6622003435620625,0.7865507534700287,0.2759727957745561,0.6769970768575,0.3832213549722179,155.2680777473516,84.67641398444496,0.7147770383690593
0.4293823911221683,0.921812532061129,0.8526455372859086,0.7192858412576851,0.7539448509619426,0.6011266645856125,0.3480912452865672,131.64720930119435,55.914102159342406,1.4477149837964771
0.5831333394372892,0.9768450582181792,0.8377087850582139,0.7878086757044857,0.0317562279034773,0.932722313017632,0.9886935376322046,146.807584127409,108.62040355243468,0.24297283559851657
0.7423110170137915,0.839031728885824,0.6682665596337506,0.9382587783209608,0.7380468487504082,0.781791003049824,0.9422460161899028,134.9904686627802,-40.2984079963087,-7.003242586058772
0.7340192087179613,0.4078985622495583,0.5812380910095015,0.7106343898198291,0.2101216956475094,0.7199320047656723,0.9693712926376568,145.26770398237605,17.854081792940683,3.963803808950786
0.5035116968861694,0.6339862932017357,0.8476121938585981,0.8792689334358672,0.9019190206207236,0.5952431636087292,0.3538328492040249,145.23930637838848,76.54043489669291,4.072353567899174
0.7792390949934511,0.9932700015424712,0.9245688122807874,0.9957157619078872,0.4133336401686936,0.5992642796364255,0.4964258622366796,151.74033148403586,30.149126658753733,-0.029236205032561635
0.999322285093328,0.4991162314238561,0.91917811888309,0.9648925593530452,0.6417043252484712,0.6104357858222518,0.9320801565378296,156.34015294029933,-61.183197609803145,-2.066552104533598
0.7627681658986502,0.7854895776066118,0.8134193449181065,0.8903397476072705,0.1209080224457742,0.6502228962007185,0.3725171649275217,149.78632793878074,72.46296663782576,0.7461008201313435
0.7300729656789567,0.9595467970929318,0.6140674693085595,0.930790771239462,0.2536876658671488,0.9870803947524768,0.6219271684501282,157.3759600539557,105.3488923307635,-5.704056767656433
0.7843442872855362,0.8521876133277181,0.6584250037953008,0.7055804603704561,0.6999565901661511,0.6920803903456973,0.5460315168113109,140.83917591210914,2.276047640511784,-0.5052836469694466
0.9311918787695588,0.7454886210161356,0.8774175500217043,0.8329343242872278,0.5498565707996415,0.9214206981332717,0.9171330553886632,137.95126155871057,5.140692991098653,-3.2855189067216735
0.9690858190527036,0.6791650186235527,0.7057002886826056,0.8439520168167742,0.7697541727145403,0.5799069232903358,0.6678474892363029,147.65412931156217,-42.107105461450686,-1.9486609800025219
0.4520720973790263,0.9532172320330028,0.866363337619956,0.9274818099836102,0.5628901639974846,0.7093826791260887,0.5109463431097946,141.46193995124625,44.68609427414429,-1.4168759008861769
0.5457438312295515,0.6064679129250697,0.6550483517393155,0.7609099324258717,0.5688129628209383,0.959588967087752,0.6721369406510525,166.30572627744544,146.066543955391,-9.91011612877045
0.4947662164711079,0.9353335481717612,0.5036320406593388,0.7022526468990513,0.8574463142698843,0.6508215744572247,0.38834263488632,124.24351531704664,53.27505759718547,-1.8037621109050266
0.8698808172329813,0.6300482003188804,0.801923311557009,0.8993096429702527,0.4243191049211998,0.6932019001193137,0.8147052909605726,155.34372695184072,9.707977892720592,0.10626851417647143
0.4546597449004095,0.8413722564792173,0.8006377266222009,0.8308560552256472,0.8941945634416703,0.9254743259381668,0.7369339947947183,119.04972749583587,123.77593271384791,-12.793508097363766
0.944311415502538,0.9447118242578828,0.8139437473946891,0.94733254549197,0.3718979131817489,0.6235696565770534,0.7247866471346672,152.6004529119312,-9.115116208676703,-1.8085754746877942
0.4403727772001905,0.7076913749983783,0.6344365327175195,0.8271574392867641,0.3283213265970457,0.594365591990618,0.6125626832640764,152.51999416356333,46.56413423001166,-1.0949184771916758
0.7728688283361407,0.5513772054829014,0.9056113362048376,0.9486570934448362,0.7786889536657069,0.985186147960621,0.5136129995319854,148.14372214408587,115.51390551841024,-0.7033930301129196
0.5860680772088995,0.3832921830015586,0.7439689432576969,0.8359324168571468,0.0115966262839658,0.7449098786546829,0.3559114713176435,139.89009362455187,80.13848784674552,3.355971633699327
0.6974657923878329,0.8755971579960253,0.8812938352312577,0.927482726006936,0.1720786307790242,0.8532680870237941,0.9634257499133176,141.59048669832643,64.40198157888211,0.353370949851997
0.6810820595609909,0.754026037833083,0.8057212599812091,0.9068475873585944,0.0717545963733028,0.6260205336043239,0.5978922199938017,146.50751685800338,60.7279530186084,2.200055628092708
0.856477650203278,0.5209703434480442,0.7083061572752193,0.7554105871567276,0.5116451948428554,0.6658656237821126,0.6525816770466943,155.7547370101183,21.740741671874936,0.45045106131212354
0.7123646772561258,0.9198442894154988,0.8399541374785429,0.7698380151910029,0.6274929210102163,0.7685395319552297,0.5697872643307231,141.22040167986728,29.502205667122716,-1.6970803847232248
0.6692759431498173,0.947691120765254,0.7876810250991262,0.9662850304845464,0.0104273654725123,0.860667504212812,0.991570450618358,143.4554401174668,89.7409566916671,2.4889516475187854
0.8458420946216774,0.9261773001869164,0.755579622056135,0.7437278253956501,0.1613609930873667,0.6971514037621063,0.8594732614814479,156.90199165108402,16.440970953993926,1.9494976656208771
0.9575497359576116,0.7407216984986922,0.8244363049069178,0.8991053723008907,0.3022950291711919,0.9503584286676388,0.3768449313528202,155.6044586615503,77.61680941064262,0.30085666783004816
0.8822031281758729,0.9842298682608388,0.5434031215613737,0.7151209686353426,0.2939884797372492,0.9060483872647792,0.7299313920994966,145.29284436611542,15.152831718218515,0.5097020872961973
0.8495212740015234,0.9181523431597431,0.9551574663773406,0.9183097797007772,0.0970957217104185,0.8077490830722958,0.6448041253876987,145.03071656250896,62.89123754626884,1.473004124251982
0.7072686034034422,0.4178798471660551,0.6678517319039999,0.7411573889035026,0.1727332991303057,0.7682100318011642,0.8575301188254109,145.29265010722568,50.79969153025318,3.3055715488423036
0.9429293378176864,0.9871672912572698,0.6127116554441866,0.8646536435282356,0.8462505149166366,0.8368573069778558,0.9980742895348156,112.129427072705,-89.66257076504147,-6.008336591462542
0.706463846178913,0.7064990135424007,0.8859934175493748,0.854720703312534,0.6999291654019902,0.8848627336261048,0.8237347871071106,138.9005736317981,48.758310415302994,-5.572979443223039
0.9601085454849996,0.9475178631514166,0.6159728958961865,0.7345706215638351,0.2958546234239944,0.6293748936561051,0.906851082866208,149.38345558870887,-39.21672636121609,2.2720248793636935
0.8873448157718319,0.8438370566999167,0.9978695443078194,0.8304594260691323,0.2632010166802119,0.936660607448898,0.6572079117552991,140.1639869197217,68.1108524313967,0.38796372979356963
0.5144741363661554,0.7706186283892256,0.7105148390232807,0.9596410072842362,0.0801794641032046,0.7811368297601422,0.5682928475069489,153.81297131371807,82.12343795783197,-0.24113117548690188
0.4554763225112187,0.5622796707410727,0.6486418877797036,0.8934526781317136,0.3486123573134926,0.9720704613618202,0.754120708909491,165.75449277746645,175.5572060611001,-12.418315596948723
0.8518857186510118,0.3677384221936384,0.5314779488186735,0.9974138955194252,0.3977258313926408,0.9807185858569218,0.8272570554620393,144.04948948790448,108.837923526721,-5.058027219708112
0.8204543677961278,0.5298588975650826,0.5213574976956906,0.9281008313161948,0.9033221886173642,0.5847464190886319,0.4676454092100791,141.59977538123638,30.080583864041692,0.7723101162902348
0.7726072075910742,0.7954546108503255,0.5479993739849802,0.881104264553964,0.742420390345509,0.7362136391285687,0.6577260721494733,139.06132842245782,1.6987248494675882,-4.108877238854674
0.9863621194430848,0.9105622009573782,0.5029899660083301,0.8543738305990722,0.4787274572394948,0.7969019046808103,0.3892692747684388,133.41481298893106,35.70506788308513,0.7409557990389177
0.740222169468148,0.3517128354422304,0.6638596417656625,0.9790195484366332,0.1347818280938956,0.8026272756128473,0.4599409054490223,143.44604745664043,84.92895143249864,1.7155936511767367
0.6273871306024663,0.4852152145528324,0.6555500599292776,0.842320284475166,0.6555549411972307,0.9237096632646632,0.9185169789274902,151.58681377614752,119.15497625757348,-10.22474108313933
0.7513985446285041,0.7871750465200174,0.7153097048167463,0.8009054507620654,0.9351204060236168,0.6320096508202062,0.4105895915544519,132.4161666846585,33.996122859564586,1.7134425162852245
0.4448611899814041,0.5343379414045056,0.6168225746975079,0.9447343963498428,0.0780273094794964,0.8381161566363371,0.8699306582416575,146.03491888176845,127.97508275517535,-3.2142044651334434
0.759567317811865,0.4421891632620944,0.5318156579044611,0.9799574134904382,0.8478049360616982,0.9751758959703608,0.5676022354158132,160.2938817940905,162.96858946944724,-11.828052035755352
0.9441944449007514,0.4033859066877324,0.536022187895349,0.8263005020123437,0.1799929923170175,0.9983368038431568,0.7680685253087618,136.29739116772691,76.75847977679234,0.5903253500682295
0.4311031444682446,0.7643289532944009,0.5914593533330206,0.7124957977297699,0.7006282449354935,0.5759129559146305,0.9381328867930172,148.38368973843626,-30.097084905517434,-6.021019840033959
0.911557710965348,0.7363989736917516,0.6586145963077686,0.8694191035363477,0.1837306613551675,0.988007940185466,0.8489489639737301,145.926965688849,65.70993097858734,-0.12215672487172347
0.8867772970468357,0.9076397327103491,0.5743990421654066,0.9135547569943908,0.5994640682258898,0.6239200365812602,0.8799860737204183,137.50025393307575,-92.79203827134035,-1.5126247624000335
0.48924685276593,0.5545960437246812,0.6828548013399496,0.7912340406420009,0.2374444122143455,0.8014948169392806,0.4908083795038547,162.05320531972268,94.9677199311556,-2.3269677144649488
