PS:PAN ratio,Feed rate(mL/h),Distance(cm),Mass fraction of solute,Mass fraction of SiO2 in solute ,Applied voltage(kV),Inner diameter(mm),wca,q,sigma
0.726635921259618,0.4338226096005423,0.7235000888938994,0.8264074590498599,0.7594094013434666,0.6313930893882647,0.3921008754785327,159.5077238350704,73.23337842455072,2.342495501239444
0.4946727569948262,0.9788448859431024,0.6212565590550332,0.7423137798826183,0.8403483203614176,0.9070384376638408,0.3647131343449342,145.97361263915457,125.51163897279814,-8.395680713548234
0.6398722046321147,0.8509290288189681,0.6761756753497652,0.8230714442950963,0.2002219665789461,0.5877322456857224,0.3321406251207945,148.38909312404965,66.1362165894515,1.3010477094841466
0.6304189595904766,0.6932067929728969,0.5917521903383898,0.7200417390963092,0.1899460481740718,0.9445350103422592,0.3777611317342183,160.509404379827,122.414079467661,-3.682835248899735
0.857349994616054,0.3941152971884081,0.7741242812513006,0.9902323341086005,0.2589095949663384,0.6353386789745857,0.9527486135635478,152.5444190655454,6.888263955445652,2.812723694571292
0.5736539394000263,0.9635564304596144,0.5365239374636136,0.7235912852943385,0.4450475244194513,0.6429625680708221,0.7916249163086606,150.2040119710361,10.533167434324646,-2.41039080594682
0.6708704234164208,0.513754307589168,0.7295361859450277,0.964634681218052,0.3852331767579988,0.7375537112826065,0.4137617413871085,162.94087677250386,72.37161178405371,0.67489530667588
0.621595099355381,0.3786791888351017,0.982965977361542,0.7109577637885123,0.8504399923162352,0.6390480216933601,0.7440142728332897,149.5280241921549,40.29838756798139,1.4527589203487268
0.869151534005026,0.5496499112313165,0.8496511010247175,0.6956939685637351,0.0785107298051399,0.6668636319345559,0.4724351277471842,154.66737620851103,71.52746456887738,1.8662222997678337
0.6870421943633986,0.9384498344123852,0.5691678602365795,0.8777929757082399,0.1960867854827116,0.5959715945430485,0.6753495687015059,140.69331138768013,22.198672874860208,1.3366119274507549
0.6858086661657652,0.423071633117329,0.552076244648209,0.9590308302035168,0.8321195963766755,0.7947355496239104,0.4071129134670226,161.44078000396294,101.23097533698153,-0.3553726182660384
0.8683555283817093,0.3750909957334783,0.8257751793289139,0.9517945410946596,0.3838847999305351,0.6060497169553115,0.863486423636049,157.0745701336293,9.896289837141097,1.5654328459417193
0.5369346565543036,0.4379501612245318,0.8428937024738539,0.7261305054212368,0.5401714242225527,0.8264278565919707,0.6143561924477265,161.47542998465258,97.2326236732128,-0.6896137391715915
0.6311275347632227,0.9850703994807176,0.8922875253893413,0.8461954828007054,0.3606694203457142,0.827080099730761,0.9014127092460382,138.8511762103721,33.14920485250316,-2.9238945559041842
0.9528081098354272,0.9099572766610196,0.8338281203725317,0.7859250252924268,0.7596748338911524,0.6810680423024882,0.326426883444206,136.73179405398352,24.130601602175275,0.6146540314971718
0.9976391041110092,0.647959346419012,0.916380919186589,0.9138828740317416,0.5499546878941982,0.7670125443127568,0.4978636927796059,156.8464555254324,40.66040517583667,0.5213472673338284
0.990411360791677,0.9365652004247668,0.8452838310547119,0.954669016550218,0.395095603164928,0.9188625816394742,0.5192208281021525,152.0644340805673,41.05022617906347,-1.3479729269437035
0.6810455937044049,0.4891479299104129,0.6779801528294256,0.906323842835209,0.3295955826434986,0.7594629266560078,0.7467919362762242,146.9116102590586,51.361609635589744,0.348322610671739
0.5918375292572664,0.7580960371926182,0.8710101964118705,0.947867096012265,0.4328021530028401,0.9212255021166298,0.9770231385322228,137.8839578807403,77.98798435799048,-5.199498558685832
0.945032138250617,0.852432361527099,0.874788694488914,0.7562828136987095,0.0492384338512716,0.9099257975648531,0.9277410269448212,142.76709491430518,37.48440954401241,0.5334178211153575
0.5549979444756873,0.5965515258599957,0.6226953438503556,0.7093797980469597,0.7085599367878052,0.6161454510637563,0.6378000209250996,153.5973174365599,59.04141311475313,-1.6573961459987758
0.530178693935407,0.3803911044994201,0.9446014040499552,0.9193481073719714,0.8455082982113761,0.8801411919400493,0.3642770825051283,152.08883089539555,160.04639426175567,-0.6367788691567149
0.9942977719391064,0.9306664187853824,0.7332485155705911,0.7175273864211077,0.7534707615327121,0.7665038755537165,0.499826615293395,133.90467354092095,-7.781945225185638,-0.20922830868258413
0.8256426686435565,0.8345392727722181,0.9276756875354576,0.8017297601043373,0.181333658392857,0.9003940164667299,0.8414220335717827,145.44972761634526,65.56510738541489,0.0628639529206636
0.7836038665434458,0.7451916265576723,0.8218171006603047,0.738750558805606,0.1653375438139803,0.6668575126732863,0.7296410636997055,154.13716352295253,54.40963332076514,0.5371403031585826
0.6823074986398643,0.8061976282752799,0.990297341894362,0.7546891655232913,0.2273896779308767,0.9950420066623092,0.6016692228952912,143.4207897747105,95.73663294649316,-1.6507746326962023
0.6932101430200692,0.7615414048238172,0.9091061491777156,0.7087534447927168,0.0056121715308995,0.8327584281488934,0.5921165881592143,141.61646003682225,77.72412300003975,2.6291104129432687
0.7028018302276147,0.3950311871263282,0.7591526284992178,0.9662806423375184,0.5016295947188545,0.9791963077822098,0.5770351181860669,162.22004824261663,144.36162417570154,-2.300744770816514
0.7373841711144637,0.8364241735077781,0.707084707550385,0.987001542106487,0.8386550801420388,0.8706781437476451,0.6193567021366513,136.34589303283664,48.486475760301005,-5.141715910604807
0.8282664839971593,0.5321469544437385,0.8749608474916739,0.7889089357645738,0.597081643875715,0.8201421521526786,0.5709513131127073,157.09785681924126,78.18440400014966,0.9132734058784124
0.4429631886896286,0.9742784826532852,0.8958608681006851,0.8721814297425902,0.5720763440402373,0.9082764025292964,0.8506020955971325,124.38744983385266,84.45185863607837,-10.827844990372823
0.6006647247968366,0.9010172849966198,0.8437790988497018,0.6756412272990092,0.4273032092733323,0.6049450672304845,0.8096528143360977,152.6348459774051,9.180174977187498,-1.2672244632791205
0.7739690205942058,0.9311849365983847,0.5200535650235938,0.6931046173021933,0.201169551277057,0.6968640549965274,0.3432664653491735,139.52654331592413,39.69609920616783,0.7892351413970826
0.9467387058570522,0.4465753915779373,0.5105647002464168,0.9663743057791044,0.4772679135032789,0.8312781701080898,0.5099090811762195,152.5605513965527,73.76496925927587,-1.0416445066609819
0.6958279149370884,0.5957759134892815,0.689668045969348,0.9282371673641744,0.2374211425977481,0.6908563471392704,0.3972157740922501,157.4309077841206,69.88984218994428,1.7127544336722358
0.6642222894987384,0.7134336932787086,0.5995847430685424,0.8575357638650731,0.1715945618162103,0.7534860526393907,0.6773885380649658,146.39430234233296,49.723930106491224,0.16597963721951148
0.530645241686939,0.8877519663218196,0.7514624535445287,0.7839732035473503,0.01225059013249,0.7916265217161855,0.6327325781594351,151.6412149471571,70.233490448043,0.5144910952499626
0.7834717365434738,0.5668498096656105,0.6321087344551175,0.6695951465162409,0.5506940410216703,0.5943684174663451,0.3253596477244801,156.03854637027567,60.09168745399263,1.91189646086564
0.966759726085772,0.8706519161910478,0.8795015750477749,0.8167273460517133,0.3717942436886398,0.8579199327782852,0.4839041445081838,155.0541049635896,47.499196812573544,-0.7066991886139078
0.5628333248647804,0.9056489089747022,0.8125501395558095,0.9595917779236288,0.3417064080151247,0.8263814528177393,0.5331216386042268,158.14145905695023,78.04583094594548,-2.427621658988045
0.9261980714634124,0.8557550576603188,0.840776215303848,0.784089424056948,0.2078879367645259,0.592432789877131,0.4321871926277247,151.57738887526455,34.874294723689175,0.42294838570980176
0.8141147534347475,0.8640479233720686,0.9802482501655068,0.8145506320032803,0.9199295440610916,0.7440806414746926,0.9969315748936006,125.71439057813906,-50.41293378280031,-5.7660153302652155
0.6952183420841781,0.6417624583376882,0.9249915810717482,0.792883270731034,0.2899703088673906,0.8065307302701492,0.9665221646883616,146.97115818130322,30.453291548700015,0.7288012519736573
0.5208669263956407,0.9492590624159698,0.6152485570076819,0.8618843399697764,0.7604927363566634,0.7763987709274901,0.6243953351217357,139.74710911444762,46.566954190215085,-7.1346320397153065
0.8874359783511057,0.4583817028555326,0.8506374508682906,0.9745288179999018,0.1671195434999992,0.9505607429220552,0.8681020291346314,136.14503150476764,71.64859329965275,2.0076276720034514
0.5560721077926484,0.5228017653594206,0.5846569384435281,0.7258923018883423,0.7116819383436702,0.6050953420198771,0.5111721519086636,159.87828120481117,65.3191108314716,-0.9551539967360374
0.6238463012486077,0.5912643242419209,0.8761316820515896,0.9114112879336688,0.0111188911494766,0.9665415187704568,0.7642619507006153,135.5150356494655,108.60237238882509,1.0494390575856491
0.458867673756995,0.3970575564795338,0.7195947396587528,0.8753314186932284,0.2976932638333057,0.7672717168212451,0.9478280469234518,143.33770838864993,62.43185613758121,-1.9440532225215468
0.5765275066061054,0.7851703654764477,0.677806232781506,0.7131567507532488,0.4321115404976273,0.793485241435512,0.8883983788690285,151.9605674085874,47.25270579364914,-5.973170079247112
0.8658930274352148,0.6669246591683069,0.8045557698516117,0.9410647264147826,0.0891856905028916,0.8505990669670573,0.9105310323618686,140.170903758315,33.65656068206147,2.062717048131718
0.6352320004292213,0.934761716934819,0.5672883307250838,0.822680992087665,0.9590270492508776,0.7006821633261974,0.5911486359367006,116.03471024718569,25.902779696755115,-3.759050883081229
0.7912753630224815,0.8000742777624292,0.6133234489503272,0.886949020088379,0.8530876084243562,0.7816020151995878,0.5757804152696175,134.455320967328,38.851328245996676,-1.8698186466339266
0.759227297519117,0.6652039916743286,0.9309553363114516,0.9725651472924122,0.8675820311745858,0.785548611014812,0.8262910716684635,128.48669873899246,-28.149775633923667,-2.8926477319775774
0.5801300024727231,0.9365945845820178,0.63238166882744,0.7965261254538059,0.1980130635343542,0.6844100376375183,0.5206410543934733,145.72027222301347,48.85774552317073,-0.15273513521492776
0.5925191957365025,0.4380621038467805,0.8713927292209012,0.7657196613925243,0.477719786570512,0.9868389817311836,0.5649362356628316,163.03730597109532,140.51348235980475,-1.0980930283844785
0.7745400675888539,0.7026190413074389,0.8490366807127578,0.9938412737312524,0.0061694246598912,0.622265944241656,0.8055132832596446,144.20822022740788,55.52886624270474,2.0983913040352307
0.900693903535235,0.9325423534126926,0.8113416784671967,0.9417012477389536,0.1529216414984169,0.8840527128117834,0.5697945972129301,145.55262309522954,59.42726195366424,-0.20942701787348184
0.7185204175898134,0.5854533242072648,0.7885725230535867,0.9203072587402596,0.4383873111900206,0.7751011934888982,0.8834642083306831,142.22090543259299,35.10828439162442,-0.8392449628891763
0.8673188216416787,0.8775290634056909,0.7426177687945664,0.8476012865304238,0.1704249767686589,0.8036997509919732,0.386553194370017,148.6788149243384,54.48353935800147,1.634771906379938
0.5664524059990605,0.5139293660333881,0.5858425729874133,0.9304880616484256,0.9572761837711414,0.8265543982280993,0.8087138599226422,137.50083534974013,73.96878811883413,-8.675932339870448
0.4718137094513273,0.9337496958780224,0.9358092984062116,0.7355407586088301,0.0930198615200171,0.836899101428289,0.508106586830534,143.54112381794198,78.04064950174076,0.7348543537601953
0.9284849712617926,0.4152626957666642,0.7490461903734169,0.8465521129922771,0.6668507806952854,0.6798033286014611,0.6254330166964597,158.80802805106174,26.854463346839616,1.766232264504569
0.527236063252567,0.4631350715353001,0.6094328053614771,0.8801143459209582,0.3911086693950273,0.7224574591376063,0.4444479366834731,162.1684798642406,86.07531914124829,-3.5110228671384673
0.6709066750982464,0.5321542136910173,0.7620916904732207,0.7067289799180743,0.3358435114098342,0.8820800881478656,0.9707517451640072,152.86326020660718,69.12482165816994,-2.1050512471633054
0.4573562726866862,0.6297782018700282,0.9035784686787788,0.8118246167984141,0.4764657776907375,0.8599285052128407,0.6421129013502174,152.86775557180485,117.92928475491682,-5.440087499706464
0.7326557945625554,0.992971613477186,0.5127247982917205,0.729093369407116,0.8514677848867286,0.6089948320744552,0.7177895139053039,123.1355796575421,-47.5843933898238,-1.8538184361257983
0.9996748676879594,0.7392316197252928,0.6208139783206205,0.904781752841877,0.6076485187815732,0.8945342460105989,0.6930013548964701,143.64843500643144,19.269397325358113,-4.264976501022802
0.5223077151204857,0.8260980442596513,0.6777915479998768,0.8351425558928556,0.5498001313874974,0.6684087658289585,0.4049859577964289,158.07802101172277,61.79400288199887,-0.8165204039383706
0.5584193279074032,0.4939636966902596,0.6511551182177919,0.8977858575560701,0.4019625475835433,0.7730509252701794,0.757856673521467,153.71527668992445,67.20660351219743,-3.1637571231199604
0.5434084535901448,0.7429174507985095,0.6200330761681869,0.8990259970756779,0.0085427996093064,0.8268557524515039,0.6272384161806426,147.21134728196367,100.2910841450553,0.17894790714383713
0.5097697933940746,0.7106859921197293,0.5265543628264918,0.7775563339934715,0.6140197172406671,0.6392615572454805,0.8688997984740835,150.3409247250011,7.026568805622311,-4.104716856796796
0.9949278682767644,0.8902241151135053,0.904151034984896,0.856791128452148,0.9735578475980712,0.8928643196848622,0.8693588110525401,101.46980496877998,-45.83663517932129,-6.730774268855137
0.8829421079308315,0.918375293095724,0.7873260491524945,0.7364539728081597,0.44417960941315,0.7547032050586229,0.6247425737318453,151.3218039883329,18.413631500476022,-0.6226159240051305
0.5090073601546554,0.4335441634407918,0.9095017362082524,0.7642886132417595,0.2229557554354138,0.7385897644773083,0.8398838616851961,143.133642763826,66.35679821186932,2.1889953342818878
0.8459421907172425,0.8434529960567467,0.8313305267435981,0.7709742521697214,0.627003401150986,0.9452409684826288,0.3985527460239492,147.7421260340549,72.14417580763035,-2.4486300035972577
0.977456678679082,0.4338260618300701,0.5170239982445367,0.8082331796734468,0.8983117408335636,0.7697205527320382,0.8086981825171573,134.94723571014217,-34.19658985372597,-2.826778731604019
0.7616383306332262,0.3845896408318309,0.5773039315201629,0.6841055955123897,0.138008674329165,0.6794180473079603,0.5304411971921932,142.90900834189173,64.57125295292305,3.24900245753034
0.9570380062934184,0.7227242595785492,0.9979618598493598,0.7885719930492567,0.2573182527145375,0.7935714492295562,0.8179853884108995,152.25210717138978,30.01361736999665,-0.10006210808430871
0.9349972445921826,0.6278351623176148,0.572392201711191,0.8073687751668238,0.0589339193185658,0.6052780829135161,0.3596892687960896,134.86277210999808,70.14437861856219,2.9363821693973646
0.4841533947478651,0.7390721531937521,0.8049489109981842,0.8456910246069604,0.7636968934782435,0.7270296294943739,0.9545901936904873,133.92170789917682,11.975433910527805,-8.407801472287883
0.6266338655324118,0.9354872306113612,0.9302700065007988,0.8945912052070254,0.7995696005699126,0.963902207200954,0.9846297533216072,104.03131097804481,43.72079373722653,-9.05945928762652
0.7949858602890534,0.5954177979521141,0.524837458346893,0.6813297049809097,0.5738666756361068,0.6694380587614369,0.6727804317262724,149.50155822720296,20.372750552964938,0.4145183720163286
0.5693972695523187,0.4114769618434057,0.9098985979715384,0.9164253138562112,0.3503213985356546,0.9554829231312794,0.5713636498330933,149.313384216384,130.8110893782121,-0.38573868457473837
0.4498596826065812,0.9245224870316764,0.8702155751181239,0.9040719324772504,0.921349687497576,0.6963073136443027,0.6281924796625884,117.74740016906642,17.750238257933937,-4.084746172695176
0.9777833141473894,0.9633988912206348,0.7629884902737254,0.9755225658033608,0.072831113123032,0.7392522288266345,0.5299384792026207,144.4778606366649,41.13291956460647,1.7836316013711189
0.4912306547286068,0.7351710586374816,0.8319330491267483,0.962243118645686,0.0545064576848872,0.7420322111332225,0.6797143760044377,143.32353110606687,67.1566871470543,0.6795070091157869
0.5773586605606443,0.3747706232535745,0.5325278863724788,0.7392937468953933,0.7849672398430293,0.795233849227783,0.3555455465817664,167.12219222085912,132.6942494135571,-2.648647117019408
0.8011744613558349,0.5650792468297253,0.5112254736884592,0.8067558659728182,0.2201821904526084,0.8301737539576226,0.8356854723842654,143.14996446433406,47.457067991755196,1.1139138364549086
0.8768548986510394,0.4652885221215072,0.5797154876164238,0.8203472307534018,0.6179900162649348,0.8336483755318853,0.3786467369170468,160.74362309438243,82.6040123294308,-0.17652213077839507
0.8718151995838224,0.9861267598094616,0.9640808651616716,0.6675009931005547,0.2278133443010929,0.7293637768561998,0.7786250391259452,150.29505723935844,18.686158379922183,-0.07542378740834166
0.7786345838447148,0.5821233427108757,0.7696969721527102,0.8395236172596047,0.3265605013440362,0.5798442006941067,0.5282161761515971,160.64885739967806,48.28610729792354,2.433772503176116
0.67843642650976,0.9728345828324604,0.5448992978604019,0.7888880250373415,0.7364207246442563,0.670048922875934,0.7216845870344506,139.34778035701794,-19.36160165055429,-2.4339885343670393
0.5053356568498857,0.800638685308393,0.9042526594471516,0.8430951545307512,0.1738551282189512,0.69543114160693,0.8955250795847286,143.49993982917715,49.76484917413726,-0.2819068928966322
0.5673681070632226,0.5282955085573419,0.8193628813305811,0.9540040439975068,0.3362122859268684,0.793825625503122,0.7528915605710533,152.52517104184716,57.399683848630104,-0.6809691620249513
0.7975328207922081,0.5872099132981141,0.7692662428483475,0.8798308248688766,0.105136026775244,0.9119050117131486,0.5574210956517525,147.74651573688712,106.24805581265117,0.8532658761605751
0.704759425492657,0.7193719802690222,0.5322808352230834,0.754532027992406,0.8086120876187064,0.635072936095099,0.4420204835978929,140.35469499983074,42.37046884309292,1.2106959341274655
0.4526019127508824,0.5830953476609322,0.9215586309598696,0.8371294549742456,0.3462104208824499,0.972697411784692,0.5533360092179351,154.4600656950604,143.2990469788515,-3.2214924680688855
0.9559222790686682,0.9618145921282591,0.8138669381277213,0.7045034762712185,0.7832693045597996,0.6613367475012815,0.9245272048350353,133.46776962619685,-111.89155075552864,-4.614445870001852
0.7456825931520548,0.4701090170286803,0.6220856752697292,0.7359394304223148,0.4326963367474938,0.5971213916411001,0.6714484610253291,155.13314646183937,21.801113414239406,1.5851765202899073
0.5425936441374178,0.7872335441363125,0.8855470670346628,0.9694912756070824,0.795441974824369,0.9698629898205586,0.5419223923853048,137.09365178656842,123.72507630081236,-6.751056272107431
0.4744099257565361,0.583056377137697,0.9133901564681672,0.8287561401934794,0.7561552010373214,0.7576569298848839,0.9365514134478512,129.29680651145378,36.19733502068687,-5.1204628667567
0.504710838008501,0.6262302460009835,0.520322638371781,0.8562986663116294,0.5463357378673007,0.966973909686586,0.579446112153421,170.2070306574794,161.81905143735358,-11.765712712628849
0.9889089959743508,0.4469364792461804,0.8388936185129874,0.8744927421594975,0.3543259721154733,0.7829733720117436,0.8804773524587345,140.1031308592296,16.602112008601758,0.8855609759370302
0.8659613518803312,0.5704810555436064,0.5974550448530936,0.8459078571125026,0.0496926693169399,0.987617837207602,0.5010651613824357,150.5385412840747,93.60135258522953,-1.1353895927735698
0.6518161753634639,0.3977870322767133,0.6370170860788755,0.9924989454257332,0.2362511008964869,0.7965469527732016,0.4536231598634024,155.66919534549368,77.60902846242928,0.956784335211621
0.745747247966889,0.5791874674248003,0.7646610845356454,0.8298678923175372,0.6569072837537085,0.98096093376103,0.8148229922830637,146.2041540665841,106.23907207275994,-5.368553781793803
0.589426412475729,0.4631697965781721,0.9294895927565824,0.8445437249597129,0.5761771669261848,0.6885142248590607,0.3929670147865416,162.9371361088599,89.41067424896382,2.486171571991693
0.8299545575947506,0.4567120795412869,0.5437791097005481,0.987739397253534,0.2020869666947365,0.7757193086811873,0.7151035925752446,144.45242546715517,39.86463728658701,1.5264103199085373
0.9209955475536632,0.7250157002749393,0.797349096355374,0.6781529018819759,0.3006688429321067,0.7375850011128935,0.4899324275652208,156.39669846751445,50.59183539129026,0.9421488755038343
0.6783695677664658,0.4148143398927136,0.7689393754524694,0.7015880353988762,0.3710425049163985,0.7122907941771919,0.6652652996981104,159.39340197134814,56.76663449400393,1.9238224895281206
0.6079826653716907,0.9857332241710252,0.5393171228189951,0.869175345184317,0.983453348056252,0.5963160026727039,0.3485826076897708,116.66434942006227,37.26804261896322,0.015320333342384362
0.6763419903465828,0.475043685300332,0.7475709446646223,0.6722195330612835,0.6303608697946276,0.8845489339310245,0.7444859061613335,158.15631859382455,100.59621094284057,-3.849837582227672
0.5916818135283297,0.9325681638161116,0.7841673275792743,0.8849629580297587,0.6000793163246569,0.8138212505264296,0.6252951777862783,140.70634417013295,51.16024862477058,-2.6773074762899944
0.5924611301373554,0.4529258955069066,0.7310807681599647,0.798781651231433,0.8275940050788638,0.6448872625798615,0.6944635385632922,151.3178292987928,37.80277681792199,-0.41491218058523516
0.4494954231002491,0.9869033053077084,0.5365280277896246,0.7334495033986723,0.158355203375365,0.9620482821292742,0.9190809775964636,157.33187749446552,112.23835511334003,-7.620074693701372
0.598085010123355,0.677911709427937,0.966797061612204,0.9955395130454112,0.1055688925004415,0.7055190456478845,0.5211396332636723,140.3080002252144,62.734251895623544,2.8650151735965057
0.4532782644661443,0.4573318963290954,0.8686071409034735,0.8221089769992086,0.3126933871042773,0.9354046860442624,0.8488838074568814,148.56551860286925,129.81307498313282,-2.4766241662649136
0.7310367663835964,0.8689318729075066,0.6828394092300056,0.8645262217676974,0.6417064534953467,0.7816022150211928,0.5028458930732578,150.53898183753034,43.21679562349034,-1.3459525086877697
0.4477265966190174,0.4990046291727844,0.521369986815259,0.7759967222195319,0.3794051466678361,0.6137509000417751,0.4779135118258217,162.12717666500004,75.74738532235342,-0.8462930114876959
0.4578629117887023,0.7434295764752881,0.5023385682991486,0.9465393971831456,0.0553518684641905,0.6044888999302628,0.5001974920615799,147.52402177718378,77.12746182664091,1.8693414282630805
0.6653055043854037,0.5689785791519829,0.5232049748064449,0.9539868330381044,0.7319138680709956,0.622309693015255,0.3531237132113685,159.9246530297908,81.17068971321186,-0.18677772362026168
0.8994231981317115,0.7868723345845725,0.7631376671325527,0.9055609012744475,0.9035649732086476,0.7975591490103057,0.7466299610346053,135.06970396271063,-51.367860477773704,-2.2763355238770884
0.670148829265022,0.6350072365817312,0.6233808376726164,0.9577528286338572,0.3174995712731757,0.7363189799204293,0.750217821748292,146.45845649101082,48.751309940660974,-0.6850182255502695
0.8796126729777272,0.6048805697861308,0.541611490218792,0.9537490881713082,0.0655132806025553,0.731270019042964,0.7499772952160053,138.9425092525711,47.34425240052154,3.628156850621955
0.6831502131939988,0.7499643778693332,0.613484317429616,0.6777532034708441,0.1788682199770999,0.6605450573540328,0.795026755446196,150.15740996247143,29.93307104883759,1.5229965064223325
0.4738150618981614,0.9666190720358864,0.8289833761162813,0.8898638764627993,0.5603690838860811,0.6103361151402646,0.7170838449448464,134.58494515423928,1.640070832824641,-1.4603769455142783
0.8334864261373052,0.7213776501125664,0.9282785862011153,0.706347749169096,0.4263912691353765,0.6785080369048402,0.8999139028602663,160.96641596763865,6.336508791895817,-1.6989703204825866
0.7653692549245322,0.897250555955986,0.8147226768174851,0.7885489724385939,0.450212988608642,0.7998013517213631,0.8210526644734154,147.86235956677587,16.42258090565349,-3.149711605409548
0.4874128170567782,0.6854507978189932,0.9365815024792534,0.838737076875354,0.4261956568315355,0.6837730070528143,0.896223039008826,144.87939253512468,47.506547745016235,-1.2046199082481799
0.7532257080673685,0.9151450628942828,0.8108145826583556,0.8895502175941075,0.2077821110293365,0.5953458530845581,0.369774960660734,148.42002525152128,55.346940153154705,0.9899512849697278
0.7525804215227702,0.975541912268185,0.6573770217996995,0.8307609950857163,0.1886471832381697,0.9147466619340068,0.4775200034933029,150.8597844956312,82.49502543251678,-1.449170903264368
0.7489452144447784,0.6601653608608237,0.8956889095297037,0.6862690252284512,0.4719105819523957,0.7749350201013138,0.7169323041147372,154.3236867089126,40.9568610075484,-0.3877341770575162
0.9006532485638147,0.6744260220113999,0.5125845765138597,0.9707731878209748,0.1400799634092259,0.8896867545916471,0.9128418773682004,138.65539177541464,65.1582348969421,-1.2759292191129639
0.6714852592075355,0.5526854916448548,0.8273858088435436,0.7389115134029121,0.6620911458195246,0.8962924598202067,0.9428464512520994,147.32382377105537,60.29903012253108,-3.467197108996241
0.6729299672792652,0.7400312090320642,0.7208049934776117,0.9659410009144468,0.6988560017235788,0.8586252291729839,0.9208835893685804,136.56406900613376,33.30634918610092,-7.106014874960374
0.562722171206478,0.5578875200665449,0.8616540883062549,0.8637738291463237,0.2894990248754963,0.7275218863403428,0.4697792704682398,154.813837646453,78.24297445444324,1.1760644775955176
0.9610698134007288,0.9485874989817056,0.6586638652880276,0.8792327901960157,0.8799690169434916,0.6094336834908695,0.435279218564436,123.2000105622981,-33.125923390551904,2.5234159550752953
0.7473607128121771,0.9228144573124284,0.5431670762854353,0.9463479717960156,0.2589399041747355,0.8839826525679304,0.7402098867044367,150.45971826423602,74.76679883069247,-3.0318327265915324
0.7570928294865742,0.9835346559272952,0.7439427810978476,0.6736986177398058,0.2091644471988118,0.6472146908547535,0.7573848794419105,150.27050016905685,19.483645316518718,0.6589691201313301
0.5637854542245885,0.7602525140101146,0.9628268476073094,0.7861155382187612,0.7566930947635045,0.6892965438529497,0.9826364069640604,123.43790499694295,-18.269923290379737,-4.54873414647245
0.4596376703480296,0.6125983045865739,0.6526796109722859,0.9716857354631234,0.965856582132308,0.7494044625340707,0.5180377064507347,137.58160709651256,90.89690221235176,-6.702014267526894
0.6497695546137916,0.544008000164278,0.9678270447631852,0.6691747956025743,0.1166319980391813,0.6948786412221025,0.4815494993623201,150.55115296166568,72.06451632180784,2.6871484823385012
0.5048349777161029,0.7432743159425977,0.6060269419474625,0.9044897913315564,0.5703581583239642,0.8139503420712187,0.7260766763468278,149.92841784137195,72.79587564021935,-6.851126176422762
0.5950101526985235,0.617995423677804,0.797119845234382,0.9407825106405056,0.3191951369335439,0.7455285235691944,0.9415913888471734,143.05666557804142,45.28543272980259,-0.7074258441291881
0.9379004908271766,0.3830863561710225,0.591329141579913,0.7618597298530618,0.3407313551481958,0.7552601587738709,0.6957459176621883,146.4654574848609,24.554499956240686,1.3049774212464067
0.5492390907561074,0.5097174427915243,0.8635072230527971,0.6882839632329708,0.8094643120087468,0.8718323477129762,0.6485851035515628,149.9915073816801,112.69596415401574,-5.111212095650004
0.9074545784989828,0.4305203303749194,0.8738021493898847,0.7956876512015396,0.4988711248131353,0.9937654987044112,0.7201319431229998,152.1139140800692,88.0144052692176,-1.2230908502149438
0.4654620801267834,0.9816408433666196,0.9297356119457234,0.7267886342042555,0.6005744876940048,0.7726943177651913,0.6486058795695284,136.1193672272012,48.512403458554544,-3.1705599606874975
0.8462364616976934,0.5315385538453385,0.8870700272536485,0.6754721657933613,0.2245070179807064,0.7802811099956264,0.392713922060009,157.73782148064595,57.04683461918714,2.0662292537729394
0.7338825277323378,0.9891265795281204,0.5406640430705015,0.6856204140559508,0.945046235449514,0.8784957377201262,0.3921715109058361,123.12769242139024,79.94740396860804,-3.3041863052018456
0.6235248461924805,0.4537404882409686,0.9245021450684628,0.94574291923418,0.597185038074313,0.925799196332962,0.493118202644435,160.00359848963694,126.96329937324556,0.293481334292111
0.6798282558712723,0.4658114424743382,0.564073535355112,0.959093364016022,0.6880891745607672,0.9360445246812348,0.944442258951132,151.4307923021542,88.55249105199803,-6.8903759747312625
0.5182496630147959,0.5670924703359835,0.6068575454743347,0.6896179834120397,0.1132661464844079,0.6596384244217713,0.8705016609160416,153.81526094994317,49.11434355054658,0.9827546606375921
0.7562298349901915,0.5173771882198777,0.7592223669741708,0.8976018412617025,0.9285257589423648,0.937136972290401,0.400211849410541,147.11640261091605,139.77388857853967,-0.3905535687445556
0.8812512350110491,0.939476679734627,0.7148608482996578,0.9527701730287996,0.3119222204289005,0.6942385647547467,0.4226935070644824,154.7291585441662,21.903276139012487,0.98464615188426
0.5972858867983829,0.5706424336207279,0.8088349502079362,0.8082273508458502,0.317063303821805,0.6092486607191253,0.4915056503018449,156.91961350976126,72.24761840551369,2.6641853420180235
0.7060839755860956,0.4275617813830729,0.6038954536858901,0.9626386511309072,0.6162694111414976,0.8446668577023997,0.9167254403453656,149.33586835508154,36.981399641010555,-3.9108272807596234
0.8525849589677565,0.6359136110194824,0.8888146509854941,0.918237050376524,0.2483675863082838,0.9443175434621623,0.8949976954894008,138.05978741655974,72.78162440082109,0.04104806559048746
0.7164486010372968,0.4537919495004052,0.7244449275684178,0.7334896488995978,0.7729513296055502,0.9787555024361554,0.6799902911882292,150.99421840887558,119.40693024553978,-4.560322340613075
0.7883708453031593,0.6051865674084416,0.6095830140953357,0.8025363343078482,0.823413142240679,0.6372844503511371,0.7054851545292841,143.74662863767242,-15.426924127576811,-0.46876064900924574
0.6423698403483065,0.7226567465647673,0.5456778341976044,0.9219991372460568,0.2084434074540455,0.8588383644010154,0.4744221448320691,155.1956707284451,110.00127367726274,-3.4132756044431694
0.4840458688400696,0.5894619062608273,0.5266810160006604,0.7458314647439341,0.8887451867813775,0.9946631131473324,0.995668546922814,146.50481017185632,135.80238261518247,-16.554922314201107
0.5271261750341739,0.6279803511662696,0.7082027952569413,0.8679022544793376,0.5575538077248687,0.6670186851036585,0.984836022290897,144.21379720482955,5.826759049760035,-3.66718664525081
0.5553766134381604,0.6768421404572114,0.5516202001979524,0.9853673703812188,0.4891839015252494,0.6174985606935381,0.6918507878264082,152.6380693084908,25.24333103623391,-1.551070782305444
0.9882324270712112,0.9520368708836068,0.8094863834420428,0.8184518356411425,0.6631442228829445,0.835139569572416,0.8236199139429365,134.25808530701755,-39.81309335459578,-2.8698718863487898
0.8901447393463673,0.4769776072184889,0.7886782375519361,0.908387816267162,0.3221594447125616,0.6194404949948827,0.6287163780126795,154.5159717600347,46.71251105419262,2.0833164241842104
0.8887925658665641,0.7634098381375586,0.8897420348546452,0.6860474816054547,0.8730065831199922,0.8397598838609108,0.3939299466678265,142.2426749560923,49.70298229242483,1.6423126920660862
0.646364684673451,0.5722116882805603,0.9898413298417494,0.9196893602514262,0.2735318984560745,0.8085485915906983,0.5719615542552133,146.81234744315287,89.12545211049354,2.6750014507561453
0.8708881562350149,0.4913531655614157,0.5923221076135629,0.7482626378794062,0.6190564771503118,0.8323546044028701,0.83826968030472,149.5290886923151,14.643893947970454,-1.7756633823727337
0.8737567888967686,0.6553251296739081,0.6356601853882913,0.8709708828151688,0.26638606512354,0.7150903447511188,0.4884047103840176,147.46312845854848,42.07689323754384,1.8738832701676533
0.5295286438036348,0.550728683572575,0.7664603382341667,0.8263695701926793,0.7291078304074498,0.7779392292361327,0.4948588045169195,162.53872949878908,106.23348829592403,-3.3761058524266536
0.900812439280652,0.59288846653043,0.6960121781336597,0.9771031261768778,0.663666122146933,0.7145583197435932,0.8202313040877456,145.5314484185865,-24.171093200054045,-0.5920286670282753
0.505839618100811,0.6808203213909207,0.8211894829036275,0.9413599940530172,0.498639506051598,0.9336396485878946,0.4772125457266141,160.81051439950483,113.87146776795919,-4.913748388631756
0.9766500281731312,0.7224677888634365,0.715113815423354,0.7465240579046597,0.724363493784999,0.6177315610646315,0.5925603757512536,143.57846256621988,-10.86619855264243,0.33834640463721977
0.9490173145887988,0.614908825891483,0.9167808901603364,0.7275162805322221,0.775025248591518,0.626100756980425,0.866837000272611,152.27956354362166,-67.30085459006183,-3.5882641189906113
0.4610253949250389,0.627178956493048,0.8955812949358739,0.8249458625066872,0.1238941374929286,0.7701516230427159,0.6408026608213601,145.83873487084355,72.21718191324065,1.0529147668288013
0.8995581590741121,0.7077075752104278,0.9402542293239547,0.7924499218541019,0.8658352025880712,0.6610435351239496,0.5409138804454577,147.7193643152513,21.081345339172785,0.5413930252689569
0.7402300073004544,0.8655942571216364,0.8259777667101349,0.9867262901563828,0.6495488972375038,0.6281339429540508,0.5711046810526397,149.32742201129327,22.75508269688116,-0.5625179353194933
0.870522525700498,0.5568883179664832,0.5417394408597803,0.7942199977835842,0.2163819499501502,0.7930042402830757,0.9096439775103732,139.75678718792605,17.464905340473756,1.5664592867135667
0.9598533763029332,0.6166917667949263,0.716855104148068,0.946539929283944,0.2487844663787455,0.9618012559233364,0.9619632700895157,140.87289394458114,61.44073695043385,-0.6747543542412029
0.7284933733909169,0.8165488378212823,0.5496996220155475,0.7563532919673903,0.8450614435872668,0.9149926149487128,0.9862368846754316,133.44838986377553,6.285666294306097,-9.388138400666513
0.540262809722231,0.6406379307184539,0.5382497542449595,0.7323094982534503,0.8807243000218519,0.7227579871690356,0.9449185588533084,143.42657796236412,-4.2858131544104054,-9.680308087431138
0.706134247741039,0.7398867045350404,0.6862945342231398,0.885213782053341,0.379559312618122,0.6295595542933231,0.903891771036868,148.5533210291387,-6.536561575386244,-0.18640324508150785
0.8502564946750325,0.9841386661213344,0.7831347612205828,0.9244656720611611,0.7073960411213229,0.8791058146703512,0.8062112397200869,133.91209578768573,-15.844178537084943,-5.889551304007823
0.4437476631357487,0.6849058691283891,0.7152560837800738,0.8773787933356451,0.5786301716703579,0.7510181776639249,0.3415490261478396,154.9669821136364,94.00769483979158,-4.715625042765502
0.725926538316186,0.6756533376293802,0.7705603800963284,0.7808506596616062,0.2733238107095803,0.5848222254264797,0.8914792027377818,156.31150809662037,7.752836650640198,1.64799468434529
0.5556060833666003,0.702590266598591,0.8243093371645959,0.7502899580289336,0.171839410316779,0.8208564732227427,0.9904822931345604,142.47527334968788,69.582585221449,0.2565603229539122
0.7202855805781334,0.9897737249328096,0.9242165064083344,0.9656412112007952,0.3706080687212907,0.7212129543882122,0.5523373500675913,144.96080411365398,39.893482313748564,-0.2739990000021042
0.9547892768912842,0.7449483198993003,0.7160984407518142,0.7213158320950628,0.1091492317843607,0.6188937539789217,0.9661054875772797,153.15857542308132,-0.38102340912193,1.7859581258964496
0.7301985510822648,0.686634648239602,0.7944997337774162,0.9356518587095596,0.8493017606137752,0.7198524036167262,0.9217652969658072,132.50528091478742,-55.760158995547656,-5.177945005730756
0.5595518501754908,0.926492994697204,0.8999436915994574,0.9357678160481564,0.80934885335107,0.61164775318413,0.5699845020466052,123.20559083239921,21.891236750052734,-1.5219744206483303
0.4673180742333954,0.915694691248284,0.7737611837837239,0.9309875568446736,0.9025745637532976,0.7320885354460982,0.8399055407402874,120.5845506427725,-2.650381278276889,-8.38564953194208
0.5090035791353344,0.6773569311048768,0.766068698394015,0.6901304431968189,0.1608383076764672,0.8914637501853151,0.7495504584035925,152.6819993261981,101.96532892815358,-3.9597230037781808
0.7890784829674734,0.8668503494770909,0.6322724082838174,0.7920358352309511,0.152218822745113,0.628771522192114,0.6281252582370305,146.50967712623984,42.88011380275212,1.7853042552136653
0.8365785098339389,0.5608106325098816,0.6198579586847847,0.7796771952430452,0.7733226475682592,0.8979554274287429,0.6027374575840173,152.78677636996358,68.35605035024744,-3.5925888188590065
0.7631032228122774,0.6788787009555222,0.7090650531343318,0.8158758324745945,0.2012581721003129,0.8646053897672229,0.9228475156738404,142.5733786855719,72.19059079764317,-0.10849467176026173
0.7908099228556853,0.7953444341113545,0.5547691514007894,0.9698898674243296,0.8782902286663758,0.9173371163808064,0.5331446926676592,144.5853561633644,83.40526050224425,-5.792651526578532
0.591935763136546,0.5978584280742234,0.6861664699625349,0.8777165614261984,0.6975018165761707,0.8985627214997485,0.8336862185824848,144.2392678379325,115.23578496581102,-7.727872272262881
0.8492635903279656,0.6428827256352134,0.8820187442109066,0.8427880483697083,0.2767075994141852,0.8791966333171394,0.7060612527512645,152.754384905944,57.82409150580194,-0.11593811206285376
0.5868488785665797,0.8075801369333596,0.5363233501528484,0.8593919653021751,0.2108976142248862,0.7395171655735633,0.5910603134376993,152.4055961246081,69.6574596289649,-0.15706691038719134
0.815056999363541,0.8410252699059447,0.7611216070536577,0.7216032238976308,0.1847298157709015,0.5802199712982972,0.4287677351127013,150.16986841075993,30.47854755255691,1.4435431845993234
0.7012611249859864,0.3613027718123514,0.9347323718886464,0.7542646005906495,0.963550802086098,0.9416531888391814,0.6312967821682125,141.2915446409049,113.71486794517513,-0.3587156243768346
0.5430836372406541,0.8557117333539148,0.910994840585004,0.6993347871369857,0.395482034788475,0.9107813971224584,0.917767821474394,142.86465189291957,76.05490880132714,-6.054176862420708
0.4587678028313433,0.519313890028015,0.7800310127620065,0.9667161065300705,0.5970172729200905,0.9558573011072536,0.3651384617518649,170.38567536363544,178.87389873449933,-6.210966093979681
0.9544729726508888,0.905034276958901,0.9133029725215966,0.9726520514067908,0.1438603589895055,0.7256491334900197,0.8912070035757766,146.16407099091307,8.183182886963202,0.37541853045104867
0.7341447083076409,0.7853576437021872,0.8464113225772278,0.9564368915117076,0.3586473080864248,0.8238030843389843,0.3669908627574964,159.78945863395577,76.38584693433855,0.6108131495374156
0.9081190760599284,0.5755309435868088,0.5819567597386665,0.8459007653390318,0.0597678115597929,0.6786360232525693,0.9938497695648864,138.92476306860797,30.210155288107945,3.7755477542261318
0.5923584939519007,0.7687426371780521,0.8591908478164328,0.819731030365852,0.3442973922788417,0.7841872887342666,0.9855982117842236,140.76323830387057,34.62152993830304,-1.9976813203038137
0.6407942333599833,0.9669506306907965,0.7433416497836075,0.9457639284245212,0.5285321071793869,0.8784010768759343,0.7378115956665314,145.12230691253467,65.70206949783034,-6.323102385282188
0.7850991528796933,0.8055769140245721,0.5608472954525615,0.7779316006278493,0.5294586834395703,0.6994271318889425,0.93249631431221,148.16553625428406,-24.94658931934785,-2.709347572024945
0.5319439769745645,0.8788700623439472,0.9824968176354106,0.9595932233745256,0.3950160783539052,0.6477300039504783,0.8018655956259413,134.46909687370368,28.37412252513159,-1.7173005709898517
0.6091327121116632,0.4199300196677724,0.8374318349391483,0.9068910748619972,0.5051822521518698,0.8526575784241627,0.9209563299430444,144.37793530708467,64.3510161620899,-2.2406212103974386
0.6938919410080954,0.9562523998232476,0.9452802304195076,0.9533315574571066,0.674744293910903,0.9421994296843406,0.4710281412346275,133.48091899812474,88.59517644416871,-2.062670263981706
0.994246035042374,0.5708257785407829,0.9883233987172826,0.9622078034065342,0.4958479524960725,0.7937785752037572,0.8285596164506441,146.62315252944586,14.200655840820353,-2.534273675142691
0.7075329648482329,0.5963074968757145,0.9540557759433927,0.6917207672844025,0.3335552205264879,0.9641602368007336,0.5115662750461712,156.55692147996197,107.88021756103846,0.21856363269269408
0.5206742308591094,0.8415496992410743,0.7420611945106164,0.708943844448899,0.0797815964899452,0.6164473202158022,0.4483329107771788,153.72865427384968,58.19600369839715,1.1577572928286863
0.793653803952364,0.5995331629070298,0.8385475124436884,0.8224003415216605,0.5627705466282265,0.7495874334382359,0.7149155678928336,151.27027497356542,41.74551406713278,-0.2406282591991269
0.9430639498038872,0.4292000497586838,0.8587226600284534,0.673115284752243,0.1870258849321691,0.9611836446186536,0.8843783284010618,144.0719431804249,56.661206036710034,1.134432589859649
0.6906729243370737,0.7811077599821188,0.8679833425781811,0.8832582455898768,0.350902426985122,0.8294027113027322,0.4100586111088792,157.4714651569718,70.0822113226842,0.7113748104269355
0.9674489851762706,0.4059591707648487,0.5815132487032857,0.788537316909388,0.4843560429771228,0.8506602154578011,0.6497085410197144,152.31998679283782,45.694905702054754,1.0765491329304067
0.7794074078147624,0.5310232312168078,0.5789732421786031,0.6709073393973349,0.8857867407862559,0.7127015622020203,0.4454557544383485,154.2910849274536,69.18758509850292,1.825853068902433
0.5205931778768136,0.6798368184793206,0.7578343172982909,0.8915965002340659,0.6259765008685463,0.758554267191767,0.818827526996524,138.96051683428726,36.18443678830242,-5.628731942493445
0.7749319781222701,0.8154920985716289,0.8923342655226829,0.7409195764829656,0.758493524553981,0.6574077599452568,0.9459552476225924,140.69357164371308,-50.04113428249498,-4.624754302341801
0.7236968561105765,0.9770878870064684,0.68874377074857,0.900997964821678,0.9558959872056844,0.9395255303069148,0.9405763639206872,102.58272051008807,-11.011752733543702,-10.099092031625378
0.6328567069032958,0.5369766804665276,0.8099609452508973,0.6961474890269196,0.3680640068473064,0.8075587636141803,0.340950971000319,167.4539522632965,100.54654784522083,1.5567980644687855
0.9341528609848032,0.6314033405329851,0.8593192368767792,0.9323620953548676,0.9904687009152549,0.8189810669172817,0.7693246216206757,120.32652872498188,-37.62095373923415,-2.6623729976286463
0.7167341593001342,0.9300668586903024,0.7341615350750579,0.9108241669082462,0.8410638803753208,0.7142819045028745,0.8019047465872015,119.40451915442515,-61.68457510355722,-3.46120096816282
0.8981017033014185,0.3573939737177645,0.5785105983217809,0.912088271636232,0.5500836121921264,0.8016140195517785,0.6349454500211987,152.18306124985767,46.42111060816504,0.4721623174135594
0.4725473951939306,0.5872875727379503,0.6751873241389305,0.7821586224891437,0.3309446114488921,0.940943811549757,0.3445645380081962,176.49755968261215,152.39248039429586,-6.691068784597087
0.6687512059495232,0.7860821506867528,0.8960574398307449,0.9831615828121012,0.3575751454686816,0.8082470839927438,0.8743293015953528,144.12349247528996,33.57396360647769,-2.240211117205794
0.4542948363404294,0.5382221829437418,0.9001053398739939,0.9667506631651478,0.144760849796748,0.766987027761577,0.9451584857365024,131.79583379713435,57.96316938660264,0.898706949962873
0.4553173359191379,0.4415369942960111,0.855792429186377,0.9534357033238984,0.7589438423271573,0.676359850923968,0.6685799396595837,146.04908473637096,57.1692377495178,-0.33440537411182736
0.609776116053548,0.6529250407176296,0.7585396525261301,0.8000955433192148,0.090332019325755,0.9826709623175992,0.4798246590238639,162.12147794065666,118.59306488131286,-2.465908857420663
0.7671155623723275,0.9062125631175516,0.8220971540819574,0.8238220788472719,0.0533528897328052,0.8254585650835891,0.5530567760307072,149.3451887910889,78.77785707686388,2.6717533997800462
0.8592836187253564,0.9074911070276556,0.7121984587248777,0.9979839908491984,0.5571868294954322,0.8705055071664525,0.6938353707262157,142.32143450062412,20.21067544576345,-4.121760993726781
0.5902106245395669,0.6525807086190729,0.767346665790841,0.8180042304253246,0.401379817761,0.6426828045201199,0.8014720857996935,153.47874838114868,38.06348634149795,0.11065683322729924
0.669061827636743,0.6546727935326627,0.631239096224996,0.7632277056759265,0.7509366841571741,0.5799169314424103,0.7283348229838909,140.26937455443016,-18.37727853794688,-1.5414564202253203
0.4838004272734252,0.6961093962440837,0.9189436506310508,0.7289867658343647,0.5050516371741409,0.8078276854706119,0.816456439941218,148.34272221727167,76.10261597981581,-3.5850401544307746
0.5863005378151692,0.6789795277122062,0.9315538923610596,0.9336343835896076,0.5094884243938144,0.70414002228125,0.90427640305316,139.14587683964612,19.400991047538362,-1.7681740137580724
0.875049222251526,0.9124809780757616,0.9443863659649296,0.6692620104867638,0.2552683935978177,0.9148721252873164,0.7673175158530197,143.46866909733882,37.27754076516038,-1.1862843944603867
0.4396195148003824,0.9761897187329528,0.5210191252775899,0.9197300310856524,0.9059541938730116,0.9458054363833824,0.94460460106709,131.3974448915571,71.0550994124913,-18.591702706344343
0.5908779903950716,0.4992046920086963,0.7521311843163343,0.8921196182819479,0.5867887292012498,0.8861670350781863,0.4934049462577681,162.86471140829218,133.51769437708032,-3.824093900204677
0.517216925941645,0.8886035916660293,0.8461695602156935,0.9250693245886664,0.1568438572994382,0.6488264032210684,0.9676710378550324,141.18806830115145,42.54191155719187,0.6354532734828009
0.7500996709518519,0.3812855918559427,0.8729825322851426,0.7847030057619409,0.1794545909771146,0.9716389949658826,0.9573492226488434,136.86168559392675,95.0601241116207,1.4587552902897856
0.8721240391113418,0.8329556981817304,0.8046561012730029,0.9390876763568738,0.686719912978301,0.8380909697386311,0.8650726013222079,136.46144482551546,-32.50229761327495,-4.901934627968863
0.6006919110415697,0.5099423732510112,0.712853387296725,0.9776205664489266,0.1471624520119121,0.6987109867186464,0.6702096862338054,147.38703648081955,58.1831094762894,1.2903236775806675
0.9246254408366192,0.9113678006998284,0.9483094439433356,0.7845929955867262,0.6519749488048243,0.9776038754599404,0.7018879672455176,133.37880715018557,44.72531873882636,-3.607687148405912
0.9360424302697424,0.713547253015225,0.6144050907068492,0.948585051816066,0.7615664230436486,0.6463085881300626,0.723165376799856,130.8516299698768,-54.43445086104238,-1.1372087639867232
0.5999150938731558,0.9213800647688968,0.6489716081348944,0.7190428260197147,0.2857459331216374,0.7423206025792322,0.6418779750318744,150.66712726986484,56.59551599278494,-0.27655799546089277
0.537618083865719,0.3739511934780035,0.5160397864390771,0.9260105123681044,0.7521445836415228,0.9527751812268512,0.5823884777958859,165.45962224355668,188.33092422653553,-9.577752220588993
0.7393444401553289,0.9605234828336042,0.7974413854801461,0.7175739170633187,0.7237745136053814,0.6503025522893954,0.3737393727560938,140.570154756809,37.50335772942394,0.5895803979470182
0.7646519073006883,0.6239504572312651,0.6738332429578107,0.7966054238936837,0.6588175714099999,0.6083605325616447,0.7257597842780961,152.4124450480359,-3.2251196645898332,0.44170731602002844
0.7577983319216413,0.5526809754246893,0.7905665600912493,0.949051392558142,0.4276330310553394,0.665159380593294,0.6076952220109523,158.27296271824343,50.248381925486854,1.307783405250262
0.4685340341178727,0.7779899485304435,0.5739683874912781,0.9909744094052948,0.034625705562726,0.8054628042162058,0.3595260973683199,160.8090876077504,92.20320369126986,-1.529000646692111
0.4973236753242215,0.847783193465676,0.8697907952828301,0.9117466960596106,0.8392999099309445,0.8682580146715999,0.996084764558932,118.26518902813578,45.66320118965323,-12.621386506504576
0.5677881034374481,0.9435597758614134,0.5977647517934881,0.7027621772150991,0.202960049107918,0.6529076487548572,0.4020413582092701,144.2652534752034,44.13625703219746,0.3758562467030284
0.598283385405302,0.4123804426011622,0.7256092473065086,0.975195402542924,0.8026768539957119,0.7950212237066201,0.4804520505218461,159.69663733330097,96.39269655500067,-0.9612344728517314
0.4443354793038194,0.7973579716848259,0.7833884122840509,0.8941941015612198,0.0257982891168875,0.5893584110797973,0.866168169553833,143.7298836653963,52.036632855806054,1.0944798407266436
0.4413778740259931,0.719302442642456,0.6000871023625709,0.7186002200240494,0.8310016029491619,0.6648639393835567,0.5975922618105028,142.71266257021512,54.3232447837118,-3.8668058445102473
0.7808361862593575,0.8857152530673178,0.9100195139018228,0.913463927943528,0.3027590758458809,0.9674200363968412,0.829661881564598,140.44091671568262,91.1412895601314,-2.234643379330406
0.9797994756417158,0.5675835998261567,0.9437003532338218,0.6978545849304358,0.397332164345146,0.8358341936379134,0.8613239229962373,152.76452088190274,24.221107320404517,0.5584810152287587
0.8187325540417096,0.8683221149084888,0.774212167769974,0.7429956285564951,0.4198182356686259,0.6243689754918424,0.5657028138272633,152.9642531020565,42.089330841722564,0.6970715597050732
0.7457951302664672,0.3752483939332393,0.5246808213035904,0.7045413165783997,0.3853164915164764,0.8178269358900248,0.6641088868142723,162.49453025410835,62.25177092676031,0.33924646628100286
0.7456383043762175,0.6879716778232287,0.5107741112542128,0.8041923482081151,0.8611324013679235,0.9437013274981064,0.5470896036710935,149.41231529416987,124.81175374530103,-6.936665906746254
0.6312000581023999,0.4883676800274871,0.5229557732173946,0.8430236769559094,0.7038547823131489,0.8235024206645041,0.4040904254712363,171.84949638605707,136.79735409258643,-2.996350782528655
0.7509867784078993,0.8855901066451843,0.5579219873321187,0.9849517685702625,0.414903714951188,0.720248579840941,0.6713270253822213,145.70380586778393,2.0155216670762073,-1.466131599115628
0.931298272978376,0.9672924128726276,0.8027000298735593,0.6784262228640209,0.7235233455931666,0.7508299822044509,0.6719740779478632,137.5415954918692,-43.036627060037745,-2.425799857531949
0.7069386328226581,0.8039041065073863,0.7158721363165795,0.908572616952816,0.5168100032766129,0.7712156869997752,0.3535234698793768,153.00281195711415,64.32825104307373,0.12694554323111862
0.7825749252610026,0.8820735097323482,0.5167734807954282,0.8778372442230381,0.7646546056396134,0.6877241808766771,0.5994726223188453,129.3195726078328,3.860363571192906,-2.183558868517787
0.5303871474038107,0.474468316924429,0.6670250506192738,0.8131365781721358,0.0588633196851673,0.6293579666457355,0.452685672747149,150.917955700439,88.83000854125653,2.4947497595203005
0.781335167441106,0.4739350073082392,0.6870322912636918,0.8839164385467205,0.4205634134021823,0.7326735351528908,0.9638416417791212,148.40507037323573,24.152241871758378,-0.45798925764378606
0.527714293370394,0.645120061088543,0.5202985438051254,0.7152338060018865,0.7465141289674644,0.6921573735161869,0.3627585386298778,161.17469361219247,88.9268723678928,-3.5953263192758875
0.4611557316090266,0.4231078734905851,0.9749090840801192,0.6720286307509254,0.8698899098926838,0.8880654302741557,0.5064111920740042,152.80516411215396,151.10667742716524,-3.4217954456921045
0.5461632662893035,0.421760608638644,0.9756716399070198,0.7175567449853435,0.7419184319080364,0.9603337635302064,0.7287666978472345,146.12188813224472,145.8590584472533,-3.6857186447680355
0.7730912585198115,0.8699315459197337,0.798528477978764,0.9158630609056828,0.5087058473897871,0.8602973358153003,0.4525817921840814,154.0625597695773,76.79822788840724,-2.2310016595111275
0.8076883151131906,0.570260656332189,0.6357209757556841,0.9615005531055064,0.6696991529471624,0.8669208221241284,0.9052927320411764,146.9698962063332,54.93768173914349,-3.840037009143958
0.5665804277205824,0.5019286933961018,0.5364723471170552,0.8673648607589601,0.6544239770104454,0.6404864314857714,0.7402726300443073,156.3257067466877,46.92096446836128,-1.7362564607238857
0.7407445970137532,0.8391228202703352,0.8609503442679487,0.896007276004061,0.0568265037369414,0.9421605037905008,0.8351978806234729,142.6150435562694,90.89903950172413,0.1254530903258344
0.4455673628937853,0.5535276498318357,0.6966896180234036,0.856902327266309,0.7504279896611317,0.913035334568,0.995938643176712,142.22302394374123,118.35548136455847,-13.0077233827693
0.5766176106444204,0.7170838266953741,0.6699784902126265,0.7214321027937761,0.9627863333529914,0.7360380870161761,0.7432539815021537,129.26912923813094,39.15168268459559,-5.668557526607045
0.6519818738986848,0.9534144786867896,0.6803368122229703,0.81842402043753,0.3257948261120004,0.6676024514138338,0.5063138611070636,152.9400900195657,47.76759572495604,0.9390512433858262
0.568151424235146,0.9803477128793026,0.8872735031645411,0.728658357225464,0.0224881275115091,0.9019876974260636,0.3775256422640848,141.63913031685692,87.89766109109323,-0.31765419251279337
0.6910064015354953,0.8154771924805282,0.5313782224833754,0.917413538509782,0.5566353259140535,0.6789424877660306,0.4556726405968616,143.54472149701039,37.6918057355965,-1.060623377527959
0.8635526271986047,0.4185299242636902,0.8699204691847002,0.9697927863153724,0.2934289490999514,0.664660864562262,0.4857660604531146,156.34734647997,58.770859908926695,2.661008809605528
0.6127835169293941,0.7373690272637872,0.6097579016643795,0.7003673362956652,0.583485318801079,0.8060046513146958,0.3262814176437937,156.58059215384668,92.04705967728259,-2.2992595909697062
0.8456172574183166,0.6865036708816694,0.5270365000078026,0.7728183116053224,0.2966068270369834,0.6625024764633839,0.9748141513130678,142.27313757265148,-6.986703853826825,1.3800478850856153
0.7524080128731233,0.4114802977956628,0.6760749039879747,0.6878298422803469,0.2088006783400116,0.6150184466818875,0.7382404870936292,151.7080456272759,39.21357378398211,3.361716370424447
0.4988427960395826,0.7492301013460214,0.940452317007865,0.8663722853167295,0.5285029845730687,0.699765387606838,0.95966119760831,137.51222359586552,21.914075982079133,-3.9355282562143854
0.9407520510016176,0.5602361538111931,0.9660000172959332,0.6944038009539101,0.8836378992602111,0.769805024978402,0.974371369619297,143.32133186253955,-50.25089514873952,-3.6072428155806415
0.5657012517911759,0.976840338740685,0.5549527121844672,0.6729390002985502,0.2824056097847729,0.7771011540259547,0.3942214421140608,158.83514889633284,56.109915679334804,-1.6482581893409707
0.5128108922939512,0.3950313069822451,0.7842729528106138,0.7494505637982636,0.8441954122355241,0.8588621655398463,0.6486787138411405,153.8790387489219,116.1428339528114,-5.819840710785239
0.6956089318521865,0.5959902254289169,0.6869306690301145,0.9159643072383232,0.1373109805764859,0.780025341707089,0.6702311302944837,143.09563700125548,57.368250938299624,2.206439574424157
0.702316948629779,0.681488482910125,0.6939305033936078,0.7412590876498655,0.4342255165639027,0.7275813162276943,0.451899141971976,154.39174655252395,59.930698087771454,0.8395207444601471
0.957609728087123,0.4344004793697175,0.6009426530509995,0.859658121399716,0.4112525434290737,0.6756106387439085,0.6149902832161982,147.7890778773457,39.09513732391403,1.537761188025374
0.7696809521248009,0.647572772828916,0.5394678035017795,0.8995576498925635,0.5114746234517129,0.9039156542311414,0.9463071190373136,143.59837930050443,61.345311945621546,-6.002904848099791
0.6041537299103461,0.5804832661841689,0.6110901099030235,0.9906242519502704,0.686787833076741,0.7740729805203423,0.9081333092144822,142.60340872561676,17.175789614408394,-5.714229773878808
0.676698675998416,0.5052706679250459,0.6918299136774354,0.9965058786818312,0.8561321565829507,0.8451809061642229,0.5809669022949464,149.18980289264834,104.62174417951842,-3.5472275431270974
0.938418622183445,0.5482861445189062,0.8174070979988166,0.6958030371115432,0.8284015819029321,0.6226488359961867,0.8920916793728747,151.90168087462666,-57.008643669677,-2.6420898115255307
0.5902321315216192,0.5650732582343563,0.5946853804969314,0.7372982963165748,0.2290059504707277,0.8663759876716988,0.9171806883333012,153.5457413272551,97.83376278439025,-2.980791618506225
0.9154447513146416,0.944686230769938,0.6425666935524801,0.8221019236883111,0.157373215509717,0.9378518963394232,0.6120804101715078,142.33886344241358,52.0544489550632,-0.4631696122141802
0.792130831885584,0.6232990768940452,0.7883531228257774,0.8165553936145814,0.6800901587928077,0.5825839871889021,0.3908816695119569,158.5985623235621,49.17780635746584,1.4576650700870415
0.4641567672354647,0.4994224614748835,0.7043174041403575,0.8074528022074674,0.4529801817445083,0.7893375763599695,0.4070429175259432,167.70245596525208,105.62347631807319,-3.036861045531425
0.9244090381680694,0.7669856119967,0.5677969007764475,0.9356236744486736,0.5848316847509845,0.634118539187982,0.5156556470126528,137.68513238328552,8.860712071119657,-0.1476985320537023
0.9944849010797238,0.4466571615215766,0.8020390989331813,0.9063952652647812,0.8728520418066692,0.8617802550986231,0.4864885813924586,151.8055364191694,56.69426191013932,0.01697117915817259
0.5196568134927259,0.683112285172327,0.9678898176266308,0.8049188574320298,0.650165822939271,0.9661622321755636,0.4509012866079502,143.2730113522643,145.31781236364225,-3.985952771357869
0.6175260049180679,0.9105469749802766,0.9121498665438486,0.8567704521707763,0.2447790516702988,0.9295985576527924,0.478894503055039,152.69221603019045,91.5463599686118,-0.5261483015415751
0.7220263755159841,0.8393423732884148,0.7795308620013448,0.6824634805634704,0.2137793943664018,0.7158408504694367,0.9220259016658144,154.1197457566216,14.799442012552632,-0.3086706061407509
0.4622667056763316,0.8164452680156254,0.787574785414638,0.7809752479952405,0.7581996865455297,0.9593410816629914,0.6238630606497093,141.3225402356611,141.65369532312263,-10.410507185744288
0.667554071963371,0.4981689237876809,0.8235799622518106,0.6883700930118537,0.7667916198375654,0.9961823901881548,0.5355549801535257,158.59963500864677,145.44691685571124,-3.517773314277812
0.7695782895647869,0.6959326698208774,0.9601097755493264,0.6933994533637303,0.1719028896099058,0.6000378954259248,0.4447298129184567,150.5896438753,69.57821078170542,1.7077481406717223
0.6951557918933466,0.9913562610118208,0.8223460962599785,0.7565018413538097,0.2080141818241883,0.6276646438497895,0.514809976659571,145.8993151326002,48.94065253530776,1.1244761295967272
0.9085375005144132,0.6569147231154064,0.6326007139976955,0.7382564815987436,0.6720866837719607,0.6968773473777234,0.398447177732511,145.79407562525205,32.844382924691544,0.8916973070135801
0.7096013212616933,0.4655408037702654,0.677909661338171,0.8251923256197489,0.1342495308063014,0.8083500957068933,0.5600360101777215,148.98784551545694,86.26042478319111,2.4193867227530097
0.7194410912099989,0.8899638809418784,0.6004011921778699,0.814399094980619,0.3556112926689794,0.6628377303221181,0.4992501438793649,148.61732664979294,43.16498096136563,0.923785857132216
0.6634878622880975,0.929694015193181,0.7274387967458793,0.6943428002923011,0.5800916969983393,0.9773052267722298,0.8161171238837345,139.84563529680563,71.69865618910498,-8.15113039993907
0.6115326644627906,0.39098388265324,0.6257944234278365,0.8674430468703231,0.8233572813796285,0.9019382249593196,0.405913199271833,169.6731289387312,163.8156373828919,-4.54893524242101
0.4376811888988055,0.8350656790380507,0.77997476178803,0.8922860245596688,0.3990724368160881,0.8324692417235562,0.3984660346362749,162.10854466165398,100.21017091048515,-5.115202688932784
0.941704548962405,0.7359285860149738,0.7710120294714469,0.9882973294634912,0.658647234768537,0.983221708636749,0.7237288083957963,140.68943159854598,53.86916262320908,-4.232534190631641
0.8028922119816799,0.5545268980046494,0.7509168483231106,0.7677151993200658,0.8981456657221063,0.8885907492601487,0.9444458331354816,141.76619524492614,33.08889194903831,-6.469852372667071
0.9022958817948796,0.6047439628458333,0.7479777303541214,0.972521110811562,0.8553652662100995,0.9740685473571252,0.7693167117037938,138.94619748980946,38.481526557904566,-5.695108909025028
0.5899744784953259,0.7361593622531263,0.892281896130391,0.8993500219955144,0.7153766540357651,0.7843388356812875,0.5346378213276718,143.92600366142273,66.01199619250035,-1.4237789053849008
0.9977451792936456,0.7438644274020489,0.8528157892373771,0.6705757055168952,0.5287451127867538,0.8532758446302453,0.9645089990293452,148.55956046141176,-14.304551496708768,-4.242847022085629
0.4855829559285363,0.6210162675482056,0.950132691189894,0.9901075220282228,0.3978926119184618,0.9177306680109124,0.410456812605602,157.79105075744232,113.29009654572707,-2.6449907527582566
0.8739377021829484,0.8101756950422453,0.952094811771962,0.8395945591706451,0.9127834990412176,0.5742711132413469,0.4961482203499099,143.43942862408164,-12.138410209323709,0.24292060653361447
0.7558351167012394,0.5883409374739448,0.6187599046919807,0.944314076768938,0.9206050988910928,0.5863379115813854,0.8231746862908548,136.6070565985791,-43.6773801129539,-1.8854242310471874
0.9301859398413004,0.7846268915847157,0.6197664952661955,0.9750331605164704,0.7670435391953186,0.611086499631402,0.3874966730811706,138.7996712815746,-10.851730363502284,0.17232028580460934
0.941876726957276,0.6556546059481249,0.6880521887332092,0.810503569947018,0.2545453374649026,0.8148794993343202,0.8533045974844155,146.0323792987004,11.945588612487825,1.5329309878613664
0.7808811996363155,0.6280350472123533,0.6558165714785584,0.7425819561542629,0.5220261808468806,0.9954590921112928,0.806252484631796,152.10620943030094,91.35671289775283,-6.437359951035673
0.6287477212200573,0.6374187548128889,0.8408878329436209,0.9539743576500772,0.6283776827366514,0.7967359222862579,0.8445106394621374,143.47330143901735,21.675566561630205,-2.838195915388579
0.4633359929774047,0.4343176226235825,0.9682721541581044,0.7904421929791606,0.2793184477076814,0.5893271090996622,0.6257538661402448,146.03034963340633,66.44756399115609,3.5841296747720657
0.879234045960722,0.6232730668785214,0.9684673299505976,0.910333282452318,0.7780745896567727,0.8677708907335724,0.3182790474150169,151.85018030919846,85.59750232097059,0.7016138739896127
0.4940963679040657,0.8898265471825271,0.6085785334709216,0.9092047505549702,0.4252376917105307,0.8042967373818003,0.5913088469383443,154.53172706393994,82.04084129597211,-5.337709294795172
0.5265020370919612,0.902855015597808,0.6666916354104969,0.9466906001458066,0.0260366876399756,0.9584820188716988,0.3700675774397098,162.38043827527332,114.89384433968274,-4.416290824773421
0.4839887365455913,0.4425515294007416,0.754405623438051,0.7546968345481573,0.6190443445087911,0.8531796658140509,0.5486273973474449,164.57091505923967,147.83589387443857,-5.127822547431748
0.4428539137199017,0.6856384112813603,0.9929302844946292,0.973272123543057,0.0078154848448121,0.9075012843075496,0.3399727624317535,138.51403171126825,117.66318694439876,-0.14508968569572822
0.4578822034143012,0.4575048994998227,0.7147707794193677,0.7693870424171264,0.2689578089200125,0.9496690092421636,0.5331597487053528,165.21936701590047,143.4150771060357,-5.082747439438098
0.4863705780124993,0.9763755404544288,0.882951419055779,0.970968293278877,0.4401700551402142,0.9423341911123846,0.7851492233135684,139.84497709133544,96.97628434526098,-8.941092125800306
0.6896715308655255,0.9569270268497004,0.662874336408813,0.6985463813947573,0.4964935069572911,0.8532907877670116,0.7558895336165794,149.4518722697383,27.32725487341988,-3.7811797580199187
0.9443948298129204,0.448182776118046,0.8604166488434595,0.9845049952937786,0.2778216993545243,0.5745117212118925,0.7008545206177969,153.87507087031895,11.249598640310992,1.4757851495628067
0.5559626731431263,0.8332907606245525,0.8397991578726711,0.9901292821334448,0.6111467231283746,0.5852513861332743,0.7917306964692663,144.83749719049496,-14.823940975229561,-2.4406283136007336
0.4300998903455832,0.6040013837357692,0.7556829092111361,0.8429440190899817,0.6244965519922678,0.7527233444050998,0.5045816151687962,158.67829334647712,94.22981563901288,-5.634369240683173
0.8744036853918626,0.7542467557963137,0.5420467273499436,0.7865961903659748,0.4142084915419164,0.9853315717419926,0.7960122124099457,151.18626822675355,70.34302294317787,-5.848331532469861
0.5090370682165262,0.4120711835705871,0.9880446021464248,0.8449070008236785,0.2596503440713137,0.8850450576881026,0.3659634247883905,150.53109293705916,113.27785477215897,1.7757747995705224
0.8008706444998858,0.360567699219447,0.7605088935816504,0.9779541006228332,0.449029814230683,0.9273062778447276,0.4214885788298211,163.45651408065444,103.78337196645145,0.2420265827954915
0.6226451057551682,0.4655876761116452,0.5027039000565312,0.6905990002623104,0.9662656236565434,0.6607923659389106,0.5669829090925433,138.56447024856698,78.47333458409783,-0.5391044660998112
0.5644837940752251,0.5110371780880816,0.9929077259603526,0.9939147440521698,0.2343734766755785,0.9175022211309576,0.5030964348034458,146.25718347695584,96.41192878186895,1.006413252852779
0.8267091579589695,0.7116276496988381,0.7169394769124927,0.8108170436353919,0.8134771066479172,0.719056862133753,0.4391924952396041,147.50981450902168,43.90101563027922,1.5926130625731738
0.9465227133676816,0.5231565736421064,0.8067465915187847,0.763459786355624,0.0852516370191599,0.7211778176904768,0.8504452862941092,145.92364954580478,28.808131473062023,2.380420318751913
0.6002125290005029,0.6648706411274363,0.7878837868084423,0.9329550014398628,0.9611438373184557,0.8513527970151455,0.6848006544942705,128.34150227287824,60.6835491018048,-3.41455235926353
0.5956825461055146,0.7190203586659544,0.7217433107880986,0.8836403762150756,0.6767835676998689,0.9170141365830806,0.6277184691060489,148.21940268637238,121.57639379267242,-6.9265924810723485
0.879877889093859,0.8120164567476975,0.9068996110315544,0.997305242833637,0.0361373420985318,0.969853343614944,0.9490134917497136,135.10228474158092,55.87992214712824,0.3097485978746697
0.896773329882897,0.5669111440258642,0.5952178138052587,0.8566621229819534,0.6296132688320945,0.7091733713817927,0.7118669022454764,149.59235989579406,3.6506152376978065,-0.33828474048384005
0.8768435932460759,0.9479787798434772,0.807592974113513,0.7457276033228715,0.3418395953512382,0.9201942787973252,0.4540892361223419,152.41364648941624,41.67931455910267,-1.4010106603560328
0.47477990605501,0.751103544125713,0.7431639925577104,0.8016037319991951,0.0981747624578208,0.913877990891321,0.459441070896417,162.45939527904034,120.58649333907384,-4.582864195388071
0.6759446180768942,0.6926696203040541,0.5025278687005311,0.780586321340322,0.5521687432327388,0.9839162534068664,0.6528140224193466,154.76918144310093,124.71483803964622,-5.937080597920916
0.4757642972526688,0.8973374706249093,0.8409480686350448,0.7327887110085799,0.9075510181761244,0.7779189422735919,0.9043964471366304,120.65187532175435,-5.659142823650683,-9.33185023051065
0.4900536679085896,0.7298848411550207,0.5685565593342259,0.9440274689394732,0.5543339621128491,0.9838129399899074,0.4702534695178902,164.38822151450398,167.4018751387768,-10.921233988671958
0.4546079001606651,0.4655516434255398,0.6005487111939686,0.8810266323518734,0.4021745651648355,0.7936342621246029,0.9256149653235504,148.39786352670242,71.40514971948609,-5.50171710689479
0.8075881742985558,0.9777575310713678,0.9511444359936464,0.9180891123873184,0.3588768915960375,0.6785737265944647,0.9125681802312622,145.34147712845683,-13.161354694717573,-1.7232301256242404
0.5878684515841641,0.987895201673318,0.6560438975146404,0.8819952923429002,0.2914119222415853,0.6476288710707219,0.3243846777521624,153.751729762031,61.15731750003395,1.3279910775927322
0.7572771945661945,0.967501220307988,0.7109988706229866,0.7650951690605505,0.8195387439161961,0.6102131938063594,0.880409494479886,130.46764187929153,-74.42855254109882,-4.338953750696071
0.9147570142665188,0.6725301943410897,0.7988839735058444,0.7700166130015568,0.1046452624691296,0.8592876533946521,0.5132433983576373,144.81240170150372,59.659362555952555,1.3494797749746397
0.8034224292336993,0.8980188471901249,0.741145321939868,0.743530054602523,0.1268758636640736,0.7160394750977302,0.7223191816381357,148.09969122207448,34.72468709897598,1.3457385677054612
0.9971593470843498,0.4036955106314516,0.6709033720989747,0.8049683030151273,0.4917516584688572,0.893446890421834,0.7998295796792662,148.62642843513834,42.754738966082144,-1.4422251868248201
0.656899261135334,0.9444301643548272,0.9603494419064746,0.7462044617025021,0.3935225190550889,0.6371145403770264,0.9920357665014946,142.1122913872795,6.383412112851062,-1.838857420669601
0.9440162813905206,0.8867664946303184,0.5304122970104851,0.7623605185439867,0.8901970920633439,0.9473084783917228,0.8891888994635507,119.17164648472291,-15.116343506719005,-9.205615625423597
0.5001149543522769,0.5954163353266412,0.7944211476130791,0.7952945937939975,0.5733318916215913,0.925594855682037,0.5956934649740986,157.04357112727155,127.30836164684216,-6.431803632634354
0.5752091400671989,0.574251666596048,0.5607675029998376,0.9171220723026008,0.4562257353967326,0.7327454336801582,0.9298203958959784,148.18584346508365,45.26112438623543,-4.720421561060304
0.5407342793515799,0.8402277430656038,0.9316124308081932,0.7133534212958114,0.5150961149194697,0.8573209230799096,0.7188061639634837,145.51438500216594,72.66526527982455,-5.2155025940450574
0.9406152220404752,0.3642421811893912,0.8373327326810669,0.9246297466082662,0.7908256773283466,0.731895560787567,0.9511094483199644,139.16117696155854,-57.3982307213999,-1.818626591635427
0.9026927399229412,0.9346466624253016,0.9418557645168272,0.7685068323372711,0.3150643059988139,0.9340702623822588,0.4469333861884936,146.51202944301193,44.54748515052795,-0.19840373055655913
0.9117659214818776,0.876447563538703,0.7263056173500091,0.8429867733390027,0.0123998581562508,0.9037301862493036,0.9693289656779998,136.75928206265314,49.62170769637893,0.9948525879820753
0.680688366934795,0.8614168493462897,0.8807768521121428,0.984815094889713,0.0990859825584375,0.8199049706152909,0.4477426092876457,151.97432491707593,68.84069194499759,1.0388833983983372
0.9119274251465193,0.3908520415306339,0.7626262570612705,0.7641275010973783,0.5932210908194515,0.6062636864555611,0.752708029220039,159.41816085606226,-10.706902906326533,1.7171921498652853
0.4767575248537056,0.9266764111837972,0.9421341345339505,0.8292803003598941,0.0364493956622053,0.7320294238725524,0.5810352855311023,135.58121449820788,64.4372264338849,1.8056095887203565
0.4330935803215113,0.5503326346644333,0.5027390261789971,0.9398299264698072,0.402701451673226,0.8139057153626071,0.8182595183360082,156.28915611641767,95.97773645974524,-6.256939138983255
0.8267175361399668,0.3851840098042025,0.699591151685173,0.8587178379390102,0.939421663107666,0.9725817080229862,0.9907746417950664,130.8122774038134,52.441986680707146,-5.555605011372334
0.8139856308179871,0.5155031475565797,0.928758371985784,0.947152865036712,0.2086144346241384,0.7733327279621244,0.8658156151827167,142.69136234294993,42.262970390832,2.252089127815156
0.7207911991459564,0.846093599950689,0.6660945618129721,0.7108367127688279,0.8805974963106367,0.8399826204251534,0.3170938035412106,145.1723960360917,91.3092264054323,-0.16995181668749537
0.9898833438138708,0.9837974790152132,0.5542764119699009,0.9718072455877432,0.6865738830519726,0.707018243473984,0.93883708081012,131.39700239350407,-107.693074403959,-4.161486147671116
0.4713351517896353,0.7872699872514242,0.7687345384611389,0.708391686859779,0.6100132599513132,0.8508135212386496,0.9449538974186664,145.44429904057588,58.06583615283828,-9.68573343637782
0.5275925936709486,0.6959328734597117,0.6302098080541096,0.9183491830570596,0.2587855561337623,0.6199060944981165,0.9537517738375574,150.92247029045737,34.3019258926644,-0.5332613511017528
0.4477685012837041,0.8615147980655724,0.6403320515608807,0.9033716948275996,0.5311706163526846,0.6646569939431223,0.6448473079920035,149.3569106150925,45.824742194624356,-1.8218115234043277
0.8529662121321637,0.750352040243349,0.8765079596678811,0.7857330881532335,0.557488367843922,0.6998366352430077,0.5286719017195614,154.31097188422132,44.20560731561805,-0.7235011016291126
0.6722066749842476,0.7375542361315168,0.5632169837023722,0.8885590600230819,0.1198387382277546,0.835823866968517,0.6322118159565261,150.5760535393777,78.6740876283908,0.0782728233756782
0.6792466217703591,0.3743865647846508,0.9771444006568254,0.8026198117102554,0.531192645314464,0.9892683542803224,0.4189662182380267,160.00693265048108,144.25618943674363,0.8123155718166384
0.7401562156527445,0.9929339765647768,0.5960341904844507,0.9564646477447992,0.6946972646639894,0.6721721896498434,0.8646902123642846,137.4869162684997,-65.36585406824328,-3.7433132396764606
0.6836781976543608,0.8542877597511294,0.909497758814512,0.6727275761500483,0.9390146581217992,0.591733036624878,0.7488328831840565,131.97840793587474,-25.715670990365,-2.4873930734792262
0.9633642521677064,0.8725983886589106,0.5569809214577067,0.9184636130895956,0.3491517747310357,0.731099735523794,0.5240381846304043,140.7693939551339,32.5159413106138,0.5098060001167664
0.4955800791452436,0.8069353791366448,0.7068206370564438,0.7631511410635861,0.9621852731688504,0.8203152788158066,0.4254623852419826,140.18954633692405,103.99541893419317,-4.056469649872266
0.6620590741983302,0.4644206157264386,0.7706270834896236,0.8256262953453621,0.8903491821035281,0.7377546743196066,0.3739883675778797,162.40949546339732,111.60202664963657,2.681446092493796
0.5738396955705487,0.5023339199803675,0.7615204849646584,0.7335623180018676,0.3181083923733457,0.9326576636133824,0.6204793017867262,159.7253979869117,103.01563846499211,-3.3461434209843586
0.699561700694199,0.5723232321775119,0.8611260987554272,0.9779667027866256,0.3863821092939534,0.7014762028746206,0.3419623013328009,165.42764263747907,62.34267388808579,1.8885747127786847
0.5419412303518227,0.9024867627867216,0.5641444438751996,0.8817923215291639,0.4704649759281073,0.9342984724577216,0.8002817937822182,158.40290861021424,86.9316179418754,-10.78091645211654
0.6361474428248968,0.5448912197796404,0.8343629061947675,0.9482803760630664,0.3021529822152038,0.8622671422993378,0.9934553925564052,142.1530187753976,73.97797189813186,-0.7549276379240686
0.6641256345549427,0.8923842985150225,0.5772055296100834,0.7689401001599505,0.2142582547773965,0.7234710472489009,0.6190147715467671,146.7986358512906,45.18684497956442,0.5680744321583613
0.825490969130225,0.969328204266636,0.7195688561603959,0.8796852898226029,0.3147780647472591,0.9789255225421704,0.389358657951048,152.19885524424583,84.39217060061682,-2.843808061625574
0.5607092681674626,0.479242453452865,0.642768293874622,0.7048337679716867,0.587195349186671,0.6909584137684429,0.555541396939633,162.56170160316216,79.75520165166938,-0.8269070277629001
0.7533059861527147,0.4923702578433981,0.8210756495246261,0.898275714405933,0.1450733017095417,0.8706342535194037,0.3597915657996362,150.23773814878342,112.88236771647621,0.9549176061915365
0.5047968784366972,0.8370741032713209,0.8597160453447124,0.9908818645376656,0.0144252584670216,0.754420139018589,0.6077516962123144,140.95550244962112,64.36789308578426,0.7680566611458408
0.8297253064812758,0.4579799899215465,0.514109419578517,0.9238152592905176,0.7688403167379331,0.638439644740154,0.3360274202889703,153.84683899861494,77.31621599282988,0.960819400133587
0.7897303977876569,0.5872626349693322,0.6036568862121571,0.96650462358644,0.459082890666841,0.8180986696057537,0.8257774926493798,149.18125054903498,43.040094046881464,-1.612275061397361
0.6408515538685519,0.9321074175059264,0.910265900195325,0.9385879915477526,0.9056937268721365,0.6772108134141887,0.9371515156783482,122.62494382430353,-65.50012461017492,-5.705947844534867
0.9202509986513384,0.7011992796634794,0.801643529091532,0.99245947791017,0.1308008652650919,0.9304243308453524,0.3989451692307414,152.1941862631401,73.77869080159874,0.42926026311748355
0.4831838122437736,0.437816110796713,0.7501149511904334,0.972233448845992,0.0743693080486706,0.7732086986471307,0.7708401633990442,147.06899880635902,71.02450400441985,0.7204094564351831
0.4332595182923585,0.3889436668343199,0.9890048245253004,0.7757871146252366,0.0921769483130817,0.8831034775390882,0.5484025445781806,142.2951538991524,110.73413011783063,-0.16372129501330956
0.8250624059057127,0.9261083728102308,0.8029670161540541,0.8127438004126758,0.5417349260534711,0.6162563351199956,0.6766752454802094,153.74956859206387,-15.128552176466997,-0.65224197518606
0.6776120861373167,0.6849918592210589,0.8872862938403889,0.746075174837056,0.8371000328519532,0.6724858770664289,0.9403731083074764,139.59011216153922,-29.407510192728623,-4.283027863565355
0.8839377488712636,0.7577704404539468,0.6654104462601369,0.8565398002744244,0.5108889977552034,0.9299979545119272,0.8435961736037287,144.02682125068242,33.202469027135706,-4.984978579976822
0.7945344629069165,0.4440401814287517,0.5152561831987615,0.8974813040661842,0.5556215412397009,0.8096267460152236,0.6510205659752004,153.57001947548392,65.19094509918253,-1.2518790232828456
0.887668820144945,0.7793265716311398,0.9561659236125796,0.6727309673955958,0.6702809897334231,0.7698845400784182,0.6780793498874309,144.1791365045257,-5.381422414215258,-1.2986469401415084
0.5400535522336238,0.9909275646037146,0.6056912090255574,0.9416466223157478,0.6223430905618464,0.635493117733457,0.4319050453917634,141.34572593415717,30.218120010535184,-1.7942566835979497
0.5984979406582185,0.6688965109562472,0.903556451495758,0.7763853659517407,0.1529803207480529,0.9650132187481189,0.5102064579697847,150.1552546509741,111.81655176022207,-0.5078739128948644
0.6503883240703632,0.595140269605009,0.6332569970724485,0.7034577254846812,0.1621756409936963,0.7399435240937766,0.9123061925743096,150.56816846009818,39.15189894260351,0.8465301096079219
0.9808370153391294,0.6625911868009866,0.6609696280201324,0.6830011338270038,0.2338939527657562,0.8440238495388869,0.6008170635827634,150.20413531487333,27.05614071798837,2.5966859492381937
0.9026583299113612,0.871798727070525,0.5208660929097634,0.6853698779965008,0.0998052891147253,0.6281637077334519,0.3390152661883603,139.89762127303453,52.45946523729253,1.123052790262316
0.6641280921480645,0.8530573932787966,0.7983683803907391,0.8935970495176853,0.3401533353523521,0.64904058035242,0.5800091281228998,150.70974069330526,50.56851314442082,1.188946012315668
0.8225237755912824,0.3963371229217645,0.6977111694347371,0.8383375796088852,0.704920771098768,0.8878586805153996,0.4383341601339133,163.99450768571103,124.61519831384588,-0.7366255048129755
0.7572735566840681,0.430430274146816,0.5994330452676051,0.8967368712376955,0.8155670534707256,0.6816302419039459,0.58110847709848,149.95555493162172,64.83303517250525,0.06823269715081026
0.7633809757284917,0.7963100104706209,0.672835802461866,0.9042790700987486,0.6167967057308129,0.917382928433971,0.4607012041093791,148.66203945236163,86.40108281156452,-4.085699285411864
0.4625830060688506,0.9245221656346831,0.7919446253676419,0.9831175112192214,0.8481426698038124,0.6762623502442859,0.8900659086649176,122.24943825407614,-35.13508631343157,-6.949920081172091
0.9547631272620848,0.4681483768590037,0.547765461654204,0.6875999292477618,0.0366749636562792,0.9485403441241356,0.917240485931704,134.63519345886928,42.7190737537309,1.538997056492379
0.7774480169881437,0.7540337136950049,0.5113604374997036,0.7159989097276046,0.6566203769719964,0.6276649463027199,0.378022181637861,140.2163184095757,38.452836417540475,-0.10820700382425419
0.8452587694581051,0.4396057446245363,0.7688236019236474,0.8420967072630317,0.2172047353475714,0.697354589702569,0.9664733684018586,152.04424903424234,20.137770955007603,2.5964263159653758
0.992344995766852,0.5631744226873147,0.5764645618734138,0.6975059140358723,0.4294516245313656,0.7332252814204367,0.773348262692156,145.86997852935423,3.4909174308767135,-0.04816239045289583
0.4821232126116428,0.885819068154172,0.6567975756484253,0.8544473754392126,0.5216494597149742,0.9355362851084924,0.9918605473277504,143.79461890616346,101.59993058959343,-11.933700692321743
0.7753820052744218,0.630525885702546,0.871382352999861,0.8439706358057462,0.3418607171746615,0.9596710218613308,0.7270498354809849,153.14567498832227,103.73133901890844,-1.4992906789298712
0.8677724063726416,0.449875468726459,0.6358945108826477,0.9026428989760414,0.8284326906623805,0.6875115583381334,0.99541400927083,141.32021204298582,-58.663912414079334,-2.828443964949243
0.8516727327839733,0.8615173746798463,0.8926597581239093,0.7728256832515042,0.920033034182226,0.5876088966207477,0.7855996797573617,140.74284907215238,-75.99806879256391,-2.7056131044299745
0.9452693840593988,0.7984400128794061,0.7157208407998681,0.9538105006341432,0.0515198773073667,0.880827386061023,0.5304612895649208,145.38602804786893,66.24680089506113,1.109928530194796
0.95551746775616,0.9263902469378872,0.7445173720098035,0.7502045046144276,0.3140157468566832,0.9818024769488092,0.4403061341008975,148.4585284392114,61.819963271855784,-1.7660132517963232
0.77354067832464,0.4114106622044727,0.8846177883975359,0.7477854252901149,0.4790042714318121,0.7424827724139595,0.9935548712152484,151.2258499044637,22.637016117039956,-0.2690191279140648
0.9496947998246368,0.84669319119491,0.895249278699638,0.7880673848495684,0.2959108553216236,0.7075111887494935,0.6287036119541041,158.81943125523745,22.294732193336202,-0.3979607045397566
0.9552948454297522,0.584723128258279,0.5750926212707779,0.7263074639500855,0.2984033843331745,0.585303510342212,0.52933722509323,141.30638991255154,28.321040768471825,2.9206431734875498
0.4318734009142488,0.7013245386212883,0.6985429412266588,0.8279789467631657,0.6013504058595407,0.8588528669659861,0.7289679664718522,152.7353132804569,118.19447806115319,-10.658689184412188
0.5728642847064409,0.685225197158174,0.9312538460187796,0.7596460618548369,0.9128069936651728,0.5855573961516745,0.4790150460803885,139.84065878314877,52.8821021096854,1.6549785168736526
0.7830763601560999,0.9417705657195944,0.9900139341134324,0.7558340214528124,0.9185643968579406,0.6056331858786724,0.6465990105743493,123.82459507824888,-0.6746445188106733,-1.6857788326096959
0.6047167344134692,0.9339315369028722,0.9906942394863212,0.7414248627453328,0.5249051832102312,0.8764703886812162,0.3239649836876463,143.22266759042932,100.8412960215504,-1.694134222915578
0.5567734519475208,0.8498368102721301,0.7669835221951079,0.8025387136726754,0.8411014242872777,0.6570572623169513,0.9952095717356017,135.38604352566506,-44.287295589258335,-6.33352894358081
0.8155263879514656,0.8007058388912389,0.5280402229823167,0.6843979039651614,0.7062633251736007,0.7853980840885892,0.5225855919638364,145.06541459116417,38.26144207615548,-1.5154745010485664
0.6104866655768648,0.9662576991710085,0.5607625414042998,0.7002632473975363,0.7748022480744171,0.8008733197918829,0.707068579929523,137.14737954306656,8.784320457161904,-4.681029129539333
0.6392893203423152,0.8284253304415072,0.9951539697392678,0.9111386087948452,0.2296006187084481,0.9310211833244528,0.3488185236705884,145.64768672505858,104.31171853547646,-0.20631483463776834
0.784254208085045,0.8510991822593458,0.972911821113884,0.8086556333043654,0.0400500628020068,0.6441754885615033,0.33342855065351,148.69320498251594,101.8710693061685,0.8708007120531955
0.4861452805023056,0.5409002391912561,0.6203684446920207,0.974166471708703,0.4965465367124868,0.7348167691457311,0.6071004922674414,157.83019937207303,84.617514988785,-4.611720504008464
0.7550488947078213,0.7713177377847146,0.7017949121705752,0.7159256368039544,0.6135207987170046,0.8880999503748668,0.8643085118363665,141.08560248211413,39.95472077156724,-6.381883197516183
0.8926315014374697,0.6679469232220817,0.5503625058260826,0.9425383072799842,0.1186898486902253,0.8698582792422513,0.6654790753688997,146.65256672036864,75.952480087017,-0.5492070500318575
0.756985553905014,0.8586051670239128,0.9161368651487154,0.898028566914076,0.905254752493824,0.7017274931982781,0.33036747823694,146.7233520063874,60.70707914170827,1.9966024370743258
0.5714805806942096,0.6857215343421799,0.6603807442335514,0.9098070002049068,0.2233050749198289,0.9665812352440158,0.9810046455061184,144.96914439634006,126.2606473258371,-6.089292040645045
0.5761679206822842,0.8122788822882407,0.6729059995906814,0.7026528864813487,0.8217729904008463,0.6524511513081803,0.8086241341698774,142.51352556305508,-13.831885341334115,-4.393424504332746
0.5648258505396062,0.3846905062270872,0.7824106623549976,0.7538342000028655,0.2027335413681881,0.964315839744782,0.7941151037795825,153.02861501614132,118.07102925853755,-2.5233189948931614
0.812292549143977,0.8590981969521871,0.7295920385964287,0.7281605003555053,0.7530520366836156,0.6222031457601993,0.931469762648275,142.4086514184617,-68.20688348634555,-3.5963798235421764
0.6679829085280707,0.9263853045143196,0.6658420879923277,0.8002375965492206,0.4366976436007386,0.7515613270861683,0.8593767053953874,143.07358841745167,13.21707836650019,-3.5737870896947763
0.9169723665583224,0.6285211754239528,0.7638887139177635,0.806780695837318,0.1096482895736779,0.9666041987347036,0.8255676692889032,142.49715537217256,77.80747848078109,-0.4175618239415362
0.904120841208699,0.8678779908415593,0.6877260841468549,0.8290336865610386,0.5951770190726402,0.9608337765631696,0.7414030689420583,143.20215207799097,46.801446491200934,-5.29304048538805
0.9556224462345178,0.3726792265797015,0.969597304863183,0.9040360680292984,0.8450357314894064,0.8690352088632987,0.9454562541743954,133.38869022924925,3.0186384506490924,-2.447952047486157
0.7907426443334166,0.803891285295676,0.96326357131258,0.8538234532152723,0.8565468730049559,0.9591391805285304,0.5581190048540748,127.07362827748476,104.74769619863227,-2.634930456479277
0.6193214048403592,0.9126663772059336,0.8247510333599158,0.8699784766900623,0.7733398152117931,0.9547158081158246,0.8121731412182138,127.40570345375994,65.64219857654453,-8.555978297452699
0.4944935403236488,0.6249439252874218,0.535913931740475,0.9366823840051296,0.0945420911997497,0.9588115613841016,0.9770097592493296,149.20513963398722,134.47969280529543,-7.25796137817912
0.7970763104636167,0.687174270661943,0.5428719696637557,0.8490280565817554,0.9154800738606534,0.6733245776756078,0.336008622910467,140.93146302111816,73.45952729126961,1.6696044865834572
0.8900220908725296,0.948880622507542,0.8705549825312435,0.892476120683778,0.7239995586842275,0.8400932681211049,0.9504430049069548,126.49770841656903,-69.22215368480477,-5.389883127116889
0.8400124395726257,0.962645321568774,0.8969610064643232,0.948819673696378,0.0033189432514259,0.6072145692317014,0.5261288359304377,146.59956187281622,57.61174591333255,1.5411766046192028
0.5284382073788219,0.4142708351354965,0.5282561033962623,0.85993898343633,0.3747553611036783,0.6194136480374706,0.5584537567677293,158.6693294125319,83.60716322610476,-0.2289697605280192
0.583161883588774,0.6962067822186335,0.5745705158943497,0.7495030790374535,0.9846819068355244,0.6782700349246047,0.9451943972337028,124.56533379000993,-19.724292520220786,-6.730809835009708
0.5777134487284137,0.888373980435023,0.6339102035283701,0.9459126630482736,0.812071747011104,0.7987535079826688,0.6604887393536459,136.50517848165077,36.617234552001506,-6.942719268551825
0.7805498817714406,0.9137955474461616,0.9052807597609528,0.9922206431767496,0.0484553568422387,0.945689630095575,0.858314052309538,137.2363318824826,80.00963729274824,0.3388760295983082
0.4834291182573721,0.7308021943184523,0.7217374035725755,0.9296270540819777,0.9539246022368062,0.7589462467851105,0.7730100239514905,126.37864614100516,36.20325098259576,-8.139765939539956
0.7399514349702019,0.7913786208185385,0.7229700294367465,0.8543005317798404,0.769458442879896,0.861063732183631,0.4668506314939987,146.3451075802568,79.05447042596512,-3.2735963395070424
0.5837278556983923,0.7631175491654165,0.9129793340764568,0.7056087281383697,0.9700393277928646,0.7480087637806005,0.8346615985416787,118.06166521463788,9.276685803838106,-4.522905875258891
0.7081071657875841,0.5412650707974928,0.5949882166001956,0.8330259995806345,0.6917158460473275,0.8798975674023649,0.8644402099695218,152.16910946008315,73.41483343502404,-6.522193294726405
0.6762285113827609,0.3543567258323787,0.7636820781856815,0.9004053354928688,0.724125309077789,0.8744506951051454,0.4583700874602984,161.94027613486534,141.7682937819551,-1.4483187243535924
0.885897361363444,0.4958677786415701,0.9803877591555268,0.6731985165929832,0.8251908730058625,0.6244601443519208,0.4832523769540151,162.09652053784873,50.61418657184092,1.6333950283829402
0.4950425219278287,0.423979022636363,0.6847085066867227,0.7048048246004389,0.3365571136261748,0.7353755770454241,0.4618165702913273,166.48238569028348,76.1426922169399,-1.2692528016250768
0.7456408612624675,0.5595148520578374,0.5238946702619262,0.8066952072282821,0.7557714230044741,0.6819653430392101,0.7367919408640273,146.16244464779726,4.817191356205882,-1.1130102226028948
0.732510214332444,0.731701770304109,0.5996535681323059,0.849758217566639,0.2948247830642743,0.5931707461665886,0.4046922290717497,152.07704722846404,44.52545283869942,1.9529134140072029
0.993283328566796,0.9488992175177168,0.7568600143039614,0.912552493762621,0.7661174894043533,0.828216018370044,0.4152449829721812,132.2300180909201,9.88594308561553,0.4577667442639486
0.463426661963329,0.5420105525897692,0.5299106583868839,0.7542806726789033,0.3387641492630108,0.580734024662527,0.7341718484856512,158.47643375841352,33.192355643743426,-0.06566766917211253
0.6667185359452641,0.8805374541948179,0.685666418307044,0.7549807990863793,0.3172321383069877,0.7630970629401442,0.8291096877525392,149.27570278552858,34.82573667520672,-1.0962094086986447
0.9641206897529508,0.4403064150030269,0.5962710890974608,0.9454931212559718,0.478995963975996,0.6362059575356911,0.530894314561062,150.60131520994847,48.48430294267192,1.3607492625132678
0.5274892745155334,0.7005605690407024,0.8127810801840971,0.9731232173223006,0.5212584081934721,0.9383525802995768,0.5747412179071762,153.55863487118125,121.81888157652688,-6.0348716933054085
0.5180135995857376,0.5427609019362274,0.5826017084742291,0.8270441903733383,0.2494883785879483,0.5870279213715741,0.6189593594958549,152.83005319734272,62.06269925981905,0.9351002227567822
0.5253970294527337,0.9889680359412568,0.7967969014585445,0.9692955626348484,0.783056858628471,0.7557184657407067,0.9975479169175384,120.52589689080281,-40.14303177709442,-9.396442350940251
0.7713063994750583,0.6869970510949615,0.5497467986497224,0.7769429306515059,0.2753248801380445,0.5982210909749474,0.5751072691232049,146.41568626929464,41.447885995763706,2.5962732828766057
0.9603440851365492,0.8250497759301392,0.5256824861601321,0.76333051972655,0.1652662425589163,0.977693148632099,0.9087530363327272,141.36591237573998,41.65191919977697,-1.5693737414846525
0.6878391277710885,0.4091089993115326,0.7327881254431047,0.8038103794626676,0.3617297060352344,0.6160892758284322,0.5297400448190093,159.28082792618073,64.30951035345176,3.213472463318599
0.4410081912730199,0.9356575921976252,0.9261899848095598,0.9697427902559226,0.9895157729851952,0.5861451816835633,0.3469320414542688,113.69013051534102,43.85126478762446,-0.036917131510649126
0.6233992492073447,0.4871613690102113,0.7844842227810287,0.8386281697315447,0.5698254020814163,0.6277466630138958,0.4524368219781455,162.10102231586836,72.51910680282202,1.978990763389429
0.5737611168261012,0.6736220468063983,0.8662547780299923,0.8526765933106011,0.8243410227683906,0.8488322622271172,0.7199787809922562,134.96027666078209,61.77403917359391,-4.9444776523754435
0.8161934195168192,0.98844586594892,0.7335770369504372,0.8126839813120654,0.545291827215331,0.9740165018976834,0.7843350343866317,144.60389445175494,62.4151294253493,-6.401082028485319
0.792590218332557,0.9284225796254156,0.6691660804527186,0.9840567037373472,0.785053340003817,0.5863966577191938,0.6136787415719396,130.08751079644856,-34.407262746417715,-1.088811665137539
0.954604878799354,0.5803334600493945,0.7094512565133811,0.8479087337867436,0.8909422160301567,0.8946141935622993,0.801882409721847,132.99130054231077,3.8279090339862663,-4.730396114545933
0.8624019675591539,0.6111916689975969,0.8087700824016144,0.7817418098083021,0.3979734580931106,0.9562051223069228,0.8942472583426276,146.7215725220031,75.86565017057904,-3.21463822899263
0.9256936000653404,0.5726150220206445,0.63708297879646,0.8627102981359674,0.0593178714073998,0.8235504119818042,0.3458854803392223,146.72607897869682,78.4747116969848,3.2267940971966107
0.6646793655998438,0.6947285216800358,0.9805633161419204,0.726963524892434,0.6186736231676073,0.9818648934032244,0.5185972044382845,142.27461414372783,123.84509854051117,-2.0443921043519167
0.8856629603121982,0.4327637002009764,0.8800798310317819,0.8232866461438082,0.6483001181808885,0.9545418310825958,0.4780118514645782,159.18468541832516,108.1436006359009,0.12823713144511828
0.9476606112364332,0.9117671365655337,0.8050020280686911,0.7425328499376024,0.8193390431962058,0.9837143700815262,0.5381765241871296,126.58178157621694,54.94711011407836,-3.7280437304676846
0.8534840383969919,0.7493078380907252,0.9470143355260624,0.8814216248454834,0.9466186889789776,0.9490033849279946,0.7782660774972874,115.16219808245899,28.768494803347206,-4.48745991723546
0.8072596297596095,0.6875402286063751,0.7907110117189864,0.8040619710781576,0.0990264586505554,0.6855717955599608,0.8398371451677993,154.30333571145232,44.012189067604055,1.4882647283822585
0.4755012481835073,0.6430165909385677,0.6358211001430736,0.8515277442233915,0.6659697382030396,0.667823670960727,0.4721279778606865,154.71295046572897,73.81306758710859,-1.7037096391410116
0.7672448137598666,0.7351097284115198,0.613481793552131,0.853067038883897,0.1399902084660295,0.6992895538710886,0.8146947270173881,145.86557461115984,29.80795244126736,0.9330439578682506
0.7406745737527802,0.4225186880561882,0.5792878394186164,0.9243171128987052,0.8948949035107079,0.7652014265635987,0.5028653407488408,155.97519371829597,82.8464773435213,-1.1278713464765824
0.9606431936302569,0.7086230676881007,0.5431167300511401,0.7673491041987196,0.9649839459340852,0.9630752324699444,0.6130553136686988,123.36763884532401,46.416473640214,-5.415053904540049
0.8932006995316359,0.9790011108564358,0.5031065180327671,0.9544160494509344,0.4811929534927206,0.8590427755810385,0.9847094301789756,132.54277549779422,-9.651360170308237,-4.020227845849335
0.5944449400608416,0.6791478595484634,0.8885857252266124,0.7297719089613467,0.8109228273350243,0.861534364223583,0.6805880920674499,131.7605451611012,81.80389927399446,-3.6482403893070012
0.4807721353624219,0.9661805867288782,0.6545304082822667,0.7699742944906893,0.6382531774330885,0.8200308561647935,0.9263724531329314,139.74090034156595,42.47513920726401,-8.249974589913226
0.593822420582403,0.8388578730027125,0.6450995585074638,0.90446520990511,0.8155938932328919,0.9520940004367682,0.6588547160214753,140.22032037800196,107.18373451264483,-8.444801019813724
0.951215753103392,0.830415024339904,0.9725111612246372,0.7266466346501224,0.971709278146847,0.6995770003881805,0.7480484846669724,130.8584995858347,-42.476876305069,-1.803807499074583
0.5688958252659873,0.5750880949638486,0.6843335182897503,0.8702225068074539,0.6716886252105482,0.8386955318607842,0.6761155799956208,151.75308490252272,99.55755557544069,-6.289428279397297
0.9898170594384976,0.8833394130720778,0.6130432821579563,0.8636877397426193,0.7217801689403386,0.8506928896321986,0.8847287577767168,131.3320434279235,-53.81850607263104,-5.015976900746692
0.7944531706342286,0.6172971103994278,0.7004059208381459,0.8024812381393268,0.2421126238221476,0.925037167338954,0.446504582382118,158.02483010211972,92.60251563966267,-0.6000259814991071
0.6539939631688116,0.593225012637105,0.7574285460250223,0.9223283597911712,0.3059122873198132,0.96100067718646,0.7219908604463638,153.34392400076092,131.14427815337558,-3.453110099893218
0.6561398118635344,0.9827334752939124,0.6902787952520479,0.7530104126712116,0.3121812940479745,0.7796941360689816,0.6468627981710983,151.15300797044313,51.201458577369166,-0.8955697457108657
0.6305661629535755,0.9883539043939142,0.976061457671552,0.8098081458857497,0.0072666595109975,0.8223892474408774,0.7341984019317229,134.23829574057552,68.83434812374097,1.9450680027093625
0.8203500961791601,0.7326574121871041,0.9824123090730712,0.6769587794712694,0.1766413479245252,0.9686880994048565,0.8530817158871321,146.3267140446758,94.9920877215317,-0.6777770281787695
0.8969715331138379,0.8905444207661994,0.9836597459811108,0.6858010039354447,0.0885751415549486,0.7133191343723292,0.9069172255204028,152.9946624571436,25.55502134684817,-0.7095573160278343
0.6065825363060845,0.6185918352200419,0.8986835839891256,0.6740742136656013,0.4665796282670449,0.8635274683567237,0.9101358978925131,144.33504404055185,57.12148357160184,-4.2202956312542135
0.8105899380377173,0.4554764540659765,0.80011743607483,0.8455374798061426,0.2960413278133827,0.6758370686322727,0.40785656847725,162.95145351233737,78.28852971465292,2.7469067544891557
0.7412895329311584,0.7323305639389537,0.5251179604582095,0.8983414616090761,0.9410202180446288,0.8022446315146128,0.8974729747134479,121.19567643554079,-29.035122953995042,-7.550539050261758
0.7595314034700306,0.666923144083099,0.7866434047993209,0.7691390742913287,0.9534206045282226,0.7105892780386822,0.4038172456573494,141.60545147372451,62.389030626631104,2.0093461845719993
0.8951694211451164,0.6432446681604699,0.7793664690195903,0.8588297435383737,0.5276656984645106,0.7391434478516499,0.7450967083650044,152.94651156252718,13.7677188578728,-0.05588571785500096
0.5687181808269768,0.7324350800452553,0.852763146188315,0.7322355209115502,0.5980704090809114,0.791094620354098,0.7485169852991123,141.92751111136138,49.60345370281069,-3.0780853684334426
0.9811663813114412,0.3599297154213304,0.9648126230576934,0.9003407276850616,0.8758439595520229,0.744503099292442,0.3847154075718297,160.94423898651795,63.879511300362694,4.4006736929955625
0.9742166150263232,0.9904715310577412,0.5077523538363468,0.9995516589633652,0.2023118118920147,0.7808529602537458,0.470778203072096,135.29038115049596,28.39215952598801,0.3423086168856293
0.567193094381198,0.6479650211508864,0.7219279496503473,0.90665088675134,0.6960032613145679,0.9010979128804426,0.7878273083366445,148.15789871181065,111.82363951300704,-10.909198230716294
0.5815778416252866,0.5510343087604568,0.5128606215074653,0.9936864330840433,0.2286954510206073,0.6144207641479081,0.4029515402431368,153.50217586954852,77.10371443087406,-0.980898316082258
0.6741421070756692,0.5409353719167709,0.9357529088316928,0.9764772099060872,0.0891988232379281,0.9407749844290284,0.4396452742913421,149.7990659881959,92.99542368930304,1.781461745500721
0.8581831753631843,0.7215992623862493,0.7328641093270394,0.7213310743704209,0.6113802118029839,0.8227538731542378,0.799729410334872,143.69048655476823,-8.642409748566081,-2.0649579517465035
0.7230811275417508,0.394172958379393,0.7949984620528381,0.900244451543754,0.6376077924953759,0.8500635129561411,0.6170579834140894,158.4138598066107,85.67114706716401,1.0275912424390858
0.6085131672871816,0.4027212588395569,0.9419698499570934,0.8907721684504781,0.4060573574985152,0.9892888992125056,0.784798629087311,141.55637642643413,121.51236005396612,-1.396363645864739
0.6914389119092861,0.5286032944111487,0.7991028430970777,0.7677972559061284,0.8540826014561907,0.899936646814635,0.8248458481696256,144.36347150623362,61.20165740116277,-4.9611274179030165
0.5821264784811322,0.3626206071502031,0.809293889571886,0.8964966390209121,0.1721201883808773,0.6980142023587201,0.3886788014749638,146.43523330798817,81.64792926941604,3.0800208790562946
0.8186193899173175,0.4786302666536668,0.7092490743772096,0.9846974739695796,0.3473771864319397,0.9728192923285348,0.6190269428104244,159.05477154753316,111.0470360190931,-2.4123420679223004
0.6756545384907235,0.8537928606240772,0.6966200060305254,0.8589627595629614,0.4487538479247914,0.8256108625075124,0.5858432420313708,153.53366093859393,75.07991455201179,-1.5393907053981053
0.9948787203461537,0.397710851547383,0.6943848403335195,0.9639334209988872,0.099771495519074,0.7316244445137453,0.8721936607626356,137.98867299890017,26.047419870588755,3.710628876013587
0.5622428354582072,0.4813962663581517,0.8796199960131452,0.7966806042584914,0.116365520079034,0.6324751427559063,0.5517876608781933,142.85210061595012,78.28532225132432,2.918260129756563
0.9441696589703332,0.4555537269349763,0.7444739804754009,0.8644762746243592,0.0138435121348041,0.7743969890831401,0.7488020776355371,138.2106571247571,38.611886603327996,4.812707120197511
0.6392842275028124,0.7719559475685376,0.6608021353749016,0.9352632230947384,0.9868360690097032,0.7464985693044636,0.7610883874743377,113.7984422355801,-7.76233422824928,-6.064877399368374
0.643340611303413,0.8020644757811088,0.7562924214742889,0.8143307527527366,0.8122809869606543,0.6805149626851587,0.3997716771031306,145.32463421413416,57.332407445079035,0.7870742607873797
0.6667084106131463,0.6467552710766312,0.555673616056533,0.8692076077394565,0.6437335735667595,0.8770273941142137,0.6799604159606374,149.75772918718516,92.43413011535,-6.5731908200474445
0.7612296410507384,0.4908749527088549,0.8249357321442545,0.6868553714600674,0.6724568186794196,0.5776754299092307,0.8057422442507489,159.84840153949986,-15.663695893440703,-0.7577432418730714
0.6355560828703488,0.6510982959466853,0.6103406948533244,0.7337302880138705,0.9642174220748564,0.982011223396902,0.8387489155734502,131.75912524895057,101.72204924196933,-11.601083061589616
0.5140453149282124,0.5604156154530513,0.6271735490256217,0.8982592646354007,0.0046213627788376,0.8988039681989195,0.7293194031548689,146.04027689983906,135.3507083844322,-3.4590132913031058
0.8402283776402095,0.9761144674207524,0.7127879557368901,0.7239230498222433,0.0640393359375022,0.9126431546235918,0.7835174915001408,147.6942759991627,43.46596199918169,0.30380917490868775
0.4647627662660067,0.5994576433258456,0.6504810329299949,0.9992451898264906,0.942011754200194,0.6935786472605441,0.4756954714351561,144.60226752100354,86.42689564515784,-3.5048684971293294
0.7397201519666734,0.574066968691215,0.94471420947129,0.856628576934062,0.7129879619484906,0.5840574248794349,0.5459646646561075,151.5017900494584,51.31030179037429,1.0265149515890846
0.7693284528462746,0.7392269213586113,0.7444560916885293,0.8096135019364403,0.2382605005908412,0.9969845710426564,0.5948407086428288,155.80995767311433,105.11263387884716,-3.1230444050334336
0.5768688903696102,0.5829078236692186,0.9045810383266492,0.8852414368979729,0.5584598763394684,0.6685307688187846,0.774104936477892,142.68491909869195,38.8194871768307,-0.1376890614511832
0.6047123137799686,0.4729382194259247,0.8871694893111204,0.8956527270169908,0.6193855409588062,0.9115817467701705,0.7646861071588194,146.0511446642243,110.87718862676292,-2.612944556082357
0.9985337117055731,0.8798352668675344,0.7935394668951004,0.6886292811775566,0.5969745272826821,0.8094837529344227,0.9669833429532,143.20550083843312,-59.24525299266955,-4.265711158862575
0.7473199666842832,0.4784705694075945,0.5241865911205459,0.959366493516732,0.790564874522988,0.8536438180335483,0.907988322825822,142.7608540580554,40.87897655017854,-6.203712008628558
0.6415366961818822,0.4740287406865768,0.7436026528107327,0.693889976092774,0.7918268457940715,0.9746116034455214,0.929871417777108,142.08757790811936,99.79419503717088,-8.70402202288015
0.8371853046212512,0.4386692661750537,0.727104211376201,0.8213431075852489,0.2165581681527934,0.5912230131593864,0.9434799132734948,151.67587104316385,11.189657904012478,2.6842508133151135
0.4796009176929693,0.3970205972448727,0.5309816415382115,0.697950180104543,0.5096437991909195,0.7623378236348528,0.4738030590381581,171.21544347281448,101.77658509431247,-4.030056131598858
0.7939852631292171,0.5282450255914134,0.545397669630559,0.9079008424108862,0.8637469579534723,0.6108576968963685,0.6543505262064467,143.67578203493653,5.741362911188702,-0.6641418546672231
0.9640288290693372,0.8382240758276505,0.5085369771435915,0.9590615407292492,0.8354356511534284,0.993788872799514,0.8118702024878364,125.88099691600212,8.32021364122481,-9.046676448913907
0.8091744089292416,0.9197285265839754,0.6522621152470165,0.9124303403521744,0.0188537182609741,0.938932363799303,0.6622162107662302,146.47462003681892,92.50556669766159,0.2798821039232646
0.4316215013072759,0.6536585130637185,0.8856199356010791,0.7165420843750102,0.8224347905095567,0.6636279080249594,0.6065286156196831,142.1841608994742,47.70030087475235,-2.2735070799969757
0.5804254134490514,0.3527215600575666,0.8907688637632302,0.6991688627785643,0.6166585332246302,0.7112295622726483,0.4086823728016245,160.33039106563436,95.8770442129666,1.8126833950308718
0.7121631521028888,0.4196462548088954,0.5122902450573237,0.6707201203989102,0.5226182152824489,0.6337895149487034,0.8577428648105346,153.60971110121065,13.816816242078183,-0.49866143850223477
0.5841164893915656,0.5568053155127382,0.5088508054916752,0.6859265078136103,0.5636388468177069,0.9672930897660896,0.778237949989468,162.7484261500976,130.62214129121207,-9.457623484689368
0.6621595481256803,0.4508596647144648,0.6046956379272417,0.8226051203630715,0.4981747777805638,0.8995799003752661,0.968390193453234,152.17620524216815,89.41005384462588,-5.5796203846993695
0.7768601080258104,0.4659538880401269,0.5299048330189532,0.7322812029830669,0.2438057023026504,0.7814666522520886,0.8868660278658982,143.82844090536915,39.231246630772745,1.3159766012396563
0.4845161052031512,0.7159720616331009,0.8801210309257272,0.7915899152759099,0.7472220145289336,0.6117539256831196,0.4412709499610033,146.87441821228975,67.98824963898984,0.6512130117559627
0.7903365909211801,0.9562989291619386,0.6426153108973129,0.8079365191662816,0.1825229014233875,0.5975357951201122,0.79243720741764,148.59062638966577,6.273825812435831,2.004097991786851
0.7983133746021336,0.8236260718388322,0.6163507488401369,0.9105589985340168,0.7730193436564281,0.6319644063336641,0.5286710265229485,140.0808267044933,14.385769989199694,-0.8005638582732841
0.9927621020877264,0.9268991616387534,0.5462012074517026,0.8626597775904135,0.2570619332064872,0.8071986944478977,0.7536555263737991,139.31038753037146,-8.66813441788603,0.8905501942621736
0.9689702185370614,0.5488183505268728,0.8921771125585877,0.8359375454092379,0.5805289203870122,0.8112010229902312,0.4901143072846136,162.63757091182805,61.0564506225613,0.8900180473793484
0.7757338283387777,0.8185073422071517,0.838021477284778,0.7044213589462667,0.1839687277942775,0.7156684946866932,0.4532648133888147,153.38433968201417,54.75664893625227,0.723023008015272
0.8080704949863652,0.902520250159996,0.8025043133681616,0.8826436699246771,0.4588794218647181,0.7581860587321181,0.5511281812277902,149.08132115559178,45.82092688256556,-0.4165951936235184
0.7272660207512358,0.9227055654007112,0.5579565156414009,0.9355881917046628,0.9449556291688374,0.6830149631883485,0.5438188435054427,116.33672367115196,9.419434755001049,-1.6876948721206986
0.6291691701674511,0.8353508211822224,0.9617879622055464,0.9704971038788038,0.7623808693586079,0.7904686549851503,0.6695022308019603,130.14401581097613,8.073731815319633,-2.2984084668921203
0.8734147305141279,0.8030136594573212,0.7537392723728082,0.6967788434940114,0.7686782913139102,0.8842766428735964,0.391577893960197,143.92512127223677,58.51536728031111,-2.044669928358659
0.4402047279174668,0.6609762198493946,0.6663999394898377,0.6929508888310192,0.6366892207828492,0.715575366977458,0.9418547174477,151.3924652861755,13.173774348170369,-6.686659993356054
0.9231732258805646,0.4968472821396553,0.6329290255506657,0.7438887917546247,0.3604477705737539,0.7709078446417628,0.6607738231070245,150.08156082450688,30.383430711492455,0.5425740324283548
0.988632171905402,0.5387889502599408,0.6375522545909962,0.9445395551098784,0.2102824802127061,0.847965708118841,0.4884658090581641,141.58037708102916,57.81534929721479,1.6906152604682854
0.5372358397045943,0.7955071345924059,0.7720598275215049,0.9496429170364732,0.0045683154259884,0.7153805266653981,0.390690886189144,147.49410202973684,73.31039157315911,1.2536339946262678
0.5913891568672033,0.6273322326043944,0.733896842197448,0.9857249456564996,0.6147848000379021,0.6256690627188934,0.750757654236299,152.80016649164276,17.397310582826393,-1.091082197359377
0.7612931552111837,0.9504144829937232,0.7586315129280311,0.6900160433478959,0.2905789549403945,0.6850304646103428,0.7425383760272151,155.00795246239846,18.413837237721488,0.42797916710329664
0.8970796071412209,0.707693764530408,0.8199520725634296,0.7661194723605114,0.6984558370086283,0.930724133407185,0.7033238570791227,144.3208834276689,25.984319632677874,-3.0255294962813375
0.4956089292364398,0.9650710748462864,0.9158575534668828,0.960071684994225,0.1956918228917446,0.9868464340528836,0.7293627899844853,139.02553302490156,108.02719420377198,-3.6593054510216496
0.7878571034523214,0.4557602163447725,0.9769063763309116,0.6781353101279065,0.9277868176068926,0.9499336524776594,0.3429303037722689,149.78513937407251,157.39118370780972,2.884441748997596
0.8932333935543586,0.6989164422578923,0.5744030238724545,0.8937953669479022,0.9202906818800288,0.7720001938961715,0.4870878032922018,135.564103691823,28.760226493453143,-0.57830630413396
0.4438142229443908,0.871150206381776,0.8677021893985251,0.9678411550735532,0.4093742349242957,0.6313755791024651,0.5389776007575506,149.70009069872077,57.852277268676296,-1.4450763099706916
0.5959398753157343,0.5040866500997659,0.5812503896801365,0.9742968977822422,0.2679720966728497,0.8807574528430527,0.9849915151802356,145.13584955022668,108.91402445417361,-3.2797832092890586
0.5822356103652,0.7516175825726001,0.864667391585429,0.7877459403136841,0.9480692520918,0.6445091773287789,0.6662338318728227,127.73911501199736,9.79950417981788,-1.2558499574328068
0.9633048302132192,0.7764091254706988,0.5193400212569373,0.8013356139547559,0.0928433409442578,0.6410382227627188,0.3832017573238199,132.416572571944,53.266823870847574,1.1697598756018817
0.5275900176864217,0.7983359112006857,0.5936274731548867,0.9713894995972367,0.875759342330773,0.961891445917742,0.7568457781564615,143.98638827410815,111.846538658427,-14.799648714676275
0.6770766183249246,0.8412188910255444,0.6191860983876858,0.9352807800918402,0.7319997989682305,0.8496897703061528,0.730897193650943,144.0903102479754,41.84788810181493,-5.262826657929531
0.842080599065534,0.4440457163469782,0.7129836145603763,0.6934773913570245,0.8213019420946517,0.8365996684889374,0.3261062556985742,159.11173286088987,98.85557446344077,2.050137688548278
0.9177477075850294,0.6771969265272755,0.8173185253140189,0.6784482178487087,0.9326088302018216,0.6087940556004471,0.3713163890620702,142.07423715495676,36.29283441387861,2.8534944553743653
0.4998492358342612,0.5765599482225204,0.8654100609147948,0.8883411036720885,0.1322698674978706,0.7271789644199326,0.4997044739758336,144.69024570983214,76.33073698016712,1.0450064395855216
0.7424825087653355,0.6816127115147701,0.987057562134785,0.947294543605458,0.920417385239877,0.9342609119907626,0.626423402395619,124.29727143585755,84.25811769946031,-1.752287791245697
0.722639366222013,0.4619677184488914,0.8875933234926627,0.9955839266643854,0.1874278280578974,0.9088717444834742,0.870678771688656,135.9523933482564,87.69906640034995,1.7265395445787153
0.9818895025167342,0.9909962438177616,0.7347507441199422,0.9923303932261792,0.3884105713249756,0.995137410621125,0.3638666149415338,150.17905035564334,72.16069714850134,-3.2474748505330275
0.8425998392881697,0.5602964827520832,0.6950411690696942,0.7114265305251538,0.8181578041773332,0.9147989245182524,0.8192638238782689,144.93038908152565,23.66091960538719,-4.3581639290025045
0.8096214131298338,0.6712338068044059,0.5726056432526426,0.728331251518983,0.4196359921736006,0.6899430405865403,0.9588732766973465,151.7604640788983,2.2121825003019495,-0.8358905437912981
0.8060278806780762,0.957335766865398,0.8147558177949514,0.8675303620817263,0.9915309412904204,0.7482529378326184,0.9904041650396076,109.78622889888668,-90.38424713038299,-6.8331041631804075
0.8960497853658727,0.51350650573997,0.6939264214291153,0.9526229945864524,0.0224901305521125,0.9135710337700784,0.9657097974504684,136.23480273160973,73.52293362133491,3.1891429291346913
0.9292036247416696,0.7158654071592983,0.684299419447772,0.7986243316882417,0.6460900900300434,0.7042575511499294,0.4765069271372052,146.14171114299387,22.57994747574511,0.07805779851394656
0.7351584697871837,0.8689900592965694,0.9521541581810936,0.8729753983831575,0.7936098440268963,0.8057504925366645,0.7599152237279845,127.90367394113001,-15.308663045755083,-3.2174703217333462
0.4612667014215569,0.7412031999749853,0.6919367096541416,0.8686600134321808,0.456217594324729,0.6350707147469141,0.3595801344142273,160.70486032845082,77.30382044472003,-0.28366182150523156
