PS:PAN ratio,Feed rate(mL/h),Distance(cm),Mass fraction of solute,Mass fraction of SiO2 in solute ,Applied voltage(kV),Inner diameter(mm),wca,q,sigma
0.8501362065184107,0.8879677523959939,0.6582806203767526,0.7086962660151795,0.3476692668667044,0.6905579255561421,0.480986092582763,145.12466430664062,21.818498611450195,1.5939948558807373
0.9494136958895892,0.3514166661737956,0.8853432671419943,0.7600154495900109,0.1035866997652572,0.6639607622929299,0.6944952938305788,147.33575439453125,56.9171142578125,3.0965821743011475
0.9535365602142544,0.6972005239743426,0.5573647218604635,0.9655090911520848,0.3023063765929175,0.8636908472514946,0.5229823783986056,145.73756408691406,40.06999588012695,-1.2969199419021606
0.5191025467700258,0.5194839015891343,0.7778442864552955,0.9123802222142195,0.8055727730161795,0.5831571882764792,0.8124142541403226,144.4468536376953,-2.619009494781494,-2.496354341506958
0.5458986519907938,0.6188503620430532,0.7965487067918404,0.9759520397009024,0.4931972322226148,0.8096625496829525,0.7016575487583021,153.03860473632812,89.74859619140625,-4.047409534454346
0.8598842696479743,0.623735392451385,0.5111886606770354,0.9601122439214904,0.1721653433170811,0.7529220135190722,0.6771157570545705,141.6329345703125,9.708528518676758,0.4767121970653534
0.7892476674834934,0.6052287448414848,0.518119099838555,0.7707864013464882,0.3128415727905365,0.6738045951924917,0.9653699448396916,143.43185424804688,4.14810848236084,2.631584882736206
0.9454886055986416,0.9294620612923764,0.654043018466827,0.8771467197312223,0.9520485281024476,0.7940602053646733,0.532755304605316,106.91192626953125,6.165239334106445,-1.1165674924850464
0.6084320793369871,0.6990311011574879,0.8042359965422369,0.7927757376748943,0.431842390076892,0.6644312080412976,0.7479744997388924,154.82058715820312,19.207542419433594,-0.49799230694770813
0.9129481857014854,0.9371087711832282,0.9807492496425022,0.8986739748084648,0.4414579526789932,0.8128861748155733,0.3110019577540634,149.13377380371094,67.51873016357422,1.0316778421401978
0.8193253142930825,0.822372281664403,0.5454770779250933,0.7827187860867111,0.1537124571832476,0.6352691853350183,0.8179029746352574,141.1013946533203,11.384819984436035,3.8984689712524414
0.5409735172959403,0.5788890203071092,0.8512094016200737,0.6672650239313499,0.3047854591565471,0.7450510904400036,0.6566712369305752,160.10914611816406,66.13191223144531,0.4564734995365143
0.5016638472831715,0.6712228128061399,0.8459938773464912,0.6980694129404724,0.8135308664471089,0.7898387038645116,0.4543168586344698,148.0321502685547,94.21642303466797,-1.245056390762329
0.830125903601763,0.603999796288051,0.8343902944297104,0.9232547336908788,0.7851211294583167,0.5851192996831328,0.3120062552078992,163.85293579101562,62.83171463012695,2.7042393684387207
0.5198857512793212,0.8883810187188437,0.7578413437386324,0.694765846774061,0.4353740764525505,0.8327265437984845,0.7972797037059343,154.18536376953125,45.97262954711914,-5.724209785461426
0.8823428143803502,0.4728917750055009,0.9828440939428604,0.8661864332466468,0.8922823838784958,0.8924234718849924,0.7668444006109011,135.97157287597656,38.19633865356445,-0.27601438760757446
0.7471147438864916,0.9582830090595064,0.7506659749810565,0.952111946123784,0.3802843238721804,0.9804127836267582,0.768706164345095,148.07765197753906,91.52997589111328,-4.974618911743164
0.7013832103088127,0.7275271161303838,0.9186756400478038,0.9133067263069854,0.863039393852902,0.6584266635193412,0.6118959051433759,128.82814025878906,3.095064878463745,0.724794328212738
0.5866165542210656,0.7478378703722324,0.6312173758515617,0.8043308093424719,0.0325386258030415,0.6608081657533051,0.7507450243690741,147.10728454589844,40.638389587402344,2.8235387802124023
0.9903709980528712,0.686285802912995,0.9027052382893695,0.7362057108656959,0.3473454612538513,0.7019189931421931,0.7039930365894578,161.6613311767578,26.15238380432129,-2.466773509979248
0.8412090881229297,0.7107202397037107,0.9976817916941084,0.9736498699713968,0.8538034615964669,0.9524841846680694,0.4753049988785647,139.68690490722656,70.23397827148438,-0.5880352854728699
0.8730712190030157,0.784084293462245,0.9545164843614078,0.8552034477012633,0.8999188724164916,0.7455489644620461,0.6678319374498543,129.10536193847656,-18.267518997192383,-1.723402500152588
0.8677399839614912,0.7758907772494366,0.6519619045647628,0.8016638907468161,0.7554271176988685,0.7006202627340024,0.6649597507696567,140.50753784179688,-19.771892547607422,-1.5015345811843872
0.7624599822913056,0.490101360007573,0.9225999684453344,0.9801420175321802,0.6691041387290338,0.8885172405920404,0.8775440962338963,139.87826538085938,46.79220199584961,-2.9953622817993164
0.9652064759699228,0.7288336973297369,0.547710543674492,0.7383387602122551,0.8143474177230027,0.5878087563001992,0.6091677983658582,136.81640625,-50.53017807006836,-0.288927286863327
0.7623493563914443,0.5811618945506847,0.8385008040714824,0.8139236110497732,0.7066940708552953,0.8062548080475361,0.610953892309055,155.34373474121094,65.4400634765625,-0.9642857313156128
0.7259958219623778,0.7642197360161718,0.6709707286867552,0.7029609184609235,0.2545889034820137,0.7640795716158179,0.9881470708303096,161.1969451904297,9.669466972351074,-0.06550557166337967
0.5855799199687233,0.7064019119656357,0.8289962857194322,0.7083603018965753,0.4660286391101861,0.8387737089784643,0.9262761927508592,149.52394104003906,49.00950622558594,-5.6374406814575195
0.5901546007813162,0.4677593038107639,0.7059697651677488,0.7993943898117455,0.6599682167195803,0.8842062119675365,0.4776376581572644,170.9992218017578,120.74567413330078,-1.603546142578125
0.849597952301747,0.8275524820483673,0.5046629467539449,0.8995240725388763,0.5872641074826384,0.7105390595557707,0.9371652447466448,140.72219848632812,-67.99366760253906,-2.297739267349243
0.6203836053723064,0.6475304778903157,0.6156186836307161,0.7795382410942001,0.8837509784301849,0.8437167243079191,0.4058755297055968,151.1485137939453,122.88185119628906,-4.778816223144531
0.8449390890216427,0.7087399979249546,0.5213145811094501,0.8961774654357133,0.473615702715608,0.7957838343602637,0.898021865789614,146.11141967773438,-1.1365431547164917,-2.2671267986297607
0.9726212457770448,0.7873042578915421,0.7134690055734253,0.9346219030674056,0.1785625123754765,0.6288520926480523,0.437076791053505,144.61964416503906,49.66938781738281,0.8302700519561768
0.6799734810206497,0.7744883807369703,0.9195614188831234,0.958696948686284,0.2150577158936757,0.948619297996172,0.6037431784596314,141.6227264404297,103.46157836914062,-1.0373049974441528
0.4850370966579759,0.836753801654059,0.8686003814439704,0.6816999622863406,0.8448160347604509,0.8942515551578012,0.9878149212149104,121.77998352050781,57.938575744628906,-11.10883903503418
0.8095042295019711,0.4853075917656343,0.894020072843977,0.924159144163634,0.0097561158026181,0.9656938523216884,0.3777278934074111,146.4498748779297,89.13314819335938,3.9676461219787598
0.4349878722045531,0.422845471451358,0.9031501475524808,0.7157642836779383,0.8678271286055018,0.8796326271018327,0.8886640858507256,137.14218139648438,111.15438079833984,-6.692574501037598
0.8781671240080405,0.7850593083142325,0.6858452572113146,0.8990590965647773,0.056495873094681,0.6762505537960027,0.6512986877449576,142.02748107910156,42.45661926269531,3.0210483074188232
0.7291922260400918,0.5042569421512326,0.7527880962594802,0.7904365901698118,0.3916528935397156,0.7556706690861258,0.3873190052498228,164.5813751220703,92.71509552001953,1.9629848003387451
0.7087165953661609,0.4255768040879775,0.7539990053034529,0.902228974495199,0.7990603955401435,0.7370010925981549,0.9661937920045808,148.0131378173828,-6.80833101272583,-2.345245361328125
0.7541528466768278,0.4363582864647561,0.5566728350231263,0.7379418191201474,0.4075664350631062,0.5868815401981324,0.6887879106537251,148.53546142578125,36.84886932373047,2.0358359813690186
0.7239226365823492,0.5540495345101085,0.7987775025997199,0.8813417206202913,0.8211720968594625,0.747127358409498,0.916767339797376,145.8363037109375,-13.800769805908203,-2.653377056121826
0.6141190026585608,0.9941776491439984,0.8597051966850295,0.7085711035582413,0.1010851084794626,0.7193402321846442,0.908832951254872,152.10398864746094,46.93377685546875,2.103484630584717
0.5900252005001683,0.4532266242848923,0.8051807732160461,0.723281864874832,0.5112108353903861,0.5732407958446251,0.3210343810881138,163.06578063964844,83.8930435180664,3.8997256755828857
0.6662873198747619,0.5448037092192985,0.8725790181509118,0.8711882734607312,0.5819498506512458,0.9338218870842284,0.4931532312690837,159.5395965576172,119.9298095703125,-1.345032811164856
0.939675541142984,0.9481202419730644,0.5595099668959232,0.7788323432610826,0.8895062843199281,0.633088501735277,0.5427382593023855,109.40918731689453,-38.7427864074707,0.3093033730983734
0.5067233945373666,0.9757172024275376,0.8802889915487888,0.9008935673065148,0.0944258280076102,0.7857872238566969,0.678904511160858,140.52981567382812,51.94179153442383,0.5650829672813416
0.6146817973680766,0.4996276739635103,0.6040677359531752,0.894701270427217,0.3387393095895237,0.9071180712442924,0.3604043508062744,172.96238708496094,123.05305480957031,-4.4889116287231445
0.5391746020381106,0.9220092814536212,0.9379117389198444,0.8735736013760821,0.6586150014806459,0.8300598707565217,0.578540662506636,132.75634765625,75.04226684570312,-3.2357230186462402
0.6730360781564602,0.4413368546993049,0.6224358657858663,0.9097943875703924,0.9783257203019016,0.643983257692545,0.8713634026920927,139.34542846679688,-13.95242691040039,-3.7933571338653564
0.5056562943435514,0.8449262054989315,0.7457819030729592,0.930878572435641,0.8470277724833211,0.8359311868139196,0.4301067248013476,142.0478515625,100.28314971923828,-6.716958045959473
0.86322809861086,0.3597205027194155,0.7434223888672895,0.9699534417107938,0.8452533458471472,0.8955373348573761,0.7933809910716683,136.77626037597656,40.21289825439453,-2.612692356109619
0.4885380154276263,0.6148645524922647,0.6343775077520603,0.6936053163556063,0.5168358093331112,0.9370895513738272,0.6276315213496153,172.76724243164062,154.7711639404297,-11.525705337524414
0.8087721031104614,0.5116143276611487,0.6807377950328193,0.8569160433873799,0.5638243499275988,0.7078301557200986,0.3596057643685401,159.69741821289062,80.17953491210938,1.9426106214523315
0.5821597343256175,0.8076355536893137,0.5928128935609327,0.9158595217753968,0.8573055338921156,0.5860688073167755,0.4329842109698311,138.48951721191406,19.88673210144043,-0.9894385933876038
0.69871719043654,0.3616962367923051,0.7847777308261241,0.7389785600161042,0.8683210069597364,0.8315424096248625,0.407983332389648,167.4220428466797,137.4984588623047,0.6057367324829102
0.5435566482878261,0.652643749220843,0.9559853061088954,0.7545035667502548,0.8011530307662572,0.668109228780092,0.7372761392680149,132.56869506835938,18.690549850463867,-0.7956177592277527
0.8458014915037131,0.8029172185147178,0.658220469940457,0.7556154684726124,0.8174054497681726,0.9055004376066156,0.371038303888105,142.90296936035156,104.4355239868164,-3.4540858268737793
0.9700956195280817,0.3815631480778774,0.7538050153125893,0.8571767763517294,0.8782980903904223,0.8623036491828383,0.877147787172235,139.044921875,4.4931111335754395,-2.2668700218200684
0.5559587541198852,0.9329948606900482,0.9304497948718196,0.788610062471381,0.1145315610887711,0.9022041379707996,0.8658745879368029,139.9824981689453,105.67369842529297,-0.7711156606674194
0.9728757304763244,0.5854212802408267,0.7260647272333076,0.8883606210775961,0.2929029134816248,0.985312463440779,0.3660424379288257,153.24197387695312,69.50446319580078,1.1047675609588623
0.6149720539014917,0.4584158966277948,0.9151625195282148,0.8697840147939186,0.9745195448952552,0.8215354179891939,0.9219652953398638,121.10400390625,40.876861572265625,-4.981150150299072
0.7475434711049456,0.4974374498480821,0.7230150979162651,0.8853730326212845,0.5443544467280116,0.9582784223585696,0.97078175920662,147.68104553222656,59.36085510253906,-5.987679958343506
0.8294797001605051,0.5709716552087372,0.719945589991525,0.7507441730234181,0.1770431349655944,0.846058534230195,0.3408691935918166,152.4013214111328,61.7073860168457,2.4988937377929688
0.5431466070427151,0.4798777538136615,0.5786556761778728,0.9220438048276596,0.5027473067641588,0.6492829823382342,0.9647066644426306,151.55499267578125,16.71250343322754,-2.255059242248535
0.6830837942820964,0.6822522029969657,0.5625491990279314,0.8876757636781603,0.645087945502644,0.9133745147508412,0.5032114579794201,167.21731567382812,132.16343688964844,-7.491169452667236
0.4682225609422313,0.7615629903321297,0.8054448408199297,0.7102791070894898,0.8270299301134646,0.8682122371190129,0.7682623426859556,133.69683837890625,86.75082397460938,-9.429475784301758
0.8268939906861084,0.6322434524942064,0.9132020500671952,0.7334015582265276,0.8110282795216421,0.989763529055795,0.4312243219989119,145.7179412841797,112.39263916015625,-1.4059345722198486
0.6670389816353013,0.6280962126478593,0.5677552431494995,0.7669236567088098,0.0501665294018891,0.6756627397397449,0.8733017395914866,141.93231201171875,48.654720306396484,5.043974876403809
0.9378145695033736,0.8579961931873151,0.9545204575849584,0.9781411170111352,0.4533512734468866,0.7140187764859153,0.8901262496523459,147.4412384033203,-20.559886932373047,-3.307873249053955
0.5857403498392759,0.5464113749856229,0.6793250169586265,0.7753662564383775,0.0215720173491361,0.9228606630098354,0.9839762377613004,147.32618713378906,106.58056640625,-1.5863755941390991
0.9560305726295906,0.7549752652994624,0.712464150474824,0.6734383877162492,0.8868011826285331,0.598456604748751,0.9937390705889813,130.7928924560547,-125.05691528320312,-3.3829174041748047
0.5099550560255162,0.9300917760771092,0.9467118654667664,0.7139296118046307,0.1744923019128521,0.8423408442704159,0.3631502726770756,148.5203094482422,61.51171875,0.8126296997070312
0.7755424427253546,0.4948769238366085,0.9476320132808486,0.6775267803700802,0.6242352925268211,0.8005508244668819,0.7635857089598131,159.35472106933594,25.544340133666992,-0.04043193161487579
0.6050163045128589,0.7531161232311744,0.7621906058943624,0.8008055479569004,0.5701264248549238,0.6437568880967038,0.498797844100147,150.60665893554688,39.4777717590332,-0.4454639256000519
0.5331786683668562,0.9657760251823444,0.6383289093601257,0.931948887263684,0.6248882525706726,0.6421745711505511,0.3973531235503859,136.98414611816406,44.443424224853516,-1.0734184980392456
0.4831056010979072,0.694708587754739,0.5859944540691941,0.8166354861441925,0.5629442491026062,0.9180312145160224,0.4133247244862429,178.17001342773438,166.5634002685547,-9.692657470703125
0.8032887780785737,0.9845261963366044,0.6357403327865863,0.9458645265012248,0.7147027349764078,0.5781677295365273,0.955150016812606,132.86521911621094,-112.5788345336914,-3.1979498863220215
0.5624698881180851,0.5522643043837581,0.8898838653857704,0.682634467979587,0.6254672062001402,0.8909379328002927,0.7812550701534503,147.58309936523438,107.14083862304688,-5.723522186279297
0.7560750967059366,0.7170710513501629,0.6622061232109491,0.8230500987042595,0.0911136945874367,0.8848765517564643,0.3456796345926724,149.29586791992188,77.71305847167969,2.1121110916137695
0.9878475934314144,0.5529058452847206,0.8469151687534885,0.9285970767013094,0.3668300231610991,0.8493883495512763,0.9880271043613824,137.97364807128906,11.305705070495605,-0.45560353994369507
0.6096640407630278,0.3536994240612884,0.5976077581063901,0.8912299986888207,0.5461667837603534,0.7466866854919477,0.8666678186507002,154.08140563964844,67.48839569091797,-2.1886749267578125
0.449478485078632,0.9977564667848112,0.7390476005987946,0.9504646562701426,0.3253724771824363,0.5836737481204969,0.5236541206574625,145.62860107421875,50.36823272705078,-1.8894364833831787
0.5109712700120952,0.5068984885822336,0.6759432823826208,0.7579004600308946,0.7593233433826461,0.9144301254433116,0.6348802059108654,169.29624938964844,151.14212036132812,-9.357891082763672
0.4975754605044363,0.9820657495256284,0.7515831954379533,0.8334028108661553,0.3180926052751925,0.625319573200323,0.810784728579915,146.30633544921875,23.713167190551758,-0.951529860496521
0.6936403266313511,0.7745927772015944,0.7847001436102472,0.8919471739068918,0.8274908643516866,0.6916372341066308,0.7760151682370116,134.81736755371094,-38.230072021484375,-3.3718295097351074
0.8540251041650144,0.9372299125378728,0.9948805970093773,0.7228642728127547,0.1473937955886911,0.976439788170702,0.6295242935778508,141.3452911376953,75.72457885742188,0.8115325570106506
0.5985387171905863,0.978241786961762,0.949428624382021,0.9381527168913204,0.7683603959980998,0.7006490055124295,0.6634443619070495,122.05477142333984,0.5369278192520142,-0.9532874226570129
0.512692818903215,0.7193626874442027,0.8475667024488165,0.7704174401029561,0.1840256870222237,0.6806691245729743,0.3406900500675325,150.05613708496094,72.07063293457031,1.7784013748168945
0.7948092822218773,0.999301316306312,0.57691004143678,0.6978595807356237,0.5276391193936426,0.9878095724716612,0.6553568613129515,145.49244689941406,76.97823333740234,-5.819439888000488
0.6012382299781281,0.8486816258908646,0.958981090580981,0.921488358013158,0.3207121245317691,0.608310414653575,0.5450257688788427,142.3194122314453,46.03371047973633,0.9452908039093018
0.7574180275162168,0.6908318213242675,0.9457795942831372,0.901305942798291,0.6366611706250715,0.6402795857564338,0.5070561984742528,162.10879516601562,34.4412841796875,1.1931171417236328
0.9618363581661402,0.7758311605149042,0.9428426669597672,0.9607263343427216,0.2132210934427585,0.7590024925146588,0.496442616649338,158.31768798828125,67.22454071044922,-0.300184428691864
0.5956330808140184,0.4772176535030549,0.7393038331636446,0.9635183905884774,0.7943068556815848,0.9083989665422048,0.7573830441027944,151.81459045410156,117.99285125732422,-8.890731811523438
0.7216899093491878,0.3584399326294089,0.5853789940226999,0.7594606407922662,0.5730838604070574,0.9497451442798864,0.6062569821301579,166.38812255859375,128.11297607421875,-4.631076335906982
0.8894582993143613,0.5177426241824716,0.8767913575528031,0.8801351176079679,0.9557303688555696,0.8946986703678719,0.6038801131487586,143.2859344482422,61.7049674987793,-0.8726766109466553
0.8238525569742974,0.6332421884299992,0.6941205047452919,0.9991211322737016,0.7108947639188843,0.989008862947853,0.4204731728506438,159.39871215820312,123.59373474121094,-5.575376987457275
0.857916974081518,0.4991150838312472,0.6721799483144939,0.7479135114686103,0.6068036411892468,0.5787668398284033,0.9726409980688706,156.6021728515625,-43.348045349121094,-0.6255730390548706
0.8699393751514308,0.6844931685411699,0.6952522986164853,0.8240990096682533,0.8279640908691974,0.8364851569421383,0.465007809126348,146.8614501953125,42.609832763671875,-1.3855270147323608
0.7373223629318973,0.777776355542549,0.7792708978335818,0.9695354085289278,0.2201443841736432,0.6213164868649124,0.5903329974890766,151.1781768798828,40.091068267822266,0.21727631986141205
0.7351255566442423,0.7763825077007245,0.6666634702711443,0.7011097226971532,0.6320816754451963,0.9608652641103386,0.4418105541306696,153.0229034423828,118.69855499267578,-3.6811864376068115
0.8393408309545243,0.930638119435274,0.8445982093946406,0.9755497370838896,0.3904016848098059,0.971532375905254,0.7946648877338833,139.0225067138672,48.628334045410156,-3.542208671569824
0.827232864069507,0.977668993221967,0.8235313131833091,0.8291805654338433,0.7428283893834272,0.7011481366025817,0.6109836860924067,131.33047485351562,-23.655879974365234,-1.2824546098709106
0.811505673066026,0.9286484834858412,0.7542044199193829,0.9638396829398396,0.025461770389765,0.9255194834916708,0.5955203293974574,145.30531311035156,90.97759246826172,1.299028754234314
0.6473838861291199,0.7532938822282665,0.5270994276724198,0.8734862711535907,0.4276085365034987,0.8410903603972701,0.912952106816616,157.16331481933594,45.98896789550781,-6.727639675140381
0.9018452462105736,0.4846674334796595,0.9677250745314854,0.8901368982908966,0.6509895890116912,0.6145353098669136,0.8334195720383692,161.17324829101562,-19.635005950927734,-1.3686883449554443
0.5641998731104375,0.9628457001992552,0.7056938156975676,0.9239110671417684,0.4604462877502973,0.8293272433430302,0.6685934597195774,150.04696655273438,65.23384094238281,-5.479037284851074
0.5183298558775377,0.4646352162710729,0.724544075462136,0.6891554039593477,0.2383837067521081,0.9889584054061982,0.6333143275800206,159.96409606933594,125.83647918701172,-4.686803340911865
0.6263088454649711,0.4494456343542906,0.7278288211878858,0.8756137994520388,0.4641461202908303,0.7033144602752264,0.9712912048652615,149.6917724609375,26.314647674560547,-1.0496735572814941
0.5742483817566922,0.5571409942905143,0.6823945038723626,0.974115409460554,0.8484939783452119,0.5720506850407383,0.9689253280985428,138.1036376953125,-44.24238204956055,-4.570176601409912
0.8075867005858614,0.7231069955355014,0.8369433092416465,0.9848201794724328,0.2073357395275555,0.9892725618122642,0.7957848130131148,138.61422729492188,92.14605712890625,-0.16312579810619354
0.561244298803262,0.793027827213701,0.5071015721091978,0.988876969498169,0.3672331372263194,0.7485963956322396,0.8338791474953607,156.24615478515625,52.34025192260742,-4.325379848480225
0.8037717441590628,0.3599049301266823,0.9362549703147074,0.8816218113064624,0.988702880349116,0.7558445207283296,0.9294605442383914,137.7684326171875,-10.017409324645996,-1.1092954874038696
0.7221066966085385,0.8556125536543416,0.5512961315487271,0.8774491779108187,0.9113952048011392,0.8763002970871404,0.9743230627673888,126.48809051513672,17.935876846313477,-9.880999565124512
0.5164591089680065,0.4647383821617221,0.999263396546106,0.8505689908540114,0.0349348871099612,0.8300188255716934,0.3675646200435933,138.1105499267578,67.22452545166016,5.448150634765625
0.5768505355368506,0.5434737637260132,0.8137253973804205,0.8688905816303367,0.5299495103602957,0.700702710317468,0.9970447243780256,146.20860290527344,13.281129837036133,-3.4445323944091797
0.7269541387473861,0.5600692300867514,0.5332268835636379,0.8704086937838961,0.0662941124069343,0.6143168289649478,0.7945819002596994,128.92935180664062,45.466766357421875,4.585480690002441
0.8474440744160239,0.5667842450269147,0.7809516348034351,0.6809312778748127,0.9224528255999068,0.9253715154777872,0.7187211959306505,141.9702911376953,75.8956527709961,-4.845360279083252
0.6565708674600441,0.844168568314309,0.665559602274176,0.6963842235835945,0.4414037582473233,0.7782715533053437,0.5951881978845511,153.45079040527344,34.06563949584961,-1.2616368532180786
0.56227876557225,0.3778291102389892,0.9759630227610266,0.8728361191921596,0.4183586514740193,0.859135983488964,0.542372508176059,142.54920959472656,117.84988403320312,3.0801119804382324
0.5977599694656374,0.4786738386493183,0.8773244550633513,0.771330847190392,0.2732630904005505,0.939544251439654,0.8641899540483872,145.39971923828125,102.10869598388672,-0.6285588145256042
0.483778234435734,0.3657560591651518,0.7532818273245587,0.7670767588831435,0.5683319242974497,0.5791415487647709,0.7611583939905632,152.6634063720703,64.0103759765625,-0.26035603880882263
0.4438952687341609,0.8557922285546995,0.7147208714129035,0.7311625188950709,0.1456635129262732,0.9390655475937646,0.4490338689275188,164.938720703125,118.57183074951172,-6.669859886169434
0.9842625048960424,0.9889499999182244,0.9973438630858448,0.9332514828163692,0.7978424876440555,0.8930563563517416,0.7305299544960135,111.3774185180664,-12.199912071228027,-3.476133346557617
0.4845151246992914,0.7788154519423213,0.8333467760310089,0.9875489737534986,0.4909342111818456,0.9764563903040792,0.4080764545185487,151.2456512451172,142.32058715820312,-5.588015079498291
0.5007478118938236,0.7338243017975656,0.7567342002099267,0.8756103618961139,0.5659822385279291,0.6714543111749586,0.6527714146430541,147.31358337402344,67.4420394897461,-2.61122465133667
0.9260263054897416,0.9399087202379648,0.6988280025849456,0.9812602367989394,0.8395784967711966,0.7094417290390773,0.7123324433423793,118.5101089477539,-68.20452880859375,-3.103379726409912
0.8077706593710949,0.5165529192631089,0.6622021567573422,0.9607943159790688,0.1857044452096,0.8544339077427563,0.7482594364908979,147.6891632080078,75.8466567993164,0.9346156716346741
0.6781295209043747,0.3943701712141243,0.852336041711167,0.739306330685105,0.1757658291498276,0.9674637688072032,0.4108941871758379,153.6682891845703,85.39921569824219,1.716705083847046
0.7995157299326501,0.6818575392297519,0.7936568583395194,0.7178874387175934,0.4207168937892936,0.996062405610709,0.3767301458716235,158.12950134277344,104.09651947021484,-0.912227988243103
0.9625193922576958,0.5200498445414486,0.9236121341970678,0.7371976717517652,0.7850505884862543,0.7497742004356586,0.4889346081749426,167.7905731201172,60.67662811279297,2.08447265625
0.4862065883015799,0.6436853870747076,0.7765200953442999,0.6988247716854633,0.0594453032929384,0.8021560027391454,0.7285479498713877,145.5309295654297,57.86436080932617,-0.3454676866531372
0.568479660113738,0.6470679151427661,0.7908839436193533,0.8606842925606699,0.794067977214426,0.6444963258336457,0.9518794087439104,136.40232849121094,-38.03996276855469,-4.092992782592773
0.9199477961248624,0.5579593606478468,0.7384748883267872,0.7608323110467823,0.5004545154175691,0.8683305819533178,0.8469326219869229,148.06185913085938,21.807157516479492,-0.36283454298973083
0.8745394178686969,0.6665303344883458,0.8808940864391486,0.9704501296179324,0.5612955691632714,0.9296512389373112,0.8239475402766435,141.8318328857422,36.159400939941406,-3.548888921737671
0.996305546087458,0.5977078151300732,0.7073393009048083,0.8708376773616463,0.5639109301738202,0.913092760536386,0.5381366794391298,153.09439086914062,48.285499572753906,-1.28927481174469
0.6084937872017682,0.4245749703870024,0.9254867149519816,0.7864282945686155,0.057073602035077,0.7194572290013642,0.3878115571749869,143.5605926513672,72.13003540039062,4.979160785675049
0.968163484993346,0.9131112690514462,0.6634312701327805,0.994304501751154,0.2501508412379722,0.9834876685592012,0.9245395912988392,139.1699676513672,51.03690719604492,-2.1098055839538574
0.6254689852745907,0.805863145205851,0.8459484074884334,0.9838459594405382,0.7543035898050122,0.6230271891248864,0.6555083803445966,141.14413452148438,-9.649551391601562,-2.073328733444214
0.8371768140104764,0.3780653856714125,0.9459717210997516,0.9257833542559236,0.4122065326450411,0.7828014154299243,0.3801093695569457,167.519287109375,93.70907592773438,5.421831130981445
0.9327404900363868,0.4263427044516834,0.8841157262812269,0.9301297335288092,0.5600524890795493,0.8087276547400939,0.678976524542272,152.4484100341797,45.613319396972656,1.3172733783721924
0.5269087269326587,0.4138503740049539,0.6712013385101119,0.991853177031218,0.9433595494559206,0.8009946252833091,0.7755873971982092,143.59774780273438,76.5308609008789,-7.552668571472168
0.5467776552073105,0.3913114111041132,0.8527951445694346,0.866530173905808,0.0472048754167146,0.8956630102881782,0.5310289949213253,137.0697784423828,84.35060119628906,3.229321241378784
0.7607174722359056,0.3895698112489635,0.6034909543116524,0.9595091017945752,0.4495171009451477,0.8322518662090895,0.3173295472514147,171.19625854492188,115.88262939453125,-0.3747164011001587
0.9105563593020723,0.4531306928195905,0.5291922211994695,0.6883876726884901,0.3613511359363409,0.6045460479972581,0.7385756775987933,137.5249786376953,-8.829049110412598,3.0867810249328613
0.4745623519513179,0.9008883719999388,0.8952530053501142,0.8511002811331536,0.1072189842542237,0.6484736018257662,0.3385491682160734,137.5361328125,54.06616973876953,2.1422178745269775
0.9145784414583462,0.8881599897705815,0.9035542762787836,0.8339567470884279,0.9492691714261756,0.7991665582327258,0.6086891987333893,114.88965606689453,-2.5018532276153564,-2.7454872131347656
0.6251450420403883,0.8589341287407641,0.5116014628141323,0.6793733102636417,0.9599054267417456,0.8685752888152549,0.8783368003331676,130.2534942626953,35.556461334228516,-11.966329574584961
0.6611167579300155,0.7497491603214066,0.9733428373505814,0.6957458912116063,0.3117004641225465,0.7914415617574744,0.9980826402309853,139.75987243652344,26.610118865966797,-1.6522455215454102
0.6232871002943853,0.82026633237099,0.722770045328371,0.674090203368578,0.9452025157101016,0.723590203621719,0.5657015540255137,126.52699279785156,23.055774688720703,-2.966810941696167
0.9491211237203798,0.8299815260800083,0.9521131590351992,0.7646121373500614,0.036136876075493,0.5934297469903418,0.3248126094379956,154.61981201171875,87.92913818359375,-1.8716224431991577
0.5041149081288516,0.9277525604656884,0.8936517934089543,0.6846239664476552,0.9792890036608404,0.9076325480002344,0.6500392326162479,104.65715026855469,103.42804718017578,-8.874547004699707
0.7569073649651936,0.8260026775562039,0.9498072982794032,0.8075638405331113,0.8347190084886746,0.7841802048325032,0.5010192513148639,142.68914794921875,31.378406524658203,-0.05717959254980087
0.5139840902697975,0.8286709024962571,0.9162185922067078,0.9371349030805662,0.2148065836716412,0.8019676104730652,0.9251144125557984,132.19967651367188,60.49660110473633,-1.7873859405517578
0.9588768556492252,0.8725042706460433,0.9864234495071724,0.8709780403328647,0.5989765857282948,0.772105477624602,0.8004160055113289,145.0211944580078,-25.704139709472656,-2.553758144378662
0.8843961816680717,0.7119248649547032,0.8142338229378036,0.8909199270474776,0.7971886313516224,0.68503367461837,0.5891044361774139,147.7264862060547,3.161390781402588,-1.1365375518798828
0.5628411653677793,0.4893764642297972,0.6136128304455821,0.6773055653170704,0.3194900459554591,0.6897496476115934,0.8351726243934162,155.99082946777344,41.59625244140625,0.07195357233285904
0.5992990564793825,0.4060899730561111,0.6946437679306153,0.9460415372000216,0.353849239174134,0.5987179702757616,0.5456854571886705,149.70896911621094,67.94987487792969,3.2587101459503174
0.6470308363001402,0.6229179055023395,0.8755312592062254,0.7154477474030599,0.6283222353116208,0.8741565227511994,0.6698925965840844,156.2014617919922,79.7815933227539,-2.694997787475586
0.660655646889336,0.41072028396102,0.5785205366286001,0.7674843066921085,0.1477531462466721,0.6878250398689149,0.945758721738886,141.2884521484375,35.621829986572266,3.294013738632202
0.8954611461881082,0.4610335097018184,0.9643799050688404,0.8387052611055139,0.118948203588841,0.6992379495814038,0.4486569622290991,149.79647827148438,88.38621520996094,3.261173963546753
0.7513547306143584,0.3667418488450982,0.6026392777408565,0.9761296117746172,0.2501852279294477,0.9964176669646015,0.526322307743025,162.61827087402344,123.256103515625,-2.9984488487243652
0.6734991269664059,0.5458860490041844,0.9374863329031672,0.9987972508527636,0.7403040348955817,0.7365495664382502,0.9201741300631016,130.68707275390625,-9.788740158081055,-1.8528903722763062
0.8396572355278886,0.9800535909885996,0.7416538582887424,0.9271288134322464,0.366661757119879,0.7899545382387739,0.6286970574412631,145.39862060546875,25.75639533996582,-1.3453704118728638
0.6905515884999807,0.5969166012962852,0.91983543982999,0.9093865316258004,0.5070382017701346,0.7368320381686624,0.5296454732453723,153.35018920898438,77.37818908691406,2.413050413131714
0.5026589010958369,0.5074381505011076,0.9785853375340592,0.8423266016105857,0.1959782302544766,0.6956585492829074,0.336625193283122,150.2535400390625,85.19999694824219,4.038158416748047
0.4908305162089866,0.6128096188573882,0.7109115955309846,0.8882051697095072,0.194636995896886,0.5740648268050454,0.5991683745602919,145.05230712890625,62.53072738647461,0.17067967355251312
0.6153613083104532,0.5466199746105181,0.8479351829803203,0.7148603328238521,0.6497423453726534,0.9371416507689208,0.6553347566764498,156.6258087158203,122.63868713378906,-3.8418617248535156
0.7732075115453515,0.7881041254446897,0.6133426128098072,0.7563577258416598,0.1091395759764831,0.7738996327436991,0.5904868555398428,146.01893615722656,35.587310791015625,1.6364140510559082
0.5064217787555165,0.7625580131895244,0.8999479712367049,0.9943052439275262,0.6670845527779399,0.879412699972226,0.5018336220780069,143.88626098632812,93.27336120605469,-4.930161952972412
0.7431469106775471,0.3690124713872291,0.909503644366083,0.9926330549842992,0.4006716999597824,0.981517418340304,0.5648948162290126,145.99725341796875,106.12242126464844,0.2592811584472656
0.5832423842455845,0.6827347339403742,0.6475554882291515,0.774242957800186,0.6705054167210862,0.5727736282614138,0.7529101968083614,151.12484741210938,-1.0565675497055054,-2.3504984378814697
0.8259589528128122,0.3747535507845539,0.5122054711288703,0.7469962475012467,0.3817508871809624,0.8602329996303144,0.9240857877604508,143.8101348876953,56.364654541015625,-0.9992924928665161
0.445669854339055,0.7903640832489649,0.7154337312684477,0.7431613662189781,0.8448116714414728,0.6222976948890394,0.7578844777631788,133.29042053222656,-9.22208023071289,-5.3955397605896
0.6969121855606373,0.9578915197911906,0.5850264329681146,0.8280859549538957,0.0564640434477567,0.7674044574719912,0.7554675901947798,149.0831298828125,36.469364166259766,3.644439458847046
0.4593511541756256,0.9395338362233294,0.9088173863491316,0.7412484999150454,0.8919283982069862,0.9336759875532612,0.8729020734221894,101.76080322265625,67.25346374511719,-11.694847106933594
0.6179555227207421,0.484633698857268,0.6305067763224904,0.8825077381608308,0.2689898810490961,0.6021369336141325,0.4245702073332358,151.6683349609375,62.882469177246094,2.28747296333313
0.4384376960471349,0.832680643874099,0.971294790114414,0.6917109008873743,0.0434854531470474,0.994755607701076,0.518094669072795,140.5685272216797,96.58580780029297,-2.1293396949768066
0.6969551246355772,0.865364074315039,0.985331878001678,0.7013084696921793,0.5619347990828658,0.8199482242906935,0.3457690846799614,143.57896423339844,83.91468048095703,1.3356072902679443
0.8667737667091316,0.9115826699427808,0.9538923860227976,0.7589313270816809,0.224803350287932,0.740475636321187,0.5514858498408957,157.5352020263672,58.421714782714844,-1.103485345840454
0.4866869589612346,0.5195636638468916,0.7995125808741999,0.925393562907542,0.4590139777897211,0.5799061103231133,0.9980662335673784,144.1151580810547,32.3307991027832,-2.331042766571045
0.848651027482199,0.6435254284029478,0.6336674116956105,0.774348435557478,0.8011925636222383,0.8225085783035309,0.5375038388164446,148.45570373535156,41.822261810302734,-2.484046459197998
0.7625624090961959,0.4948704831542556,0.9031794866817876,0.8234139204824142,0.7904543817493223,0.7831950310375642,0.9024120529874043,146.1678466796875,2.458216428756714,-2.320316791534424
0.7171945388467428,0.3670461494625855,0.8504268761037248,0.8852101363267257,0.599812769329211,0.6636398045565276,0.3699743265763897,169.03375244140625,80.32710266113281,4.627767086029053
0.7712768686354202,0.7784689617675709,0.9880075687469788,0.929084165368403,0.976273140741082,0.7812950812028527,0.6272070502911589,117.67790985107422,-1.904092788696289,-0.5555846095085144
0.6210275624605825,0.6309687475754985,0.6884973998290994,0.7689670230427477,0.4635495895090671,0.5770319790346449,0.5527413294925595,156.36700439453125,46.69935989379883,1.6905782222747803
0.8344671466913027,0.5121210187680625,0.5294932308136374,0.9099370236735153,0.0403402048930494,0.998973848541408,0.4496376421376566,144.6731719970703,105.88066864013672,-1.2609130144119263
0.8739845016932959,0.9003921901205215,0.9986007146386924,0.7619688773931218,0.8182570037591347,0.713586405995652,0.5672172518640766,137.28543090820312,-2.14388108253479,-1.386285424232483
0.873162546671477,0.6725950526675042,0.9186589451395268,0.881167275798084,0.2217513073195115,0.776922354712899,0.758986705444491,150.3499755859375,32.37814712524414,0.38788896799087524
0.5831569636959903,0.996038428131839,0.6107325593169833,0.8167832740950437,0.1768186955579294,0.9071609821812714,0.6482540921454099,165.6654510498047,86.55418395996094,-4.359615325927734
0.8022994807532648,0.8655532590868508,0.862425171653902,0.9750102567005066,0.07087851422139,0.8763713812547357,0.8917914619893753,142.2015838623047,72.35820770263672,1.975695013999939
0.5139770477436167,0.914722397357888,0.5004976896767397,0.9934573236647928,0.3280676501009612,0.951541252228487,0.933487351760484,160.7507781982422,140.0137481689453,-10.179030418395996
0.7119585312854918,0.8525724200775883,0.7786410900955035,0.9242893358283908,0.3263314050906337,0.9741061060926196,0.6424651767128073,152.43057250976562,93.58075714111328,-2.7313730716705322
0.4310582860648477,0.4199503354198781,0.6813012804742812,0.9712974391252058,0.3030075316749299,0.6524617960536363,0.986304744497193,145.08413696289062,55.89011764526367,-0.9984173774719238
0.5399078361757048,0.393441084691322,0.6905348691864044,0.7122262744322679,0.5926396408557166,0.7385112495654502,0.3605108071474091,167.6406707763672,117.11453247070312,0.47686150670051575
0.789660492840756,0.9444543519152546,0.6222304199979524,0.8844923864756735,0.7505585136121017,0.8652694145171602,0.501063156304027,132.6794891357422,53.267982482910156,-4.799326419830322
0.9279629021356698,0.4408696510157239,0.6373704785505753,0.7328012702830884,0.936276947417441,0.5908167784363426,0.5976262444631435,148.25128173828125,15.59897518157959,1.0944695472717285
0.4575066554506455,0.6048863003960214,0.7271479154786762,0.7589427115101445,0.0948533353156892,0.878153146699613,0.7118122970266558,146.1741485595703,109.75236511230469,-2.9985315799713135
0.7479456913767133,0.7466406583895182,0.6240403274297078,0.8407105368269181,0.1510319923669435,0.5736511768110205,0.6865166943797165,151.44439697265625,31.551637649536133,1.9310393333435059
0.7925339079473939,0.4886436982955817,0.7330247665163605,0.913601408148043,0.5892983173080619,0.9624585168033324,0.7016830226364901,154.5776824951172,91.27825164794922,-4.873664855957031
0.9610408508327404,0.4973211265292664,0.7883958305054246,0.906785659945824,0.0989277470217151,0.878676803637458,0.9275053814037816,132.26303100585938,56.4085807800293,4.145141124725342
0.8030044726320233,0.6535121187749047,0.8551777906089642,0.9559968256616236,0.3708154956568819,0.8133897429238762,0.5019065115842114,155.97103881835938,72.1221923828125,0.2422439455986023
0.4882902334678227,0.5852253151368865,0.8382202692244308,0.8528338296258583,0.6239137042899296,0.7549756550834597,0.8728875472821221,148.32183837890625,45.903045654296875,-4.369552135467529
0.5132066755969411,0.7898535511249343,0.6209670431963621,0.97491541451506,0.7794825532094769,0.9940762179633436,0.694820305886828,152.91041564941406,176.95115661621094,-17.369539260864258
0.7919576799652533,0.3999538064785502,0.5197186470586045,0.9621261360940184,0.2180667657468385,0.8865205948818784,0.6483795721333825,145.03298950195312,88.24846649169922,-0.7810510993003845
0.5524670349421916,0.6681081417742786,0.9158722267807862,0.9492114566468436,0.6672289960252006,0.9167890804128136,0.5169360913912213,147.62501525878906,125.52729797363281,-3.6316885948181152
0.9587120314578944,0.4642459792721189,0.9356581198978412,0.7431620423618207,0.6451732037026219,0.92452585576786,0.5201385636471066,159.4756622314453,61.445343017578125,2.261420249938965
0.9543694645933556,0.7445754502861555,0.9888668697642732,0.8435790079549835,0.8583387503724925,0.58091732365769,0.5782056327031682,146.97154235839844,-15.760709762573242,-1.4960658550262451
0.9703121534457512,0.4266194048362385,0.9792922100883108,0.9116888155709392,0.3139536653261302,0.5949477735146538,0.8361922813111551,158.85983276367188,51.45132827758789,0.9014988541603088
0.5965483347066446,0.479395979074636,0.8165868160892233,0.9914648418274604,0.7491121507662298,0.6563905393617158,0.6389156090472249,155.24179077148438,41.96099090576172,-0.13939537107944489
0.8382351792840861,0.8723796906840422,0.9466211521155948,0.6707006039144473,0.7510149648153919,0.8517564261750552,0.416790589517049,145.87139892578125,57.36528778076172,0.06369465589523315
0.8074905922491762,0.503726732075628,0.7238227668979166,0.7756205750324068,0.2396033293427754,0.83838498309984,0.8336832662152798,147.68553161621094,70.89700317382812,2.30185604095459
0.449854415182672,0.8290637394891094,0.8932329769058521,0.7806877606373247,0.6205285366815801,0.7106139679544855,0.7673116859179443,137.39324951171875,20.88460350036621,-4.179025650024414
0.5809369002506948,0.5282912216818634,0.9771069712324424,0.7627894218944535,0.6743860154553966,0.9876505813397608,0.9639562943245408,118.44120025634766,110.92870330810547,-8.216678619384766
0.5474206800594162,0.5036363162197381,0.897697757323445,0.938690702926329,0.27474144241333,0.6113784519319525,0.6751554498706899,144.9462432861328,51.01433181762695,2.9337987899780273
0.6409277906533621,0.5452044478047672,0.7077253184346273,0.6818170101128536,0.4516309699697491,0.9037150849134058,0.7611495102825576,162.60018920898438,90.66339111328125,-5.846409320831299
0.9728190185435996,0.922319961733231,0.6887506409117301,0.7863698240468963,0.4356522467029621,0.7772024431030432,0.6407023716877156,141.5462646484375,2.7164056301116943,-0.13103191554546356
0.9115692097212498,0.6087363668059707,0.645706778567061,0.903523169631387,0.772466210314518,0.7506707570513258,0.7792814407510265,139.18215942382812,-16.005815505981445,-1.724813461303711
0.5968173746659142,0.5092971758587242,0.6834107668055315,0.8021027910377669,0.0017482403673075,0.5824953201707563,0.6109756490812097,136.59947204589844,62.42649459838867,3.971283435821533
0.7316880086268945,0.6991450989505803,0.909828664462474,0.7147404050870958,0.5007237994359702,0.8827950048556532,0.4057997376205057,157.1767578125,92.5322036743164,0.1534850150346756
0.5391550467330244,0.6012662003461258,0.8503794170971799,0.869987820387141,0.1848986807388734,0.9015150719031216,0.989714652050296,139.3024139404297,114.9075698852539,-2.1404612064361572
0.5877024170203198,0.8635047070665726,0.6249061044508031,0.8406396944207728,0.6461428634169631,0.707960044128327,0.8065112524980041,146.9034881591797,-14.785699844360352,-5.766342639923096
0.4666126930600441,0.993308117022368,0.8553893270623503,0.9933726638821132,0.6795786399395952,0.792633951138671,0.7296458466467359,122.50296783447266,11.664474487304688,-5.419369220733643
0.7958579673131656,0.6926208155308546,0.6895675285152169,0.9157761709199084,0.5008234251751357,0.830898356652684,0.6421404283175942,155.5638427734375,68.69371032714844,-2.451930046081543
0.8040173862826665,0.6441179285360004,0.7786228419671988,0.9948151395099372,0.5416152932252187,0.728780598663921,0.8003649983960721,146.90740966796875,-14.922797203063965,-2.031717300415039
0.9075220589877436,0.5736484308218452,0.6850611723916694,0.7288051504447615,0.3152607964542583,0.8348068849009536,0.3981766436068476,154.03854370117188,58.615291595458984,2.329843521118164
0.926361322268748,0.9822192120176916,0.7605782556008196,0.9201226666066014,0.3135300034159983,0.7572105096530062,0.535303222290634,148.03591918945312,41.989139556884766,-0.4057922065258026
0.5207965781611448,0.6645589208386493,0.8645100677071138,0.8502939931524427,0.7441508661048487,0.9470557159234404,0.3967488409728617,154.7090301513672,166.35694885253906,-5.383538246154785
0.8531075869450547,0.4666683135992171,0.8651724546867158,0.903797516744265,0.1324322149815995,0.8788238144829377,0.3976608321031252,150.3468475341797,69.97697448730469,4.5680718421936035
0.5063455700641195,0.9795467422549894,0.876181951255885,0.8223279210783588,0.7704654091730535,0.6188164426865628,0.3256522828681849,130.0653076171875,38.35736083984375,1.7893701791763306
0.6425845018246563,0.9741446785654296,0.6953804983235458,0.7374650822061476,0.6542918694835153,0.9135006686701336,0.8309524341162737,146.49041748046875,44.59193801879883,-8.472491264343262
0.7234255950872304,0.6337310645507652,0.8448851960836645,0.6820382551919016,0.8831297489226858,0.7158918643343849,0.4673346051858088,144.4746856689453,55.35377883911133,1.6255296468734741
0.4577583850180941,0.5769871259643906,0.6193306700198828,0.9456297615898228,0.260496541859278,0.971644080282128,0.8833120903936811,156.08538818359375,171.82408142089844,-11.088630676269531
0.5189179710375981,0.7923568067022086,0.7385107974030961,0.9378206743798454,0.5058622366470782,0.8295851583878814,0.9331350789869798,142.3353729248047,66.1850357055664,-9.602275848388672
0.5841010934853359,0.8886077976939404,0.7912711278131929,0.7208853125902218,0.0399424101284177,0.5833561342741898,0.4269251111469679,139.86634826660156,50.843109130859375,1.568723440170288
0.5022612055679625,0.674443426895575,0.8428815652514423,0.8814049720256554,0.911085455088118,0.8856015964960434,0.7986005413975453,122.56866455078125,84.71336364746094,-8.01174259185791
0.9620129004340774,0.5657257081998406,0.9554700600134464,0.9121867311222368,0.6746147650829781,0.6274693619029669,0.6276152310654715,163.49179077148438,7.368778228759766,0.9391303658485413
0.5939071938489893,0.5466559443723564,0.6523098430197347,0.8522851104910687,0.622241280465461,0.9467125938334974,0.943128076462861,154.43927001953125,125.70246887207031,-12.215060234069824
0.7152373140382138,0.56299396782033,0.9221648387014434,0.7723327533342839,0.731756783304443,0.9771015013989216,0.6442017065491272,143.0356903076172,114.1251449584961,-3.4221456050872803
0.9976037754497272,0.4277989244623287,0.6554829045564532,0.959817093941288,0.2846149794192689,0.8688781617118302,0.5715975965396727,143.24916076660156,36.367740631103516,2.244506359100342
0.7525570856455225,0.8560002917150926,0.7756956763586843,0.8804935994478515,0.6032779784914081,0.7994375741184617,0.5136009013709913,149.06549072265625,35.325531005859375,-1.3371665477752686
0.6641202838957434,0.4193247869595063,0.9135846391715784,0.9063610933295028,0.7998040519049006,0.8290256963142446,0.9325757587331284,128.95042419433594,41.3969612121582,-4.045097827911377
0.9595596115550492,0.6094810569132507,0.8611878920354938,0.8837109997716341,0.0911079082893702,0.7549560689557906,0.4665577358238232,149.73382568359375,68.08837890625,2.7426300048828125
0.5563876757430287,0.8925095251801483,0.9309435847557392,0.906717345928276,0.9572699085358164,0.6073057218331305,0.880358950252609,107.09918212890625,-70.7876205444336,-4.730794429779053
0.5318785273030072,0.6132351178620982,0.9069851830436704,0.7150741754329527,0.8905217223361722,0.9687682718606472,0.4445502748274298,133.0601806640625,172.55531311035156,-5.728555202484131
0.7347278316971456,0.5423568580836262,0.6381203800144898,0.9736687976258952,0.9614604332322504,0.7123343325269935,0.7535651237619607,141.28720092773438,6.288444995880127,-2.944995164871216
0.673129995237786,0.9659587847702528,0.9958799557285142,0.761883533718134,0.8072104667434938,0.7053473164296361,0.6212588979351021,118.37617492675781,-12.653465270996094,0.44407567381858826
0.8838573783328862,0.4333157438990199,0.9679526091080488,0.9450520484283228,0.2945700856774624,0.6533799035094258,0.3829282997320798,163.0198974609375,74.26847839355469,3.2128779888153076
0.453506110031503,0.924862199989816,0.7149191856440963,0.9639538981104774,0.5810337966956157,0.9959507448772118,0.3975974814087323,158.81915283203125,174.0398712158203,-11.076502799987793
0.7816754897514127,0.3915274291885803,0.5237226006602319,0.8834146913724049,0.1208947115271147,0.974635816986976,0.5046195927348565,146.00949096679688,111.92122650146484,-2.5130274295806885
0.8346607192096985,0.6193435636857636,0.6516748112114952,0.865813298060656,0.753175942992978,0.7209921478457623,0.8383531364869474,141.3507080078125,-31.729341506958008,-2.0869760513305664
0.98357132675231,0.7607782112330688,0.9176049672360642,0.7030947849643263,0.1542809718290878,0.6827500921000569,0.8124109595070129,162.752685546875,41.05401611328125,-0.6171445250511169
0.5126474620856196,0.591152115825435,0.9748782435370492,0.8119079253583442,0.865526969871459,0.9159665565276444,0.452071040585174,138.51028442382812,149.3090057373047,-1.1127532720565796
0.5699230593559905,0.6978272478468532,0.9153680250384192,0.8702511991367227,0.2409620371457362,0.7522854404539613,0.6385505409461818,144.0213623046875,69.55299377441406,0.7635408639907837
0.9610706345861646,0.4835249659377207,0.6982284589617134,0.6940554524504975,0.1610348077242454,0.985422301233797,0.3776852610684416,150.78756713867188,59.0932502746582,1.9195337295532227
0.7890304668876774,0.7201439857197085,0.528379147495108,0.7038975809762458,0.071770525058887,0.9569541152881572,0.8034724752441127,146.74000549316406,89.37720489501953,0.17334528267383575
0.4512482568281536,0.4385111469175021,0.7585580229837092,0.9972447685927864,0.7104906642967004,0.8963303605138198,0.856686131692501,141.85067749023438,134.88577270507812,-10.045642852783203
0.4736471664150835,0.8673283832077053,0.6880632999199827,0.7773232876031393,0.1867565809740004,0.6100175687735513,0.925621391600449,153.95623779296875,18.735151290893555,-0.5965433716773987
0.8772762055369394,0.7297086244193635,0.5615474787555739,0.7831429880088023,0.1981894595186077,0.8718168154235548,0.9202790731214948,143.7651824951172,26.96468162536621,1.2044140100479126
0.753031240362074,0.6636830806653937,0.5530007423878122,0.7504819402584196,0.1702942706332507,0.9937467762620944,0.5434060307636763,162.78424072265625,93.84575653076172,-3.0732264518737793
0.7518575600527337,0.3867241693739212,0.576557275659176,0.8816839683656036,0.3060229047530804,0.7311955741229176,0.4860630504590092,153.01327514648438,69.07842254638672,2.3295302391052246
0.9311003696879724,0.6752486393726107,0.6029112508071747,0.8241652668539635,0.9397123009537236,0.9485520717490354,0.9277383429972594,121.3238296508789,-3.0271999835968018,-9.202461242675781
0.5669901369976853,0.7166014455049492,0.876483415364463,0.9297130971297398,0.4863580152013902,0.7460983359498812,0.4114065309748146,159.7423858642578,82.19316864013672,0.853660523891449
0.5210083876063973,0.5234975661938575,0.6907198071916048,0.8372754532273884,0.2612277961681793,0.9869343953165948,0.3517904064680455,165.77935791015625,147.82008361816406,-5.779058933258057
0.7794410824757803,0.7905112758757264,0.7182958893209015,0.6719540226741665,0.170986539918933,0.85106099665513,0.5271374625698704,155.77589416503906,61.07095718383789,0.24040964245796204
0.9325581692305578,0.4010486078039569,0.7988969303895903,0.8273619176603058,0.0199089131201501,0.612829774962071,0.8339837903265352,137.05288696289062,57.9941520690918,5.2445573806762695
0.5807576679767527,0.4865634089357214,0.9795028551078788,0.6851814007748561,0.3650595440899882,0.7764192816551932,0.7885128829760659,148.28042602539062,57.31957244873047,1.7641037702560425
0.8179108146780113,0.8293769420679177,0.8778227318108026,0.9418043992190585,0.1108212155693891,0.5928285749965894,0.989970583305512,148.78700256347656,44.9449462890625,-0.2027929723262787
0.5164186169197602,0.4467197928773507,0.822527224147132,0.7046279641189905,0.0279974464029452,0.7405108155653792,0.5582932344031541,137.13101196289062,53.1124153137207,2.766017198562622
0.5275509115337341,0.510456368419131,0.8715137110637734,0.7389827367285982,0.1037586938973253,0.9630113359737864,0.5007247697872864,148.8607635498047,98.15043640136719,-0.5356078147888184
0.9434381139468132,0.773181307290154,0.8592622303238301,0.8198048511640228,0.3187147112639775,0.6708604934495761,0.5711392589701949,158.3922119140625,40.273284912109375,-0.3338078260421753
0.4968019354051132,0.8237330728272863,0.844762288965982,0.7317423545496833,0.7498818896420361,0.9780583207390838,0.849087653108546,133.10350036621094,109.0705795288086,-11.91243839263916
0.4434369931097901,0.3846644460242768,0.7479859741749272,0.8461638548061718,0.067863061065542,0.6142933800519652,0.4583858315894595,133.1871337890625,79.18251037597656,1.7574660778045654
0.8712909337886823,0.4333453411201348,0.7831533518783673,0.8200486970632402,0.6778883071803629,0.8558591295417586,0.9629307716317452,142.48641967773438,27.62474250793457,-2.4238924980163574
0.6361971662287064,0.6404679115655495,0.7305542216945855,0.98362249995355,0.6199148999926912,0.984523202523784,0.663554036375849,156.7646026611328,133.23464965820312,-8.840537071228027
0.6556627735362583,0.7355458023486618,0.6973374219771105,0.6962186880484446,0.8806520219772537,0.851301413626095,0.8496990207802324,135.9172821044922,44.24455642700195,-7.897463798522949
0.8854941716368789,0.6454353154915835,0.6353349513104413,0.8586398473844293,0.1845458372080241,0.9560078562382224,0.8800473504379118,148.75698852539062,68.14381408691406,0.49256208539009094
0.5321265148260794,0.7707275911125947,0.6774944547736889,0.9064216564385926,0.7931679317773406,0.9953615612541156,0.6403479920309385,149.31065368652344,179.71783447265625,-13.942976951599121
0.8002587711100874,0.841332833933337,0.7140979121232673,0.7092738316778883,0.8635735753402002,0.8460371754184526,0.8209626068677895,128.543701171875,-12.302748680114746,-6.07122278213501
0.6082769025249003,0.9667950596579856,0.7894101555066471,0.8785052312303216,0.9748891353940377,0.9060857721598669,0.5618433587587156,113.70207214355469,83.35991668701172,-8.707659721374512
0.4889946400622502,0.5780856525071102,0.749717373236564,0.9542606314096396,0.8074107698696726,0.585240818723931,0.8688111879271074,138.687744140625,-3.5289149284362793,-3.9761483669281006
0.8214458972827847,0.457015067135088,0.5540469813898118,0.9287568081763248,0.1244906904306494,0.7542954624835618,0.8777367933521588,129.89747619628906,48.34513473510742,3.6089162826538086
0.6112044133292781,0.5224711150822894,0.6698860623429213,0.977851495395847,0.9456137943774888,0.6948350281937152,0.7004647754433246,143.90835571289062,32.371803283691406,-4.57811975479126
0.9235410302261996,0.4473305560504588,0.6879689209592639,0.9064835463882048,0.8138359548909846,0.924012841505887,0.4610328094295461,160.47824096679688,88.37667083740234,-1.9389885663986206
0.953428048122276,0.606843573747191,0.853088187323467,0.7978613594854926,0.2128069965429836,0.8613185092162446,0.9783916405004904,141.79034423828125,38.58805465698242,1.880363941192627
0.9135358480275484,0.9168978428952552,0.6663505651136805,0.9729560614214716,0.1658072951170601,0.8343075003982776,0.9624023796387224,147.09974670410156,25.912921905517578,1.1794281005859375
0.6133064255868392,0.5762571629366705,0.5041250841570509,0.7417773740062086,0.9349280551400366,0.9699293800425977,0.7373467862469261,149.85317993164062,178.0347442626953,-16.001802444458008
0.5644163295623504,0.4477572468706005,0.5422584489526365,0.8609580478744312,0.1563343361618995,0.6095657794422031,0.9877869711681968,137.08111572265625,45.81870651245117,3.2770731449127197
0.9384735749304502,0.6900658448933399,0.7482811818447515,0.9214739418808352,0.7760502601840417,0.979458179401878,0.6568448425250688,132.40988159179688,57.14894485473633,-4.94757080078125
0.6877482925544909,0.9942792685871612,0.5942601064490225,0.9569353249573584,0.4052167159033325,0.6146533038953161,0.5692659236634073,146.35934448242188,-1.6509767770767212,-0.05966225266456604
0.8329851920662646,0.4732699467799975,0.7470949528354097,0.9716558987240268,0.7228969923049432,0.7199594865003567,0.6277509466092621,155.80023193359375,25.078720092773438,0.5069789886474609
0.9010595057645464,0.8555170589470514,0.7868270028822951,0.6950885897239617,0.0926606123592913,0.8410895433632337,0.3425469467409746,144.6114044189453,52.55279541015625,3.227208137512207
0.5878464396820684,0.8850003712947286,0.9661750031943594,0.9083039463834708,0.7241466091242471,0.7175898176668987,0.6887125709799748,128.03155517578125,3.3564133644104004,-1.4638941287994385
0.4974474446223588,0.6114411547022682,0.8274535107460799,0.7347091001858805,0.5115789830070419,0.8634388341440371,0.7692739115766423,153.76304626464844,112.66314697265625,-5.566174507141113
0.7857236213619304,0.7528897080496193,0.5156502985106115,0.9259510461348264,0.8989902270036794,0.9031585172271368,0.3863068225493142,145.02247619628906,140.31240844726562,-7.320337772369385
0.7659808112141544,0.6315585130130934,0.690234057657509,0.8998664284927587,0.1889452567850181,0.9258604341483604,0.4867948047625573,159.8500213623047,104.34002685546875,-0.162066251039505
0.5835789397942381,0.5213321610202774,0.8962890711931757,0.7271421268499133,0.1101177364231553,0.6482563838548775,0.8070756172650492,141.67510986328125,57.01450729370117,3.597898244857788
0.7628539481559499,0.6275041674682016,0.6302397646991913,0.9438144793623052,0.1967458799508867,0.6494251066231504,0.8568843478692126,144.74856567382812,23.505910873413086,2.8670830726623535
0.8800788182472272,0.413056744802379,0.9619489089617944,0.8204113419637328,0.0794206805931095,0.5939341272906575,0.9891531903249704,143.380859375,64.49882507324219,2.7144253253936768
0.6290727363774179,0.8095465499534789,0.7642634212472166,0.8477057869209705,0.9785455801466824,0.7814679760609776,0.4851617891741747,132.4102325439453,59.075401306152344,-2.0704989433288574
0.5676854468621664,0.8887821027021064,0.5463079260768463,0.989902102273317,0.1235815929737827,0.6303769549676442,0.8898002706498975,150.75503540039062,32.22467803955078,1.6784061193466187
0.8428245826987151,0.5505490610964523,0.620807914755183,0.8852113141831505,0.2013639420264096,0.7078058796212627,0.4293581775317725,146.44680786132812,54.92656326293945,2.1251842975616455
0.8775221440187628,0.7184860559480284,0.9526259178880347,0.8625747036644081,0.808544070682147,0.9309614663976084,0.4009994566463156,147.9593048095703,96.4903335571289,1.5009931325912476
0.9735234041314248,0.5017701285229468,0.995142598383469,0.6724019467663458,0.2471426371088539,0.977242037094832,0.8125922776090739,144.98797607421875,57.2652587890625,2.1440582275390625
0.5136863930497063,0.4339099585288114,0.931016587404939,0.7330829351498656,0.2227480611231334,0.9231107952349752,0.6176864059300096,149.77490234375,107.31472778320312,0.9506335258483887
0.9364576769079748,0.7814545899212674,0.660251987384948,0.6756621697649364,0.6715414601100346,0.5718401208681619,0.8571136414330828,144.2362060546875,-70.77542114257812,-1.4813952445983887
0.8656810061498652,0.4382187248394837,0.8839884910040409,0.777681906611418,0.3987403413438441,0.8144695492084378,0.5053457799089192,158.751708984375,71.92179107666016,2.6787490844726562
0.8296563816909592,0.8581774010111088,0.6111009858812072,0.7814055144728256,0.8342673766567835,0.6428324525781468,0.4576249541644407,129.405029296875,4.178040027618408,1.4392634630203247
0.6080063143399582,0.5274432613085516,0.6921271106506914,0.8432072025659768,0.6375935394410293,0.73224515065423,0.688490304825081,158.2408905029297,53.31050109863281,-1.8814008235931396
0.4422099768315484,0.8818594226820133,0.8482165559500056,0.8962341628185494,0.288490278869338,0.754555706073147,0.3902901558159945,151.21266174316406,66.39820861816406,-0.9221335053443909
0.7188733730417198,0.5901578804874396,0.983880238387217,0.7264745647996617,0.5973571207413493,0.9747967445875684,0.5027210100916543,150.89248657226562,114.97988891601562,-0.1531580239534378
0.5924537508200028,0.5903769882948491,0.7194242747989843,0.8669286777546202,0.8651656411795843,0.8425713252119447,0.4253229397208749,152.85726928710938,121.4537353515625,-3.3662939071655273
0.5947632671225198,0.8378194252226208,0.7477010511235158,0.9718002887207284,0.364551242784881,0.6860213544978677,0.5311302991562803,152.8335723876953,58.325645446777344,-1.129629373550415
0.9580468767051504,0.6820493257759053,0.6100729662485382,0.7283578938935312,0.7355280265385856,0.8464440287392313,0.8375599926705094,144.23291015625,-33.199073791503906,-4.411468029022217
0.5167548488938927,0.481564614301928,0.7014633733179128,0.8860302879860942,0.4157617050605438,0.9786132616597448,0.3940267787725355,174.31585693359375,176.551025390625,-7.221282482147217
0.9620904843342684,0.9025342751116564,0.5316153608405789,0.6819891913798921,0.5426563122586884,0.5968613258047857,0.7318767976676324,136.67086791992188,-55.66896438598633,0.7774231433868408
0.7167393420757316,0.5717801585475852,0.928804897134013,0.8434791128131544,0.7327648629211816,0.9205072375501746,0.7132325249329088,140.41226196289062,96.51895141601562,-2.5668282508850098
0.9073953180882002,0.41790967153865,0.5118029865285421,0.9134524056823434,0.0614217349574838,0.6643157036043025,0.681151620928935,121.15837097167969,29.641489028930664,4.401947498321533
0.5912100788052604,0.6209457075923424,0.8414049725680787,0.6781487019314143,0.4547719372565221,0.6370370754345314,0.644085043966294,159.3533172607422,41.04666519165039,0.43111470341682434
0.790906868578028,0.7233378901741213,0.6365599338565242,0.777799297944888,0.0960136106730084,0.9559492553247564,0.7676423058083639,147.57122802734375,90.0402603149414,-0.18441320955753326
0.7468259465586342,0.7466240138258555,0.7378522881938328,0.9588230222792296,0.724094009201944,0.5723537413437041,0.8969346933598319,143.4193572998047,-67.60958099365234,-3.969796657562256
0.9563524998999438,0.8929402679743287,0.640722077533211,0.7418182914492211,0.6072132506131532,0.8884765975755031,0.4224334684796323,145.06634521484375,40.281768798828125,-0.9989001154899597
0.5317632043248671,0.702235357002938,0.6998896898390055,0.9072447882326716,0.3271000038584141,0.6088647176812209,0.8710147699389803,148.314208984375,28.712875366210938,0.3268955945968628
0.5461684378582818,0.496300475937334,0.7731337421373371,0.8704487183531253,0.0771330609040131,0.8358388902167257,0.3532567328429713,148.44268798828125,78.52210998535156,0.9952329993247986
0.970488026945258,0.5209039477856515,0.8201212217698817,0.7212670986759594,0.9243452068990432,0.8370797168747726,0.6426245091049269,152.1962890625,34.9951286315918,-1.1843620538711548
0.4854013266988602,0.4166546194292692,0.9695940093824033,0.9135083655514092,0.3152064759796333,0.9405155585402726,0.6628084734270969,132.96482849121094,126.62899780273438,-0.07019224762916565
0.7913411124676071,0.8283240963934735,0.6660054899798331,0.8437895347951108,0.2756872297503591,0.9233376766097304,0.4468880511828882,151.73692321777344,94.88034057617188,-0.6091111898422241
0.4640822978813747,0.4199611265767533,0.7921451186015727,0.7040850893460695,0.1017893257548838,0.8645626850249932,0.3726539984069222,149.9031982421875,79.09161376953125,0.1835395246744156
0.473445838774497,0.7439840358804477,0.9503408099637236,0.9825744526359976,0.5768429589301912,0.7342980861758859,0.3624990077243351,148.10743713378906,70.48663330078125,2.0019187927246094
0.7699461464303443,0.7382374736884935,0.6450522844270045,0.8304465320071008,0.2659903334971535,0.6427236698649514,0.3365806958423517,148.98910522460938,50.97189712524414,1.5189942121505737
0.7438501962029986,0.8604620196123383,0.9320321126828616,0.9146302845831832,0.8416212644260188,0.8434027295141051,0.7055464943576875,124.57313537597656,21.072107315063477,-4.935130596160889
0.7561958193025428,0.3996643820976796,0.9782155900505268,0.7392309291627098,0.6819700435983763,0.784084226061317,0.4179193955385812,166.30288696289062,91.92023468017578,4.219841003417969
0.6995506161705279,0.48281820440415,0.923267085475108,0.71245208942768,0.0049631291236389,0.6048936416244168,0.8672817857385673,147.7184600830078,62.055179595947266,3.5899150371551514
0.8527190582866101,0.9408785528757888,0.7846578121394723,0.9133750857815184,0.5651961012426632,0.9801939749374332,0.9293641083641722,131.0598602294922,36.45378875732422,-6.315404415130615
0.9951266396346288,0.7222197658132221,0.8606716316086773,0.8909313235238996,0.2322634665928241,0.7060194491601263,0.512117111634804,154.1470489501953,60.94478225708008,0.20824690163135529
0.5867603191751944,0.6479691661337054,0.7403268051229095,0.7579912439474162,0.0163842188565358,0.5724783146598501,0.4241049421448939,140.89479064941406,74.74746704101562,1.4400798082351685
0.6139265614290588,0.8359418795283368,0.7983350056380071,0.9150302526558162,0.6187427285529677,0.9571566319137526,0.5927425123429093,143.1471405029297,116.5426254272461,-8.251485824584961
0.6137041824814187,0.9363203674476326,0.9866624407249088,0.83478020375193,0.2054163132103687,0.818329650260089,0.9174065299286728,135.1167755126953,78.7798080444336,0.840631902217865
0.8646379469849257,0.5217746962642413,0.6255258657319527,0.7827654262729925,0.8982496697672483,0.8850448030296224,0.5860060387066904,149.676513671875,71.73231506347656,-3.1605324745178223
0.6279352726261078,0.935636617991058,0.8958348265222592,0.9285360290079964,0.5728812870421303,0.6368481842923451,0.3854925609032349,134.2327880859375,37.132171630859375,0.6923999786376953
0.8153130651598237,0.4217457083775485,0.7528916514944615,0.8719601463221884,0.2096754558096,0.7445861500544453,0.9883284182219352,144.25381469726562,45.80482482910156,3.0135366916656494
0.6837242796590832,0.9850352535417086,0.5884576602046231,0.8355372042274296,0.9775252595259716,0.8474132146911715,0.6546980011973206,119.24701690673828,45.678138732910156,-7.10384464263916
0.7760202338739004,0.4581475318380605,0.8214402334563412,0.923951424888474,0.5460153271827253,0.6788839895205538,0.5464872845845458,159.89755249023438,58.668235778808594,2.562814712524414
0.9021147100615918,0.5238663054959369,0.8957748082934673,0.8480291295881063,0.1660813199311527,0.871547922609778,0.9256962290044104,142.13699340820312,49.02041244506836,2.520195960998535
0.7225831719828877,0.4139018870856599,0.7841062960763716,0.9789702288143036,0.516895287987565,0.6714646246067449,0.9489356292191596,148.9715576171875,-0.9371086955070496,1.145825743675232
0.7004176756957403,0.8722419610181135,0.918244146363118,0.9389006953605812,0.9578006311557976,0.6609931004741786,0.6527230134215594,114.32244110107422,-25.13079833984375,-0.6658594608306885
0.5817403472578417,0.9892804094044269,0.682814204018058,0.7859550304392198,0.4241161880846905,0.576533950140067,0.5219598633150787,145.95947265625,8.453913688659668,0.48536041378974915
0.7236353682122394,0.5437924621953591,0.9563548901199628,0.8214524844235105,0.4252483837042988,0.692115868683082,0.6429749087282847,157.84239196777344,49.698524475097656,1.8974307775497437
0.5791397399529361,0.5623543327973618,0.8238290200011065,0.9852223905121124,0.4609323489304235,0.677075987188899,0.4618129904371384,156.76953125,70.36946105957031,1.38558030128479
0.9104112526076892,0.5321268297210653,0.9011330028181476,0.964559267920431,0.2804011572236719,0.8984279988843953,0.6399510556362227,154.76821899414062,54.88032531738281,1.4683455228805542
0.6512197399747767,0.4516500235971915,0.6364418222274608,0.7304125038125335,0.1624027855040531,0.8151903974573997,0.4687946773739049,150.2428436279297,70.40282440185547,0.5179457664489746
0.5031534587723596,0.8617199803953858,0.7228841172009606,0.7580564790537621,0.5784131740885667,0.6476067143480745,0.7389855325881249,147.68719482421875,5.256642818450928,-3.480470895767212
0.5663457915234285,0.3906478309736387,0.9542825462642376,0.7880280207682487,0.8928288292787522,0.8145136937396458,0.8337011543930744,127.31938934326172,68.48041534423828,-2.6692702770233154
0.7342815623203018,0.9786121650923548,0.5255628854078963,0.9594522917321476,0.7347890607280427,0.6679702819987303,0.9778444873007092,130.10403442382812,-94.6842269897461,-4.2068305015563965
0.9518615571755222,0.9523863729145554,0.7018422919463843,0.9752728308101912,0.0969848555043372,0.7535222574016268,0.8905782932371702,141.32022094726562,17.151174545288086,1.8736766576766968
0.6008855528882261,0.428062193014327,0.8897297261583084,0.9336739571967796,0.4008184238178922,0.9513911615457948,0.3702199998461264,157.35179138183594,131.31695556640625,-0.020634835585951805
0.5802649197606538,0.6945326603335611,0.871505002375137,0.7585236336489859,0.0063403500496132,0.8791415437659273,0.4564754614630676,144.9995574951172,78.48336029052734,1.8166731595993042
0.6613067003960806,0.9948675490506708,0.9253285645297498,0.9618521554487334,0.3081623378388654,0.8499956076309885,0.6767223371528235,140.85089111328125,48.64033508300781,-0.43461132049560547
0.9811987434103784,0.9039672801171108,0.8692961286119665,0.6777626843295581,0.6686162440465487,0.6919348527435052,0.4881660965060743,151.4554443359375,26.994604110717773,-1.1861717700958252
0.91135148240557,0.8148473841150293,0.9729919298800388,0.8074453721387758,0.2905043565586563,0.624838254056515,0.3208490752181938,163.68092346191406,80.10449981689453,-0.9392260313034058
0.5148732472682324,0.3658479202016099,0.7489108087521046,0.7924208532618549,0.8393327379480153,0.8935497286416207,0.8301940392082306,144.61956787109375,129.7146759033203,-8.232789039611816
0.779411064937114,0.3956115899054325,0.8118318335712325,0.8448400449847387,0.477145656122374,0.8144123074414373,0.557081440355557,156.47259521484375,97.7347183227539,2.3371660709381104
0.8809378088968407,0.8659806074107229,0.923372953586492,0.8532880439250471,0.6684083807366155,0.837876514532605,0.3564378874702456,147.73574829101562,62.039894104003906,0.2881307899951935
0.8673406359209308,0.5953048726517649,0.8504745890598648,0.741793244750099,0.8825219439245767,0.9885548382899711,0.6609998908882935,137.657470703125,88.60137176513672,-4.0859503746032715
0.7082111518488272,0.7845746412993299,0.5511052638466364,0.7348592325811768,0.6820134503299781,0.7205168537383531,0.9831970495766074,146.22447204589844,-44.39030456542969,-3.860287666320801
0.8467179158251522,0.8304355449305278,0.6833772810333204,0.9340818242772488,0.8959463410767416,0.9139900301780386,0.7777394381391791,126.28081512451172,27.15085220336914,-8.159775733947754
0.762215462856898,0.6249536941940733,0.7760358571717221,0.6921688672140102,0.8069280831822422,0.8105920169517766,0.4201836473347531,150.18658447265625,70.90337371826172,-0.01963590830564499
0.5443871791435554,0.4442303516537145,0.8769482872669934,0.8308868806693817,0.5665819582660143,0.6721680931201585,0.6647552984656094,156.08306884765625,90.14971160888672,1.4624882936477661
0.4615112393281032,0.6019488277566307,0.7715309807135962,0.7305657823438582,0.2974841519107593,0.5941797194553591,0.9312694310881546,150.5058135986328,43.05424880981445,-1.4484033584594727
0.6401816794105267,0.9159133217855636,0.8883470859471473,0.7731104463321321,0.2983909852636862,0.834990291230566,0.3482817960583335,151.5515594482422,70.66549682617188,0.6006169319152832
0.4648660116437862,0.5659025328994006,0.9183323521623816,0.7590511059862692,0.8740110043141818,0.6988337445124184,0.7497791152187735,131.56236267089844,29.708322525024414,-1.785091757774353
0.6547250064872331,0.3918986243508316,0.6325192622278304,0.9024714057735904,0.0547966479177411,0.868973307562992,0.807136758500651,138.79208374023438,107.63439178466797,2.0286636352539062
0.90203697576173,0.9730098464465388,0.8077421190337841,0.8184929195798476,0.939937102298808,0.8712178814676537,0.7952625746865559,106.86752319335938,-39.92486572265625,-4.4857988357543945
0.9108239142526616,0.7925120292556584,0.7782922716493277,0.7664170246218941,0.3272297899712468,0.766333408716609,0.4142705981902486,153.2798309326172,66.0919189453125,0.09219257533550262
0.4489823647347722,0.7018787933045171,0.6136419896310746,0.9433228593463996,0.7379218412601013,0.8009447031532207,0.9350915020738358,146.13156127929688,43.757537841796875,-11.523133277893066
0.4691961472153301,0.8887265606094629,0.744726334742843,0.6953611411665936,0.3301916707685335,0.8394958324742706,0.5326602338527726,156.8117218017578,73.11011505126953,-3.9908511638641357
0.8113970407279394,0.6178081191508042,0.7740276041922964,0.9217076501376528,0.9517693983398752,0.7719544386689445,0.3465608948580731,143.60301208496094,82.56259155273438,2.1052377223968506
0.7145686981926285,0.9898532559077788,0.9082126883121076,0.7494122133114047,0.0374337652559981,0.9467566927710658,0.3682154969456973,137.17227172851562,93.05663299560547,2.1554019451141357
0.5146967928912339,0.9071784106014654,0.7303035507395426,0.9721471585804866,0.3534175002862979,0.6040350856077134,0.6257383789162636,148.43870544433594,24.80582046508789,-0.7552739977836609
0.8887273652976462,0.5331411781504996,0.5405506829656811,0.6686757581435611,0.8661623504502408,0.9905667896899212,0.3384710793840925,154.46249389648438,147.80270385742188,-4.513619899749756
0.5529666492601409,0.5918065535840145,0.7434371975046308,0.8519652765665864,0.274370579594673,0.5858676099861906,0.8472277255849601,148.44818115234375,50.80131149291992,0.5178311467170715
0.4741061762277106,0.5300286038370436,0.9185028311203396,0.8737834610247324,0.2759292693462725,0.6605520078993878,0.9065742485885296,141.1466064453125,54.92307662963867,1.2711186408996582
0.8567934442020344,0.7786817149689187,0.7853542459215874,0.8588288507711008,0.8973680783747924,0.8744596464495726,0.3201666481959181,133.1300811767578,90.92597198486328,0.28385573625564575
0.7762033855640623,0.7657116793102758,0.6593476116561028,0.9378895009129596,0.8293837846792146,0.6078947785079791,0.8681820883187391,127.63394927978516,-83.39451599121094,-3.8408291339874268
0.6543997160456929,0.6899835163326982,0.9599508358790814,0.7041310551681664,0.106542596631535,0.6836769349884352,0.9859471388065284,137.8731689453125,63.81029510498047,2.0139682292938232
0.8244271889397643,0.9773586794819598,0.5778625737070633,0.8050349634173384,0.5796619773800872,0.637408572967776,0.3318576390333433,125.79210662841797,36.345890045166016,1.8286608457565308
0.9490645686862352,0.6574234006159675,0.6633478405941634,0.9540935797678912,0.2238469147025549,0.8809869333880691,0.8096780668168788,138.89425659179688,35.722625732421875,1.2670505046844482
0.4490442240936927,0.8593074468395744,0.7183940227522,0.9624077342176072,0.2156124385285561,0.8191346768889498,0.9982521727763392,149.04434204101562,84.87089538574219,-6.609091758728027
0.787349246119927,0.7778742194610115,0.8685909600117476,0.8325692198108818,0.6147903234705859,0.59913612167618,0.8593115687351114,150.50216674804688,-35.626834869384766,-2.7223079204559326
0.5539192288588779,0.6871826313832281,0.9174024009950122,0.8523988211168746,0.1245883875346253,0.7683320724601259,0.6586063737062352,141.92257690429688,86.13589477539062,1.3277828693389893
0.699827453906436,0.3785750380519084,0.5293896243247626,0.9208920812703804,0.4695611128039539,0.6607258721192889,0.919644137732316,143.87086486816406,16.641746520996094,-0.9324403405189514
0.6712371824806239,0.7774852311782869,0.8955795573100003,0.9261143301307612,0.2561853327282284,0.9853840484372302,0.797959674095636,131.43942260742188,117.78240203857422,-2.6638338565826416
0.6518556773883839,0.7678268974661457,0.8598792544582732,0.9621902266722188,0.8526605707333265,0.617712275370568,0.512147028942881,136.64605712890625,14.745676040649414,0.02899952419102192
0.5380662968037546,0.4322333845365342,0.9468111683284988,0.947481979795714,0.5540461076454413,0.8273118093259098,0.465278555791682,155.98802185058594,113.76593017578125,1.8559404611587524
0.8870858900254511,0.8672108357995256,0.9497021870110208,0.8046582461888583,0.215583078037833,0.7776172981348789,0.6635506382295135,158.8311767578125,53.67621994018555,-1.1418566703796387
0.6458937933291165,0.6540000553359586,0.8883352622710792,0.8829256968732644,0.9250065951910912,0.8187716604887689,0.5675503830958166,132.5905303955078,86.8357162475586,-2.5542726516723633
0.9352789666790808,0.561404087623471,0.595112421569826,0.8275441306921884,0.8217189499409876,0.9805920855495204,0.537610874202217,153.7230224609375,85.89508056640625,-4.789807319641113
0.6317274841071137,0.8853895857487545,0.6568544803059391,0.7060592082221577,0.265630090200026,0.7175067171648525,0.4333630771841139,149.6551971435547,40.02885055541992,1.6235209703445435
0.908212765555727,0.5738659459255653,0.9676137492880827,0.9401063949146786,0.9594978555008872,0.8917611003049822,0.8924463313399225,117.120849609375,-8.782419204711914,-2.9300007820129395
0.7399161302816615,0.7543801781856663,0.7987930681798475,0.8669649658361795,0.2680701274439697,0.7629149034134395,0.7959524099772017,155.3325653076172,38.083900451660156,-0.14781680703163147
0.6493735644946917,0.7518288186229,0.7691311531101108,0.6861185990518837,0.2929066484451952,0.8541272391971029,0.5388858975622665,158.6446990966797,66.93968963623047,-1.1298836469650269
0.8308718386522767,0.3855179661281762,0.957324011057726,0.8919437484935955,0.3859732577651051,0.727930591260743,0.4744602730038104,162.74822998046875,78.97264099121094,4.991833686828613
0.8779682460082174,0.6253746780688857,0.9365995772534608,0.7609823049914789,0.1654161808806634,0.66868811536042,0.3991142562494164,161.06092834472656,79.56815338134766,0.9991324543952942
0.7047028503112232,0.4956965144564318,0.8633579201768362,0.6898635182211407,0.6862078499140892,0.607320080668204,0.3883657187786012,164.14390563964844,73.78864288330078,3.077566385269165
0.6720576116542902,0.4806527313348513,0.940620427980285,0.8685698209730646,0.5568814742306784,0.6150751841006501,0.7412387238177345,153.45445251464844,22.43656349182129,1.7085195779800415
0.7586997859813616,0.775843220151389,0.556985597329617,0.9103491784435932,0.8930904012832408,0.9818482479069008,0.3858233636265267,144.68698120117188,170.71749877929688,-7.87717342376709
0.763114251743824,0.3586845512416122,0.8783593879417453,0.8388683610405194,0.2412794452862484,0.9087340145934564,0.9715052999165686,135.1031951904297,91.07524108886719,2.194744348526001
0.6720911216752223,0.9794579842905724,0.98225210522038,0.6687054208839003,0.1708271013120204,0.6763158490769843,0.5029864653626352,140.4748992919922,59.47461700439453,1.3986625671386719
0.861442377456832,0.6075860135409515,0.5246049391732889,0.8586899643167507,0.3587075998703716,0.7978444051495173,0.3287185070359143,149.29734802246094,71.32087707519531,0.46386656165122986
0.6574086845618627,0.5449767601316554,0.6115093791124753,0.6690249700237061,0.1467704568234589,0.8769933244807115,0.8993554894740081,156.19601440429688,65.61426544189453,0.15997645258903503
0.6877775682034255,0.9476277609265072,0.8965443983222194,0.9749372480852344,0.9446384703109072,0.7223201801881354,0.563833526745929,104.95521545410156,-6.592630386352539,-1.4504657983779907
0.7746029123468787,0.6667556277195064,0.7597883429078542,0.7557288182096759,0.71655570480934,0.759716874268337,0.5468961853442423,158.0265655517578,47.382442474365234,-0.504936695098877
0.9920829424291132,0.7495020258600008,0.5433976106244133,0.9565114230749324,0.7950866518965254,0.8787676630438239,0.3925672264088046,138.6961669921875,59.23161315917969,-4.750861167907715
0.5781557935419386,0.8023479085710623,0.6339320284725086,0.6708542635614375,0.747069475899712,0.6688301368038224,0.7652769017284733,146.5615692138672,-26.5457706451416,-3.3676676750183105
0.5617772380836419,0.9161485136446113,0.6619409187526439,0.6991597278279956,0.2432181112055716,0.796645797970492,0.5577840450607401,156.5370330810547,33.60993957519531,-1.5935285091400146
0.5303887952623834,0.4353888820638135,0.6604447177000499,0.8169589339446292,0.1413332287418722,0.6614037768273139,0.8771118431341921,140.2975616455078,63.59205627441406,3.5304388999938965
0.8225563900455992,0.4042170923774378,0.9383340705198568,0.9191290228391438,0.4293253443815264,0.5728789379600611,0.7447746535896999,159.5802764892578,38.062225341796875,2.5405423641204834
0.6855523789028218,0.9954246399096124,0.8306769556902086,0.9803096413306466,0.8278249015129021,0.8667433606110696,0.9162660821663,107.89349365234375,-2.101090669631958,-8.017351150512695
0.6510728534108946,0.3570470398064269,0.8670629408119797,0.840135686648069,0.3306759270480145,0.8740136259060469,0.7392320767726903,145.28265380859375,99.58256530761719,3.3686606884002686
0.5458951044886943,0.8103494524076102,0.5069280282248052,0.785048115486916,0.0105958154779869,0.9973681175756424,0.8470390405783311,162.09507751464844,137.86805725097656,-5.193925857543945
0.9375260510107476,0.7473889232651623,0.7135898648749394,0.6816450975360919,0.6593256720026626,0.6489712788608231,0.7901222392979799,145.80532836914062,-62.80772018432617,-1.6492551565170288
0.6821769485661207,0.7094591703685382,0.6588260919159077,0.8609604402360757,0.2005782085473028,0.8878328302207146,0.6291882681725256,154.81393432617188,78.42416381835938,-1.0413931608200073
0.7759567590162118,0.8606723013212713,0.925479624313138,0.793224092231944,0.5424187243408422,0.9769463200657168,0.7847116395312541,137.07870483398438,60.511802673339844,-4.486808776855469
0.4937036404633634,0.9946222581356758,0.97637562100215,0.9691918871883178,0.0158984725986481,0.8472075683059013,0.7674747405603314,129.41456604003906,76.66197204589844,1.1362941265106201
0.4911058542365148,0.3816804410720912,0.7115074030903324,0.8264878261408692,0.5085257818216994,0.9834348748514496,0.3155786063393364,177.6599884033203,198.68064880371094,-8.344894409179688
0.4679529763610068,0.7496350658356763,0.9859567700486316,0.9214037789002172,0.3935976115177611,0.9968200128837762,0.7915659205399173,126.80647277832031,120.4490966796875,-5.48356819152832
0.638954085277589,0.8159130089787542,0.5073219965130158,0.9489297692493444,0.8790780927281893,0.9143650110424622,0.4913088105172906,153.18931579589844,131.77296447753906,-12.096002578735352
0.6991142692507013,0.5496022636372702,0.6627695813996363,0.699512635149254,0.7209109386031168,0.9988918687528096,0.683691510774278,161.08676147460938,138.3050537109375,-10.074193000793457
0.5689739369550518,0.930052753578306,0.8870400093176867,0.8134461624343845,0.0369891017886055,0.8391869100930477,0.3875535975283944,146.18853759765625,72.00035095214844,1.065256953239441
0.6288826481976633,0.6475171207950405,0.6799340203296675,0.9640647246929768,0.7884355193962654,0.7841209572492118,0.3268044993677253,161.46444702148438,114.94629669189453,-2.9975697994232178
0.4331278990140044,0.4579055130120564,0.9599465335113008,0.8079947433693966,0.7901359431781463,0.9639756687239296,0.3213681031436842,150.66522216796875,185.68084716796875,-1.6004648208618164
0.6296869229448075,0.9051266523836872,0.6092224202507144,0.8547892435857096,0.6626654168201698,0.9269081433156104,0.4197904383907962,160.79446411132812,126.25637817382812,-7.385852336883545
0.4974895730144367,0.962505039180756,0.8973922992813199,0.9572089701071244,0.9278299841396972,0.6186505591163957,0.3246513500657894,114.59524536132812,33.31407165527344,1.5489904880523682
0.5027412470009903,0.4157953030208747,0.6008536180794475,0.7441842381855007,0.8021293323660917,0.701017463975368,0.4020444067602671,166.7412567138672,137.1490478515625,-1.9764195680618286
0.4321281205499223,0.8385377141902285,0.5985583838771735,0.9643521560308768,0.2193626114823978,0.683023666703759,0.695627257485905,156.8447723388672,64.46128845214844,-3.675492763519287
0.8265102476961939,0.4906634450911268,0.7226949234331588,0.7988729500192842,0.3815677941506222,0.9373021469166516,0.5863181070599455,155.871826171875,92.51912689208984,-0.9635563492774963
0.9604097208744542,0.3556458731008529,0.971917756186897,0.8640614238314779,0.3500310746898541,0.6713065844639663,0.9856318384698602,151.45498657226562,33.84757995605469,1.5740461349487305
0.7838528150485433,0.5202216985708132,0.7924433969075162,0.7759281997604093,0.5045944561957877,0.701582850380476,0.8672746389135958,154.45303344726562,8.82644271850586,0.19987747073173523
0.4843966275992695,0.9054520677287315,0.8171953399624368,0.8421392636233009,0.9521805089553562,0.793414719035285,0.4119353808381231,122.15374755859375,104.15926361083984,-4.170431137084961
0.9936793098562284,0.4428056613262471,0.5050121856914069,0.6832186490610094,0.6149841767304843,0.6041141601086056,0.5976799859540863,139.13565063476562,15.716405868530273,1.8293474912643433
0.9856623930159548,0.4359897062238803,0.528418441193146,0.688531433932753,0.3131474261263998,0.9826177006722128,0.6074354898954615,144.43807983398438,37.128631591796875,-0.025815360248088837
0.6964624993430246,0.8303487357063084,0.5335701458972998,0.8047578387364346,0.940017772746214,0.7815581802450674,0.5600702443446577,128.04205322265625,42.298274993896484,-6.064030647277832
0.4910471431811748,0.6146960231699434,0.9093621187461616,0.7782271804792901,0.699427159080157,0.6529988591159973,0.651887421037147,143.60519409179688,53.09069061279297,0.17920438945293427
0.8403952131716141,0.4475390391487177,0.6184023038059738,0.8716305745327886,0.2664162409166469,0.687375110628765,0.7717793455085069,143.5220184326172,25.815771102905273,2.7360877990722656
0.9776154430439704,0.5003776662799615,0.6643266425956391,0.6794352726258561,0.9051079386230408,0.9128509053404992,0.7518404424834306,142.05352783203125,20.777685165405273,-4.539410591125488
0.8734337270525594,0.8663596995472056,0.8046740109780813,0.7225911245069427,0.3443362694058544,0.8426858235873539,0.5566185858044056,149.7512664794922,38.052425384521484,-0.17280198633670807
0.785367525009653,0.755299343349002,0.7916941954226697,0.7365341989456506,0.5158671951374637,0.7702529158276227,0.7959738194036734,154.1009979248047,-14.302362442016602,-1.5235114097595215
0.7777458178783538,0.8445323262048399,0.705111294244809,0.8133282476771632,0.4789792912919149,0.7133669980043448,0.5101065199123064,147.54779052734375,34.78278732299805,0.24198594689369202
0.9869922168417076,0.4146663238979163,0.5023000092903727,0.7489206528011009,0.922179520047256,0.9567264570223372,0.8856923389741886,136.19224548339844,27.41102409362793,-8.372395515441895
0.471239023584297,0.6482375714996265,0.7246186542911717,0.7126115565316864,0.2660002105916983,0.901938014939654,0.9743665986862404,152.472900390625,119.12486267089844,-8.10940933227539
0.5148094441091482,0.8679830359498659,0.8690426482830984,0.865571478722422,0.333459758880432,0.8786522521244053,0.5137189019976915,148.34881591796875,79.54340362548828,-1.3821439743041992
0.903138506577277,0.5235787467376181,0.6175971049888221,0.9142282357575168,0.6594248828514271,0.7622880031344579,0.8507608463449704,143.49427795410156,-10.115987777709961,-2.8966405391693115
0.5122768808766701,0.4609589242599949,0.8538031404920657,0.8947373997002501,0.8852649483854478,0.9911406713317146,0.8705294379451644,130.3707733154297,136.1112823486328,-10.811685562133789
0.6480461321289535,0.5987657072585403,0.5077182117494358,0.7586804975244131,0.1156307252493401,0.875213327313491,0.6485672965199659,152.28952026367188,75.61681365966797,-0.6678582429885864
0.5900196977433317,0.5673896596746107,0.9534789445617888,0.9510032124041878,0.2103719668794096,0.7527193502878522,0.3713292290643384,153.41864013671875,83.19438934326172,4.437736511230469
0.5683278577291897,0.4715143010459518,0.9744632583415692,0.870310331178167,0.9465168058326786,0.9823279360779856,0.8517881253872747,111.04570770263672,117.94706726074219,-8.199437141418457
0.4442215765633079,0.9696478952971692,0.5013820210924815,0.8712563790242208,0.7762434526956903,0.954605661369669,0.5912747656189965,148.77987670898438,177.65167236328125,-17.322134017944336
0.7523339722703285,0.6644390847718409,0.7287204383076094,0.737617284170188,0.3461880925460432,0.8879974132173325,0.4541010743537836,160.90928649902344,73.54679107666016,1.1910098791122437
0.6582740162333878,0.7454514109773317,0.7067550568746948,0.7473834822063407,0.3577217020161469,0.8995567676241387,0.7420449848342496,160.57891845703125,78.03309631347656,-4.35988712310791
0.7439768833727326,0.4297915107231332,0.9204661002755734,0.8247221256587819,0.4693166486752154,0.7527205368480895,0.6115404509627713,161.17276000976562,64.88648223876953,2.513521671295166
0.6031352544405207,0.7467210864321487,0.7701101172633139,0.7459228126098141,0.673027130740336,0.7885233724662286,0.3712089393857604,156.11497497558594,91.09076690673828,-1.042206048965454
0.9662108582737226,0.7112558037174022,0.8053793016727756,0.895671856297546,0.5605751870348697,0.6534750791891495,0.9876450063669804,152.4517364501953,-60.536285400390625,-1.757920503616333
0.7666391478427856,0.955377099922166,0.6012548932025903,0.7694477730170394,0.7750695000179791,0.8261747594930728,0.4792720457063758,131.16197204589844,40.988792419433594,-2.8321287631988525
0.9774665778480538,0.618557533030734,0.5386279017815027,0.7173520594479714,0.0550784420207097,0.7297518870012835,0.6624641991506792,127.77283477783203,10.262195587158203,3.817885160446167
0.6290698702692827,0.8582312229553067,0.8458016524024039,0.7172515186598083,0.8178736411944881,0.7201394259373561,0.7700002196499578,134.92971801757812,-24.05310821533203,-3.311739921569824
0.4308646374011537,0.548462492851147,0.8100276098488237,0.7091410532836826,0.0589524446520505,0.9770578371826945,0.3901380522394476,148.96739196777344,103.53018188476562,-4.522364616394043
0.8748963754575948,0.72656507871386,0.9156959244351636,0.8130815721662976,0.8796385035488522,0.6420299126674345,0.8196134217095231,138.5791473388672,-71.6728515625,-3.174513101577759
0.9011818623042838,0.9521626569533422,0.9218640550058548,0.6678379578898961,0.0441957428642097,0.926488096298172,0.756930354040137,148.41099548339844,61.50931930541992,1.9481428861618042
0.4630216529618364,0.756467760603368,0.8151995148249647,0.8472122747707832,0.1285438753459332,0.6919284902647721,0.6506238138457914,148.3726806640625,82.6696548461914,-0.6998979449272156
0.7860323811898611,0.812270710303868,0.7689317756152331,0.7660382386762683,0.1807535352452533,0.5838169823328879,0.6744096817106386,153.7652587890625,32.61484909057617,0.8342603445053101
0.8063528100424516,0.9191129546152028,0.9564746959291824,0.8505735686275451,0.223503444519155,0.5888662543429869,0.9677784906590609,153.35536193847656,36.90025329589844,-0.929598331451416
0.5126307415860346,0.9511604977409258,0.9001868235533722,0.9779362126850504,0.4017290387662478,0.7550939046663797,0.9375812521598866,135.35255432128906,27.519330978393555,-4.026514530181885
0.7445094757698634,0.4862949150849769,0.9407066444235777,0.9558598894681124,0.6547594205995478,0.7659059617724093,0.3880013813904028,166.4171905517578,83.58186340332031,3.3106374740600586
0.5681877264849422,0.4782331920686996,0.997329900213441,0.8585393371468717,0.89123635424454,0.7085132455107526,0.5646347040331807,142.53009033203125,58.78968811035156,3.9735145568847656
0.4389373519619624,0.708114196696624,0.7016046844562871,0.8058711869889534,0.524136195204683,0.8575560078089998,0.6664584532011046,160.0098876953125,126.48468780517578,-7.788757801055908
0.9237160183708336,0.9965950480014372,0.8580850616937458,0.899092480802826,0.5321014192738595,0.7791121123778527,0.9438260890324204,140.9183807373047,-34.33165740966797,-2.0242974758148193
0.7098355254931112,0.669011526231529,0.8436731951280634,0.97385003510951,0.3194961632267203,0.6032561457545826,0.8726877676323137,150.1166534423828,18.438444137573242,0.6307975649833679
0.8751434995202051,0.5657853256736078,0.5870944292469984,0.829643349896837,0.7995632221092072,0.7204100626320171,0.57683176408455,147.7535400390625,14.949793815612793,0.18205887079238892
0.8416228776278118,0.6995481585619234,0.8179520604856823,0.6998552360390535,0.1112448150780722,0.6151656213026955,0.9205985646159272,151.90147399902344,41.22222900390625,1.1460964679718018
0.9959912026743792,0.3930306190514404,0.7138780702427077,0.9216170387483068,0.3013437145619833,0.5984677642344651,0.5711049917758608,145.33055114746094,39.44746780395508,3.5176358222961426
0.6792016555078019,0.466156167274782,0.7251343903955088,0.6703121036939163,0.0977767036798789,0.6606419261979057,0.4975229841202005,141.50796508789062,60.38813781738281,3.608095407485962
0.6732718554462496,0.447820587078975,0.5900875904007473,0.921134882017956,0.2146575877268904,0.8711530090841958,0.7305172897089398,151.20556640625,93.5895767211914,-0.8849638104438782
0.590165800079204,0.3693836622990102,0.8719666398465955,0.6950689519897602,0.5860625364133749,0.8691970883157327,0.5557948780764559,161.32115173339844,112.49620819091797,0.9267222881317139
0.7859058282163754,0.8194358094243563,0.8486024093374831,0.7022860567837454,0.1266769197316343,0.9399224628325872,0.7391264153989549,152.4686737060547,79.12327575683594,0.9596360921859741
0.7066532928270985,0.5622652589135367,0.7659006874784262,0.9268115884487887,0.1014032023552418,0.895033751763657,0.5927921789218404,145.55514526367188,102.3891830444336,2.5913007259368896
0.8449678049048674,0.4605358634562504,0.5783956795984738,0.8961520998694956,0.8247250388509384,0.8005592208663787,0.858383273263615,143.92123413085938,-7.709371089935303,-3.860031843185425
0.6327782730883859,0.6833314883197223,0.7781696589889129,0.8537079576377056,0.1190364813879849,0.7052465291231518,0.967445505881836,142.63345336914062,58.02082061767578,2.190812349319458
0.504143645690781,0.5609492959541006,0.5501450517481742,0.9397419714367716,0.6074596638206816,0.5740480451149357,0.4969150404506099,151.0285186767578,84.0114974975586,-2.7430288791656494
0.9211648160699104,0.6060476517552158,0.6695856969655709,0.9499800697955922,0.352113360551128,0.8483010912213046,0.6618072665761439,148.79547119140625,48.27653884887695,0.37195447087287903
0.901562685334356,0.5558202533833558,0.6860539723941959,0.8189890221630707,0.8949898651332917,0.6954541718484244,0.8093101670849181,137.188232421875,-61.35572814941406,-1.5860861539840698
0.6296366026563057,0.3538706101589858,0.9412060961408404,0.998181806808244,0.7066859415950536,0.6785142540760453,0.4200137215945554,159.61480712890625,74.29178619384766,5.294927597045898
0.8230736848154234,0.7974721258400113,0.7076238249926545,0.7857529402211267,0.0603275769344465,0.9884317742621314,0.8584775225046162,146.23495483398438,87.23916625976562,1.8881628513336182
0.7102389484648273,0.4230394459323502,0.7989411310964513,0.7238679541022326,0.8940932971723099,0.6460739481176246,0.7119983426935217,157.41464233398438,18.909954071044922,1.4357095956802368
0.8633286975408321,0.49333938344927,0.936889350718626,0.9481867439874254,0.413832875620115,0.5854330600826747,0.4139748701317547,170.47254943847656,74.18138122558594,2.163027286529541
0.6519427198807535,0.4746544161281125,0.7127148915390698,0.8050397111701597,0.2984757984654829,0.977554831326684,0.9082294114019578,155.68638610839844,121.90516662597656,-3.8373403549194336
0.7348845109516988,0.5660850155177439,0.9413449522079284,0.9576731615921736,0.6720124178223197,0.7024218474910078,0.6044984402187172,156.0361328125,37.65524673461914,1.5000935792922974
0.4625158783305339,0.4551306544038493,0.5682818682730482,0.6871699499562468,0.7170814962980437,0.7398027928259528,0.4324650330720662,162.58729553222656,107.58446502685547,-2.6063730716705322
0.5292617037592936,0.576187303240707,0.682302241337448,0.7037612540145193,0.3034854741018616,0.6061733981125067,0.4453818986194399,149.0955047607422,55.49187469482422,2.0928049087524414
0.8751814097479165,0.5089755429167349,0.547446002388601,0.6802210049423727,0.3517596874755621,0.7443550309553849,0.8513234500263092,144.64175415039062,-1.4561920166015625,0.9904561042785645
0.6470594251916291,0.3909688734500604,0.7801990454378452,0.8670472577722375,0.1569645022488917,0.987318107402638,0.9546539810839398,132.23638916015625,115.0187759399414,-1.4805268049240112
0.4495703417772348,0.9155986369911272,0.978079275955232,0.9434932042494864,0.5928895847549696,0.8683495477948193,0.5711683664375778,129.40316772460938,87.35749053955078,-3.127861738204956
0.5251155532906354,0.5493700743599349,0.828138441727089,0.8007461944946178,0.9553672576366824,0.7741866478569258,0.3651936129551171,149.54718017578125,121.18888854980469,1.0091137886047363
0.6641785724609353,0.4130515654164918,0.8127233902474215,0.6969909147709384,0.4165510359607529,0.7030482993515592,0.3803241573797858,164.43077087402344,82.01844787597656,2.9902100563049316
0.8387842217911335,0.689348595277645,0.639024712487485,0.791037360693533,0.9945575853388924,0.728095834737764,0.7611882854243192,127.15802001953125,-43.45087432861328,-2.7463736534118652
0.6367532166874308,0.4311972315538756,0.9650111720551416,0.7825821300843304,0.1769940132849919,0.832945026266231,0.5660102849051267,140.28488159179688,75.34992218017578,4.212305068969727
0.8543301700363601,0.852417466496476,0.7355683807852912,0.8808365910646265,0.7949947068556129,0.6803744469372229,0.6041064961245604,138.04527282714844,-11.630048751831055,-1.1768858432769775
0.9186710566179384,0.3912040645970914,0.6334547543139567,0.8837233384747142,0.9266447318719344,0.636540837128035,0.542824797150436,149.2677764892578,32.56911849975586,2.046963691711426
0.6240141710699436,0.6524714826715194,0.9932655207054898,0.7010911230702397,0.6872432422377297,0.8692941733889472,0.6312149430603277,144.5271453857422,82.75994873046875,-1.2413997650146484
0.8857894566689057,0.9630888908634492,0.7113991071809204,0.8065717675656465,0.1100880287177606,0.9433780266631124,0.7536700976134372,143.4498291015625,76.92604064941406,1.847887635231018
0.5018840441739271,0.4543342432294791,0.6856251835758186,0.880518173981636,0.3267127526355282,0.9570918900272932,0.6832212167423954,161.15159606933594,155.04393005371094,-7.6763529777526855
0.6662793763344467,0.4818182279384561,0.5176076430888659,0.7529204797601282,0.0864918563190114,0.931382349549014,0.4239501587839982,155.08816528320312,101.49267578125,-3.177910804748535
0.485172050778298,0.7405175739728562,0.5891674583600232,0.8022160589692896,0.6011715709872323,0.7984655205205629,0.648928639173872,160.8161163330078,85.77898406982422,-7.1623969078063965
0.4595015480673112,0.986442539318128,0.9041445133350388,0.8709331822101691,0.9964949332882594,0.9088940992400908,0.6278266463264869,96.3604965209961,103.52388000488281,-8.42306900024414
0.4663414368790877,0.6013921717816704,0.7411402064799893,0.8008160101462195,0.3747949794770362,0.9677044171114636,0.6863842766817724,157.50726318359375,149.83071899414062,-8.72868537902832
0.4892702824914064,0.7717485913019886,0.9768774069440668,0.6770908094143838,0.1635610584883302,0.5815534966585763,0.3870979564404406,139.9803009033203,63.482967376708984,1.8747259378433228
0.9059398565946096,0.4500223366241713,0.5420333755594074,0.740865831748757,0.2689689555038305,0.7477902193926399,0.416579702846622,141.2915496826172,57.09610366821289,1.905789852142334
0.7394662661791678,0.7670503701111282,0.807664869200603,0.9249404748092678,0.5703095238077466,0.6588539246285733,0.6757264663206045,155.08145141601562,-0.11290434002876282,-0.9716004133224487
0.9695895551239646,0.5150672661340523,0.8596075270486869,0.7494758439335334,0.5684743426244855,0.997815460276813,0.5004411642731313,160.585205078125,70.55345916748047,1.154999017715454
0.7362303652110422,0.7488294115894255,0.8102807983823805,0.9387862037452028,0.2302550958741137,0.96907724232453,0.7436832081253824,144.94097900390625,98.9913558959961,-1.825494647026062
0.7879374464650584,0.4087597874981559,0.7646961996875267,0.8221138565346775,0.7497233607607564,0.9146051488360596,0.5673858757976322,157.42176818847656,112.96119689941406,-2.003756046295166
0.5347190614058233,0.6915801608799195,0.7888704205079067,0.8241137993116565,0.088831957446449,0.6980912295589402,0.4628123811062571,146.35641479492188,79.23375701904297,1.675859808921814
0.737701426251435,0.5051774356541655,0.8444129766509951,0.9230897341902576,0.6224058656344048,0.9787145199200096,0.762506509615861,146.71807861328125,84.51739501953125,-3.706897020339966
0.6491896270621915,0.79318085171489,0.9311402280010492,0.7943049128545259,0.425600860199277,0.5840713439893455,0.5819394597672537,148.8493194580078,35.4906005859375,-0.1708785593509674
0.9604961176831984,0.8359376801494962,0.668074266801922,0.7461421733534727,0.1278882505037987,0.6519750949005809,0.4193900470014776,141.234130859375,45.03184127807617,2.5911757946014404
0.9619131148107832,0.9010654132353731,0.7296369008000563,0.7017591749404337,0.633719503306373,0.8353592807980417,0.8673534863038076,143.2779541015625,-24.638580322265625,-3.911088228225708
0.5427076897869251,0.9945719706073596,0.8176330311450577,0.890294653489434,0.6722790877318094,0.9106797905689372,0.6079775033699555,130.43467712402344,104.49276733398438,-8.070245742797852
0.7830464098355663,0.6490481597170328,0.6570264459186266,0.8231231597332892,0.439883284752142,0.9494337897419496,0.9404515509475831,149.0254364013672,74.45077514648438,-5.811118125915527
0.7933323818779843,0.7859764275611518,0.5894110404161637,0.9360242221766092,0.796882921560876,0.7000706660019941,0.4440092218893533,137.83497619628906,25.41950035095215,-0.553471028804779
0.7502156738682506,0.3632309359740743,0.9825159878010532,0.819043051717375,0.5089912421490557,0.7386843366556968,0.913815671877837,147.97267150878906,28.424589157104492,1.554711103439331
0.5004299477120999,0.9379775771391256,0.5973721437915979,0.8047870774219719,0.2860367003180449,0.7660626879821009,0.8722383167660388,161.6798553466797,45.73246383666992,-3.414273738861084
0.8023612191108844,0.7504211231354163,0.6163458666030213,0.7662208819480402,0.9520684720163128,0.5830977823335554,0.3824516818745573,131.60340881347656,29.605566024780273,1.9541544914245605
0.8850539681764795,0.6244097150226715,0.8090341501013951,0.7331537885394646,0.9425372062097448,0.9410258134156604,0.6767150850671272,131.35206604003906,57.70515823364258,-4.0789361000061035
0.6263452211270832,0.6328155872003732,0.5387794959923129,0.9430185254859722,0.0964203808781245,0.7160812139958276,0.7606409518944893,140.66876220703125,61.60093307495117,0.8104109764099121
0.7228641999332945,0.8426310358247756,0.5171515186083618,0.698492846633882,0.9445689142452371,0.6567811697066724,0.6518134117776313,122.6973648071289,-23.890920639038086,-1.6060456037521362
0.4958687853590003,0.8915544912631186,0.5321121158598242,0.9668618695654898,0.774433661031314,0.7465495859148844,0.5794323194278994,145.22352600097656,78.77826690673828,-7.570491313934326
0.9600705234480276,0.8749820669679064,0.5616928905555338,0.6757764895878935,0.1074131913680518,0.8754241844708621,0.9602439005274312,144.788330078125,10.789472579956055,3.9893057346343994
0.4919982979909146,0.6822560268905842,0.7144310362555323,0.8405206615312948,0.5189727282792149,0.9439963014353144,0.7930675698764328,157.2401123046875,154.354248046875,-12.204824447631836
0.5483386267842234,0.5918705000442286,0.9141641703410104,0.6862261434868079,0.0359151835799883,0.6636652334262696,0.9753969712323378,140.7079315185547,60.79280471801758,3.3254425525665283
0.5996981887200223,0.9641992999294487,0.67088368893339,0.9261132415806784,0.5883155555436499,0.6453780905906927,0.8930959283679635,137.15176391601562,-46.44123077392578,-3.292133092880249
0.9002763201275485,0.7623847871025236,0.7135995562223217,0.7371676520572753,0.9317103155162908,0.9751569025497248,0.8730785468103522,123.25052642822266,3.6278648376464844,-9.047235488891602
0.8289472842599352,0.7036916226151263,0.7998304130324545,0.8550447691102159,0.3682678911949219,0.8071436494838704,0.8101355572153595,147.27047729492188,31.28062629699707,-0.31248581409454346
0.4335579241986881,0.7391265223646242,0.6509996972499351,0.9716239609953666,0.5083017108841366,0.7279795437184322,0.7554103604752682,151.49404907226562,57.55481719970703,-5.14898681640625
0.534193267198162,0.7595760696560875,0.7160990495935062,0.8827612694311355,0.2280007323789332,0.6567987032762836,0.9210468645063002,150.283447265625,32.65283966064453,-0.14504872262477875
0.8571605603587258,0.8135115197464134,0.6930204740847581,0.7261335954051926,0.5405349355351041,0.9971650440972146,0.7329367634695274,151.032958984375,63.4291877746582,-4.523751258850098
0.6597532005378649,0.7098699256260945,0.670839579189055,0.9317906986826976,0.8014523184258089,0.8791107829873511,0.3627586418076097,158.71484375,134.31568908691406,-4.430111408233643
0.4445017876576427,0.9187051179927588,0.6940596609998809,0.8136567887865835,0.2157321145626108,0.6647381005251303,0.7117173716306511,149.5380401611328,42.48588180541992,-1.6570675373077393
0.9790112355472655,0.9085663284300224,0.5057036703550576,0.6712092823178561,0.5530413753147762,0.6105885268431286,0.3817082783642511,126.87503051757812,14.925435066223145,2.0440711975097656
0.5157653064750106,0.6379656402856366,0.9426216166258344,0.8287180633109693,0.354738301347864,0.65678283329548,0.9639991521914894,138.45619201660156,46.91353988647461,0.18883119523525238
0.7205356338798687,0.4605357343863227,0.9880966606843656,0.937047853999152,0.7468983968220659,0.6775061069365088,0.7558160433185541,146.6562957763672,1.9606510400772095,2.460972785949707
0.5711046413351847,0.7250841438307811,0.9307571249277938,0.8098247417282165,0.7011895453938733,0.6190668936589989,0.6932007836811039,147.09844970703125,3.562896490097046,-0.01812075637280941
0.8499316499955492,0.7536598391340468,0.5030199664035161,0.9190693806795946,0.6979493696017232,0.6697696734867298,0.4470499167596955,140.0366668701172,18.510799407958984,0.2565249800682068
0.8723087901292996,0.6905498602697948,0.8750351503131408,0.9014748647877424,0.3778352147883069,0.6215018676758924,0.6657675306271476,159.44276428222656,28.315242767333984,-1.9986273050308228
0.6559830398994466,0.9285725128728336,0.7862752284650445,0.8187894911215425,0.5987094627215286,0.7330939149758819,0.5465970283998625,140.4317169189453,32.94812774658203,-0.5685634016990662
0.8048888592805568,0.4115853794553125,0.5471702458300471,0.7743461227494337,0.6503745469633891,0.7794766624311786,0.7755708360437308,149.04315185546875,33.3341064453125,-2.1837496757507324
0.9477494737064952,0.5375968404333836,0.9658860515572024,0.9084638643757422,0.680022539633355,0.7662583609175917,0.7267456064352837,149.86912536621094,8.99012279510498,0.2534259259700775
0.8940168642102073,0.9125046317813592,0.8876820246511306,0.7895239584685083,0.5747518026411875,0.9261615907094288,0.6544445887287689,144.39932250976562,62.8647346496582,-2.840236186981201
0.6660594584728189,0.9602283160509468,0.572692757519327,0.7233954626153056,0.8655078339192994,0.6801800117281365,0.4848297465698329,120.76608276367188,12.631796836853027,-0.5943270921707153
0.6812096356568555,0.6273785921754669,0.9814539128878316,0.7735414232845631,0.2491812650560688,0.9509146751318538,0.672630158548545,137.802734375,95.06639099121094,0.48111552000045776
0.935097707853288,0.4761627676446822,0.5631582522111293,0.9584512602366162,0.0567139824655379,0.9599073964023436,0.6285722195938953,135.34597778320312,64.89556884765625,1.742221474647522
0.4491527317235687,0.6237514659487071,0.7271535144304492,0.7610781150948488,0.9609464538842836,0.9820062131593756,0.8965599360933075,124.05643463134766,140.99903869628906,-17.787357330322266
0.4425626031048771,0.6469814401924529,0.5795222651923466,0.7449714518313499,0.061627529445204,0.6489575045391022,0.926189150692998,151.5001220703125,45.38925552368164,1.7302799224853516
0.5468669696273957,0.6880800420298335,0.575136356740419,0.7112005224641016,0.9015604930281834,0.6766544911520014,0.8332608745774428,139.0837860107422,-1.5406849384307861,-4.874368667602539
0.9013202574759348,0.5291276630242799,0.9833332561466588,0.6851782591591947,0.611679750381971,0.8383349845822974,0.5308500885704541,160.17147827148438,61.72352600097656,0.907647967338562
0.5168941021957056,0.5539375772555165,0.7857872627566002,0.9916610164241336,0.9173023232847366,0.631812957385736,0.3371692187907696,151.88027954101562,81.93252563476562,2.378878593444824
0.5921743889533633,0.7762488346828504,0.6295470317259962,0.8453513031741653,0.5644773787848353,0.6081774751988104,0.947513355127176,149.71839904785156,-27.162622451782227,-2.9619193077087402
0.7881411474939012,0.7543434632182269,0.8877730093800539,0.9094963637690052,0.8198362756468117,0.60307831215529,0.9933805255868378,134.01121520996094,-98.019287109375,-4.305615425109863
0.534581600522566,0.7804718666860166,0.9371217088615128,0.9239069748185136,0.7203888252446822,0.8307732784824092,0.3983457590955707,140.95782470703125,99.02124786376953,-1.3176023960113525
0.6023418637251038,0.5958494551504523,0.9582698446717856,0.7840025588075547,0.5247438627276171,0.915670895382934,0.7826080380475645,138.8657684326172,106.96974182128906,-3.237557888031006
0.6957090423429964,0.5693841231820994,0.9659488756299262,0.9325317471574068,0.3633950230887983,0.6822712620552964,0.6034289327551436,147.19749450683594,73.83625030517578,3.3515470027923584
0.5595863578858166,0.5791603635421843,0.9522677689329512,0.9866030131378956,0.0039101136555962,0.9707740431909814,0.4131355401768988,139.51318359375,100.39070892333984,0.7140532732009888
0.9952549782257928,0.9678533567344636,0.8191421784492738,0.9135264370263698,0.2512822348419275,0.910221706832996,0.9975692396117724,140.19747924804688,26.032939910888672,-0.20591413974761963
0.5227270174558035,0.6074914374178675,0.671130697818511,0.90353930616401,0.9502389882183768,0.6046875830365112,0.9529429427252284,130.00967407226562,-49.320858001708984,-5.430326461791992
0.9140405110426072,0.744191311085945,0.9622457678958264,0.8105817590973894,0.2757720690166342,0.7457396743603875,0.9869118662531424,152.64932250976562,27.7576904296875,-1.9329757690429688
0.697525754854116,0.6902021674100847,0.5613099045252122,0.9466381183789416,0.7508679436946029,0.6006483455977402,0.4099545490013503,150.77120971679688,49.371788024902344,-0.4744338393211365
0.5031626063842505,0.9192667695785623,0.5844269700348405,0.6963729453253977,0.5081744980417646,0.962931344246912,0.6493660617061966,169.00755310058594,141.89633178710938,-12.347193717956543
0.4970990081958387,0.5905547335589182,0.7167429173736131,0.9161611368422584,0.3087347766098942,0.8892105909936625,0.9271775523468324,150.2074432373047,134.84283447265625,-7.225277423858643
0.7147381999041391,0.6327064939957397,0.6417737555123393,0.787220842300456,0.9894587479387664,0.86515315714472,0.7754141840472828,130.19461059570312,56.6270866394043,-6.8930463790893555
0.63107304356421,0.8975986136752091,0.8075597124046245,0.8550618439257787,0.0479055750938446,0.8635096368512962,0.6099332893158216,146.82986450195312,67.27156066894531,2.137373685836792
0.563287505015742,0.4556232538068721,0.9521280245642736,0.9638140676124408,0.5815540178405393,0.6935166948300175,0.6664053529523775,147.77703857421875,45.193206787109375,2.516463041305542
0.9761738246668664,0.7365178644555823,0.7453020921050177,0.8680478756759529,0.4613227787252293,0.97077629600098,0.3375214926637557,150.68722534179688,69.03608703613281,0.7796505093574524
0.693695170187667,0.6105141221245981,0.7766747989994374,0.6753349415687532,0.0773772916413699,0.9661738821826678,0.7316348312045058,147.21029663085938,94.01883697509766,0.3360421061515808
0.9590001801552016,0.9902912954741304,0.7114039974593226,0.9071550868573062,0.2145732046747434,0.8877936949639089,0.9023725124860992,146.27647399902344,30.09144401550293,1.7018239498138428
0.523042642387842,0.8188989683785789,0.8534093044347355,0.9758073610188236,0.6934140467209244,0.7720935324293502,0.3128888897011788,150.0130615234375,85.77689361572266,-0.9894076585769653
0.5341388417505265,0.3581311507956024,0.5504223158719835,0.8803510224449261,0.1090930806095448,0.591711156671081,0.4210081496560745,131.15338134765625,67.80953979492188,1.5908634662628174
0.7693071246475435,0.8954462949691968,0.5244117749268445,0.9533230794277734,0.7999069715750997,0.5836697568431782,0.6672968002470199,134.02430725097656,-50.314186096191406,-2.6925084590911865
0.5833940082556409,0.8070986013238871,0.8203434209096119,0.9413086382754976,0.624421084994028,0.6306338409651934,0.6968591089711924,145.4132537841797,0.7837913036346436,-3.1908295154571533
0.534977790228796,0.7149105724547262,0.7671929576042137,0.9532805767836596,0.1016423502550872,0.8263323205964467,0.5471620358672727,145.71852111816406,91.98931121826172,-1.1720612049102783
0.4835320976976368,0.5043499796489308,0.7035279283353747,0.7812698359325464,0.2870939956662993,0.912857590171526,0.3301834897618475,171.06875610351562,128.0373077392578,-4.715297698974609
0.4730353459819007,0.4480774304790025,0.6669000220095846,0.8245270007118136,0.1378639075810447,0.9771594256384344,0.8224957583653129,150.04449462890625,154.10223388671875,-6.3686842918396
0.8588804275627504,0.758625176702983,0.5260181512016138,0.9488708938292376,0.7964924617252018,0.6465537055235534,0.4780773197085828,135.68695068359375,7.347001552581787,-1.3953357934951782
0.5903981283497007,0.6364634250367556,0.8399229782140792,0.9696126384037596,0.5325700265148711,0.6893880468368447,0.7543771634164911,150.00027465820312,28.257770538330078,-0.9043371081352234
0.9872778190366542,0.9098018858030228,0.7105721451461566,0.7156643007107423,0.0038811087273895,0.5946979931200604,0.695608777325622,144.49281311035156,20.861433029174805,1.5692328214645386
0.5339422192721943,0.5213623896127906,0.7224546234369604,0.72720199929811,0.542487023051313,0.9945134306502303,0.6073441947711771,168.0149688720703,169.5377960205078,-9.232196807861328
0.6316011546591647,0.7645371497187872,0.9462083433213782,0.7821775285668839,0.4825503979710669,0.9055089925465204,0.7170321398239268,138.81797790527344,76.09160614013672,-2.8705403804779053
0.6432648818351011,0.5125917225502019,0.868376278426704,0.9230171016968975,0.6423875322942098,0.7771327427622386,0.7890900048363482,150.4960174560547,22.731048583984375,-1.1181904077529907
0.7146565369824684,0.7637574132293352,0.6097108178135938,0.9578333037211916,0.0358082204827059,0.8176943888692864,0.7046187082781452,154.12855529785156,70.6192398071289,1.5727596282958984
0.925839215822976,0.3826260675503515,0.8282456120242934,0.8598065897910396,0.0363883759028321,0.8119679607292803,0.6944934655344401,134.7831268310547,51.9124755859375,4.7621846199035645
0.9053950810299908,0.6051982698208177,0.5661820121816981,0.7044982856761353,0.3494774660301546,0.6803362551399569,0.6109486030451245,140.39288330078125,1.111275553703308,1.621005892753601
0.4352348612979039,0.4632254964316435,0.5970401299388198,0.7678492711675244,0.6877256710323456,0.6508422861771375,0.6067914192403158,158.8145294189453,63.088897705078125,-1.8243821859359741
0.6628430360120314,0.7440627055632012,0.856694430990457,0.9518606754999464,0.6658054040562826,0.6985598790017145,0.648706673947132,146.09744262695312,12.621837615966797,-1.6421514749526978
