PS:PAN ratio,Feed rate(mL/h),Distance(cm),Mass fraction of solute,Mass fraction of SiO2 in solute ,Applied voltage(kV),Inner diameter(mm),wca,q,sigma
0.9132415996480108,0.830353018021375,0.8635122066002171,0.9015268196706978,0.2982905518141323,0.9151500169011936,0.6459640290023068,153.32854016540807,64.05839885791045,0.12108515715620216
0.6682304761970839,0.4082163648223783,0.8284085081942406,0.983635683967608,0.9326274520760522,0.8439397195833316,0.734505254177463,145.96033958294126,78.10413857195502,-4.2911622172957875
0.7034308996477544,0.5141238612154333,0.829313872462961,0.7991802440433919,0.3039927899551665,0.5778369846977842,0.3968277363573045,157.15700939711917,72.32820356874385,2.0217970442821422
0.885616551492366,0.6113883029334084,0.5826376318258498,0.7511656855667743,0.4789108280548815,0.8902483961151904,0.4021217941085064,154.26969056423363,85.21261648516274,-0.30040387280552583
0.9511853661168322,0.624708539786897,0.7049484058226856,0.926837916472926,0.3556929563086174,0.8922616293376665,0.724335423146341,151.880950264226,65.76176291815727,-2.41196961883492
0.5812452043044651,0.7635621514917796,0.7960689512619228,0.9340674014157072,0.9498787393883612,0.8696123789895107,0.7158465588550529,129.16022545607902,93.39831371518336,-7.737289087065886
0.5987338830052991,0.8201919594935402,0.947955071220178,0.8315146719023014,0.4031923095771445,0.670683315339766,0.7205859573714393,144.12178967227078,23.244571082761798,-0.5192863044748349
0.6737116457354029,0.5513842556573276,0.6595002486758629,0.7434106367953061,0.0591128931811117,0.7780222071967069,0.4356657663812495,148.65409556729617,77.20347283978026,2.2518549810979342
0.923080705450302,0.4174820834317763,0.8286437253074674,0.8682652412668278,0.9537059432182718,0.9928833010596692,0.412495225912819,149.35614947410684,97.14727973088358,-0.8848568378891029
0.8586751127532034,0.518375056778171,0.8049499943861272,0.8573203876895221,0.0521698013175578,0.9484778207906376,0.9262098139318908,140.66876132945598,66.90220344422345,2.2043221040696097
0.9876303815013372,0.9111362786310252,0.8780118757204993,0.701640477739211,0.296652800918028,0.6886739824203245,0.897402860405832,145.70054338060993,-27.778971472749433,1.1710491756384855
0.4757102259776939,0.7164444033504681,0.5416398349784829,0.7611400167460829,0.7048912741830022,0.79181860604256,0.391957498346692,158.97891085019486,101.80045312289204,-6.010901762421161
0.5257572103336912,0.6162234498626232,0.5295987161729104,0.6729731272982526,0.3667038742773252,0.8686459792280706,0.6643475491836107,161.51546957537454,114.3191007744956,-6.030029973401739
0.4848589346259483,0.7522409589414727,0.564070185550987,0.682707010224848,0.6155104547819642,0.8406061801420477,0.6439816529855912,157.46588817048993,92.7747348658903,-8.125413415773885
0.6086981177859736,0.9935017887924618,0.956141209911286,0.7243286689644391,0.9617310912923293,0.6103213829732945,0.9197336396645862,114.69681530443683,-47.087359305947714,-5.193871580753914
0.7471094742953772,0.5168150933015989,0.9182932857553786,0.8406937884762941,0.448323359004993,0.7430656574138786,0.4373637784667684,156.93679992986668,69.923754692051,2.2496225163276082
0.5987928310523047,0.7045823269965162,0.9695713960709256,0.6865329751897592,0.7318483339362312,0.637016923392517,0.9315005571114936,138.68159230064933,-22.943478799038957,-3.653282317467003
0.8045230317304842,0.9087994739273308,0.6261119060892768,0.9698435145821644,0.6265967255772525,0.8333699513051354,0.5792114977241574,146.93170607519104,45.599615664938426,-3.559468096038882
0.7602479355857188,0.6130328677207586,0.5833136671684584,0.9036717452086344,0.0751667091753951,0.7504961837018931,0.9790090584933224,141.4011975462701,56.081825840417835,2.3675899475807136
0.6894300127840536,0.4253731660876587,0.6980087102133437,0.926445502824597,0.8409934425504538,0.5958574842094526,0.3897806935593572,161.7010151866147,103.61980345531873,1.4848856676677888
0.7252338147272339,0.3797129100959301,0.610517508349464,0.6894222407455193,0.3162699327055969,0.9961818728649467,0.4602526722689435,162.08269162144563,110.17699362355023,-3.599041442514715
0.8801390502250719,0.7400677807496203,0.645030122748824,0.8548915183396939,0.042248209550071,0.9548399170208466,0.740840077219065,142.23972883615767,66.75710475231479,1.0047033167007497
0.6252327966251148,0.4623586960182186,0.844349371442694,0.8925187753190857,0.8917115408474432,0.8789027008239025,0.874995273599372,141.55400511119223,74.77316889291892,-3.1090023356610237
0.9078935471946944,0.4550067744824598,0.8689348829838972,0.7043122436173178,0.9564000684306088,0.944535425273891,0.5110213328672112,143.60246732470154,71.95970393432437,-1.5125923290410195
0.5937912055550967,0.4450991382290616,0.8974850929638858,0.9093842675372656,0.8106002978331286,0.826383420868233,0.6528757026651069,153.93903961842312,83.67072471411052,-0.46015277186847425
0.772002294530723,0.7754242774744988,0.7385724447459004,0.9599252513365016,0.6649931948324372,0.8977099871486293,0.7144065149845092,150.8706695506022,76.05349297440716,-6.306531748968619
0.6610629993036019,0.7032553654961043,0.5138642960710935,0.9540865411939544,0.8042975890547693,0.6612254558115024,0.6655774286097225,148.90537184769676,15.320676402607845,-3.513611403962951
0.8637041853783922,0.5070509377020515,0.8584100586041613,0.8611560362879482,0.9069826353747668,0.691182074695478,0.8039019931890855,141.74533013913452,-41.03468070705213,-2.1154356965637273
0.9119185397111764,0.5616108024614116,0.9484965834474116,0.75447993586767,0.2167386520541864,0.9804855579414932,0.459818825181061,150.54483877180968,71.69244816730784,1.6321079440199804
0.9890040188639756,0.5212589934521066,0.5612031781052366,0.9833538683372722,0.8371429815345885,0.600811097097745,0.4462835217219038,147.32379233164338,31.5840581226535,-0.511256809530068
0.7676367268595691,0.5367353064359711,0.6936513179625603,0.7792681236359649,0.2576887510817455,0.6709836083756271,0.3271074754010128,155.55897066295313,74.31723292357681,0.999683628691411
0.5195482810792695,0.6768879615454627,0.9080261059578084,0.947458267544539,0.1468986093992699,0.8200012835222832,0.9577005693018764,137.10024360361157,86.22657690184957,-2.0196080695577225
0.5008456240766435,0.6647345933457574,0.8333245034637603,0.7007354223368665,0.6056129979580195,0.7120151794952915,0.6863305746501532,154.40959985942922,48.35142534746906,-2.049566062876015
0.5872103582707463,0.9627450447558216,0.9933609918024008,0.9574826150226656,0.7651952969945909,0.6006647374630083,0.4129997830430915,132.8390640240322,46.07810410555334,0.26932889004350224
0.9509207652177576,0.5063955117431123,0.7780667161200503,0.991171650092876,0.795474657595788,0.6578025743519835,0.3175666783506101,155.72169704174217,61.26452242630235,1.6606455994694045
0.4760787558940364,0.5182563685053574,0.9931246784337272,0.9850096039761188,0.1264912855483234,0.9225596459989666,0.978584485779481,129.63199243306988,117.94502757661351,0.5487138716806601
0.9716393218787144,0.7467181207405251,0.837236600769621,0.6954958465049238,0.0998367254002822,0.6382760244313337,0.6661556176953809,145.3292243659129,23.557594552639117,3.404199723978979
0.9471335017192254,0.9154604621058022,0.5817760048034687,0.9677579420047706,0.6979386429791445,0.6994603131593518,0.5485181367239387,136.5375905221488,-5.7781558031612406,-2.0786566814269163
0.7026438062638042,0.6211682617301282,0.6996242785820996,0.856666309829163,0.608685772574629,0.628719055590227,0.973761526031106,152.38693035390173,-16.062089983023554,-2.4431890966648027
0.981385881199612,0.9746449892565006,0.9743358141963708,0.8132885487336895,0.128385054277161,0.9877873140558956,0.8565962588115597,142.96860178828257,61.446828004206594,0.0817706432467471
0.6051779774961243,0.5996686308986109,0.7738176061092685,0.9116589222904836,0.4257034488590667,0.71481131913323,0.706723985843624,157.152004300987,47.569730313982205,-0.7985763394653158
0.512029984436206,0.4019783197465126,0.5453219266164484,0.8865216229328867,0.7280350505301589,0.6056855193110626,0.5157569546329401,161.1202043232405,92.80088329444656,0.3370172241068514
0.6340689771496959,0.3895302037219533,0.8883271417948159,0.9913239345822976,0.3743214624748802,0.9426490793706316,0.4797054166783702,154.9483240859958,104.35653456832333,0.9205726316310847
0.4998112840724016,0.7046527239008045,0.8706845343679559,0.7945111470898646,0.5865007005692524,0.5944420859576489,0.4349995140370965,154.07658699099937,59.33740849717806,-0.1506188294898234
0.7854913848355758,0.6156461630878067,0.5290940642996524,0.8524955576671789,0.6324889699303123,0.9497199104637224,0.5198266225369419,156.80967443777777,95.16721684815403,-4.424953045432173
0.9368313673118184,0.609233116228661,0.7292529700489976,0.6853708494065444,0.967450341295536,0.7879422008946269,0.7571733724849208,133.4523243893754,-22.2758561381077,-5.429741562399489
0.4680120750134362,0.774681110689897,0.9068998750864194,0.8669930934527119,0.7524887756195667,0.9305976256695268,0.5162235802554713,138.9746969027294,110.94368456022308,-5.335103427804858
0.6831920615108327,0.6775828819380182,0.7195019154324421,0.7162866748582231,0.8099589511504659,0.9770756642005842,0.3189849603530915,155.267042216254,130.82945083262956,-1.941609906138459
0.7491351817211083,0.5660067390560746,0.5419572911752097,0.8691158929509268,0.2147093453433051,0.760746961453583,0.6973208164579783,150.82180456101128,65.0785301746248,0.29681552051755933
0.5362169325484436,0.5231596523159157,0.6180247830637824,0.7021203657733014,0.8887572033517169,0.7734222528282474,0.5568017487175836,151.8186016158971,96.08873409785531,-3.623682409079954
0.8972738492571795,0.9236984636316354,0.9740219396208596,0.930593471929821,0.2479509660165647,0.8330692229480834,0.7105822571239764,148.21862105361214,44.036989281619896,0.9177966088920044
0.8182313268375352,0.837876782593296,0.5379845689595328,0.8966890897361429,0.2650653544045339,0.8295918596137605,0.4351818229515442,152.6755709708068,61.31848850598348,-0.0026387410448669435
0.5206066470850879,0.988821751332374,0.8597381956889276,0.6838104074294977,0.8775568551126096,0.6487393374322041,0.4810847108822927,128.66863327786663,45.890246776601266,-0.31712039345007625
0.5374466128082932,0.6023268683644023,0.5422612447762633,0.7408610299997099,0.3566875260969523,0.962148351641588,0.4955595860033122,165.50072073366937,113.16948531919581,-6.1156731393555805
0.5271972267916043,0.8366062095933917,0.8161288862457191,0.9382385939460371,0.6273443491818224,0.8933687862555362,0.7471439061939195,144.75822058378586,101.68837278247814,-8.054122553158566
0.9469162677872158,0.9732406078314546,0.6883809007890189,0.7553262946265082,0.4941973033243456,0.7632428569711454,0.9571235048269292,138.08258052775187,-32.90517130995643,-0.1845450622873095
0.5193049995831227,0.8179036369230221,0.7302461756529434,0.7685482392453235,0.1334511704510631,0.7579996323489092,0.759903431618834,151.34944037426132,66.85546312301607,-1.124245285083422
0.8677481492533548,0.4406606525065176,0.9220923735505252,0.843695009069704,0.583551572745245,0.7514754884412975,0.8234586299102242,151.0679914054075,-2.302951619537623,0.6042624011358131
0.6315874756402949,0.7019031542867169,0.6882347091955671,0.8456046879263082,0.8435391024858895,0.6295372851242692,0.884110869308168,145.8060746923936,-38.249350068756584,-3.3052149271941142
0.6313063920598923,0.7512709131037959,0.584430176609355,0.7444010269369015,0.8095796915290072,0.804986863451299,0.8828961533411428,142.48855482791913,10.188219127226965,-6.483990597845622
0.95357079283519,0.9454995766836608,0.5523535658818953,0.9137356172343218,0.6804666757130372,0.6080192989576644,0.9877156406403448,132.6090717364174,-103.08608622087246,-1.924917136118974
0.8600207268805631,0.9967810131127506,0.7869200635130069,0.928115218519121,0.0127920047426681,0.9266957478321616,0.4905818079994818,146.6015339809065,75.7850844061518,2.4068062207232983
0.8160614970957987,0.8844695504612534,0.8111954943009432,0.720755180468586,0.8457399375346525,0.5913676024909179,0.6767264009330769,134.93558151292535,-21.82904323514944,0.1996224434921472
0.6397622606949822,0.926063752518959,0.5326185301661567,0.7108381327184088,0.8316139392922541,0.8593970472865586,0.4770078607407904,141.35514761196148,87.41679706013703,-2.8772182144768177
0.9919038762099656,0.550712885301762,0.5509899533137668,0.7155406173200829,0.1849612101913495,0.7621478690065131,0.6998465384531666,139.02464874156544,19.892155288479017,3.1088797176197858
0.633714478364064,0.8905799750470511,0.6951577796092824,0.957292561418248,0.6832731853671739,0.7837969406036915,0.8344247058870063,140.6072129546176,-6.924121164699109,-6.027266620515818
0.4348488354318379,0.4144118428956591,0.9338817656582994,0.7597005536930361,0.2759530309332169,0.8376330425925949,0.9077827964046176,135.79308064855726,93.94201297393174,-1.803190500269305
0.4710459543646696,0.5076305837887968,0.7443979611258305,0.7404555341512283,0.0424739680652197,0.8226647099055526,0.6355247801094295,144.38591717128241,94.4243791377258,2.5011281610882974
0.9943992968422004,0.5860744521588012,0.913657810147698,0.9576170986123412,0.1090791937261094,0.6523748082873966,0.9252833764800802,139.31436858854192,19.33721653578366,2.5769259223586425
0.8031783433407689,0.7995171683595899,0.8119920507573408,0.7618034637319413,0.2083056271664431,0.8940228397530559,0.4664885335840055,150.94965824444665,73.194286551299,1.119681469791614
0.5814386854559455,0.6033286971346283,0.9447714552881228,0.9226302847667756,0.2511559940485035,0.9126282868497416,0.8598623866371129,136.74999199522856,116.76696922956583,-2.751250894721642
0.6735390063452782,0.4887887697439801,0.5194604784545944,0.6741878339484566,0.6958461114531017,0.68920715654053,0.6099323690549145,158.38065796582472,60.335069943964,-0.09157105392683884
0.9103439342356336,0.9215156678962306,0.6871336917415255,0.7316551711852171,0.065355908385256,0.8012235922924614,0.7406162723967362,142.56436581884682,29.931080989886244,4.002315060769094
0.858313791205158,0.9289457394576036,0.7763329281349072,0.9044880833798904,0.317956497616513,0.7748698538814836,0.4752794140157557,150.74628521268673,35.34672390969706,1.0013842893974592
0.6068786033076743,0.7687855087457398,0.9123378078987524,0.7637419863035496,0.2194421163121322,0.6787717348574136,0.5191035461044478,147.1172636192671,58.7852703475114,1.3631919301419093
0.9411028393322276,0.9215453493622944,0.566279138553256,0.8612728661038389,0.1944673422197968,0.7652498538312636,0.6780483266172543,143.26855507267152,25.796327666864986,2.4095718599942964
0.7640485738113181,0.755297091442929,0.9534556583294618,0.8633844997662083,0.5752304937474243,0.7699681986657907,0.6982077490965182,148.32219421400745,29.18570810798534,-0.7451319731519797
0.9085426721290532,0.6942579962126147,0.943003844531156,0.7411509706787229,0.7584035388339259,0.914969929275017,0.3201095561745262,149.3319635497667,88.84385415680917,0.7345478554674583
0.995464658047553,0.7513324308639272,0.990199558404174,0.8244668362122614,0.3236908300615435,0.665319717564504,0.5055189303214479,152.58356200472096,40.87410500602367,0.21256556349078437
0.8152742194457263,0.6807400379130979,0.5039837400389326,0.8765477260740877,0.2872438580576034,0.8736884700642,0.6285328570474655,150.91239714085685,73.87282264437283,-1.367610832597338
0.5709766055753882,0.7168543802157986,0.5498986703547746,0.7250027428896394,0.5508549036065902,0.7268910495967154,0.8105121384595205,152.02679737151632,-1.3334128193206496,-5.181775928404422
0.8369195291236806,0.402247356964577,0.7944732222673305,0.8379603120933932,0.6052185372206405,0.9484875932946968,0.5680081439765764,156.50613121046987,72.76812800642992,-0.8128998353698454
0.6173022777134529,0.5157017974090562,0.9080675165386264,0.9594813190267256,0.1847729934085379,0.69240753423833,0.907834917959044,132.96729020306756,50.4000270224296,1.7071103321654038
0.7832914118638652,0.4781091657990516,0.7225565964142243,0.7349965549532045,0.1526636534325884,0.6153382751658156,0.3173719441332106,148.58105954698894,67.12301909082792,2.7364621539449976
0.640719191911888,0.5449737844785323,0.6023650946349767,0.922843419186093,0.4299001663464166,0.8421053810514074,0.7663801883600205,154.19921154292123,80.23600689267914,-4.0888325735862505
0.91374258539272,0.787897519279706,0.5901756386360634,0.8762094995433904,0.0674266028450308,0.8136691459367869,0.3179581080770798,140.29453359430627,60.55470116210001,2.197134154007027
0.583452613353199,0.5891906637438753,0.972301042386133,0.886022284987222,0.6267630215163372,0.9383457080965272,0.5081605919881362,153.36936415210178,102.39938622360543,-1.9203060040492859
0.8807442456086501,0.4923697028189791,0.6537145852530355,0.8303206236606063,0.10645021023296,0.6013450478279827,0.8165796808359655,136.17821968544354,14.03632842558897,5.042550822942933
0.7549990251564587,0.6687488897276415,0.5566363518498525,0.7440881234683626,0.1991495451434452,0.830742894211761,0.6174106856822301,152.4091558171554,62.85930333606456,0.6396336052950653
0.9906322420502908,0.8028563897698787,0.6328213163138351,0.9817775371233096,0.9943872682540374,0.6356956832830601,0.9109982694210128,115.10009579022297,-95.82162850554118,-5.583624782740563
0.8358331318273802,0.6849685297037851,0.7223957635715282,0.7307136830388847,0.2505443804422509,0.973511799877772,0.982651759602041,150.29296106216424,52.63092683393231,-2.926323293342014
0.8375950684083289,0.6087932625863129,0.9387718115825688,0.8329121731162767,0.0605142828119707,0.8646002680370122,0.6871571126083618,142.19679544795525,62.52263074639373,2.8882673630792297
0.6518108635250014,0.4500989008745103,0.8576897271372799,0.933947038735592,0.4022830162244719,0.7727236242656574,0.942728743537964,144.8190330990509,55.073450818905634,1.420079424125161
0.9279856860891138,0.9331325808197656,0.7440790714209702,0.818953532034977,0.6057703300827277,0.6141145338988385,0.3919344020575791,143.20780720931097,30.070623185421955,2.1177637215270786
0.9628236329312964,0.4888451359076113,0.8168162122520548,0.7363627312442891,0.0302462658063676,0.7463802740025058,0.730888151694034,139.71037856517407,31.199959117857716,4.910670589064714
0.7353910182684956,0.8527208077397841,0.7951071859258084,0.7868575740173698,0.8066447578354079,0.9224882031149904,0.3530836226124951,139.2587535719832,118.64033929541013,-0.6987158855903735
0.8887844846468711,0.6550217625978785,0.5211089889160123,0.7407415581935402,0.7709432652295277,0.6210143429835558,0.4181057840040268,144.17025118039913,24.46427875589387,1.462415088331901
0.856309843994169,0.4112235299341142,0.5377332719677095,0.6818606806412185,0.4966331007895356,0.9664020067894488,0.5605766413952533,153.21649861549895,64.88830848118941,-1.7773001157405974
0.782999243506133,0.9691309481208968,0.9790573713790762,0.9617947550644388,0.4482323449399784,0.7940373905667635,0.3806288246007256,147.05194630351545,49.52389961788286,-0.1214151844354232
0.5019474872481541,0.5421915525030199,0.7349095924846025,0.6829682957926211,0.2389217519427927,0.6442229084823183,0.7250764503307676,153.83960968022086,63.64014980726858,0.36028512403577784
0.5184845648932824,0.5066389191891661,0.8507784724686638,0.9422755532207768,0.2137777561071237,0.5936838959261359,0.7892037117544531,135.97905165764314,53.76449997771343,2.54137429062169
0.5995660593832544,0.3777563869131765,0.7938688250540484,0.7018066383345758,0.0203744861828046,0.9330981777195992,0.4847633154749509,145.5377688885433,85.6252298514185,3.2318932870519452
0.6977927628000342,0.8722130444849956,0.9075684485489433,0.9818580323643302,0.8631933953771027,0.909094393877368,0.4299456530507868,135.6914780034816,108.31255310788073,-1.0991916546951936
0.643972794759944,0.8958869101324081,0.8486534201678608,0.9713624797499528,0.731865687416494,0.7807539227539416,0.5284395727253393,138.07769710049504,54.11132883660758,-0.5974531683235319
0.9485083315333084,0.4635978102754183,0.7080061457052159,0.9360530370117576,0.5480011627964715,0.7659448756304468,0.3660570795467117,158.85389348887102,69.7030361827933,0.5775171015809071
0.5942427400448023,0.8409027413128061,0.9489097440298812,0.9789943676240443,0.2973375980089922,0.8942646452831386,0.4819884188787154,150.2570422240956,109.83713809678764,-0.9686024104392
0.6032160726146768,0.696015403559852,0.5456542136234365,0.8613837638328836,0.3239370691515156,0.6487037032755483,0.5048151231492111,158.24194520085962,66.75049898291954,-1.8560984506583893
0.5995315828326849,0.94135368779386,0.5997514057378925,0.8280577156546617,0.9360117485992112,0.9641432615075792,0.7426665522446396,122.66878125141045,95.8813162099098,-10.967683172474645
0.7023003375022154,0.6505340628897938,0.5462345576254702,0.9783939529419772,0.6240317236777864,0.5929896423014035,0.600783889995435,157.39219038193676,35.93254250042867,-2.8054583137844893
0.5101754687882781,0.6226431170599193,0.920623124874843,0.9948007133116404,0.7790822392417512,0.7722361398350347,0.8744186492552853,138.00795520604944,37.20235347326597,-5.619771008199492
0.7541904025693895,0.8387328234064013,0.7606868432936391,0.8989245690213457,0.8298505183064964,0.7045949112125585,0.7736639156340692,131.51876588743124,-53.42926208272564,-3.3667268304235263
0.8852431366416464,0.773052945704336,0.9919701811715538,0.814874768095495,0.7885983753079107,0.8285281812479335,0.5546437363904472,137.0096950873697,44.63657649957684,0.5993909687310683
0.7609753764919909,0.3562147135396302,0.6159416344844176,0.991977612548922,0.419496252349031,0.728182421138155,0.6197246532138401,156.8380788964938,53.70041618906589,-0.4393858213977412
0.4904395784680362,0.78894056952091,0.8764865156429673,0.908390434695252,0.2833433397820464,0.7908347601564676,0.3427044955371521,156.1748710399946,83.53993648493285,-2.2478034188957223
0.5165857317576259,0.5798574459786254,0.9762410516621104,0.6674105672824386,0.1734903414381048,0.949848801001088,0.7859168503754712,138.0575949920692,99.38889732673196,-1.493843864660103
0.7625881754253282,0.6617778897569873,0.8466216077886433,0.9865023979153448,0.2978705217967959,0.9446539353536648,0.5785826344447904,156.49962231775572,102.87432301120458,-0.9318221197498091
0.9244317714778608,0.6914680466713887,0.7062687293077115,0.7860392925538165,0.6337182896047308,0.6734206830666398,0.8236298178923087,144.58593045894884,-60.53520888440566,-1.4423136671308625
0.695599999082894,0.5462353180606194,0.9669068111480597,0.931439212219914,0.7288846943717561,0.8326298886951076,0.7638946491668089,140.88791110622589,42.49404928379666,-3.1037446768632257
0.7508114316869599,0.5105307938668927,0.7017204797006428,0.7104808503320914,0.4264355355110494,0.7876776414698762,0.6164175066811678,160.6949992850074,55.132467349798894,0.08178593070412488
0.5543825865117574,0.8734701479376905,0.704688131513892,0.957757143511902,0.1803691543577504,0.74368211120452,0.4345546257621785,155.00791946041008,74.85903146093433,-2.282328787848175
0.7504971846923909,0.5341963172702003,0.8767497415182527,0.9829477528737396,0.5760003065409673,0.7198740142268348,0.6022890048227761,159.73671849206247,43.39399146356682,0.7968671782749572
0.5235058260289449,0.6927592599787448,0.983982731487444,0.6948914041303821,0.1072788464629028,0.8666346230480928,0.8965520266842165,135.35944351223193,99.87641525024881,-2.090192609589386
0.8553443645481239,0.5769282824455686,0.9510037996884628,0.8000539529748443,0.6104569180085857,0.9875638778768098,0.9749732586074218,146.14612567558513,52.51039638901898,-4.804330477644724
0.595297900369816,0.591180277149026,0.7136642931283035,0.8901261247050664,0.7891024258275771,0.6206182661301604,0.7070851956875753,155.67685586497686,37.78828709461455,-2.159061425075979
0.939231834308888,0.4988195965582724,0.921203553189875,0.7880763910961709,0.5224315494059594,0.9740875630514848,0.8518858257353387,146.77330754168318,46.98444456206889,-2.5357500277511615
0.5364166213674151,0.6587841417650568,0.5228767673539767,0.9791890755322772,0.4810152409903843,0.9524344626694888,0.7347158552929489,158.3343871918547,127.28379677319167,-9.82495982618863
0.9074345429267656,0.4381425275116788,0.7230353389511984,0.8712411200305255,0.9419948819628214,0.8715005774426714,0.5271853451512029,145.16463820704277,77.47849275912588,-2.935469726408174
0.8459342479214449,0.3595167327678802,0.6165034683194713,0.8651289345642577,0.4148305454207741,0.7657549353860831,0.8834904002518525,143.236835238242,10.031477631424025,1.9512479722640248
0.5519918348662739,0.5514146254840715,0.9803612369730604,0.7689138087346844,0.4144141024325549,0.5999101990571788,0.6724725572826732,153.77339140408543,51.63498150040401,0.6354745315380319
0.4437125347731047,0.9901163728373968,0.5500080548028783,0.7851614463041992,0.2152229381888083,0.6821780765439478,0.7168538259939816,150.55950810107535,43.65563056243577,-2.0825654708677983
0.8016190902128264,0.4074007178939141,0.5462354379489649,0.8434650180128,0.8446870756753788,0.9037918750533408,0.7901040183317896,147.81403124621266,42.5552760042157,-5.448640281277217
0.5865140929886035,0.7039865764953774,0.8740584007385883,0.9364651702649016,0.6067065397598429,0.8717268409728731,0.6417420861239773,153.15628162589667,108.62467191194577,-3.6621058265576028
0.9222731394106513,0.8739303250510799,0.7398525015492088,0.8995331506668895,0.3615727868044928,0.6602092650380197,0.6182868477831278,149.80677449341968,3.204036888064664,1.7158478616369939
0.8953453689889761,0.922293478952008,0.980392982314551,0.7605425743314309,0.5801537498032746,0.921638371887705,0.9909552927847892,140.54521283561868,32.87336220744186,-2.578823251779985
0.7929994343542376,0.4637920035719496,0.8177928731610383,0.8243959410071809,0.3741418963795127,0.913213389444189,0.7335009186889273,154.24811767586635,71.1714945682466,-1.142292226740947
0.6594089512459703,0.9320343579526056,0.6729128334494294,0.8976979328836974,0.0493731862967115,0.946429427662944,0.3357464701030432,156.2457542876715,108.96941151503532,-0.14504077406302107
0.6864385136932503,0.4209832175688271,0.6489076283337386,0.9944225550967636,0.667212277015928,0.7368166303367869,0.3749762328166721,166.84737269996424,110.99717000280094,-0.2752815611432964
0.7595094993592886,0.575082162631398,0.6026616724673719,0.9289685609959344,0.7455053808755059,0.6137100403801036,0.478966340280448,157.1678983271921,67.94211116388512,-0.6724998388064357
0.6581530502394226,0.7677259189470736,0.7481489771276905,0.8303026319852926,0.8272735873039369,0.679629754413485,0.6373716907267667,143.5287297143401,19.19467081276185,-0.4411111825601879
0.7683808988045238,0.726742529193617,0.623300573360543,0.8021171199962451,0.5824288530505755,0.6155952673842238,0.7553080547799192,150.65082874090376,-23.372048052372932,-1.9943479377553732
0.5214228526086616,0.938675693411708,0.7022712977731107,0.8390590995509555,0.6091832858739855,0.9512925950169012,0.8140261639760018,146.7852010807983,91.854676428698,-10.00039690453323
0.8265461292592159,0.913156993543924,0.8679911817514047,0.9379794243839308,0.1421658131103373,0.6790046969424864,0.9337622821108992,144.8147868333705,6.222246544671492,0.6947275199294696
0.8878248102644808,0.5917201193820435,0.7514652620533349,0.7757270893820488,0.7094616091992545,0.7990297486053891,0.8623181827083419,148.62100076653428,-24.019197871043147,-2.8146494780840268
0.5365731902239542,0.8102807209274906,0.8046488036947315,0.9803490676213126,0.726457372341022,0.5937002143160716,0.8620116277304198,134.6692504152151,-22.897739189093087,-4.363699308943095
0.7190099411042811,0.929366119274172,0.6019523024247695,0.9612668846744123,0.3039033820164937,0.5829937841484449,0.9367951429458996,146.1933144364914,-17.52614714489114,-1.7840685877570492
0.9525552010628744,0.5401450668381553,0.5265052366883884,0.969692531773565,0.5439159581171858,0.5893579730206556,0.6023569843825523,147.74926722608592,15.960829083822759,-0.44298526810674843
0.7030655907838665,0.4675773943503382,0.8217092605336342,0.8284189335887386,0.9489094058127924,0.596058849196171,0.4771690037113734,147.63251170315223,66.8413570726276,1.112889043030712
0.8768962827801843,0.8811058572989083,0.8677394310558615,0.7096005551053304,0.5958261604659881,0.7711286097661423,0.599832499939196,146.32300107135032,18.619215951365014,0.12134119154106937
0.6038243443623053,0.695505056783768,0.7667518126704143,0.7049008567757997,0.7655592862132702,0.789490159845098,0.8042505589431705,143.81264630277417,22.5131417685248,-5.9825435092595605
0.9807364560537236,0.5906864887981511,0.7640634885143549,0.8275013326575902,0.5651571877398192,0.7879328860240161,0.7332378507498208,154.70057637174506,20.532762806636065,-1.2598099289888995
0.9170480532127664,0.9961234355941704,0.8592438594749614,0.961802440123309,0.3831557346495197,0.9616484575041876,0.8991291688445185,141.46184208306443,43.1317378872443,-2.0831792437504717
0.7044248131711515,0.4604144089543319,0.8438333610331975,0.9939392348315124,0.5860033181949391,0.6899248027635674,0.9787745104527776,146.70701521236333,6.975674779908182,0.4850129973903443
0.5481378636691663,0.6700233179015254,0.5725087095082323,0.922203685827483,0.841551341130819,0.8515390895959947,0.4465698609100727,158.2505666765488,123.88230298035043,-6.327678399677644
0.7014025520204072,0.6177986362162404,0.6588331494787873,0.9815853782321424,0.2436798129739895,0.5786436458669424,0.7978477696517503,145.3268236017521,16.0399967553872,0.20242615331196534
0.5689056910982544,0.5231865993452848,0.8423842271077309,0.787717929298849,0.9697614492569858,0.6015009009159052,0.6318218938425659,143.6245079252461,50.942352460212064,-0.7141702305382626
0.8508330234368445,0.4321439847638407,0.8529805396058553,0.9690260131898248,0.6634149622326981,0.5804392652740177,0.4710156480722894,160.00109411892547,52.293331212389056,2.256817646676474
0.9697309947102104,0.7004744720705902,0.6917880393595509,0.8913636282052358,0.049043848513545,0.9108580946335604,0.5427402586940819,141.13723858001876,75.53528199195965,1.0976139077388734
0.4844631852143574,0.4838980230740567,0.97891987591874,0.8384110201673055,0.7421505883332371,0.7143871632787054,0.8037444558144642,142.72299435713168,30.1167328621064,-0.8872325030791993
0.8298448989510472,0.8551579934825378,0.6116455950649681,0.9671149807958874,0.674767527298705,0.6846859844963438,0.3832269846213342,146.07128711047164,25.2829021021163,-0.3797861155677691
0.8023552645828955,0.7347091122713008,0.7088042000356467,0.8569296664914154,0.5384174417913159,0.7337319824877696,0.5212178942919041,154.88667858067487,37.51612799772136,-0.09884614357607902
0.75880988063817,0.6839740454677041,0.9462907729286272,0.8672985206147508,0.0479004048525055,0.687016696267057,0.522915066536587,140.07243771280955,57.61891348805818,2.7909136467231352
0.8280335645532935,0.7503022907896115,0.6311957917950237,0.7126545754714468,0.8084446518643034,0.6677694559902895,0.7399854304904305,136.9348640367749,-34.91412096066017,-2.3033989999391817
0.7646072875399396,0.4725463695967902,0.5866082688176127,0.9350216527039747,0.0492243126605949,0.7698769982022635,0.3792228603805249,142.84314493397946,87.34436684561132,0.8264889280572834
0.8088308609179569,0.7154701117199587,0.9827142628628868,0.9853958172461832,0.5103581316005826,0.5799163473842831,0.5799231109901535,149.42569671573708,27.2830391418584,0.3601785552551484
0.7696911336413398,0.8009387676818198,0.6100205898330484,0.9126431224628696,0.0820192994097527,0.9722113799786388,0.6555664245971734,152.38868444192,101.72862338530459,-0.6156141200358328
0.6468811818728155,0.5356171357514915,0.8311049271823951,0.7510695046506117,0.058334512510366,0.8199838979580061,0.6436945721282892,143.08565090384883,79.24055607509185,3.5508316647380314
0.866734401536833,0.7248576841431154,0.6314833464706746,0.8898447318945264,0.6820766221602522,0.5811957727705066,0.4018429671330528,150.4893011703859,42.032997694416395,0.7354502183999938
0.7549594950416616,0.6600167971539743,0.7073759684585499,0.9977316868761196,0.1511080908254806,0.6319163243005593,0.715354152049583,143.9025441958076,40.425084048329296,0.7726026879786962
0.6007228661397548,0.6419063564544788,0.7452135304582916,0.6889161504369651,0.3793227689218611,0.8919742165094197,0.579534261219375,162.22933686146143,107.46242774835495,-2.819742659998756
0.874475795136793,0.9407026629779738,0.5647959019556279,0.742154608172471,0.6328351696631712,0.6716921144018345,0.3477141157275235,135.07563924099443,8.157619253528289,2.13564205477079
0.8451980289077851,0.3927677529739116,0.7162737197948329,0.7342245821920771,0.9496345453475192,0.7929552919450561,0.795562019339864,139.6687843106423,-16.204063026849852,-3.9022676621180845
0.5247006897819372,0.5229362331691986,0.7446214338739523,0.8910822456051858,0.359817380694756,0.9697892755507482,0.3371912044068599,164.75830841501354,130.20449552985852,-2.569536154203942
0.957439448981538,0.6230728785957124,0.6351359372391726,0.8532292822502456,0.0252287607087225,0.9423004479803226,0.9028909654176892,138.4257516151295,66.69828878913384,1.760868711051287
0.4358235855424034,0.3624274983884061,0.944780626129344,0.9155112839028394,0.0540019373299554,0.9428368822388056,0.6906229679341191,132.09272112821245,113.08968615092098,1.3335936642595057
0.6686664264633008,0.458204786082524,0.7346032525119838,0.7895178496391617,0.4973103099785764,0.8849036613236732,0.538695020508454,165.47160316062553,108.69566592789428,-0.8606218108444993
0.9860684847688904,0.947417605191035,0.9136954959225104,0.9417858712535558,0.3409156702287139,0.7332186784467766,0.5414584864486196,148.83244713619834,28.23410608477438,0.8459673288788916
0.7486703909702603,0.776896386832975,0.5998203514555844,0.6983312099486139,0.2511146550074235,0.9952753199966188,0.7418575056843358,156.32683866833077,89.4770967437041,-5.462472455719608
0.8448856248085075,0.7357148803870542,0.8213332566092708,0.7090879814720268,0.9525859310390464,0.8705495187193861,0.7875582728434289,122.35139721740698,13.09994998483311,-6.021101186316223
0.9699699531923816,0.5039276602133307,0.8474414996237476,0.9012722201923008,0.5122132207636709,0.9507748909532664,0.6496789706890047,155.35211893107493,56.247927453450295,-1.364033142257063
0.7805682792463726,0.8517704903541319,0.6119827223477324,0.6773960542122731,0.7853655442156089,0.6956297410325449,0.852252749612201,133.16118113731707,-73.28749750068553,-4.866276225100945
0.8708416153576582,0.9028901813462188,0.6462475045146763,0.8469931876832543,0.4385415391841618,0.5839775715112376,0.9197891682008044,139.9220862205702,-63.252554533937385,0.8790887955537459
0.5978044336180073,0.4377725050993095,0.7847769368138272,0.7207730748233405,0.1119421901414467,0.759928169075932,0.3761967321559579,148.79456676437215,82.61233237414542,4.0138931318036954
0.8452056256998828,0.6085571011032249,0.6937175920197316,0.8085162702869133,0.425933754229254,0.8342077592549413,0.6412063786510895,156.65169068655152,42.45903393081327,-0.5926622242407555
0.8223789544910938,0.9701595988088298,0.5801611293834303,0.905791478697289,0.3786912686919113,0.7949353634392959,0.5138852815671904,145.0425577015407,27.898050714653746,0.1941920198652527
0.4722334805592368,0.4273220175652832,0.7819947580829969,0.782202988296455,0.5195646062332342,0.6852621560573864,0.6562020623087182,159.44644252076188,65.26079466113144,1.4501238686304911
0.9747731876460756,0.9739637780782044,0.5802865741427121,0.8141127288877296,0.1396044959111233,0.6983614232852361,0.4264654702827602,135.54949831222976,41.97281931575867,1.5573676383992443
0.5396131713358714,0.8255883057376907,0.7556954332626808,0.6981849641466261,0.2373350279680103,0.7071743576429546,0.8820345398143016,150.07418801810417,25.50853439980927,-0.744687120679395
0.9595001765289128,0.4217696811695943,0.7107613442722033,0.881532094014054,0.603781550773743,0.713357173661572,0.8478495499557652,146.307841865284,-25.1794138479804,0.03246735843472037
0.5870624064559836,0.7495790494920236,0.6428191851271621,0.880218739268336,0.5522733274206438,0.9820676472371468,0.8511681814908761,153.29291157200956,106.8663914837694,-9.788049124689781
0.6351281524356218,0.8609688917403808,0.8206189804403193,0.8661381211747536,0.4666453289703662,0.8469178589835374,0.3865702517952568,155.21977858064838,97.3666350847866,-0.780076042393133
0.9634365679005006,0.8458695379196046,0.9915028396566506,0.7414251659937711,0.8338231703733149,0.8416267613871147,0.7003898721346342,132.186219553835,19.275173320918213,-1.5335885930527158
0.9630789194059596,0.848918133253992,0.815450478089762,0.9505605955748552,0.4593019751195205,0.7077636452032091,0.543735437890252,149.27086761053897,21.45779820473829,0.3542487638688838
0.943156092834957,0.5063093992298437,0.7871317995202172,0.8652865070489814,0.3229515159595939,0.7245823804542303,0.4083795394864903,155.3070151824383,58.851094174621394,1.7462019579280725
0.8042519170377076,0.6168097220609027,0.7745243320223348,0.8529446263497173,0.1522154082526211,0.5943268741495679,0.3273952254112047,148.1646340493437,62.85850379795605,1.631644992623404
0.6744825592602857,0.4607189359883213,0.810339005640363,0.6709911963695866,0.0475369799499185,0.7157038270050164,0.6070371068477699,139.9081833266732,56.368234875736675,5.152563047093088
0.6458759533995807,0.6841106510809114,0.7793136448683509,0.7621788432960798,0.2410051051697964,0.8155408822327951,0.47791785751194,157.23315495253675,78.01211865671004,0.788323954337089
0.850027683315657,0.9253598698141664,0.7696512534893727,0.7457247357591374,0.8923514156802438,0.9313466962932276,0.9304906489313822,122.73260094682027,-1.0097805805335511,-5.0958055408408836
0.964357798532409,0.6764947014487063,0.5533140936590385,0.8923004369063343,0.705208562587278,0.8967148185109479,0.4874887992305384,145.26592020649755,62.06360060631652,-3.4576047732306536
0.7071791718781706,0.7556345419967405,0.834436456651944,0.9981922284504288,0.5626997072888702,0.8168665165972384,0.8016279869158628,142.46829999839693,29.213361578856503,-2.643068885924766
0.6996424871426496,0.622922258234452,0.7501171907415218,0.9465869715420108,0.1477986694503113,0.5886545790834041,0.3336391448767242,150.46928592610394,73.97102813812361,0.3875044589856518
0.8058483457496224,0.8513041907145538,0.5790116349794631,0.7286060246779281,0.9266574314584238,0.7244235759734234,0.9565713329982392,116.93508860034164,-89.67232460748787,-5.278646820982619
0.7028844922375217,0.9518257011971,0.9418857101241508,0.6763871571066964,0.2185009162400409,0.9616112776771856,0.7068635610499239,142.8758571990088,83.26962131961344,-1.7838755430762143
0.7051948530425913,0.8056966435228446,0.7170018270645692,0.8096720477885586,0.828783755388737,0.7751404025703743,0.4273417816133947,143.04133530557726,81.65693026907483,0.4134566175566048
0.8128348374051724,0.8398661499674124,0.9966744045460768,0.8781723143636071,0.8601409434685501,0.916738959912014,0.504178713037488,131.15644311030687,77.60512060253303,-0.18262232582781168
0.6399242814016942,0.6688833581655818,0.548496844478597,0.8019144393864773,0.9122338404832656,0.7180619957355119,0.7016788525044921,137.1863414222307,25.69212364638255,-5.967604666766026
0.4573130954893659,0.9508397093353868,0.746349934695031,0.8999007417662235,0.8844810238365928,0.6675316503716076,0.7961060303017408,122.26494576934192,-42.95733176245912,-5.129289810664044
0.7808064010456501,0.403364290310715,0.5682452754919897,0.9622877551899248,0.5485970782647034,0.9697571945828714,0.5531802499051336,158.81284188559883,103.48357630248697,-5.087442265760728
0.617492167292716,0.7359816195531317,0.8490582695904907,0.8443898021327051,0.1381299470895901,0.9311522729976972,0.5467523104788167,149.63583864595302,95.9391754286776,0.20079014858181754
0.800865538491135,0.4820949066680842,0.6241046120062272,0.9571430214920548,0.6543044565029906,0.9379312182957116,0.6935813085379613,157.95045615944997,72.97954688384962,-5.955419548230823
0.8619375193220437,0.500455033934835,0.6271928997235737,0.8168304541152516,0.0725491356584173,0.7899277057919443,0.6213140811343202,136.2850524189863,52.24058263298402,3.3588120471336778
0.776718036867551,0.5343273631059866,0.9942161494901138,0.7315550482533124,0.8173569371570429,0.6489904844304469,0.7189258383117771,147.48323391800767,15.019605013468485,-0.2994516126051008
0.7640366198024984,0.9934513253192752,0.85853908235097,0.8760280864182279,0.3858556999975666,0.9694093862580212,0.9479732247643128,140.21914397056347,75.01812385768845,-3.9953222792870267
0.4442359880286646,0.6749320444560039,0.6337291656421538,0.8160148008185468,0.3243075022028647,0.7922661863629976,0.6581168737411165,161.86284467947976,90.85936699740017,-6.827141430078176
0.6670233626591751,0.9595934222949488,0.587629347383909,0.9954049461892056,0.2175645864715067,0.9385903740571048,0.3326592829287593,160.20772474727465,113.01212299174398,-3.784038905135942
0.6999428658678076,0.4574036301110663,0.6405758346519291,0.8738998975260095,0.1650317881740692,0.8518298248953878,0.7340918151624325,150.82013648262122,109.25083704884585,0.5318507682973235
0.7740450582102856,0.978407950086016,0.5201322738885316,0.8090141436497391,0.3863923338675424,0.8690259227050259,0.328504804705272,143.98996558961224,89.36569150348006,-2.054229987069734
0.5871458611311478,0.6602290731014517,0.7304516629678426,0.7135227798252253,0.1412681593820926,0.973971657975861,0.6441478041081711,151.80927127673388,99.98491136333536,-1.2570110284423845
0.8578858346199032,0.7057669112067593,0.5923475001728837,0.9810714015859322,0.3342952318203516,0.5952727786738949,0.5503900096574342,146.78915594706888,45.13015639446951,-0.7374406090955721
0.5809084594146334,0.4155269410578321,0.6837507195605097,0.918873158167205,0.46183468836848,0.7111494362626859,0.6151049220031917,159.53972196800714,69.31889719115668,0.6418963167974356
0.8773497257099194,0.9488958836507566,0.6393585464949909,0.9368753100991284,0.2193368735705577,0.6113563927934302,0.3312637196753032,145.44644386863087,47.90785935236289,0.3923422784822461
0.5545340907179064,0.6807930807454086,0.7840813961708528,0.8302546545104629,0.04051385309031,0.92481987865497,0.5946919781543607,146.64275098353417,100.66965640630906,-0.23608010108301025
0.7075902529872304,0.8659651095635978,0.8886040210435908,0.8823196611921255,0.4867159125448563,0.7063150482486305,0.7314993313144769,149.06958228371838,-5.811258904718919,-1.29342935722765
0.4363947494975651,0.6068863925371655,0.7347855639578722,0.8332910343835525,0.8708932952601683,0.7725483590528888,0.4700394091859921,159.691837526541,93.38055666586368,-3.682373048055048
0.4552975286524261,0.3602465794204562,0.5998564698135758,0.8998091348681462,0.0682741230333511,0.841030824335405,0.6768092553631411,146.45692968668502,111.43449964919938,0.8552748867285587
0.6378074452747425,0.5054585376925094,0.6908380294792772,0.94839742308288,0.988863126924572,0.7369272626335636,0.8673894736334757,139.1747001936331,9.951280449191707,-5.507846526993598
0.7081202271043783,0.3792443900247391,0.7720551258380693,0.90589059201805,0.0763209938943036,0.8228095794402319,0.59171066700679,141.1961746726583,71.71900099682397,3.5195352125807027
0.7804414923680665,0.9243565919989096,0.6882961538036779,0.827420272027754,0.4217442653281286,0.7017690826301648,0.7985425711418048,145.38549745633122,-61.17395311708212,-0.6235827034768839
0.6163391866185524,0.7908883730392389,0.6550650870567334,0.7989241262150373,0.7540308142455445,0.6078781995019815,0.8046346871426582,138.13849787964725,-30.364847729091537,-3.7559152633441664
0.8926774989717416,0.4176591666684909,0.6217701279394343,0.7817394438301964,0.111453933107632,0.5968474688767971,0.4386134445114953,135.80050056988117,60.57557776148371,2.8564918441011686
0.8098168194707436,0.7055099688521635,0.7279835124739404,0.986097198090828,0.9603979167987308,0.9372547153221708,0.7930418406875757,128.89949576374784,26.1043551308576,-7.362992836479759
0.6643258811969267,0.5049857202492707,0.7332968213430483,0.8488416838194288,0.7212504860449701,0.6943155053357009,0.4666254028947693,161.32229584829605,88.5106170344081,2.15964459276483
0.4621163743728634,0.9924789313124832,0.801818793699249,0.9896456159316772,0.9384905848273964,0.6519471680149681,0.5098833351797327,123.17153602481262,28.624679949401983,-2.9998295256019984
0.6237336050933752,0.5000572696523233,0.9795889800694082,0.7591026344230528,0.4766251879986193,0.880669543257741,0.594254966958045,154.52146328826402,100.47151727121246,0.39746709765962085
0.9932234586737084,0.661383743514462,0.8001625063795008,0.8856852588251779,0.8554655058349216,0.936032160480046,0.3858795111675746,150.0072251825231,90.97004786479559,-0.6158760615076352
0.5243810798788515,0.6906890163215363,0.6693766414935872,0.9869739313064826,0.8834552145498571,0.610539328194972,0.4823097076579179,147.4672159046898,64.7203825253732,-2.733686730153216
0.6864279450608196,0.98205863921424,0.5894957260030611,0.924667922127731,0.4500184171894735,0.7109078796186004,0.5108897709238811,148.05936338720016,35.724614275824635,-0.9696459163139699
0.5092427249619966,0.4849175128513114,0.7892351685736023,0.9819686228633407,0.5741016185379632,0.8533896626079343,0.6950154032624392,158.99523852672468,116.74388567678879,-2.226079478772415
0.764770628582405,0.5026645267850985,0.8067437706095707,0.8018923659424659,0.1275719994878753,0.9789628188266932,0.3343848338334484,146.9773839728675,95.82177955679362,1.6448036523344296
0.9742754275349084,0.5266582874242784,0.9202722024044604,0.8177522431321915,0.2865459243332582,0.6954543952632554,0.9488450523544392,146.48906735301716,-7.357453953671232,2.5915369482646735
0.955613775457421,0.9820845249304668,0.5054024908443209,0.9921255722535328,0.1147792841433586,0.8552930723946068,0.9563892291267014,138.7663410489183,50.48295735919848,1.1751463850277206
0.6251103094645497,0.5236928584428885,0.8395467380365954,0.9494229290572356,0.5428990415145108,0.915271187639118,0.4279501423692183,161.86769710174593,114.29696508659885,0.8849428435437527
0.7104132707758031,0.9919728172304224,0.9562593120651336,0.960013948067932,0.4807645324129697,0.8624347826358252,0.6545416990099238,139.87496737137286,84.38522648521415,-2.149847443012691
0.4577408088233551,0.7400096565504615,0.9863056963130196,0.7441304402217626,0.2794898422373462,0.6639092951573511,0.4871131507446647,146.98887803064687,62.50762155547563,-0.7300661220838619
0.5218874037445742,0.4099854277116492,0.5174362451968559,0.7639210719502096,0.998309793204622,0.7656035891910132,0.7464943711676806,145.5803989033283,72.54960692213952,-6.39505355570513
0.9107688517998191,0.3593764474498863,0.5442893077293265,0.9667294722273408,0.5344499306125413,0.8016791924091674,0.8533983408447366,142.1617447450999,-8.027941696304815,-0.5428738881893344
0.463625833386071,0.7259802056653991,0.8795349667588647,0.9553654689689884,0.2168031335679222,0.6436186929959975,0.754930894762919,145.52184430841027,50.092378897134445,-1.2332397667263808
0.6987984817313692,0.5736329896434649,0.7425251256805924,0.8067111877593194,0.3365246209357528,0.6798941260124447,0.4746209689514466,159.66321432026228,75.3006598983836,1.356069821635939
0.714941751570502,0.8950638153563437,0.5065683601316973,0.912359229379413,0.4064053767670985,0.576829776959577,0.9736644917880484,143.83628476957313,-49.65868871935953,-0.15252610027524582
0.6196819455314369,0.5065886195571163,0.8642934952506586,0.9978833727847152,0.8280380878311369,0.9561640365123174,0.4796029313952535,153.01101613252249,105.44722555283606,-0.40643601552700204
0.6496116102436678,0.4710003301858225,0.5124595847859876,0.842644861960125,0.890913055925978,0.7180275398223308,0.9255376375375416,147.0043460790208,-3.15899232352416,-3.0794489917102092
0.9940792606687376,0.7812176848014545,0.7786901985220918,0.7410155346964378,0.0336703180877478,0.6256733840255946,0.5818003440914398,142.85741031477576,34.73084802791412,3.23172364969691
0.9483866437361046,0.8677071111890293,0.9113817181906942,0.8745745194041823,0.6963217876286445,0.636794702125258,0.3907270612253278,150.0063975594082,26.10926963395832,1.710160813129943
0.6769904626589651,0.5507477058125495,0.8251681398035959,0.7956776131583488,0.3444431390961018,0.9492336887295104,0.770693802351992,148.9668492799562,95.7570380171071,-2.8114433968435746
0.5665726582730491,0.6739997689731927,0.7906574950863643,0.7637798368130642,0.0618039359482422,0.8025173274267886,0.8133939498251048,141.6645775444691,69.17009096012953,0.6562892678751051
0.7813106203347135,0.8525057361924406,0.7113938818033816,0.7418584032455154,0.7240143499872209,0.8484129929226408,0.4203421122695814,145.4277599167468,98.35141952602578,-0.45218101710458847
0.8514747028901992,0.8805623734101022,0.9651326941037696,0.9966984360493044,0.6344549406488,0.6073361058125154,0.9738288239522332,138.70725939163177,-80.39116684399457,-1.8009273773559267
0.6791146874450742,0.7247859564948725,0.8372130528668766,0.8189438261239086,0.5242638055995549,0.6887469923287463,0.6515492865432013,153.67090908949305,30.32484498308378,-0.14789114646045842
0.8423527089487866,0.8020235545477263,0.9746566360728308,0.7934818690991614,0.2997718464876048,0.9911483237246572,0.5704424224078682,149.6046576037672,80.23949933933476,-1.0462436620745685
0.8869804243364214,0.6337291318689624,0.9802057740555176,0.7281997178161698,0.1886917653415648,0.5935519527748038,0.3163529827974107,155.46854180129753,58.11471587990781,1.1778575237497821
0.873378480381294,0.3651505326478763,0.5195853018452189,0.989866369110557,0.0185953456445877,0.7574595075839625,0.4260315451103528,132.41512649212035,64.16994794934364,1.939128681906841
0.907683753361552,0.5691223667931544,0.9955499209268912,0.7086508968819266,0.0569646047808229,0.6980067608174765,0.8096676916211292,138.06491001576538,9.490434926777404,4.274993969605722
0.7238967147857442,0.9756953421381394,0.956699904560338,0.813879403967758,0.7986718798561634,0.7758485412041918,0.4097165291412301,130.96885211117333,59.74259326576571,0.8449491058795595
0.5253787511168431,0.3751087187821406,0.9564949631696078,0.8472662416654392,0.5858017852072901,0.9385635016956436,0.7413045848213633,146.89600415236333,116.94411000035763,-2.948305213892247
0.9963674259119965,0.4210278150487794,0.9815196325444144,0.7407908838763877,0.1123072617340959,0.9777141829617964,0.3164086023580607,144.4508826196308,75.54540461279852,2.4739296840165297
0.9438297579445988,0.5041191180648972,0.7935388903043752,0.8176585666435724,0.0417794746484235,0.9122776163309508,0.3602728636136054,144.04595203283927,76.2437565558177,2.682222081339686
0.8824096392931979,0.7503492758365644,0.8106647536479086,0.9854124613590014,0.8045923427008057,0.96922168111513,0.3620482233230255,146.08003477723494,95.02026971498245,-0.7741945050322571
0.5063386469235851,0.7268750467339118,0.9151439855266302,0.773462896564085,0.954532678553511,0.976416132485298,0.8921633767453909,120.70964645574608,91.8336009798247,-8.650484590180024
0.7450913373321926,0.9302130678497292,0.8234029486732032,0.8609786788800011,0.1245454720742238,0.6961939946489973,0.7711119158528913,147.5544246169461,15.898564524208005,1.5182488772602944
0.6478314871736507,0.9007890038112504,0.5503765683660135,0.7208844694422925,0.6333670305476151,0.7722080532584215,0.4004449983330125,149.3599446620776,64.83530083002888,-1.2992373224229263
0.705778455403765,0.9824464019271848,0.5602689198261323,0.8842405155942334,0.7846525083245306,0.7632895914843003,0.7815641704234454,129.43405279554256,-36.29918700553209,-5.827904043113382
0.7721264981229754,0.3819844454226581,0.909671931070326,0.9509885719435636,0.014672343949505,0.6909644557356656,0.8115738572371843,131.20746013998723,33.99953169923708,4.0974074336345225
0.585167132066192,0.981294065580872,0.8363226398615224,0.7892918579642518,0.6429028287798257,0.822810819827747,0.6824574792423284,140.88707219069917,68.02119527809239,-4.170734870513655
0.7767894943051854,0.6564460101803944,0.9669888369858388,0.9498727579763956,0.7000690305434324,0.7958196379784436,0.635485646128163,150.1070765509809,40.46794060900059,-1.1511011090071959
0.4827764157730444,0.8308721575039366,0.8086356683510352,0.8421154748528645,0.8048773675563392,0.7654461606523958,0.7085035548875926,137.51944388068935,54.47570377135449,-5.947544173632655
0.9370305445910924,0.590684504164922,0.6426774243163405,0.9131467921087396,0.811743129087705,0.7254050809531769,0.8384778660854353,142.6938804646836,-50.292592284759834,-2.736017446453165
0.8433528750644985,0.3976012009911926,0.5326689051690611,0.7052660266382218,0.624380832693762,0.8449093756770427,0.5191352944521879,155.48120925835164,58.046555359062005,-1.0890352286532878
0.9890093720239342,0.6803027839239454,0.582002435860747,0.7915969711532082,0.9283789061887922,0.8470703790510636,0.5450672555087845,127.75261815486252,49.57861490349671,-4.347954607782587
0.5604570887186208,0.9027959000803568,0.5541473900043566,0.7813491546679219,0.5718579341280132,0.6721074532550534,0.341194712294138,150.86588081521168,59.070736940716316,-1.7093186903156128
0.9054573301450486,0.7762465607012814,0.8471617200813983,0.9351210595546404,0.8874774437562218,0.6438283083362925,0.4870836434616023,135.75012091420692,14.473347991031709,1.0226205436577103
0.483846763168785,0.5577898176545277,0.8187274110486957,0.8881653919556678,0.4264030888658885,0.8150435332034849,0.7510354993757536,151.28015340347267,88.90348216684254,-2.8164930590585815
0.7587081383539275,0.4361206823336458,0.8763966012092501,0.8098079145663014,0.1312485548869586,0.7280524914048265,0.4110661960562611,146.01241805205925,74.27131058111017,2.606589932540325
0.975719662044601,0.8958433053914927,0.5419308797206535,0.7434031402336203,0.7969013052083664,0.97667043513035,0.9912100674484547,129.13985473822208,-3.2879239922626056,-6.391370424809166
0.6821306769090296,0.3596521513537568,0.8116393113570595,0.6800688925960984,0.563690016053502,0.9074269482112508,0.9262407638642424,150.78715078804422,87.2326983521132,-3.117811026673406
0.6462192628702976,0.6694871488569842,0.5497922252727642,0.9712689571285154,0.1501218400858811,0.8975119529541278,0.4828632465990103,155.75025921257938,102.10548166175222,-2.360214846755566
0.4436114196085348,0.666676442306701,0.5408066683712556,0.8698468565766744,0.0631061686459387,0.7013502675956143,0.7184671429056011,146.7792763452404,68.97587668365945,-0.4418466278842841
0.8058307829661906,0.840213683492314,0.571183988046981,0.7774793107330353,0.3424688220201363,0.6963181775485559,0.9626592703581406,148.2553630319076,-34.008939533682124,0.8079129320411345
0.5718551161986545,0.6334834320180838,0.664060438092582,0.9575059907889216,0.1007793802695564,0.7537442456705448,0.8924970502950836,143.45049982069764,76.48106659489783,-1.7971424022920197
0.8049430499604708,0.435387079626185,0.7629581640445988,0.9983846893186056,0.7209934670043536,0.79819379693126,0.7757313467940141,145.11463239595088,-5.031552615387511,-3.476618218500138
0.5775296144968401,0.6602719387195498,0.911171456785706,0.7618105221845634,0.2941603181567063,0.9214391804568404,0.6358683865609127,150.0483393936287,111.85804303212558,-0.712613010820022
0.6829395782689365,0.5710919742178502,0.5833923948596798,0.720944937767461,0.8892875098393151,0.9153201869078472,0.4322698286385166,152.248096135992,127.87732416081616,-2.8549947758528305
0.6582006777709887,0.8526398296056764,0.6964212836114917,0.8273139092199576,0.2581364549660344,0.7855588029193332,0.5552539535454337,157.23281493375254,66.6316071573305,-0.7781960424568485
0.5597075944913391,0.6998149089017803,0.5758613810675681,0.783334695035735,0.070471622776621,0.737594657187221,0.5373001638536826,145.23451333303692,72.32042049475751,0.10868589609342161
0.9567673182767884,0.604667920598057,0.8205678570696038,0.8025441345654534,0.910834019640712,0.5856277534596589,0.3618776704759091,145.7044308413773,54.60781779428517,0.5987997235747093
0.868061814954822,0.9370935941193508,0.9546901936957572,0.769643066419133,0.8431919273857371,0.7141357291575504,0.8327567324049916,130.56994913800074,-88.41549548114946,-2.1595143773258334
0.7419787078013292,0.3977901005762038,0.8657184018363836,0.9033442328106662,0.1302245787241149,0.6369922348649456,0.439292142662117,143.51786249141188,75.06595046966547,2.889039066613795
0.5798760599896149,0.4938108263287565,0.7164873900019817,0.9056697733084368,0.8530984722801475,0.5948173281346303,0.7842499719716358,148.89879597871646,5.108310233125735,-0.8545382314103522
0.4456734985990371,0.5800681823789335,0.6929973759879784,0.6988368272531275,0.7721929706524198,0.7081395728194307,0.8378314855117553,151.10084413195418,20.68350467208982,-4.91873021262432
0.6937571964788949,0.5602449311753334,0.5354846310151409,0.8741959586769156,0.4652399045516808,0.9103693610441076,0.8848698394631654,152.6086521057515,98.27257576349832,-4.527455611599159
0.491085263822974,0.3682447736891513,0.542907539290835,0.9194182905717548,0.6514040912527337,0.8291824668646351,0.6706449010598383,163.7142613763518,108.15632716475018,-4.593272614529511
0.4393046473546989,0.8681235946392154,0.5913736957630932,0.6753653879953708,0.2823504745570371,0.9259941820162544,0.3645750124305669,161.3114364754138,114.68446635898246,-6.714534495653008
0.4392860785085107,0.9286307345047932,0.7448867999373758,0.8478505740819018,0.8727959833190857,0.9394816641718045,0.9325187493089312,131.14927261608398,66.14084240075461,-11.346829327733579
0.8798961975978685,0.9848025286781088,0.950247999081028,0.9792109875571772,0.1683768359180373,0.6452142201874838,0.7358423595111634,144.7669918668032,25.149276117221415,1.0312188070845503
0.8282268764213507,0.6856460943786794,0.6970126743538867,0.9513044522572536,0.3600346416012317,0.623208272829685,0.4882919285875207,153.53276944340064,46.15594442245973,-0.9678435108594229
0.6849567300933324,0.4606667512145612,0.6263489842991221,0.744685122525036,0.3381011235860308,0.6643730145023191,0.8004217494328631,151.05561935791528,23.770395377865675,1.786703691955589
0.7245578138169553,0.3650346853821388,0.9666849722036076,0.9324842445424352,0.2790086931145969,0.6393073313844871,0.7951356739168411,136.81857243148113,21.567859768741044,2.0875919150347007
0.6586504750336082,0.5761549951937582,0.5926971074394366,0.7024956868157216,0.8259211430548657,0.9154920649886088,0.7444668337435494,154.95402124792884,103.21304233100322,-7.510473864470405
0.7662857525278897,0.8082694629464229,0.5190990813236123,0.9119813879710938,0.7635965378256955,0.7047869236527784,0.7741999831591355,130.66917033112958,-49.877976168687,-5.018588347087823
0.5848997580255169,0.7211301122017162,0.8318905632132798,0.8597828570480421,0.9788239965528368,0.9183832673144552,0.4431764757775752,133.16448931247507,111.07333859137425,-3.619854493735999
0.5050328395223537,0.8716735296370062,0.7341071148984377,0.8922892612949459,0.1789997848862528,0.6851532105200051,0.6380538102167614,154.00222496181865,57.419187268561636,0.7894746296938875
0.5874535302280071,0.4038637087822086,0.5550828399081764,0.9297346697246064,0.2749257278002998,0.7334948292145375,0.6567482634393,152.57718293864386,72.4264308581465,0.11191677175860182
0.991665983699338,0.520577797865201,0.9810775906572656,0.8434406298967125,0.6933495099730296,0.9079220569127464,0.8124629558942598,145.34280395509768,28.770173175085255,-2.4279936792327335
0.5396408459896156,0.7932873253552734,0.7288262368203493,0.8063740222557021,0.8560902239339803,0.7350298533608066,0.5275565927116663,142.51520440058738,73.14680103591638,-2.75756441889523
0.4638542629667515,0.4667058307795085,0.6938295419095815,0.8559685928748466,0.6753292888117094,0.8532400157822555,0.49605548129159,166.73003337696764,119.75920447327893,-2.003628185563004
0.6602144064171829,0.6489193919720913,0.5476093365305656,0.8955166351688131,0.0876660984663743,0.6733112078505186,0.5021336885660274,148.1872618347702,68.28108620935713,1.8673723587936952
0.91602503722433,0.7251632121453967,0.8854354055095792,0.789515604193247,0.7871168309638787,0.6082524947447991,0.5297919380689589,147.04375411323116,23.26868755241503,1.0778580386883903
0.6076839984423812,0.5611154107872395,0.8542536979597174,0.9011333493932124,0.3062061836014667,0.970015404786942,0.7784830292977392,145.377769336321,116.92712942755323,-4.007795489194773
0.814421245288673,0.7854946571474639,0.663891383310039,0.8075831197245075,0.1494518021106202,0.5762577981391453,0.7961418174163947,145.6294364045905,-1.3581623204735251,2.8004231013939576
0.7705157514439501,0.6243451117260106,0.6141724458319134,0.7182011956070696,0.9542048770713852,0.8838577400300922,0.9773852381737084,135.30495796397432,55.54043375353035,-9.19924953492122
0.8811243929035033,0.5471473767644197,0.9513621719567724,0.968120476472948,0.9767510405091762,0.6264398519487816,0.7259128365953108,143.37498736734545,-3.270981555387209,-2.940887645617239
0.7585649988912179,0.6227133668406954,0.630156567326197,0.9805434453934248,0.6593369259854079,0.7138306008835308,0.7812232396231211,149.99287882763423,-7.196446742893826,-5.9850675856834465
0.6355371839432044,0.9379919941745634,0.881589646616818,0.7884464391903414,0.639406532937769,0.8916552866996812,0.3797792179466337,146.30123564243942,107.18356132368721,-1.0158038272114545
0.5016252994181257,0.7067328583854372,0.5572319022691425,0.7271752738834277,0.3926305585230417,0.8239748222256345,0.8009443242845933,156.6543584792332,62.41985897082871,-5.997865078608612
0.6805730372761578,0.4904672200967261,0.9745792498481975,0.7838263791771652,0.3127558054981325,0.7758529408315216,0.9609236486198354,141.16437256289245,58.783185849239146,1.8195201548203972
0.9699264293836796,0.501546516832397,0.5089952840701402,0.7793878931427172,0.3671862491492985,0.8873546970291936,0.4205226950508512,147.13250301634767,69.00114587598654,-0.751545154825547
0.5228797051571421,0.7532155821214235,0.693709851041149,0.7906653993421913,0.9599344588241872,0.6615563032312554,0.4874971791076666,133.40649652950336,67.00055976457871,-3.3025637872216818
0.4978001309411263,0.4996474948643754,0.5698242515849022,0.7476355672001117,0.3078907712002008,0.7000489576132239,0.5003114786684381,159.1228277926927,83.24536984538047,0.86543156000667
0.8964442104356671,0.6979692591506022,0.9391441007274368,0.8055075221306922,0.978762736959456,0.8867999661600725,0.7558099988651465,128.61827443342497,16.456029222010528,-5.1894316822023026
0.5708346406938727,0.86467546273528,0.8124748036086169,0.9490999259366186,0.2941149009176812,0.9565837617124692,0.7298482122569168,154.64007644255372,115.42282219700354,-6.886373035231003
0.7648988141231228,0.9470937167946988,0.5889386298541277,0.8610680026698271,0.3938528900088446,0.7136003896487741,0.9103064140442808,145.1932921843457,-38.9650562163727,-1.1610164019507336
0.7358455393901726,0.7314968444164074,0.7617043642066679,0.7322503927143553,0.4103331822658017,0.9517027069029425,0.3271068353434412,158.10528083682223,106.68612788117696,-0.4493626237150262
0.5488310393218563,0.9763598865248828,0.8078730535913267,0.8719298986217687,0.213909876724106,0.9288899279128604,0.5268895559452864,151.16992148279098,103.57057838123148,-3.117783570066414
0.5287468230176613,0.6064290361320746,0.9804025939228044,0.7570057773225259,0.7305859734358244,0.6488106060896751,0.577299900128502,154.39275216976847,74.11914178503511,-1.190630101858374
0.8882059334856964,0.984390451705905,0.5347784575559511,0.8380414199126411,0.0679514511019661,0.6908992245377135,0.9648457298700648,142.0881910965034,-19.896122273715704,4.939806354862308
0.5678927599055534,0.4581401663763836,0.5935832793208069,0.8009901054925546,0.831187298389684,0.846137754405794,0.6273072821713191,158.74023817374152,100.82016030866541,-4.5319729968955755
0.7345576131763145,0.4422798012090436,0.6511804497745349,0.9741374499737812,0.6404598195610738,0.6437131766952039,0.8343634037380521,150.22315611886845,-1.8095426283112772,-2.1541611683385633
0.6258758215034566,0.7016709593523882,0.5740186548855695,0.9420248292263568,0.534676318239308,0.8499482874500471,0.736482358344116,158.8448634910369,102.89412458772378,-6.702950916973142
0.4797524121374258,0.5596616260602867,0.8724041096920458,0.8570451876502772,0.1383205833022856,0.8296943278818187,0.9125518699948406,138.0077981949732,100.26246735776208,-1.891163616642783
0.9797000225020652,0.5250294531430522,0.7462054453233951,0.7488744928927159,0.7622838172225415,0.587585571896557,0.987423958855982,145.96256630122775,-44.59437425332099,-0.4258300429793238
0.6629827323604357,0.6897293389108028,0.8431644079431111,0.9062367799996424,0.018478879826473,0.5795895337323479,0.6758598197866181,140.60039618935033,54.37934108165581,2.5427947814808545
0.7958932461189545,0.4440407863265447,0.5410159590670943,0.8650310226261655,0.1117736832518987,0.5877923092775542,0.3671927768697537,142.05883466416952,66.74288151576187,2.344993790980626
0.7035860827008062,0.8346274450437925,0.5447730420460161,0.6883919950120256,0.9641516906616956,0.584194720224446,0.3657406239190255,126.8371403555393,51.5533620883865,-0.20308733742585705
0.9650317548874616,0.5224378446033705,0.5169686783371994,0.985448559964722,0.8931391972290965,0.923000235995681,0.895502675222777,134.56329370063682,12.824125695908599,-5.894389205551698
0.4456637653110076,0.7226345005571971,0.6473716627801559,0.8974871315589834,0.0551661046818033,0.8220645073849847,0.6773932909401406,153.97962895179637,108.36967980682103,-3.020794025630259
0.4553731386070239,0.3561892827498625,0.8618792964988938,0.778254077576411,0.8766768833191652,0.629773950554706,0.4005605581917694,154.62892344103076,97.47464471358686,3.7345811838441705
0.454713679000907,0.7866669464295316,0.9440528234215196,0.9881900499903868,0.0376421930458037,0.8313337578897559,0.6284160417656486,141.2586471589146,91.87484166475411,-0.3047547122387253
0.9111077987422088,0.5249009651936899,0.8955422316888761,0.7342057528211787,0.5817760515460004,0.6634331523809369,0.9600326519650836,153.94440385736576,-23.475311255417978,1.2995492879211756
0.7331965830413604,0.9362379751070656,0.5614361463944813,0.7278634692017224,0.5725183627400151,0.7570316200534828,0.5476579016418621,144.15145975857888,40.758999730302435,-1.1069012276361687
0.8686354414409377,0.9084538014368584,0.6096808054281496,0.7634442999086158,0.6874508339418197,0.6223467980601214,0.9040448675597136,135.78151006204342,-86.96451627472072,-2.062171880046315
0.4527447761030528,0.4938785597013282,0.8401717964155131,0.8598322895631041,0.183706434968934,0.7960072369742297,0.8674371817428558,139.24672577150216,91.27759276804997,1.0208071263907819
0.8410882064736304,0.6104263661049937,0.8745403586172673,0.6847410656133598,0.7412900456946012,0.8230991271027346,0.4039811677951189,156.39972340196158,79.00089031903917,0.40218498052368945
0.8671532998177995,0.9008388498294556,0.5892107109242682,0.6936374045350934,0.5359398647603691,0.6126242616167084,0.7583017108112496,136.11714362233795,-54.663694667264636,0.1728317980893015
0.698768427100777,0.5677615806861377,0.5460776502148313,0.7932075716618587,0.2887401615838625,0.6352105679619708,0.9131485324344708,151.66903311053207,16.75590724608125,0.6195069538589497
0.5934065519436331,0.491264440771338,0.6878797506653017,0.6946257419533673,0.6400796399854184,0.8953564840815298,0.5332817532156581,166.5935653538662,107.61093947938699,-2.858475731142418
0.6923218181973142,0.7878583674786848,0.9026439831491144,0.7880182470089341,0.1268114323227414,0.828963267590727,0.6074275879710624,143.56137297472569,68.02736931293795,2.7226971042783195
0.8661511403824281,0.7505828637176561,0.6034095642902274,0.7725608807449085,0.9075121532360456,0.9056745721429732,0.3547923869320009,129.6207690945397,97.46196386782091,-2.859754635101168
0.5260973944722948,0.9916977384689808,0.6676879477209637,0.8854126370128056,0.5070261796365418,0.760736052317689,0.6007786497191288,151.2297720142819,59.38489446617085,-4.97253421066188
0.641593309139818,0.3607150373082232,0.5700138692302722,0.8151134283565595,0.7154854650529364,0.8306848686159318,0.5359018757876346,161.0503792891782,98.4170666554887,-1.7554947886266863
0.4504000616218118,0.3974262156239972,0.9840739954002232,0.7216503411125684,0.1671391985009976,0.6312922432478217,0.850569789403264,131.77243479348624,52.59426915855387,3.11506786781733
0.7742099909531197,0.7056588343887384,0.5255598353863326,0.986869961683209,0.0098959770466259,0.8619299789978649,0.5038893899121528,143.8018700709233,89.33735883239764,0.14989426246473903
0.5149571669415586,0.833860631332515,0.7438813998449808,0.941110850093456,0.923820554354446,0.6263897274250021,0.474116703797816,130.06920057839795,50.87020888723971,-2.966533876333307
0.7163533056582299,0.7925404762962714,0.929029894899054,0.7146450431587006,0.2219439618390195,0.9280740340137896,0.5777423517878861,146.35686185651085,85.71294888419928,0.8727637302765019
0.8926027997795312,0.93115442468216,0.6024954289169908,0.8340920816164265,0.5888530745231995,0.6133034454408792,0.4526069907633728,138.0179700837787,6.711911826629738,1.531908118246609
0.6314202476573296,0.8125319243765157,0.9043165085708786,0.7467709283546209,0.6769559025617559,0.9720730042240588,0.4871330391206623,140.96232470733514,110.11254109680229,-2.0610676320146673
0.6046992687111444,0.933040977472562,0.8381290551063314,0.7969868569976113,0.7444304649811532,0.8947835675060167,0.7753463645390649,130.94299506570837,74.83789854458932,-7.160085583022161
0.8160955646722169,0.6989921473430185,0.6301182095292559,0.8026674947989899,0.5607844209658541,0.7213923138918398,0.3701173090474527,155.50103362252452,50.48999834680652,0.684848289251617
0.6595998519909494,0.8892842185721115,0.9837183524191252,0.8967068715061375,0.7908783881416723,0.9441677101333652,0.5566448520753671,129.57452222860806,92.27092743660916,-2.9226364458000473
0.6187663964525993,0.6392282633489192,0.8726508725547724,0.7951724411557893,0.0830099307790758,0.8223911550531491,0.7663926326516635,141.95060432192017,79.5251273945218,0.7062640523982002
0.7582559371368913,0.6747348329305118,0.7758776519558848,0.6898628743658115,0.0721944054181834,0.903969421190538,0.9763544634375648,145.484269562523,71.01972433997584,1.2413501853988902
0.7425762691741394,0.9034139378447208,0.5896667664713182,0.8882708179007774,0.6633343285651776,0.6029011984822615,0.6352937428282677,147.22765223381745,-3.5285698805774928,-2.033764118487532
0.652777598971493,0.4576832668446397,0.8053259360985837,0.7922424943721641,0.0729554386183475,0.6057107837067607,0.6130463251655258,139.7236424953602,62.14809514824116,5.050943701297254
0.7301549915700745,0.5962798662342268,0.7574077893192225,0.9364925621066164,0.779695880428675,0.6738941145627078,0.681972425376596,154.56663426619178,27.81645282540259,-2.0592322235077956
0.805835918685914,0.6109778920397297,0.7477342684224444,0.8029166163023251,0.3953968484297647,0.578757235779955,0.8547475103702663,148.33485609006607,-24.35977931891044,0.8187301031642615
0.683265504869454,0.8865970130540635,0.5682780483569315,0.8980218094488149,0.4537465292788075,0.6803703456067922,0.3312238672965814,154.46373819931966,61.13262283733401,-0.06598019776397512
0.6446389671558597,0.5495555031499271,0.5052404129181495,0.816483975853543,0.6379109403101278,0.7676740957604796,0.4943932309903276,160.67565912076014,87.88015167661632,-2.15918462602523
0.58338659193479,0.4246796575012681,0.6168312596259339,0.980189217048336,0.6987170430741377,0.7070680145863546,0.5127519011198941,162.76897739492523,93.51716318279645,-2.2086429299690002
0.830273018062488,0.7793264893973317,0.9799620135838282,0.6865308650929492,0.0488308907668731,0.8234407948802707,0.6671220575545553,145.32309901767076,39.90847932053592,3.2059700256951915
0.7868538791415691,0.4067037179065541,0.9488280580109612,0.9579166132321364,0.1939511076107529,0.8604517460610561,0.6781129878511734,140.49018533141546,77.04806257912401,2.0226224963567083
0.6540216907074609,0.779154301779436,0.924686213745504,0.80585335858244,0.46852525727522,0.851988382191859,0.5142933885042772,148.3349076419097,100.84550942996498,-0.1423925356722302
0.5687168767367479,0.9368300791537324,0.5352848637981344,0.7994709762819991,0.3732792106959895,0.6518566228179666,0.6482947905749104,151.44728777692183,14.201695192423173,-2.3218157254461156
0.7181772201725867,0.5388349592904198,0.9028846417991104,0.7415992946617634,0.4688166015037966,0.7880283035979088,0.9715728143131366,146.6749557422874,33.85299721302556,-0.45639936428382344
0.9116293245808152,0.692826163273376,0.8469290530515579,0.9794622158605356,0.1277999961315402,0.7360177040921545,0.7962109844876931,142.31322626314684,10.3658986802864,2.5829973394228043
0.5689324476180718,0.8388026650003503,0.5481472015279522,0.910132366354378,0.5633676574509453,0.757678692173885,0.7612091008447762,150.72997828362523,29.08935440592791,-6.776125336603068
0.6266378214826929,0.3953930487714723,0.9645589508359448,0.777877988819604,0.0169671486339873,0.8141037324719949,0.4657253528178769,138.42600302406848,73.96986474907757,4.19079016727134
0.6299336112084932,0.8631155378720341,0.7479404999965599,0.969532337104504,0.2253738565439621,0.7208842666014043,0.8608790422159533,146.8240966547004,24.089760027070394,-1.5646678182375242
0.8722285500874793,0.9526275649728436,0.5759569599314751,0.7501009111248574,0.5658518830783484,0.9323912483361128,0.5511649737937152,139.53318999042753,59.61896135727434,-1.825324810524257
0.9515050391754944,0.8218651231108434,0.7451845706369786,0.891389542713546,0.7041169930263457,0.7162210462585056,0.5413390628013262,143.45824391098594,16.399052698007495,-0.3500699072301374
0.8971252153950896,0.8405449819473719,0.9491863264876328,0.6860621207457185,0.2993836956112172,0.8166150117138878,0.739180055379692,148.9248283958015,22.878933382844433,-0.0368436412008728
0.874300565978041,0.5932820353038288,0.6893274327309011,0.7601726172687641,0.3369723330049859,0.6776435812965799,0.6554712285776337,153.41181204575855,16.33392698782582,1.2387996560526284
0.673547397422968,0.7633056243306462,0.8833927607715097,0.9636401567634452,0.270946019752755,0.9821401600912464,0.4862262004176448,155.74291793160577,119.47734959142063,-1.463988096202663
0.8263797470651733,0.7348377323678652,0.8758201076645669,0.763844424026604,0.5138410229510592,0.864261972317555,0.5585736278065794,152.0837193560484,68.94599198113588,-0.22021384329138938
0.5446318192336167,0.5053453917367289,0.956396429828802,0.6868612261255576,0.0949561322116631,0.656634725786375,0.7259344732789511,136.19668432024125,59.52982560171016,4.350604191367977
0.8812551177567971,0.953502851792284,0.7451027941081407,0.9977762212562056,0.063751007168662,0.774872705619452,0.4282210432905822,144.2041562078595,62.425339676064546,2.07729356205785
0.6954133643838705,0.8822411820958762,0.7642251692569138,0.7664781216046002,0.4201651762124863,0.7664599531722539,0.7845612086746065,147.7842128635961,11.893152465203585,-0.914155953081224
0.6884103725679918,0.763469955843346,0.7833024854261657,0.7466086164620174,0.6723690105150969,0.610890371090588,0.9507213696244772,147.00302135858624,-38.87209348894031,-2.27739623165703
0.9073696918058588,0.5297634635751831,0.6841618689249194,0.8399909285653175,0.4246774088820094,0.5927510596012092,0.4279271312352233,153.94998486593133,57.89956095317934,1.3135828820899054
0.5786665707523426,0.6879402487260795,0.5365738747871626,0.9131094924231355,0.1915669471692193,0.9377642187673736,0.5242790891506962,160.5418481224564,109.14388315480255,-3.192187987889968
0.7461086910716199,0.4027536672590885,0.7926762111518852,0.897469544586711,0.9601760280894996,0.6588944268805491,0.5286733602145377,148.64355498634882,59.72192390956566,0.08563224320016172
0.9785504242591984,0.8787217621114245,0.9888289531198502,0.9691429626870536,0.1138707279392826,0.8928903494320003,0.8319474054511881,141.0819613301561,57.100404470334325,0.9465099280423548
0.7282031307802271,0.8302068721520968,0.5605612678518839,0.8211273414712414,0.5235726139638404,0.7678134379489859,0.7710125445012437,149.5791769754901,12.141998535833942,-2.8924183527255907
0.8976293743207784,0.7506465216628093,0.8366095460298358,0.7833864480059806,0.5564244397883171,0.7310082787986846,0.8923407106090611,150.63097075835643,-30.151398638867107,-0.26045619745160864
0.4543116307062736,0.7438399451452853,0.5767766125193011,0.7644610484118359,0.7849458298045006,0.6791620216618736,0.5619426654803867,148.19440605162472,71.25815771958156,-3.698975117133683
0.9210169635607544,0.5668745668667579,0.7368002497830812,0.9749750701451688,0.828587373139439,0.9360128993802124,0.331648479945388,154.10783595790957,98.08654876851195,-1.420686943055576
0.6854472404312304,0.988730421599406,0.6645983155098367,0.9440783010116264,0.5971495892317829,0.6291561838890871,0.6884150653915106,145.77838767769998,-5.535161455762122,-2.120636978035922
0.5582480364407401,0.9831346707633576,0.670409819999247,0.7477274453004592,0.2139154955244558,0.966487207432052,0.8431816245802263,151.09875239138515,100.6744908564516,-6.357493635402486
0.8867654019812544,0.3702241589567317,0.5820691719675355,0.9813068755615202,0.2837536739229799,0.9104937135007024,0.4408787522340887,147.540142822687,80.26982236345299,-1.1250388672894087
0.6165694697395551,0.8016858969887617,0.8376666080462138,0.9535843222293596,0.1546735003907945,0.6191240364746616,0.5321613690017123,148.58043402490404,58.508535715507804,1.0029871125479142
0.5193047625727079,0.8043010320036158,0.751246033988065,0.7695880463756494,0.987402468129343,0.8052696841883424,0.422664963668535,129.01250300489608,99.32019497656094,-4.448415800113922
0.6010574355385796,0.7713633950193195,0.5594051678839408,0.7752723526764825,0.5282173426803202,0.9664571997490864,0.5949084786577192,159.45067345778747,120.66424412680001,-7.4799454138675365
0.7827124805627464,0.747170900084484,0.6386269460374087,0.8652263232156199,0.5026196697532586,0.7954405466589323,0.7270173911299882,153.33802814275828,33.53917746643466,-4.216333478654327
0.5362894166687682,0.73197044812587,0.8942505752188725,0.6778994742112859,0.8200696158958899,0.8275136756296908,0.4170198986761224,145.86411959848644,100.17184945879971,-2.843690112138462
0.7606742168844196,0.4725502436080627,0.7526291941265122,0.9269698843986278,0.5341199176752083,0.8051849709646738,0.4336682681266221,163.23016106991406,83.95995250232767,0.863350028384017
0.9039832711185628,0.4527859119371056,0.7250223964074878,0.7743574064423537,0.5426122194515726,0.6944192635204404,0.8337460937046167,150.808119961126,-22.194719683642163,1.226601234405822
0.6573009445026996,0.3682629410289298,0.9857885850736806,0.9708857031744156,0.2082535189588146,0.7696649480831983,0.7136881229272432,136.64438606216163,79.80052393957943,3.1444473595189715
0.9849211985248276,0.8173702423591671,0.6007939540166396,0.9247696500745586,0.5505546798920423,0.9425226929896816,0.6893004160775489,143.4947286575622,51.54795394526398,-4.015803697179123
0.8850080972389041,0.7674400270083883,0.9504122266230952,0.7273343401465295,0.066367884085572,0.9109812583260216,0.4366813251223179,146.56323334354965,67.95225552423335,2.760443031454037
0.737309889706971,0.6541539607397895,0.5881942087856984,0.9362685087083836,0.3804431840090582,0.6983484541745949,0.7937219792148169,148.09256812228512,3.3563712618721766,-2.0999334677800485
0.7434942806451468,0.7774831802455803,0.8244721698790972,0.8653719144743816,0.9613065741528722,0.5972361627568337,0.8042453999403643,122.33465411312653,-48.079178977142135,-3.8247320529639106
0.952881347300434,0.5034361415193543,0.667974145298441,0.8888510198967096,0.4831379367676482,0.5751510632941345,0.9291306912766808,144.79482352356058,-22.61468713438623,2.0985571567081744
0.6338251189940367,0.6226116202901849,0.8310957107689274,0.9120916890709356,0.6151712961503172,0.8083162281133517,0.8098829652281214,146.6470695583128,44.80848574987927,-4.222555806203022
0.8548700733608312,0.977739136946126,0.6897223136532087,0.8363163870274803,0.0837770349119693,0.6035483623398902,0.9633856785003156,143.96955764440463,-8.397555629205591,3.185633516138779
0.749812354834364,0.9104439404533208,0.6617815970558422,0.9679837402470912,0.7207517199704149,0.8517201601140081,0.9881198315322448,138.36648501578065,33.496442807613406,-6.711268236349405
0.5451220053658643,0.9845002023871744,0.586547896229306,0.6725704969840924,0.3561335665764669,0.7853739546244771,0.7345591431433769,148.81474651815796,53.7084259970059,-5.0480305986464895
0.6877154935364174,0.46650377898864,0.8694189127396426,0.8815829754977242,0.8822422450120542,0.8779725486303458,0.9306707148414716,140.75681563363898,67.73015492887376,-3.027659737444287
0.5167237025486248,0.722902123811594,0.5628441940895863,0.7036866716815652,0.5372389884252975,0.9252797301119762,0.5340136021158637,160.11987669851908,116.02310266170211,-6.912161960852651
0.5673238971228791,0.5553739528769177,0.7707721696640105,0.7072790227088495,0.0389838664672606,0.6638734573271363,0.9789754981488552,139.5855549539789,53.74138708666921,2.9987855331260658
0.8745606097538675,0.6505929645844355,0.739686617362838,0.7949078665315,0.2062580128371578,0.588605260396979,0.791669707915467,143.37728272611713,2.9902302703721517,2.4598293156234363
0.7501620620961575,0.4104779505848034,0.5841899171831141,0.732572382375436,0.7052061083431718,0.9808957981534554,0.605001993344704,158.1483012443723,104.74156199735147,-5.746202085456467
0.6838915872446786,0.5261602554471589,0.6657972516018242,0.7559244528521337,0.5448858618569347,0.7785365389298126,0.7602315032030376,157.73456345713493,40.67845763610258,-1.1158669505727994
0.4862736295386601,0.4750860072027619,0.9042067356033564,0.742801582577812,0.6375133577132238,0.7470972791206307,0.443747658575048,159.19203555169122,91.8351214466067,1.6269068160456035
0.6044426920174912,0.5652348132317072,0.6692592433098149,0.965012387753626,0.9411637484841878,0.6520696489353373,0.4326349097436353,147.59523182583737,101.80347633561459,-2.184415963503268
0.4449206525125496,0.5075181021692907,0.9030061773612924,0.7187561724228663,0.6389895685528537,0.9585359908262724,0.8333094202567428,144.273474369507,102.00664712744677,-5.874352241077556
0.5520284013199281,0.7098290097678579,0.6565691784349259,0.7844549547404065,0.4927130053369147,0.9330147179943792,0.9191630718365618,153.32611112905934,111.15163953569348,-8.92723753847065
0.4937806654195549,0.5987818083684423,0.5061351346906092,0.8344063101144072,0.6495138777766246,0.6594115302520914,0.933290638591263,152.8134378869709,23.773681529250357,-6.057300735134492
0.4771288445414946,0.8662225126134695,0.9921787708599972,0.8631317090544872,0.1066798245514059,0.6268461771070055,0.4517325481972166,141.57277068518405,59.63901419739934,-0.2876035790024093
0.8941144249933377,0.8568054466172155,0.7865483039064041,0.9691551961394078,0.359023938652184,0.6203533836005857,0.3291135356631021,153.4139079451571,45.64257791490442,0.40338934704549034
0.9482170720802008,0.3978703393959955,0.5914045344060981,0.9805498424881348,0.3954764351280971,0.7241696133520261,0.4218197675457161,147.64974176045305,54.35049214125438,0.07731915085443974
0.6165258475023434,0.6268941140206632,0.6481245761640249,0.7279998888619061,0.28190899827745,0.6029470926296872,0.4145372471580623,160.729336566227,79.68077777190538,-0.7109725513332303
0.9332273010436364,0.8850045540266887,0.578164454124147,0.9427292615727998,0.8442361544852508,0.866185089219513,0.3274065328911292,134.7255774711762,77.3595713979261,-2.2588051613478215
0.5002245584742752,0.5831891607597184,0.5976765560407867,0.9891134391621372,0.7950877969635763,0.5979262685306843,0.7302857243245988,155.27511558430652,47.3295582264434,-5.72566363468672
0.7583707511702282,0.5538469353442079,0.7434450982659585,0.9568358284438924,0.5103571036122456,0.8924203140805771,0.6774452886121127,159.65047162218875,91.50248355509888,-4.209886960975256
0.9946158771009656,0.959078318741019,0.8006797090238733,0.8461474923911545,0.7355238658651916,0.5941327241195862,0.9477023266356216,130.04705113698245,-85.57755862331436,-1.3224187760293338
0.5771085388895453,0.5904351865536381,0.9674673526897865,0.6825447727139075,0.5141187243419201,0.7827357008332847,0.5382083338440897,157.0718570753631,82.7778472980153,0.40536143238326017
0.505525512761078,0.7369648044307132,0.7730637863173246,0.9328963048674458,0.1069803992273786,0.8173118649645412,0.6324306082989386,151.24186772112876,87.5100307587744,-0.8354750067740121
0.7356886420163624,0.9060705466329444,0.9850908878949738,0.8791303420291859,0.4955472654334206,0.6233021397385062,0.5947498063801306,144.62053677307807,20.296218735563194,-0.6421055352529043
0.8579022656777735,0.3825579216360735,0.7111042917713608,0.881044907852897,0.3563607616997116,0.8951964413433354,0.7365529517656961,149.37075698151466,65.12567332427187,-1.0335041881592166
0.9020914486722168,0.705898090085506,0.7274974704895185,0.90898660538389,0.4095216141590903,0.8913594250058509,0.8981146439092521,145.06975388075284,43.28732317040195,-1.6848442965748007
0.6551345042657628,0.9642478728687568,0.9432301802387042,0.94149631888255,0.1089405639637142,0.9726599451797886,0.8415754215028666,138.73841075179539,98.46068404764182,-1.1507760569448466
0.9095717131307672,0.3640820870577764,0.6735881469724508,0.8440125538494054,0.6529069628862363,0.730136453054756,0.440641146230005,156.1741672570035,51.32350901649827,1.782374901719976
0.5981142273763923,0.6509074091091123,0.6181208045694552,0.7300770657613677,0.9904813596674376,0.7004266825606145,0.3637690735337935,141.9326490003519,105.6902943311974,-2.87060308079037
0.6689472070323297,0.7735961817735204,0.9716089627020142,0.9011704545245868,0.6767802799537745,0.5901488932031776,0.5101441591757407,148.56959226064907,54.20476497243309,0.2017423427007925
0.9696729144640008,0.8857473796657203,0.5440182548212216,0.9465568446172812,0.0538880863443594,0.8741691826311379,0.8134638418901492,141.55522786298997,46.7228346152297,1.0761770665696022
0.8203043155322127,0.5308575142316767,0.9474421358024968,0.899880947512052,0.0333648829009686,0.576759187693025,0.5288987692563307,141.26735956527654,59.11784899946611,3.247814364370817
0.587208463468584,0.978673577188188,0.7403261589335831,0.8261232891597106,0.156083525843816,0.9269267724157796,0.9884683778327578,151.27199805333333,102.88474070066141,-2.891231480171472
0.9787237685162512,0.725038215605197,0.7690428342988377,0.8758681595747166,0.1218267095622488,0.6145832720047326,0.616680047697746,144.97722653077977,38.27000225123738,3.127653407650426
0.7396638084450915,0.9384181609339376,0.8347277752595821,0.8327080984414943,0.5955306112923265,0.6047201141800141,0.4700263354528039,146.52775183231245,28.977621867911974,1.0107094654466313
0.5176774999090503,0.4687673838601697,0.8205626907034753,0.7795662797481576,0.2904656408498913,0.8245526303224864,0.9255318702225952,145.75741534369237,90.96660263522274,-0.4482643687840664
0.940127284578382,0.8699735632133883,0.8287715778284473,0.7274818004308865,0.7549285796928583,0.9317990704670988,0.816992380739203,133.01022653362153,15.203657488657889,-4.303644046590303
0.6092653581718102,0.4845096466448563,0.5931705841166053,0.738037783534875,0.661364496509784,0.6667950608285057,0.8832868423615153,155.08312056365475,15.507591310602436,-1.7104291906096005
0.7956184504311169,0.6087832041201431,0.8266404224918277,0.7036663787619063,0.767035252240543,0.7118700315261433,0.3186479163564833,157.3715843156054,63.69077330350535,1.512721068497104
0.5510457109097026,0.686465485012375,0.8616804378436292,0.8863898133662843,0.5080563197058857,0.8821277861642054,0.991501504013362,142.57381007942965,105.6620035703088,-7.012027911788585
0.7915020620011552,0.3754432421060752,0.9653047917725676,0.8527090445850115,0.9166965359846216,0.690245935214974,0.8170316466790597,140.88009205656857,-32.15289541318846,-1.5063450386699426
0.5141809298259395,0.6159116899099044,0.6526107346068342,0.9814041895558332,0.5394832763524066,0.9593361976598772,0.6698361800748225,166.59044884562968,137.53409591681105,-9.361533384898971
0.4922809596292604,0.7974848081451587,0.965982140870955,0.7503356072295266,0.4024588612787764,0.9191455557330444,0.6172521183438868,143.82898568970307,112.57195659534496,-3.645027399289978
0.8970918990282711,0.9005695653469008,0.7826760647433413,0.9375810225131582,0.9372171317548864,0.5863167809240941,0.92657626085257,114.30843737012762,-93.05521716575146,-3.7666507856812825
0.9350472790978842,0.8319301122757208,0.5623788122789569,0.9279500303721396,0.4720836162510888,0.858630065315146,0.5832553608416091,144.38992941369065,55.40342247152124,-1.2933298275381246
0.8546594100718814,0.3570474943121603,0.5148463168958873,0.7761489348184061,0.3787740148888405,0.9733045075962382,0.557216915862921,147.84138258396425,73.81276756628512,-1.419398486765572
0.621154986464556,0.8031006214609291,0.7605369556412147,0.675835884440425,0.38750455503,0.6741600990746413,0.499736316059966,152.31022497611372,49.151854410508086,0.22265475745285346
0.9679560186241272,0.8117232685612561,0.768906094795118,0.8315359732136903,0.5310407823853043,0.8804522721173934,0.3549216347855495,148.6743222135235,78.21036540425757,-0.0769750497062236
0.5414139524056707,0.5321333211623615,0.817626347211057,0.7647001367341837,0.3172247757741804,0.9347251746251382,0.8436700172006941,147.85979869748786,119.16498150075125,-4.2091532252147985
0.4838495052371024,0.9376875534769976,0.7735130722610614,0.8353627000355859,0.8114138969999923,0.6127447498552655,0.7125337058538197,134.76211300841726,-12.125835116504419,-3.7672268728280653
0.7820973624785661,0.6316008730625882,0.7505274843655704,0.7525547507223997,0.3863353869570675,0.9654489461797764,0.8729579533842562,152.07815490976893,66.45186004950811,-4.048649500606148
0.730679530298592,0.708529699010588,0.7616792071121363,0.6685434585544419,0.285514433067251,0.6576060679402222,0.7628681899615737,150.56841539026894,1.5747757872154935,0.49916781604693994
0.9816448474947482,0.9210934239671308,0.6462734481809637,0.958695539130426,0.3611727633738895,0.5791467044608775,0.5116438504121136,141.46588576951498,16.805405242473817,-0.43375522104609354
0.7472484199919185,0.4319781263191191,0.5286315620554245,0.7297337561923882,0.5334157081349546,0.7092029528576757,0.6308476348053794,158.5874949682419,43.16863366462314,-0.04743864661388675
0.7004781818360908,0.7280154976341517,0.7516701494414897,0.86782843127352,0.3905959989965727,0.8630849847036863,0.6089023874471932,161.1892021834479,98.16485096436898,-1.8155342877410396
0.7787836728104393,0.7837119209721786,0.5506244614297402,0.8533203165767604,0.2813715451397846,0.8527781720689585,0.9311274679304752,154.56976962483463,75.4293111922192,-2.629507811949966
0.7688652668228415,0.5839748639221666,0.7686015940743507,0.8213247566761813,0.8094163647231508,0.6108922341963596,0.9328327512966502,147.49572342559293,-28.886542265665724,-1.2768209795029315
0.9666118508612946,0.5263623974845708,0.9401065069301044,0.9163812798760294,0.4326576064759544,0.707072320672758,0.5652059206496302,157.84680053645494,38.28168323924677,2.049156952109946
0.8442403824724456,0.5288841636566097,0.5844426485616185,0.791338758636265,0.8920595976539628,0.7670354890749407,0.6872467093842266,141.0060324199099,20.18719663320389,-2.375302049948022
0.8381813381501922,0.3911013225417527,0.5370261972508641,0.7046212582152572,0.0983625297300974,0.7125065064758275,0.6161796480898858,134.32467230286719,26.23666038717879,4.562418566324297
0.7112726174762909,0.6687446784845701,0.839063797728967,0.8041966564260641,0.239572906401677,0.5995503918670656,0.8495925001278466,146.3960928335527,9.513267476058012,1.5808823903492875
0.8228597941226947,0.825078148963681,0.5375456635441445,0.9142403252521678,0.9712403206580328,0.9380835868570904,0.4746725934257537,122.22708508867873,77.1631538611922,-4.317046718683525
0.863661567972724,0.5031761065464515,0.8588831978754431,0.7749693675109596,0.469189415174888,0.7039759515857307,0.9434458002299204,151.60287797971822,-15.23730672702807,1.6847761203502163
0.9280838512403228,0.9607267375568967,0.8380161565145339,0.7406030123560067,0.0796420095361779,0.862403807222208,0.9766407558511572,149.7599797814591,53.056752600639605,2.0387511014468065
0.897724970849117,0.7477843937300572,0.6797538991227595,0.8188795871815543,0.8568926796726051,0.7280850345552771,0.8267754749298755,135.9618433405719,-67.47452457538209,-2.6860273598077877
0.5568764660140538,0.7036626178948777,0.6476423169919581,0.69450441820093,0.1999436518323347,0.9372751774684496,0.3519506815476394,161.71388129988927,110.9338342231697,-4.099763164224843
0.8752107218911,0.532861016142623,0.6950313899877503,0.9587763974264104,0.9079054885471222,0.6008199996096142,0.6059993377492398,141.67660981291212,22.96799135422759,-2.2675247250344563
0.7139450638474418,0.5073664804814049,0.838612229636455,0.901985922991586,0.8970711452832062,0.7759466037712863,0.8667491932868309,139.20371652683488,4.509161547281586,-1.7561348145384654
0.4917262497501315,0.6215409170877693,0.7938304226647512,0.8333654138609268,0.2638526456169416,0.8640286072263437,0.4560368387075351,157.27863877680414,107.29240129410782,-2.57289133616752
0.6928941272004365,0.8435846708634718,0.5500798700111807,0.8813320042637394,0.1486126130057211,0.9836184725350086,0.6011568487431831,157.54618563370363,99.7702257573093,-1.8325654635401278
0.7720239021655697,0.8419052291509057,0.5381093286918281,0.6994683270478097,0.2871552383003237,0.7317721820044822,0.5211839760323724,147.5166277731411,39.602490510950986,0.043628595067196185
0.5367592522360873,0.6943362028320775,0.902247417709539,0.7832334941654674,0.1059997276114472,0.5857768617216836,0.4539590281647813,141.11373156781,57.22033759822889,0.5704297189988139
0.93547969420597,0.5185483360032298,0.8444371124797843,0.6696535848205185,0.6270339450409519,0.7953611191652322,0.8012734751553697,152.71146238509758,-16.679521946335313,-1.2969078156374738
0.6289424367785343,0.8868804925070264,0.9680184162684276,0.71331082223539,0.2389738720190558,0.9458426302510418,0.3932238967001116,147.0791100556322,98.97476113089846,0.2846730043702481
0.8936615938418253,0.7965016433962524,0.6636139967937502,0.9496732964378434,0.8531016969458666,0.7217608341894478,0.701885438867587,133.69467973517865,-24.016055845999034,-2.5242715294067315
0.6981373975056697,0.5655373698768179,0.7436103525312654,0.7011994195952852,0.9675726620766932,0.6342825605249132,0.9557958101309888,138.51972276752772,-13.9559775328118,-3.5112468983702616
0.7901319295870084,0.7364655944049072,0.5681904420627213,0.841207387795989,0.2149592780110369,0.7836405685724414,0.5627995234617482,151.1797134696187,52.34293983143309,1.5132801278277466
0.4428022874443165,0.6108084081627105,0.8663216227123336,0.9449905795432868,0.0552511397857189,0.7275553943595423,0.5225704328468562,139.68142106071815,71.14455986535602,0.6155876151120687
0.7626406542823994,0.6933329460392518,0.6065320583652509,0.7030878485982505,0.7178492213209772,0.6087151190902264,0.6023204169865068,150.69051646746047,21.43883594249484,-1.358697467030095
0.6560927305441652,0.4734564854257639,0.7858528298968457,0.6721281992645202,0.6240609711109268,0.7920910850228515,0.5964617029147604,162.17512430114164,85.29053683475306,-0.4560254331290714
0.7210181092570424,0.7883669505630764,0.5074527299313993,0.7518676208218134,0.9116629962199192,0.7480826644991474,0.3907089379920051,129.7873043104862,79.15087218289719,-2.5422760083495817
0.6274891194397433,0.6884016042922221,0.7948398126932604,0.9234133139928704,0.8512581128379247,0.7456560176600245,0.4813845816690227,152.01676074482722,63.67147521423544,0.7075445484357268
0.5728546515411402,0.8885162399622555,0.9163164701487144,0.7336259948018428,0.4312574964624263,0.7050478067848063,0.7908848208979748,139.93451378455285,-2.931189114220075,-2.8410456810741342
0.6203950005664103,0.4041406134750497,0.8471082415985303,0.9249531998034448,0.0619746200814895,0.8518719806240302,0.3851384200042836,144.30933502242485,97.31856140402344,3.5618692871792375
0.4480332388877647,0.918433826218187,0.6582364132205434,0.954530869113321,0.9477713599752512,0.6182653932341021,0.6799387864463837,129.71055125112488,1.7645867205328898,-6.161000579181806
0.5537840976349414,0.5440965819034158,0.8907195936607055,0.9337408458380424,0.2919436236430914,0.8488992687304887,0.9533350017248676,142.29410517268934,117.67651939166916,-2.8436365172465874
0.967553023591433,0.555513599441841,0.5531842573168233,0.9031755946434876,0.4409372183684442,0.6762811548212228,0.6521745638050123,147.38186812982786,3.8969094455653277,1.0032294194377758
0.781500959984325,0.8448511326179942,0.6601096526333738,0.8827928880276776,0.9985014270067266,0.792610077311056,0.7981225650445491,116.19280875818373,-41.94257490684612,-6.748231104269351
0.4853948305306721,0.9306914457705742,0.7455388370713614,0.9353640968411558,0.8108381796297963,0.6818671985621945,0.618389539399652,139.4290820916373,7.826739314537605,-3.291839793469965
0.5091960750202666,0.8350207397405045,0.7315071639679013,0.9276793493523164,0.2436867679960683,0.6216928859470958,0.9208725319182888,150.0284580547014,20.886773052293265,-1.2754904584535867
0.90506205272677,0.7105059728900559,0.7419106181526561,0.8675661989104727,0.6032462897256041,0.9347870221439464,0.4568727157719089,151.7486739030861,74.33098004481425,-1.0556464267456778
0.9028406487109926,0.4003055617337663,0.5842779377346865,0.8632545618349065,0.9677611937037736,0.6444914591052907,0.8431038095291993,135.9090896531982,-55.62133088043848,-2.2665421345327275
0.5403926270788021,0.4746303474741881,0.9966174487635064,0.8671027402609517,0.8229888546419855,0.8277551251687927,0.4319611754679697,148.6376705128327,102.06075977156434,2.405223229040998
0.758824012855128,0.981877810738347,0.6550654946413489,0.6828854894056064,0.1161404572770255,0.598466362804593,0.559844721142701,143.36343461242353,38.38532692963359,2.993235130722111
0.5443915376733004,0.9380737560639772,0.5431000171174484,0.9565138060022,0.4007488352291404,0.6339632857864909,0.7429512984674305,148.7083871849875,8.167766966654114,-4.303367898811253
0.6382082398519638,0.4383034828694347,0.9866327095396794,0.7489958379246574,0.3200973686600248,0.8196866108630873,0.9640544519397728,138.7293811228474,66.02215714791895,0.8325862806602005
0.8911892650710869,0.653051662516879,0.8610626022640748,0.7030241698497022,0.0739293638406147,0.9828619301848148,0.6232249654377569,144.44881846608615,62.50179635267681,2.337055647313101
0.7296310949790654,0.4006097477541444,0.8383000711600788,0.6926687255953529,0.8162092908492193,0.6274662751971178,0.8237976252594531,148.80527402430477,-7.781583850072508,-0.18497900835994519
0.6384337520538749,0.5732978197454864,0.9724700701396374,0.7683395146475054,0.2042364761981392,0.6314467927708168,0.6752079526714159,145.58660801302656,58.145410378584515,1.6601722286915175
0.5684139526967678,0.5460715138789742,0.5126190236583062,0.711703212390026,0.4303116714947583,0.9133399904907656,0.9725737723004442,154.3678968349114,102.56084717509722,-6.351396447826147
0.9382006902805048,0.831086215255318,0.8308622764384936,0.7254152129001967,0.6294300392657087,0.7404658401324681,0.4825716657396369,146.6763553179568,30.633261424143814,0.7589450783295755
0.8249982427656773,0.4850754967663553,0.9689600382745374,0.9440958263729812,0.1135450353577401,0.8847697865314627,0.8300855394972452,136.4009713616482,59.36023320786936,2.367974477025191
0.4985510910019831,0.66618631486064,0.9784926986897832,0.7228393205219837,0.3906110729580877,0.6485238402365755,0.3181254976921381,154.91903730097425,74.16685996829563,-0.08948513910733924
0.9687215989518788,0.6203064198679309,0.510680573734642,0.6986792452974028,0.6023306731354986,0.9477175552782516,0.6895478505712649,147.60629014025113,45.52185528947769,-3.8865052417390538
0.6984458414838801,0.5822466759008779,0.9536886267396611,0.7331796086010389,0.6895898873085088,0.901702094400206,0.4308656228046529,155.54146596470582,114.13294687145881,0.49771895841944924
0.6504510368766901,0.4912938977840311,0.9109187414829564,0.9702996904169784,0.7942922066450047,0.7671978602876032,0.7767517514285669,142.1468449601134,36.58846371520587,-1.1838270837633917
0.97957035916484,0.8560831675809732,0.52614540130264,0.7021476041232257,0.1098881883859988,0.5970519456658878,0.3288241554168608,134.64155739615174,31.683206140029387,3.1384317737293683
0.5204885882514976,0.7309366868119193,0.8404465733072164,0.7796646961260156,0.7275620254228441,0.9481034451182648,0.5952993207296259,149.31793589709872,116.7656667343944,-6.064887684537314
0.441487790948475,0.4728607768386185,0.6610832259725316,0.7848960899361974,0.7211229007680542,0.9084445623583992,0.4344607787499259,166.72050566575714,135.99642415724674,-3.2969815837104868
0.487029677895147,0.7818872975556972,0.7489078872334046,0.7622627843384144,0.6337412011404321,0.8753531646751624,0.5334631414869713,155.05179237573213,116.34911568557796,-5.713791368569296
0.6426161574498295,0.9769859884495364,0.7200020443607072,0.8923392623744767,0.7073365345153068,0.9026063038743116,0.8882664458849463,136.82431028076257,52.96142456014275,-6.835023870722855
0.4979263376585365,0.4207665844764238,0.6629363987323162,0.7705542084447391,0.028486864015456,0.6864184393204253,0.3887731546266684,145.09466115522673,87.90754395417194,3.060201881147483
0.960805619734063,0.4455462068926347,0.7142817583876802,0.8713880951881436,0.9337945124051256,0.9575221531856346,0.3336439101335312,145.5253207885981,100.43733141946294,-1.0260119826804286
0.9465649774829816,0.978133000204817,0.5910842563709506,0.6875282404551736,0.5033345938626954,0.6948587733985934,0.3914292842813928,133.07660484166706,16.605555528158007,1.841480628339502
0.9309038188340648,0.6289972415550484,0.8852617461965913,0.93576634304781,0.5279624834060228,0.8513447909801387,0.722221213834647,154.83097527420028,56.215374857887966,-1.3289732607591576
0.6561243407808093,0.988422708015958,0.8792416379258001,0.7122565693289831,0.8879615609029543,0.7756674808059273,0.9343833776132494,118.82167756932171,-17.753542879233592,-3.9306922813309684
0.6133880510353675,0.5871569841870942,0.5234709531922607,0.814390079821586,0.9900948199044276,0.6744817787382034,0.9560407714700216,137.94838529099755,-11.708885126663247,-6.224260647336874
0.5087031308501028,0.9745728897227371,0.897030535359934,0.8297715724696918,0.6781682271695689,0.6608709959920833,0.4290583545904178,141.49584970712328,53.91200297382566,-0.5323301451983273
0.7445498112082456,0.7735794173286232,0.665859135066796,0.7704550864413927,0.9816839309526072,0.6487009444532873,0.695650935547045,126.4772050338918,-13.205159991013005,-2.8020201137951557
0.5939290760046074,0.4911031103192705,0.9715141913737892,0.8881436316012337,0.9803118294376826,0.9422748859255384,0.5462450628070381,141.20380187008158,99.36471161352009,-1.5482806024084328
0.9957497743326394,0.7210084745017132,0.827397878215931,0.757511860598333,0.9372986242849204,0.9675307691369326,0.8152041957991213,122.02588927460258,16.198298418305804,-4.5028385793562204
0.9547826326147354,0.6709619429998093,0.596814029165782,0.772774759171419,0.0198729324610892,0.6950329073855749,0.6727278787110891,133.19665655372643,21.637958491399203,3.472634016362778
0.7525767445231775,0.8415173171619775,0.6453321610180094,0.7003221989682233,0.8354796782238241,0.8335173766223263,0.5889031418053639,138.54102586711176,61.7701634637469,-3.9934302275769102
0.7303087828500592,0.3974762467876543,0.6489093386807946,0.933510754672366,0.4778540539570854,0.664649878498919,0.4503197633507103,160.58730229522527,88.87546204951781,0.5505802858077415
0.7198329439262429,0.5276428316260888,0.9053629978674792,0.7015837959491424,0.1871510409584003,0.5984646251758298,0.4641674007235193,148.64394762940938,61.35317388892132,2.111624041682423
0.4719227723533149,0.4035208846647149,0.9740130541669524,0.988844200822093,0.1851734828229848,0.9390079414649388,0.7051703954728543,136.86787751746175,111.98500689670442,-0.11592828409437428
0.7135317785769378,0.7414548927396605,0.527013910685458,0.7511716334415297,0.2423138298668346,0.7469526334486996,0.3649868175267109,154.59515473296133,62.50792793269795,0.26285150248466893
0.5950794345928996,0.6570009216103412,0.7096913927638251,0.9369458853407944,0.3305526572157908,0.5906050986201992,0.395592475671397,160.59431568432433,80.81905014366683,-1.4427477051588045
0.4645904992718276,0.72666102154948,0.6149706843733034,0.8840323194337774,0.6961042668357265,0.8561237674126206,0.4687654282352439,163.7503269282126,125.8939460750049,-7.896902795291479
0.525227519474169,0.4043454171445569,0.5774121907026161,0.8413833656635972,0.0815917304830056,0.6154415512029194,0.9397174270074568,140.17953263243112,58.00550043127014,4.632727637242499
0.4717900371132659,0.903042515971818,0.55595151806253,0.6839413707137266,0.6177447923271312,0.5764713207002197,0.5515114493659822,147.32514500631925,43.240373976179136,-2.9197176952779813
0.8252543216756376,0.8157669606590514,0.7966924389755653,0.8505291158954563,0.2229785790838202,0.8209247817634888,0.780754457268977,148.28087888313354,13.00797618060438,0.3882210821713479
0.4852860085977719,0.6816601599407949,0.7626458580115001,0.8095092222709199,0.5287068850557426,0.9303716201083136,0.9256309282973274,147.68402655861297,109.5214121190941,-9.284067211893493
0.9011286094656747,0.7565732329442889,0.7494952330722042,0.8853489437767763,0.6700493323878304,0.8432120335803915,0.6629414463710221,151.17100611345123,29.09890130357049,-1.7299800608025637
0.9330578681387672,0.9507910912876804,0.5928531112320575,0.9281452478527964,0.1940964330958422,0.7375930614914887,0.8450851858511886,140.0748230967616,-4.164495302355462,2.1285094744529625
0.9816824316585876,0.8192695195084622,0.6930934498486024,0.7173904998395377,0.55694275021682,0.9942355569421456,0.9317552871801986,143.8850099113636,33.385645133422386,-6.746214740330586
0.5540592686876904,0.9465696951826252,0.8613163024113509,0.6919075879865829,0.647735385378514,0.6766912372335785,0.7737090526124475,137.82136292190128,-16.50151028270821,-4.418108656579344
0.6971957374307236,0.3930288650499796,0.5642722178117855,0.8622588087849783,0.0291478879515504,0.8055805386012014,0.3821020642327193,145.13948287643768,89.5768110747293,2.018793665572175
0.9699998704959768,0.4593583813107224,0.9918930453323924,0.8458587007404528,0.7761245688112652,0.7132918570751621,0.3961934879870086,153.66228210120863,54.244531743470894,2.806842205068186
0.621573708608961,0.6697306037667627,0.8665887902835367,0.9194806626901382,0.2451794384925516,0.7832231902713565,0.5718791921306474,154.11602747391404,81.93864864842203,0.23091682445181294
0.6664154039559174,0.7560636527643942,0.641141784200194,0.7105482986480957,0.3794544094523119,0.9131058631146172,0.6346643918643177,160.9302097909762,99.54008560928236,-3.3306071687674565
0.9788725859943026,0.8302772518396344,0.6663323628637801,0.9657648019149616,0.640848205503395,0.9746504194888196,0.3722092258964575,144.69654841201668,92.10682986129095,-3.860892474043733
0.876740395275261,0.4941639678413965,0.8578392000037847,0.9003529640178674,0.4381503809338012,0.9287617150903954,0.6487304670664593,157.0529751303369,61.133618371103154,-0.9090582198134494
0.9680855114739892,0.9200405845354728,0.9569291454411428,0.6930713154020296,0.1942146396504962,0.663688258109894,0.5764097270668165,150.20795274743185,25.868453697036678,1.4644704750338509
0.5067361053300797,0.8826702247551945,0.900276094007036,0.6956856275012799,0.1554188453246885,0.6285522786462743,0.4008011079591476,145.6684449853503,57.54930676290922,0.27477671987344365
0.4715257344144829,0.8139877484107105,0.9314571157798038,0.9747853904657984,0.0907304622962154,0.8159374055831407,0.3367175703033206,146.81053458380845,88.9860104583643,-0.932033325512228
0.954287529069586,0.5413073348704995,0.6787976160870242,0.76934291309156,0.215319109173441,0.8669808610558623,0.5282120733332112,148.9373253356357,62.65652403786391,1.0227423781022704
0.8234101733163062,0.4239285571837979,0.867585258896933,0.927831184877053,0.1153996486830103,0.6659939774603304,0.6858815554626637,141.50039637063705,42.86686864866974,3.836606780942926
0.951729581167666,0.5768782339054944,0.7098968176300363,0.7224432976461589,0.0528850776525503,0.7773804286698593,0.4226783840699638,141.6753138151426,54.208988925750084,2.8802820206216015
0.7489091538125305,0.8818901764277678,0.8208459380326518,0.686256904460554,0.9663604678858044,0.7052878697327236,0.8543877348070925,115.26594074854916,-61.51621274553057,-4.644188936991874
0.5679053621928111,0.4823961787029809,0.5909639545958189,0.7512999433914799,0.7988730868566455,0.9520632910435434,0.4102704828824708,163.23658877057363,129.554430444559,-3.1414500911228456
0.8206151375908659,0.7549998453547546,0.6313440696533659,0.924519324477577,0.0132232226407868,0.5789604187806356,0.5924831678273619,143.14277262484046,44.7085565773576,3.3962585526786437
0.5224628480609879,0.4480286152907183,0.6714841646267122,0.8834592111185766,0.4998392311322085,0.5850475056141794,0.3381747761469264,165.60423968699604,95.54041516743902,2.2638080764775994
0.7983527616911741,0.4703693367193526,0.6050857832478815,0.7285177513403983,0.7269809625827097,0.8608821075309282,0.7072915519865554,157.39189826969562,63.09359213275005,-4.348979150058981
0.6588896516180732,0.9586223345084692,0.5114847644808957,0.787378464947929,0.3598421662924778,0.8098683864809524,0.8783239301931803,149.362203751537,38.00744751798612,-2.707496263624086
0.992890842921189,0.6067711499462582,0.924286033860455,0.7693264168101195,0.2077961560701401,0.7955103808726486,0.7775323951242972,144.58271125722223,20.435147534763864,2.0119232945538985
0.5878742843824314,0.7106280979802293,0.9736113414742156,0.9487173578273828,0.2647221429878664,0.8626967638779997,0.3741913070205591,153.1740468867701,114.56304777583395,-0.6955791630981869
0.9011167097875704,0.6790386906550674,0.904241507902516,0.8859656486547065,0.8930491571475832,0.8932658259330192,0.5634437955923737,138.85148310350723,67.73107319022525,-1.338522480142294
0.8176817384946948,0.8922786794158877,0.6443508431042927,0.7466383544985302,0.0673851744979472,0.7019086507440524,0.8562515756543042,145.3215995717376,-8.73498172860505,3.545945241709833
0.6301738084791039,0.6225253510035647,0.8469451335408438,0.9029811751255168,0.4064302909599971,0.8964417733589294,0.6022715358089996,157.39225635129725,110.08718859586858,-1.2345263754451772
0.6688138094815056,0.7262914250826058,0.5346054704202953,0.9348477401725792,0.2221370564593688,0.678528490875938,0.9335004944652258,150.68213879719585,17.98038436077941,-1.0167801275722073
0.8572508870529915,0.6627011202037422,0.8833307498773797,0.965576818725202,0.6915394665087478,0.9482985191573056,0.6797550970809273,151.1645090499452,56.09942836728774,-3.094470990170019
0.5445163592173038,0.6670558113776074,0.6414190173589938,0.8048247856221105,0.4940828648500622,0.7641368984271251,0.4269235887039833,163.8167377407596,103.4330439194817,-4.387676539084868
0.6185848954611745,0.3913164120130351,0.906988991632559,0.8245433422590766,0.4336504181274272,0.6794524309202254,0.4355394963188702,155.65762556215077,83.41158420139296,3.4608285363612286
0.9951500217525776,0.8564378982503784,0.882283936078,0.831832978102012,0.8709278326017074,0.943795782902876,0.3395119784380101,135.65114383996408,86.28450701556437,-0.06675503106911607
0.983099848905304,0.8006090609816933,0.5779101316659935,0.9739714397715358,0.6679807294699057,0.63842299827259,0.612879920394406,137.88366036554834,-8.38321495198867,-2.504797094613196
0.9812461880555792,0.8368170585101603,0.9892116299855902,0.6942215203090418,0.7696182054807255,0.7670124107350975,0.7934846174854114,130.23907346892798,-45.29213024263943,-2.8769227753350286
0.5107136084118926,0.6431916945673648,0.8563369152614768,0.7524258216154126,0.5426017517616123,0.8069361381897775,0.4978091006427349,158.58486545948688,87.44970492269493,-1.9049470629883525
0.8691533630461402,0.8101971784070515,0.5534011012005303,0.9014605462124564,0.9452462971536948,0.6840599668938541,0.753796387435592,112.6305306687433,-60.576410669329434,-4.5895596097889495
0.7527297782966689,0.5334985650839583,0.6887344633186853,0.8417942122229042,0.7873031791736151,0.8697359665050843,0.7397556548624893,153.28135453040144,88.32046067989671,-5.743114740312768
0.9641713884259424,0.6121119371976113,0.7054644539130066,0.7031361784714507,0.8284053402101458,0.7483726212239761,0.5006599066141639,149.84464020820832,39.758127236224375,-0.7102315538313332
0.7937981907735304,0.5745919822506793,0.6701756038059619,0.7916398345794615,0.6036278173774658,0.627123525643411,0.3174253824560432,162.78191127120607,63.63290893893859,1.717784408281692
0.8814345502099552,0.973897672125002,0.8070034537841341,0.71401542065129,0.8052018022204006,0.6460930148958144,0.7649499974954771,128.15385486786653,-80.73673424832677,-1.2755397690969312
0.8725699854214977,0.5603879114936635,0.7853079035036283,0.9222426846337316,0.642650213141291,0.7000458256106682,0.7327098915423486,156.7246368267397,0.8382070112801543,-1.5511236165934028
0.8191618156085152,0.6060298127213446,0.8412606504888205,0.7104289104742989,0.0802529137474671,0.6077493799879152,0.9807351968074416,144.53730280165217,9.774990806072005,3.018025359628518
0.8487049956442833,0.8417930947203522,0.5234165750169029,0.8792822776682189,0.1017273576889521,0.6886760001153539,0.8916015009791426,139.40561937205916,-8.225776013542607,3.2107191364411882
0.5088377811607304,0.4474161816447989,0.8551336237760065,0.918836701520379,0.881739367685739,0.6057976303907613,0.5300847724848707,152.42536548827024,74.87292193142531,2.889342140518284
0.4407106923608436,0.5457971402509373,0.6263569437709341,0.8139497783418577,0.8937823123269311,0.8397116072834361,0.7105947885895864,150.8912396000962,115.83069014165952,-9.397004249598034
0.9153175051497292,0.8932660819046123,0.5318665465425007,0.6997801695751015,0.5112932769083213,0.6929591306552518,0.3973560142244025,137.02008770943038,13.5162622842711,2.692012544449846
0.9790958904324956,0.7711515332352001,0.62364778188692,0.8727809937507011,0.6653150407433952,0.9957777729624082,0.6469286549115303,149.04759791902723,54.111380884176036,-7.448807099026318
