PS:PAN ratio,Feed rate(mL/h),Distance(cm),Mass fraction of solute,Mass fraction of SiO2 in solute ,Applied voltage(kV),Inner diameter(mm),wca,q,sigma
0.4561128323941226,0.8051790014519061,0.8416886049206103,0.974027504430288,0.8073558968399337,0.7546766606149671,0.9849606541814514,115.40643310546875,-16.62684440612793,-9.256858825683594
0.4974155626297795,0.4119663460766746,0.7428022281539084,0.888310528461526,0.1194638875590189,0.8687355911483017,0.4718228116623877,155.2534942626953,96.6678237915039,0.6724411845207214
0.5567037923584962,0.6552769954181414,0.8864685156612575,0.7906105625825154,0.6567747998007489,0.7182235022608119,0.500909483286663,153.5639190673828,64.88739013671875,-0.4753464162349701
0.5965347177517759,0.578450896733279,0.5294482630674765,0.8463688574738037,0.5625700648659018,0.9748759738040652,0.5992734756756622,175.68409729003906,162.91529846191406,-12.861612319946289
0.6785242291786453,0.4444227336046473,0.985562063987754,0.7445509194203866,0.520865657382475,0.673680405717724,0.5244862201055259,162.83905029296875,74.82168579101562,3.4613678455352783
0.660602808620818,0.9103666867647628,0.7178631475058986,0.6715171043844936,0.4592513784919412,0.7112585618521632,0.90504110145312,156.7730712890625,-21.982038497924805,-3.51300311088562
0.8789660517888805,0.9897328227169634,0.8102729936075903,0.6704471155599723,0.6222468428802528,0.9439657482452346,0.3973637285921254,139.94253540039062,75.27449798583984,0.21380722522735596
0.9917215724209988,0.5980295130830889,0.9514471257857806,0.9535961285842748,0.5576368542981599,0.6970524107926674,0.9211239930513724,154.9527587890625,-35.216514587402344,-2.5954413414001465
0.9375210618619036,0.8550460268862019,0.90731550461833,0.7059238043899804,0.4395541707028508,0.8093954444422287,0.611954128679769,152.75340270996094,32.13692855834961,-1.1037156581878662
0.8862905652998763,0.9377441956395592,0.9603935413142086,0.6923132825827462,0.6870685598065934,0.5941668953224084,0.5924141906081282,146.85523986816406,3.3436570167541504,-3.3263885974884033
0.937386301829502,0.6624029477245592,0.7073250871914586,0.7718480330214791,0.0929145102610173,0.6695318459237168,0.358956021721953,137.858154296875,67.96122741699219,0.9300230741500854
0.8465037628518324,0.4946639997329866,0.6654846493231037,0.8219922107894112,0.731449337057799,0.8300026419014472,0.6990178945134995,152.0770721435547,36.897300720214844,-2.519624710083008
0.6351551543643459,0.7486488718862507,0.8138672007810159,0.7776505504132689,0.1531957144832641,0.5992358840556093,0.4112207693152599,148.24134826660156,65.25652313232422,1.456034779548645
0.8779079679669242,0.8434599841276111,0.7320960361473058,0.9681136313110604,0.1080323011288454,0.9740566843249912,0.4043212825292883,149.10166931152344,78.84185028076172,-0.015696527436375618
0.8778491558529722,0.4519745750168508,0.6761445595654189,0.9006256191464901,0.0115308123874846,0.881172586028872,0.4418239916901884,140.84884643554688,73.84420776367188,3.8481533527374268
0.7966490830837666,0.932724540830552,0.6658691841776998,0.7830395941011403,0.4796672739745969,0.9898168327600084,0.3203578550595428,153.94947814941406,108.33171081542969,-3.6014695167541504
0.5625432436434649,0.4128461936995652,0.7379766299640134,0.8162516016144123,0.117136168846045,0.8118663972811511,0.4773824736683145,151.33987426757812,86.84391021728516,1.6276979446411133
0.9493038543596538,0.5451162190212273,0.978777846007477,0.951458848016172,0.7842358151438593,0.8818802676215771,0.5105432430581964,148.08001708984375,39.03478240966797,1.0193812847137451
0.9738012754609476,0.9284093698142338,0.978768754093528,0.7982023469767614,0.6743324897080727,0.7224369243376377,0.924245296824063,135.58377075195312,-58.412498474121094,-5.223979949951172
0.6290265974347418,0.8547701270830995,0.533414678808486,0.6809737493933335,0.1014841860049612,0.661803767895691,0.7071792209243657,148.37130737304688,10.126850128173828,4.007600784301758
0.848969824009631,0.673728329593746,0.5412802610333042,0.8622647383422444,0.4294853899139069,0.6752922554173397,0.69949295702217,144.54251098632812,7.724735260009766,0.9861907362937927
0.5094005735448981,0.3826664084298598,0.7823707890647812,0.854667317281459,0.4463974368313696,0.8800864353567744,0.7480504719709915,154.01864624023438,118.53434753417969,-2.286607027053833
0.5315688777309282,0.3668798521376636,0.9762885154734766,0.9797897975733464,0.785358683990882,0.9881514629031136,0.5752583068858947,139.47207641601562,154.62026977539062,-2.4872522354125977
0.693871389084993,0.740996163252882,0.6263779922586922,0.7821673898458312,0.3618738198670949,0.707669924262641,0.3401041831697529,153.4901123046875,64.44515991210938,0.11342169344425201
0.7459484260015292,0.3897527867234067,0.5511324672878513,0.9069479170922188,0.5199606910671106,0.9243153011423744,0.5610251217033636,156.4925537109375,127.2542495727539,-5.914186477661133
0.6886823991496364,0.7799485089075526,0.6151220876075448,0.7699352033456732,0.0043782971493125,0.6152423860186439,0.8640105191037228,145.23599243164062,29.21546173095703,5.8684587478637695
0.8288135212317305,0.9491742563563408,0.9520724418901624,0.97677689185231,0.9842521801885667,0.6208948559395319,0.7830337968935641,111.96695709228516,-120.53707885742188,-3.4384000301361084
0.7449477642338412,0.9190143805004888,0.9633779930039028,0.7417753403288114,0.2541107884165851,0.8836626555006786,0.8294238430676195,143.1221466064453,59.21847915649414,-0.67784583568573
0.8786634496892782,0.4539985118535391,0.978936004031944,0.8341186585211722,0.2622227294713157,0.9982509966367468,0.660892655504095,141.14520263671875,91.91842651367188,3.446579694747925
0.8649132312571928,0.7750791145428259,0.9497429409435004,0.8472357052985693,0.8839514439711157,0.9087636754385676,0.5350731427190341,133.8988037109375,63.60529708862305,-0.038677722215652466
0.684719420392645,0.9246666252956592,0.6573460947820193,0.9741242849266232,0.9581210726043196,0.9191660978382352,0.6348847556663668,120.4716567993164,84.52499389648438,-11.073470115661621
0.4770845699523714,0.4212978556886099,0.5008072023420135,0.8523110042179232,0.5783514650993612,0.8923628836348669,0.8096865171340628,165.7496795654297,165.4912109375,-12.860605239868164
0.889848646193393,0.4220141241805947,0.6825426877330133,0.8115349644531937,0.6068844987191309,0.8442937165528672,0.6236869103052058,154.06509399414062,48.24541473388672,-0.8881653547286987
0.8464740473765223,0.6039954012233157,0.7947609069022437,0.7129338907445739,0.0281007752024794,0.8252129974578798,0.4908970656922099,149.11846923828125,67.32283782958984,2.49212384223938
0.4618564320019624,0.5939132326558503,0.8302753249474651,0.7094341332103408,0.7744276837920454,0.9818398490746114,0.3169873625910487,159.5033721923828,187.4547576904297,-4.6950907707214355
0.5142294837379021,0.6691226291196356,0.5308806344456883,0.9093253945780012,0.1071144195889327,0.6949637546377643,0.6456039137594372,145.30758666992188,68.17540740966797,1.1854149103164673
0.8125705263954499,0.4734041205190032,0.8385540414866455,0.809750472251044,0.0215810871255914,0.6810707595437144,0.9894063187871964,135.40029907226562,57.157203674316406,6.616172790527344
0.4634963228791686,0.5478374276253014,0.9997863303825592,0.686427370103106,0.4463664624129533,0.7558415322726019,0.407466505806205,155.23594665527344,82.85863494873047,0.8569180965423584
0.8817169288756453,0.7429166432966672,0.5882648314634188,0.8679302229062811,0.4014080685405189,0.8292766958738864,0.936478910839828,143.70599365234375,1.4736627340316772,-1.1570467948913574
0.8498289880985963,0.4667933305001648,0.5183416500584008,0.694049607663035,0.1087037206006491,0.862969274280551,0.7809579982993688,138.6205596923828,30.06381607055664,3.249560832977295
0.5381179391249687,0.7401981306303167,0.53726621577994,0.8613524261519421,0.9142415538520958,0.88118008870567,0.5439948894876558,146.3750762939453,137.0582733154297,-12.9214506149292
0.558345514734249,0.4239595467232129,0.9784405077750832,0.9201916500152668,0.2906825349910805,0.7391522262743297,0.8722720161310725,130.4777374267578,60.822662353515625,1.725175142288208
0.7567827071120186,0.5887591384405236,0.8891221540091798,0.8188305927478511,0.2198311592107565,0.8446136369083928,0.9993953903043136,141.04302978515625,50.18717956542969,1.4915157556533813
0.7498245234299608,0.7920924189537437,0.6175007774397014,0.9845213218074528,0.7700636443059885,0.9045917549106453,0.5217193150585357,148.3848419189453,96.30923461914062,-7.684386730194092
0.8504470234265007,0.9349694038292896,0.5536679076615179,0.8845727548715088,0.7122032993919265,0.5754193333994312,0.9301011793001658,125.50032043457031,-117.2970199584961,-2.087747097015381
0.7932773330270488,0.3791692600009765,0.5125016106886304,0.8203481548156039,0.9504815480450098,0.7831119364393012,0.6921379686187585,144.4768829345703,43.45429229736328,-3.377593755722046
0.8425971208136503,0.6136005232136169,0.660835817519799,0.9569812886138318,0.0931383895846478,0.960988768199662,0.3887388888471236,147.306396484375,83.85176086425781,-0.4050513803958893
0.6659065345859143,0.6889431172797269,0.7957459726605602,0.68763683527047,0.0097653282274597,0.6699151291721008,0.8073549401720508,144.69757080078125,37.33903121948242,1.5862079858779907
0.5481400956449689,0.8422319201100867,0.9896499673562388,0.8167269231579158,0.2655238429721662,0.7777396149213105,0.328012910557439,145.73387145996094,62.82647705078125,1.5809428691864014
0.7302854510180183,0.8613349837721236,0.8782234977521143,0.7213623042962588,0.7333906917469424,0.9551350978333002,0.4533717345793757,135.07028198242188,102.72048950195312,-2.237074613571167
0.6614473158864591,0.8825426118612298,0.5443443003287569,0.9785879064704102,0.7376914826127559,0.6642599186900646,0.927285660100466,134.32781982421875,-68.37590789794922,-5.927818298339844
0.7551312560996681,0.9586099204096136,0.9461436672821047,0.9303155284737176,0.0850165234190417,0.997348057311467,0.8041246216467546,131.59544372558594,97.77226257324219,1.852482557296753
0.793304295028422,0.3607313716313208,0.964547654474304,0.8648269054639082,0.1774052418126205,0.7949784231715609,0.5637758897796118,149.01373291015625,70.81342315673828,4.6953444480896
0.7354813032343033,0.9161932330322676,0.8805185111651728,0.7593814904435541,0.9061982362084486,0.9248617375939115,0.7009382197330105,104.35733795166016,42.35293197631836,-5.669585227966309
0.4890431977062548,0.6552792694732281,0.5334344234350833,0.9483941140520028,0.6015047566742003,0.9626172559439048,0.9859418504693852,161.45994567871094,143.0857696533203,-19.42072296142578
0.8212384067269739,0.3886128211817937,0.8181560341237555,0.8412663259604323,0.9430252231742116,0.9350730848689044,0.9331202962130624,128.58905029296875,58.16332244873047,-4.750863075256348
0.4864127153844911,0.7458710794880201,0.915267587641313,0.6758597729788377,0.3922078475475842,0.9001778219805766,0.8428372316888127,147.6640625,93.96441650390625,-7.008995056152344
0.4537157642879132,0.7140066419337077,0.5606657281500633,0.7516381756161601,0.3685235632714195,0.5849881074055081,0.3888010213988099,150.73931884765625,56.09981918334961,0.8054682612419128
0.8509397027639538,0.4949787078420851,0.8318454627258065,0.8535206123981843,0.0575175810125621,0.985568389301634,0.5558881042474165,145.8199005126953,64.5020523071289,4.329319477081299
0.5323843025291513,0.8071891849844748,0.8663276689663948,0.9627701324139092,0.0291666333665465,0.9436720380163046,0.3265473646453504,151.92088317871094,95.03253173828125,-0.7050235867500305
0.777231596716029,0.9010133157979096,0.5331384021432058,0.8835985574860015,0.9306395951161828,0.8199243417899963,0.7974086974179742,118.04637908935547,-36.56584548950195,-8.394892692565918
0.8917428259900066,0.420781177505387,0.6236127556292491,0.8762403789377208,0.2489499212538914,0.9443353302169046,0.9947932539896076,139.0736846923828,71.3917465209961,1.3038272857666016
0.4488628020088425,0.5734837276971645,0.8498808309632678,0.7012742620658761,0.3937725805550914,0.7312097555666441,0.4390046651646538,163.52224731445312,79.4527816772461,-0.612699568271637
0.6044163241359712,0.8369012624798196,0.970447048499793,0.8827024184199752,0.2008074835112619,0.7706841314898089,0.8319899657277937,139.21873474121094,47.64888381958008,0.7292259931564331
0.6979452922787571,0.9428200002867524,0.6963649703013884,0.6834468246990473,0.2563594414965564,0.7683525458255349,0.3560066272335669,151.0393829345703,46.430118560791016,0.9020879864692688
0.6604256809855109,0.5744973412265477,0.6145774804176114,0.975078897670108,0.9137089781972698,0.6165813845701076,0.6709859809242599,144.0933380126953,-17.52508544921875,-2.173853635787964
0.5212826557947331,0.4039053812500257,0.6233200070570957,0.9721082943116418,0.6965881922603009,0.9595872837392044,0.6840175048322026,166.5754852294922,195.52171325683594,-14.3994779586792
0.7145454369346087,0.870674448135869,0.7578747070516186,0.9402643728456884,0.2852712377695053,0.720326923388074,0.8209568012635051,151.26773071289062,21.235143661499023,-0.21028746664524078
0.9067159889081716,0.7685192577747954,0.820859104091879,0.9483896171756008,0.6707926436701035,0.6143829552883092,0.7270405029719968,152.48129272460938,-44.14676284790039,-2.142019271850586
0.88676489050627,0.4669704327104462,0.9937763207528724,0.9248395526559544,0.967423655284034,0.9096405562007328,0.577937438478808,136.0403289794922,64.83417510986328,1.8754842281341553
0.5515882240002006,0.7172243029520946,0.5325206230952741,0.8680411994905644,0.3984712174609275,0.8179626257531983,0.8636731917446043,161.22682189941406,71.61808013916016,-7.189747333526611
0.4714156085479278,0.9380063491238396,0.849069691561533,0.8640741204019776,0.3454415629144847,0.9500204059394084,0.6966628862454165,144.05921936035156,127.5098648071289,-6.061752796173096
0.8807542556501553,0.4021960968237085,0.5144296197695097,0.9613817830400324,0.5899771148735803,0.6211957032487395,0.7591298962195749,141.2338409423828,1.4392025470733643,0.5472177863121033
0.8511287987781748,0.7600417716690615,0.5917506482277789,0.9318792623688336,0.9205079004181816,0.7375082557920757,0.4297316500253949,131.4403533935547,49.224674224853516,-1.470993995666504
0.6163539742586237,0.5159065398881534,0.5296153655873694,0.8793417849148137,0.5843517089248285,0.9548775021914808,0.5150619291040475,172.00462341308594,166.25669860839844,-10.944331169128418
0.9018377659556294,0.8494818460292097,0.8811870464808225,0.764222613348092,0.8736232097294346,0.673626451543126,0.5937199763866938,137.33621215820312,-30.65254783630371,-1.0932711362838745
0.5774498043913552,0.9645291924894268,0.5501672262907531,0.845762225154353,0.2931803626537295,0.874954096164962,0.7544904150080192,162.24557495117188,84.9073257446289,-6.171247482299805
0.4341555254996246,0.9335569269581256,0.8032136760528024,0.8200759706027034,0.5238394003897995,0.5814114080987096,0.8359779626698233,143.19097900390625,-14.344985961914062,-2.2391011714935303
0.638258429612938,0.7426952286666169,0.5938561273042335,0.7643808447852961,0.456515526900002,0.6347343649644492,0.3779200533541806,148.61764526367188,56.84752655029297,-0.24144120514392853
0.5580699675348603,0.5779194759011139,0.6593676247926654,0.9269836557201848,0.7701334513416149,0.7513355371315952,0.8313751452072704,145.09828186035156,38.9489860534668,-7.752987861633301
0.430697934635773,0.4354472185294545,0.8893588830686305,0.9262300585311026,0.840534991749519,0.8201108555810802,0.934601128110988,125.50349426269531,74.6386947631836,-6.342705726623535
0.5229818131311881,0.7103931913807111,0.877389916660531,0.6789299560542597,0.8980721182484577,0.9233395510432532,0.772890153025736,119.86469268798828,109.92068481445312,-11.976495742797852
0.4508958871298112,0.9835678378720936,0.6077331744195611,0.8591287608144446,0.814985767201595,0.7246066854539865,0.6729346550443058,133.86541748046875,10.140731811523438,-7.423300266265869
0.7091753995267437,0.9595918955906724,0.9871787921661792,0.8129567879556416,0.0687732583070764,0.7207755327535122,0.7678213950284394,147.13174438476562,58.72270584106445,1.342457890510559
0.4630572133309535,0.6348520544926742,0.8479297332742739,0.9455660033885436,0.5294531713270294,0.8079722012573081,0.7155176760679562,148.4233856201172,84.58155822753906,-2.896932363510132
0.8942111402293942,0.8777718691493723,0.5197442400168711,0.8672416838300894,0.6846129911650755,0.6918604094175063,0.7014525832169425,137.80516052246094,-31.31188201904297,-1.6996839046478271
0.7664284764346349,0.728135161954959,0.9713762770547312,0.8959977079134643,0.7740168128574503,0.9362443405994558,0.3584904187488064,145.70941162109375,121.40091705322266,1.5131444931030273
0.6139125558463124,0.3853966971811803,0.9141518385306387,0.8742277195928647,0.0047669805757698,0.7050023664139173,0.4818660835244538,132.77833557128906,80.85447692871094,6.631475448608398
0.6142273065325149,0.6905048113706442,0.9889008463622748,0.6969136852636929,0.9229874555885608,0.614847295382949,0.3922987039623462,137.92056274414062,70.7115478515625,3.6278634071350098
0.7756301046846892,0.621570747447178,0.6456044913014145,0.9460758455870608,0.4887361010082371,0.8506161258046574,0.467375247315827,162.80078125,91.5272216796875,-3.7622151374816895
0.8777603441123067,0.6272672864721069,0.8195064545626723,0.8576964408503702,0.1298915148506117,0.6639572629622059,0.3510179650596328,150.5104217529297,82.30966186523438,0.657039225101471
0.8083702097065085,0.6557041366527201,0.6891326452382092,0.7323937158269228,0.7550255016141397,0.6099891974334164,0.7954384361645674,153.15283203125,-44.034690856933594,-1.3340625762939453
0.7623040840249576,0.5449779045598091,0.5946020095014357,0.7689921272139715,0.6066113695397696,0.5949288553949397,0.7848106384548387,151.3472137451172,-19.52713394165039,-0.7900098562240601
0.8671507095069654,0.7774432408545126,0.8706249646565354,0.7525685995223114,0.0331877155830744,0.8488132958318949,0.3523334156601577,150.12559509277344,78.35334014892578,1.8963243961334229
0.5813190917889581,0.6859872762621482,0.5833111786284837,0.8751612937254338,0.0800855747737596,0.957848563948355,0.6630821253760653,159.7572784423828,130.11453247070312,-4.719860076904297
0.7887444675390722,0.9078721329296556,0.7298870061998576,0.7685812527504259,0.0592028644025479,0.9958561169229918,0.7755521232727798,146.9894561767578,63.96406555175781,1.0056790113449097
0.9016423638548754,0.9070870924517396,0.9716070778276112,0.8059988704547865,0.6591188480908624,0.8708955092422674,0.6370857897319477,132.040771484375,20.67647933959961,-1.5314563512802124
0.96444429586585,0.8665024122915648,0.965249370096527,0.7259764886686272,0.8724657976338219,0.5761708198685712,0.7331921484916138,143.5899658203125,-64.55786895751953,-5.053096294403076
0.6980885105911987,0.888505989996975,0.8187117426551532,0.7601448575247917,0.4955729282190682,0.6315859847867122,0.4711330110778111,154.42018127441406,45.4139404296875,-0.15558020770549774
0.566052179243275,0.5342659779931695,0.6455337967033542,0.918264893326994,0.7279533761108649,0.6822681583622721,0.5944409286571246,156.4840087890625,55.570133209228516,-2.5112361907958984
0.9404145616151794,0.8298351873519736,0.6814303996289398,0.8736968841650247,0.6625443125214138,0.5953531629343186,0.7099432788252964,143.48828125,-44.88676452636719,-1.7174063920974731
0.6442476651677905,0.3683463884300708,0.6183105192396361,0.8474192169392172,0.3718111499600627,0.9699639962982496,0.9118597425755858,156.7578125,131.5056610107422,-6.9560465812683105
0.8159601048292602,0.5938048164607477,0.753705217768495,0.8291660518324044,0.2214509089392863,0.978379368194976,0.5304258017954132,152.62710571289062,114.20840454101562,0.10176683217287064
0.6948350323821051,0.5249429542246805,0.5407096061270055,0.8772805883182413,0.5459031703550271,0.6252054523084183,0.9513501068679424,143.93017578125,-17.332429885864258,-1.9421451091766357
0.5836970479540595,0.4078090978519908,0.7520311676443955,0.728654680806692,0.4774624504602006,0.8966693427554724,0.723176908984491,162.90908813476562,102.02300262451172,-3.666299343109131
0.9966954085918032,0.8089838173139909,0.7396721074313416,0.9075660189488384,0.788999093874568,0.8163976128798714,0.8652562040634469,133.92225646972656,-68.49332427978516,-3.9533891677856445
0.7474564096073157,0.478456807608716,0.7912013610283352,0.7167948570146149,0.020338723510184,0.8188701026297952,0.7361572718107963,137.7940216064453,57.1854133605957,4.269601821899414
0.9641350841180032,0.4408312333492279,0.9921952643471528,0.7507331836119425,0.7849076916491904,0.6971874104198281,0.8223665269821597,161.4984588623047,-25.432138442993164,-0.4610326588153839
0.6284693400738451,0.7580863241011082,0.8401243952057482,0.9797751749401168,0.930519511996669,0.6810411837293694,0.5949695256076608,128.87078857421875,15.618563652038574,-1.1458182334899902
0.7045460207101315,0.9340875274461288,0.6170715961057003,0.9435951457914856,0.8078893898531332,0.8105675256825524,0.6310111346510826,134.2778778076172,18.606260299682617,-6.179317474365234
0.4442706779081961,0.7125100547298883,0.633481770538459,0.974748841972712,0.2740714870054411,0.8429651581712094,0.7005478747448204,159.5548095703125,122.07892608642578,-5.926263809204102
0.8259030818231083,0.363031221361455,0.8054073120082282,0.8027919603246598,0.5008317200583646,0.7918763470475535,0.5720255948134367,162.55296325683594,64.03250885009766,1.915392279624939
0.8562828694780924,0.7494849569538158,0.7372947041186257,0.9141021011907666,0.4912422088772901,0.8182207987514587,0.7526187778010754,152.1923370361328,13.883439064025879,-1.6781280040740967
0.9437677483878808,0.7776412304318024,0.6248022796532593,0.8201585523083753,0.0143245194332765,0.6388285630672398,0.8423933097665984,139.5296630859375,35.48356246948242,5.245157241821289
0.6557020951666026,0.53769469749777,0.5372093990030099,0.9388978846222856,0.572588326183157,0.9186852878703626,0.9570206399736992,153.3063201904297,104.26078033447266,-12.058694839477539
0.9228957926204008,0.4968359608202791,0.8568142961321993,0.9586376959713478,0.7029803111721824,0.6641918483076458,0.4665589667974288,163.06460571289062,34.74754333496094,1.2242907285690308
0.8813282892183385,0.9102283338905895,0.9330031904336276,0.671190548413178,0.9187038566338576,0.7561198445998901,0.3368299366478229,120.55127716064453,59.531463623046875,1.8739172220230103
0.6659972575796977,0.4962522052731627,0.5053926890750652,0.7429186950527717,0.2727135739874388,0.7287951228611199,0.7690261317422757,146.58688354492188,38.191001892089844,1.8339308500289917
0.4771787041697677,0.519531835993654,0.9817687436554452,0.6730243792063682,0.2354711952413372,0.7335520399460684,0.5288533610730533,148.06121826171875,77.6823959350586,0.42864125967025757
0.8388690553218325,0.3718484974652612,0.6058469774553914,0.9684623819251368,0.0862011326812706,0.9368893021880876,0.4632096734005257,140.6165771484375,84.00988006591797,-0.2014978677034378
0.6939782458435837,0.4825132315967519,0.8229232981955434,0.8469205616478462,0.6048301194906883,0.8320089569846785,0.5099425894830104,162.31370544433594,101.50390625,-0.46103745698928833
0.4443899263716118,0.5515172487519145,0.7795841560180107,0.9862681638676716,0.4190493738868666,0.8845937510329664,0.3855534034576131,169.73236083984375,126.66685485839844,-5.763960361480713
0.5698846268589994,0.4492915324301236,0.519350325447976,0.7846023415367438,0.3675847985233634,0.7301841681277551,0.5327566262654065,157.51699829101562,91.68736267089844,-1.6591452360153198
0.7295656390692198,0.5376568065397163,0.5962064327251472,0.7573715881309533,0.469394051882015,0.8763229954699039,0.396962863523275,167.4876251220703,105.31636810302734,-2.6817128658294678
0.6193778388614617,0.3536194782232547,0.739199501538439,0.6795123415252433,0.7842148337920888,0.772150730636006,0.8209205999594164,153.38229370117188,52.924217224121094,-2.609464406967163
0.5636280831036611,0.7546870957480463,0.6984713533677563,0.976497967861508,0.0423257524887234,0.8175694227576535,0.6368201430743443,145.97906494140625,91.02181243896484,-0.5292556285858154
0.9841874734002874,0.5646170055584812,0.9527023324535784,0.7356555811360085,0.9775403112245278,0.8913483013071954,0.5948986819435126,135.84429931640625,34.39177703857422,-0.4051898419857025
0.8769450454422536,0.6874102677957687,0.9430881958141204,0.964430049610381,0.5880838967039349,0.7119940423665786,0.7704540107885027,154.31324768066406,-18.42803955078125,-2.306781768798828
0.5656116264757044,0.4642592315790431,0.988543455034397,0.7143644221951883,0.2551592966979043,0.718238235833643,0.5001152713340725,147.92945861816406,81.63507843017578,2.6871747970581055
0.6962932657997705,0.6906606703104994,0.9031155282438768,0.7614027839492901,0.1372933437767771,0.6663873400739491,0.6440343249743148,150.71011352539062,56.05668258666992,2.373439311981201
0.7938134954269984,0.5898856611293095,0.9970362047024066,0.9536452869858768,0.5464993458629528,0.8968252735115905,0.3616958282905071,155.9216766357422,80.60076141357422,2.808824062347412
0.4840922177286033,0.6265636895807781,0.8717593822352538,0.7971399463114395,0.8858813111982485,0.5802062479269297,0.9924369772285716,124.10498046875,-35.90103530883789,-3.9685726165771484
0.4836588373774257,0.8686144930882935,0.9966700940912152,0.7682870503526197,0.2414402639790273,0.639620145901492,0.4654866378281223,141.05569458007812,59.66716766357422,1.356525182723999
0.7800188206407748,0.9964451975351584,0.5492408412943329,0.7084464731664681,0.5656528745001355,0.819097154529849,0.7244083824440001,141.77969360351562,-15.202237129211426,-2.420898199081421
0.6874546766006426,0.5659758040996882,0.8549181956155365,0.8507514519063633,0.5737764485847908,0.6760902281131163,0.7591718943099381,154.75900268554688,17.976337432861328,-0.8498084545135498
0.6359655207978492,0.4681481931241811,0.857845518275059,0.7925521499568426,0.8354536021523701,0.782836978276945,0.4807038354404283,156.36378479003906,98.57183074951172,1.9432109594345093
0.7896624901294418,0.6858285219652116,0.7301348981709506,0.7680964843122885,0.2254239392371606,0.7151850600092351,0.9971589340304204,151.7440185546875,3.120605230331421,3.0248987674713135
0.6031277041597302,0.9643393455678716,0.5039088652034265,0.8332758296082898,0.8992934231816212,0.9720617482648504,0.8091275492199976,129.47607421875,111.8730239868164,-18.04494857788086
0.8958860049260895,0.3869194093574785,0.6779993598024634,0.9447115647828428,0.1322137744471467,0.5836721388861174,0.9085612257618904,129.62265014648438,24.727766036987305,5.355047225952148
0.6969916152963211,0.4688408656861508,0.9884606475019078,0.7986166197584097,0.6455126495840086,0.6649152076687717,0.983923329461006,145.9456329345703,4.236135959625244,-0.005033283960074186
0.8022938127012158,0.9075265703124656,0.9304102191584488,0.7374438730679518,0.3951928979428574,0.8715232120683161,0.8033014173130886,146.85890197753906,28.005111694335938,-1.1247552633285522
0.6270299587804014,0.4508132980787631,0.9350333904806388,0.9605628162357588,0.079775096300669,0.8166940669825852,0.3307423514912951,149.8175506591797,75.5423812866211,4.611510276794434
0.6555628643755467,0.8607652192234199,0.6865899947113598,0.9071894250087784,0.6295713180759077,0.7859068715127207,0.7346456380062685,145.45648193359375,23.239301681518555,-5.155397415161133
0.7729591560917304,0.4578304701037129,0.7385666426987983,0.8338860064908573,0.1135004604129512,0.5862478991202761,0.91651612022469,141.31666564941406,44.95614242553711,5.241888523101807
0.5559112478150388,0.9746145833420748,0.5294901569578188,0.9062101727700024,0.4911453804472286,0.9458112188606153,0.4032321012947877,171.04383850097656,136.4140167236328,-10.193510055541992
0.9923862006155842,0.5154810977449907,0.5202968883315982,0.8615310868203317,0.0840335084554153,0.6316196504440249,0.8197194690625434,127.85375213623047,29.076820373535156,5.024581432342529
0.46618974466219,0.9404017266272464,0.778326833104408,0.8562665464597794,0.9263485635604332,0.9483430889574528,0.9545616260975732,103.05400848388672,103.13954162597656,-18.51127052307129
0.4935422588910662,0.6708598521576183,0.9268431726991848,0.7009806982807164,0.7106731183135925,0.7241487125733427,0.9730187737975878,136.17002868652344,17.335233688354492,-7.050772666931152
0.7571496254683462,0.5746714166950341,0.9516032882619904,0.94777812405045,0.075136907309348,0.6032845780355979,0.5147329810889485,153.83831787109375,76.97401428222656,3.201164484024048
0.6349224854756812,0.7713118551516824,0.8557318236339153,0.8248241073163769,0.5299758656164071,0.8445643493450768,0.491229780479517,155.73728942871094,83.82806396484375,-2.0839290618896484
0.6258128446517754,0.6383548462609967,0.5930451935360389,0.896202195981391,0.6246112654207985,0.9919150183096156,0.6048296142024705,168.13323974609375,171.3489990234375,-11.662239074707031
0.8988410548023236,0.5479087245265004,0.7015736813409407,0.9724330615948522,0.0790935437354293,0.6751790951527036,0.960296215328852,134.9135284423828,27.795320510864258,4.393855571746826
0.6507020551631846,0.7443258790540614,0.941392323981168,0.8506501755398187,0.7429948290267435,0.945703670807756,0.3208844009770783,147.12246704101562,133.52749633789062,-0.3733089566230774
0.6009734741124918,0.5718064209722751,0.7402515336749527,0.7240523216566488,0.3566682656105439,0.7554237410521751,0.9545389077749136,158.9907684326172,36.322898864746094,-3.154416084289551
0.5603997298871015,0.7479987986606325,0.569135216771287,0.8801775831124001,0.7465449827177439,0.7035382002700219,0.5262171124197224,153.3621063232422,56.48545455932617,-3.5818369388580322
0.4360534818078716,0.6127790280578882,0.5168819756482738,0.7273424031455725,0.5443538216525654,0.8515409915781751,0.3727233052456655,173.7788543701172,149.1117706298828,-8.648222923278809
0.523404862711858,0.4946416241911098,0.6738493688979954,0.9520498722559144,0.129141162465921,0.6021335440148522,0.8436376777791801,135.38694763183594,60.3267707824707,3.4218199253082275
0.8310153095585893,0.9499981370603244,0.5253326378289136,0.8465818149982401,0.5989119755888488,0.9825074686622808,0.6820298604843911,137.6891632080078,78.35389709472656,-6.559273719787598
0.6540741088440998,0.6800522612411372,0.7098256495547757,0.770871405878416,0.9685358217573994,0.7197623795257005,0.3843312616469371,141.38934326171875,83.84693145751953,1.1329060792922974
0.7727226975033794,0.6044243610803817,0.7182175660890942,0.8968549733624985,0.5166073988244984,0.8708045817802081,0.6393891991774507,158.40943908691406,63.74301528930664,-3.7962517738342285
0.6593875871508728,0.6962934166508823,0.5984193767734182,0.9243410039522476,0.9349060906495597,0.7607854771609708,0.9661473033282711,128.0619659423828,-40.48223876953125,-8.658895492553711
0.986558873716255,0.7498892601326843,0.8133013205881527,0.7990662520738361,0.0598383322414748,0.9504691923198808,0.9102972527234032,138.94967651367188,48.46432113647461,2.5719149112701416
0.6754340374038591,0.8876251003450095,0.563157115065115,0.919932157033762,0.1442309308024036,0.5915300665926689,0.992396728819082,146.48211669921875,10.917739868164062,3.9691965579986572
0.6321500404657989,0.350795949494233,0.5752141587093029,0.8233289969591655,0.1714499302591073,0.772222137713072,0.8585840923967244,141.36834716796875,77.04794311523438,2.152987241744995
0.6861706002068667,0.6605320155705263,0.5989953779057728,0.8098425924000032,0.1531056319665361,0.9056038873434408,0.4270825674932417,158.50408935546875,96.12629699707031,-2.367063045501709
0.930979480239841,0.530991204981719,0.5762277863468074,0.8858366159571771,0.3362704271877372,0.9901781327672092,0.4009682449799489,155.744873046875,109.9901351928711,-2.722930431365967
0.9894585323061236,0.5705782430583304,0.6994066367943228,0.83586084743895,0.2379977131143489,0.9315326369865128,0.5718065019669752,144.78799438476562,61.47382354736328,1.1071277856826782
0.8827219651403027,0.6608028455138751,0.5063273500549541,0.7441580952609927,0.100776978893945,0.6261609149916821,0.3874596340340361,121.08466339111328,53.50428771972656,2.9729902744293213
0.6852732679434366,0.9441316041874972,0.823032528288483,0.9672366042933962,0.2338516914132877,0.7684145527169387,0.7686055462745932,146.0032958984375,32.4130744934082,-0.10376746207475662
0.6667286690423326,0.7100511536360874,0.7324521275077472,0.6980106169083815,0.6932767745578797,0.667267916103834,0.9363360770147308,150.57875061035156,-30.630935668945312,-3.4430434703826904
0.7562706344815746,0.8975926351820342,0.9862473221714408,0.7221979479126792,0.6483426585159295,0.6867294597688,0.7669511378754916,138.7012939453125,-16.77086639404297,-2.846447467803955
0.6586894051621993,0.4424945036821731,0.6097029541280865,0.8633714252915254,0.3122923542038671,0.9049989122302388,0.4107331394380035,169.94110107421875,118.42235565185547,-2.9974727630615234
0.6650836640445038,0.9095014309795424,0.8480203104510884,0.8155858814753981,0.1136280732817254,0.5908992714026585,0.6133953811626598,151.6325225830078,52.700355529785156,1.2833001613616943
0.7529574984995009,0.723629567743274,0.9705678067857324,0.8864476596390132,0.0011860045698913,0.6136153180498684,0.5987180286590523,147.45230102539062,69.74493408203125,1.5252095460891724
0.6417975679122383,0.5253027027394783,0.5544265533576748,0.9696077830808014,0.6756825500093435,0.8354568907820741,0.6677835425822791,159.3297882080078,99.50823211669922,-8.392374038696289
0.6641373520193363,0.8235056846965574,0.6546661040059738,0.7755790252619387,0.9278765431573496,0.9509297162630476,0.9766251259182812,122.94219970703125,63.90672302246094,-16.522056579589844
0.7347162670189293,0.8780517190951194,0.5676095338466602,0.9669168674277212,0.1504099383796193,0.785909646495687,0.7774747335113488,148.66136169433594,51.921546936035156,-0.04769269376993179
0.6055144902720909,0.9624076220635172,0.5546845365395292,0.7328302505349653,0.3940470419720891,0.5916324342930631,0.6927046908120917,146.00653076171875,-3.50246524810791,2.111037254333496
0.6343173962568659,0.3827379436182019,0.7652709696987616,0.723264782150927,0.8174636394327852,0.7635957613992034,0.923310089195044,148.0057830810547,5.224191188812256,-3.627511978149414
0.8612079595613984,0.9906025610348222,0.8082466752954993,0.6721994727743493,0.1540986440056242,0.6010912599316558,0.8549156905430151,161.95632934570312,21.60238265991211,-0.033767860382795334
0.7140246867818166,0.4041567923025457,0.6734925233828298,0.8138831684196941,0.99384745712004,0.6966526005216818,0.9030613830982124,138.4105224609375,-15.870158195495605,-2.9859459400177
0.4660307485805486,0.3740843469835999,0.7552936092837677,0.9786183632250428,0.5616620087482356,0.6138731384464473,0.8906898005787736,143.48300170898438,39.18520736694336,-0.18803513050079346
0.630086260379504,0.4895278238620513,0.8961180139373168,0.8234910391442023,0.8126091348714578,0.6997906262022885,0.906194823655858,143.06509399414062,23.05031967163086,-2.1632542610168457
0.5038385242405032,0.5560079113145396,0.7342859145962235,0.727582527612117,0.0596835336774022,0.6034715993840639,0.4382405007572416,139.44305419921875,66.40686798095703,3.786046028137207
0.4703470653422812,0.521024124111205,0.7046356059657259,0.7113220855042243,0.4260551132000438,0.7622740747410688,0.6181721925504959,161.57176208496094,82.8532485961914,-4.63869571685791
0.657058690358442,0.5872858871957697,0.5276605289977436,0.9734088380567326,0.0217872866869697,0.9366962499771174,0.8157237235493651,147.09559631347656,121.43850708007812,-3.302168369293213
0.986505951684202,0.5464095493614007,0.8478653685377296,0.9986128750884464,0.2382095248566222,0.8956473128936017,0.6107291051511976,146.58416748046875,51.29901123046875,1.742872714996338
0.5788225351555003,0.9754292501531944,0.7366639434675205,0.8526794575118103,0.5351113373383484,0.7516831839382416,0.4638240749550181,149.31301879882812,51.559112548828125,-0.746275007724762
0.5796469748497166,0.366204342291579,0.8172827559476651,0.878044756022506,0.8500351686355335,0.8756619478890477,0.451897707436234,163.82339477539062,147.28109741210938,-0.10093136876821518
0.8363067283966952,0.8257190722743033,0.6578503085662264,0.9273478711884922,0.4405280906935362,0.7486343130022584,0.5387563306829485,148.3912811279297,46.830474853515625,-0.8059732913970947
0.4743635760111886,0.3689104859882891,0.7097884463011235,0.6757369902328427,0.8752768131180897,0.6292425589078264,0.7263453577608323,155.05262756347656,59.24571990966797,-2.1129274368286133
0.909646322557104,0.4080504355254939,0.8338677400186602,0.8594459291580613,0.3018528074285701,0.6531219918050132,0.6616613054198055,157.2484588623047,51.50651931762695,2.6297194957733154
0.4445960159723373,0.4327898819126368,0.5722512689056871,0.691881589712471,0.2967734519041783,0.8585098183288151,0.8645696529847353,163.7268524169922,120.2028579711914,-7.320725440979004
0.8041398033845996,0.5614328194392929,0.8875011746003787,0.7456411781754709,0.9264076967876108,0.6052288454231473,0.6569613745779396,150.05075073242188,-7.489725589752197,0.9526094794273376
0.5352039358877546,0.4547904787890068,0.7282084414059021,0.8309024795178948,0.9430206287934694,0.7328460692313407,0.8941608640003417,138.2588653564453,34.60783767700195,-5.925048828125
0.9160903349101812,0.5715129628809016,0.7551366191664652,0.9591526628907416,0.7475537472560365,0.9797042939931832,0.6342609713141469,144.9781494140625,72.0477066040039,-5.351339340209961
0.5146008027844278,0.5964512722848966,0.7296674987043531,0.8842390414890519,0.9099301389898464,0.6471530479422904,0.3587246119884993,152.2107391357422,96.62413024902344,1.083345651626587
0.903904593344143,0.4627125239958241,0.8832956595980146,0.9002200437599377,0.4690109164043217,0.9405693014070629,0.6351208058070946,151.54539489746094,70.01251983642578,0.9958534836769104
0.7073681784107564,0.9370634660675572,0.7288257699202196,0.8011183233561092,0.3634212002596908,0.7997847942889234,0.3321391849643424,152.09304809570312,69.38249969482422,0.21242378652095795
0.7037762394035341,0.8695128795793503,0.6628151771069897,0.6745263402700225,0.2581173899827154,0.8184910902896757,0.314307080309219,153.9654083251953,60.292076110839844,0.5222641229629517
0.7198127347945995,0.7930410974021814,0.905266170939891,0.7985254124779733,0.0579021494010498,0.9417404029324384,0.9734737418195328,140.30859375,102.01117706298828,0.5098926424980164
0.5693381981273133,0.9963550076742196,0.7140401113162882,0.8840823345465852,0.4308018873191601,0.5812694516162613,0.4523792885955633,149.00355529785156,32.307003021240234,0.32028037309646606
0.5430584917985297,0.9764335998152148,0.6194006879231243,0.7991751738173473,0.0932040635785213,0.8383131626816883,0.9801161196219318,158.8252716064453,77.16767120361328,-1.2217813730239868
0.6907040284405104,0.9145269870298212,0.5351295545649927,0.8260508036146439,0.4889379745147659,0.8710097857104255,0.4831975258006423,157.8438720703125,81.707763671875,-5.394898891448975
0.7239481978271498,0.956426804125908,0.7204140251818281,0.921175095475113,0.7789088958293792,0.7175824876837658,0.7253690265546754,135.33071899414062,-38.398006439208984,-3.925295829772949
0.7329545138362836,0.6745459730629666,0.8685628544627817,0.7087005968944002,0.5832538707672873,0.616173903732444,0.6304414594566079,164.56527709960938,32.22260284423828,-1.156173586845398
0.4946806064049027,0.9527378556858545,0.7368369282613787,0.96302398831013,0.7297873011210838,0.7269181808400502,0.8621839064932176,133.1041717529297,-18.720787048339844,-7.161094665527344
0.5807627935590378,0.7114916766186878,0.7362057667036421,0.7576327769625314,0.586857873511281,0.8758188035289025,0.9648275611736766,151.54129028320312,77.79119110107422,-8.961133003234863
0.7160527289861557,0.5295729547782762,0.6220971813883097,0.975157748572724,0.6333048081796907,0.6227194023310894,0.6567826878450844,150.30934143066406,25.031225204467773,-0.6372833251953125
0.9271404544208426,0.6760907235921063,0.5815392548372267,0.853434169119935,0.5908492314390752,0.6862026751480492,0.576681147822278,142.54432678222656,11.530795097351074,-0.10040893405675888
0.820682313990561,0.9892051028333934,0.6415735117174965,0.7781213982167074,0.4953831766517322,0.7820685072236108,0.979972134635477,151.36676025390625,-30.82200050354004,-2.6216092109680176
0.614224035995476,0.9938575304846862,0.925968526498893,0.9025368107308808,0.6132595884238359,0.7961811039016391,0.810388184939913,123.0495834350586,15.450723648071289,-3.119039535522461
0.4868055482468194,0.5654437198593987,0.529909234445383,0.9275451990141969,0.591712228588108,0.9884639926487172,0.9920019125356602,162.25,165.72142028808594,-20.280277252197266
0.4450452509766638,0.4496743984105896,0.6978944840837046,0.7204578075910373,0.1753833275671374,0.6184112893719432,0.8175220258777337,148.64877319335938,53.75115966796875,2.2097718715667725
0.4407952920776796,0.7076973490533217,0.8967763837936494,0.8676470614727589,0.7863572576611629,0.8050919011982298,0.6911404155421077,138.94894409179688,80.1735610961914,-5.550045967102051
0.4583742638663487,0.8925494655567485,0.5527862162237345,0.9022431683984152,0.7598605431967334,0.6034076362536654,0.9139504540776162,135.6056671142578,-45.96162414550781,-6.573611259460449
0.4788913319504457,0.4767580182645,0.6740207113445409,0.6734174579575772,0.4641540410291283,0.9572955622797032,0.6589819053135256,169.8109893798828,163.1676788330078,-10.790420532226562
0.4768244135040997,0.8627567203058271,0.962641002388877,0.9233552363370264,0.628057259541898,0.9554368015962128,0.9891602385102796,109.40857696533203,80.13902282714844,-10.76443862915039
0.444143312475708,0.8360088072495211,0.5236470202937586,0.7106569603558591,0.9645084261581264,0.5775043611543998,0.3571329522542095,128.49285888671875,53.69938278198242,0.8826228380203247
0.9486176540131556,0.4546209546276449,0.6879679033173206,0.9550775443197026,0.7934342444251747,0.95777220192092,0.9359509516809176,133.51405334472656,15.864821434020996,-7.259749889373779
0.8293825925369506,0.6655500902545344,0.8716541303083521,0.7684352936036372,0.6563713722638383,0.7618267617184691,0.7806202146937837,150.2277069091797,-5.367292881011963,-2.048060655593872
0.7614867837371638,0.7244960129567262,0.7675535862898304,0.6788965251815535,0.767132662898378,0.9312780874146248,0.6859276369356251,145.0520782470703,90.60140991210938,-6.5247578620910645
0.8030607185754078,0.4771057434858566,0.8441141186461601,0.6806793524665747,0.6796376851330326,0.6914386212020761,0.4419521518039758,162.866943359375,84.25601959228516,3.2037081718444824
0.9695258359128162,0.7410081919994508,0.9374724210327204,0.8354861030367167,0.5208416798606436,0.6663727374026471,0.444542088679619,165.95294189453125,55.27915954589844,-1.7007848024368286
0.6546530916975073,0.8572363075939018,0.7355082425657271,0.9067195576742592,0.709160785952364,0.934001622879192,0.565160457872636,146.36305236816406,107.2283935546875,-6.461895942687988
0.8764092560778993,0.9760912143428268,0.956854523690884,0.8086692937616661,0.4292692904570819,0.7832386291159497,0.3771501095295658,150.17800903320312,61.91082763671875,0.21287724375724792
0.9129805190783814,0.5456179741735477,0.6366671157272294,0.7319147392058624,0.1879536369579106,0.7400789250787021,0.8476882838054863,143.29144287109375,17.706146240234375,2.9560799598693848
0.784645262258248,0.9681591221225624,0.7641831158029267,0.906064866507872,0.3768415682649266,0.665507512445476,0.8374437882237225,150.2605743408203,-3.5685904026031494,0.3451312184333801
0.7809309173709029,0.6159737211138212,0.6300354478120047,0.9248009484419032,0.7930172758737104,0.7095446111106223,0.7417422635795399,146.0951385498047,-17.752849578857422,-3.0189642906188965
0.6139243913709934,0.6709680306492634,0.8214257210199238,0.7793730148679441,0.0845857682283645,0.8192699245698076,0.93679389825166,141.98236083984375,84.49530792236328,1.7557742595672607
0.8912776874621832,0.9312593688743784,0.5849765232890834,0.8032189175716284,0.8453851160643097,0.594359402867178,0.3277358701158889,113.53727722167969,18.538908004760742,1.9927393198013306
0.7182683336625258,0.765298481164403,0.7337690920591691,0.8786580426684594,0.9913171435842774,0.8904881377737011,0.3554051042740242,141.1927947998047,120.46172332763672,-2.433929204940796
0.7911409342757161,0.6619099235791417,0.7770147985315621,0.935714841506042,0.5041088921702305,0.9361051096911666,0.3341976732207947,165.38978576660156,109.88359832763672,-2.4166066646575928
0.49745963981474,0.7686033770820863,0.9669856785241692,0.7335265096483231,0.7682638792619383,0.705704758592045,0.7689856595640064,133.6613006591797,16.156797409057617,-3.430232286453247
0.467571019414192,0.5333583088570273,0.5515816820015987,0.9476781853531996,0.9348752915747784,0.7124297353946281,0.8007086080039043,147.15740966796875,38.808162689208984,-9.765737533569336
0.7905425151160312,0.9542891311423192,0.7840550627027787,0.8776316268925083,0.8368601006862889,0.5896875756233235,0.3226383314550643,126.08084106445312,28.97381591796875,2.0804216861724854
0.797466385703596,0.5915085400462183,0.6464601768671033,0.716863827700701,0.1208855026435292,0.9705514031762916,0.9319081598207972,149.39112854003906,68.27769470214844,1.0254734754562378
0.5838816644156817,0.7758549754169843,0.8547393124662549,0.8371962206419974,0.9308504476613292,0.6733411250930561,0.4055595061078483,135.4656982421875,63.2280387878418,2.005951404571533
0.7589906308916152,0.8088828191580475,0.6028532263980183,0.6911987886932826,0.2018217418597031,0.7851144834141126,0.5560689780415028,149.0347137451172,28.78853988647461,0.8807862997055054
0.5109795194948527,0.5633438861547255,0.6152690978946624,0.8165941254535236,0.6232995933931696,0.7544264961152884,0.7818213117416936,160.3330841064453,53.379356384277344,-6.652769088745117
0.4927999574261153,0.5365823660877214,0.7883338393747721,0.8518207533597324,0.2710855059068762,0.6851527325629065,0.3173322942510767,156.67066955566406,85.12093353271484,2.44411039352417
0.6880973448121114,0.9574680913801876,0.9775556281832282,0.9783671757543696,0.7614448983154067,0.7500371630497233,0.4909834971110256,130.71299743652344,18.124792098999023,0.7496681213378906
0.6840758860091023,0.6141649588449046,0.943298101232062,0.8886314661189572,0.4685936929925394,0.6903169295765956,0.3653665116634209,164.5903778076172,68.64177703857422,3.076270341873169
0.81423423703104,0.4519210683481631,0.8455618259761309,0.76483537266564,0.9048289244468574,0.983734824565388,0.569465452046334,146.67193603515625,106.43260955810547,-0.0014476112555712461
0.9904074445485064,0.9665594535998072,0.9978535130758904,0.8560497380407744,0.1000453252594351,0.8196603580869996,0.6746641931749389,141.5675048828125,66.44168853759766,0.6692944765090942
0.9106379454105116,0.427337996072153,0.5382523881770835,0.986089504677418,0.3905669025531401,0.8218225106740604,0.9910617121708796,132.66188049316406,6.9104084968566895,-0.3480285406112671
0.7508463833745661,0.51751846475138,0.624713298095,0.9766689785063292,0.9839192639951406,0.6011908534588396,0.6360582131565129,145.08522033691406,-8.470708847045898,-0.8895963430404663
0.9442854932580756,0.4040493281869969,0.7366497725260663,0.9490967242079428,0.6933153009848804,0.6052758494457106,0.7653398971405958,153.44052124023438,-18.057144165039062,-0.406911700963974
0.8123549870962005,0.964689894046664,0.9535780434917194,0.6790057770007231,0.041222437948714,0.7328842803172699,0.9436598387294558,153.3909912109375,46.03855895996094,2.0783066749572754
0.9419362887823636,0.5200453462605035,0.5591953011392792,0.732516088835423,0.119936261378731,0.576966807606384,0.9368153603625524,134.2014923095703,-3.757608652114868,6.078324794769287
0.650664126375103,0.9137336176268306,0.5637212445413416,0.9421729306867874,0.3259301197354383,0.9311991589666896,0.4004007263460726,167.7338409423828,115.620849609375,-6.380095481872559
0.5488321132668816,0.8490384745935411,0.9496914448416632,0.8135006686806441,0.4854863733060234,0.8414558724995636,0.9812570111625551,127.57327270507812,51.70454406738281,-5.82046365737915
0.6652068055813758,0.4767246100753991,0.963623461543964,0.7259407216858719,0.8889448797863174,0.97036319876523,0.866092825817911,124.32621765136719,99.22818756103516,-5.3484272956848145
0.8258581044950899,0.6024285568938754,0.6886288892571516,0.7250794618150267,0.2723867887150785,0.7655922697870913,0.7694824594789162,154.1087646484375,25.19608497619629,0.7554745674133301
0.8853358293228315,0.8285032177523586,0.5253523010640877,0.8875938462336094,0.9038549259788132,0.9626011260540472,0.6490154624929736,122.48109436035156,65.42559051513672,-8.420454978942871
0.8251690031307691,0.6624779815460888,0.5159531972479339,0.717050550305353,0.5665246630096382,0.9771608949454104,0.8678129713634521,157.04307556152344,50.03691482543945,-7.435897350311279
0.6497511501672502,0.4914084599307284,0.8780298128972118,0.7928598922940121,0.8582539834626753,0.8238773958487274,0.3489832159804149,161.629638671875,137.45733642578125,2.973196506500244
0.658253208802911,0.4061859327665627,0.5776012509683232,0.8614094192360117,0.2292300205274053,0.6112345290931656,0.5841198859227918,142.4089813232422,69.91569519042969,2.597602605819702
0.5418382609731157,0.4206747048180785,0.7732037666135783,0.9189695264991204,0.8543174512738125,0.925431030870978,0.3992774237092661,168.26231384277344,171.306396484375,-5.467919826507568
0.782479815608628,0.9898850012782836,0.949925019707322,0.6821639123564921,0.0748469891085603,0.6019585490515591,0.8158995848833408,157.52330017089844,46.54582214355469,0.19865496456623077
0.7878153032373756,0.6402082843566037,0.7782460396142836,0.9485441572294542,0.7810572227342807,0.852528365846189,0.7515907463985345,141.09986877441406,21.799083709716797,-5.76140832901001
0.6301575924983579,0.361579063047183,0.6589144867749983,0.8011810965198921,0.125685677531826,0.7676378752593245,0.98177294246198,139.0302734375,66.24332427978516,3.563936233520508
0.8548857952602533,0.6179050529356802,0.6768336387505921,0.9094521123041396,0.5240357932065716,0.62351354061928,0.320243210626056,152.9441680908203,64.26055908203125,1.697875738143921
0.4407167311766677,0.4169302484678099,0.5713614322130388,0.8509954427630979,0.3946727589471223,0.7004599357854557,0.5285235205465955,158.77915954589844,98.66905975341797,-1.9528238773345947
0.7734218937069792,0.9804290135603408,0.6277932757596995,0.8634658866516659,0.433652188189132,0.8174487206903477,0.6273318937718707,148.41937255859375,35.83418655395508,-2.582341432571411
0.7444389702189004,0.8156296207038218,0.7943977413131482,0.7168203770555291,0.0470627428662183,0.7043939265181547,0.9843094796367904,154.45489501953125,30.463207244873047,2.1007614135742188
0.7791477320372263,0.4341191209347962,0.9197617416630764,0.9177262244420952,0.746469009092862,0.5889444004961721,0.3907964892528167,170.15365600585938,73.3601303100586,5.02277135848999
0.7318440215797415,0.5549864445377716,0.856213322042841,0.8558041049199112,0.5315562983980906,0.7437451672356012,0.5918784277380952,157.83595275878906,54.814048767089844,0.889755129814148
0.5397840507149122,0.7712173564175209,0.5543092750887469,0.9345477241451164,0.1046320014787494,0.821126199193709,0.6295924911899062,153.4164276123047,88.78421020507812,-3.0368685722351074
0.5798082353918849,0.8009323928478167,0.5264986099381253,0.9656523397633224,0.3590882416732562,0.7380888475544171,0.4418506213177626,159.83523559570312,61.744407653808594,-4.851344108581543
0.7458872025507299,0.4606576204550155,0.9975966780092216,0.80149606720323,0.3688767286406199,0.8586779336475748,0.7970192063227614,141.59646606445312,57.69139099121094,2.614835023880005
0.933356454234022,0.9916247988493208,0.7142942232345638,0.8685411580512566,0.2041898257537967,0.9539352462865964,0.3956635547742594,143.8765106201172,70.11070251464844,0.8764781355857849
0.4539164592830227,0.9200458077392272,0.5429808309377752,0.6675481141621159,0.2100200950023604,0.6646160375427557,0.5318544901393527,149.37384033203125,32.274452209472656,0.5577545166015625
0.939732131236749,0.3773886906520527,0.5587900798107552,0.8219968042270125,0.4300869362085736,0.6763607358423969,0.3979184935198763,138.93316650390625,57.58376693725586,2.3005974292755127
0.4542668585048103,0.6160303604885099,0.8007261141854324,0.9066541567176224,0.6790629947743054,0.7113061154827426,0.3530679431502144,157.7529296875,94.69825744628906,0.39275386929512024
0.6525237333229119,0.7373795666606315,0.543849592135705,0.889491717405501,0.6412127350831881,0.6433850195061439,0.3169745884237991,151.05416870117188,67.27725219726562,-1.091869831085205
0.433539369558497,0.9713462274674676,0.7591027269135369,0.7648328836200848,0.2452174341756369,0.9461625632628694,0.5721240920303087,161.73631286621094,123.02379608154297,-6.233867645263672
0.7378074562319402,0.934225880112042,0.5499828648637103,0.7667020194015217,0.3532566286178647,0.6027643248117276,0.6934294246705263,143.75743103027344,-5.42681884765625,2.7882471084594727
0.9183940786383274,0.7281305626932488,0.9971782850576132,0.7885986072848027,0.9625644770033004,0.875798315728488,0.862146445589811,109.65826416015625,-42.59406661987305,-5.936906814575195
0.4665424275269205,0.4622879010365937,0.910464880765649,0.8322699346006412,0.8165429275602305,0.9389920667311856,0.523489658023025,150.63311767578125,166.24234008789062,-4.954281330108643
0.5933970167500897,0.8083229438313924,0.935634230478782,0.9399798731818628,0.867658077438201,0.837919118885236,0.826806517939749,112.45781707763672,34.8405647277832,-6.749261856079102
0.6987579170373264,0.7532265588395246,0.9498554445484868,0.7250426775802598,0.250810813534762,0.8924452345235709,0.8520260322300648,147.18499755859375,66.14129638671875,-1.7814815044403076
0.9054370800862432,0.7234612271634389,0.694463209706216,0.7435403785292185,0.8787303525632171,0.7203314872129887,0.794649401280517,134.98257446289062,-69.78993225097656,-1.8652349710464478
0.6661363433752043,0.7808673038622298,0.6031778464998304,0.9983644139368276,0.7223546879430812,0.8284033536309046,0.9327737047196744,144.09434509277344,40.9040641784668,-9.583581924438477
0.8837231976190412,0.4091047081647259,0.9040372944781048,0.6858549707103969,0.8299114826470978,0.7548068984892192,0.9709055761972928,149.539306640625,-24.464948654174805,-1.7262442111968994
0.4453293981188917,0.6483703434288784,0.8078097324987408,0.7607036588567575,0.3918058095752614,0.7242110752031312,0.9411113935991312,150.04934692382812,48.987083435058594,-4.9124579429626465
0.9026004760713804,0.7849976983033555,0.5022253862426758,0.8026062115996018,0.847616319304777,0.6529533871223987,0.4595358311291128,116.5521240234375,10.712427139282227,1.0693385601043701
0.8764677189644459,0.9659228831047524,0.6764768688054867,0.8857739618479561,0.1229982293037117,0.6824467580831968,0.934009471428989,150.6766357421875,16.855140686035156,3.342535972595215
0.7718133107705362,0.8691963791625876,0.8867302036771636,0.8964778887058097,0.6289295634027248,0.6662010425876829,0.7686107708345153,140.93740844726562,-29.180423736572266,-2.5631673336029053
0.7887422298540585,0.8743903372853183,0.8208842187965444,0.75821897959954,0.5369406571575891,0.5948417171506544,0.8241626421013655,153.59986877441406,-28.841259002685547,-0.43165406584739685
0.6650384236843623,0.4254822605861909,0.9998847364977436,0.8182008118218692,0.6551835158245819,0.7254550895285615,0.6813290430491912,152.82241821289062,45.402565002441406,3.076958656311035
0.4939935201795206,0.3791425701925768,0.5728242605634386,0.9774964009773356,0.7642864212724653,0.9043502755970833,0.9553409216791332,151.20550537109375,153.90536499023438,-16.2268009185791
0.8473119294775424,0.8108347034000976,0.6219407747010517,0.7297069829530787,0.9305173575002018,0.7520476889349553,0.3930439502946494,127.15455627441406,46.7506103515625,0.019871996715664864
0.4447761133593791,0.4982208439744582,0.6364432394289052,0.763728116252357,0.0512249690180305,0.6784545074989945,0.859648730966792,139.0634307861328,70.128662109375,4.628139019012451
0.9544331741306846,0.8301433908439033,0.9575875724647428,0.7655866826287295,0.950067357153932,0.995202518935786,0.8924513522931024,99.69058990478516,-12.06715202331543,-7.929454326629639
0.9357262194973917,0.8842076543099155,0.7089610041527815,0.9880044174595118,0.3988018132933084,0.6324138301053668,0.4683101433492258,144.6748809814453,30.501089096069336,-1.0004093647003174
0.8955898326452613,0.8591770522218043,0.8288229171392285,0.8571035694228525,0.9484988814236488,0.8749574280975561,0.4560446807160513,122.39258575439453,56.551021575927734,-0.2830389142036438
0.9799996935712526,0.7195718543030484,0.6687508003641314,0.9316386740137912,0.8661742010544456,0.6142278780806433,0.5597907915905211,134.97413635253906,-26.50401496887207,-0.4890754520893097
0.5528947277446372,0.5057957025294607,0.8708427070656612,0.9965941704227104,0.1162450638691336,0.7355227315955513,0.5108859942159049,144.00868225097656,74.6075668334961,2.2644288539886475
0.4748162313545606,0.979885296742694,0.7087186420677689,0.6826107785461835,0.3197511905525282,0.7086187957738114,0.5560104435203291,149.4179229736328,37.754974365234375,-0.9191860556602478
0.5465152856753561,0.8082682953778071,0.5580086976734745,0.9323704224689258,0.7811795198545151,0.6120233855089857,0.5381553351550691,145.91299438476562,18.126218795776367,-2.891972303390503
0.8141162554570549,0.6940994354175347,0.9423537856713718,0.6735459285279943,0.6803903585835513,0.8537041378262115,0.8771071960247425,137.19960021972656,13.99774169921875,-5.135302543640137
0.9584271034433486,0.7081025779691598,0.7414247067916323,0.8445671990327098,0.0162594874318587,0.7794722973418726,0.8768134782995767,141.01629638671875,44.555294036865234,4.594449043273926
0.8287633288467254,0.4743833974029952,0.9292854033627944,0.9772819387654104,0.6238302425498831,0.945784120396108,0.3997205878194941,164.2270965576172,102.17792510986328,2.6220390796661377
0.9864424965131976,0.6858343001578544,0.5387574706744774,0.9028093833328124,0.4141355969370963,0.7621818281711791,0.8517817729138358,143.2461395263672,-6.931214332580566,0.29857760667800903
0.7811762684444448,0.5367271933840629,0.9467464228811182,0.9083391802803772,0.665804081647735,0.7594305755035982,0.4048658248086864,163.13780212402344,74.8663558959961,3.7892954349517822
0.8915957542571387,0.6096133894853819,0.5052783181833814,0.702935820171891,0.6995970953093396,0.7673424526803383,0.4923898073376623,144.32542419433594,47.43465042114258,-0.5651382803916931
0.9751583018911258,0.6639034595438496,0.7811873597706618,0.9178283517451884,0.2042958406387223,0.9867604326933832,0.554671837952956,148.3118438720703,88.12064361572266,0.2652633488178253
0.8864822459988843,0.5549280279138202,0.576078668588181,0.827900645139124,0.917139944282598,0.8893598576214748,0.5147785660530996,141.79615783691406,80.58787536621094,-4.079525470733643
0.7879971741502244,0.9062615755246374,0.7787004641300038,0.961337436047644,0.0805907919620123,0.679335390818117,0.5322617280248616,148.72830200195312,61.190914154052734,2.0554583072662354
0.7905506759814509,0.9623066669486648,0.9057478516122676,0.9123478277285496,0.7489069336838379,0.8196883761109464,0.8935742977162159,114.56432342529297,-42.06584167480469,-5.012580394744873
0.5452076861921151,0.4472993490269263,0.5842308100497225,0.7906592669741658,0.2890012308123892,0.5746868653275828,0.9773376898099926,145.557861328125,24.621919631958008,0.8423625230789185
0.5761883541064281,0.6598179438480201,0.877297161783548,0.8503761232250974,0.2220969415995646,0.8659014621003407,0.5422210949160587,151.80580139160156,87.45338439941406,-0.279281347990036
0.7413503325387838,0.7280828386635012,0.542137924137873,0.9740605552762578,0.7810653634910832,0.8775502718696262,0.82561393043198,145.2324981689453,39.93544006347656,-10.937987327575684
0.6795249153313891,0.5757316617182768,0.6284539920104439,0.8182482143655033,0.4483277727980165,0.9360480603908156,0.5138914841006232,166.15721130371094,122.00665283203125,-6.301376819610596
0.5313490602672462,0.7393118620698018,0.5218242982848712,0.9385535073357368,0.3294382344726004,0.8076773023789691,0.4870853057963814,167.38278198242188,95.38240051269531,-6.268434047698975
0.7142818292298179,0.7453088538008523,0.9157061383775452,0.9335899612188908,0.3548487668059942,0.6476536045431978,0.8555733720614068,148.57931518554688,3.1938724517822266,-0.832057535648346
0.6833797708129923,0.4854868063478197,0.6716261246550835,0.9769308174047244,0.8580077735683723,0.7373676149330332,0.8938161529762194,142.2250213623047,4.4509735107421875,-5.6988844871521
0.7642921732710779,0.4924317038378218,0.8509440429213999,0.8045422340775219,0.4371638041546128,0.9874954462743992,0.6633481086533362,149.31170654296875,111.70301055908203,0.2514932453632355
0.5570185769197372,0.8850151932018823,0.5827647015724912,0.9729097098748676,0.6115468596416141,0.8556347673783824,0.9603752645257088,149.3416290283203,64.89641571044922,-12.561119079589844
0.7814985692493355,0.9135089333573136,0.7068244221710338,0.6982266361800212,0.4703308376285953,0.6464027039369729,0.7250482235485292,154.56967163085938,-10.789506912231445,-0.4362699091434479
0.8107104017108405,0.4142400907744906,0.6830799738318267,0.8657910675212105,0.5688253562938524,0.6367592057046206,0.7348558361733819,154.68341064453125,11.767796516418457,1.571473479270935
0.7015711278608661,0.6652193966891868,0.7957898405375496,0.7408179924121219,0.551961605745346,0.9467495129778828,0.418160120414776,165.25845336914062,125.6928939819336,-3.928011655807495
0.591111602511313,0.6770905511103091,0.5906939702134111,0.8998679966496717,0.1017958846525134,0.9803443810328014,0.7169984658292171,161.26585388183594,132.94215393066406,-5.233118534088135
0.8259049678620085,0.5919161380886573,0.5250012457886076,0.9952393128454716,0.6019978332854381,0.6746747544323364,0.7678768012245044,143.9936065673828,-16.5695743560791,-2.287958860397339
0.532090893711411,0.6170428829498404,0.9737215031999048,0.9847301728923408,0.0502619994837904,0.9204302477724344,0.3377451097863095,138.77549743652344,87.7497787475586,1.9216080904006958
0.8237685874046803,0.3623596429076239,0.9375905272000136,0.764791024382513,0.7324979596981157,0.7222322698041125,0.513415899683631,162.61647033691406,64.11408996582031,3.7912425994873047
0.9503803357607096,0.5911365124683554,0.9431151025735068,0.8033445830541603,0.4619637636510953,0.9525929383951156,0.3187841830345103,159.73294067382812,92.52447509765625,0.9743937253952026
0.9663935101990516,0.9987309828282646,0.5707537840641272,0.7914173601575426,0.7383045667438861,0.7996600048437352,0.9060107778336388,124.47159576416016,-85.24095153808594,-3.379802942276001
0.8319947736288796,0.6584097962188067,0.8033458533242332,0.9789398977514244,0.1365611734922676,0.8326677275835914,0.9947324154215512,137.30845642089844,50.093345642089844,1.7247545719146729
0.5866368075170871,0.747017659540427,0.6158646530646473,0.8761517892183319,0.2011228844171602,0.954740316546017,0.5948535433222448,162.2252655029297,140.21719360351562,-7.373227119445801
0.5582272392133079,0.5351052365486777,0.7481108330112509,0.7812119180514007,0.2852166885002621,0.7880663862748877,0.9544357328502832,153.80307006835938,62.86021041870117,-3.5045697689056396
0.6021158305175814,0.8608926051694488,0.6501400959266966,0.7956629790069323,0.8391692185091915,0.8167053097225944,0.5837617256507843,139.00961303710938,62.063594818115234,-5.3724045753479
0.9171231865569904,0.8964377880256611,0.5724617872601306,0.9268971815425636,0.2849221877021763,0.6270558508364086,0.5869411139028984,136.0836944580078,12.970202445983887,0.6198626756668091
0.5845438182976013,0.8521267585473115,0.6564890938836683,0.6994662939989525,0.9912760455882696,0.5857730065594702,0.5521727894626711,121.5498275756836,-10.074311256408691,-0.17185136675834656
0.8756507330925917,0.5815815806788123,0.8895636109383905,0.8710490541352021,0.7966699341299389,0.6135187669040781,0.8752927816599793,148.0404052734375,-62.57352066040039,-2.278459072113037
0.858722389567594,0.600433961861127,0.5824323983011043,0.8841991231798944,0.0672313518650191,0.7092865762467376,0.340584814432263,132.6214599609375,74.51567077636719,1.6266580820083618
0.4557210305624826,0.7843439399774494,0.5358019716100981,0.976830279100539,0.3112472507846377,0.8150807060788565,0.609661469817329,165.65634155273438,101.40569305419922,-8.0276517868042
0.745505985576929,0.4979802407504854,0.6609715462650304,0.8446165033146303,0.8291151200478495,0.9910518278640296,0.4637927078904476,163.670166015625,174.6826934814453,-5.409173011779785
0.5413258517391397,0.4162473434497425,0.829976715256115,0.7063789951463796,0.3030239720980702,0.8835218603075329,0.6651949380280382,154.02940368652344,100.45269012451172,-0.6326869130134583
0.532968360753254,0.8567677047101177,0.8780008775549328,0.6721659284341741,0.4229483362776181,0.591552972863226,0.833270763205954,153.023193359375,12.96040153503418,-2.5725417137145996
0.9793139752951022,0.8584553383079182,0.6058593465668869,0.7482754280217822,0.2773814512183633,0.6803895267567057,0.9199963020600056,153.65005493164062,-22.6765079498291,2.9814987182617188
0.8451867149245821,0.983456251430058,0.6780177383137096,0.8537832832383733,0.0474643261691444,0.6772225037883389,0.9461644257259316,147.3689727783203,24.77678108215332,5.076148509979248
0.7599024910570006,0.78519259837825,0.5376296861183721,0.8930269861693346,0.4673681831890563,0.7603002852042271,0.6395790688079748,152.19329833984375,40.28521728515625,-3.371556043624878
0.5566438278347569,0.6487632915941272,0.8497622545170582,0.8394658230879433,0.5980514353771438,0.8318700284945135,0.5682678624893049,158.617919921875,99.04369354248047,-3.5386695861816406
0.6778776815886525,0.4417078688600986,0.7487412984420636,0.925162429727977,0.9879399854994962,0.6479679508544977,0.4552117135138924,153.0625762939453,67.87329864501953,3.427926778793335
0.7315953500750458,0.591547686134242,0.8998750302868451,0.676180445590686,0.203979652861334,0.6871541446137204,0.5586502673126365,154.37307739257812,64.33817291259766,2.209169626235962
0.8432735677597595,0.5270913161548552,0.6155671213540406,0.991649934160638,0.560831610023539,0.6290649386340378,0.4860847162736828,151.9591064453125,39.67543411254883,0.05791148543357849
0.5959357854842572,0.4064587248269594,0.9520714436612157,0.7121916971401029,0.7136090667893795,0.9865839203746732,0.773473077820378,137.4602813720703,136.08815002441406,-4.9875807762146
0.9423912202981368,0.8615049147243838,0.902518598241798,0.9217378746631112,0.0283592303000786,0.785411767171428,0.8066622505625582,144.0787353515625,56.49679946899414,2.061469793319702
0.8916973170456055,0.8733089545246193,0.7126533144828997,0.787919223619908,0.8571506782409619,0.8602323297471028,0.8789045728454994,124.10829162597656,-42.18215560913086,-6.156340599060059
0.6435800692526901,0.7370332475029107,0.918758707930728,0.7427195311523408,0.145716449396131,0.9115681360252688,0.7075723076048352,145.44789123535156,92.4253158569336,-0.8941059708595276
0.650731373222177,0.9216009616539866,0.7709779509256267,0.9504140529982787,0.8684304816909754,0.6796725298270772,0.4460871357229837,126.74388885498047,30.150938034057617,0.07586526870727539
0.4307517386433003,0.7722675655547304,0.8678481583786484,0.9752694411216064,0.8222019061528724,0.8737144943886519,0.6662038404144903,126.39160919189453,100.30323791503906,-9.252305030822754
0.8735607940318221,0.8611158524748677,0.9392109377105098,0.911043098770964,0.2560773801256322,0.889181488999228,0.5724839197844018,148.41493225097656,56.61961364746094,0.7343345284461975
0.9016449229065666,0.7131272330165881,0.6784199511555742,0.7659280042969504,0.517268763133628,0.8835753828592394,0.8642353603370415,146.56459045410156,-0.6961503624916077,-2.237255573272705
0.9745611130368594,0.4525003548792882,0.5835934635885883,0.7466466856091213,0.9133482198754064,0.918536100482546,0.6820293303323514,140.41864013671875,44.415000915527344,-3.269920587539673
0.5041503948374039,0.7120161543762848,0.5629795276126275,0.6892462816245336,0.077749619381788,0.8071785991463489,0.8729548068658534,157.0765838623047,57.71445083618164,-0.6420583128929138
0.664988856775487,0.7477009066422591,0.5294060321146076,0.9316322782802582,0.7900004267151411,0.9445844218806064,0.3701167589711241,164.98159790039062,171.66665649414062,-11.440366744995117
0.6479535266891063,0.3887880136020284,0.5324858517829857,0.8768455177040718,0.8914115753246378,0.5957921669259486,0.898977233446083,137.8121795654297,-20.63775062561035,-3.1978633403778076
0.9091227020867008,0.6830514886410017,0.7729010438073722,0.8703283869210799,0.1537994286767246,0.6001826427684884,0.4610552383817832,147.40455627441406,62.596397399902344,0.3769143223762512
0.7670001595010318,0.4033743332689534,0.5753876412994005,0.7396491409340874,0.2265540730378225,0.575335032831148,0.4986486339294997,135.34002685546875,57.01392364501953,4.334245204925537
0.8858536806976078,0.720382547133214,0.7652377903379408,0.810941129631458,0.2755640882555301,0.8088135784098605,0.6951952949221838,151.0078125,32.950172424316406,0.7477733492851257
0.6112047587767442,0.8939092874871427,0.6317825160762809,0.8319683070448449,0.7337383288526345,0.830420291888617,0.4381277574278509,145.80238342285156,103.20601654052734,-3.6153321266174316
0.6237882510396245,0.9784382146032272,0.7293432190719193,0.896588349727951,0.6595805419376282,0.6360911381243021,0.5567433692020549,138.67950439453125,-2.6709539890289307,-0.6201158761978149
0.6887684672255355,0.9470223325192912,0.5847436125312927,0.8519645571781298,0.516892182708124,0.8003672200969654,0.9509695242185788,146.27041625976562,-0.2626715302467346,-4.145676612854004
0.5053328943090153,0.4472342656647623,0.6003446536099124,0.7517117111399896,0.5134387576465458,0.9972535533285292,0.7029664761970824,174.93580627441406,179.0905303955078,-12.270105361938477
0.746834886814188,0.6466095708645899,0.6991842469222637,0.754909396974394,0.6338600360615886,0.957982659942786,0.9330916194488657,148.5340118408203,77.90325927734375,-8.83261775970459
0.960149107246838,0.4163594972003201,0.7141468848823341,0.8320921366481191,0.7002945133591902,0.9376777697642422,0.4950383220572127,155.83424377441406,90.31114196777344,0.06300976872444153
0.4951951778710939,0.616850360928541,0.7741446802585384,0.8707034087680059,0.2635821729504239,0.5855544404181372,0.6903294148605164,149.371337890625,53.55522155761719,1.3690309524536133
0.7795197389618083,0.5419361185029409,0.9606216910562416,0.7405988456177943,0.2754224645255307,0.7273445573037713,0.4114953877559389,161.8201904296875,77.14128875732422,2.0414745807647705
0.7981238077723427,0.8868447918292515,0.9202608516823498,0.9596219469336924,0.979941736529223,0.6004935180081463,0.6920675345377121,121.07550048828125,-90.47019958496094,-1.87679123878479
0.7378534936045074,0.7431154562764927,0.992306101625597,0.924849385514136,0.2694012397504263,0.7339652837377831,0.8648989199576546,147.36187744140625,30.15869903564453,-0.0017067145090550184
0.6180451186372262,0.5474636270848474,0.5762588391124003,0.7439903967411818,0.2047988379754773,0.5936093096506374,0.3905082433224965,137.49118041992188,53.44466018676758,2.882901430130005
0.8548989700154788,0.3872524593200299,0.9867692966567644,0.7353838834754972,0.7884128583911193,0.6898650361765049,0.4333936598172268,171.6646270751953,102.07184600830078,4.7272515296936035
0.5652731861609241,0.5767050949305594,0.8132485570313281,0.8611446046241531,0.8347113917409114,0.7284084383444711,0.4133447568309344,157.38021850585938,99.61290740966797,2.0915915966033936
0.4622394793300503,0.8342616571032928,0.6636768580414768,0.8870144072027214,0.5663030410525378,0.953126944549175,0.4059625118065848,164.61248779296875,178.35205078125,-10.781427383422852
0.5583501538323389,0.54847288424572,0.6320753465028012,0.8180177341088242,0.3664257655064908,0.9957939559073724,0.4855886133446317,174.4002227783203,166.50601196289062,-8.56771469116211
0.8853645874027603,0.8045949327223572,0.914088307141922,0.9990152935785224,0.5047219380046583,0.9909427480170384,0.7997100162898226,131.40866088867188,45.23486328125,-3.778071165084839
0.6425645208414565,0.8877501957685755,0.9679969114163428,0.9004180821633396,0.4060051390664705,0.8194260764638365,0.7326472484698986,139.43357849121094,47.5289192199707,-0.2263733595609665
0.8041372957503261,0.8160057737269433,0.7278689582459376,0.8751929850503789,0.1274325893841756,0.8952146571895199,0.8041151703557573,151.60987854003906,68.4115219116211,1.3232990503311157
0.7897846952082619,0.5642703502748477,0.8483449760788716,0.9639419841277974,0.2558006519759727,0.7474274002064558,0.5032111118991454,155.45484924316406,57.951019287109375,2.216470956802368
0.4295293348970994,0.9276939309055188,0.5207529692674965,0.9646263884610092,0.0177934167418692,0.6476504548116263,0.4720821923791559,147.28794860839844,53.87910842895508,-0.09613892436027527
0.7847839057825315,0.903727655188878,0.5076410076252114,0.7505188029976376,0.1559759653069003,0.7235153373222303,0.8902119761668809,149.0850830078125,12.03452205657959,4.909817218780518
0.6507539339946218,0.7309900443778021,0.6142036294226023,0.7546838845344768,0.848045691460952,0.6527852871577574,0.9917274156711146,134.95114135742188,-50.47695541381836,-5.54683256149292
0.917312627161486,0.4036673887739536,0.5044704630397996,0.6789451982840178,0.8896324016660565,0.9273738906607644,0.7337448048233438,136.7300262451172,43.37003707885742,-4.138360023498535
0.4512798245477011,0.5272885457025105,0.5209068402678899,0.9869298405340768,0.4534138356636955,0.6720673906936141,0.9733966222071224,147.6448211669922,60.94537353515625,-4.73595666885376
0.983140558323791,0.576275437783229,0.6605814230828404,0.917837793935704,0.2446436948008121,0.99767609086044,0.91988080681478,140.0907440185547,60.23887252807617,-1.2798508405685425
0.565562792964665,0.4146425599770632,0.506597426739835,0.9451142567980546,0.0650674658656356,0.6360134450457046,0.6390909482146402,130.50003051757812,74.5945053100586,1.8862730264663696
0.8649107052185112,0.7136331326822547,0.9015014035224922,0.8875516663497407,0.835307977121189,0.7467179273027675,0.8384158321609101,132.03541564941406,-41.70398712158203,-3.3527731895446777
0.8016447605906702,0.7535621908427456,0.7287220185538109,0.8819271312024048,0.2219881950231605,0.5971009518718489,0.584784923374845,149.64588928222656,44.564754486083984,1.5482841730117798
0.9029320670818356,0.7436606886637387,0.809932844367718,0.7591173660331917,0.6246816485127248,0.661601931805095,0.84208652867507,155.49176025390625,-38.2689323425293,-2.7010793685913086
0.8123330451550235,0.6491304202922098,0.6244728241741905,0.9674334631282108,0.5579620080931351,0.6120296151744864,0.99142873403236,145.9756317138672,-55.58787155151367,-1.7358317375183105
0.7023475820146763,0.8549797741954741,0.916081471621076,0.8318551219310866,0.3708665858118294,0.7406082322829481,0.7639225859308694,147.55003356933594,29.3889217376709,-0.793516993522644
0.5312794555873478,0.6441460143217915,0.8007274798684094,0.7415528065006456,0.9833987303916826,0.5996979875366494,0.6431970618871621,132.07733154296875,22.753963470458984,0.23090338706970215
0.4549438957594555,0.4892354140626362,0.6194557599296922,0.917342129598857,0.740974773486949,0.6280802947959196,0.6818991535447594,156.70526123046875,55.77723693847656,-3.4038848876953125
0.9973379427734976,0.9585150995376616,0.8196467728549269,0.691435120540463,0.6871399443114338,0.5730608383559843,0.7210664711112875,153.01199340820312,-46.84700012207031,-3.9579122066497803
0.5080605243234619,0.521571439370457,0.8984130443428728,0.7839013584981591,0.7203765223694555,0.6670878342545119,0.629623249182637,152.5513458251953,65.17955017089844,0.6216481328010559
0.8929957941614193,0.863539433012134,0.8684097578053533,0.6906281394630115,0.7835325338897975,0.9333835517836502,0.6537481130154922,132.73095703125,33.513553619384766,-3.4461419582366943
0.8257152672689819,0.548309493256956,0.5005668469104343,0.9117216927785567,0.6906299781773153,0.7424960261945303,0.5727629533146557,144.41558837890625,55.213539123535156,-2.9103569984436035
0.6103134587002352,0.8647118377561015,0.7768442744362158,0.913217302194959,0.1047122808546079,0.6474788710288643,0.3961093368719429,146.3639373779297,54.29088592529297,2.2959280014038086
0.7607078133302223,0.3516047803960378,0.8370293334180491,0.7159149609834907,0.8109889622818774,0.9936371748119446,0.7259023488388444,145.35719299316406,119.62548065185547,-4.1694159507751465
0.5485416017450448,0.3745754176946812,0.8305130471325537,0.9033097979301408,0.6510352877733597,0.8158776575704048,0.5320697664115919,159.19223022460938,126.203125,0.6779587268829346
0.7671610877025681,0.8526078654211973,0.620791458356627,0.7934523672535139,0.0946571332967548,0.6659538702006021,0.8264107010006146,150.32635498046875,35.80701446533203,4.351341724395752
0.6046980364179912,0.705742060970389,0.611795798596368,0.8444546037790835,0.6025998521907039,0.7319478809126272,0.6877211464430493,158.1093292236328,37.7375602722168,-3.001065731048584
0.909219309939274,0.6520182072774314,0.8286530184045937,0.9588271377798324,0.6230932880016874,0.8641076342145729,0.5133607743781571,157.6403045654297,43.83604431152344,-2.3784878253936768
0.7520213174613124,0.7469382722231003,0.7684756475159374,0.8941906989132618,0.2325525212660278,0.6120560959167501,0.7090606075177155,151.73924255371094,34.88751983642578,1.349092721939087
0.4633363888304373,0.8199135378052141,0.8019107475502251,0.9602453837054492,0.0843251492677618,0.5821612236756466,0.8657239761291736,144.05538940429688,47.52665328979492,1.7441725730895996
0.5239230105039321,0.891859781490275,0.7314867729284764,0.6984915135246662,0.2667328307850153,0.7677136593902993,0.5562367193227031,154.30470275878906,46.98657989501953,-0.5401487946510315
0.6901667890828519,0.5410226548976576,0.6050046117513174,0.8613400559658688,0.7347976117338886,0.6396681875341224,0.8171849795307465,147.35809326171875,-29.987869262695312,-1.784196138381958
0.5688217068896242,0.4474279801376487,0.8764619053506741,0.8548366991898599,0.0731698916186511,0.979966972018512,0.383514157343209,153.05654907226562,88.03045654296875,0.6599052548408508
0.6236406790523041,0.9189302175862976,0.8082903752873882,0.8581977194261159,0.8077333380475779,0.9083660775138686,0.4927613617162335,127.58390045166016,106.1866226196289,-5.090956687927246
0.75442284887191,0.4974613945443262,0.6888441059811381,0.93228025162742,0.4915301118909732,0.8672093209595753,0.330300173071983,169.46458435058594,117.09479522705078,-2.0637125968933105
0.8543413940427833,0.354030649553511,0.6940956851233774,0.8774802094024353,0.1664412327902911,0.982440467151291,0.9179809932212936,136.3048858642578,77.86347198486328,1.7529006004333496
0.5934769698920757,0.5307235919221083,0.5952293667583983,0.8604444096669001,0.8756827785559395,0.8089846198005027,0.8722484358253426,154.18783569335938,54.96730422973633,-9.46010684967041
0.4338017944054102,0.872735094101525,0.9089210612243498,0.9407638002999056,0.4899999622806802,0.701131536750962,0.8925415199554916,139.0977783203125,20.521440505981445,-3.5777699947357178
0.886244906726076,0.5576755083521847,0.6777912088534032,0.8605618284822936,0.4054917923068118,0.6852295513830908,0.7942601308815093,150.8835906982422,4.290537357330322,1.079514741897583
0.8079798904261257,0.918675479311369,0.6534973615430384,0.7779195197211649,0.7492393750384545,0.9203277570509604,0.5779881731704188,135.76292419433594,65.10847473144531,-4.168859481811523
0.8430020362402828,0.7085999249782977,0.7857777379219635,0.7070421658660673,0.4526234788810573,0.7589229882019171,0.6163159424507798,158.5636444091797,40.37517547607422,-1.541582465171814
0.7716759838725382,0.8145642409152014,0.9435946826117804,0.864277867688078,0.6039761952533838,0.8298090690148077,0.467500655223071,143.3843994140625,78.77017211914062,0.9786269068717957
0.592376897882495,0.6890120098620425,0.8509966552420465,0.8151391970097039,0.683512967298377,0.8555954637164963,0.3896913957282236,159.3995361328125,117.6981430053711,-1.663577675819397
0.65942800117883,0.901545078523307,0.6450207049947945,0.7005246032828708,0.3038648132324548,0.848920943695572,0.9384594194004876,162.17140197753906,37.32444381713867,-1.724427580833435
0.9994439616450064,0.8553586285932404,0.5940721244000134,0.980188822125917,0.1111644393496912,0.9196209602340132,0.6829352629854071,135.16159057617188,49.75642395019531,3.1689019203186035
0.7632992631011966,0.5068640378175062,0.5164643272107408,0.6896357753109756,0.3676865993732494,0.7144507758625332,0.562481773646309,145.2980194091797,53.067989349365234,2.0907397270202637
0.9759648047274506,0.3975960330594765,0.5172005556064639,0.9510900316929146,0.6680161091453926,0.6996911270936962,0.8788854023208129,137.33514404296875,-49.94963836669922,-1.354085087776184
0.9644498595036554,0.5263150876393132,0.8420574962234526,0.8279412272823606,0.3230868350485435,0.8070564042397269,0.7834154892762871,151.70223999023438,30.14537811279297,1.6905219554901123
0.7826009508401323,0.8669725170300446,0.9277284299706046,0.8746603631069894,0.0694998454464257,0.6575315069335739,0.380858443411,144.54721069335938,82.87991333007812,0.5995231866836548
0.7364214354486801,0.5167607474312599,0.5020832192799431,0.7160351809071726,0.8025644753466714,0.808628196208079,0.9606788698254156,148.42337036132812,-14.52596664428711,-7.008755683898926
0.7946198494727875,0.8512088330246719,0.7442254328450166,0.7166735248083812,0.270763474993574,0.9142891896775592,0.3251908774632278,153.64979553222656,76.5130615234375,0.023026572540402412
0.6859317682213568,0.7322500668187955,0.9608615788238716,0.9257058792998288,0.8367506346334351,0.5856327874555548,0.6814690323318253,137.26657104492188,-32.065574645996094,0.021589849144220352
0.5504617857199978,0.416320440695948,0.5153892672433146,0.6740436707027965,0.6488938008444667,0.7984059797127236,0.3869400277233902,170.25282287597656,142.90892028808594,-4.016504287719727
0.9992130204833622,0.6466269816413722,0.5549918535484436,0.9791109079629264,0.8612115409800837,0.6088347244856278,0.9068851373355112,127.50350952148438,-119.14228057861328,-2.7926244735717773
0.482683636751905,0.8422611334563415,0.6031271834786378,0.7195728908192214,0.4859001074011686,0.7614081088992435,0.4036656930493026,160.64456176757812,76.51272583007812,-3.877122163772583
0.5693636544557961,0.6509272012456582,0.8731291296585892,0.7856673503744055,0.2900769114431262,0.9880024522578572,0.8017689152579407,146.75196838378906,126.40862274169922,-5.598002910614014
0.563741027069624,0.7247927101064593,0.7542143914152525,0.9175697560366104,0.8150776321379997,0.9804053952108784,0.3241136398250062,156.86203002929688,182.209716796875,-7.039799213409424
0.9822028744560451,0.6217183561379065,0.676222218709312,0.8640986411832499,0.2538347584554314,0.9655324967359518,0.4949875873095028,147.79469299316406,82.03121185302734,0.5619075298309326
0.4498595306223377,0.4021920524076405,0.9234609230034992,0.8412278683917955,0.405269848787972,0.7953157926499179,0.6234543550389632,148.7496795654297,90.58795166015625,0.7292845249176025
0.7912538143851975,0.4379031755441065,0.7463794203775062,0.6970409349137597,0.8751750749402838,0.7860109448371215,0.603877263542125,157.65200805664062,41.34073257446289,-0.2054661214351654
0.6518741943282498,0.3788272965813279,0.9586945260151928,0.8178890410481306,0.5250902926338606,0.6522211191365703,0.6825041451367069,156.75048828125,52.348976135253906,4.66129207611084
0.7258093769233516,0.6892549312819228,0.9861472937530512,0.7700897424951902,0.163615976647484,0.9755084913610916,0.6161976266919309,136.3967742919922,104.40826416015625,1.6294935941696167
0.9093618342803786,0.4137966956579243,0.573036712864718,0.6701481450105022,0.1442837413779733,0.8548269094095361,0.3592809267330359,133.86935424804688,54.96503448486328,1.8367305994033813
0.8930725240729389,0.3625522901155318,0.6075108695300533,0.9977648348677376,0.6508061226582145,0.8628315710462819,0.4227364028957703,160.93276977539062,103.1717529296875,-2.2129077911376953
0.7604753990617313,0.5014381126692193,0.9652689011365494,0.9723615598976536,0.0609798864055205,0.5922002327163287,0.8605506585554901,143.91542053222656,57.50010299682617,3.9916741847991943
0.7073327815552628,0.8432830707098051,0.6531612381258662,0.9702743704863922,0.9852975657673694,0.9381924295373444,0.4958137876988016,125.71186065673828,109.67816162109375,-8.31875228881836
0.7575687987452292,0.4332197742504192,0.5399898424154641,0.7658219381807619,0.4770673740979707,0.6539257438399465,0.862908871229218,149.0910186767578,1.838497519493103,0.23665954172611237
0.6968973447355082,0.4415273221821774,0.6256462298749927,0.783092777364184,0.1976371433412028,0.7044102405927999,0.4520156301142806,145.13047790527344,75.29177856445312,1.8180598020553589
0.6773335946365671,0.7454327634442626,0.7154993084565706,0.7822672169267244,0.1907471627850279,0.9520562175991004,0.7047482070086957,154.11199951171875,112.43477630615234,-3.728925943374634
0.633768791673313,0.9727804383785024,0.7916999165698323,0.8556633198707738,0.9309711564329534,0.8778561642831549,0.7173708486729997,112.42608642578125,58.76105499267578,-8.359965324401855
0.6379482379864309,0.7679269686669645,0.507159270345929,0.7583315961693253,0.6330625746767624,0.8155578353106614,0.4950178867463251,155.0612335205078,87.72056579589844,-4.438766956329346
0.7631863638534641,0.5731364709841668,0.5706910316658732,0.8413542235793003,0.1797258438003513,0.7308877593540162,0.544410097992542,146.0325469970703,62.69515609741211,1.6825902462005615
0.4409329446139565,0.8252818175734898,0.792394885044347,0.6911240418453632,0.0640368714177773,0.754662427332101,0.3250627688308082,149.62144470214844,50.34064865112305,-0.07250586152076721
0.8317346408516328,0.38758531619712,0.588266078157669,0.9915499573698832,0.6273058489534343,0.5887637050749068,0.6802900578546077,142.41075134277344,0.14657336473464966,1.0731066465377808
0.7663039209960585,0.5416532840502348,0.6290101509390529,0.9219619357460892,0.483670950001826,0.6390527041690399,0.548764175293549,155.06707763671875,44.999916076660156,0.03471262753009796
0.617615464737791,0.8551809953341821,0.7486162141729942,0.8965828935039697,0.7138565370402248,0.8835347698870044,0.4686491828835104,149.06915283203125,101.22948455810547,-3.876755714416504
0.4778968760735447,0.9568065115579204,0.9876204330961078,0.9769462407225044,0.3481125731838989,0.6909548476854471,0.4739111966605663,137.9056854248047,50.16691589355469,2.0004446506500244
0.5810961220911753,0.4488065624826763,0.9384765988530476,0.8130897958853452,0.5669808106734903,0.7259569758818838,0.5040406083669354,155.69859313964844,82.94076538085938,3.3347647190093994
0.4789010877920469,0.7639548130109631,0.8811281175402002,0.9136554156444736,0.5848279322208548,0.9052508289559252,0.674091465959541,142.38539123535156,111.78304290771484,-6.66313362121582
0.5333572448432948,0.8107291847248369,0.6672777304902803,0.719985574373308,0.7773769944262428,0.7567426619832568,0.7617938051889841,147.24679565429688,13.457235336303711,-7.560634136199951
0.7384569656347706,0.6188118018362851,0.7553312701656251,0.9971881447898682,0.0598548867902515,0.6279153020751048,0.7887767241213264,144.0138397216797,49.037742614746094,2.151916265487671
0.7501730640466406,0.7165700759756432,0.7487038572039049,0.9572507448980184,0.1032763437841595,0.971938833760901,0.5432935286565195,150.39144897460938,92.60562133789062,-0.7125275731086731
0.5852482847067157,0.6677329060581684,0.8932005672785013,0.9735734337171088,0.2433724007027797,0.6454215365374214,0.4980493780421891,151.41526794433594,58.69358825683594,1.4072680473327637
0.838383958978709,0.5067784589624391,0.5100442537555369,0.7916835291894518,0.1160730329752916,0.721971453395532,0.319069460844721,128.4701385498047,70.26705169677734,3.721022129058838
0.7552774953752874,0.966290555217402,0.9275425606008764,0.7811367359146801,0.9696454792385016,0.6336069744687884,0.8559531651579367,109.95555114746094,-112.38581848144531,-5.092749118804932
0.5667435271409361,0.5728455865062475,0.5171448644000537,0.7457032776987297,0.2929063970785925,0.9057517936816728,0.6769890939597824,168.6566162109375,116.50737762451172,-5.659560203552246
0.4835143326418851,0.4677301036514144,0.6850200573631344,0.9590320298770968,0.0694930088303739,0.935816218770232,0.8322980938213501,147.2698516845703,139.24742126464844,-6.146978378295898
0.7805176191470066,0.9200666266356944,0.7284016001558654,0.7178050975610014,0.6394461489043667,0.7828443872082449,0.5680369041065803,137.8739776611328,12.098258972167969,-2.1154773235321045
0.911214060142202,0.8694779160717536,0.940573506840652,0.6699980998745173,0.6325572908097853,0.8279357430180371,0.6079750926888918,143.43357849121094,20.782197952270508,-1.584283709526062
0.9947977562348372,0.6865481059839867,0.8729755830733574,0.6876053038759998,0.3932960424551092,0.963820242820248,0.3556551800912675,157.9287567138672,78.00260162353516,0.7485799193382263
0.4389372758617477,0.4829656214116687,0.8880113692219569,0.8809370237515011,0.5636018919593894,0.7012807215289779,0.6778228381337761,148.68043518066406,59.22954559326172,0.09370957314968109
0.6562277747265384,0.8717561327191233,0.7675890899612354,0.961298737432798,0.4211497099576732,0.9678052809714128,0.4371159135617378,157.9462890625,120.3550796508789,-4.314145565032959
0.4794537563468594,0.7025503373472082,0.9409021322999516,0.7931197590669716,0.3587834333758762,0.8747427241958492,0.4946867333260695,149.9922637939453,96.40201568603516,-2.2285313606262207
0.7112181976020292,0.94693487586972,0.9921494927636936,0.6944255939744197,0.5052809726522697,0.6720257644615963,0.6094382746354394,144.8311004638672,23.379140853881836,-1.6533414125442505
0.4512713915728047,0.8651001792607176,0.7520559222249246,0.8009689810374437,0.4111693621784296,0.7519054641679539,0.4925799761856558,156.7722930908203,68.55484771728516,-3.6538290977478027
0.7627020004533678,0.5837193980545717,0.5356698380899458,0.8278622466955923,0.8526046264523146,0.8962965357604554,0.7118025659531678,148.16148376464844,82.57734680175781,-8.281060218811035
0.9541952384478016,0.5069073615173109,0.8401922757426353,0.9207272905696956,0.2651395310435931,0.7096574818551337,0.9984860373793092,151.89810180664062,15.336006164550781,1.734462022781372
0.8781107784403799,0.9590487593181808,0.9380814381914816,0.9048957086876362,0.9019078222761348,0.9303580606683964,0.6766264770987795,102.47863006591797,14.485640525817871,-3.671464443206787
0.7257450019092229,0.4576027720233664,0.6828812244463976,0.8382749198134407,0.7586294153596446,0.867618569194136,0.5195269325067078,161.78192138671875,115.37117767333984,-2.9916298389434814
0.581050405944278,0.9896274668816036,0.9490855793566928,0.8900347836600855,0.3423239232883721,0.9543696484171637,0.5405821955448045,132.2045135498047,99.52495574951172,-0.863085150718689
0.5690808409798095,0.5430368503630734,0.6656972713704024,0.7985707433721536,0.9003849303408205,0.7810487340187411,0.8368601944533446,143.68023681640625,59.11066818237305,-8.41989803314209
0.7911841184441922,0.6802914546846196,0.8993445781132141,0.7046033494320849,0.9302297477062574,0.8424860119578865,0.9625950932059152,120.50273132324219,-16.594043731689453,-7.857035160064697
0.5179172571959573,0.4540722198308919,0.5389445761280706,0.8927833026331247,0.6764058340392741,0.6037381439502857,0.9922942805086452,144.42091369628906,9.415776252746582,-4.597659111022949
0.8895821153128431,0.5799953928088115,0.9063602632627904,0.8564091883940894,0.6830739484066057,0.9599336437371904,0.8205462124112021,136.30810546875,48.24460983276367,-1.974830150604248
0.586803072009861,0.7041296015653125,0.8691385134631059,0.7701002292026359,0.6000931898056924,0.6064632870742992,0.910448725305582,152.1937255859375,-8.409488677978516,-2.4017646312713623
0.716963330286789,0.6141835143819766,0.6755747734711708,0.958724270660042,0.4513235211136017,0.7239017292697639,0.9934879544219342,147.08584594726562,5.02370023727417,-2.3182804584503174
0.9149581126262856,0.3723479065833313,0.844414657436282,0.7013638784664532,0.3359382893056095,0.7248749213471849,0.7357434657899458,155.9846649169922,58.130165100097656,2.1681790351867676
0.6301199429295018,0.352914500392132,0.6992802653553918,0.6708515818788334,0.5331799483524132,0.7189709595327842,0.4836887069149562,162.15919494628906,79.32544708251953,1.5759551525115967
0.888990636493364,0.783324284789544,0.9289660054677564,0.7677942014193024,0.0144248892479823,0.8540669183992085,0.800860317212942,143.00621032714844,49.956295013427734,2.576918363571167
0.7106738001088435,0.7038357146231471,0.8422698567090767,0.7025604354171419,0.3485190487582449,0.9922063102863508,0.5812881083286254,158.8384552001953,114.01912689208984,-1.0044465065002441
0.6700147497839267,0.7381303541265924,0.6068517607239683,0.9652531772341416,0.4661920754319564,0.8925393279947377,0.7311603105504059,158.0869598388672,86.08070373535156,-8.498204231262207
0.9994565804771974,0.4429760573184524,0.8995354090249471,0.9781157401557028,0.3057765094937981,0.867289052930536,0.6042041543624713,151.56581115722656,40.726627349853516,2.1831188201904297
0.6611993710237272,0.6494780864270326,0.7306714144908077,0.979852724279598,0.5993979478301871,0.7584455210648793,0.94667652043129,145.5435333251953,-9.254148483276367,-4.7325663566589355
0.5868041170292381,0.4303092002922468,0.879461547723577,0.8471921879475206,0.0979207425497627,0.930882843990018,0.7135751532186487,138.04612731933594,109.68533325195312,2.1611781120300293
0.759354409224362,0.6586827413443315,0.5225903857481943,0.7153861356370992,0.1951282647741689,0.7763678524474665,0.8841183326229091,152.3967742919922,11.332947731018066,0.9960715174674988
0.9901306074218492,0.845065724029086,0.7633759095090165,0.9410975619720684,0.6207234875059277,0.8108711653738895,0.8932081597749829,137.82904052734375,-54.69147872924805,-3.4030535221099854
0.6964819006210486,0.890312266863709,0.6520354023594499,0.9218086301983456,0.8453542947720721,0.6651191322058881,0.621399151558051,132.9636993408203,-27.02818489074707,-2.344371795654297
0.7840432228906677,0.7556342988298237,0.9064371616021168,0.8620436286936762,0.8353669364121765,0.93197259622482,0.7419679588784028,121.62355041503906,54.58981704711914,-4.74547815322876
0.593255020429524,0.898287710275142,0.6624489689930381,0.7778034287461979,0.6536915711354166,0.9409683790027054,0.9692100323154746,145.7659912109375,82.46768188476562,-14.021157264709473
0.622422319752675,0.3888383963842361,0.6369009525388651,0.8408072568247561,0.1953823506469358,0.6930858027236171,0.4714622814870215,145.76158142089844,84.04663848876953,2.0343716144561768
0.9428753087605806,0.7318751291821497,0.8550176476293032,0.955726131075902,0.6502436619026809,0.8335704428081852,0.7608157771998807,141.2301483154297,-9.941205024719238,-4.055055141448975
0.781869086205312,0.9168536707513992,0.7772805689947861,0.819402811612107,0.7669568761509095,0.8061022171812725,0.7118598863900106,133.18557739257812,-15.341720581054688,-3.570897340774536
0.8947067540978318,0.9977636553328276,0.7826030226155577,0.8287001112114286,0.1999916500279401,0.7553297227003432,0.8234070772826644,151.02381896972656,18.935638427734375,0.8661525249481201
0.4482977909280596,0.5094941173920107,0.5099691032624325,0.9436883439657584,0.2962722832800435,0.9162833280061596,0.6224678939275394,169.86973571777344,174.37197875976562,-11.932634353637695
0.5778386642489579,0.7967781278765693,0.5761990277665663,0.8312957227012123,0.9736491348414608,0.9531504756127464,0.5564649074533846,135.48756408691406,176.08099365234375,-14.170130729675293
0.5671970859812556,0.4671946501845299,0.5535998562265682,0.6758026925308813,0.6721722679960387,0.9533969602653948,0.7880482764340556,168.59805297851562,158.50027465820312,-13.956029891967773
0.46643614819724,0.4360498800386565,0.5384635504960031,0.8355971521685408,0.1681877281541835,0.983641930690764,0.5414763349606955,167.51547241210938,163.74879455566406,-10.864219665527344
0.5480946467891692,0.8315448912173755,0.7829620167544362,0.92784692902768,0.0574919131921834,0.6572651347437911,0.8405836354375302,144.9873046875,46.71687316894531,1.2269614934921265
0.6933119685377629,0.4860246220622489,0.7119156177041568,0.7702327617842883,0.7436704123562022,0.9281142061722804,0.6114560796456152,160.71603393554688,132.542724609375,-6.333424091339111
0.6378637703486005,0.7912591035856897,0.5557536267392201,0.942658200134453,0.3469613105375889,0.6474053278317434,0.3212122739793063,151.01222229003906,60.89152145385742,-0.5344755053520203
0.5590108518226841,0.5686218904632749,0.7598507767886152,0.985455586599958,0.7986674054691365,0.8473865137463816,0.4883769158443903,160.0424041748047,122.5141372680664,-5.244093418121338
0.6193168660033307,0.4249469114523602,0.6089894655119543,0.9688298553295422,0.1976923880400485,0.5856155166732128,0.4253330064897181,142.02294921875,68.95250701904297,1.6651898622512817
0.982409867603898,0.5915109151018035,0.982821327236461,0.7497168467896685,0.1113011349583194,0.6102361089405545,0.7416811155720286,162.46961975097656,78.66695404052734,-1.9854236841201782
0.963811195160674,0.9984583399727012,0.6229514597279577,0.7526848544104705,0.789987111547855,0.6467758433926443,0.6566106194354808,126.97078704833984,-61.46018981933594,-0.9773496985435486
0.4333645951764049,0.4418904016828559,0.7633726410776136,0.7445411679573808,0.6068419272322311,0.7409105391829082,0.4173914497911384,168.97396850585938,121.39961242675781,-1.0149426460266113
0.6082161769991835,0.9965712582636717,0.7416170639347435,0.7908364028430701,0.9380168759364164,0.7115707983172442,0.3777144542543114,123.39942169189453,53.860172271728516,0.544937789440155
0.7312321385227413,0.6874066087196824,0.6417434677031086,0.7736954748730069,0.6252176836500302,0.9165180852459752,0.3122241274747963,164.55348205566406,140.98345947265625,-2.7685635089874268
0.9918574571470232,0.9200213872458776,0.5973991937453351,0.9968312823103274,0.4030857732740232,0.9626422742337192,0.6902253587608997,139.6080780029297,42.756996154785156,-1.926961064338684
0.8815745681058116,0.8336026232649438,0.8822673663682283,0.8766439893500386,0.440357544336389,0.7030120306644678,0.7347929640531575,155.14202880859375,14.45463752746582,-1.3145002126693726
0.5312598814809383,0.5504831382251162,0.8957459657764812,0.8909410784427677,0.0066711215637517,0.8506952319792536,0.6803343501450866,130.44578552246094,98.15196990966797,4.268478870391846
0.464476118914042,0.4449961007425712,0.6073794646064159,0.8866729804458632,0.6421197587825647,0.7434554770148398,0.6665391512208867,161.20433044433594,88.2024154663086,-7.361571311950684
0.8303476138963068,0.6702459968522776,0.909814944739046,0.9581329670877866,0.6445089249743979,0.7822943726322396,0.8973664254825621,137.7428436279297,-27.341386795043945,-3.4832522869110107
0.6182327158046457,0.449816375595634,0.5536065427473652,0.7978172818814311,0.6690737935899186,0.6893205217009191,0.8004052929215166,154.455078125,45.503787994384766,-3.2759411334991455
0.7524143355342705,0.409099332013926,0.6934349103401666,0.791696391152237,0.9323141962044912,0.7151287745378454,0.4778620942647081,157.23126220703125,73.95073699951172,3.1545653343200684
0.6118514888230546,0.4166294835461884,0.9764335381500886,0.7241515474932342,0.1164439240247304,0.9244745405718068,0.7654024659657667,127.75239562988281,92.56181335449219,3.3222484588623047
0.5801509744790793,0.4986881758654495,0.8445382416791902,0.8286887612081124,0.156662713367924,0.698310453706417,0.3478576398093835,149.3324432373047,81.06832122802734,3.1807124614715576
0.5852955404112938,0.9467787231743297,0.6170268818293037,0.8890298988341934,0.1310993955437246,0.8472248022934659,0.9863594884497284,157.72669982910156,75.19849395751953,-0.9839822053909302
0.9430582818239188,0.6777017081667032,0.741357239086956,0.997660357542288,0.8296923889802063,0.6561467075890759,0.6587029417588519,140.91807556152344,-36.53504943847656,-2.380669355392456
0.8283493218885822,0.8857774570315086,0.5155224182352686,0.9641173769294415,0.6357339531203325,0.7989888090838305,0.5342579953007859,138.20986938476562,40.399269104003906,-3.8810641765594482
0.8993796501520832,0.5283318275017824,0.9212943048523664,0.8769809933081939,0.930241958441387,0.6235643862196396,0.9533475979286252,144.4318084716797,-100.39295196533203,-1.7085514068603516
0.824175474096469,0.3534082535333303,0.6631731061404069,0.6718421831735395,0.4931219188807418,0.9176602464056278,0.8000178308032456,158.20529174804688,61.516841888427734,-0.7740727066993713
0.7668665724392184,0.8821062825213202,0.5752027743674708,0.7440483426786536,0.9616255746482564,0.7597764960236983,0.3294691336052152,125.25572967529297,59.01042175292969,0.792382001876831
0.7571316861905839,0.5139340795210713,0.7251792014603728,0.7640351071733951,0.4241665726446051,0.7834400769175897,0.4195617026992154,163.78103637695312,82.2427749633789,-0.4429290294647217
0.8713772881083296,0.596258604631994,0.6668808138541296,0.8819119791499447,0.8334979596147136,0.8342787119507455,0.3838652553683341,156.12413024902344,95.59356689453125,-1.563124418258667
0.549653271293214,0.782994523332887,0.9800648228513672,0.7108063324785812,0.1675912289523628,0.6532420075128289,0.7257248519838047,144.00360107421875,56.54021453857422,1.083996295928955
0.582158049793472,0.3869661671137886,0.8918783595009003,0.6778160380630812,0.4704040810978404,0.8617795643623591,0.7800314332536602,148.429443359375,91.79207611083984,-0.3559107184410095
0.5753139481869155,0.8019345753509867,0.740578295366143,0.9811244855705318,0.0516076968762178,0.8963143863315257,0.6077368663641545,152.62815856933594,103.23262023925781,-1.1530990600585938
0.785687772973664,0.5027633209246193,0.9850440777256272,0.7091395653659482,0.1481188728867927,0.8056969720867427,0.8556115619981632,144.15182495117188,58.446353912353516,2.0160953998565674
0.6031551082556783,0.725753843288938,0.9783877503206828,0.8578214773737374,0.5237899127877356,0.6518833938773976,0.8799802429230517,138.46652221679688,9.782689094543457,-0.5125396251678467
0.8045799862751433,0.463904420463345,0.8498331602346125,0.960705873054438,0.2019303579260218,0.8127158689674878,0.6444480902819301,142.81683349609375,57.35944366455078,3.3076510429382324
0.6723502788144675,0.6844565465664825,0.8966246184972188,0.885710912670186,0.6692429767836016,0.6404441680010312,0.9674908127659654,139.7635040283203,-41.573760986328125,-3.7560391426086426
0.9947101191772908,0.4177060388047994,0.7531782806209832,0.7802702517083081,0.4463294012926177,0.5987719385304499,0.5404920768331186,160.41522216796875,55.841060638427734,1.6763352155685425
0.8097178080302824,0.8152379834226849,0.9590122943382452,0.9977915522972016,0.9363205911208566,0.9210175556037596,0.886594344144615,97.52835845947266,-4.1985979080200195,-6.539535045623779
0.5109831964477425,0.7015803504222617,0.6726994834106219,0.7798002086804627,0.8196217668466539,0.7678642157450244,0.6105511999847035,149.91744995117188,75.19657897949219,-5.422750949859619
0.5796653057294407,0.6522712686083263,0.5419949974524075,0.8562049582676192,0.4467809766539007,0.6220056188350359,0.5143721646574482,152.52731323242188,45.461761474609375,-0.41544005274772644
0.4973277197364819,0.6300887955654143,0.9409734216314636,0.8040985456597254,0.6816824565042277,0.863512448131,0.3884694099263773,152.1088104248047,122.94436645507812,0.026608582586050034
0.9419457976501046,0.9591045768007126,0.6506209869822489,0.7031383098638619,0.966529184301514,0.7401289347376782,0.4009275869552163,107.78116607666016,13.479528427124023,1.1432442665100098
0.6213153129742695,0.3910914442111556,0.5746366214083689,0.8237541476216051,0.452613172707562,0.8288639957960868,0.8161445617639637,156.2992401123047,112.78829956054688,-3.7581188678741455
0.9302451765012708,0.3509783692097572,0.7680923878180832,0.97004131254016,0.4237832882535051,0.6914320132302445,0.4646982710554422,157.2238311767578,59.93014907836914,2.043839931488037
0.7167134861458735,0.7844784098160199,0.8202958015312244,0.8961510931000919,0.0157199219137363,0.7074181724804303,0.819355838256669,148.0450897216797,61.89607620239258,2.5266730785369873
0.7656689431701189,0.9723041763380006,0.6132435165083727,0.809224782635747,0.2199913126594732,0.8851210352082408,0.8140048469966126,156.62596130371094,54.917842864990234,-0.3931359648704529
0.521623254260751,0.3606674307722371,0.8751092437994812,0.9476126214464148,0.9817180666472852,0.9386917314265848,0.9171132372162094,113.65521240234375,134.61196899414062,-11.159417152404785
0.5085259730311372,0.5843789172461626,0.840414581665416,0.9956972925759536,0.2303233912695322,0.9293444103847583,0.6343608609920516,149.9400634765625,124.50590515136719,-3.3507838249206543
0.8248607339626906,0.5981260642607362,0.8013285694800525,0.9819709542340238,0.8620122103438442,0.6316503470281414,0.4567372222670538,152.7579345703125,29.22195816040039,2.381113052368164
0.6115444739880981,0.7259675645336012,0.6731939557532439,0.8440464470003236,0.560177095323795,0.9511790249326836,0.421563856914556,166.86314392089844,154.4350128173828,-6.249504566192627
0.8394088523615755,0.5009765072248834,0.5525054261368878,0.8759718998801739,0.2991922371527855,0.934000980817163,0.7500939107502071,150.52247619628906,73.31778717041016,-1.8781771659851074
0.8346524849208519,0.7168241903698647,0.9656420934279812,0.8223861156347748,0.6214819460571194,0.7973096100794435,0.6582273987319422,154.40199279785156,30.147275924682617,-1.2711676359176636
0.847946454530101,0.9015766959076766,0.9049043521732468,0.8426211014558618,0.3428734408915206,0.676764798067677,0.929434610962472,154.47311401367188,2.1675302982330322,-2.2449045181274414
0.4994358366120143,0.6188866481029145,0.5098036308976284,0.9875789207514936,0.7777788140555876,0.7277598136185566,0.9199650827921116,140.51368713378906,23.127161026000977,-10.757192611694336
0.8522068192915996,0.431709256102371,0.7002400366964856,0.7309305705230865,0.3152444529995101,0.6979498495790922,0.3686652765467807,152.90284729003906,69.6285171508789,1.9775594472885132
0.7798390833474982,0.8177446441681278,0.7899733708108501,0.850039169565215,0.7236599739339056,0.8290705243740526,0.606008355379019,141.79220581054688,39.15678024291992,-2.116502285003662
0.8984526949086393,0.6118195140689735,0.9250641775008444,0.835398661862472,0.9259644706946146,0.87469312948757,0.8008626304505163,132.42613220214844,-5.1662211418151855,-3.1844606399536133
0.791593575396434,0.625510248699888,0.5685793408044221,0.8208784134779178,0.1472240679906173,0.6785187652574536,0.8593205042674432,142.00119018554688,26.683433532714844,4.137304306030273
0.9867822948852628,0.6148659711207123,0.6009882523856649,0.8017437557738119,0.375745507144213,0.7579945540599913,0.8536748819359602,146.06776428222656,5.702415466308594,1.1223756074905396
0.5519098629352649,0.7702104729781425,0.5989129315679469,0.9043154569768904,0.983309789941433,0.8725694045921824,0.7130593396764935,135.56356811523438,111.06324005126953,-13.039336204528809
0.7404076687655639,0.4603074920235996,0.8548407295721385,0.8618745487769774,0.0057263879744637,0.6931705499517713,0.7878329441575571,134.2493438720703,57.384735107421875,5.064854621887207
0.8236760358305684,0.7200013336997837,0.9297362203334748,0.7206301593384189,0.5875085691289704,0.7755854942834313,0.4940008009492573,157.25279235839844,61.73418426513672,-0.26687732338905334
0.6501830491747238,0.4812022613961105,0.794798710940471,0.6705716531853146,0.1094791475936758,0.7584221920272994,0.8473151203287634,143.30364990234375,56.304832458496094,3.675598621368408
0.7526001118986155,0.8805598371432082,0.73012360955445,0.9322895790097044,0.1900226672513677,0.9247706744558366,0.468662629435476,153.2313232421875,88.4589614868164,-0.5512052774429321
0.5352633744276719,0.8816976625639683,0.847400722580808,0.8912373505753388,0.6659356269258702,0.6823735409174174,0.481222157941967,142.37994384765625,42.9969596862793,-1.2431080341339111
0.5013728639004914,0.6613613973864454,0.8778905977543257,0.6857771931385912,0.2042089921668503,0.861450794094301,0.899093563432658,147.04307556152344,81.93231201171875,-2.857889413833618
0.546027953047818,0.4947624560129652,0.8753008985976021,0.7209517194121559,0.7752327822188011,0.7141918978135587,0.8690851571451298,144.5867462158203,39.62620162963867,-4.374488830566406
0.6436793396243063,0.971331151276297,0.7198655077806194,0.9289346351304366,0.9566329233842654,0.7682922399305041,0.4351257437364875,120.46359252929688,54.170047760009766,-1.9893079996109009
0.5389132814014915,0.6038425311895224,0.9658790052009246,0.9491632701413648,0.4638586478197145,0.9024455454834232,0.8752694555767908,124.6438217163086,91.18022918701172,-3.9258885383605957
0.4879610895864062,0.893784305600375,0.8770992999887244,0.8245381154906868,0.9371717443772888,0.7604199846232655,0.8821923573542305,101.04103088378906,-30.044830322265625,-8.666089057922363
0.5842263547258573,0.5043511524468872,0.9527188892142971,0.8330555352501882,0.4856971407381225,0.8435554330222284,0.6036751237337902,146.94281005859375,93.81641387939453,0.6914295554161072
0.9382231573338888,0.5437169057901821,0.6403024983686482,0.9821855862404688,0.9317953215199548,0.8742104310147467,0.870227266056707,127.358642578125,-35.07099151611328,-7.1423420906066895
0.542036630817056,0.6111161508088773,0.7700117562509413,0.9569796717263426,0.157594434697961,0.786028115827396,0.5947389093922266,146.28240966796875,86.24932861328125,-0.4222809374332428
0.8020444615663433,0.5343999418642844,0.9127537683501254,0.7426306404757684,0.3273514617826548,0.7923826303204273,0.5372388146996385,156.45751953125,64.06968688964844,1.79178786277771
0.734469896085411,0.6471695468216939,0.5308033111465515,0.7320038859854933,0.8575897118562418,0.9752660421268458,0.6916359338679011,147.8229217529297,120.20506286621094,-11.373702049255371
0.7048268482251634,0.9558810373763412,0.6728961040186563,0.9590779504217092,0.3802131511218193,0.9539999636179028,0.5045454811950548,156.32614135742188,104.2534408569336,-3.4727139472961426
0.9602599930698222,0.4568756733109181,0.6663340487965617,0.7077269443766593,0.9377716918327362,0.9939660187210084,0.8193560569605853,135.88426208496094,39.6298713684082,-5.599740982055664
0.8278905393398022,0.6086835730595423,0.7431778201441306,0.824825908926501,0.6622413397410385,0.8880066495446224,0.715222788914183,151.8008575439453,59.94357681274414,-3.6558914184570312
0.8296444686793295,0.5070439349342918,0.5212661180528133,0.7082296449939843,0.13170640772301,0.7463196600905957,0.3721806636805722,129.24427795410156,59.746620178222656,2.998605489730835
0.7055661518701998,0.5466361140225946,0.7405785572421487,0.6956943867884965,0.871335178656871,0.7302853810233707,0.7616491911722363,147.52732849121094,-10.630820274353027,-2.523207426071167
0.7670635890738738,0.5206682850315677,0.970929773302304,0.9186842031548854,0.816906484192758,0.8280931236454319,0.8077920545027679,134.59803771972656,36.31068420410156,-0.2889406383037567
0.6553709657350144,0.5451088324065854,0.5056200463921294,0.9667125507087576,0.4103410188507252,0.6756547062154689,0.3211876618376579,152.00071716308594,81.39115142822266,-1.6561009883880615
0.4286389661066566,0.4669256472380934,0.8041366311876579,0.7105056220533568,0.0434837158494772,0.7543138495094555,0.9557348147760388,134.79376220703125,71.18113708496094,1.6547980308532715
0.4912128086195987,0.9727238155279092,0.6944778072677427,0.9659393324905888,0.5128472803966561,0.9267863225609138,0.3620307149015619,165.1684112548828,133.54083251953125,-7.761128902435303
0.844136597990119,0.6949536384256623,0.6798148003718074,0.7477770000879324,0.0428137144101948,0.9303284560269294,0.8174089835357355,144.78343200683594,49.81062316894531,3.6582698822021484
0.6954370479407879,0.6833573382711137,0.7552079592630394,0.7611244277398399,0.2869505586429954,0.9325128563450756,0.5373867679001628,163.06607055664062,97.1021957397461,-2.0997395515441895
0.542124720644264,0.8294360556462885,0.7812672356670904,0.7375118773429976,0.2884730563988963,0.5864376467818799,0.3245768740594429,153.17787170410156,54.63612747192383,1.3725255727767944
0.6404510476855494,0.8336437927992018,0.708423797825642,0.697497792093373,0.3848841911402705,0.7717082504895687,0.5613655470436976,152.85446166992188,37.209381103515625,-0.8043765425682068
0.938337405212012,0.6650703528778258,0.730650082640723,0.9304952372465816,0.7195749042730225,0.6965466589729308,0.391698980670503,152.76219177246094,33.5373649597168,0.5725613236427307
0.5964977578287208,0.7754565620985809,0.5818698760081354,0.9298447758063418,0.4839044177610904,0.6560534853479683,0.4738308576277601,156.07861328125,45.726261138916016,-0.48158973455429077
0.4600703479432113,0.3833409849418818,0.5426700752158566,0.676089119231023,0.7223404159323386,0.8129542687739886,0.6779694075653067,169.49110412597656,131.0004119873047,-8.793944358825684
0.9416524643073052,0.4491360282619476,0.676345463907394,0.9584698293741738,0.9572219861505474,0.7002210740598865,0.7528546517723997,137.4371795654297,-58.92731857299805,-0.9883211255073547
0.5151755729422983,0.8884749516573414,0.5319980468447265,0.9121684045203718,0.5328008631593107,0.5968083109950065,0.7989088103267075,149.200439453125,-14.37025260925293,-2.55029559135437
0.4627175001530302,0.3509662767396229,0.7601114951414305,0.991618791936518,0.5141102397870962,0.9771314186740367,0.3760554550863644,179.1464080810547,190.69960021972656,-7.668097019195557
0.4895963820752694,0.6433870037298938,0.9769683268294288,0.920862102456709,0.779566980333119,0.6071895511187669,0.4113830009428822,146.3463897705078,60.0291862487793,5.475706100463867
0.7148828986649418,0.6227109029519524,0.7063751328579702,0.8442660259645272,0.0622713445421542,0.6792672710467442,0.5170821358947201,145.9905548095703,64.7143325805664,2.8772754669189453
0.8550601213012282,0.7181421989061381,0.7576014697138622,0.745949902514472,0.2500333229834897,0.7116091453993851,0.6730053815172472,153.89010620117188,36.61957550048828,1.054689884185791
