PS:PAN ratio,Feed rate(mL/h),Distance(cm),Mass fraction of solute,Mass fraction of SiO2 in solute ,Applied voltage(kV),Inner diameter(mm),wca,q,sigma
0.478751899837867,0.5072430197389866,0.6505208675615279,0.7917516042582564,0.7760476040741526,0.7653792762618487,0.918045494514356,151.2672119140625,71.12005615234375,-9.752181053161621
0.8224050955746854,0.4505324655466891,0.6481769259013098,0.7956702802103964,0.8878959979149638,0.9347547158503656,0.7986992452072499,143.73678588867188,75.58599853515625,-7.080929756164551
0.9015433627322458,0.7273938124674924,0.9236773175036757,0.669939152617432,0.4021561319193035,0.6703909736060497,0.7770855326854417,166.76766967773438,21.792638778686523,-2.99348783493042
0.5348497700129994,0.3928592732449542,0.5181641612851359,0.871821566884996,0.7492956701929845,0.7103979341352944,0.96086536153711,148.9864959716797,54.5810432434082,-7.999879360198975
0.9892593824839396,0.8532715721225722,0.7886313649373058,0.9951196513154552,0.1505495750763359,0.8657126578670655,0.4256356043672915,149.47647094726562,64.25865936279297,-0.10233118385076523
0.9897498968506184,0.8613972728843207,0.5058425835393089,0.8572486089673711,0.483424298496211,0.6675518103279298,0.6401108148731393,130.8739776611328,-33.19597625732422,0.962904155254364
0.5060755417837254,0.7458754846014553,0.6349283158715029,0.9064364597097764,0.194780481446354,0.9210149810634904,0.664725133118816,166.33291625976562,130.88233947753906,-6.92957067489624
0.5894854065603261,0.463346189708222,0.8945464652014461,0.7929505453281219,0.4051396442389234,0.8476002181886526,0.9090305308384208,143.32626342773438,82.90950775146484,-1.4365637302398682
0.5803022990839495,0.4557470599721681,0.574771827497469,0.8669900316296237,0.0928204744155455,0.7606052622382999,0.6532203940268655,140.5476837158203,82.14097595214844,0.988386332988739
0.6878609050074164,0.4470975646897184,0.8107498536741802,0.7988476386875352,0.4457620912274696,0.8672552015237478,0.6385327128700329,158.86695861816406,91.0569076538086,-0.1653488725423813
0.6380064857812116,0.4318111454865542,0.5892930803315176,0.8336223309744913,0.5843673535963381,0.8306829071464471,0.9074052585842656,154.84234619140625,81.26226043701172,-6.4622673988342285
0.8886093650058496,0.8237200280002152,0.9802665734071956,0.6725139303423436,0.9462356864786652,0.7279076927231709,0.8146411796791548,124.2314453125,-56.99566650390625,-4.7897138595581055
0.8008156999509828,0.8804153577492271,0.6957382885647682,0.7800175333185521,0.5286230903362368,0.6007632840034949,0.3254066631059584,143.0391082763672,50.539405822753906,0.8253637552261353
0.4975607898973475,0.6475893435384757,0.7820943460362388,0.7372165529685337,0.473066006782705,0.8355065861619884,0.9102915519724788,154.04238891601562,77.20196533203125,-6.804013252258301
0.895493153833568,0.3609483576982826,0.5342019800185883,0.9422681225047984,0.7350845059875021,0.8384199162926507,0.4540410975237493,157.1039581298828,97.72899627685547,-2.252821207046509
0.5755847278387676,0.5107232379676422,0.6570045364855913,0.7698396805951762,0.3667553187985062,0.6957154258178339,0.3300258250353666,158.68008422851562,86.90548706054688,0.843904972076416
0.7284200927892933,0.9705147189818052,0.9292047280120326,0.6747314421787334,0.6258177847962988,0.8131015711256631,0.6068245894782774,133.70474243164062,32.50147247314453,-2.1001830101013184
0.8621576369052604,0.4644433480349036,0.5224008724540624,0.7941892249779199,0.9516190832276044,0.7963063697232589,0.8774207270996534,133.77227783203125,-14.879023551940918,-5.246735572814941
0.869979335257849,0.7088033773000231,0.6776303546254887,0.6770026419240198,0.3924012732890853,0.9822082079752292,0.4772565002946336,154.77975463867188,71.08776092529297,-1.1744719743728638
0.6022153942329694,0.7216029968876281,0.5373013522271584,0.8664105045592421,0.6575095104768954,0.5780032995149962,0.8526789763645951,146.03634643554688,-37.3264045715332,-2.3011515140533447
0.5416901163892243,0.9235453361480024,0.6473220287232874,0.8830008973756219,0.8803713239199784,0.9417350295314278,0.5886815213115832,137.221435546875,141.57376098632812,-13.469828605651855
0.7812647060051179,0.5247376820048018,0.5760651130026995,0.7286109633766782,0.0365950361790326,0.9908534520934952,0.8957559745014995,142.77110290527344,79.33735656738281,1.7288541793823242
0.494682323821049,0.9577371138188646,0.8908490609532872,0.8638029370828298,0.3665372271475607,0.9660523058378112,0.7275894707232936,138.16104125976562,117.73674011230469,-6.180188179016113
0.6958774105975375,0.7943475213295709,0.7025185782238739,0.7101813864800094,0.3780392159310462,0.9405690507200952,0.4325378573673335,160.74609375,90.65084838867188,-2.6470489501953125
0.5045945358548348,0.8378493379571185,0.5533091446685972,0.9651818052984554,0.7507700239531366,0.8792067987976703,0.6312145617881193,158.1573944091797,134.0309600830078,-14.933924674987793
0.4571017090617241,0.4379975479264324,0.8068423519657337,0.9585812686445544,0.2085972165031059,0.7198185231564325,0.9147676635049874,131.56570434570312,81.40927124023438,1.4328140020370483
0.7285269924499027,0.8948936890274108,0.649677432602425,0.8826073705335673,0.189891664131168,0.9705379971557732,0.6091070364288131,158.43264770507812,100.52995300292969,-2.530122995376587
0.8195870369350713,0.366077833779618,0.9905932152516412,0.8263495033205641,0.9096045785239022,0.7891423001040554,0.6096427297738667,152.56919860839844,56.092681884765625,4.772643089294434
0.9422053098402776,0.8545028858409659,0.5918664187900711,0.8283484657391059,0.0900604826882046,0.6328386760946005,0.9274553831432096,144.93995666503906,-0.7738988399505615,5.405135154724121
0.7392013037376375,0.6744311584124483,0.6634491886145976,0.8809057256528232,0.8771346711777471,0.6670831597407973,0.7845969988851618,138.72122192382812,-37.91627883911133,-3.19622802734375
0.4339413888052532,0.653001418737256,0.975560804258796,0.960659105539684,0.8011949693912935,0.8724157052691495,0.7887652913172714,109.44400787353516,85.2496337890625,-6.748771667480469
0.9873188139887132,0.7626449706403627,0.7333612732663148,0.7787030839836734,0.2080413320815641,0.7745831311844308,0.6934699990828327,150.1217041015625,27.448593139648438,1.2740566730499268
0.9252949249003924,0.3780357419236101,0.5657788706964377,0.9067505480558512,0.5787455705784069,0.6850927398256338,0.3775180914509725,150.85488891601562,71.01636505126953,1.631604790687561
0.8606038724893554,0.5696413832940883,0.838289724624616,0.8820606003265407,0.8438648466119439,0.7813009820526289,0.3168043118361044,161.2117462158203,87.21227264404297,3.3138680458068848
0.6928015530644783,0.5807064242101553,0.9335610950765344,0.809102163579979,0.1283928139905867,0.7193546628054098,0.5413450006570338,149.72341918945312,73.3166275024414,2.77900767326355
0.5598946212368499,0.3753623319619347,0.7240231375912176,0.6918192046712781,0.0953225094686895,0.9806032717867902,0.4159526433593335,156.8979949951172,90.13121032714844,-1.533111810684204
0.481205845509204,0.7150786489406505,0.7245123394843642,0.7965100700638335,0.7907574293703769,0.7234231312452055,0.4930156271032747,150.4893035888672,86.08414459228516,-3.109281063079834
0.8906696543015027,0.4544407514066335,0.8979198180932031,0.8479088286902537,0.0720409462104955,0.9921674816785762,0.6689011647618186,136.55419921875,83.44898986816406,4.417130947113037
0.5892208961824846,0.3768317617714607,0.6075800695858414,0.9855160528677857,0.080788566517513,0.5840477896739912,0.7260346673171828,121.9556884765625,65.32791900634766,5.105266094207764
0.8299351563057038,0.5484287955122997,0.534303249285653,0.8120995103403256,0.2518029141616625,0.8421441483547669,0.6126749207401576,145.34620666503906,56.361045837402344,0.4590791165828705
0.942588220729458,0.6511790395254083,0.7138101939708212,0.9583858921853424,0.9383408426723712,0.7312198190635416,0.5541465378412318,139.58078002929688,-10.481260299682617,-1.118126630783081
0.7250504203175214,0.4585644696800933,0.5669542463379792,0.9730912460551948,0.3605386728815575,0.9715729940760504,0.618663477549372,162.06988525390625,140.4512481689453,-7.281384468078613
0.5428240132839695,0.8800504047072504,0.7111473617749227,0.8017579488452834,0.114862619228191,0.6444594167337236,0.5650890824246662,148.4619903564453,47.515357971191406,1.7634108066558838
0.8924684796446755,0.7776580437937919,0.5119979179334607,0.7148093244918943,0.7593945907972328,0.6618191583279163,0.6844784671824439,129.73617553710938,-56.995948791503906,0.019054949283599854
0.6040229116838564,0.4613811406882575,0.6313631172660288,0.9976783485722952,0.8848140418892123,0.957320460325352,0.7337740560686421,153.1295166015625,172.15797424316406,-15.355708122253418
0.9692613674159242,0.4775310922664612,0.672270525600885,0.9453113865004932,0.3253976587821293,0.786961035624577,0.617622241676237,147.68295288085938,41.30369567871094,1.010914921760559
0.5591116399926958,0.7515186187303167,0.5390852776106074,0.7957427109571755,0.5051841542466854,0.6458844639904548,0.8630322599151334,154.5930938720703,-2.7291059494018555,-2.7211573123931885
0.709656873765026,0.5317293821932476,0.9035181474616928,0.7164765421588599,0.2632298398938155,0.8484973514204184,0.7787004449397458,151.5660858154297,66.71054077148438,0.9364089965820312
0.5542398311866832,0.8222745197645889,0.5195296164584542,0.7933172604296064,0.7517793324164265,0.9212647274129736,0.8129115087563995,155.77395629882812,113.4346694946289,-15.888834953308105
0.7755033009433948,0.8219585185987177,0.5884334368625708,0.8212362797611545,0.594619624978882,0.9954254668249172,0.5531326574443793,154.77169799804688,112.63531494140625,-7.3282341957092285
0.8591093077969807,0.4353413219367411,0.5670337074035163,0.9031505640665513,0.9405316205370938,0.8667226208252707,0.7420996510772744,140.58041381835938,53.75787353515625,-6.357601642608643
0.8086512828914343,0.7100452592938068,0.598047946767216,0.9737695278755516,0.9879276796668914,0.5887709671338548,0.5676162045569064,130.2811737060547,-39.979793548583984,-0.7696510553359985
0.6606429139458043,0.924758026590952,0.6711260941615711,0.7680326450007939,0.8310837061420662,0.8827303235852404,0.493464089315876,134.78346252441406,90.7576904296875,-5.421820640563965
0.7986138349159817,0.8845785353301889,0.9831049811628696,0.6834199532921948,0.8377640198534301,0.8826475533461751,0.9757129100222234,109.27702331542969,-28.583271026611328,-7.895930290222168
0.8902250941509191,0.4403315099584584,0.8403291744379126,0.9202020909652904,0.563657926972192,0.8171012010027874,0.8660390613237934,147.70144653320312,15.203058242797852,-0.13941553235054016
0.5579263646044983,0.769903686725088,0.8205652347762226,0.682423330489636,0.6652545353075082,0.9566113740446696,0.3228159126185321,156.00344848632812,145.0117950439453,-3.6636931896209717
0.914098367247936,0.4946480403455073,0.7364159018790721,0.6891957808666745,0.9701591959628342,0.7230585116770828,0.7994367620238383,143.40682983398438,-36.383460998535156,-1.2280073165893555
0.5700433957189937,0.3858107897740136,0.7876912909526227,0.7776202444699365,0.8326985163349739,0.7426803968361405,0.7906875547368766,150.21673583984375,67.61255645751953,-2.3122174739837646
0.9657411929777816,0.5631436075335611,0.5671653402300556,0.7780398082253284,0.4277122891623454,0.8047567459269875,0.7653300348788188,143.70620727539062,0.8723047375679016,0.900340735912323
0.8443316560074929,0.5280003211222375,0.5654135269940412,0.8501486829259254,0.5742015610841816,0.6111898467607574,0.3972327696357944,146.94189453125,57.09935760498047,1.5625355243682861
0.4632484084572821,0.4556615738521695,0.5613597074827493,0.7307139904642768,0.2971996800299946,0.6620867365692883,0.7035058428624658,150.65823364257812,59.31145095825195,-0.5423792004585266
0.7107992140101944,0.7715408353371038,0.7810748692427336,0.8859644307574207,0.4242606278097625,0.6372882489873699,0.8913291298554704,153.71347045898438,-8.130783081054688,-0.7888704538345337
0.7791111568317777,0.7623855765315743,0.981919241749892,0.9355940537472716,0.5196543341070426,0.7389991920038399,0.4405584529406441,154.68923950195312,48.996795654296875,1.2407615184783936
0.991359568919087,0.3695502216643294,0.783032480388418,0.9372423643938756,0.6952200924137758,0.882251231593222,0.4067254331616856,166.72337341308594,81.26705169677734,2.111612558364868
0.5667364473872826,0.8909147215928761,0.5355143905502471,0.9570698414124528,0.7549418411397054,0.824582562968545,0.5646206282171071,151.4893798828125,93.78782653808594,-10.434656143188477
0.4440930554349855,0.7684031989713189,0.868561405237875,0.8305757423432978,0.081166703094003,0.7758563747600516,0.7442642469494922,142.79588317871094,76.74208068847656,0.46124643087387085
0.9476275715307336,0.6359079126826487,0.6205728753974412,0.844386730380383,0.5648745490993772,0.6241882436112625,0.5939368961763614,147.2668914794922,1.0315719842910767,0.2490818053483963
0.50745746177161,0.4753869389644597,0.6246075562375437,0.7316999523262556,0.6676533906881399,0.6482267646957827,0.8350185759932831,155.76527404785156,33.962852478027344,-3.273064136505127
0.7062493207339726,0.5413665241318036,0.7951038499570622,0.7729499998279716,0.1431430604961518,0.6929400594604918,0.9338384821360536,148.57470703125,48.016387939453125,3.2543365955352783
0.5357853866201778,0.7740888950784863,0.9185876046250572,0.7767058899300672,0.3968900554810174,0.7310353489384349,0.7796671450003677,146.71742248535156,44.24872970581055,-1.6452440023422241
0.8686658396617397,0.8958508831160152,0.9911396734495856,0.9713743306595584,0.3777098254986814,0.7068389425990338,0.7075377778533933,149.94960021972656,15.63264274597168,-1.7423279285430908
0.9186644121332586,0.7263185033391844,0.5578216201597926,0.7963172664955249,0.2855403634588961,0.8982745767001998,0.4905450004177046,145.23251342773438,52.82245635986328,0.0942346602678299
0.7788760383349246,0.7998914365402331,0.6851564568032195,0.8740791858893835,0.193233759599029,0.6134670134933311,0.9607421839714182,153.78797912597656,5.462802886962891,2.7194595336914062
0.5834221115519097,0.4910713550811795,0.6486934525489532,0.8293863046161671,0.008984138766367,0.7656533336398514,0.3910128824307508,139.06021118164062,68.40423583984375,1.6141717433929443
0.5582821285443439,0.5270765375833656,0.6295286465557366,0.9228040974204612,0.2796192356802315,0.9783448926321484,0.5624953089390595,170.67349243164062,160.09445190429688,-8.554519653320312
0.8610699289209014,0.4947527606678599,0.8600488038931386,0.6791695215823196,0.2032109910356281,0.8650746581408818,0.47146584271436,154.99960327148438,63.609222412109375,2.5014491081237793
0.553715628379238,0.4205784759169355,0.914926144846944,0.6727115740224977,0.3875768843874165,0.6148220754893111,0.3394792968789974,159.99496459960938,88.92414855957031,4.295243263244629
0.9898295852617348,0.6537703612123003,0.9510258177847776,0.8897956434425274,0.8755421196839278,0.7630244852439445,0.8841110638779729,133.05923461914062,-78.51629638671875,-3.6259827613830566
0.8919828637729967,0.9763510410574696,0.5343033466366616,0.9373298108964632,0.7143545844874928,0.9271445048652384,0.8768843566169311,126.2995834350586,-6.614808082580566,-8.089964866638184
0.655657158427238,0.3707540126429384,0.6204936603359881,0.8408648223716374,0.0740949499943204,0.8619324120501711,0.4158387144210639,144.10447692871094,86.34376525878906,0.6635760068893433
0.7531526418547403,0.529607756192461,0.9151697662858148,0.9045041598199456,0.8806234557007377,0.877772140911647,0.5169238134893799,146.31961059570312,88.3487319946289,1.084265947341919
0.4743253277874022,0.5252777713508783,0.6492048641639789,0.7031668132042804,0.7099797174814839,0.9741208211776264,0.960135874014586,160.45484924316406,162.08132934570312,-18.502208709716797
0.8006890660458412,0.7989044638803299,0.659427833464194,0.87147492209438,0.3761577252926156,0.9935585482235774,0.7065736021485587,154.6517333984375,93.46945190429688,-4.619589805603027
0.8300751015347445,0.8891890701042793,0.6379523739563346,0.7026778092089165,0.8684756118812536,0.738748000284764,0.5844610256173365,125.1557388305664,-13.604782104492188,-1.2844579219818115
0.7829810293371637,0.5085010052703881,0.5366373737510067,0.9737642352855111,0.5509163912807844,0.9222989321276932,0.3408563915087139,171.3648681640625,140.0750732421875,-6.471299171447754
0.7940885385028843,0.8239231155365729,0.5532873564640894,0.67347996911472,0.0576638262506946,0.6122289510044376,0.4313248055941638,122.30174255371094,32.017051696777344,3.4189236164093018
0.4428326744609872,0.4169421646380811,0.5541198726502042,0.8359431141161572,0.5038594035760667,0.737353233038478,0.6938278184990866,162.08343505859375,110.4322280883789,-5.94650936126709
0.6961587493123051,0.6159621470908088,0.6364189307735961,0.7943705353460048,0.4495774007656173,0.8457972553291837,0.9635307834497616,155.57713317871094,48.537349700927734,-4.401305198669434
0.5147381108489519,0.8869006393218428,0.516068617374723,0.8706815332816624,0.339622722249648,0.7150281824631027,0.4977499723200148,157.29937744140625,62.98643112182617,-3.0177102088928223
0.6373365645922607,0.5793939520167498,0.6869530219543605,0.8134276225977495,0.6394633802623393,0.9941687596210894,0.9164675312411744,151.62704467773438,132.78054809570312,-12.42908000946045
0.5566989519357344,0.9018013263559636,0.7154581403441762,0.8546000833285111,0.2088241512853133,0.8434327918653741,0.5803535019993781,158.41119384765625,81.88282775878906,-2.044039011001587
0.6514958274303289,0.9127054646154222,0.7277703157153581,0.8953517101019518,0.183080795473098,0.9265968942775882,0.567368634816666,157.5110626220703,97.26260375976562,-1.983704924583435
0.712044807345204,0.6286361679011119,0.9652161886473156,0.7817951675410658,0.4682395211426049,0.6293456059536431,0.4554195443130405,162.6103057861328,70.709716796875,1.547286868095398
0.5021093773246107,0.9356478051277696,0.5968448518004366,0.7218576776827712,0.710613952452442,0.8338617982429779,0.6578346453759073,149.5891571044922,72.16505432128906,-9.460691452026367
0.8471162087380822,0.5271623411637663,0.8743799192429861,0.8183473098341655,0.2646709239792648,0.8403616123529609,0.8062663976431776,149.93887329101562,55.19318771362305,1.7914243936538696
0.7967009615841081,0.4740971224601614,0.6272654553423269,0.912144048288156,0.0706657985518814,0.6976007750697525,0.8845272698561054,130.5205535888672,49.03258514404297,5.475983619689941
0.9655319367933992,0.4433166800492323,0.5280728679280374,0.7900000727153325,0.9674125802412856,0.9796411657929668,0.6237261888827952,136.9383544921875,88.60633850097656,-5.938397407531738
0.8333036748720555,0.3791104668838662,0.5804145413704027,0.9037592356241796,0.2590134244546647,0.8750939644744637,0.5561065425270907,146.44541931152344,84.89421081542969,0.09175155311822891
0.5140981442738488,0.8174813273070434,0.7239667335002336,0.6965866817517924,0.2826063261899735,0.6312374671612371,0.7465405665851796,155.96571350097656,21.19729232788086,-0.287180632352829
0.4547903838969761,0.5296741909412124,0.9255554991362096,0.8650406787132209,0.0968739883421673,0.579368950732483,0.7968858356188011,131.21458435058594,63.235008239746094,4.542418479919434
0.5233378224739871,0.8416671167989274,0.7424485702187333,0.8583451372459774,0.9206685640996162,0.91135148468204,0.6108211709569524,130.2323760986328,125.87315368652344,-10.814826011657715
0.6312785926531177,0.6696682660462296,0.5518713539098619,0.9359932331207004,0.5690370500993516,0.6566330795242588,0.8825469105217285,149.5697021484375,-5.246184349060059,-3.501744031906128
0.7895697653420148,0.6238691639049954,0.5793236712926608,0.8661960276681585,0.9301968726243351,0.799257940632226,0.939063151227158,130.88552856445312,-28.19095802307129,-8.261039733886719
0.8215872003163616,0.9290152479733658,0.7581113017837562,0.6796818201009083,0.3503393637788973,0.878784743761551,0.3919892980081813,147.8914337158203,57.85176467895508,0.40786299109458923
0.9785544295787107,0.8886385478383909,0.8636060204153533,0.7754689792867763,0.1650615128682455,0.7500265547240785,0.7673010827688,156.51023864746094,40.549964904785156,-0.2353733479976654
0.5286445951044487,0.8998170295897703,0.5354843567425598,0.6757330640754563,0.7929294119970004,0.7864483440324345,0.8339754258826184,145.3071746826172,14.299407958984375,-10.514192581176758
0.5137829298882152,0.5242763844962228,0.6028485302799479,0.6690129011278811,0.1860074529220277,0.6355222804804399,0.6197733714240932,144.67050170898438,39.65739822387695,1.6800380945205688
0.4477153744530494,0.4198455559914422,0.7990175308323394,0.9872555889634028,0.3273861795220291,0.908451998760808,0.9212692529753358,135.1246337890625,148.34600830078125,-6.321196556091309
0.6208045591820952,0.6856612022077495,0.8056960555711885,0.6933210982998638,0.8014059484249559,0.927017490509503,0.5795082755465195,146.59742736816406,116.72505187988281,-5.762462615966797
0.75285583907614,0.4048352789174957,0.8977482413232687,0.9776726336234433,0.1766174768200382,0.7575725688663737,0.4030462438031044,153.47305297851562,73.65436553955078,4.25477933883667
0.5017759620532766,0.3889786064699114,0.9298809529053192,0.7199793651354167,0.2332806240279842,0.7424070508254655,0.7443435706733486,142.56430053710938,73.89459991455078,2.8551716804504395
0.903402561649346,0.9433059491918684,0.7091763915967341,0.9309178551636144,0.3021139854028666,0.811098697351746,0.9025450643300554,147.93031311035156,4.843359470367432,0.015588188543915749
0.9187954836338884,0.987616855271458,0.8297593148176479,0.778039911149022,0.8254864422577967,0.9257935855937144,0.9949240821254832,106.39045715332031,-55.0847282409668,-7.595358848571777
0.9974782964384488,0.394132905132277,0.7394195604109373,0.9182166459793468,0.4304365825053525,0.810992541931451,0.4745740133706843,158.13455200195312,60.41542434692383,1.6878207921981812
0.8021529043023257,0.3868475960333982,0.5973791186624609,0.9954208849372032,0.1268689191600889,0.8340351941877444,0.5423199646850364,138.34576416015625,82.58610534667969,0.8527534604072571
0.6911524495437336,0.7526293408971956,0.7236334304222198,0.7002276919396587,0.6348830682652122,0.7696460997557848,0.3364482999272518,153.69189453125,81.9363784790039,0.13380716741085052
0.6084115988788628,0.481802548398462,0.9322858542329078,0.8179139623571299,0.2428266518690498,0.6000291896894838,0.6293279198975767,150.50015258789062,68.38522338867188,3.4759469032287598
0.8098932021921885,0.9107366407569994,0.7797998720749135,0.896713782194969,0.4519544010494765,0.8778535003413506,0.570996779232618,148.55972290039062,55.832855224609375,-1.672967553138733
0.5440194203832174,0.6994592313805283,0.6040929917409976,0.9381271148222377,0.0048518211256847,0.627456172067781,0.4086606792735766,135.7587890625,63.94964599609375,1.6394100189208984
0.5268316211883599,0.5054697213609902,0.8791157723520788,0.7267066702926784,0.0274126246951133,0.9360102823722594,0.3713563921647032,147.723388671875,69.71505737304688,1.4298441410064697
0.5997615369068079,0.6338871346007214,0.973632397207426,0.922385955548566,0.147553323591371,0.5954311008184286,0.9158724113679504,139.5054931640625,52.5203857421875,2.851958751678467
0.7476901007594834,0.8761232735748707,0.9930008954857408,0.6878011432461982,0.1482328119996086,0.6267055440374696,0.6761040774669795,158.28884887695312,70.47113800048828,-2.1693413257598877
0.5037631224176126,0.8652400657446528,0.8382377027972844,0.7250097202297269,0.7952507535936132,0.979368310607204,0.7987856046788969,124.4040298461914,119.3797378540039,-13.376803398132324
0.5462860202455466,0.6735340406462789,0.5753791505568865,0.9077291114017684,0.4999592319433369,0.898849787968767,0.3631052024926607,178.3514404296875,154.73654174804688,-8.9273042678833
0.9315966624880117,0.916277930769112,0.7814836785082186,0.8320968858564799,0.4071775370164339,0.6372633712085748,0.6242178855340956,153.25051879882812,12.6060791015625,-1.4184095859527588
0.6323626407970593,0.8060132143294596,0.5680339976884642,0.9115401662541084,0.3397252494594933,0.7156137501473777,0.9738015458468168,154.61172485351562,16.481735229492188,-1.733819603919983
0.6918048292304627,0.3993884071190846,0.8096749084251664,0.9726617569258696,0.620255673322495,0.8571801578648718,0.7597248693904437,148.87985229492188,79.71205139160156,-2.1865501403808594
0.6892900824920716,0.9090580245253056,0.844599903456922,0.9677110948219196,0.1118744950816855,0.891672513467316,0.5738840930511002,148.55226135253906,85.00735473632812,0.5432678461074829
0.4802103302568666,0.9002062382285938,0.7497047029445238,0.7310714729591907,0.4948387271790613,0.8809346062555886,0.7320437918607786,154.2410888671875,86.35391235351562,-8.067548751831055
0.7101027365968489,0.7476605620171537,0.7656712431312581,0.9025978552809946,0.6625920115979704,0.7417357589260163,0.3690420655823385,156.32699584960938,70.24166870117188,0.12221572548151016
0.8411285214324774,0.8111354125688196,0.9315071705688522,0.8216203455695901,0.7515142086616508,0.9392862847662802,0.802709309717627,121.44937896728516,26.4963436126709,-4.569375038146973
0.7020178283478908,0.8071892964742851,0.6768741794781215,0.8757048283329021,0.8828594734377335,0.8034832996955538,0.6610733087260765,133.99160766601562,31.197147369384766,-5.705325126647949
0.5402884267996856,0.5409347502286589,0.8508066827919696,0.734967738997529,0.559995084047699,0.8415849606578193,0.956711096644678,146.36514282226562,73.12145233154297,-6.012503623962402
0.7691750334184243,0.3849715480527462,0.5396778099340224,0.9369662592533672,0.76001509587289,0.8690331307083219,0.99128626517551,140.39065551757812,55.14429473876953,-9.25294303894043
0.9435565614077074,0.8915738161456512,0.8960614081869348,0.777455899988114,0.2233613554753607,0.7195372215681807,0.8270787296013487,159.58200073242188,31.339351654052734,-1.2508400678634644
0.5238941550423577,0.5333401990514057,0.6296115723745915,0.7090529767771908,0.4000274759574754,0.8146399947174507,0.4761174207661508,166.9048309326172,97.6218490600586,-3.5633254051208496
0.4614115597286807,0.8943584125054307,0.5613865606245392,0.9041079201308752,0.4481455969327232,0.7251279844272883,0.649225849826242,159.6698760986328,59.99692916870117,-5.750888824462891
0.8320533360086433,0.5884550682698366,0.5486747211801106,0.9786867073658332,0.2463273399655612,0.609357883079717,0.9650974361173688,137.14633178710938,-9.158376693725586,3.445366621017456
0.936949112781773,0.9751219406975024,0.5319992486764852,0.92391864013775,0.827460323782159,0.927503161285636,0.631000840819391,117.5852279663086,18.07794952392578,-6.390429496765137
0.8203631877362517,0.4375438149743481,0.7816505154878906,0.8177033535426536,0.165978157934142,0.8476710483231442,0.4842005646659396,150.27944946289062,73.37161254882812,3.009481191635132
0.9379527715069522,0.8016453956800409,0.77560003474116,0.937182184269796,0.6831300779860767,0.7365733376410151,0.5054127779858413,147.72879028320312,9.81632137298584,-1.1969245672225952
0.7682846988667328,0.3836655106671031,0.5306118496989716,0.781524958532689,0.7660791890089753,0.7334417170345496,0.7211617925160139,149.63546752929688,41.39881134033203,-1.5036853551864624
0.996050320445239,0.3687569314545083,0.9162831426018638,0.6836705885443505,0.4235941916279441,0.9080339741399054,0.723279778081958,156.5369110107422,47.07514953613281,2.3398194313049316
0.830369760702405,0.4253752955450652,0.6102191164474059,0.7608043698101182,0.5180064660051185,0.8703360946041617,0.5560228442200228,157.85079956054688,79.79668426513672,-0.7524465322494507
0.9609715792903306,0.3747616811534978,0.90720540885115,0.7525410824975937,0.9380523440107458,0.965853546494888,0.9472700114725844,125.8669662475586,11.449703216552734,-3.1527419090270996
0.8210523493115376,0.6235176331041898,0.6827853288319271,0.8053715404180226,0.92230848584216,0.9692669754306296,0.4325931505805119,147.6509552001953,137.3693084716797,-4.082364082336426
0.4590952423528035,0.4331026032155201,0.6077895647746558,0.7375752955982334,0.3336311140231898,0.6805910133320694,0.6119935702052286,154.2189483642578,73.74618530273438,-0.7244083285331726
0.7520395917086906,0.4392497830164151,0.9086233913777232,0.7306318959139557,0.2769765378802594,0.7051588765294394,0.9005735717119129,153.91876220703125,46.66722869873047,2.1899662017822266
0.9433155695129776,0.914187197942939,0.9147967672987808,0.8509902533626811,0.929790357675555,0.834147830048925,0.8933735114633127,103.4183578491211,-85.53291320800781,-5.783028602600098
0.542895723828836,0.7681581389658987,0.6752856170815905,0.758842148269931,0.1581893443121692,0.969079038128976,0.7091172143792809,165.1961669921875,114.95307922363281,-5.368645668029785
0.5934883490112057,0.5295474616985879,0.7080810247553693,0.992678705288188,0.7844629505889842,0.6720172209415367,0.483670151956902,159.5060577392578,68.38019561767578,-0.5545507669448853
0.6658666722983183,0.7911431557702884,0.7492948232774845,0.967321216626192,0.581433692674321,0.9602378408698496,0.5649850220568625,154.37286376953125,118.40672302246094,-7.1600494384765625
0.975953678668097,0.9918434850184856,0.817508783688675,0.907146940916811,0.1892433542347971,0.97581062286279,0.5549749159563603,142.66030883789062,69.1899642944336,1.094695806503296
0.9812507708569436,0.3611535969056877,0.5945684970117847,0.6673223583149278,0.5783311449582327,0.637770478669194,0.4209610886153051,143.73733520507812,52.565162658691406,3.362514019012451
0.7515728749649591,0.8177817820750942,0.5215124689465186,0.7371093733459588,0.87639061857164,0.7913167660833916,0.6726883338506597,131.727294921875,8.615650177001953,-5.108283996582031
0.9547747704214874,0.9420334457992512,0.9269094976985824,0.7913594833691748,0.6289179159522982,0.7528070278911355,0.7583009868197521,140.84133911132812,-24.996206283569336,-3.4773077964782715
0.6047006315090068,0.8426969115918199,0.9327956597758932,0.972769719468543,0.9732549330057458,0.6503064016917296,0.8501441868887718,102.63663482666016,-88.72283935546875,-3.706263780593872
0.7534722915858004,0.5930908327827267,0.6784417697885576,0.8329740716240482,0.404846650096008,0.7345813489569012,0.7696619218356611,154.74118041992188,32.22240447998047,-0.07767604291439056
0.7323711650339115,0.4775279074214541,0.8331867185700866,0.9572060001036125,0.8241552051489212,0.6171934920265396,0.6938104926381752,152.32208251953125,-6.48500919342041,1.4688374996185303
0.595787750118674,0.388274033426459,0.8840426621670257,0.6972578050474739,0.6567598717077764,0.731610106546925,0.7515567713641622,156.25640869140625,62.94684600830078,0.3985653221607208
0.8702541725369249,0.9209268931233184,0.7561501340113014,0.7076626365999478,0.4533409462716682,0.7867489704437174,0.5881574264457274,147.9306182861328,20.297870635986328,-0.42809516191482544
0.6152122534508766,0.3707793975836462,0.9177303683816612,0.6688045747622537,0.5133686219399783,0.6519823027375685,0.7559101766106586,159.4293670654297,53.21541213989258,2.032714366912842
0.9626202937992606,0.5332484899025828,0.6689364552979558,0.6978803090023697,0.3485154983570456,0.9661298875423988,0.3711675312596498,152.33856201171875,69.72209930419922,0.9453550577163696
0.7928255268461154,0.6859439247405974,0.908862994239846,0.7301141168194418,0.7598240847888458,0.9601866468439874,0.547626703692371,140.982421875,94.11888885498047,-1.566227674484253
0.461908613326777,0.8974004150367432,0.5228718356924988,0.9627828699803715,0.2814983502612682,0.6685181605342556,0.4621876161707688,156.45840454101562,62.79954147338867,-2.956819534301758
0.5744197240465011,0.6700817385477883,0.8556770318489413,0.7495423676739236,0.1878523149261708,0.9229613553558612,0.6252321339555064,153.13877868652344,92.57740783691406,-1.244079351425171
0.7063775632218784,0.3867649388776343,0.9217300178639184,0.9166145734321955,0.3758164168436662,0.7512378100508964,0.3216892580558,167.0579071044922,87.01140594482422,5.238631725311279
0.6305306442144711,0.7824632195519461,0.7547244836343541,0.6741282315353759,0.0189437465155277,0.8718442889311697,0.6895691491008161,152.80577087402344,57.70954513549805,1.188873052597046
0.7908512657991819,0.9304354244617564,0.715842133079432,0.8059132810991056,0.5817012514878213,0.8401202132511588,0.3194890688040801,145.54864501953125,76.16856384277344,-0.2417747527360916
0.8172664982703053,0.3884612882213847,0.7709287378455909,0.9907526766627592,0.5203162078890153,0.9843192074402136,0.8450919133206407,141.44583129882812,96.75190734863281,-3.980785846710205
0.8523300007639012,0.6099567865207337,0.6745125613637634,0.9451236148381196,0.5822683773531254,0.6707794919075254,0.3915533890617281,158.27554321289062,53.465301513671875,0.20582959055900574
0.8589827214108798,0.7374753167334327,0.9682836967049862,0.7604531413383796,0.2131255174863035,0.8425600959312356,0.5294832236195435,153.52272033691406,69.84129333496094,0.9491866230964661
0.671217475153792,0.5955249627344762,0.5240932913152894,0.7492708700436919,0.9762897809380248,0.8275300232086519,0.436779803571775,148.8358154296875,136.58633422851562,-5.333022117614746
0.9131214432709674,0.8143971885162371,0.7465010076958114,0.6696631758336289,0.7888088292184724,0.6081502525787511,0.7728203570394301,144.36814880371094,-70.85436248779297,-2.6604533195495605
0.5556061856587177,0.5209435521576299,0.7669013941442728,0.7341859639486662,0.490243344686047,0.8348219250081117,0.3225656277099681,170.28298950195312,116.55696105957031,-0.5363008379936218
0.8391012336329684,0.5997083720561319,0.9243605219622888,0.8300780086437795,0.5060561916582139,0.8994226901834008,0.4899938459107089,157.42819213867188,79.82571411132812,1.261112928390503
0.4900795618893605,0.9146571335049904,0.7335842287364214,0.9558422595528102,0.4363926402697671,0.816937214811893,0.5008517250488954,157.3015594482422,87.5368423461914,-4.769511699676514
0.8967452913934831,0.6418991956481896,0.9069346621337948,0.8309555615517603,0.1154191246371873,0.6739242311344946,0.4668843866630168,155.74351501464844,86.20649719238281,-0.07367776334285736
0.5659135498440282,0.6092713912790799,0.7567383167701893,0.7198560335931592,0.2938403262414841,0.5919328272637299,0.6286536388832047,153.45449829101562,45.50059509277344,1.4105876684188843
0.6086132412967934,0.9595880632194708,0.90212563476351,0.9049591289230065,0.1859483621269245,0.8534480413640175,0.6995668428313344,142.98928833007812,75.97695922851562,0.0042340392246842384
0.7438118031630487,0.6237196291609597,0.9436733950313008,0.8930729490992884,0.2512474552228318,0.973240094781328,0.7189616987423684,140.82473754882812,95.77213287353516,0.5053564310073853
0.5677525233549139,0.5953548082526441,0.7355878443189047,0.9620426861859932,0.9105384225239078,0.7573633497352333,0.6819542037419988,141.63221740722656,57.80216598510742,-5.515719413757324
0.7556516582570412,0.4412204397691651,0.5608719137685911,0.8793800371412508,0.9644144064585362,0.7969143196895191,0.99470312378691,132.6306610107422,-0.9859758615493774,-8.91752815246582
0.5251086526533333,0.7653845163662123,0.7600544223318865,0.96310115535768,0.9688941632227868,0.9548266134866468,0.8504311402818797,113.77049255371094,117.7984619140625,-17.35296630859375
0.4480754590530951,0.7472854134059075,0.8086699635188835,0.7302607764397627,0.7225985605875549,0.7096203519464043,0.3782253447550657,149.24656677246094,90.204345703125,-0.4429534077644348
0.8122744517443127,0.7866242855613533,0.7031214677963309,0.7861983291797613,0.8409131532592121,0.9938768717540056,0.3568721776655534,142.85888671875,137.66038513183594,-3.5695953369140625
0.5552007271565534,0.9864711529381672,0.5801161956459849,0.7668964239338946,0.1702015235635099,0.7088523759237193,0.8796805774192659,160.33212280273438,22.264434814453125,1.425156593322754
0.4387729149079425,0.914517450757099,0.9368534787021928,0.9037683950111456,0.5994851075069014,0.8477942127158142,0.4554173839334952,133.114501953125,89.06985473632812,-2.2897582054138184
0.789759637323812,0.5178914016402116,0.7631428226972321,0.8257533273656594,0.7807594969262032,0.7722847453151263,0.9294133277628386,144.38829040527344,-11.388703346252441,-3.533381223678589
0.7158914507344221,0.9783212334517124,0.955346204973358,0.7052255978181233,0.1448485842041077,0.9388052722609972,0.6781624211507704,142.76560974121094,74.68571472167969,0.4303436279296875
0.5825417558810304,0.6481083108114198,0.8592032854371792,0.9583052334449778,0.7505993683131807,0.6303374515624273,0.3520185189875263,156.6444549560547,59.4854736328125,3.3611531257629395
0.8326372665315108,0.8200209445025857,0.966149140185534,0.8537757062914445,0.6222066259817765,0.8411674304555963,0.6022163499471922,140.1129913330078,36.998470306396484,-0.7975307703018188
0.5749603249625085,0.5390966077335169,0.5406231059002289,0.8450942572781028,0.7962317714230448,0.7609418546644585,0.7718197933345967,153.9480743408203,73.54829406738281,-8.34446907043457
0.4731969810603911,0.6453152176576279,0.8309603706055402,0.9680015869705768,0.0646754359062709,0.8601969553382918,0.88587867456209,134.07781982421875,115.76094055175781,-0.612544059753418
0.8059158530656754,0.9828933770854312,0.5494487123577996,0.945612423265984,0.2059351542802982,0.7530535096106049,0.9713363705355904,150.46759033203125,6.148195266723633,2.602240800857544
0.5986346448827307,0.8649204224613816,0.5572522020956695,0.6971517522817736,0.1262281078830285,0.8988167468287913,0.7811635815899047,165.11502075195312,64.65483093261719,-1.9488483667373657
0.4922066371159741,0.7969569717522962,0.5664075629397916,0.8207754435609601,0.5978469442970411,0.825741709745689,0.9842941445958124,158.56210327148438,65.803466796875,-12.437528610229492
0.5248410942697108,0.9287846645504394,0.8515023122659217,0.7181880301706663,0.6945074686528111,0.8782298266330395,0.5053511806081316,135.4358367919922,93.83969116210938,-4.443985462188721
0.6585066087602922,0.5011543944484722,0.9142662339990262,0.6704342710389827,0.4512064847556976,0.8396983118397432,0.3291830249109428,165.43309020996094,96.6028060913086,2.676417827606201
0.5006678384586658,0.4054643512018862,0.8679497484521448,0.7722016847363528,0.6552379503450323,0.7006653213829328,0.34539960224019,166.74668884277344,114.83106994628906,4.611950874328613
0.6838607108178074,0.5392856889991352,0.8214487587615353,0.984642441058034,0.9965853685572812,0.8917381181577614,0.5957504576994311,136.88876342773438,97.96045684814453,-4.259292125701904
0.9055314451820672,0.8075835337254518,0.9034811157724943,0.8843603379994956,0.2917495273639681,0.8961130878930603,0.7889013600872485,145.43836975097656,47.4889030456543,-0.1976512372493744
0.6382670498658624,0.9134577666158864,0.5481677762887807,0.9770096372554268,0.3681727583489338,0.9104973499384011,0.8708118341486744,159.9366455078125,95.94143676757812,-8.407136917114258
0.5989859222153098,0.5082432528590295,0.7341963972152232,0.7111788527774688,0.8707591358893815,0.6876503993964534,0.7329909767429661,150.5755615234375,37.89341735839844,-2.238673686981201
0.4624429685390018,0.6631892453495696,0.6099307998024336,0.7659504388640391,0.1501408008031657,0.7835953853209754,0.4815682014871608,158.16744995117188,74.48193359375,-2.5066399574279785
0.7614288575620203,0.8150626517230755,0.6229961738678855,0.878337334370914,0.2578704279950217,0.6398968816208956,0.9167920680694516,152.1092071533203,-3.554105281829834,2.1022469997406006
0.5725607375349673,0.7081654801259848,0.6749300225365519,0.8213941364275955,0.6139539386207991,0.77332580474368,0.3995191819206443,161.74118041992188,98.57416534423828,-2.621901035308838
0.9082935685596414,0.9277553016241262,0.6448745312223471,0.8392159685366338,0.1576714643931591,0.8311368128595661,0.4351751106373491,142.81153869628906,53.67335891723633,1.6305568218231201
0.975949110238694,0.9703963870604888,0.5837494947726733,0.7475040010630721,0.6463644610907747,0.8814261780096208,0.7818456439418575,128.54257202148438,-37.3029899597168,-2.06419038772583
0.4443361444775972,0.3605756065339881,0.8891198193416627,0.9623357671126108,0.0506812425932637,0.6812820243417672,0.6042723820582674,123.6026840209961,72.40937805175781,6.1678266525268555
0.839004311236802,0.7816415191068296,0.7640878113400169,0.8057627970291605,0.9780929830933588,0.7415596081733722,0.9712594748100868,118.953857421875,-105.50129699707031,-6.314908027648926
0.7670303997300034,0.5442635616261794,0.762379447809401,0.9223304058233348,0.3916679103550899,0.7327572842011836,0.9829941964920844,147.58705139160156,15.027847290039062,0.03947044536471367
0.5501618767736426,0.6790549180129907,0.5317664939480394,0.6875007007605015,0.2549626823874947,0.7293505007212082,0.3232584117197355,149.76954650878906,58.383018493652344,-1.076001763343811
0.5658356922646681,0.6625713376358565,0.55857857802763,0.8225348018762143,0.6188842511002763,0.7985810637121272,0.3890839866394499,166.3318634033203,121.15557861328125,-5.3194780349731445
0.5772250581879366,0.4419168048751816,0.8368134610717475,0.935278679747342,0.1095368950004505,0.7416002960549612,0.9091697832850598,129.86502075195312,80.47178649902344,4.033882141113281
0.8978984676637348,0.3875022334359153,0.9455707090546076,0.965868418472747,0.1629180818486321,0.9614225908414016,0.4593560466554275,147.7770233154297,78.82307434082031,4.70358943939209
0.6814375977346525,0.3681367930431264,0.9719047602126504,0.6861858306363731,0.4123930528207021,0.7439968566634205,0.4359883438191037,164.19415283203125,87.70289611816406,4.663738250732422
0.4836872935975444,0.6049251350661549,0.9195546459990992,0.92260011327397,0.0190830575913267,0.8655621049164799,0.6052245658896139,134.4076385498047,90.67105102539062,2.123131513595581
0.7914472507640197,0.8539496279995945,0.5998371373723924,0.8601210038197841,0.7616053812199985,0.9362551513860272,0.7092649252333709,138.28912353515625,61.2110710144043,-8.375868797302246
0.4991549710739107,0.8421372065460861,0.5764193123507125,0.8094323520770828,0.6808006953244593,0.930912458415448,0.3708278776472864,169.0026397705078,171.6303253173828,-11.267396926879883
0.9486576380430988,0.8983046179370748,0.9776922437816968,0.6884988536563798,0.5702114619000603,0.6047879712584356,0.9280721103008124,165.03317260742188,-37.292423248291016,-7.656972408294678
0.677884146720724,0.6911277778232632,0.8563616864086454,0.929233376384601,0.2098889034915427,0.9933037707336956,0.8082505118134435,141.8596954345703,117.98441314697266,-2.18428373336792
0.4589213077221268,0.7909012437755469,0.5205218244034004,0.8506087363660502,0.8970478491387116,0.6938370439045429,0.4256493359975277,145.8100128173828,100.50762939453125,-6.198963642120361
0.6382174118473812,0.4647842821164154,0.5222717041806817,0.938123675841084,0.6451917310242954,0.8622189566141664,0.8600264643518528,155.5277862548828,108.4747543334961,-10.717691421508789
0.8663467051151903,0.6495642126951304,0.7284783550382093,0.6726766718655052,0.2344816107709257,0.8610982122996242,0.6948874005884969,153.54757690429688,34.827850341796875,1.1829159259796143
0.8439063520661622,0.7562153616761207,0.5146310654824874,0.7269482885084904,0.8143550213479357,0.607401252636572,0.886552322701106,132.65615844726562,-115.44911193847656,-1.1565929651260376
0.7565832555061508,0.7078870789289214,0.5390188367199793,0.6765711944588058,0.1431774099850056,0.7024941583379872,0.5977673687111624,138.58892822265625,17.16995620727539,3.194739818572998
0.7616558940212816,0.4554448786414333,0.642445196292802,0.8872743986727972,0.6909576818352914,0.6593265174610848,0.6145039581945998,155.49317932128906,37.6115608215332,0.5669395327568054
0.5882110897628846,0.9113436600997452,0.7976610619449531,0.7950142108360903,0.5426642665993143,0.6097574331587665,0.6558398993269666,146.94960021972656,5.891897201538086,-0.8892666697502136
0.4516558486047555,0.6650409597927822,0.736632007078526,0.9075882188894756,0.4258737356701456,0.7031442861613959,0.5196671471347684,158.667236328125,75.51000213623047,-1.8512153625488281
0.5554414419056952,0.9405574863528904,0.7508564522472134,0.8496095130857492,0.6239092412254058,0.6680175838068589,0.6201744513193076,142.34173583984375,13.895524978637695,-2.0019285678863525
0.9884471443318829,0.7590846896241147,0.7553084612262427,0.9695556245486212,0.5865617060525908,0.9633164534672998,0.860027656639775,133.55203247070312,11.26059627532959,-4.836292266845703
0.9016188714391196,0.6785906812119791,0.870053338294864,0.7547406141607195,0.9746243311155084,0.8997683411782299,0.4419318153613394,133.19053649902344,82.57183837890625,1.2512261867523193
0.9042007897534374,0.6527545377290116,0.7193046501395244,0.9793457202126318,0.8757127595943757,0.7678476584156076,0.790992308044757,134.27894592285156,-49.409576416015625,-4.169257164001465
0.6880242928039195,0.6019739314011371,0.9017038009151994,0.8716511754847692,0.8226217062025283,0.9688374372801568,0.7269407818680171,129.96347045898438,102.36078643798828,-5.59920072555542
0.7780965370833781,0.8841716336172036,0.7690426259712108,0.724823388634531,0.1766789238522954,0.9773322781213148,0.3438913792094052,152.71658325195312,78.6113510131836,0.42030924558639526
0.6262399755141334,0.7571024724431076,0.6866911325957942,0.9291927487321182,0.4471237764974273,0.8905130352976405,0.8724979041014388,153.16641235351562,86.11856842041016,-7.2796311378479
0.8886603043085266,0.8645073102643095,0.9891551608560808,0.9617383869214462,0.5064129903998913,0.95447201726269,0.6415139571745523,131.58876037597656,48.16452407836914,-1.13689124584198
0.6333276762943608,0.7749005981259882,0.8234216314505565,0.9827560284769412,0.0375107336977053,0.9221114446370808,0.5395952884657319,148.8147430419922,98.52086639404297,0.17719782888889313
0.5190529910190828,0.4826955334995578,0.5682540559431849,0.722076884490551,0.3546962864143649,0.7590818308785311,0.8595580297634244,158.5328369140625,66.04452514648438,-3.417618989944458
0.5814695892577377,0.4032406346794809,0.956527565574923,0.7201961567139896,0.4158260166478691,0.7183409919431816,0.3698444229989545,162.3501739501953,90.83723449707031,4.950585842132568
0.8371414460353168,0.4233381644450235,0.808426949147739,0.9945084693199996,0.5475790409136905,0.792877171863617,0.9648655299067472,140.58932495117188,4.471285820007324,-0.8458675146102905
0.651933972594489,0.6513142874373277,0.5969791201367247,0.9489107062821618,0.1882300383199246,0.6625246067802337,0.7168361302633155,146.03782653808594,48.50431442260742,1.3827476501464844
0.9633490050958664,0.7597091745443783,0.9666511645546784,0.7643504452805208,0.3381414425779899,0.9243289551406072,0.8675636702465508,145.17376708984375,38.252952575683594,-0.9705623388290405
0.803905702095578,0.7744704407085401,0.763586764179663,0.6855942252477178,0.6246976964927133,0.9773743539088696,0.4127889233730173,151.02735900878906,102.18009948730469,-2.0519254207611084
0.896285933184691,0.4984055794682694,0.7729180817432435,0.8720710524305763,0.6604712927456502,0.91020310937145,0.8118508791591662,146.0463104248047,39.4626350402832,-2.7811782360076904
0.9018646461421318,0.4419420058187617,0.904568305713516,0.9966313320371768,0.8555030126713866,0.9438989643541428,0.4413089259827845,156.0870361328125,87.65005493164062,2.140237331390381
0.860642871261067,0.8083864157442147,0.7729842558026627,0.9037807199080704,0.504650857667158,0.5753198161286825,0.4259401966692269,155.33790588378906,39.10774612426758,-0.751610279083252
0.8793347822286944,0.4024027319847265,0.9091463652756032,0.8110293763534556,0.8981378064927924,0.5804767680165827,0.9178549523582058,156.8543243408203,-58.53729248046875,-0.21266260743141174
0.558261458064965,0.6089894497905313,0.9921699895287056,0.6755033350587192,0.1541024613040681,0.6150950835930735,0.9714362108103002,149.45663452148438,53.5958137512207,0.3951468765735626
0.5440527210902897,0.5644241002201544,0.968597972539027,0.8643583423220049,0.8047503270404596,0.8975487743171646,0.9628546592493734,110.7407455444336,73.77236938476562,-7.791609764099121
0.6026040901392782,0.882897679666578,0.564430660850626,0.8124096836301511,0.3532081410761009,0.772755006979442,0.8933057382480877,159.9642791748047,31.273096084594727,-3.0349955558776855
0.4512803662168257,0.4144327319863382,0.9469538287447324,0.8360039414414209,0.8247836876030946,0.6172571845354545,0.7501091288047148,138.0786895751953,37.9166374206543,2.458174228668213
0.4569983014113558,0.6786220023820857,0.6876196505747193,0.7225585497993346,0.1322335447200664,0.9290601162111762,0.5833950409098594,165.23768615722656,102.10269927978516,-5.376318454742432
0.7181146327889105,0.5561188520045154,0.6355018219665561,0.9739846090128764,0.6071289626705504,0.6939586111037913,0.8724522912070889,148.27407836914062,-1.8479658365249634,-2.8663277626037598
0.6755892340154467,0.7095841093949323,0.5636893822943144,0.985181162554964,0.979889718288306,0.711853986229954,0.6450371411975282,134.08456420898438,13.548210144042969,-6.373958587646484
0.9093003695183992,0.5417159380129668,0.8964385378280968,0.9591978417720828,0.7625198333388631,0.852239042893324,0.5681572008337767,151.55284118652344,38.75335693359375,0.5009172558784485
0.6540743889346331,0.4998519728564952,0.602680331419478,0.9698784186181446,0.8706769059463476,0.9119619070452698,0.3612145204994478,173.9510955810547,186.40951538085938,-8.087518692016602
0.720262668604663,0.8144471502030997,0.83442648444395,0.7422635719030048,0.3034946076296436,0.701326111713718,0.3736478511688446,154.0561065673828,65.74735260009766,0.6742738485336304
0.9129599418978408,0.8860378771115449,0.8206279604556929,0.9240611815593218,0.6540548707721976,0.8211523969502195,0.7299934525518199,136.57998657226562,-15.041104316711426,-2.9976806640625
0.515738625330506,0.426424746216487,0.6648938688287038,0.8793950238611067,0.1819938655912884,0.885826832070683,0.5615416822262234,157.78317260742188,122.24818420410156,-3.348644733428955
0.8128290437646744,0.9251616454238608,0.9340932483212848,0.933422640064664,0.3297895755692683,0.9125690374452248,0.3301898240380662,149.45431518554688,80.35972595214844,1.0542765855789185
0.7177863078433631,0.6670178840607548,0.9247664955732524,0.6855037453395207,0.6464965671043073,0.7821077714731477,0.5532329574030113,153.42832946777344,60.410560607910156,-0.13009120523929596
0.634380027943048,0.3715454171471817,0.5915643871921499,0.9618138743342606,0.9304598707432564,0.621230502141669,0.6523395072130984,149.35272216796875,44.391117095947266,-0.822783350944519
0.7809888581821578,0.5458590827973309,0.5600281766953608,0.9114704016853328,0.4938983283721795,0.9464237632694342,0.96723433723734,148.70449829101562,85.03260040283203,-7.808992862701416
0.8708640219687671,0.4070312221573469,0.8231214316812245,0.9174767467022924,0.1828786654115744,0.8712492707899571,0.449212177769745,151.99209594726562,77.1675796508789,3.1846048831939697
0.524698596500387,0.7716671296363896,0.675342222329092,0.8103344850120904,0.3693889550912926,0.6928294294079378,0.7618095832681864,156.87722778320312,38.36873245239258,-1.9710391759872437
0.6709452868186667,0.7123685738175776,0.7283832878790574,0.8519936823800508,0.6835818564305067,0.8905846507124856,0.82814263077819,145.55462646484375,66.63398742675781,-7.880568027496338
0.583893068332245,0.6594137154444124,0.9782603932855526,0.8365962500043786,0.6820227681343027,0.7592324775592678,0.5311969406080778,144.48788452148438,65.29624938964844,1.3826597929000854
0.4419080432311111,0.929058649936932,0.6234253707716436,0.8583792935144778,0.9312981695211376,0.6159928893100302,0.9351716468925226,120.53706359863281,-69.23895263671875,-8.931180953979492
0.7872344045162996,0.7084509151929486,0.6970154742869816,0.999314489652656,0.3727731044877143,0.8658959994837263,0.8215723539553613,149.57345581054688,53.053627014160156,-3.192624807357788
0.5215184985214103,0.81790435238313,0.7654686850113741,0.7313548035159131,0.4618005922149957,0.7510419067898841,0.4203274768823656,155.73751831054688,70.57769012451172,-1.3232252597808838
0.542872509968169,0.4983460274837811,0.6535811825681028,0.9450816428220516,0.008109509479872,0.8510888190302348,0.9074866120852412,135.11712646484375,120.5515365600586,0.4112266004085541
0.4699135765131645,0.5201464329729129,0.8035685443042062,0.919126306526177,0.545124026934792,0.6919515939845244,0.7413103208275885,149.36257934570312,59.1619873046875,-1.4685451984405518
0.4370180931434148,0.448387254861469,0.6584170269466781,0.6836274430326446,0.549398686191958,0.9225859364523548,0.6568779648210048,174.09048461914062,157.6061248779297,-11.010591506958008
0.8157183930471368,0.9812106035857702,0.8033791808656082,0.8650077018102659,0.5802970626533953,0.7126142586095213,0.6500933871497676,141.90565490722656,-6.7689971923828125,-1.4173462390899658
0.8435049977590189,0.9539384391473588,0.9196520177935036,0.7290205370176408,0.5022150174190942,0.7399997823783202,0.8950787035181894,148.4881134033203,-18.468679428100586,-3.627101182937622
0.4810150005808666,0.6191688687187342,0.9154606391751596,0.7882202968512368,0.3554787393421432,0.8503631817067402,0.5511731485635853,151.74575805664062,93.51516723632812,-0.930008053779602
0.5712460079437683,0.8423567466871239,0.619914880572608,0.7064144948606369,0.7979709357783751,0.9548707880834364,0.9727341908832172,143.47821044921875,84.37188720703125,-17.111522674560547
0.94043474865655,0.8579946371850689,0.6244087047594657,0.7274131440988638,0.2580682592880575,0.8268094948907867,0.5896975419114268,143.7615966796875,20.30573272705078,1.7923476696014404
0.7843028164659327,0.6144149421611101,0.7391594791116594,0.7594720458576619,0.7025143790870745,0.8349255473411107,0.8161863061457092,149.4551544189453,24.745285034179688,-3.9131572246551514
0.7045429223198514,0.6516853515392687,0.5264444172073645,0.7439142167040053,0.8593843867570324,0.6939020205637499,0.7962099879939535,140.5990447998047,-19.921403884887695,-4.1818928718566895
0.5212488018971252,0.9633260362032184,0.7955447526127724,0.796402871670688,0.5460841221700301,0.8449438626876091,0.6729460543506658,143.8507080078125,68.18695068359375,-5.532501220703125
0.7634611067487878,0.7759011565236674,0.7198218020700408,0.8980694806079607,0.6420497693013494,0.6580712735754862,0.6060268790228275,149.98739624023438,4.7986321449279785,-0.9460905194282532
0.947520646144214,0.7141056936535515,0.6843740721749421,0.7331358964210762,0.6034886600912404,0.9557831597084576,0.627261918043738,146.14620971679688,46.40450668334961,-2.3710362911224365
0.8180102883543054,0.3910911322417487,0.6123816569191429,0.8127736549778023,0.731942079546795,0.5749215350009066,0.4070878404415232,154.03033447265625,70.3094253540039,3.7950942516326904
0.8063147405615382,0.4725681803809806,0.6687211466543189,0.7821523712520725,0.4625906486861778,0.6162197178033575,0.8568070578460285,153.6274871826172,-2.828265428543091,1.765141248703003
0.5003181444560756,0.6594935036073181,0.774093624992438,0.9478274641793648,0.8981473008778393,0.7275508584615404,0.7238288588386614,134.35455322265625,39.12591552734375,-5.710403919219971
0.7153054580461409,0.5025338311249581,0.6338339743338441,0.8843943932700502,0.0781420106927173,0.6967951039266529,0.5466303567093369,136.57681274414062,66.35271453857422,3.0531325340270996
0.6320299284735875,0.8017536346529383,0.8577670223624088,0.7942723382507845,0.3882116403826521,0.8511841624643219,0.8074589520741393,148.9226531982422,61.5645751953125,-2.887453556060791
0.8083438115626729,0.8277381564194493,0.9450819340544692,0.8423820997127804,0.2764604698635756,0.967542320855975,0.5892203232569495,144.68234252929688,82.73534393310547,0.3806965947151184
0.9213327974162882,0.7749656207273167,0.6683587834916314,0.961807323477344,0.5796113292319628,0.8815064919538744,0.4210199532351301,152.0350341796875,63.96216583251953,-2.5922141075134277
0.853961212527175,0.7513123740795241,0.5950676950564755,0.689942229966831,0.995278796038334,0.8604608700960463,0.6308873815695312,123.0321273803711,24.920228958129883,-4.326796531677246
0.826246811640519,0.5950078448077964,0.8854186038713301,0.6735695634522153,0.702489188928334,0.9170203600615454,0.4443225572248582,155.5585479736328,95.53199768066406,0.7747220396995544
0.8674791793562556,0.431856353179125,0.5327288551626517,0.8586004905313566,0.9552570535732664,0.7615124583125951,0.5413482961516902,144.06027221679688,61.51920700073242,-1.1857513189315796
0.6426387621528603,0.7942744222558041,0.657549307053821,0.7659428552800357,0.9024508838985116,0.9530655098844304,0.3741024835593708,146.4158172607422,165.26467895507812,-6.966479301452637
0.6805061059061236,0.7918528660240357,0.6646909210646839,0.904395486878386,0.0048561368867296,0.7451758643175801,0.6953234299202246,145.31581115722656,65.75521850585938,3.0543417930603027
0.7625696952473304,0.4999418270371863,0.5895856359813185,0.8045020526646807,0.1682972125978437,0.952954703876012,0.3682332574482522,155.3401641845703,93.466064453125,-1.5160048007965088
0.5295253370238584,0.9213292012256942,0.820066402063091,0.8559653349515723,0.5966648164776487,0.8049421604198719,0.4502482563470966,145.25723266601562,78.10789489746094,-2.339848041534424
0.7845170641286676,0.9536404491981862,0.8904648598252181,0.8354156206890677,0.2264648763198684,0.6978542311890732,0.5792598337166988,152.30245971679688,54.15855026245117,0.0994962677359581
0.858256426371229,0.9525820051240276,0.6179128780433418,0.8140551937418049,0.8093747893175476,0.9741362483591122,0.962296362631908,119.32275390625,-0.31359872221946716,-10.268898010253906
0.52662766853505,0.67979898441896,0.6738832721369509,0.6845499112086221,0.1828493935792004,0.7331520112164194,0.8458883896737472,157.78016662597656,41.70172882080078,-0.40128302574157715
0.8694841393037864,0.8005185968658542,0.777500109083272,0.961001006845002,0.4724918994099307,0.9832155241469044,0.6853891697915078,145.15191650390625,71.5234603881836,-3.9045767784118652
0.4994774459190667,0.513849337595824,0.9715845368475764,0.987310798394606,0.585872730688992,0.583804985792666,0.8311496856315244,134.745361328125,0.2992623448371887,2.2269253730773926
0.7727412440198258,0.6468510203245073,0.930814161760864,0.897581031451955,0.636823602898817,0.6716881783326835,0.6458299602768116,154.66220092773438,15.680120468139648,0.2781994044780731
0.9773415302875748,0.7474942476334823,0.8415654162378783,0.990461723906904,0.5709734345841866,0.6990459750400655,0.4294724305993938,159.87466430664062,26.822818756103516,-1.3770086765289307
0.9141047589253072,0.7734059566725575,0.7151661649321273,0.9292388132594926,0.2805416904472466,0.965851991105054,0.6474220186887191,149.56268310546875,70.7823715209961,-1.2264435291290283
0.5758693798333154,0.3892306970045306,0.7927579872418276,0.8153468916397228,0.0773452104770611,0.7488922863393375,0.3243362248081733,144.19866943359375,71.45490264892578,3.7026047706604004
0.4759699766291584,0.7172887411010578,0.7134545172896557,0.8226509164972259,0.4890675969997509,0.6756199396914888,0.9266526601097173,152.7637939453125,22.014917373657227,-4.147396087646484
0.9692727421133488,0.8300987629334727,0.7454995857870729,0.9050782062672976,0.0600713373626322,0.8600572821974581,0.470081678934401,144.12310791015625,65.76132202148438,1.536163091659546
0.9473436589289028,0.4495632258156848,0.9368036714411724,0.8308555671114108,0.1963875392238906,0.704793586081785,0.6893982458897601,157.05679321289062,65.64762115478516,1.7615034580230713
0.7635324954717653,0.8664067050355704,0.8380243508183378,0.6840820281850112,0.5309141048849074,0.738686074174417,0.6178416326966578,150.73159790039062,23.667837142944336,-1.3910423517227173
0.4442312846275552,0.5903812431526898,0.6144323979227276,0.7944887423518987,0.5360531728520175,0.925061711160666,0.414717635911648,182.35403442382812,175.90049743652344,-10.921201705932617
0.7309508786344259,0.9878279894255246,0.7456725971130375,0.8402283689324985,0.9987262720313792,0.683214567521653,0.6600436580035658,106.86308288574219,-56.1709098815918,-2.343562602996826
0.8738511649625276,0.8664306488533744,0.9204138711778768,0.8805280765936356,0.6396007858114932,0.9286992771024886,0.5255986544593093,136.05123901367188,58.48856735229492,-0.9662396311759949
0.7865322140781024,0.764510805394284,0.5784846717518498,0.9722620538678696,0.7783403473285244,0.6547388735082651,0.3662536880655001,144.1670684814453,38.740150451660156,-0.8825985789299011
0.8304413600962053,0.6727527637193035,0.5602457320153107,0.8823545145847997,0.2918793974590116,0.952621292585486,0.6949382002981743,153.25775146484375,83.60475158691406,-3.0816664695739746
0.680376164700919,0.8039501649770253,0.91097365217794,0.9719187686590418,0.7577078486274129,0.9053770558069528,0.9646646000024977,108.8412857055664,19.285011291503906,-8.52189826965332
0.6750567816686379,0.6391213150158105,0.7070707659125192,0.9822430193832749,0.8798666764738168,0.8981201302210877,0.8268085628949758,133.4663543701172,69.27310943603516,-11.154306411743164
0.8592125123861754,0.7804490151120658,0.7370999361921922,0.8546764191489631,0.9523545889610447,0.6616167512038768,0.7524441298894022,128.2769317626953,-76.95296478271484,-2.512756109237671
0.7383299801236471,0.8117448781432581,0.9109402838026244,0.7983943753805464,0.4685897804160921,0.8706310976190748,0.6875380436282292,145.8994903564453,56.349609375,-1.6966440677642822
0.7222638033619768,0.7776903001131172,0.6399799183022702,0.9734672457457144,0.1187687427454339,0.8542998673056149,0.358653218218342,156.32522583007812,85.50331115722656,-1.4106419086456299
0.5756127404288355,0.6800274015106833,0.6395397762921405,0.6796489836020458,0.5780379318802533,0.9621298641768972,0.7117191869060417,166.34268188476562,122.37186431884766,-10.737737655639648
0.9851195647973068,0.8079378506360033,0.7436252767402407,0.728706261208078,0.1217924929115863,0.6453326061714263,0.5244036738343394,145.83294677734375,58.87615966796875,-0.49897995591163635
0.4532910864675883,0.8005150909713874,0.810268077205176,0.7500968612718206,0.9302997242630252,0.7496338406328654,0.3213544680692889,134.63946533203125,116.2799301147461,-0.0410698764026165
0.9749521531808982,0.5272824178177591,0.8027496463892148,0.8892007498038836,0.6756538965531647,0.5796646776293828,0.8634218014528974,160.3492889404297,-56.4408073425293,-1.581620454788208
0.5319482532381768,0.731035615110132,0.8978029272910812,0.9956588747451084,0.7447101395401942,0.8534172616905065,0.7346029138463693,126.28853607177734,64.01116943359375,-6.1179585456848145
0.4937755172804272,0.7301596604497516,0.6909557427471402,0.7142257268351779,0.0368973949073511,0.8076335170075672,0.4554027752662349,151.92715454101562,56.07261276245117,-0.4422277808189392
0.4668422889945755,0.3719652988968947,0.8067507087103194,0.7977124788205037,0.2852960868745588,0.9677595653609148,0.911732093370926,142.79351806640625,156.42007446289062,-5.946646690368652
0.769884471812804,0.9031656790455076,0.8641847244336386,0.9480923132918764,0.7331601134276862,0.6613761441975597,0.3666666358816007,142.92550659179688,26.562053680419922,1.0629699230194092
0.4938058559075122,0.6496024900455268,0.6567000085820449,0.7342738920231847,0.1586932698072913,0.7562657426824084,0.8934790053717164,156.2941436767578,60.70032501220703,-0.9498392939567566
0.7866825523132487,0.7650812319895851,0.8968624933587424,0.8988720116611055,0.6443693116558732,0.8254790584561857,0.4601692077523622,149.72982788085938,60.01673126220703,0.20713797211647034
0.5566994852453654,0.5129187273940737,0.7321355358240773,0.7737316417909661,0.8107691986976083,0.8025517183888103,0.7002166834485248,153.79562377929688,94.35342407226562,-5.397178649902344
0.5707001600418261,0.528389850383097,0.5331782237639212,0.7576649762676732,0.8946746327920003,0.734976451617473,0.4463644274831269,156.64352416992188,126.1378173828125,-3.828496217727661
0.8892940997435489,0.7838064804412304,0.6713473366841131,0.8798813592481782,0.1741622655432088,0.615471244591012,0.4725000385309295,143.3649139404297,56.6667594909668,0.5422109365463257
0.6066824789082523,0.8867973330785106,0.7214829265800292,0.8548397019339751,0.7207870449882591,0.808530851915652,0.8986079284655157,136.2496337890625,12.560761451721191,-8.311895370483398
0.5438156390348015,0.4538017562243378,0.5585540520148822,0.9242877348474794,0.4810296406233921,0.6849130398700805,0.4814084810532344,160.39010620117188,98.03993225097656,-2.1226494312286377
0.9525320672402368,0.8522563808817787,0.7267997048310779,0.7310969237467555,0.6328266454037961,0.5942663458600956,0.9393036164373038,153.40200805664062,-98.22895812988281,-3.0001862049102783
0.7128991872581607,0.8028233168710085,0.5951080471811678,0.772649685550932,0.623785370352049,0.7846905714195218,0.9067992505004566,149.88919067382812,-8.538274765014648,-5.1636552810668945
0.7557062361306941,0.4919735221453896,0.8111323012110953,0.7410370112203986,0.2504442571557689,0.6451404209670304,0.7274812568848437,155.1985626220703,49.84572982788086,2.3259220123291016
0.9070217172959952,0.9964442291826464,0.8449479589207995,0.8372115143998653,0.1818745568702084,0.5759832388120981,0.8485933538892264,162.9248046875,29.571186065673828,-1.4784184694290161
0.5170434500617664,0.5480931671351413,0.8724714909555391,0.890496949891241,0.9869396739598196,0.911711920985166,0.4545481523777396,142.82345581054688,168.24667358398438,-3.103431463241577
0.7729574060472244,0.9956036586162348,0.9090045655574908,0.782036589466149,0.9398906518338598,0.823169030721207,0.6736548915145799,100.69039916992188,-9.324556350708008,-3.1154379844665527
0.6117932250301247,0.522802870835483,0.9597352714156888,0.7235743018112148,0.9171797600155542,0.8918093507926231,0.5458873200910284,139.12698364257812,122.8542709350586,-0.004750066436827183
0.6106742658464701,0.9796900040894791,0.6666244703945524,0.8635141332947984,0.4156212158833824,0.79160333245361,0.8768677178065976,153.16390991210938,29.913537979125977,-3.8805689811706543
0.914582876283116,0.979624807088187,0.5927275617590071,0.909339065343473,0.0926297528041518,0.9003701608897007,0.9234141578101772,146.42401123046875,45.1304817199707,3.9183545112609863
0.6706033968017663,0.5372651947749301,0.8194666137048366,0.9993998291794136,0.2901473565182977,0.8222614242903694,0.9805483811129468,136.42160034179688,66.25350189208984,-0.5090514421463013
0.7949854087802852,0.8669993125102728,0.929913718495647,0.9609574134313424,0.1638651560209183,0.9437868842262332,0.3744243059675666,149.8022003173828,84.4897232055664,1.358359456062317
0.9431192664495776,0.6274893292896404,0.7638981162160261,0.9388653022201312,0.7482547788618706,0.5820064973176717,0.5102653100830258,157.6713104248047,2.206759214401245,-0.30405086278915405
0.4586095497521157,0.9625501720116332,0.6491393377840288,0.732414441936498,0.4805980517794623,0.9304991284027182,0.9190913907489704,162.0008087158203,103.30339050292969,-13.020292282104492
0.7546762091066905,0.8146007294570591,0.6374997042746573,0.7349214768128748,0.4711383536115714,0.5887456537403001,0.7993143808123242,152.5955810546875,-30.97623062133789,0.2752806544303894
0.5369286413503505,0.7138571917602856,0.9391730973735966,0.8521040048623889,0.6860685251242099,0.7394565416494514,0.4201203103288665,146.83555603027344,74.96836853027344,1.8010845184326172
0.790225846875459,0.7560415490276216,0.9301274147841516,0.911873801072404,0.966320424036034,0.8717757687832557,0.9006826747440003,101.04612731933594,-29.699970245361328,-6.4879631996154785
0.4626478606025058,0.5183397102308016,0.9283411256696515,0.7941460144292061,0.4532728768661525,0.6927144434342998,0.7385566321274554,146.00857543945312,60.45513916015625,0.6028452515602112
0.7910856932243611,0.9173172772387196,0.9790034692060694,0.7716142907023391,0.778653513387608,0.6460884798748922,0.5502894224548567,134.99427795410156,7.372908115386963,-0.9575206637382507
0.59864981407981,0.6939261969947719,0.7452574477594254,0.973781361925887,0.6139888572250339,0.99298436341583,0.8137478544637835,145.7374725341797,141.05548095703125,-12.447874069213867
0.7400959691601052,0.9915531460722956,0.7105378930220315,0.981089242525664,0.4101314987999754,0.7706401910749708,0.5562931960789207,149.62139892578125,36.11845779418945,-1.44191575050354
0.7354416784156458,0.6801936544849647,0.5953529297363226,0.6682577170771946,0.9397048088165856,0.7385236952052779,0.5989449199012591,136.76380920410156,26.55978775024414,-2.4120213985443115
0.614427580631119,0.5346666955803759,0.9205570618713864,0.8217872532743906,0.9475515973739866,0.8870759614583987,0.432925787315111,145.10263061523438,139.8388214111328,1.3072670698165894
0.9447118018075686,0.758434001258359,0.7741017728494392,0.697966505060004,0.7626102368913673,0.922839081404214,0.977584216848718,132.01646423339844,-34.757408142089844,-6.164828300476074
0.7931926727500944,0.7464039383603929,0.5590292851777675,0.6956189544205434,0.7110086467890322,0.7991392643534151,0.7752335782141968,144.75633239746094,-8.81948471069336,-3.868746519088745
0.899835609386719,0.7604234375130644,0.8899326759450712,0.8457415535472584,0.6293190139657737,0.6581901102450844,0.6700307376302258,155.5243682861328,-4.4176249504089355,-1.8927615880966187
0.8097598271153148,0.8734488959293665,0.6608395756345118,0.9954987678209416,0.3224253246856626,0.6870932553775236,0.6535410898300491,150.4947509765625,17.143095016479492,-0.3268236219882965
0.5776877667079718,0.6270484753960495,0.7993485106712118,0.6952586973787195,0.7990363395241368,0.7538991698697546,0.4423693621445066,153.9174041748047,95.90946197509766,-0.2057567834854126
0.4410822275558896,0.9805697787227444,0.941983497024615,0.8001300888523797,0.7704428604464476,0.832298293467346,0.5640471524085926,112.21199798583984,71.75006866455078,-4.0353498458862305
0.9161341925376314,0.7275337657447198,0.5345689566581387,0.8643689516778599,0.4336502713805902,0.8604589302857358,0.9939591674657622,143.92507934570312,-8.615424156188965,-1.784722924232483
0.4351731453321051,0.7939416968079398,0.7017856822795803,0.9125207709461548,0.535949711839408,0.9786997651209124,0.6922004510620938,162.30072021484375,175.05137634277344,-14.915568351745605
0.7136860755843161,0.6547056776890541,0.9075582534030436,0.9252741260727088,0.2124280635459524,0.9502560271408452,0.8942424618939349,135.21568298339844,97.55255126953125,-0.3495597243309021
0.8632048508872988,0.5825595369706019,0.5966870089171762,0.8847391255951821,0.1238219717467677,0.7922046936211733,0.9596720673386192,138.32015991210938,36.70308303833008,4.080136299133301
0.8278351761484444,0.4459206817645959,0.648587261432049,0.7409503013337922,0.6688053225708896,0.6964313341675368,0.6422175657668152,155.3493194580078,30.404407501220703,1.0485154390335083
0.9794656480866905,0.4530283299152461,0.55047181926833,0.6962444389493265,0.2022837787977455,0.8328058314743059,0.7560630257031333,132.11148071289062,6.7035346031188965,4.430508613586426
0.7022693261972595,0.5419370590828694,0.608417527926221,0.7428971357118671,0.6873044752457682,0.6030745123699641,0.6361915625427548,151.6691131591797,19.65292739868164,0.7015615701675415
0.8431180811967909,0.6895903525019038,0.8223069469734574,0.8398312595749049,0.1216680595070427,0.7445696439629965,0.9415085274656244,150.6444854736328,44.29812240600586,2.5764331817626953
0.7265645662208184,0.4825595452436527,0.9852558740853332,0.7896686254924637,0.5353199474340703,0.6596564886732512,0.4602839056063668,166.62759399414062,77.37464904785156,3.631399631500244
0.9594098240843272,0.7841327702464813,0.905291175192886,0.8470151994247019,0.7048198082906455,0.6184020403551351,0.4544721938760545,157.28253173828125,28.81191635131836,-1.5220497846603394
0.6252764702798337,0.78539397494921,0.5761093676574227,0.9124145345860718,0.90452825240657,0.867037781839868,0.7085454632630614,139.408203125,84.98763275146484,-12.258401870727539
0.887367268477362,0.3920045884425986,0.664608657639886,0.6786217650455274,0.8556108463207804,0.7339367930860881,0.6865705492874195,152.096923828125,17.085102081298828,0.8743982315063477
0.616900668604908,0.8607989623675878,0.6194291371125927,0.7380398916326273,0.6160823598962972,0.7929530295018132,0.6918185479898145,152.0627899169922,37.74597930908203,-5.115899085998535
0.983123039837157,0.5399953916943769,0.7491679917665699,0.7911188727251168,0.7143212865963453,0.706978242940544,0.8754075767296743,152.13232421875,-52.14679718017578,-1.4450414180755615
0.4884209354762159,0.9803577058182196,0.8906853303958675,0.8544082051214704,0.3608259435361302,0.8091183271245368,0.6366712405552204,141.22879028320312,64.70405578613281,-2.1234405040740967
0.8786720100933352,0.995318026359206,0.5596116878505626,0.7973792782632843,0.560519224896385,0.7267343934294767,0.6093609665324036,133.47830200195312,-20.20503807067871,0.3276976943016052
0.6668587012636854,0.3645930613263911,0.6932543175127965,0.7598314701340646,0.9121462551774616,0.8720240410034145,0.9373205563416248,143.45225524902344,78.62142181396484,-8.51370906829834
0.7728802840519124,0.7875526099445878,0.5578016038492912,0.9104072015028186,0.7388582170911359,0.6430705420698276,0.5421581319305953,139.9874267578125,1.2209794521331787,-1.2345092296600342
0.495732434036144,0.8008484854079334,0.9543558712557292,0.6849351050649302,0.8686182415323811,0.5985497008062282,0.3876362816880582,129.45309448242188,59.87294387817383,3.146610736846924
0.4604562307803269,0.4226101090378296,0.6218645173581132,0.7092383581574461,0.8051694418154444,0.9957128834986116,0.9154152639573816,162.58743286132812,199.9010009765625,-20.98776626586914
0.8431128374864141,0.3682111893858838,0.9831298422063736,0.681368800410567,0.4055727425718466,0.7168510105307908,0.8726311365727172,162.0904083251953,40.906044006347656,1.3418610095977783
0.5377236135777828,0.6304755243150317,0.9485317839189068,0.775110540928178,0.3739470790108677,0.9395649717366572,0.4378541116758998,154.12496948242188,109.970703125,-0.44412094354629517
0.7974107149974314,0.7450656851683907,0.9531556223935076,0.7318101880166559,0.5906802272448394,0.6595184411424119,0.3837638000820533,158.7240447998047,70.60060119628906,0.609200656414032
0.748905552413135,0.777088525798402,0.569830400524347,0.8905919894754325,0.1052448640433103,0.8382455957873847,0.3540837570323987,148.95082092285156,75.14920806884766,-0.4480353891849518
0.589601729387591,0.6169216826698545,0.9130394099192408,0.9783754171674,0.955256925505442,0.6761868351760626,0.3556025214383835,146.34642028808594,61.16327667236328,5.18410062789917
0.5243664832112187,0.4386397689110425,0.531597622957467,0.8194349080513502,0.9254001257903977,0.6088274338817647,0.3689065091533105,155.14161682128906,125.4475326538086,0.627123236656189
0.7828252961593724,0.4656988541244106,0.6778051174571356,0.975283881777702,0.25726540996407,0.8339730952982953,0.8843056070564806,141.52134704589844,65.22505950927734,0.38979601860046387
0.830403324358153,0.9297660243360776,0.6797222104566115,0.6688429511566144,0.3739758152856424,0.7096976533341559,0.9718553455922352,158.98904418945312,-45.21923065185547,-0.010187221691012383
0.6856824984264125,0.896286178335683,0.8791908809696456,0.9889441280367764,0.2465804345676283,0.5742341846217746,0.921533899930046,150.4064178466797,6.816000938415527,0.2391396015882492
0.8459855348163956,0.3890621864343661,0.5840937948988624,0.9243675983224404,0.8485143975356927,0.853184033856021,0.4289986418529493,161.615234375,118.36808776855469,-2.3090405464172363
0.8142887200049572,0.9320569368859326,0.8423598262494858,0.8525762793701241,0.5012859420921268,0.6320430591188024,0.7188545017669872,151.21286010742188,-9.610087394714355,-1.701483964920044
0.8840989371651287,0.3661148345886771,0.987437473554008,0.6754357711505254,0.162033451885885,0.8005825470804527,0.6226859602025568,153.31710815429688,69.69125366210938,3.5631988048553467
0.7531916930467322,0.9146780836256752,0.7434349995399744,0.9246822877107176,0.8825655255283632,0.7672757291785941,0.857923601332024,118.11808776855469,-60.4796028137207,-6.372258186340332
0.979353222912459,0.8939618375960161,0.6702948313098849,0.7902464117177833,0.4826811616399042,0.849463277475196,0.3364391825238271,140.51934814453125,53.99620819091797,0.35961371660232544
0.4465023468485306,0.6219902422965031,0.8574726230495067,0.7508374213573776,0.6699103611878384,0.8471170901849774,0.5063753997930784,154.50401306152344,122.24063873291016,-3.7535157203674316
0.992140019266199,0.7749776113807736,0.6814147663735797,0.9303443407222414,0.6663024605906503,0.6724053847862395,0.6347996033416614,144.3856658935547,-34.424171447753906,-1.8050752878189087
0.4949687770838135,0.5714276441325183,0.8390085283284342,0.7000536924630887,0.2633412520994754,0.6396129655344538,0.7277908817027452,151.86239624023438,49.360870361328125,0.9116493463516235
0.6163979767980156,0.3683747289936692,0.7049788237049807,0.9297259142352808,0.388938403850204,0.5917857936819665,0.8132073973654996,145.07200622558594,39.12123489379883,3.1328887939453125
0.7677397512369835,0.7262124964992591,0.7531970621145769,0.6745053645984113,0.609133603658222,0.6249571091422212,0.5335072427767357,153.83750915527344,27.563669204711914,-0.006212516687810421
0.6410886215365156,0.9010096239225044,0.8321734645759588,0.9685260858720316,0.1925243005133446,0.9581983429843302,0.596457677311623,150.26803588867188,106.25616455078125,-2.047358751296997
0.5502939882803651,0.5631377240582753,0.7643034539075364,0.9894574601682716,0.4626064249073684,0.8024944563912567,0.3237894700079703,171.5489501953125,108.12345123291016,-1.3947011232376099
0.7384674203336921,0.7906603441514537,0.647558905962913,0.9464477082956746,0.4919900139979508,0.6493604267936588,0.9214526021243284,149.5382537841797,-35.493736267089844,-1.596235990524292
0.7232493595239642,0.9489420015992244,0.547899441782272,0.9227721682053732,0.916524710669435,0.8357668411772435,0.7961998297806678,120.5355453491211,-4.004297733306885,-10.196470260620117
0.9979998490281082,0.9193235630386848,0.9388166537365652,0.8398773572317957,0.7381312500262479,0.9526850872314032,0.958832240805652,109.27073669433594,-36.00920486450195,-5.861472129821777
0.5712385764107729,0.8746479981536752,0.8429478523133831,0.7030694075525328,0.4126521686119458,0.8543106244351434,0.7388870845371958,150.67428588867188,60.690711975097656,-4.004596710205078
0.7404554225319573,0.5332420039641319,0.5259151386553613,0.8245331298404468,0.9812139915796444,0.9109962248047692,0.7057496270089694,143.64305114746094,111.56832122802734,-10.927980422973633
0.8626640595240861,0.4865801074121892,0.981234264310912,0.8863499908133692,0.4812238388521785,0.8927441916578371,0.4198949892553133,162.50045776367188,83.19404602050781,3.6856276988983154
0.9133819654407622,0.5900758108184688,0.5639937074782584,0.8015701829206641,0.3727080218245296,0.8917402053506309,0.962625101566028,145.3793487548828,17.01923370361328,-0.6009420156478882
0.8600219052449454,0.5215899733870538,0.7996571228918155,0.8621048664228663,0.0868387624269177,0.6300676656085921,0.4800217744163952,145.46835327148438,81.74678039550781,1.710479497909546
0.7158063300255884,0.637513156068924,0.8744492105456743,0.9282576337746564,0.7183323441585042,0.8588814609710841,0.4013231950208878,156.8029327392578,94.94447326660156,0.5043298602104187
0.6533112650265631,0.7841321526099047,0.8695921367145718,0.8783372039986103,0.9827231367958338,0.7380255381232417,0.9804901684875592,106.38429260253906,-69.584716796875,-7.47335958480835
0.6562979685917889,0.7641649741705951,0.9700278936806748,0.9812780900537466,0.4952517394646148,0.9424767077639322,0.8815513094670981,121.00700378417969,72.65828704833984,-4.503233432769775
0.6975445983395054,0.9909010392950256,0.883372561494689,0.8151333899054787,0.2321811386184864,0.8636360212295091,0.8246297069972773,145.73426818847656,60.73991775512695,-0.48922356963157654
0.967412825137306,0.3762107221184455,0.7652656470991575,0.7859684184821882,0.3761092315780368,0.8728420525825129,0.4917112524980792,156.79147338867188,67.7677001953125,2.756004571914673
0.986358264562328,0.7470808132771488,0.8692192738787765,0.9727855984672432,0.9661657563938908,0.5792446424881889,0.6650962516078549,139.88111877441406,-89.46533966064453,-2.5165157318115234
0.6977192867351653,0.406412945696517,0.774436627325721,0.8390005669281506,0.1949910020387736,0.6588056066630509,0.9633651798524993,141.42434692382812,47.20127868652344,4.50062894821167
0.7635805621799907,0.7670509481108452,0.7283841409388128,0.8904757895872055,0.9027894931716974,0.7047619873714085,0.8735735577565198,128.6289825439453,-70.12591552734375,-4.933807373046875
0.6061998686633656,0.9718322800965462,0.5674651839761519,0.8689372909885229,0.9351994695538828,0.5749522195132674,0.7660988336032353,116.9076919555664,-90.14653015136719,-3.3034415245056152
0.439660133301786,0.4101908925585031,0.9050921749928582,0.9543599979515768,0.1238100090356964,0.8180075870863366,0.6243323322493621,132.39157104492188,92.13294982910156,2.865964412689209
0.6295240637116625,0.8039659465154068,0.8377487922324134,0.8718512335215237,0.5091219550120076,0.8548074835576659,0.3583366585888064,157.12698364257812,95.35076904296875,-0.7636934518814087
0.9273903486096962,0.4495882984820053,0.5317608667627032,0.8455543846352142,0.0088249682945073,0.7034934885660425,0.5809686346811791,110.98057556152344,45.83573913574219,5.176394462585449
0.4825546285961808,0.9742351166406902,0.6623400126772621,0.6818148813558609,0.1257290117949439,0.9677976401949157,0.6530731438753647,168.72914123535156,94.8387451171875,-5.391140937805176
0.7618452518073017,0.3803630281215193,0.8257034019030649,0.8754389840805887,0.7265147119486666,0.5938497204893635,0.5976207256323012,163.9727020263672,38.88389587402344,3.702831745147705
0.4882409063642979,0.7236122164703284,0.6144265327327618,0.7650339003784249,0.2307461959312858,0.946159466538764,0.589023268170598,172.5890655517578,123.94316101074219,-7.977545261383057
0.7267522452804543,0.9955144835557002,0.5548347790323641,0.7124212083405415,0.773297888752015,0.6064535275936549,0.9578678702785188,132.5140838623047,-135.14105224609375,-2.4286999702453613
0.7557443816287345,0.9248664741426472,0.9709049912851058,0.7148343037801818,0.2717489534769067,0.8984475929834633,0.8529666578275091,143.26919555664062,56.698211669921875,-1.4548958539962769
0.9466772088930056,0.3893068385931874,0.8557811001835531,0.9230859990433344,0.7382031306820978,0.7807055355091804,0.4417426019195515,168.81680297851562,63.29744338989258,3.455662488937378
0.8251266995781157,0.6823219484134487,0.537893934570986,0.6952809164051008,0.7515115030629435,0.835854788163979,0.8816150056221849,143.1301727294922,-18.454914093017578,-5.421544075012207
0.9208682414178376,0.955283654646309,0.9088454276630896,0.9097681456729148,0.2225476790485786,0.5987471861436587,0.7871978300056841,161.42529296875,34.130950927734375,-2.689800262451172
0.815723937075279,0.7787339695560489,0.8497781189234811,0.9269444534045904,0.2825884576223437,0.592650173338946,0.810857134364697,157.82838439941406,18.6449031829834,-0.4075290560722351
0.6054984428629973,0.6512024019679714,0.5969178593666256,0.9856443120863178,0.7481824417779179,0.6014171098228717,0.3770354836457717,154.7582550048828,61.90903854370117,-0.6123789548873901
0.7555523172722165,0.7541760259796211,0.9478544108114086,0.8417025770873354,0.2163404247931559,0.8089369710493559,0.925972139233049,145.34556579589844,54.36539840698242,0.4357879161834717
0.4962486842098293,0.6003250461314895,0.6392588128642553,0.8212684312434424,0.0794879933961342,0.8102506227041055,0.7369374516198264,151.57846069335938,89.56877899169922,-1.12196946144104
0.783162165346403,0.6906949777787956,0.6714676580491936,0.7157431180566307,0.5809231737598399,0.6178019824168459,0.4398813215817904,150.3197784423828,42.790138244628906,1.0370090007781982
0.9442513714155892,0.9773709325428306,0.8322168123956151,0.8232912134902135,0.2712982056250176,0.8007283077840203,0.5032751755655027,148.32260131835938,50.97266387939453,0.13227428495883942
0.9297049473327272,0.9838635570048644,0.6855386532635406,0.9819213889939729,0.3396320772734955,0.6501070740989039,0.9251446643496338,149.56729125976562,-45.05902099609375,-0.01251758448779583
0.4548019342643445,0.5430636892634836,0.8535122529487309,0.9850397347114298,0.0795106580474061,0.784020382443994,0.685403199582329,134.66555786132812,87.65127563476562,1.6855624914169312
0.4352937724425049,0.6196183205163961,0.9169687883299455,0.8028206179296036,0.4037470550204665,0.6639129076422481,0.6991447129968538,145.83277893066406,52.937828063964844,0.3116905391216278
0.9817355309031476,0.7128521747258776,0.8572974955785607,0.8113654179848692,0.5021363601616164,0.7314036079030694,0.4238775706665155,160.34107971191406,55.72471237182617,-0.5264646410942078
0.8352962180400589,0.9915485063258116,0.6358809336361702,0.777411063612831,0.9167749406809704,0.738601295812861,0.7442558868232472,113.07242584228516,-73.35765075683594,-3.247152805328369
0.440357730979827,0.4880029412873159,0.849441319519701,0.744660866695503,0.9229372331103308,0.6545789919931763,0.9290546836224924,132.532470703125,16.414043426513672,-4.755275249481201
0.4696750779597538,0.94417289176141,0.5328062815537198,0.9515815154538084,0.556729311105468,0.9558058926681204,0.7333625457749786,169.04086303710938,163.50906372070312,-17.823650360107422
0.7714450986463987,0.9643647136411369,0.9096512962170946,0.8327502079185558,0.783094284583259,0.8782277551620306,0.587142121971953,118.67289733886719,38.62519073486328,-2.177887439727783
0.5781708828401367,0.9155496876014032,0.6460712811438343,0.92710832232011,0.0940422089862966,0.6921389539791557,0.7030696459066457,151.1688690185547,53.364898681640625,1.7329612970352173
0.6423940104043309,0.920458203066968,0.6462774196416542,0.7924991975789305,0.4419575483470069,0.7623117070032984,0.6817713403898497,153.81898498535156,31.341405868530273,-2.199913263320923
0.7092334952559363,0.4184802633278537,0.8000436598047382,0.7979274426257075,0.2039838447229043,0.8291691552035945,0.8611600415403846,144.42578125,73.05503845214844,2.527921199798584
0.9024116242897964,0.6211161808909716,0.5641307606584963,0.6789005140829786,0.8038771711645899,0.8459660505772627,0.5022651812063041,141.08956909179688,50.59954071044922,-1.2102603912353516
0.6401741429794522,0.3568336789071387,0.9810722649774806,0.8239493938782815,0.3174842088218035,0.7982415024873173,0.5431780145459888,151.48959350585938,83.03502655029297,5.25631046295166
0.9852824193178265,0.4775323408831757,0.7289349369150391,0.8173421013637429,0.1786156167038733,0.8744272747896462,0.9559189634405444,139.06625366210938,32.97383499145508,3.8234238624572754
0.9704193213602604,0.491563264023147,0.7057507236368056,0.9771562179328792,0.536446603117583,0.7682251263420264,0.3755651431838609,162.4892578125,61.91463088989258,0.18460650742053986
0.7127662096866523,0.634712753154089,0.6780106311562294,0.8913013850253969,0.2657432654291355,0.6682738607474367,0.5191585967124448,152.0900421142578,57.91130828857422,1.1472855806350708
0.950365843482406,0.7956650900000517,0.5669924712055608,0.7814220374903449,0.4060858132831425,0.690931177323911,0.7629557821162007,142.96136474609375,-30.374053955078125,1.395307183265686
0.4441914272862423,0.9199503385851682,0.8328059394847854,0.9574829304597546,0.2511884880954383,0.618115049082772,0.6575218140981043,144.28622436523438,34.09205627441406,0.5808500051498413
0.6749430039896934,0.6257751812630643,0.8269688315571502,0.7518347336519005,0.7034999719194123,0.8144024983326792,0.9434265541407912,143.74392700195312,20.678905487060547,-5.619865417480469
0.998841879449645,0.825314425687603,0.7520280726553633,0.7335923971730457,0.7533226665318943,0.9449797170278827,0.9734207243337458,125.77545166015625,-43.482994079589844,-5.900763034820557
0.8075722768277562,0.4807336322074892,0.92501049708907,0.969175845403962,0.5995277238872094,0.5980331258302236,0.7566984387640978,159.0682830810547,-4.993456840515137,1.2046183347702026
0.4338160952717726,0.7938439973999458,0.9174874708548928,0.9165828080233792,0.3720729973038532,0.7726799697332658,0.6140885467835699,142.03817749023438,67.23431396484375,-1.3273932933807373
0.5964679047029139,0.3977623478616928,0.6069095347729241,0.7113028575075346,0.4227260385668136,0.9195800659843,0.4908185803116929,171.08828735351562,129.08847045898438,-4.931180000305176
0.6627980618032739,0.7954281117398967,0.7394206337770418,0.8476963164755262,0.5656898168943159,0.7365881752551154,0.7689170836074835,150.5802001953125,16.959285736083984,-2.954817295074463
0.5984938540334416,0.6304967886584643,0.9947369838799878,0.8875739985089584,0.4913286039233484,0.6194114271303063,0.5601025340806677,152.3872833251953,45.55572509765625,2.4913907051086426
0.7923516981999597,0.7011579191685172,0.9707142583664802,0.6872012868457462,0.1778566279656599,0.7384548395074304,0.7908676065845555,157.41993713378906,56.04726028442383,-0.22640784084796906
0.8549460629003718,0.763749427175388,0.9755721288733956,0.7369578621775321,0.3721926269572946,0.9322969914485396,0.7465631582299269,145.10848999023438,57.93608856201172,-0.886681079864502
0.5106023642723755,0.5118436766380434,0.846559996360805,0.941047673274358,0.0641460083055112,0.8196407864204123,0.6844835221297358,136.21104431152344,92.86164093017578,2.0890655517578125
0.8391197477685296,0.9906293242031236,0.9202363098854224,0.7551928016974816,0.6335741573862675,0.8357275526824826,0.4287205039747168,132.83926391601562,53.7118034362793,0.23138733208179474
0.990992155592658,0.6891213383840715,0.9156094217022464,0.7819447778667711,0.9186923880662378,0.8148037553488006,0.7548211183706353,131.2173614501953,-33.1228141784668,-2.5606651306152344
0.8928176783758505,0.706205458821159,0.5856712963951998,0.9912843692729848,0.0993178142214638,0.5860716780179474,0.7458492566231554,134.49057006835938,27.6735782623291,3.02947998046875
0.4790900500044276,0.8310400894794054,0.5222817922025781,0.9156803098098611,0.612344747969752,0.740913998522286,0.7598087322118772,156.96728515625,56.37556838989258,-9.335527420043945
0.9936654658340048,0.92749719846542,0.9841889890409272,0.6782785368965104,0.4514960566695752,0.8104249136662647,0.4105349544438073,148.07452392578125,64.5663070678711,-1.6429485082626343
0.9184453792783012,0.642534068001792,0.5500346318080978,0.6965295526607421,0.7748543998760373,0.7246049467821405,0.7510936024239063,137.91632080078125,-45.470359802246094,-0.9773415327072144
0.916889846478121,0.4155757671114632,0.7318412888642343,0.99292658023846,0.0646070269826658,0.7831732878434043,0.7009605066791718,131.62274169921875,59.86840057373047,4.0682597160339355
0.7105029327834862,0.5431536533064597,0.7519608769180192,0.8437788193953897,0.9492130571909452,0.8287371738682853,0.5454952930733703,148.280029296875,95.13883972167969,-2.030588150024414
0.6648134865141226,0.4543194722010751,0.724885875171474,0.8738161566006801,0.4986845508229146,0.6377146145119434,0.93787341999787,150.31344604492188,9.703123092651367,0.5562583804130554
0.962254434288034,0.4885755682620764,0.960663357775546,0.6742876716267637,0.4394087094168251,0.895698377151023,0.9584612651896532,151.72702026367188,22.128589630126953,-0.7098637223243713
0.7221687218520991,0.7415513342834181,0.868772700305128,0.9414353405247972,0.3157347934826516,0.9934982334072804,0.4054372778306518,157.8896942138672,110.2467041015625,-1.1313297748565674
0.5653352588817805,0.4986825992934318,0.5971661771807807,0.9640953232684636,0.9961238710897006,0.8519527645110117,0.7408922469306829,145.953125,130.1143035888672,-13.473840713500977
0.6667691788657002,0.5003724893610038,0.6080368535301871,0.9814170484481012,0.5741068553389203,0.8902499550171007,0.4310529644695353,173.56504821777344,141.90292358398438,-6.558802604675293
0.9613940561552392,0.3976607876098409,0.5651450766816278,0.9144970157546188,0.3649416628838481,0.6629682472847828,0.87201909765554,134.60618591308594,-10.177270889282227,3.2029242515563965
0.8394731961808684,0.4462415574635162,0.6377246735014419,0.8701942534500102,0.7936225305730946,0.7608211009116121,0.4585187437315211,158.5431365966797,78.76317596435547,0.4605550169944763
0.5127872435278389,0.796164860951025,0.8068839201622233,0.800460009836483,0.6586665366146207,0.7355035230671289,0.872932784589359,141.2091522216797,17.964061737060547,-5.962996959686279
0.9244759758226238,0.6295483682169181,0.6662312069971663,0.8671259015156076,0.4345960211534436,0.6357326594566969,0.4897264317396013,151.5034942626953,39.14063262939453,0.314622700214386
0.5929274770350594,0.4836750644702517,0.6894278055969407,0.7162120601432348,0.5189836528164156,0.9157830869716674,0.7666292153303087,163.54708862304688,113.44144439697266,-6.813057899475098
0.7299945065828227,0.3577633384740444,0.5580797119745863,0.983267978958602,0.6458518010856357,0.8876108885305314,0.8239837727712188,151.20823669433594,105.5152359008789,-8.249589920043945
0.6163824847348458,0.8369027358233594,0.8480056444435564,0.9574801086404772,0.2790532073772441,0.7990838302348574,0.7673681993419443,146.6131591796875,58.980384826660156,-1.0800845623016357
0.5779371631519764,0.3773266872197233,0.8859803744795843,0.7102945380839962,0.4290192378106062,0.8188604856835776,0.8816600229734264,148.75086975097656,77.92533874511719,-0.587274432182312
0.8804273900248223,0.9668996866387292,0.8883361527857159,0.7861922220195888,0.4627104233941499,0.7827391784927851,0.5779993801627341,145.99282836914062,31.59903335571289,-0.9482258558273315
0.5675288799362576,0.580725069098995,0.5549585574941936,0.8318006733863423,0.9557194622024971,0.7848716764202436,0.965342422859376,138.6066436767578,39.02567672729492,-13.26362419128418
0.8772448733691998,0.8578014114610386,0.7952827827556422,0.8010492491263781,0.8646241002666784,0.6998699844538775,0.6507889645208174,131.47677612304688,-35.00255584716797,-1.7490390539169312
0.8831606422820665,0.8231278012968819,0.6436227682095842,0.7060014554963976,0.8143572809849763,0.736954713450658,0.5241496279870805,132.09970092773438,3.8402392864227295,-0.3118145167827606
0.6134602399827748,0.727174669343274,0.7457607028666098,0.6982600849085566,0.9982747142008892,0.6134759013264178,0.4188290182829048,132.9019317626953,55.98270797729492,2.344193935394287
0.5717985059573805,0.8585649632255483,0.6478397177194464,0.913209087079934,0.8677667844226329,0.9900988817700848,0.7340327898430601,136.84031677246094,148.88833618164062,-17.248153686523438
0.9927819606231536,0.7196527104367072,0.9748564323030522,0.676437047014347,0.1337442341841783,0.9630696993410296,0.8675257392605649,146.2567596435547,54.8622932434082,1.1650084257125854
0.7469260181677535,0.3916168543008111,0.9412936343642696,0.741958049958878,0.9681740094221194,0.6417255664626937,0.6534947637497605,155.1715087890625,35.5564079284668,3.9666457176208496
0.9128011831265171,0.7422625711676183,0.7905736838065356,0.857159086127085,0.7199577687202922,0.5817013831738362,0.9318389176060876,151.421142578125,-96.58648681640625,-3.3923888206481934
0.9440629284447224,0.7248329841195622,0.7200181250279858,0.8027528668253543,0.0094928057936783,0.9246591541004864,0.9520864652784892,141.3258514404297,55.18414306640625,5.093146324157715
0.5764260887240138,0.7579657341573363,0.9671982511920114,0.9403288769874324,0.2598508824287613,0.8222712810704789,0.5624638593589668,143.67739868164062,71.30926513671875,1.0807979106903076
0.8861813155004621,0.3959972998661902,0.5968390628683137,0.6710181535935057,0.2969630939732406,0.8079780249670966,0.5217176026068813,143.1073455810547,42.16804885864258,2.7664036750793457
0.9600654882096944,0.8463725709285622,0.7059412406495175,0.7579234224521328,0.9432875331397234,0.7205160045996675,0.3905935063646971,122.29361724853516,22.340913772583008,1.350704312324524
0.5201082107765543,0.9055327840137763,0.8647938575734826,0.9700699232993302,0.4415360335181527,0.8394560763865875,0.7312207354668989,139.14849853515625,67.31898498535156,-4.394986152648926
0.6907164063648616,0.9034850571093838,0.5095387619443323,0.831005666795604,0.5783553520786646,0.7698076555075335,0.707860837002583,148.05523681640625,17.353315353393555,-4.019492149353027
0.8957602272798242,0.7910864608287203,0.6432834940933043,0.7172686487401702,0.2767233886236088,0.6444510558171723,0.705305203530365,148.74948120117188,2.5579488277435303,1.599311113357544
0.5275794781930927,0.8660637633679571,0.7026328675314053,0.9350478194231808,0.5559118659890977,0.6642975218058566,0.5222409373184222,151.2062225341797,39.70709228515625,-1.9420948028564453
0.786811325587019,0.8970428750634176,0.6135650899770715,0.8648475941797569,0.4586562242731845,0.8867915765672143,0.3212023681150371,153.84811401367188,89.53028869628906,-2.188096523284912
0.810068763810442,0.8955868384023573,0.8392940513442269,0.9919559331303232,0.1808897592551795,0.9354544613691318,0.7387625932538191,143.99203491210938,77.38783264160156,-0.16551312804222107
0.7739090891016371,0.3769705248081068,0.9554083708590284,0.6861857440489191,0.9811359260659952,0.6662893880687131,0.5647650846086674,159.70169067382812,64.1323013305664,5.138492107391357
0.780745490896692,0.6314640169097405,0.5285369521021285,0.7382959753867735,0.3969392538660694,0.8142828924548661,0.7580827274838433,152.2657928466797,28.629398345947266,-1.0694485902786255
0.8627233389410665,0.5845215567913308,0.8499419781177041,0.9253240985190054,0.8147960446053786,0.8691852600212926,0.5794186966944184,146.83657836914062,51.11795425415039,-0.8712098002433777
0.9769970901321268,0.8873923527569487,0.8474105759784156,0.7185042439202973,0.2584627495959383,0.5974764890755635,0.5983054787561886,160.4712371826172,55.459312438964844,-3.675513744354248
0.6263100421583213,0.7325525063642787,0.7354593398421115,0.7005899414256302,0.436000292363449,0.963335825408575,0.4022629270687708,165.58602905273438,114.9322509765625,-4.075375556945801
0.6114488014674695,0.511351878519755,0.9465316544307124,0.9646242488072576,0.2061938734459749,0.9128341068541524,0.7812312281704519,131.60633850097656,100.79547882080078,1.319157361984253
0.7837506355829573,0.8144100555206515,0.6121258110200769,0.9045805708337722,0.02042469984551,0.9885908238368382,0.3706535191210855,153.24862670898438,95.55635070800781,-1.1082541942596436
0.5634286305503978,0.5085009239331097,0.7952735915698987,0.9258022029166432,0.4187645155493162,0.92031214653911,0.3993028553371076,170.17550659179688,133.68948364257812,-2.6986756324768066
0.4733220977613238,0.6422357786336801,0.9152348110711136,0.7732454736175017,0.1095620368114086,0.6703856190324725,0.8572505021999008,140.39695739746094,62.18384552001953,1.9699426889419556
0.8878010337133532,0.9722555744283006,0.5612638899788639,0.9676314989589524,0.0118738047829046,0.5774441332591045,0.5612002481525431,128.9080047607422,48.410396575927734,3.184069871902466
0.4520232619851421,0.5412492503197609,0.6157753646860856,0.7418680979357133,0.0026143916492804,0.7223324096224673,0.530185870828551,139.13186645507812,55.35637664794922,0.9772175550460815
0.7733359840836029,0.906841055513994,0.6735632889045166,0.6997528628398084,0.3850997962949694,0.6059825390773872,0.7853051303615644,154.1055908203125,-22.292312622070312,0.44766920804977417
0.9247379487616032,0.4880646279192739,0.6117320649907144,0.703383411166077,0.184254721406833,0.8034731992800258,0.9744196696614912,141.71372985839844,3.174976348876953,4.673274517059326
0.6507232686151564,0.3576085682481913,0.6773781337426155,0.7349814902253263,0.4733290470357675,0.9201535943887796,0.9798808446319868,153.3715057373047,102.27474975585938,-5.517399787902832
0.8633190224980607,0.8130265901259156,0.8528788015409938,0.8327555558648316,0.0622021264396613,0.928282656724345,0.6745994695182604,145.85214233398438,74.88734436035156,2.3816564083099365
0.8419887104599844,0.9085738653625952,0.7702866865678213,0.8057005658817837,0.5582375904584875,0.9782529669349492,0.4121468515211981,145.28622436523438,93.2540512084961,-1.6944148540496826
0.9728344464142687,0.8675194098564516,0.6039757787129525,0.7923848593081407,0.5641721927518675,0.9581142359909952,0.5633626134159707,138.4938201904297,43.533164978027344,-2.170015811920166
0.46865384145505,0.7773227591203891,0.8554426944140507,0.7330084372879175,0.3517169465338751,0.7763936224873543,0.5806873469690768,152.83682250976562,66.93350219726562,-1.8954126834869385
0.7269447718017099,0.5845137495315266,0.5330067244872557,0.8498458536812643,0.5770699796895271,0.7843770491261183,0.4185283095772553,158.6634063720703,93.08421325683594,-2.626716136932373
0.7249884832253153,0.7971997593206372,0.6337502360354961,0.6804654845774629,0.0523594384135407,0.8127176728147052,0.870185591155598,154.49114990234375,31.256328582763672,3.3614954948425293
0.448698841595451,0.7798314821573273,0.655579894012597,0.8397564525977335,0.4318162067450359,0.9683676971875236,0.8839030323742361,164.9290771484375,158.4896240234375,-14.63227653503418
0.4404070364822485,0.604940124068703,0.6762304715256587,0.6987696020526329,0.1984897893412599,0.801172544439509,0.870752773701989,159.25881958007812,75.92234802246094,-3.670994520187378
0.9148862358768768,0.411228242069757,0.7126717863000528,0.7840262040279805,0.1560695177033449,0.7788398017714775,0.543227083156937,141.97232055664062,56.99674606323242,3.549999713897705
0.9675646567914544,0.843783105021414,0.9944323363388786,0.8015066742378119,0.6692261655013948,0.924706144998488,0.9407095605814004,121.45802307128906,-17.35854148864746,-4.812275409698486
0.6004311963737787,0.3878865013371662,0.7919275688097054,0.9153806118839978,0.2913644032310384,0.710001025772359,0.4564746082609821,155.4822540283203,82.99327087402344,3.2498936653137207
0.6040746593574358,0.7029084588803426,0.6999365136803202,0.6728861184916686,0.0824016678532974,0.6255250664923206,0.4494181458282865,140.77993774414062,46.030826568603516,1.9222276210784912
0.8451877952192977,0.6383253566321723,0.6493094802741057,0.9063081397178032,0.1817498416624142,0.9910862328509352,0.8693862672244745,145.6383514404297,92.49348449707031,-1.119042992591858
0.8468571281290533,0.5105080686546218,0.9099347221564762,0.9774035544995684,0.4067888641054817,0.8999177600482022,0.7504004703781397,144.62539672851562,57.21876907348633,0.5493103265762329
0.5518014765891553,0.937764672046332,0.5553963215094871,0.979519856249366,0.6608506679400994,0.718044085828801,0.6832640656232195,146.9811553955078,23.62751007080078,-6.92287540435791
0.5285426359900223,0.5026490379413869,0.7106638480743608,0.7736501071711331,0.0105273344145731,0.7994434348760144,0.4786962634816966,142.88360595703125,67.45454406738281,1.4477473497390747
0.5254444795003167,0.775118245931584,0.9062519520862988,0.9529422074741308,0.5454943325385185,0.9649174380503448,0.5589520227787023,142.57981872558594,127.41209411621094,-5.4612202644348145
0.7027366718271986,0.4042355271307521,0.8335101596252462,0.96485869909214,0.9427299693548796,0.8088680868104052,0.6092112947116228,148.4780731201172,74.58860778808594,0.0967954620718956
0.9092488148749092,0.784087507673062,0.8854027205494677,0.8931294782437456,0.2527809621281673,0.7202599084760681,0.956783031559115,154.70852661132812,14.762104988098145,-0.3452501595020294
0.9927459619962886,0.6716842850170233,0.7479170762029297,0.6839371694145923,0.6532359420967669,0.8106732719651861,0.3891943442972447,150.1315460205078,54.77741622924805,0.8004589080810547
0.8455775983033513,0.8517262708365722,0.8636917313854134,0.7693831060800475,0.4788005774000137,0.6119081886194943,0.8841258866340749,160.363525390625,-24.48602867126465,-2.9489846229553223
0.7410262152074224,0.9469075064428064,0.7752872968427136,0.6763175494243902,0.5797513977783186,0.7458064047041464,0.4108067106523263,141.90774536132812,44.682701110839844,0.09487877786159515
0.9684947925983878,0.5017152863117837,0.6810303617292887,0.8065848632993465,0.0611038129700712,0.944100363250759,0.841756902064897,133.0347442626953,53.5738525390625,4.684213161468506
0.5271656262000765,0.5995848537763819,0.5944341405421731,0.7031234860334487,0.613188092530653,0.6398064104761217,0.7695163970054497,156.15469360351562,20.084686279296875,-2.8605780601501465
0.4980002873346874,0.9356866193295535,0.6443344753897982,0.8115808162952782,0.6599462727886592,0.954394390379656,0.6244235571256297,155.4318389892578,142.3009490966797,-13.011659622192383
0.8885477925625537,0.4053502957120368,0.8034629848757069,0.8967309869361589,0.9775168504649332,0.7183706974584821,0.9429881157085804,135.90017700195312,-66.70008850097656,-1.7618755102157593
0.56028300504181,0.5848768777150555,0.5859830096744661,0.7079243779097523,0.2185160092270628,0.9411518182690808,0.6388817737672075,167.1443328857422,105.2812728881836,-5.868320941925049
0.7644151451838253,0.6054606957547088,0.6357757778569952,0.755484726614637,0.6532377107342828,0.8472313128838846,0.7594941183475208,153.8255615234375,45.017093658447266,-4.330899238586426
0.8410608752698543,0.9800334930540132,0.6126352329022252,0.7205955016588355,0.0401259734361842,0.7211692046667442,0.3490815657791711,128.63101196289062,44.71586227416992,3.0995631217956543
0.8233552919877962,0.6714888462089359,0.7221832297085411,0.8196898444738163,0.1108436746694666,0.6153123246749356,0.8249090078957125,149.07455444335938,38.30021286010742,3.07124662399292
0.9120181191392608,0.3589298335251041,0.7556715049302005,0.8403807020069858,0.0056768683971758,0.8251120183229155,0.6440845618647896,128.4695587158203,63.42060089111328,5.734066963195801
0.4478421759761692,0.8546456179505411,0.939164188310666,0.6906831310921351,0.839904480351542,0.97911192851865,0.8226769385643813,106.00630187988281,116.14332580566406,-13.5657377243042
0.4549284741115257,0.3773016771977717,0.605445249333155,0.7824277687668239,0.6626437757901726,0.7688429649136506,0.4965725985301282,171.26156616210938,146.6259765625,-4.869732856750488
0.7123953598318291,0.3869717394026892,0.6290334623705404,0.9725038162577214,0.4092915356390649,0.8888594841121039,0.4844858758613222,165.26370239257812,122.2522201538086,-3.3509411811828613
0.8478299984336535,0.5990344763371553,0.9074308875734672,0.8977671845292882,0.4616352704443205,0.7788544828112232,0.4710998508107794,162.31179809570312,62.26030349731445,1.421403169631958
0.5514359073335316,0.3743849885462372,0.618050414471457,0.970938891313029,0.5234006767041883,0.9343348862254984,0.3891213124519423,184.24197387695312,187.79620361328125,-8.723222732543945
0.9663368055089104,0.9601207852538878,0.7812043015619671,0.9567328693956754,0.8920917301809957,0.9897208439435976,0.7718167266309386,99.42159271240234,-4.931617736816406,-7.237982749938965
0.7742490784929592,0.9003248170929721,0.592307994982297,0.9539834786195288,0.0176179235702995,0.9023863057663356,0.7316754229151701,149.55819702148438,85.3865737915039,1.5720140933990479
0.6251774439119344,0.9036000203882436,0.6039270238861858,0.7424707123380566,0.5813449173731334,0.8083277201141431,0.3637275004787278,151.05184936523438,81.37850189208984,-2.6319215297698975
0.9328652219214096,0.4356331289249717,0.5769728536324841,0.8627559896615099,0.0054551415720071,0.7375627136531951,0.3640644247366177,115.7012710571289,62.02910614013672,2.9119255542755127
0.864328431279211,0.9848837632626392,0.7531586435073006,0.9072429236538002,0.4034344935946594,0.643105871091602,0.8712358810058336,151.6356201171875,-34.782142639160156,-0.902068018913269
0.4421771365231068,0.8348467365419588,0.6066933111222703,0.6778661961101476,0.0395210994002856,0.6034169891952074,0.4256314238744481,135.91305541992188,27.078968048095703,1.7785871028900146
0.7462185598429023,0.5289483085294584,0.6607976543003526,0.8277605749105276,0.6105161264086276,0.6537358159586858,0.7596209659380037,154.0887908935547,8.652375221252441,-0.13722243905067444
0.5118549838638184,0.9232889788279776,0.9453501476464854,0.6833952377738775,0.8108391851815991,0.9347844663839764,0.7298517284552624,109.0766372680664,85.7563705444336,-8.83292293548584
0.6601850451877036,0.8164739874730971,0.8245853661632048,0.6715200913796133,0.969221211258041,0.725772050897797,0.7783568408903048,122.26676940917969,-23.355762481689453,-4.835754871368408
0.6820353263346448,0.8805280723041509,0.5237512332875651,0.8033624535554974,0.1093516373283214,0.8232407629485134,0.6502126816689768,152.68997192382812,54.417030334472656,1.0015448331832886
0.6256031419631577,0.971530438407752,0.812994905329924,0.9323447823920687,0.2943290457988426,0.6628070625333674,0.6821577308751677,149.36703491210938,28.574832916259766,0.24092237651348114
0.9355637738505044,0.5753177771063525,0.6439338454266466,0.7570642225082732,0.752817166326868,0.6841881723674229,0.7929003605307849,146.71749877929688,-45.93306350708008,-0.777767539024353
0.7696972248412564,0.3879852891151589,0.8266842218443453,0.7981533071328153,0.6014450496233573,0.645808528629034,0.8162139846969053,159.13009643554688,17.826465606689453,1.7252628803253174
0.8166825688069705,0.8916428629255555,0.6992023354060549,0.7388501608726875,0.5699947257208996,0.9794116364955994,0.4010014798559746,147.54208374023438,96.60902404785156,-2.4366185665130615
0.9632156528861868,0.3736595723417272,0.7626624325015394,0.7286531377726441,0.7913187996810997,0.679118499842443,0.385805223650955,165.95184326171875,78.68077087402344,4.154143333435059
0.8066160993481075,0.7926640892818881,0.5667601540414282,0.7923872124578679,0.4081930795597531,0.8135222149889354,0.6186638016012915,150.70431518554688,35.435768127441406,-0.968997597694397
0.8727026386299548,0.3994511905702094,0.9434935314945778,0.9422836910392678,0.3691847459393358,0.589627671038817,0.8715602380781898,157.98623657226562,21.171615600585938,1.8064539432525635
0.8435638742944183,0.6776191219979693,0.9839841583535148,0.7286929783052976,0.8378578522527965,0.989608554866624,0.791494766368953,118.71110534667969,52.54436492919922,-4.258719444274902
0.7178987862032892,0.986256309252606,0.730257485648928,0.8251739125590822,0.8464139404393993,0.8042387828488096,0.7406658689440597,120.5537109375,-11.600469589233398,-5.33162784576416
0.8466359657866688,0.5952386949806332,0.588349199661086,0.8367859745210696,0.1130984102583093,0.602298661835404,0.5751884480084826,130.87283325195312,48.61309051513672,3.2390377521514893
0.6595969941674631,0.5754643830035903,0.8683259404247132,0.6895089745369704,0.3718048567652552,0.7029367400547911,0.7545445750236747,158.66378784179688,43.517799377441406,0.10223536193370819
0.8864415618403441,0.5180275173877416,0.8448867059300218,0.93236588783171,0.2274604363193999,0.6636501808744643,0.389997287431893,159.18687438964844,78.61406707763672,1.0433738231658936
0.9614368626233492,0.5496972101298154,0.6354059476668117,0.7797387754931873,0.5396780417375957,0.8324993718049363,0.9469971777233076,146.4620819091797,-21.607891082763672,-1.1132053136825562
0.593413950450824,0.7054579349966239,0.5523454902224305,0.9831896777619455,0.9649308405007136,0.7382328098016664,0.5791109082532702,141.92803955078125,66.23069763183594,-8.101343154907227
0.6769405945915972,0.3833041174361639,0.8472663027809092,0.8588723378023349,0.3381039924045745,0.8135394491140038,0.617790579381996,154.01229858398438,83.9022445678711,2.617582082748413
0.5020827565523756,0.8271107823368533,0.6385590119070791,0.7850825866126928,0.0487444558138234,0.8936979107680644,0.7085276975248116,162.06863403320312,95.56532287597656,-2.678032398223877
0.9167203386937156,0.8488422335767848,0.7883394366291119,0.9230247171265448,0.2071434218355771,0.7934417060751793,0.8727893302314013,149.896240234375,26.795276641845703,0.9020510911941528
0.5015445500793572,0.6601907414183725,0.9513346384538548,0.6713113848535979,0.6213277362149501,0.627944253067746,0.6650769215658199,148.4595184326172,37.74892044067383,-0.7571063041687012
0.9566913541726711,0.7051187805338248,0.9383676108815612,0.774537691995657,0.2322057118173605,0.9728056699981736,0.7329684838833179,145.4921417236328,63.386329650878906,1.0540945529937744
0.7805525850180923,0.7375757696521511,0.5923166368202624,0.8571351768112258,0.9354206776115604,0.7356715576669559,0.8486325505029592,128.3926239013672,-52.894508361816406,-5.866507053375244
0.8076359457768667,0.9378186891895868,0.9761341142210956,0.8240737248641777,0.7824760937473644,0.8211445998018024,0.5547410879945336,121.68672180175781,25.407772064208984,-0.6315330266952515
0.6728991865640493,0.9492644866524088,0.504009347069353,0.7274218510617558,0.7318886558596478,0.9058079622064504,0.3947837508653185,143.33543395996094,107.84293365478516,-6.238394737243652
0.4898692973071917,0.7761737278369212,0.9956445788219412,0.9348787387429538,0.9082894109295822,0.8419995487635754,0.4792601410618058,114.47017669677734,84.97452545166016,-0.16414877772331238
0.9381472110794132,0.475789899371441,0.5232713129186067,0.8611455901564153,0.1893438973185028,0.9615459243658632,0.4611125854738789,139.9313507080078,76.44795989990234,-0.35641974210739136
0.6985962516226591,0.4324282740202675,0.5074952829049066,0.8254814996072217,0.546922566244656,0.6923635625917504,0.8891195359846747,147.5105743408203,18.513383865356445,-1.2189443111419678
0.8764104593635031,0.6442438825794915,0.5472865566651384,0.7018977160726709,0.0176958101044605,0.976211825802657,0.7998063978371626,139.84506225585938,43.06592559814453,3.8397936820983887
0.490836057537251,0.5267160695741164,0.930335765788412,0.8973579056638843,0.0015473403635871,0.8211127503065401,0.337320646398887,139.7109375,63.779693603515625,3.8375468254089355
0.5406323481339219,0.3784876541420197,0.8016152782091157,0.7454712989285965,0.3763853409981341,0.8985539611920883,0.8721501292113638,150.27328491210938,114.32708740234375,-3.4420082569122314
0.5235801457441511,0.7519794619285183,0.673859411730259,0.6737496591194932,0.8110625633994826,0.8712096552328432,0.9191433627070325,145.54318237304688,63.31232833862305,-13.731938362121582
0.5298149700585035,0.8954523673921375,0.8303598107143636,0.6918512007199649,0.3702647966129984,0.7453672028401558,0.3375801399123883,150.1448211669922,63.780982971191406,0.026936247944831848
0.8731167915073177,0.4847369869561008,0.8518998267714932,0.7372471841951882,0.1956594988374008,0.8400018493208748,0.6209094110143483,152.3757781982422,60.60065460205078,2.7292656898498535
0.463156828742706,0.514228380040968,0.6592801061493971,0.910674194770236,0.7259919485488024,0.9033406092107616,0.8887386299535065,152.67666625976562,154.9042510986328,-15.691526412963867
