PS:PAN ratio,Feed rate(mL/h),Distance(cm),Mass fraction of solute,Mass fraction of SiO2 in solute ,Applied voltage(kV),Inner diameter(mm),wca,q,sigma
0.8471886069589822,0.5384775241687192,0.92214503154567,0.7366445101512971,0.0628994400439685,0.8873302571720505,0.5777717774813584,152.3913613032824,115.28013204677345,2.012423849313136
0.8267468578729533,0.3651371670256997,0.8383441353619308,0.9357786092227904,0.0553667866369035,0.5965532059579416,0.8805014829946285,156.71231791594758,25.792346042483913,2.1905762140453913
0.9659849566910628,0.6755372854202215,0.9650843477991312,0.7148076318445501,0.0729810427212704,0.6863749378322545,0.6568222221143787,154.9146872388542,49.912922206059406,2.7430111788621496
0.4716491162232498,0.3880754427748779,0.7093356477247852,0.934963683171144,0.6140910270260532,0.9715176987445928,0.318059534787934,142.5945784936689,164.16953307686353,-2.7274216411551353
0.8251253556908402,0.9775703092693844,0.9030060131265116,0.8239570370019077,0.5699116839896002,0.7202141348144386,0.4503009681310131,143.8572575586325,49.59302185789879,-1.515768295854034
0.9550459286050336,0.8544024966831919,0.7461288289101352,0.8833739668553652,0.0217756694218615,0.7257069844435605,0.6054651408538622,155.53314723492483,39.7510566846055,1.0543241040587417
0.7047516077508036,0.5143514110436278,0.880784701336234,0.9947116434742932,0.0339902086866463,0.7740335023344094,0.78886204620392,151.2836045338339,77.67979664066172,0.6746958924422716
0.6278265429300988,0.913904914200183,0.9588483626563076,0.7885411176478532,0.7267868664949404,0.932641024919446,0.3231878689154074,135.65095169819202,124.58816821643809,-3.1125599446584027
0.7754613369572689,0.5407425177574994,0.9562736791931606,0.7802325251537799,0.3532031980193962,0.710054377031217,0.90688637468198,143.92257040106037,32.35103371693405,0.427742066633109
0.8475972141804775,0.81600585753892,0.7178072808630894,0.7558836152289,0.1305646869227698,0.7372078497570149,0.8569749755377525,145.93705819766492,9.385736507147382,0.1172207796096583
0.5011268310837754,0.6336802942648498,0.552983844424138,0.9615998973942828,0.164490664626965,0.8426583344243841,0.5121245748047302,146.6795627988577,99.29957552811996,-1.924234697029421
0.4990905223134066,0.8552550437331956,0.5920310579632656,0.8632250763417837,0.9109120960013096,0.9737102209780096,0.5790201901485508,126.91965108074706,73.8481854439789,-6.119430346414382
0.7952839225559156,0.482821336550413,0.927556788437158,0.864669583123991,0.9673508777254404,0.7049514185977359,0.5094475463789592,143.18062655989945,60.357524339243966,-1.6948521564733359
0.4619428389164456,0.8004556967717624,0.512777030023759,0.684116612031147,0.4682118848796583,0.948632372881659,0.958278061895514,126.00907548281275,32.72386991144094,-4.307062017041082
0.4649598695477707,0.6925854658096895,0.7964020036034937,0.7175165728544906,0.9628895167413636,0.9795386982187222,0.6201173328460436,124.70665647591306,95.56462001691021,-4.9474943912845095
0.6171143188441881,0.5151282223657425,0.7404758400705025,0.8572802552203332,0.0251674036942943,0.9663206056990749,0.3714877529244486,151.92408221179448,163.22994990179996,0.34434297406505976
0.556564608480784,0.8703514374457527,0.7881715408946912,0.7999545784266853,0.1620914955154455,0.7808939894349756,0.4980430640818727,143.83580960893488,86.60836558623468,-1.1107198971542678
0.8731570577007037,0.9551509570517775,0.7046047969019044,0.8736327147311675,0.8624585503387694,0.9517506900525956,0.9571138507306473,128.65272706297557,0.28506049992201205,-4.736061608634707
0.884920835739484,0.8624693954959266,0.915734855168598,0.7052499727293372,0.7341081442158162,0.8755227657595774,0.4648784673749122,139.79683005675784,75.32362699003622,-1.6495008945564453
0.5344791312521343,0.5626759184494651,0.5280376110261834,0.730295999933655,0.5239544669344695,0.7225519889335414,0.3476354361937708,144.98815353003462,78.0639655269731,-1.7942133961292275
0.5166672015416344,0.6441628266484932,0.6420368954438158,0.8668051053796489,0.9648765141537948,0.735374411825604,0.7492360385385841,130.54489515231592,17.989066563792335,-4.862580149325414
0.6455614451555229,0.6799324651139436,0.9674406896294698,0.6771243770313344,0.8531106096142517,0.9460516771812492,0.6772811246484943,129.60945994065028,88.69751453987989,-2.9355832787889864
0.7349845740625449,0.4976736528405769,0.610687445933558,0.8478236949115792,0.7197708085999596,0.6447754326949313,0.5336455870697725,146.62308304845126,30.25740788173302,-1.645220628996194
0.7421134917229262,0.5351113237127482,0.8762947551447527,0.8503549895107712,0.8575104993387759,0.9419005816823663,0.3361424251611735,141.77428974694027,131.2162943843085,-2.2543304050558404
0.6512097604057401,0.3747940292985454,0.5214407238192231,0.7056210253681405,0.4045716342641592,0.594265091413082,0.8909065348804548,144.7807620398608,-10.917502031902371,-0.391968439669127
0.6800836822673908,0.5075746585778014,0.5466272474207581,0.9831191387692508,0.1496698991814367,0.7295749656003844,0.5386775827976916,154.50340788718546,69.88352282599473,-0.3263466523904344
0.6403050260101535,0.6458694008411903,0.6986949849474817,0.9850056578412448,0.2300665837953418,0.9449583240292792,0.5249319889062388,146.60657427311406,118.86330441469093,-1.6102861764900276
0.5920381601540213,0.715018224941495,0.9252408778627692,0.6836487771579007,0.6370555178075025,0.8817062704104371,0.3644926350395197,138.06468269314203,123.18832790033606,-1.8253039595267317
0.7860005844488676,0.4880647032343777,0.6798207554311667,0.6730044710244517,0.1249421466780741,0.9427291654303184,0.8767001513110813,144.28260525797992,69.97321031088717,0.509738880257686
0.5891167124404432,0.6840953390667566,0.840061839652648,0.75508576069472,0.1222276169029792,0.927261550612025,0.7020296156057944,141.08016752129421,105.11502593741513,-0.5947936968113324
0.6727774292130632,0.9773830732771188,0.8233648706320891,0.8705750723107071,0.0234904721759397,0.9396250927217776,0.948227953401908,137.45097794214138,54.86984160134559,-1.665043029309633
0.7254363973618221,0.4347093127643175,0.5645528840776758,0.7725510671383635,0.7478977488185296,0.779885986195268,0.3580137906970264,146.69225391989818,79.22551960762888,-1.6482026746129674
0.6085202320955736,0.6874306294395182,0.6025658453160845,0.8396395113163206,0.7735638088535504,0.774879768349982,0.7240083630594605,134.63973986190447,24.309917564124,-3.8685846645931314
0.6255042555290331,0.3889665320331198,0.5247141201211875,0.8375533413153595,0.8924875975411408,0.7780124616316075,0.6153136840181254,139.11373013029754,46.44916456583392,-3.2863623914352496
0.5742013250329288,0.9640300131601516,0.8145485347793717,0.7499835863316312,0.5983344162478474,0.9069292717550984,0.4102098639631674,134.59840063235762,100.11573538698552,-3.324472321812211
0.5862129731321306,0.3636581035634695,0.6984165587178568,0.7573510195111653,0.0853178447757589,0.7081715855858872,0.8118263930413283,148.22981755246727,56.877882198770195,0.8461188287797317
0.5655692807891108,0.8548012464491462,0.7321659846078467,0.782898291857904,0.7886037425968737,0.9557588310642104,0.768859234886047,126.30749178439414,56.453908403228134,-4.843880998782075
0.6020096768999292,0.8609123935369241,0.8190625810691111,0.6714066708007301,0.4675978859804636,0.7219714789601606,0.9043262428608956,132.60733690380286,6.67690472659919,-2.137404174038
0.8330761203485644,0.9480459161405762,0.5515627090704182,0.9140061441493018,0.83831472850557,0.8841554188449994,0.6604850565111086,135.25045239737528,17.18219763903427,-4.6915902326976076
0.5192041775413181,0.6758271969935672,0.9283366216165464,0.78847635461941,0.967298252041747,0.598626507497253,0.4276969770833808,136.67522251410094,53.37673604145086,-2.977850953645561
0.7850626780285797,0.5273448749419457,0.9080167858053134,0.7574280083969429,0.040646815594986,0.926645930692522,0.5728338288548163,151.14031913049945,128.81760372476364,1.6353677412045904
0.7175656194201726,0.7648739029590645,0.7415019357377014,0.686187408463928,0.2647370912974545,0.90494129884557,0.6492147494567149,141.30438181242312,78.16858219429228,-0.8298193401534012
0.5447287705577012,0.7248651880235241,0.954665146081716,0.7483925652970189,0.8148875724783348,0.8310904350001358,0.7159186555595647,129.49920778927117,65.56112178142833,-3.3519216593953973
0.6217322772710671,0.3710345028525879,0.7513122630212388,0.7794443877311038,0.147978279756936,0.6937133250547597,0.9386118815526432,146.1524438828526,36.84720894641004,0.6468752152824929
0.6237915761708487,0.4929442945430451,0.8164038070338335,0.9744800055921794,0.0522809344044373,0.8991583020372614,0.9161485196737308,144.9320730407709,86.47209230875087,-0.42300991071582744
0.6105116198255948,0.9011979018247808,0.8146708191437531,0.883811752189194,0.3969251312096146,0.6073459781130234,0.4291116169810503,145.98772398806128,49.036989422320886,-1.5269277844179439
0.5010372796364595,0.7116190645895346,0.5915470500022083,0.8807447109617796,0.969560867603602,0.7308986174906804,0.982416060268274,125.50503520667786,-21.38938691816668,-5.730325213129072
0.7532279899950096,0.4500369097178907,0.5279209651738515,0.9270856515847028,0.5754118189675063,0.6699996705773198,0.4371834482285651,152.27786795891927,50.23817982670941,-1.1757802693442811
0.7810707853869516,0.7934181100563259,0.9037955020048468,0.986991272559431,0.7928415359438803,0.9114022097537948,0.6142456401954292,137.41812637643636,76.12069922419305,-3.405072730791703
0.5294973596115545,0.7049036878457948,0.9434546318491944,0.874335209155838,0.6141597803545046,0.8372336376791747,0.9303111297131688,130.3065497083848,50.392810191744296,-3.2431418214617915
0.4682231038072435,0.8879076466489837,0.5519268095717199,0.8504087576923528,0.9819605618149694,0.8397530008948423,0.5193081242658492,127.93531086560712,47.69167714893437,-6.247441378488072
0.7073419193909676,0.95282059937605,0.8364465820025904,0.9259547475016155,0.2882993463730737,0.6153875187575699,0.4229903081677331,149.64197281151678,48.75194880878534,-0.8730290007155697
0.6560819575650798,0.9406732904291578,0.9514460673005504,0.9297881825399196,0.024453514185262,0.9865797669764272,0.7492406860852254,140.59229732143734,106.27888401987578,-1.2810275559837239
0.5137542773215734,0.5735386567996699,0.5377288998658343,0.883489664092322,0.0710250707314516,0.8800889736338704,0.6132778239996504,146.0459263932855,97.8283486195106,-1.3072986771476192
0.4952369483838397,0.8977417969270463,0.7367147685766008,0.7240760401291666,0.0195780710025637,0.7982414679187056,0.895662001077346,136.45509504208408,39.93104980121607,-1.4386719058622552
0.9881026195964344,0.7727399218372308,0.6783165853714227,0.981608900136158,0.5644514977711885,0.6449960909263867,0.9230431110577736,145.8201195436662,-41.30243432228497,-1.6026244130227019
0.8868263227171749,0.9662985458978652,0.8186741015503967,0.9738798476332812,0.1827432855015872,0.959196157301956,0.4534460557443724,149.24997911886288,105.73948535342579,-0.9768630990002505
0.7812608779357735,0.3662549643048733,0.7188431709083022,0.8953448083942414,0.7564171347878134,0.7474334597216652,0.4187148252745661,149.39328695259863,80.74558011546851,-1.1060842365416164
0.6767102857556784,0.985561331340128,0.9661705737496288,0.7565179520710729,0.4943113040483286,0.8567479897942629,0.4312696093115981,138.64103185386196,96.39381715428142,-1.9222638699206571
0.9614784608049782,0.6034268012388713,0.8298199139922124,0.9751545792697004,0.963769647356995,0.6506682236818697,0.454823869365152,148.69200045678585,31.293066058887952,-1.7149602994440176
0.7583535430033923,0.945014155339294,0.7558041818200139,0.7007712559684433,0.950849063537412,0.6138246081277094,0.3630204857058427,138.88017133399816,15.543022111054496,-2.9414932425588267
0.7730157245369432,0.5259661299232238,0.6618460842583752,0.8771110812505057,0.378491829320767,0.7855730024496509,0.5992482964240162,149.24595510487444,64.71969282959705,-0.5705798388610351
0.5924856526446866,0.5560879481983184,0.5381411426321605,0.9031166219164216,0.769125080462387,0.6991424203262623,0.4605827904206024,142.83647242708147,49.151084340967465,-3.1874471788640113
0.7553451624580052,0.7168757231249427,0.8847052465862207,0.71109593525491,0.5873848167870309,0.939227194174684,0.574496559506519,138.31676900089323,95.44228314058763,-1.5586032600976745
0.807246810765757,0.4396869785795909,0.9164919808648282,0.7192625074561239,0.2729316576171793,0.5809840023497345,0.5531774542139789,155.06594440680124,55.9870764277709,2.3265813270380016
0.8597764726617623,0.4387316738045371,0.9819632235652552,0.69437505517364,0.9662750024934468,0.8194961988628544,0.3571542097556525,143.85975630533434,104.07507819592428,-0.6729948744925673
0.8296051074692052,0.5920977608511012,0.5227745531997893,0.7915817091319717,0.9034737208914728,0.6638190178111498,0.8420574554698419,138.4037316666302,-35.03864951299858,-2.958859766553851
0.9327103585866904,0.5407506536387487,0.5861975417887593,0.8896843016640736,0.949855119441924,0.7208705661944403,0.6169508940045589,144.56633637584764,8.275956906074454,-2.4633450747339998
0.4859773310243555,0.4469088210047007,0.8483110845218985,0.9438334912749932,0.2921766986808063,0.9758604552073072,0.4573372827106018,144.6927541174245,167.07407388877266,-1.314767008360923
0.9567695099618488,0.4795325672815176,0.653669073652753,0.9337416105946744,0.9688233131058048,0.8885580940419359,0.6513499625207297,142.47711945436063,46.26932130299927,-2.7482070068112643
0.7662253260465071,0.869051389401833,0.813026785072744,0.6905946183117485,0.8452958243804258,0.7364028660180076,0.4278392820419309,138.31191506205766,45.55854611205453,-2.4607939508631707
0.6143684880118063,0.7700274058449877,0.6120271429927382,0.6698138313142872,0.239150040989861,0.6145569920842058,0.5858247758542949,145.54388017982382,23.344728125098836,-0.5074923917434953
0.8676259266165096,0.6233974786415286,0.8096085239668818,0.9077818371508604,0.8055452399898246,0.8237621011717311,0.8687241374402443,137.94503444666947,20.31582741089212,-2.5619699291278346
0.5071051095564124,0.8600355702531364,0.8771586191832186,0.8354723433148064,0.2088855824677619,0.7390950187573646,0.6563981843832067,140.34457596977393,67.60615752978497,-1.4707052941508374
0.5170862937088792,0.7825543555407526,0.8002632845144123,0.9828090318933224,0.2560920258203404,0.7341497501382515,0.8153993616847561,140.01530665124096,44.31590240690014,-2.259921478341827
0.99619725214542,0.5789280243744347,0.7185318997575878,0.907770871460676,0.3059970161928892,0.687988854801125,0.5213605514027231,158.07802430004014,45.332566617956296,1.0952981744919992
0.8978600556864837,0.9733096976120764,0.9246199812534,0.7315107813654373,0.1847773778544683,0.8803496400920128,0.3875203732687813,148.9748388446829,101.79205591967325,0.46315653323602346
0.9687009565672424,0.4338102996217957,0.6530804878349935,0.8583928335662444,0.1360430177652682,0.7895005719317949,0.4157982566891761,161.77011321044384,91.72220061663864,2.0423911629405396
0.5862282440662226,0.7042817216426924,0.5644872027088457,0.7387656244555298,0.8133126320838996,0.9204636795423112,0.808328654345195,128.17987850285147,36.45534132236039,-4.596917522339848
0.6778746763495047,0.7646800445004418,0.8003896253216849,0.9592878348564284,0.1944672170143848,0.8523866715388564,0.4024919976163784,149.67862857327776,115.5009228538802,-0.8540877451601472
0.6154205985828101,0.3689000102712967,0.5479005173529575,0.8450515589107049,0.2550316393277453,0.8290828893089539,0.8257617410243425,144.97385190618272,59.13801431074834,-0.9020866372785069
0.9664070869369998,0.808599741477332,0.6593314357613644,0.8131303083743078,0.9075674482805828,0.7791373867764967,0.5652886445612637,141.22999362964,13.519939940871202,-2.7541992107585194
0.96802688707523,0.5624785921774264,0.8426821192647519,0.8236677089442969,0.3498533932417277,0.7358702231231662,0.5878647821552704,153.79589022589894,56.670091206725125,1.198652258679932
0.8763405248969725,0.9364413435064838,0.8751011762085588,0.7762097060067796,0.5809476887336515,0.5934366084509365,0.718829686173641,142.52813515901684,-15.939467331801964,-1.1037454265981952
0.4558507810507596,0.372099096066224,0.7245014856978822,0.7542999021937218,0.6170510186620356,0.6531776810470385,0.3188915244734088,145.92917615465745,99.19153095567644,-1.1184924331054584
0.5683767507252688,0.8703913292673315,0.5440574229474865,0.8674742157002205,0.0561058169198893,0.6412099726551865,0.3695338143856619,151.68331428452584,58.760682502963625,-0.861124315442023
0.8283495243974839,0.8156420809593854,0.7500942132612725,0.7385639434606446,0.5797546048151057,0.610642127260304,0.8351239998093538,140.59981599194418,-27.985397548683682,-1.355042037286154
0.657111789839808,0.9322900822459655,0.8568847897491896,0.8724872976368526,0.6146693007245217,0.8155445124053006,0.5252335403204851,137.5882385396938,68.26926048826286,-3.0378892203076213
0.4938848695873646,0.4063825280088756,0.5501212281904511,0.6873613156865923,0.1511298163201239,0.6451975052725851,0.9434390890647648,142.80100996266825,13.172541424827951,-0.2323301850810266
0.9830093759896692,0.9878642256058184,0.5694285884286451,0.8823714111131098,0.2512336887629656,0.8816608291252479,0.7579181405353861,145.58067052399244,16.140676432896186,-1.5479061627353523
0.5184203809984725,0.4696367868153384,0.8009955051103788,0.7671592969540445,0.3302361564370049,0.7484918650054978,0.3358202047738428,148.69339562774505,124.2521773190873,-0.07580530863791832
0.4916055898437874,0.4184225343128931,0.6647244258755314,0.957849162471847,0.2207555792067129,0.8893263446234114,0.4690348855799647,148.1714536483539,136.740784955919,-1.182676695650358
0.7536326346754874,0.4514067640542392,0.5070078483822009,0.902076234573468,0.8961530682688529,0.9067813511680584,0.8165795449647741,136.14953914377736,33.12364232217075,-3.906290107566889
0.5670229214158591,0.9258518787580196,0.7944230125792426,0.7430597082838486,0.8561894252033505,0.8712860999100591,0.3133720552050071,133.04431925229082,96.29590644343499,-4.125372905087244
0.6151352568358582,0.6833265669847264,0.8239630183839106,0.6985339830035924,0.524854428245779,0.6431965635614787,0.7085297193101368,139.45920765679065,25.97958833550496,-1.201076676568713
0.6233189670992324,0.7740977399602968,0.6229208578731132,0.7332675657173919,0.6635651884893284,0.6196152437684965,0.8081015325298583,135.61918576390863,-20.865132848946335,-2.8658553569379364
0.6865032206889734,0.4091775123360465,0.9700642070289316,0.7924361937728133,0.9716086837693366,0.8404230810473108,0.3954283956631853,140.3290675903335,117.17941626631887,-1.8663195696414387
0.7775580229741272,0.4661339557497195,0.5325054442845463,0.6991143832098297,0.7745725766922551,0.6150280604946543,0.3598401012517643,149.11887790950013,34.69768765278817,-0.9689990918313229
0.9054044206092062,0.5740000849164731,0.6565986353886744,0.7871304877232506,0.4378973583114845,0.6741815327416126,0.6460818273796792,150.7960034987923,19.471139139434424,0.1678807288972283
0.7000648419279578,0.974524396203596,0.648577709180242,0.7781141457202738,0.1440980490953621,0.7937646973390526,0.7038009355938112,142.209278032755,34.06845164766982,-1.4279211006289685
0.8188377504140548,0.8269201467620793,0.7125095076438874,0.7856258402103324,0.579973536827861,0.9117928910638118,0.6041788383471292,139.5000937922318,61.251982796031484,-2.318021226536251
0.8469901550693663,0.5233847810969585,0.6940365027834684,0.8267890778426898,0.5935759643300983,0.7731642240681664,0.7159473239572457,145.078364117876,35.280075621207274,-1.0458189702061813
0.6924045192552865,0.7654133894932583,0.9296657752122957,0.8704291829640445,0.2348097747041849,0.5774994388977452,0.7645513139819167,146.71973564753836,18.724380310545158,0.022765418292209797
0.5057555655559652,0.5166719276942421,0.7718959861192216,0.869581716064773,0.455734938351883,0.8439119436143951,0.5226450502826474,142.04762213077763,111.05959410639356,-1.8546133517348167
0.9345372834565546,0.3739192811009804,0.7659191263722984,0.7386159860031896,0.4318281487932223,0.744489360629981,0.3514950302112429,157.38067209661074,92.79826311812796,1.7475030622952719
0.6508802248261413,0.5117384673276337,0.580866396598746,0.9504917828088412,0.3451765715950338,0.6734646303992176,0.978015837195798,143.6208904760937,-3.331866431023075,-1.6200605894128834
0.9470844242894544,0.9155967443909098,0.9040324648634804,0.7939473941418603,0.200403352703943,0.5972928935863997,0.4197145663333625,155.79740876448724,39.24232184705462,1.4415494618602827
0.7045888049710683,0.647619164601393,0.6302543198537195,0.8591183377898526,0.2445270252284582,0.6441913948778898,0.4750560507404889,152.66808067771206,51.0303818131486,-0.1357315440378881
0.809373961329465,0.8525478525471872,0.7956411777897809,0.8401227745186893,0.9411059887192548,0.6863789560836862,0.8933754004230336,132.55566398838934,-30.308758588242117,-3.68597118982886
0.8613216984111011,0.4886169435237781,0.8003727207068901,0.8629760048975592,0.6573406543432785,0.8359516118959526,0.3575552948758369,150.13056527029468,103.89392371255026,-0.599111306125614
0.690344892622105,0.8689663982790503,0.5848860440072832,0.9816922239430222,0.8376723330881635,0.8730629430670322,0.909548111987894,129.70033222532922,0.8957146368253883,-5.526094320301459
0.5758130607557181,0.6151742518595291,0.9220063432082636,0.9471016958544828,0.8286493998572577,0.7242238759882123,0.6875832661480865,136.14705834139653,53.0548875942032,-3.2007331634439344
0.8835985332406708,0.7180400342811126,0.8395188254728928,0.7259847073804583,0.0324512396363087,0.9141475458518524,0.6984666635592429,148.7395215049237,84.40742571574779,1.1880021557047042
0.921140738901656,0.6581147783055098,0.6703784128961927,0.7533636349831776,0.6039215471498895,0.6118336702263621,0.549258938531376,149.6832088612178,6.71972544307039,-0.30041917768216575
0.5796981282644303,0.9290936351211116,0.9887634372920546,0.945167146281966,0.1384091104308474,0.8316373461338497,0.7797077077997843,139.4779819026565,75.36350682615485,-1.583824140628562
0.6035356137349046,0.4300687604944173,0.67929740156827,0.7222545722869166,0.1861760401863537,0.638310804621396,0.7586430941194684,147.8723173308916,37.7045223984896,0.6033995329219519
0.5597589198874549,0.5187442807560776,0.770787216137901,0.6755199865382606,0.2856870819283399,0.5822136455640541,0.666525092837019,145.93924740482922,38.3736007762826,0.3699876432652793
0.4604228059992371,0.8032201708034137,0.8829376058313366,0.7087359436184141,0.9091343845550508,0.6510409605007612,0.8076201903539216,126.2581964915156,6.373788001342428,-4.085260258553133
0.6313550616530524,0.5709280395881919,0.817945677557513,0.8227913922844649,0.7533501590674432,0.8679596871475089,0.6023962046383673,136.956652272798,84.65344815237628,-2.691058894955498
0.6485692413865614,0.3978412232641554,0.5305819790427238,0.8216633227147495,0.1132923469626417,0.6893938930643149,0.8180299369159445,149.98068532898583,31.425199625811768,0.2550225887231387
0.9343356234815584,0.6026976637288125,0.559704473745891,0.7457415015141131,0.6074138433469399,0.7246755343231868,0.7901197219040716,144.66615166151425,-9.016625615987717,-1.0753188575190946
0.6263967494516495,0.9463389214436928,0.9656516517229784,0.7400478708662582,0.4474552804563508,0.7122181168495045,0.4737199145587521,140.41455882174694,68.82815887730537,-1.35679173901993
0.83405961063103,0.3647390338119764,0.7137194071323101,0.8617409862663459,0.7472769941217688,0.9630671159213592,0.4982321936874034,145.23296341561274,110.15427125085132,-1.5379383175584747
0.7282748741754883,0.6014530485409805,0.8739722503041778,0.8551756881646747,0.4690199364859783,0.9360724862094082,0.4173500473334977,145.58970100354512,131.47057751033498,-0.9813418319274265
0.864671721048089,0.8052836716666973,0.6764821605046114,0.6777888768310447,0.9035647664357086,0.9451181796727696,0.5831887930811503,134.23948729550173,51.02922044638517,-3.2851334042941875
0.5524612593009093,0.8900581027584138,0.563980543913106,0.8612676126927101,0.546239045942121,0.6037616655766863,0.6965645458483285,138.06212562739688,-10.47282968356037,-3.4571962195630643
0.5722376020913331,0.6019144101530429,0.7596035572935493,0.9871149381424168,0.7942653207924527,0.9721031102272548,0.4223167212344705,137.74883572673107,127.70493943850413,-4.008041347480716
0.5061104735321189,0.8578469922034169,0.9855638263722276,0.673534165372408,0.102306890731273,0.9707876908807654,0.5314513087213762,138.12913869424128,142.18281848732553,-0.7337938627957155
0.800505107705185,0.7383707199464875,0.6979592539050363,0.9233521716410436,0.1920277278050333,0.885220859919158,0.6720891658808712,147.43193229053048,71.00240604395523,-0.8710804120221272
0.7643454323424095,0.8184156774887432,0.7732264715014103,0.8309386905981762,0.2693164165597628,0.777653125964489,0.3860110448118617,149.9075487625938,85.46608644750755,-0.3827483087583376
0.8979384263827777,0.416275979209469,0.8141929248020041,0.7685201269769181,0.1197402669263214,0.7372090606350064,0.4707396232819216,159.33401013326375,92.56619581438268,2.679797853922036
0.5335443335192628,0.7911551764164586,0.6459759407510557,0.8846447421719079,0.6809628628012234,0.908600157552278,0.8128549171205239,129.55816609901828,46.183885918998776,-4.772445754064182
0.9664029742323624,0.7918857583980198,0.6833139020282403,0.7266504482170347,0.34022185711267,0.8438238717603413,0.4222544525742021,150.92640936571556,70.14616030002915,0.1477041923096149
0.5956419747970655,0.4922625970199163,0.618009202857113,0.9814882942868794,0.7001205314045935,0.950823994506615,0.5309733552410331,139.99439254509366,106.32702454539239,-3.5717752487826453
0.948063520906602,0.6143379762451819,0.6947730470269639,0.9743484872319028,0.9118344019689968,0.6838490440825362,0.434654902873337,149.07271165759923,31.294602060091204,-2.051787533828942
0.6543091721333391,0.5721059032734696,0.5741319415930874,0.9507487545311516,0.9716610001161882,0.7148855300213326,0.5633849545303387,139.181025820198,29.464756333966047,-4.099612847882998
0.4945422864627181,0.8319635027957056,0.6921391558855409,0.780271823598918,0.6384878020317537,0.6308696276180794,0.5513809999011,136.92630842595534,27.671512392611113,-3.1637901204822323
0.82976654816393,0.7805935716974188,0.9499883397853174,0.8597058806299821,0.6374793938085234,0.8902388322606316,0.5998654377198254,140.31468073095675,79.32374875774917,-1.824707298647732
0.9681256016368596,0.8734241317241848,0.8188161332983677,0.7390595682138517,0.5087910845179395,0.78471159095214,0.4031475329066993,148.39560064827893,60.16127208794529,-0.31127488110093077
0.9633496855584928,0.3795174599614231,0.852987443096149,0.8416247851340002,0.4665764855620556,0.9309639089836416,0.6952162560104033,149.20688134585617,91.25697956927263,0.5130964613784713
0.6198245426793483,0.8498542784719401,0.6683995804085192,0.9340149994700696,0.5131537673276019,0.8277886340149425,0.3803273027987954,142.81356650130107,86.7546977984276,-3.022017705252032
0.935402623046143,0.7285241679909209,0.5142560168998411,0.7865467529379765,0.5813824289687755,0.5801851391754644,0.8795336106864171,144.9366443565504,-60.7972679353734,-1.3442517903351274
0.9593925095389008,0.4178846397990861,0.5959160995491246,0.9760440595815858,0.100882565296431,0.8056576451312213,0.3574592271963481,164.4907234973757,103.01308321765013,1.712291678579443
0.5545043286228171,0.8383319096077804,0.8628029845218971,0.8546963054301041,0.7358870781795309,0.6519854355653041,0.612375753672176,135.74311373094417,31.730920060425266,-3.238669382425744
0.9830542810187124,0.7205200728808541,0.6387853954403189,0.8117563866010232,0.091734403366647,0.6339030237285634,0.7136780882252114,156.00821864781514,0.4685751802668703,1.4144118816843378
0.5186749006966692,0.9386389562659002,0.965994248226656,0.6985446354569979,0.2049681717713626,0.7075080751225298,0.3661223159502587,143.4483199408567,98.71769331619461,-0.4568005534075399
0.4760936851136643,0.4602337932253271,0.8961825304937329,0.7309161277810502,0.922055006698832,0.7174386290427099,0.7020371137460903,131.96528236863276,56.65188397294997,-2.9043194235890724
0.4766915272172403,0.97081270843395,0.6543909147845262,0.98939257609048,0.39832307891423,0.7965847212109918,0.6263184624804793,136.71958984781972,53.79533383278153,-4.114169359285433
0.6105483736933098,0.8193687728660298,0.8409582300509241,0.700905789832202,0.7208492687823272,0.8301781381546638,0.903639984337046,127.68084020620056,23.175074919027246,-3.4354944633585984
0.6102744012271655,0.9514341717257748,0.5883527789493032,0.79834916307601,0.5423394249460671,0.6300466396651946,0.429087482509324,141.992847090868,23.33187816381308,-2.804586844356588
0.8053378223819488,0.5738907861598672,0.6738242245681381,0.7383678131627504,0.4328781435405404,0.7659591329564759,0.4942130575496573,149.01841214219658,65.52918419543384,-0.1388440829973964
0.7623649132340269,0.8017629940216435,0.613795796529821,0.9722233880891912,0.0383353065408462,0.6469960588765824,0.6889417748900493,152.78150673087137,18.396106882654617,-0.2598923931117871
0.7782223642181001,0.8821004934839259,0.8240419863371367,0.7282356704731195,0.3214935361293869,0.7962868823550573,0.3845506581409376,146.96098358539425,84.69040583986433,-0.36692462727532643
0.964027411201256,0.69745979204264,0.5332207663524678,0.9210814580655636,0.3701426800266584,0.78099305397954,0.5695854167278678,152.70706920120546,33.78477844983961,-0.716539370062782
0.575937871568872,0.6225428930987389,0.7923328066183801,0.9651178612696693,0.175015567561505,0.9390492323132256,0.8403419133819672,140.63116023468362,91.85440911045043,-1.7109334678998815
0.7020734522732393,0.8277796362592531,0.972410915618022,0.9159448380720004,0.4878067094987312,0.862587954249185,0.942018749079526,134.36914847310274,42.903099739180405,-2.4780178133259447
0.4920737269869698,0.8361085396737937,0.504246207861606,0.7213247485992343,0.7913823812685845,0.8643776644685559,0.8147169450966409,125.37753183367936,16.948388285143842,-5.368026181753596
0.597907122426481,0.9800384689219196,0.9763887892120549,0.6894140015053092,0.1050068965025964,0.8418613780842183,0.5250877422810716,141.080903238456,101.9875214386483,-0.4140734244985711
0.725834874478178,0.4362722367312378,0.91125439956619,0.985331901582622,0.3979397408333883,0.6231574473882906,0.9409701610191764,146.82897618782005,18.4307231048938,-0.16749471460067838
0.9793770192649254,0.5238294074296171,0.8245079378078368,0.7510744454233065,0.648888025625964,0.819405853888277,0.967088354878658,140.97195429339084,10.554839471765494,-0.5877948898762289
0.8970331255645461,0.7063161480875567,0.9276648630213516,0.962270297974812,0.28413069239142,0.68314844547266,0.5284746809634704,154.63402459988072,61.36221897994793,0.699024718803853
0.8432995662089946,0.8820975046327996,0.8097517629670372,0.9892528707181244,0.5973015383103614,0.5976236634342388,0.4585299753405965,149.17652404077276,22.572419227413985,-1.6103356884335733
0.7794448607149493,0.5251561385992684,0.556628765018344,0.8277713338520658,0.6396122035708863,0.6877682489689768,0.3704540025661833,150.47853257132914,53.97558919349997,-1.1694007812962408
0.8193382761910222,0.7162462597201019,0.9084338665487232,0.9365653500522346,0.5198678744691025,0.8980753625219968,0.904662540562854,138.4112637953778,48.34859863915527,-1.9717309170429693
0.6715987072983518,0.4487190101354378,0.8099607857349962,0.6836486115274364,0.2987866537697964,0.5857265729779401,0.6840377745955594,148.8895405147204,37.11585930320354,1.1389945626347864
0.4779175965547687,0.5052572848135414,0.7016598686632496,0.6712732802838386,0.3972869747503109,0.8254910474009642,0.6505236313078113,138.5289381665383,85.72992275174938,-1.3977888870539927
0.8364663604627481,0.4010355136041026,0.6405661202265497,0.8103035699420191,0.8182323170357082,0.7763647564045487,0.7470112901442244,142.20096532604308,26.652038423256318,-1.7946376043913013
0.5659424088817653,0.5504476755724009,0.9689904742498086,0.893016563405886,0.7809659815280845,0.6028986956868494,0.5262394677793234,141.79397915317804,59.543855799403204,-1.8603731013030522
0.554956957849359,0.4549454307232514,0.9589855809749528,0.8976997267435098,0.3065886963645399,0.9911082515175133,0.7835080280334862,139.32131452192232,130.2986835191402,-1.1649619096795465
0.5792864091444595,0.8297314042572683,0.6694241102917485,0.6967234084896271,0.4333787005657954,0.8040972195434911,0.6091135043441003,137.2579553670233,54.77996679923325,-2.3070899964239415
0.8589272304717916,0.4293034924540241,0.8930508119875114,0.971135261730984,0.5418319329461587,0.9225137102341108,0.7520964519134898,145.48954477577914,88.35247622080749,-0.8381977680239138
0.7102257294222751,0.4965529615137135,0.6001121989057545,0.8142364042314469,0.9370307766826496,0.7035157657979054,0.9453117849445476,134.0881134894681,-20.62613480806443,-3.448398618543381
0.8634317720234883,0.897187956530658,0.5360871309161469,0.785704954463094,0.0923966177750072,0.6108448868890825,0.597771114553844,153.15166218484546,-2.264420521649584,0.24575546342525512
0.8099403159189582,0.5652414285153268,0.851131453831086,0.8464603355439525,0.7963916535711151,0.772078224202607,0.8745529324205565,137.61677898227407,19.50893975441206,-2.108571019591986
0.98982705176332,0.443780448900522,0.5668814224772039,0.773136244219643,0.4842263707506535,0.6359526770654725,0.6956535012254027,153.57180154501722,-1.5829417438986106,0.6670618220959122
0.9863930889812068,0.9904498688587136,0.5596774179167364,0.7470981211715079,0.8628001488570712,0.9052289279052792,0.3878249696149254,140.1962706426345,41.15114051309342,-3.342959158428142
0.6346004992803757,0.5511398091586558,0.9278475448187122,0.941695275557623,0.1617222936581481,0.6000691021123404,0.518800673883314,154.14774247243398,77.85986468416024,0.9247765233641676
0.9919497942891562,0.8466306258442733,0.9568637229423488,0.9530114476553222,0.205126861122085,0.6243331901342749,0.3665303382610512,159.82113564379839,60.689731428752594,1.5256853592831305
0.6117970563518422,0.5752255584228942,0.762247346599719,0.7123843036258596,0.7286889291322698,0.921487243360505,0.4261939049840333,137.79825438681664,113.92464844834586,-2.407258112922531
0.7645584361922546,0.3867831500995123,0.5742026360703447,0.9275042920850428,0.8978163652623127,0.6881398155176354,0.6096480958980193,144.82776718876934,25.620145322221557,-2.495815678659655
0.6357870858456822,0.5061689011502892,0.6385547323472103,0.8028646468210573,0.0548733073259821,0.9480688857235136,0.361290043050664,152.05871845239793,149.22735083505367,0.28620420374563804
0.9891301440892706,0.4326191117186804,0.9201197520537798,0.753601116599041,0.3348401490817211,0.97893733193426,0.607834520869143,150.7445077835488,116.83447160585644,1.4669314660040649
0.8179782311703812,0.4378408765700469,0.8692637639911082,0.959202640967238,0.4052859455956069,0.9316786176789458,0.6328044138535408,148.44536922262435,111.30999976596793,-0.34048189267998896
0.9758196016063674,0.8078129875144393,0.975950947359782,0.943873656895518,0.1456750605639622,0.9039745665015396,0.3183843571582518,156.71582603070672,131.53051902070587,1.1088434673864245
0.9527788184384244,0.837901369673919,0.5352131257838524,0.8146799360387837,0.7871470925881112,0.9427555774555928,0.350789602712148,143.51756258958767,68.23443821708177,-2.9599142031142773
0.789339114069173,0.6736302871770583,0.8622543372812634,0.9852682982747268,0.3880357685500308,0.9550850297611706,0.3321297097745734,149.9212088769693,142.40926627447354,-0.9797771705928341
0.5002088227991324,0.4259121626344361,0.5327765814680897,0.9249387165131756,0.0644217382423747,0.9472934214872968,0.8540142144477805,143.00987737324584,91.14294084579203,-1.5298250723008509
0.8193725965788581,0.533327856599723,0.5958353139988002,0.8380278143554806,0.8446609583443221,0.6616550764581295,0.701236165888552,142.7766640051261,-2.807059776003998,-2.2498995057012423
0.8346524895626937,0.4723313629315333,0.8892153463525745,0.7194305509083914,0.1795049736458031,0.8327352119862761,0.3574665912403157,155.74355785711006,130.50784192689062,2.152408379870046
0.907893691815448,0.3760651967903058,0.946784306668056,0.9040130288022344,0.252503566840853,0.8042403679267397,0.8529307553644669,151.4967696092955,66.46475878199139,1.4490618503114874
0.8014635178985196,0.8979451026632778,0.550208152105879,0.699293808465488,0.2316489891896095,0.8290710138027404,0.8067782808637698,141.04628415713063,12.668789225326647,-1.3643486043017774
0.8061979724028587,0.7303976345109338,0.935184133776261,0.6900630126195896,0.6405252898190245,0.7531661206900147,0.6592646746808224,139.91916097922268,43.96018700629293,-0.9213954560758449
0.6238892121092627,0.808952388157255,0.8960473506143185,0.945474397908709,0.395098697486812,0.8402072357902755,0.3825325606373276,144.83520062375135,116.10339122827355,-1.7599209205181876
0.7407244051594013,0.4120626261542849,0.506637741449378,0.8138856554151842,0.4741413882398247,0.9148014243434496,0.4484538326421574,148.4096779681181,102.1697061667318,-1.1611230556837873
0.7253142280905671,0.7705522466954593,0.6158457353109734,0.9105169271474146,0.67809299267403,0.8330199969175668,0.959394507361014,133.40700538264088,-1.7180723863409713,-3.9366207885087894
0.9978464904057852,0.9907834934071056,0.8604336040937139,0.7671879157737738,0.2030298152719444,0.7275128556625546,0.6532827246289213,149.3505660103333,22.316806149126148,0.5782331994475128
0.7605300911893127,0.6019605160099035,0.5821806372954159,0.9772967619923252,0.1038833290103082,0.9104654158883478,0.5582423592480839,152.1380278652204,97.41379688012998,-0.5855198580295783
0.9930422601620305,0.7918531112049162,0.6768646308166757,0.9499961847009885,0.6454104164547465,0.6808271250665776,0.7597663678988017,146.19080435511037,-18.089803455330443,-1.7770726130293524
0.4919235520781579,0.6314603237483865,0.5143865829522645,0.7391823012053019,0.1042301870412313,0.8152151462289257,0.6408086350022197,143.30563567227637,72.55485369911715,-1.2110696973101056
0.5936337913861485,0.565783237368733,0.5832452356790908,0.7740619127975275,0.9304348754776413,0.9210991274277855,0.9294269282067222,126.61692589908104,26.89588798013387,-4.814674406795759
0.7575874502602351,0.3948399969062337,0.6894416796229098,0.7362712304434211,0.8054379924884922,0.7370372792920814,0.5477208862465174,143.89589616786606,53.84825094740583,-1.281171056701458
0.850862819353255,0.4502522156005776,0.919008573846626,0.951824843107958,0.1947703685491368,0.812591719357727,0.6295056996741942,154.40374512824752,97.20139788447514,1.2470547990160117
0.967561971776986,0.8747922698175007,0.8538972732867078,0.9730784671353636,0.7578055139975033,0.9151310175626974,0.7427420425267435,138.77635895082463,39.17198423097879,-2.9839413422944236
0.446478557934134,0.9665608926902396,0.8579926955578907,0.9497134322618002,0.5397079089111811,0.6426393525380362,0.6274801725951894,135.68244398157987,35.660123528680664,-3.6551886075039195
0.8155227422272571,0.8944592294939829,0.6171861270127992,0.9886627662701064,0.9789184291655488,0.7172914441321689,0.7165030675923028,136.00628065692442,-18.135958418316026,-4.789425413551163
0.8822739079386013,0.8863252462038198,0.8395681244230606,0.8601976306509551,0.3928352640191465,0.8916306444057036,0.950812163290364,138.1562570493808,23.31110468412517,-1.7468094865189
0.5315680315397561,0.5888439995233625,0.9884488530732,0.8783947370252689,0.3587584404455169,0.9442240269134624,0.9081475351200808,134.52698672078338,97.0219479878023,-1.8834863674913125
0.9804576759091456,0.8875986633059653,0.9516415821004784,0.7090784981516527,0.9160438916567236,0.83841843946708,0.9190598079287128,131.50633841425804,-4.186913344741738,-2.571670493728114
0.5316521315219783,0.7120391844053406,0.72358556688449,0.944536341948926,0.8449512572543761,0.9741548871720496,0.8253573281094588,127.1141877079511,64.43120557921519,-5.408448487731238
0.662029631478132,0.6086447546359377,0.6877474183736769,0.7374370086831084,0.1032022053669519,0.7937342463722847,0.9534927872090782,142.17403538627423,32.349947277058575,-0.22976983016987537
0.6379776778402384,0.6713819915512782,0.5645701360252734,0.8916972054172776,0.8698096938179241,0.8111117393418644,0.9571702616854784,129.97972530359064,-6.103468211962777,-4.838819871129124
0.9073693012921832,0.4233312702002451,0.9622916334597496,0.8188007096641211,0.9321223201501586,0.6452301734613227,0.5964721363750978,146.08891201428582,36.93575379626103,-0.4951412597925534
0.9608254222965712,0.3956216249324422,0.9897001292798682,0.714129836970721,0.3719820344042089,0.7950446848362976,0.51409440510319,154.28430324146666,99.81452929737182,2.3657813593584525
0.4883789404129057,0.4466964891800127,0.5202839439310605,0.9362919200523084,0.0993959488550246,0.924065027570514,0.5175411652590833,148.24194342739565,127.81747962422546,-1.3011789170068226
0.5562422443645256,0.7929404422339212,0.6822457162414617,0.7602423010580681,0.0676492050192433,0.6469210361178763,0.8407703085662366,142.61140129462396,13.326909545754967,-0.6831246824678234
0.6310320578486899,0.7723714814318929,0.91446237382954,0.8415351265081001,0.6096935678346486,0.7658423487001358,0.458710474212412,140.82569013276728,83.8735716390071,-2.0306320873744466
0.8846213658868356,0.812492107896908,0.9418922105559056,0.7151528644544138,0.8054735674238215,0.597702082560046,0.5865595464040563,142.17779472152765,5.600636176167985,-1.027539412404755
0.7617636776585037,0.7800424977227817,0.5438462142524195,0.9918238794493952,0.2691040154811253,0.6449001070654355,0.6824474354273713,149.83289141499543,5.270058746472562,-1.4432148364789439
0.8733108940333291,0.9759061374534354,0.9040030635974888,0.7468065116882835,0.5270605927607568,0.6308544004639497,0.6729302540100828,142.53913054172108,-0.5617069926766728,-0.9002060226092543
0.6612539344516359,0.5794219085596619,0.8527832463398072,0.7224996910998356,0.1602146016913041,0.853184668270221,0.955439090015706,140.0911079493043,57.86247770177793,-0.049536285437732724
0.5400513022865243,0.9225052271880132,0.6389418805773514,0.9735173955842852,0.3312607175276635,0.8728400355085373,0.4415803294521976,141.59246442813784,93.81526450017995,-3.307909737510692
0.6609822310044352,0.4392209644732757,0.6124580690598622,0.857062796146182,0.2271567371242292,0.8644906681671669,0.8711454164907988,144.11698366105742,59.62663127888099,-0.8582710847970166
0.5879848958198328,0.9055281566054296,0.781497487598117,0.7813872823388675,0.7522737976779748,0.6133439285363724,0.585837361569747,135.78038408570004,11.655627846282787,-3.2374374581354886
0.5361639568898665,0.649163077376663,0.7004046574568519,0.9640025496889372,0.9244304497097184,0.6638585464309201,0.3962946517541199,139.89650627393655,56.74224579983407,-3.985249908925502
0.7647259896981782,0.5776015867118951,0.7374622033041942,0.8434049266033848,0.2079409594260694,0.6911213254004507,0.5657508041019046,152.82892459916332,59.82181582202618,0.6302400414366226
0.572451849457002,0.6547596534152142,0.8746676359441921,0.9564066389287682,0.9580271653062964,0.6659726252172679,0.3348917410165551,140.72560119620513,76.04753311809658,-3.3719832275717265
0.4465723307386015,0.8655498695574498,0.6231561039240214,0.9186046582253624,0.977917256180906,0.669597576497909,0.6678481701749588,128.88974238411117,3.941586291155864,-5.936333081218685
0.7253176815436738,0.613573448340953,0.8690630161276158,0.9907513098284996,0.5407016017805947,0.9527552119898404,0.4182389780017562,145.42620580866333,133.28987727697927,-1.8506918379689008
0.5614476485081106,0.865760854698008,0.9440459413632936,0.7688581433900072,0.6867684861435174,0.7194779085744201,0.3517452035524129,138.50591111659102,84.94905345711469,-2.408412832148275
0.928488940367769,0.6566098074138179,0.849676486647253,0.8861022405206425,0.9414404854210312,0.915245539485802,0.3827756660633706,143.12193965800773,94.28492496565781,-2.369878273916498
0.6851100847152598,0.5529310539897254,0.9496978053384056,0.8069676659385978,0.7711637564944693,0.7219445431904994,0.346851234272035,144.69164156952135,96.59360970103637,-1.1659072521270757
0.4762741435545183,0.639390894832581,0.8393718150207287,0.9905262071584942,0.9022574713665792,0.6045777127106712,0.6340417081637179,136.02405450689346,31.32003973855485,-3.9849486413368087
0.4576749229754796,0.5039672408751095,0.9897513511508648,0.6743251221634687,0.7763868143001827,0.9269883657004584,0.8957142150425628,125.47566932533073,85.08047521860286,-3.03105321535638
0.5337991684548408,0.4137904712050693,0.6563787736010731,0.7425909234904308,0.3912115800787436,0.7365663115058028,0.3153249137165795,149.3670074944667,111.82652699986703,-0.33746166412370143
0.5256855865079814,0.3785356007801679,0.5337099251990262,0.7682959319519005,0.942244761932984,0.6077105233900438,0.9615954423073084,132.4187869506987,-29.110733844870055,-3.6648514087574267
0.699690909624936,0.4642782244843296,0.5169358391135087,0.7275815803931489,0.1541199667903364,0.7016015217974204,0.522367652513825,153.41763739706516,60.50784640822094,0.7384865769952572
0.8657994082365744,0.5139381524100453,0.8373028903719674,0.7767125562290557,0.8021608670192847,0.8139858131228626,0.470528501070505,144.9525026502507,78.29627634310427,-1.02856279910228
0.7225995917891213,0.3748276635925538,0.5629435840319061,0.7284024763154244,0.7300657012404164,0.9710177701048424,0.4025744003542312,143.10961190946787,116.2447220706949,-1.9135652927880653
0.570669874871718,0.469564821584461,0.97140538765579,0.7963135925451352,0.4516327598851234,0.7911724865148537,0.63328643872956,142.07618500375918,100.67746226604865,-0.5545270597409396
0.6652221556271704,0.4309790079661623,0.736044677426603,0.7717314658020695,0.3592330385729001,0.8349002297116648,0.7932851748236589,142.87127992377754,67.87006876091476,-0.5502077720556905
0.9566887071253414,0.5497854257397247,0.5295628541895325,0.769149790911619,0.903534998261982,0.8260258635928491,0.5727826705309689,143.39158448387576,28.121223574168667,-2.2357432857745922
0.7113424350119151,0.7872622908288962,0.5120986307374017,0.845210534844464,0.3690437387213415,0.7088445811893385,0.6744333541005796,144.39078708332153,12.695725441549563,-1.966610626813409
0.8182891656168647,0.8487403610561758,0.6468519499662617,0.9367342549633424,0.9128663569643226,0.7648956947495849,0.6759985345269348,136.98183712734777,4.048787936109791,-4.162714561153763
0.9814564313756382,0.4431172840288955,0.9255438883311992,0.7437003379647761,0.6654374677430585,0.9397754774619412,0.4205031100687433,148.87988647001234,120.20309083009013,0.39837980573954307
0.8481963803200157,0.4003685542843092,0.8079549779479753,0.7363003377819967,0.0465810864465333,0.7717617696926649,0.5509444281027264,157.25956138797514,95.20395944169739,2.6775303747447396
0.6823574295892111,0.6252404712911493,0.598134629442099,0.9709416129371288,0.9165885391126646,0.6363111859793191,0.6773071856155716,139.58952380210883,-2.245108116276965,-3.8347570977401304
0.7693682463329992,0.4356233024870732,0.6302235622274643,0.7086189242593327,0.4376143918053214,0.7482047157175544,0.4723713317382957,150.4421280300624,71.85784632383572,0.23504326072422427
0.6899498646116646,0.8424106979079915,0.7442497269358166,0.8739635492747615,0.8405169153747579,0.925447900140034,0.8158482507474367,129.20001315276556,37.36858769630478,-4.67200070635593
0.483514762113978,0.709679357126771,0.8324610337605943,0.8002842945739828,0.0266119040085294,0.6026660370613958,0.7602699282002083,145.0998838448577,40.59227958749488,0.0317522556384957
0.8310204502562444,0.7770100233500178,0.6211280612950204,0.6952262126517145,0.913076658104709,0.9766682503847172,0.7476962491738257,130.61469407499848,35.03980382322998,-3.9462328190405254
0.7474871189285679,0.5042962513655798,0.5856714560178481,0.7984591731777948,0.8004774224669726,0.8584223912154688,0.6275605086447337,139.62824316078698,53.81451511610022,-2.712276860728539
0.5175434728972858,0.389645012573878,0.5128922493098439,0.9365837622849064,0.5683254803126594,0.592502609981159,0.9758330469605488,140.07468889557217,-17.836175939573643,-2.664803298723054
0.9204950777205718,0.5609578961027479,0.7605410915100161,0.962048944644702,0.6475813559574386,0.7952202834239891,0.9035638312966916,143.15438299040957,13.77431672550764,-1.6672891092570916
0.7735609038772584,0.9231742830550776,0.770594727373551,0.7321458677098701,0.9468934433668575,0.9068568362350792,0.6400884544729195,129.99169416571013,41.22361354547621,-4.193848762196426
0.7948930831226944,0.6127718649350027,0.5618724133323252,0.9293558522876826,0.8779342019131792,0.7082145623655662,0.8578995500084716,138.1709175596531,-20.247997536234106,-3.5729811583229023
0.8164034721889953,0.9090170928100751,0.9515995734325036,0.93926084788507,0.8293180030304431,0.7824471248950482,0.4392213679014107,140.71311194877612,64.65218370354184,-2.8528362333418693
0.9718025826495458,0.9035031052947644,0.968988043951038,0.8085055174699782,0.6574809367245721,0.6269370659736625,0.4696180114396333,147.81180010825597,25.22752842929227,-0.43581755956997026
0.8343780395983967,0.5037209249328238,0.8832618030146618,0.7336255991501792,0.9824257493544408,0.6177201056821775,0.7351525834088994,139.79584760518205,2.0773116600114307,-1.4302464836046485
0.6264558102852953,0.5604982350115076,0.53643821046537,0.937873050197438,0.06886825275576,0.8789147372388844,0.6520438510207289,148.79423822579,86.93712603889699,-0.9544098521950188
0.4579721825030372,0.463222276602542,0.589740670061716,0.8181531739654044,0.0534767405710694,0.8099084898109272,0.883356484490182,142.3220805207589,62.98150141917338,-0.9162164228624167
0.6807514734029791,0.955532980020054,0.9078336445771508,0.9255283870720944,0.0911374381842883,0.6539245768769332,0.489939141163779,150.21985172560355,63.50211216846649,-0.1602407952784919
0.4405534143600613,0.9743545134230556,0.5555604405201984,0.7509378302708726,0.9559800391162684,0.9847964394770422,0.6613157852397502,120.42157056096431,54.139660346418275,-6.9360492933942055
0.5326771844811439,0.5504156162018363,0.9686580317495264,0.7621064653623513,0.57344966251567,0.7577597374888153,0.4342923003997659,141.77211399801675,111.37209542436777,-1.0521271274880966
0.4968222725939411,0.6295004552446711,0.5426858277046025,0.7121433330780083,0.2441293522080823,0.6660407756184403,0.3807653726164677,147.9296494365464,72.4896673065888,-0.753815989254305
0.8945232676173239,0.9091396552957536,0.6271175136216096,0.6886925869097577,0.3208963023600202,0.9065412044785692,0.4672001114091418,145.7964509842425,69.14182156204302,-0.8425707635801277
0.7798027073354564,0.8482466814626197,0.6258698100053695,0.9216742620044648,0.5111539932045146,0.991164550437762,0.844590784229728,135.58445901665718,44.70720807929007,-3.574255461480091
0.9732867317792327,0.8445615623269788,0.7286387194756769,0.7240173656747234,0.6678925193755081,0.6931091881186827,0.4299626203839689,147.48048962320712,25.040623307267058,-0.8381977680239138
0.9251337403621648,0.7340514906893503,0.8239805759492494,0.7235646284557951,0.4464858620144346,0.8423067756369149,0.5781947852739087,146.11575671852984,63.638404177672285,-0.11758919306306738
0.4742933586356361,0.7015001979315796,0.8987976003753823,0.9121464933251686,0.837425392944075,0.8705414299459955,0.584152038988784,131.36820303105597,94.38450279976145,-4.298880378166526
0.9702176345569506,0.5136248944088818,0.8872005081080457,0.8036124165957641,0.2530276391906819,0.8099218966687339,0.392712807937712,157.8268217500991,107.96638739059208,2.060722330649221
0.6620950967486171,0.7366606056514114,0.6479970494367111,0.8222448602304931,0.9397551727144814,0.9432679836085544,0.7020185267258499,129.64300460575467,51.57687980223314,-4.851071140007491
0.6135105996890619,0.8935707574804502,0.9045517487768906,0.873806621012852,0.897637185893871,0.5790736693218025,0.9639156531124776,129.09345977455644,-39.56679979191305,-4.112891279793566
0.7635264912294949,0.7973687576823174,0.5628779373165245,0.7684509613508196,0.7696160704306145,0.6432498315703314,0.78869577965084,137.2048581211289,-33.07835607492879,-3.0922919368530524
0.9162758494773382,0.7333174374369724,0.5243008843095793,0.7065896070789541,0.7416799464751537,0.8711288964473353,0.4833093707947172,142.6298570287917,44.47765082629157,-2.2102777826751696
0.6108769779170161,0.6199144628079962,0.9619517216047968,0.8866053953919791,0.9124865600884744,0.9008626208677802,0.7410684992796008,130.74627978102873,78.31991577625678,-3.7667923045905978
0.8439208461255884,0.5110937447525008,0.6368153173924387,0.8291047470060573,0.0217841841476134,0.7829975528494224,0.7177491424866949,154.33421088429998,56.36412725972575,1.288622173586334
0.6499181642238929,0.6756851998978004,0.7766272532520772,0.7313529942798135,0.2889563781321484,0.7805357816215476,0.9288886391076204,138.41085556207463,29.254286705676282,-0.9913742943865588
0.7218309932797564,0.5990832209767415,0.920272135454034,0.9218260723434248,0.6134792872939433,0.8904063390475423,0.4185532676571253,144.5927773328687,121.94738878188284,-1.5686097078068082
0.4983858974109819,0.7998835059470105,0.6138778809924027,0.9427472726281032,0.7850658222208075,0.8861629992481161,0.7414162263641301,129.2932989486215,46.81355275372292,-5.520410097426768
0.925848352551529,0.3940380106849289,0.5059062936304012,0.9217741010884736,0.6270327991668608,0.6734636242552925,0.5321006209876721,154.42613066871837,26.768193831321895,-0.594243191133943
0.8666276664406558,0.7710411762211886,0.6629055786641493,0.8864964237116664,0.4534511255783771,0.9524171476885784,0.7929618513081715,140.65589199512766,47.95755521087322,-2.2136559238403084
0.4552257277595307,0.7224360705767939,0.8075665906929634,0.8788451371941609,0.8475468679061933,0.6095037809454539,0.5052172943118447,136.22396321520247,42.56160171556429,-3.705687013585853
0.6530245052362172,0.5451197643359527,0.7258224940159572,0.7179099244325543,0.5515601200787078,0.8642982321721278,0.3530030853127925,144.40208303340282,115.35732547309794,-1.1545144699986625
0.98631406128472,0.7360511617469123,0.627582183582326,0.7831386739990299,0.9313464323036528,0.7096570189913216,0.928678468844881,136.9771716038829,-49.209103540505325,-2.825159896085309
0.8942795903332991,0.8884701023088031,0.6777981926305454,0.9675826697707312,0.1285949986490977,0.7696763412897474,0.9332080736886904,146.61537596257372,-1.4228604477643696,-0.9231191430596222
0.7917541622174986,0.7404203462814528,0.5967661008833353,0.9629358387752932,0.1529855053723965,0.8662896557865429,0.898331461182361,144.90148245951423,31.366082311208483,-1.446044989523145
0.807731454590821,0.9266232086705916,0.8073723300908295,0.693087384684987,0.5938591821993727,0.9291732444857692,0.8685983472987748,131.59224236505491,29.991454892906205,-2.686288964665435
0.4739540455453119,0.55770441713274,0.9468697407123912,0.7547095862462794,0.966241743353933,0.7853080039700486,0.7994133914655634,127.1791080183567,54.32068370773835,-3.7589463399095724
0.6373499930571361,0.6487267670017651,0.7707252828246374,0.6779348774475513,0.5015044706358599,0.8623814874176139,0.5724916698624212,139.163781327699,85.36521612458654,-1.4568511809983642
0.6268528709981271,0.7343093812275785,0.7523721340787153,0.948221138720814,0.5164380919561993,0.6605740509390213,0.9650149845816604,137.3860688469364,-9.683306333365879,-2.733339577187072
0.6628567936394416,0.4397966231031837,0.7669720182971446,0.6957668320051335,0.8408618080730866,0.7294857879027534,0.8268346862580758,135.2857668211401,23.286903299312925,-2.090690074895377
0.902952513586288,0.7165101412494346,0.8521376803450507,0.8375458823948453,0.9634114747018242,0.7404880113330657,0.4949546890764619,141.95983851235405,40.02924148789238,-2.2508213509552246
0.4748770160335254,0.5908230914592487,0.8821736246569333,0.898273898589176,0.2751626643134055,0.8305748379728076,0.338777825377005,146.7720657737092,147.0076417791319,-0.9275945192448629
0.6949247240573808,0.5919545048661092,0.8154716591574027,0.8093767686701706,0.7523446948324225,0.8538563027161814,0.4921688616296651,140.13244717885115,90.30765589877376,-2.218853838727123
0.514544344021648,0.6232829754914484,0.848757568220885,0.907552966395588,0.4190336658930101,0.9408067076478356,0.3775311012233018,142.46743849317104,151.04590133281832,-2.03166386592681
0.856559963129831,0.4045119927049129,0.6333428120860038,0.9087060029674956,0.5443214739039574,0.7129128950059477,0.7035493711186362,150.0197187132818,30.19044197561555,-0.5717068649658127
0.4400510850012735,0.3622123454502947,0.6880514029444887,0.6847559965434743,0.0544128196127999,0.786415065171065,0.5204952975794723,148.25803051118893,119.8852697030705,0.6935062350622173
0.7322191464468277,0.7304827779849326,0.8264872057414959,0.9517976104116456,0.8888298730767983,0.6575426738040071,0.499286595066034,141.8016279200123,35.72800728917569,-2.9446565522401063
0.807337392151279,0.5008121984391611,0.5998135347268329,0.7237521986669757,0.7218743961787465,0.7858173118814384,0.8293844053461854,139.24526200336473,11.798756934015262,-1.870971174778283
0.4733702118042596,0.4683461525720369,0.6208123957051197,0.952902347102338,0.1325663186407676,0.9207702402141488,0.3982834274931952,149.18606593347445,150.02779477916886,-1.16739554758264
0.7831271544995313,0.4837116877706386,0.9454365072559836,0.7231677141791897,0.2641921876213684,0.7413062545535725,0.6983086180037246,148.73021288839522,71.10887715175153,1.426444123151426
0.878721046944762,0.3755114697582771,0.8617690336728294,0.9599403671207936,0.8885245414748252,0.7177943816867284,0.6067953827609394,147.10897488691586,51.098640208083445,-1.2468592798242901
0.7505342803529589,0.9344013184419314,0.8866324867987152,0.6720865828351311,0.6925698091804943,0.6011481817951582,0.3412158613813982,143.05813862462568,38.297269009169675,-1.2644939235813966
0.5093763625930208,0.923623573976679,0.8487173381117836,0.847525202874356,0.9218856427111878,0.6341309740828558,0.6964539487729047,129.35850412512326,5.4062758287903945,-4.664671679932941
0.8163887071999504,0.7575142281313232,0.9752616804131048,0.727289807621153,0.1885220610288396,0.8119475665323147,0.409991177056821,150.68347914776416,108.76012537823452,1.1983241371557563
0.4914847420176964,0.8075921253751256,0.5557186143086413,0.7192174034304811,0.950872686120488,0.9342601334882984,0.6497961637505376,124.67116485197818,52.773293617513986,-5.787350384311457
0.8260674167620494,0.8285033251248066,0.6237474133370162,0.6842709218539976,0.1901230972088102,0.8747342074505822,0.7168369825485879,143.669106866671,44.58500232502143,-0.5658006775306497
0.7272032999634073,0.9143582373024972,0.7787637329620615,0.7895288640458639,0.7854348538359357,0.7849405197058479,0.7932110137930931,131.80419844188788,8.158321691971596,-3.6660573182976837
0.7979363095239476,0.8412469274922165,0.9508533044341564,0.7879813927262262,0.1981517667269127,0.6895825246913512,0.3616891202374169,152.67557243173735,84.43833305703278,0.9705104538616827
0.4764015467853929,0.9216154494339872,0.8429029226384812,0.7968075361722282,0.7684741387530692,0.7809819619993703,0.9618213719662658,123.40053869584341,7.467046223619381,-4.869906658191951
0.9355241012664328,0.4590874383953814,0.7048509176982949,0.8891580840615169,0.9166715846126416,0.8418008267514911,0.5220550235482306,145.56847735786022,62.241504741922824,-1.909385309893131
0.912679275432508,0.4982234592300394,0.6203734908660341,0.945996229617408,0.3025359588134118,0.7405671741073606,0.8729811817938034,150.9632580289275,12.963120772969676,-0.09064210799195088
0.6226781959346924,0.421615364441335,0.5650915875694434,0.7687325446067146,0.4217432015105849,0.8120845018273977,0.9377622406124256,139.20830118814644,30.263083593496262,-1.6172144918444897
0.8649924511698779,0.4527745120093897,0.9319668090017434,0.8330790174119295,0.6367969388507427,0.7903558777971793,0.5522170325995919,147.91426218127285,82.76677038173072,-0.03636359089812587
0.6346385357166199,0.958215119366822,0.8177022416511088,0.933142866268941,0.6694552452128556,0.7852427572965583,0.6631223177583832,134.75084661157214,39.19223322245095,-3.893252521890178
0.6040613594861125,0.744209183560838,0.7680826640426446,0.9313449837438668,0.1634656927615188,0.6158126230040634,0.9720168309090732,142.8801399322805,-3.52321097116013,-1.0941342352519432
0.5203202856707982,0.942774829103065,0.6200635995265136,0.684441879988095,0.0806135072667724,0.8191815447666795,0.9103031693354536,134.56849193529968,24.352251255823436,-2.054133057256234
0.9374392117936048,0.8569763458418179,0.6371851159503676,0.9726008381213284,0.8000712147563642,0.9493556769532168,0.6060750653301237,139.7845785715823,46.87014128585743,-3.7704582863766887
0.5593379120882478,0.4047681801451406,0.9322204532502868,0.7282442842557207,0.6903817165988368,0.8424310940116411,0.4443703598956224,140.50109082377944,126.74019956080674,-1.1963260475447777
0.9351775005023092,0.5353176883125594,0.8277691137279386,0.7008903156673186,0.938483834175048,0.6583828006083257,0.8036592012704498,140.2064944195349,-10.980740325343653,-1.1733462118484457
0.5722422365212877,0.3977057207501402,0.7200563580931159,0.8113574600592298,0.1432696531596994,0.5860763251450917,0.9449639564297267,146.93666903041387,13.629052221468202,0.48584894790414535
0.7537030288518898,0.947216636582358,0.5611190193957953,0.9403734680344072,0.9934378482944698,0.8337394596519776,0.3614237525369726,137.26286762490216,46.56466436362981,-5.1799445743767185
0.7228425703368038,0.6636075179880411,0.5312515481323082,0.9513577985191796,0.5388099390047744,0.9578535262879349,0.9139971028930208,136.2571736673279,36.072146485592526,-3.652389923915362
0.7374673210956296,0.710463163815985,0.8952244678022114,0.8053380331453739,0.6882208092829579,0.9368472171052508,0.8169815510586369,133.27964556421054,63.17142234843912,-2.6881783907822676
0.6984836261739021,0.8522706358434476,0.7043144519900972,0.9697846728594828,0.6195974193044578,0.951101570546204,0.8135905327386597,133.5654671954769,48.94482935012565,-4.194452556152038
0.67515560046295,0.952124978962254,0.6135143582674576,0.9608527567612992,0.3064130463034457,0.9107495101840104,0.4077180118513922,144.48564525030673,93.74689371491316,-2.780196337861945
0.8618580410301193,0.8406052430876425,0.7150575363083959,0.9467738846757208,0.7896206879827338,0.6576616611127106,0.6763436428293597,141.94673467193013,-9.08414410790392,-2.8790490311146386
0.518799759372682,0.8884564694844279,0.9280698283968678,0.8309399960990407,0.8658609896639908,0.7636966307849898,0.7045425746916107,128.21035244602152,41.27917183290123,-4.395479019209664
0.7467696401811124,0.9478132019694196,0.9771541003635904,0.8592743929933202,0.288096871707557,0.6593013460583591,0.6113124318263932,145.5944921372571,41.58271938776378,-0.48159428852716046
0.8400427682159215,0.5802614052384344,0.8417180812437005,0.9721741413138903,0.6387986805782513,0.6742607096961273,0.8481345684273278,144.25034136878827,7.969955495631094,-1.3992234746385923
0.5474504463734451,0.7983188425541805,0.5937895887164804,0.8591224338703345,0.2967144706438853,0.6634525939332557,0.8399224292304155,139.63485115700212,1.9070403071141395,-2.3677542954569355
0.5013602448017923,0.8659647805336212,0.9331671498861296,0.7934620397303029,0.1517421423549984,0.5866288871727972,0.575532936619372,144.5558882949345,53.56047550245961,-0.36087745667888077
0.5400342996137993,0.3751545996367931,0.9498006619939596,0.8461034981771457,0.7177796802012592,0.971661231655488,0.7725872503480598,133.39661113469077,115.65124492285717,-2.533625180633407
0.8514967917988074,0.8933477378880981,0.7860382876564516,0.9079259038942772,0.4918627169185256,0.8735069127466311,0.963049149222396,136.50199701114676,11.79371810079971,-2.6155464675644398
0.7621603906617291,0.922001885276414,0.7250454106530475,0.8508125940084764,0.4853431064288581,0.7443721164226677,0.3170881161170555,147.03693292410597,68.44503896742548,-1.708580811395977
0.706419605306916,0.7623536225197041,0.8195648421142412,0.7523930218097034,0.3667691889754605,0.625586053393776,0.44125027091347,148.53666992796758,53.35603748865092,-0.08952850885491462
0.738697183236692,0.5403273439480502,0.5088945877347288,0.6914473994058568,0.8428266995731786,0.6674274681621645,0.3609007527608113,145.13434142729386,37.889292104207854,-1.9346565415530483
0.6060198985405578,0.4738403613763793,0.6908810279897546,0.8717450632979304,0.6767871688599657,0.8083424791717647,0.4883189727603019,142.7331490266557,88.6929439997141,-2.2743777070789446
0.5056804358292518,0.3835504931039254,0.6350452000153197,0.8759814396650896,0.9282289406992356,0.7406431491956713,0.9481952661407655,131.04395812240824,11.999392408259805,-4.170714096778329
0.7612302292916764,0.9818457424521768,0.9850153228144596,0.7038667651125862,0.2727412484106629,0.8567027772294326,0.5637498091179496,141.2887433366553,83.2975711877869,-0.5218970105733577
0.91008987249718,0.6651808568816308,0.9354903018877024,0.7066953440184434,0.542886264704705,0.6925658009217165,0.539298786361067,148.07053030086436,49.237793482063346,0.5554325298519774
0.8200070787073351,0.6391180824574988,0.8644037982127896,0.8979161781570423,0.955176036121338,0.6928897272087492,0.5638557360742099,141.56958990491924,34.353286212263455,-2.4259018772239376
0.4782106896653983,0.5523801039827002,0.5640262041407482,0.7394327413224923,0.8082401505645397,0.6853271133978798,0.4642788329427998,137.94201980073834,51.23856617135547,-3.2495905423122475
0.9880431967565756,0.5797019747719526,0.9428411287648272,0.9767466972933252,0.6073006475360289,0.779927671276609,0.8925597428482288,145.3844045128502,24.071200499071953,-0.6991741048459836
0.4691597609389361,0.6347752184193006,0.83936689393925,0.7035345413469837,0.4332588975240922,0.7501473619301746,0.6935610860736092,136.68094675250592,67.67904266005155,-1.596588151837546
0.8149140811453449,0.7051012847544657,0.8151787295417905,0.845768251017672,0.6578817507651729,0.9465328810730332,0.5067181743552059,141.37554898958334,96.33943896534184,-2.092634887254142
0.8254861562688791,0.4375077403332437,0.64328830969593,0.8625029113048547,0.4137494434484197,0.9836347994189448,0.3227789283491373,152.22265776922492,140.62441414457052,-0.3842655561130939
0.5746554455150376,0.8129417007099294,0.5582114342284354,0.8952004326970716,0.7213527272320213,0.7994469934244501,0.4148583224839141,138.5915952494554,63.18618294536795,-4.16819821869782
0.8373826643291804,0.8240478345332668,0.9029624564528408,0.8194528282648499,0.508585417246784,0.9646055387943968,0.6482352779007051,139.46639884343892,85.1412971199073,-1.702973373993056
0.8718439689788224,0.8511323798308345,0.9853984195198988,0.7619538853914627,0.2819893215490824,0.9335668504030769,0.3323243202934278,148.72843640061436,131.60728161742458,0.35145423185499597
0.797572455967161,0.6170737109144531,0.562292985094516,0.8319265560054218,0.0776518872412337,0.9128143586158122,0.571443617843842,151.328999179931,89.403400751385,0.020965365429404376
0.6819883281568988,0.3692191127916073,0.5524627289426868,0.91632275350237,0.886683774467731,0.8260801596654391,0.3989914411310881,144.4786693955107,86.41132660261239,-2.9206268955035086
0.55888495339763,0.4695193696155971,0.8352583325535636,0.8086120848781956,0.0844183469855589,0.7251909063919487,0.5529989953921979,150.66345777158753,101.95258677713527,0.9064596218087112
0.6317825213530016,0.5648574836074829,0.7621611573850822,0.7454498726337317,0.228017163101089,0.8644771932028112,0.5965180192085846,144.92376033405895,100.17288587077975,-0.25712392020064717
0.7340979970418504,0.3918946144559797,0.7502161173702506,0.9778680809139956,0.8297232844814383,0.7699085315153364,0.6033464493650716,144.08505174180462,63.642431497900326,-2.2637015893537185
0.9733740514502264,0.9407493041597854,0.5261759481812277,0.7671650407302374,0.7485376905349336,0.5960818273034326,0.5568498238606365,145.2389478466725,-37.805577729301554,-2.1410235810297387
0.4772877338895771,0.8527157563354899,0.815725270882552,0.913075286568737,0.1885384683785686,0.8410719762515443,0.5352878277814136,141.36857762086757,103.71286288778622,-2.0602423275784827
0.6616650362107013,0.5556383684126057,0.7285092008303728,0.8769462905074257,0.1634881524026659,0.6854191404741832,0.3680413714356647,155.39604365018133,94.55801474056317,0.6109840913247656
0.9831315744368888,0.5847855670774184,0.6547849353349987,0.9276619201800156,0.4481485911624476,0.8565484874455076,0.5006682383296376,153.13420236049424,71.95543859540831,-0.36892104954134697
0.8771367797521283,0.9346622658120264,0.91519428463956,0.7724116411222861,0.4619634681506603,0.8127226246527199,0.4213033625993135,145.64036679394147,76.19210454842235,-0.6991078091927614
0.666121732202883,0.5208212825146932,0.8462569629245462,0.67678661982182,0.5419932138400371,0.6720169267555867,0.8973103612839897,138.52179632677286,15.308351097952487,-0.6923204769995818
0.5349294710584687,0.3818539349322617,0.6873846668423884,0.9871392825804584,0.5071013870706432,0.7692758646326747,0.7021996525588657,143.42185206735408,72.05655243071519,-2.098223862576419
0.5571852728420281,0.3728850143775702,0.5795625547741214,0.7948517433291973,0.5846536300355346,0.8767421650350641,0.7457244462406993,138.1872199752986,71.38011248617977,-2.4183756422122498
0.9265557547918668,0.7367903838655767,0.6353352904112624,0.9446639205725884,0.1070117990043529,0.7216856019028677,0.4412455105185577,158.90005813198786,58.359711262026394,0.725599205520151
0.6902685002442199,0.3814162405529453,0.6439864890649685,0.9509336300391809,0.0836684788966327,0.6388804897981188,0.8496153404462861,153.23056336436477,28.695894073127523,0.6732516542246081
0.8292920283777505,0.6169691015677142,0.616589459596681,0.810868820923212,0.4231763678661306,0.8639152558236665,0.4379626268345318,149.29656706230773,85.23064743380391,-0.7650333816165987
0.9406773512178372,0.9558831705505256,0.5412997495803203,0.9182577342063036,0.4737476637902264,0.634060427492976,0.5971757379766871,149.037038347414,-19.023542333132884,-1.7586852198932548
0.8547652614097918,0.5850032328220767,0.6536736595680694,0.8066735704589785,0.1021871133679129,0.654257390005764,0.4093336021423082,159.56386791335302,62.8966279868326,1.7183556328855654
0.935406904351628,0.7849608979905744,0.5216353727895818,0.8995225869381153,0.271081276797531,0.6820087244789804,0.8928921421113323,148.4146485450403,-30.280323834259928,-0.8708059983689163
0.7500255494120249,0.608983144284733,0.881011194021685,0.947554819994734,0.2321049019059656,0.8551925522077198,0.8038744552501105,145.60592266974604,74.08203226131332,-0.4635593532942694
0.6692157320746681,0.529517333316472,0.535911650897168,0.8971062018826778,0.7302902416905825,0.6226052990612287,0.837850102200387,140.3636418108563,-18.103767954074662,-2.8748170187197073
0.7072930368167506,0.4611491738617466,0.9423944131299364,0.750865100193247,0.2687861320251053,0.928714423920982,0.5430776546373852,146.92896643061658,136.2586117001512,0.6701139397005851
0.5622973904723068,0.7867018279770157,0.9032433202962652,0.7191249080217471,0.9299143953379838,0.6412521164433406,0.5933903447315287,132.40876280436962,28.11030298024797,-3.2587741686544907
0.9119856022695664,0.4531760830732583,0.5504402512395923,0.7996448518235185,0.6574417847946299,0.6655406497529806,0.9470793424468908,144.35344495128157,-32.14516041706409,-1.098369184796068
0.4593711817625846,0.5207763595422327,0.7306185135711308,0.9429124340290984,0.3789375001515804,0.8956270633998341,0.7758849950781861,137.8066119543311,91.91185930179653,-2.6494143153206644
0.6503899596620631,0.3775749875937214,0.5341173317378851,0.9942674478496576,0.4778840489694362,0.5875747217138955,0.6101535332302771,151.71813523946267,27.963184035731434,-1.1541871876599705
0.510528332194888,0.4071823557869272,0.6568021647195111,0.790436712742333,0.7134888415966177,0.8406106740170523,0.3621098287302312,141.62558067257788,116.66618581549017,-2.3926151654152625
0.4539834142974628,0.4490651129708097,0.7385175456674511,0.8214843733442793,0.1485194620004514,0.650758695112995,0.9090727279790448,143.0175530565616,37.42854793839766,-0.4091281044423882
0.5852828922245277,0.6746739928618066,0.5995331941215328,0.7229869116772782,0.258963246504854,0.7125635024954527,0.6055151410639789,144.42169617627627,48.06820349267347,-0.9318449937204384
0.5060157579710285,0.4817459315029664,0.988429451354523,0.8072519889570082,0.0877626992717726,0.7786481764391473,0.5012073609654515,148.89905997702084,135.37529861794826,0.9518998373868874
0.6366997450173723,0.9772948274223244,0.626090335610193,0.949336668590448,0.5706280971030248,0.5999808906667671,0.6237687540272359,140.59573365891242,-7.007030285637873,-3.4654093278932634
0.5799975148964709,0.8392528035629995,0.8371634121289611,0.6944648355740191,0.8930110877550403,0.7910881002121566,0.6111479367133718,129.58953950127938,46.9743645870148,-3.8276978694501915
0.5065112938432317,0.7128429353888928,0.9179887172769386,0.6791828606648959,0.7241132570758894,0.6787646311596447,0.5020149854895201,135.90632181668965,65.25167373413865,-2.160356736206108
0.5172612872524456,0.7086289642149863,0.5518266692248943,0.7827054597728558,0.9294578914027308,0.9740573569106972,0.3672388124596849,131.8405872818737,104.68505799083597,-5.1235097701822045
0.6505238545127169,0.715770171061481,0.7816416557052799,0.7859068054050736,0.0928332320102237,0.6247452613910497,0.772542890245556,147.08124193878143,24.78270622717434,0.3076907088735028
0.5692719258134307,0.590130632698701,0.8437038666795549,0.7201673704249331,0.6938267591964221,0.990084496070387,0.6276181082003245,132.45693209110422,111.75948616686159,-2.8234404050289506
0.797349340677189,0.7243857421333388,0.5369529491009233,0.9088755593030172,0.672122123895901,0.7831939486189792,0.4743455837921079,145.12271350727374,43.75544928493238,-2.731954081953276
0.8200159917733708,0.401736720318856,0.8387026899144605,0.8034281780491017,0.3210658171885171,0.6425247463010683,0.6183740491931651,153.980456539737,54.503879948809356,1.5268551838475832
0.8991528369306643,0.7982823780169541,0.5432422021565511,0.9392124338092376,0.7417835157390298,0.8026119290762502,0.3664947595963325,147.15275005804102,48.58748428970523,-2.808545701876534
0.6545810821585569,0.7331053836353068,0.6167514878689878,0.9431680691377908,0.5775290105168197,0.7266699622464747,0.4354362289895302,145.18612425167365,57.49704053745744,-2.6522104813527703
0.4614941631064141,0.4355126055667657,0.5770804688415304,0.9327426873548296,0.6697943571124326,0.7289527793922683,0.7831353293764658,137.29086973785186,37.306342184129015,-3.4896378715895273
0.8802013248383734,0.4897888216553,0.6284627632240177,0.7312957329412244,0.5128705260555204,0.6920819430754968,0.4292093451940242,153.0006382930717,52.44413979868987,0.39419898365912504
0.4578013345350676,0.4677839387664538,0.7167652627885135,0.9848036123077522,0.5420525772533915,0.7339819105589565,0.7145645959272944,140.25624504955928,63.64565335408276,-2.7380134207392373
0.9578500490853296,0.6131681752064018,0.6499876393337102,0.8631639553008326,0.3051859328403477,0.6505660594596159,0.4500824222817765,158.2558256048541,40.6262027360204,0.9670261557328397
0.6558149978093409,0.4298045103948187,0.968029287754505,0.7725265725157358,0.2371849851964821,0.6268725884563282,0.6233629165327592,150.82082049476116,73.55404121355579,1.5388949779840257
0.5013617208055562,0.5408299765669511,0.9346912078415486,0.9955272447943828,0.3558830230007326,0.8550321748165792,0.916103405593808,137.3887335786077,80.60582273769441,-2.0856251709077487
0.5467158409802975,0.7314865512323114,0.5130924378627572,0.7907942809433778,0.3684281735074333,0.8571935484677453,0.3875338648256606,143.1259546998357,94.31575738005483,-2.3975294356085435
0.462446903082951,0.963582210631032,0.8875220819481149,0.8036466638636502,0.643692924849607,0.8284300728062712,0.7372706220980336,127.55164558094604,53.85787905250915,-4.245733083104898
0.5128847600574027,0.4610444243195255,0.8356142686956037,0.8891739381478877,0.8469678333286356,0.6126425307636307,0.7976956719710522,136.092884436241,20.958325475180025,-2.8866184841787437
0.8297556389996519,0.768809374787091,0.8915526264210697,0.7332892987326641,0.7018804794616993,0.7062219178380524,0.8948918408593731,136.27595239927396,-6.196096577207782,-1.6886736533486717
0.7976171577092447,0.4568911583852473,0.6881340788658965,0.8308132076359669,0.4218811488368219,0.9585806546810464,0.6902271362865772,144.87092328081934,90.63383137380133,-0.8680635402077749
0.4392906091555906,0.3938526261482041,0.6327831887350938,0.7287785002109209,0.2697630172385151,0.7591746449536577,0.3384361860707064,148.53887707945287,123.54985013476045,-0.3049491009238551
0.785621753123163,0.4247910231566159,0.6525007505474791,0.967589813198068,0.635804385631699,0.6445118567125734,0.7967992742113985,146.87679780333494,6.2986550644369235,-1.4299208796369243
0.6790877165582498,0.8260285072510465,0.5833088869126931,0.6863830218568582,0.3301794102375976,0.5933610165389687,0.6311474650068588,144.61440921185678,-0.7832096052190785,-0.9445036871512023
0.4459654596561395,0.9896049647554792,0.5930619994101494,0.8451551785115565,0.9722961704690536,0.8576685183028887,0.4944362989656768,126.17560551098683,53.146579373348665,-6.564622441511161
0.5877369413836684,0.8911779220377624,0.5337605068094419,0.6942419195710808,0.1113328918743796,0.8703560468052463,0.6112286082045315,140.8251338588157,64.65851502557477,-1.676998904897693
0.7418817720074378,0.6692095397860742,0.8518976920693868,0.6944856619928288,0.6075186624700813,0.928659177732422,0.4384308333248076,140.73546608668516,111.31116113273136,-1.3378408328314435
0.6697809090991391,0.457884005075879,0.7155268303913013,0.7792459542718588,0.2638095604264664,0.8476828447798569,0.4374692695884171,150.1692846289728,117.47174351970888,0.20744664608862692
0.5232952979437159,0.7506181930996477,0.8653452734721646,0.8282655995819357,0.2599538223847806,0.9113967660368566,0.5983578406521377,139.2907015102644,113.35310614695949,-1.6988416442634418
0.6151580983715316,0.4324810300835414,0.7989622189372187,0.7125166238120048,0.7465131975818566,0.6700776449329983,0.7659092334284889,138.0476400742545,29.71739106845733,-1.5494469072836559
0.7543018085095963,0.7310762848310721,0.5560143142901093,0.7431584967094357,0.6230283826167273,0.8318623536656864,0.8880589304515454,134.9662412689203,2.172337685671272,-2.9483598777802276
0.664521068428043,0.8082392678124133,0.715284578405575,0.7671606117677466,0.2082754760647132,0.7719865417550706,0.7689688200563913,141.6524253768219,37.414574073792444,-1.071611336051554
0.6129702454323165,0.5460310384623033,0.7872929712999667,0.96481149952921,0.0665493519055568,0.7269228909803808,0.8901862776410698,147.15043075454935,48.70837882343451,-0.18879408136565015
0.5668597770915029,0.5980057962649843,0.8297336615523971,0.9950094512581668,0.3375959981459199,0.7151675312040391,0.8911411849247401,141.46786354906413,38.9695879748671,-1.7200923382703517
0.6793850304157437,0.3896299247815107,0.7201961732392785,0.7948786719370626,0.315518121986037,0.9808068939345918,0.844470395582646,141.3057680112218,93.50836396708102,-0.807652255598154
0.9728760036566344,0.881843852706633,0.8267394508409164,0.873441634479472,0.2655971586419455,0.9685025836671678,0.6807566926853007,145.80375432289713,73.18547585166282,-0.6658500492832781
0.542848309676718,0.6445436297053,0.5939011770113504,0.8383836742979409,0.73398023809286,0.7465691805597235,0.9109213875069196,131.6510346898326,1.9286192508476576,-4.05816044172396
0.6306469934783653,0.5746794189214464,0.6297676446095252,0.6717674367093043,0.0481531887926356,0.6682313719931772,0.4331564793390411,153.33996540353564,75.64431407052045,1.222506106057668
0.6672002332842846,0.516177284060087,0.8702383866845442,0.7590705313440612,0.6817695307734679,0.9153983078961376,0.6257137892616221,137.62934449306744,98.79542996245685,-1.846672978686861
0.5945303360244298,0.8468547205859926,0.6881901076614989,0.6973184112757524,0.6554388606059184,0.7970823953704557,0.9545972348747276,127.93574152931157,-1.6577562415302696,-3.7222970118672087
0.4925616384664207,0.4532066097563213,0.8544224581758646,0.942707554707561,0.2899466951354472,0.6879139111899386,0.9581726715166448,141.21456599964418,42.21587032277823,-1.1077894614447497
0.587425528726164,0.7506288840191817,0.8344193308821396,0.8431109316582946,0.8196849604263242,0.8201952427356858,0.5636218945855686,134.137891035974,70.03961426534491,-3.6463364594277876
0.8367745850489609,0.3841422216777236,0.8558558585999736,0.8735817067594994,0.8185418333295092,0.6253876241289321,0.873386324201004,143.24094190892362,0.09302288607129386,-1.0180977365262358
0.7888308464149589,0.98509426958145,0.6820539484251692,0.9583262769468408,0.2979496212716008,0.8532156520021539,0.6905831438726227,142.75367284382085,41.345500860471006,-2.3708731283075726
0.5078198298900847,0.5694159693437753,0.6852672675289279,0.9815098877342264,0.9246220580728064,0.6450944233658321,0.6794179393924178,136.01819568608084,21.817306050516777,-4.29526181036027
0.5444896352363057,0.5814980514930873,0.7604750973524479,0.8691293474037173,0.8845380786233309,0.6067388869311965,0.4953419566283996,139.77817693505887,41.09303471147764,-3.018764602723983
0.4970927426147306,0.3798720746385308,0.9232290005542868,0.9031300213096723,0.1659460551903477,0.9112582201173712,0.5794600704160344,146.34146038830326,152.4137291360379,-0.09742776181416284
0.6463213280799844,0.8398023425088015,0.600246846153346,0.9465464288004654,0.4874844249236901,0.972700033029478,0.4017260773559266,141.31470428308913,107.7769347543761,-3.483902877993065
0.9216719679924156,0.458113853064276,0.7291028617528871,0.6779421041733255,0.3969680393548587,0.887207559622642,0.3328594908913447,153.69361656825276,116.6836063169417,1.1874734688498942
0.7340084698051333,0.9631283072379754,0.7977713014400627,0.9532674998726528,0.9422161088894538,0.8569204741200257,0.4029809584859306,136.0216454817967,68.78895338317842,-4.602181313287143
0.9052734765045,0.9740541107807188,0.941185644467026,0.9178252817298176,0.5019088781221775,0.7212856173349581,0.5408894306558589,146.23967122732458,40.63676742722327,-1.1571377638211007
0.7022447253421844,0.6258331007952123,0.7610289853340069,0.8317336323486961,0.7130151238829768,0.7973509040587151,0.5452508955136846,140.9015407777134,66.37555832187071,-2.2611391364788576
0.9444207375182094,0.4209326080483132,0.7935511113145703,0.9514137740635203,0.4911147173128873,0.8352815042983754,0.955549207782556,146.35954826389013,31.852751180254085,-0.4376083813924536
0.8498136578122268,0.5179651566855477,0.8221063352026972,0.7514503969185727,0.6262348650686099,0.9552095242022132,0.4151473775681156,145.5857308225197,120.49882725688248,-0.6805257250244162
0.8533352251621008,0.6951427895105567,0.6421336823933387,0.9598699301448768,0.7683649116159935,0.9547457068414074,0.4863713399859898,142.403866249882,81.50616295518707,-3.2154680017616823
0.6265949639983712,0.7618398762645706,0.7676719156320697,0.7964098825898792,0.993562187178171,0.8090416664155162,0.3982847557715406,134.70501681569033,72.55249350214629,-4.026044393665221
0.7828483557076358,0.8012204860324051,0.8215346704992121,0.8662045607781048,0.4116308334546618,0.7907928117398041,0.5676216414859373,145.21931227339775,63.204970862524824,-1.1483154068296444
0.498142535511212,0.9246264616760655,0.903599454182989,0.876569349776078,0.2668334869856246,0.91586328148273,0.9458432271565232,130.6465878625691,62.47166141002503,-3.0640592196207157
0.6759351831116237,0.8863339443909088,0.6317222544279302,0.7932991431857219,0.2107112637060026,0.666428726369498,0.7638374165942159,143.1962829799883,3.8022035478215686,-1.288788343338141
0.8656839468320501,0.6048913150922276,0.8885551001064427,0.7918726954940805,0.4122483180168968,0.78521888647032,0.4402433208633315,151.11020855983003,90.89096172157042,0.5895328319872214
0.7139847129803134,0.7420482139864217,0.9449529950050612,0.7092157957298121,0.5257241925087995,0.9660052771082704,0.3329616524052208,141.58339357386288,141.40333534011816,-1.1134552222387966
0.912172690245142,0.8067380983950619,0.9814401792704944,0.9401152389524484,0.1585710913865986,0.9714631056989668,0.7399519653384006,146.5772308221682,93.89500544069521,-0.06978583116243893
0.7166277772041529,0.6144931117023371,0.951909274442874,0.7059040100787345,0.3896215190373526,0.7082912856550948,0.8275472868566105,141.55455704998582,38.16663398000513,0.07216658935404176
0.4909809511677907,0.9656698709090152,0.8621413923343072,0.9563842965910972,0.2079660307675653,0.6639184206763662,0.5232069443919392,143.5532538440939,64.80456626193782,-1.9073108433771149
0.8587736970547591,0.6315389569231817,0.7607601664300065,0.7432509609212018,0.0338729685438458,0.6051135081984244,0.9314415146588992,151.09474504119214,-8.371954671948865,1.7423294837874885
0.9662012366187758,0.8143469889715527,0.5355305278089647,0.761504343674605,0.1751228711849262,0.8877964806104641,0.4551329317374506,152.5993000952473,67.869600467865,0.06301107572550696
0.9524277518422528,0.5823579802249995,0.582393784902068,0.7695921595471912,0.3876667627587379,0.781998717727652,0.6407426277543911,150.69490519417283,33.80854900504606,0.07994583878910295
0.6879020240745767,0.6395025068019217,0.9884264834673082,0.8539733379009076,0.4394613881396876,0.6328229136583374,0.4343277483663332,149.45147141350182,78.6294949456004,0.10560645251351515
0.988846321948644,0.891250206612693,0.802649782741734,0.6951853809376313,0.558696775930485,0.6458509214702796,0.4536237578740154,148.92727742182277,18.457977760390563,-0.036058966567497255
0.9815659860841148,0.7826308035586613,0.5353534697256004,0.9786122314470804,0.2313727902708222,0.7362765883331799,0.8690771161097468,150.46041777926072,-14.71688530089983,-0.8211010421619395
0.6747589626667856,0.5538047000774786,0.7222132903483913,0.71370308766874,0.5806473402215567,0.6450359422740735,0.8397405085093552,139.74778822741368,3.0288082102612437,-1.2411544969052453
0.5901427545892903,0.4500973958371804,0.5766228032078972,0.8611696620062774,0.5692088528830526,0.9740504779481788,0.7674151063968303,136.79995348950206,82.62907349337561,-3.0420486431582017
0.6361668476446276,0.6081242535381313,0.6530845167525674,0.9500009825321956,0.2461466727830248,0.927854143581843,0.7692994208033959,142.5506597679756,80.75743729548876,-1.8989013656437008
0.9462043730706376,0.4159400980728953,0.6352677057099255,0.981624986709208,0.8155160572915942,0.8756807804697797,0.32452801331614,152.00430229890867,97.11721752584803,-1.5596446892831017
0.6570053331760999,0.5073441176250895,0.6183694631037866,0.8026678996068537,0.915547320750706,0.6321789978431587,0.8124721561123787,136.45365501032234,-12.66077910484658,-3.121626504625652
0.8940390788806596,0.7418039055149154,0.8449932211701432,0.7255862811184665,0.8451873896762552,0.903896844176184,0.8240378342310548,133.53370126119353,31.012914424792033,-2.558418076567544
0.5393936940886134,0.6967054173841869,0.7249439242229396,0.9233200767849684,0.3260148762310438,0.7054050735810342,0.5886175030066417,144.44072612871662,62.15091813437483,-1.7427041911320262
0.7744449827217942,0.7911605510237523,0.8379175635175329,0.8311853942355873,0.3426812195114282,0.7816090353901269,0.7802577251472783,142.35665474128172,38.12647316805664,-0.9833718216128
0.6110488683261287,0.8914987647487049,0.7135489258588891,0.8001344503768384,0.7881624507197658,0.8205707488695569,0.4697163161124099,134.60390953891036,61.60423282807038,-3.9823698243450134
0.7072166528366307,0.838450269110016,0.5135661103836059,0.8386497979522166,0.2206864417758293,0.6169386277950888,0.8189539306462086,145.0463514491786,-22.17114596959594,-1.4192372092423435
0.960798801103502,0.6042917508038119,0.7577434181810034,0.8454302011410241,0.3228065203074894,0.7090745998913872,0.6645049559557437,153.04680903105285,32.971503276160654,0.7882997881296474
0.6249661855644364,0.6544744848252526,0.9253003846378424,0.836836325796859,0.7496250869160892,0.7524929021024733,0.44211924918928,140.48588749779634,86.76447575730685,-2.1294109323045634
0.5441032226009841,0.4383390777454132,0.8370935899993104,0.9938811165167588,0.962282596439022,0.9480431034257876,0.3937931235687177,137.4798907293828,139.29974422881799,-3.9583615668382532
0.8310528716660436,0.9333871441888238,0.941405691230937,0.9951946133372171,0.5074650930836987,0.7234766083732213,0.6746869739046785,143.54416055941766,32.25132476077648,-1.832934673131156
0.853301064140286,0.4651021313342453,0.9654394861580432,0.6742746242843959,0.3832037597778458,0.6187840797460343,0.8726587600648832,147.22910314397566,15.835405559610471,1.641396449720392
0.861019885025295,0.9673654461034672,0.9274317822793208,0.8800335925483033,0.8127880030705312,0.7523135669155477,0.9622466640871724,132.10400094226796,-19.66824137475472,-3.36335388324155
0.8632695953528654,0.4073900530118748,0.9244026070608932,0.6921276569855541,0.8237901039652917,0.730177077302137,0.8726189426210624,139.44548922337185,20.635634100442772,-0.569211127336916
0.6003832691593292,0.4809318256904028,0.8267209770386881,0.8613198593800236,0.3201356854086923,0.6147043378022615,0.7009795574760724,147.65221677535627,47.1456474528996,-0.03550930007559164
0.9161465904851962,0.7007855144528049,0.9287210532929288,0.9389066359427308,0.3343114939112563,0.6200991018416248,0.5267761891208116,155.20800062414594,45.48521142046015,0.8704594037380866
0.7639712253395567,0.7395768934341432,0.6231831836743031,0.8222498696626963,0.4518727627093329,0.8795357729797662,0.9275042908720376,137.0868383217888,19.6797355955251,-2.4521780335007355
0.8585698308345409,0.7967289744613545,0.936548290460416,0.7336319642236799,0.6915856401707622,0.8760236831655139,0.8451827086155348,134.5088225818322,35.498450036177196,-1.9539296949673237
0.912654823759918,0.6517617550263453,0.5393917810997818,0.8058630850501818,0.1446449305734602,0.5901205051304204,0.5725736013906577,157.7999276989723,8.491334245525834,1.19158799527709
0.9434336541417152,0.7059356963679457,0.5352303021393934,0.6961213714267791,0.4658247504056461,0.9524050943260676,0.9102166405068384,139.16181642454745,16.807619394382222,-1.617151552933203
0.5935368568919482,0.8288568304298363,0.982431325637788,0.7882458823799994,0.2034589770186163,0.9807107744960418,0.8473139042266897,134.56956410848053,96.54056146435815,-1.5456420402999915
0.608508093844893,0.4315972508579793,0.872920333989678,0.851414878869824,0.6402436940275689,0.685444705035374,0.4665695212002645,145.93756063865345,85.99741174177946,-0.9314581292123949
0.7570189764925432,0.9510901645838898,0.5994261734559214,0.705684851248067,0.2305881007062032,0.7031189461465545,0.7675071860069209,142.2006557865055,-4.03604805582702,-1.1740863734451796
0.7976144447844359,0.8999284612163745,0.5552694961040574,0.8584706557752659,0.3330159901654133,0.7203669930485319,0.5916388040689047,146.6934292729249,18.21367864218523,-1.6455558835969821
0.5733409092794404,0.4169086114648964,0.680568407764007,0.9007336053418764,0.4580069281691128,0.9893902528081648,0.6240184615554037,141.1233774463073,122.15709040957098,-2.1688732100887096
0.5721041361110512,0.4298651122868928,0.8141902091376743,0.7140626864982875,0.6325677857980422,0.7994281002456763,0.4154041844077233,142.68986732435854,111.18172493377423,-1.086955003437817
0.7017450429441484,0.4503464810474603,0.7581341298642175,0.7240999478688623,0.0273482194548171,0.8160428256909282,0.5002262818976749,153.5976189368829,113.42990620712219,1.7255440957400134
0.7318788835207064,0.4162437351752888,0.6161836259165748,0.9900348473757046,0.8805036306192143,0.889376963234799,0.5566475233991862,141.96157911149288,79.24397035378992,-3.3239222357275637
0.9419685695554134,0.4224841265758137,0.6947036493847331,0.6764729799304727,0.793524613038764,0.9780055588819744,0.4747902392615468,144.2439756209069,98.45145935153793,-0.9309718212245182
0.9315995084750784,0.9356690828296832,0.9752493743483291,0.9621148342711232,0.15074141403757,0.9489731366001922,0.4357961973129279,151.2750720091895,119.68555208320352,0.03169770858204705
0.5149697830542428,0.4914259846282586,0.8479338284231255,0.7318819141189428,0.6380822118057531,0.7470317094498516,0.756075932522718,135.65718286366578,58.31012839391648,-1.908972430635089
0.9840061828143578,0.7570149181152975,0.8211080544196987,0.7025378395415589,0.7207258331553502,0.7891618199616303,0.9636439025162828,136.78398752987565,-15.088822372751164,-1.4856306275734135
0.6117784329205832,0.958890663396336,0.5746232878308976,0.8347490869073508,0.940991937257988,0.654000261084468,0.8733054408639791,127.85546312315408,-47.56622849743234,-5.479848067066069
0.9108964516596224,0.7263125727461499,0.5238794079028329,0.6963548989745756,0.6962646090594259,0.6881227359446017,0.3817251076085053,148.1896940506694,23.011546986046678,-1.23590371333295
0.5618462262806916,0.7716896110998315,0.6661285564829376,0.8180851284256051,0.3707953107489995,0.644568661367649,0.7775803910077066,139.94341272907948,9.58736476265744,-2.0358119597733584
0.7506255036559748,0.4105582220446703,0.8574545584394364,0.7887528997073963,0.95982311776744,0.6864688250701678,0.4872550458572208,143.24960901597566,60.120212153341235,-1.4760966412916734
0.6766747324009141,0.908778715887282,0.5330595040350686,0.6738798575392229,0.291231181425564,0.6280624825208574,0.963229973724105,137.6816432166765,-45.78281871012263,-1.8068137661688655
0.9399855343859668,0.8840467767670804,0.6424867672590134,0.9766919112549644,0.5287580600046342,0.894441613055469,0.3972086712868559,148.45154655513505,72.75414048937834,-2.1701852765926706
0.5324286993309626,0.6308478465478604,0.7762391518987426,0.8286958441177102,0.8429818573401737,0.816257342647275,0.8110692072266757,129.89696833809245,42.009428014716505,-4.0531886873250365
0.7979872867511989,0.6911489632598664,0.7831403885973298,0.6851303379325061,0.529149073952472,0.6893749856148924,0.9731442367918366,138.00369443207967,-15.908737941875891,-1.0200996134979012
0.8480097613501948,0.5317232889689021,0.7088605138564414,0.7198663017515086,0.6570300622252636,0.907349241592899,0.9428522509423104,136.46636407568383,28.862025715464824,-1.7464952115552075
0.7039676257069807,0.4583085313151949,0.7054176614070939,0.8062373921710387,0.5817581265709211,0.8980883788561413,0.6490028889833308,141.6026253999147,84.34057219996225,-1.6276858483116627
0.6644535356034587,0.6339118631337455,0.5103499051381513,0.9939423435239052,0.8626927195275411,0.7245693929851692,0.408400089936149,143.4257594432559,46.76760383967923,-3.915122954376893
0.5665233313202446,0.443574732033954,0.9864474394780632,0.8376282719383485,0.0866094220766182,0.7544812057289988,0.972477421684224,143.4767572035911,67.4066084954159,0.6404428585489714
0.4940141512008915,0.6185322679137144,0.928426856677668,0.9022708125332364,0.6430634064449626,0.9431843066341166,0.6318313066359513,133.82593350114385,117.4006566347534,-3.2409700094296516
0.7726362728861866,0.5666069930435788,0.8242402750832627,0.9374435546317164,0.0855819085419135,0.9808400469603512,0.9162823856140744,144.9085256055141,87.07519756169192,-0.2669449079178555
0.6997673878176572,0.4250397601912862,0.7140743535061354,0.8947998245078995,0.4892446479574507,0.9448741359917008,0.3289324600622109,149.12281220188348,144.6304925998766,-1.0396463413799037
0.8694550576463472,0.6458109618261918,0.5944276882047742,0.960202048178112,0.4283815874830333,0.7467702048282725,0.943144045467962,144.82099769366502,-9.095916995175202,-1.628659723065642
0.6435970428451031,0.9368508333874512,0.6481600710971578,0.7263436844715345,0.6369348402831343,0.9655996522575618,0.5681933147063531,132.20801295601282,72.16405378322098,-3.903822063058959
0.9064250461335756,0.4004360909978619,0.8464594839355635,0.8335708929577872,0.952191261530843,0.9898469430023372,0.7684944937309086,137.40685734283662,75.53081856697757,-2.255038258011447
0.4392974414055052,0.4212749403745769,0.6857315869833753,0.8691535932635553,0.733569148276155,0.6875135067092674,0.6959176933566786,137.26891934716573,48.38042383481781,-3.0424321509243097
0.8528148962069821,0.7315500062163802,0.9438655709700045,0.8733045721891343,0.9665247817324374,0.8472530234467119,0.942718905421134,131.21536676285928,13.551203184874018,-3.4247923308833736
0.9229245587041875,0.5975256495334537,0.6528964473500067,0.846723895200738,0.6832047327698589,0.7435332787786021,0.5361763328050153,148.26204555301686,36.175227151708455,-1.1683983742358113
0.7869839286390008,0.6438977139761612,0.5226134551158061,0.7810399780457871,0.7137692013861215,0.6639329870526752,0.3443067320663887,148.2354251527856,37.3570302238364,-1.7267353305603133
0.8033987461407361,0.8730220695398834,0.5804881880169646,0.8704721772332292,0.5588412851119429,0.6941971872081157,0.4205165149019091,147.0415805032498,30.06452734039271,-2.133471750860794
0.7950854903727533,0.7168150229790684,0.7727821560054715,0.6789138779928653,0.5351109457995451,0.984354583906998,0.691539149340823,137.09695891884334,78.49168566691334,-1.6868618518890928
0.5987429693460599,0.4782478146463955,0.6832253458431619,0.9113636260785885,0.4178975948331459,0.964187854060781,0.5499328157000077,143.3455124396602,123.07737991098395,-1.930155150617809
0.91077005300391,0.970892254228357,0.6368349998407972,0.8779461209756305,0.9136119889418453,0.8066405643281663,0.3165461210492785,142.2166038018109,43.710174712880374,-3.6125684747441387
0.569162039637048,0.369468780581231,0.7538512344292518,0.7185589884296972,0.3513344178605623,0.7819499759771946,0.8630040863389088,140.7514006437498,59.18278312630659,-0.45594290584307035
0.6260092418757085,0.4750608727403135,0.914079427218386,0.6927058646880383,0.8306342541945019,0.7945778210199181,0.5054759319800505,138.21758176646227,91.98547496922076,-1.6357525187749342
0.4544576723060213,0.6603516134340859,0.9140166734212144,0.9716489608899488,0.6628338420755518,0.696697769709583,0.8084087372724793,134.13882862674723,42.970234230795796,-3.3987477898001113
0.4877517296682059,0.9200043422191334,0.8116567687254836,0.8504367299059206,0.1257323254123224,0.6223716107756738,0.8056733227900502,140.19780039600133,19.43901423622003,-1.500563933258086
0.8195705561352328,0.9371507813479611,0.7104760323206619,0.7362051871241801,0.6838642969410845,0.7667369675737279,0.9443985374339288,132.4771777712936,-25.782734359773624,-3.0710538306284
0.4572254123681135,0.7029075809252917,0.586150670172645,0.8566417848374672,0.2583192407541522,0.9478223344521148,0.3135505692869311,143.5452551629998,142.2697711408073,-2.4047606969226667
0.8424070905074043,0.5227434634607507,0.5998824235779749,0.8223830759470897,0.2737381031814143,0.6263072805781679,0.9555430201334454,148.72643560882076,-21.075424525877185,0.1920559843152696
0.7319824598463358,0.4233437909290372,0.7541158780214272,0.6783329594709742,0.2327028914969706,0.714078866957703,0.4187659178360928,154.02668111068118,93.68637152116057,1.6481963696958288
0.8063050316349498,0.5941839728604965,0.827877357951454,0.6754333474089599,0.1068312900812703,0.8514008051224751,0.6900434255746601,148.16948425912207,81.10552888524568,1.2928726480619093
0.9962205404501484,0.403877821153533,0.576759955948763,0.7774923125663411,0.896393383828275,0.9650956406220318,0.6078167377843687,143.3595583569376,63.48422337396518,-1.8795988407374915
0.4808761960507585,0.9213930556765682,0.5595068408471521,0.9363379056602024,0.1238298615731659,0.9845868332687396,0.5455349699884307,139.57800354801483,107.72085197873535,-3.298336309511212
0.9045643991605667,0.8283733156613886,0.7557116009568203,0.9056714942467068,0.8981585637876114,0.6185678963140686,0.9784451807524814,136.28620757873617,-60.45798025495221,-3.1971070429683253
0.678417426700661,0.6608587716786265,0.7989069212885102,0.8106270385658445,0.1363561115667413,0.7444067876521668,0.5855193460379512,149.1249296317637,75.79250072319046,0.31677992684881545
0.9131826182915054,0.6255335563871072,0.982297726708291,0.8854644879383621,0.0911641468273033,0.9258715586516796,0.565538746733068,153.3500456258679,121.38742268468684,1.4773835212051099
0.5359568259410672,0.4886880995772404,0.8981116932063761,0.9413663895365716,0.2069462087478822,0.9482456669801912,0.5266746790459718,145.8122689032205,153.96996059904197,-0.724617369530085
0.7957387894777197,0.6912237994516821,0.6132792311915942,0.8100345960856639,0.7819892902126527,0.7271455542315394,0.3887160069293574,144.9744754713381,46.24976538524077,-2.259287893301539
0.4569571437533556,0.408447520789302,0.7488580837095633,0.7247011547777872,0.6788981942614599,0.9912351007136884,0.7126636273939804,131.35776840838358,112.76448051511741,-3.0398445224849344
0.6304415131267533,0.98979048057228,0.7390488170695695,0.7289984049792831,0.1963340253266315,0.6711704961035568,0.8295094872729891,138.84898410406763,0.8809540398965583,-1.4183023566133621
0.644083303056429,0.8604580747026804,0.5430097473770563,0.7795157195052179,0.8750149281398669,0.5974093220273703,0.809711602004993,132.52561173676324,-47.34466032386297,-4.318769493725929
0.6519979822240741,0.7980606591356387,0.7406531458214891,0.8936164822151675,0.767321115722019,0.7145385649411177,0.4944368177610706,139.59315752711512,45.18775167524464,-3.271805040847331
0.8767696810357384,0.4270927001003708,0.5848544104836673,0.7600128848547852,0.1647485063564648,0.829649554910509,0.3652788047700985,158.48190161928866,104.17141544212348,1.572811498498312
0.8195194421522092,0.8834880319205766,0.927562270143339,0.7080136415191179,0.053579414477239,0.6517103113125511,0.7126997152481309,148.6909552000865,28.66451843879276,1.326960362414896
0.8382620566640817,0.4668703525792299,0.5757244791609936,0.7871980910601223,0.5973329785489423,0.6804811979201729,0.4883836685334549,150.90418981021412,39.61060623311773,-0.46922469449557447
0.873550686248441,0.375905429038179,0.5432265075343844,0.7748440552826815,0.5429665291395914,0.6537194341968485,0.5561454503347669,153.05175717757376,28.157394529333097,0.19462808782319438
0.9419550425297228,0.4673804236186062,0.9573591488977882,0.7092001523070505,0.4176798703298943,0.601558082029421,0.9841329920366584,147.45294060436314,-9.772150890768723,1.6486587608974168
0.4988656554254557,0.6053090054084844,0.9078316003222016,0.8744420225655668,0.7210166141120837,0.656913721145809,0.8356876189695255,134.10921152490585,27.355245998516736,-2.8708136843691183
0.6770200427671658,0.7787374237870559,0.9702668126880748,0.8151967241988325,0.9160694206020954,0.8105363569846955,0.8282487264147407,129.29571245979852,32.786939619384306,-3.644815855331096
0.5068168891416067,0.5915994870815506,0.6512215697586282,0.9160047209850376,0.0786532438625152,0.7815616883293708,0.7123313258594434,145.7090980295234,74.04955145538109,-1.0476479749681786
0.7762960816984201,0.873556934575095,0.7203280491308599,0.8660824038920955,0.5557883927356573,0.6509728301345694,0.5627638724326909,144.47799648347248,16.385331453819347,-1.9086111612843022
0.8321560120538161,0.4548620003357505,0.9517495813686973,0.7336021245156842,0.9677295419118066,0.9550518016502044,0.7529886761386166,134.28523634193897,78.35509395015569,-2.114476787434407
0.7819923793376402,0.6735854835065136,0.6830116396930151,0.93763447539216,0.3571409962260906,0.7523238853973719,0.7213686357061067,146.90610536563875,35.24454154459053,-1.1809311898440014
0.4423229877690261,0.5351306134371552,0.5280083155296472,0.8669108045218974,0.823745968555316,0.9244327472014277,0.6647691165502572,130.95288845019812,75.64570021794778,-5.002045224067836
0.4951139360893036,0.4864168967313089,0.8739606217577602,0.9414126258891692,0.3826827099361457,0.92398128638737,0.9274023872686804,135.64878043534875,89.87755683014068,-2.277528848570709
0.607942521479782,0.8854579882550385,0.6142250553807034,0.703382316272448,0.5374313915667538,0.660225717475025,0.8365546989818045,134.25995279362357,-18.931644505045522,-2.894506827726702
0.7711398096388284,0.5778263286004455,0.8247053686816378,0.7422672758718534,0.8795324484767135,0.642168445821987,0.4662452625151274,143.4055092769863,40.95164767389032,-1.410657376855713
0.8934871934762466,0.4118811411313697,0.7793141819808764,0.9809656627501304,0.1017329402919186,0.591885023255948,0.4509013313617342,164.93654118092525,67.7699477068734,2.4821058943843903
0.7731384270069255,0.8726556546822014,0.8248085766053996,0.7852850857594889,0.7989803389991122,0.7006892131829991,0.411125616951962,141.12927215576195,44.42102483071308,-2.362573164279798
0.5106584665133919,0.592999406783461,0.9276600056599182,0.9183488313575296,0.703142701125047,0.7465396711009208,0.7079776588504689,135.91482293877226,65.71695097667063,-2.8688848165345457
0.8960208697324749,0.4808624825906765,0.662191900017822,0.9466117698266678,0.4677727734266357,0.8181729176001264,0.5087307416600954,152.98860213974837,75.9015380768995,-0.40992533065202225
0.8391787452944537,0.418256710673067,0.7832758856010724,0.8067680562840526,0.9009932250738908,0.8434761805132003,0.6087425291637968,141.59450110857347,66.10188786358366,-1.7927683187260803
0.630562140931131,0.8726792397955858,0.9235917650374584,0.8582346232271147,0.7611019008627757,0.90596804096648,0.619102893457798,131.94634662387776,79.59858058279967,-3.7840795255574005
0.7059342639516544,0.7601730135807457,0.7367572877239084,0.9880258198642344,0.5088974630648664,0.9255971473206124,0.5540040909550289,141.84412455826487,91.20318206371476,-2.826421191867498
0.8825994653852858,0.8058709341291346,0.8508878483968201,0.7028523907571875,0.6652094002546821,0.6473399105632527,0.4111163101451264,146.65826288980847,36.99603247762775,-0.5141018166141038
0.9567099896298764,0.9410480883299276,0.7350285751667972,0.6752373919904033,0.2669397992190384,0.8574696847390175,0.7325728466313377,143.59921822238334,29.25780826941057,-0.322946272809974
0.4524934709651025,0.4519475197895781,0.9854177149301312,0.9346936832813966,0.7317553266047838,0.7374559020547298,0.7614715882389611,135.37351006484138,74.15819544292832,-2.6890112823749646
0.6694299928151166,0.4741652707386118,0.9118648262052212,0.9193812888596395,0.8587279504363455,0.8142306396295755,0.8099948034970759,135.73506570296726,55.92569257480672,-2.799156055498012
0.8223179231020297,0.5327906981418965,0.5842238851026468,0.7701949585543165,0.6382250467292535,0.6707099023323606,0.3838356058807886,150.74510891830295,46.80315664801796,-0.6954078403945754
0.6551902461757568,0.8452380736950116,0.8797527446232005,0.7667876871529341,0.2579603691844072,0.664624036424787,0.6211921493198169,144.26524861347457,45.324324660280304,-0.4237391629012717
0.6936823160229992,0.5143905026640185,0.7135064877624604,0.9328551984994962,0.2166612678910426,0.5821727138192268,0.671212518793449,153.08483753337177,31.82703252596058,0.330842997186761
0.9155948183893186,0.9500760134347744,0.792573171102858,0.7092829026498645,0.7070240385023433,0.6513030226368882,0.7910609019481054,138.33340338647758,-30.608906335563322,-1.846164432283663
0.8882872042684242,0.3710141799654152,0.9316880975528614,0.6993501552632237,0.2726908600381562,0.760664909664632,0.9790477449142598,147.111249329605,36.73287051537758,1.838313001870983
0.5641123835093866,0.471912484453369,0.78060989184948,0.7809057766641878,0.7351120724467205,0.859749230376122,0.3250038990882937,141.58557380886666,127.26122240798367,-2.092376837717866
0.4837056084460596,0.6837335957699087,0.6478560119194929,0.9470165160285572,0.3373219694746164,0.9145815551026,0.424280014048394,142.72059248802285,124.23679857533277,-2.7262492990342313
0.6233236704467902,0.4372157930728897,0.6572405200893882,0.8056855700710167,0.3380710930764671,0.6502746823801545,0.4008178620647467,152.7000978324897,78.94686651129224,0.18024109188849222
0.5091944265244228,0.7652544822107272,0.8181746136740109,0.7576292269505241,0.2168929455524393,0.581064190874624,0.3689227358375578,148.5142484988547,72.60243227297403,-0.1301157147801287
0.9903264178542416,0.5600521443304392,0.761128726312734,0.9247492381319514,0.7803391213866118,0.7486389606845075,0.5255610274750293,149.51799549759846,43.52295115158132,-1.0784981117245669
0.8624152321117599,0.5639546359489598,0.6223376017853186,0.7311764342525631,0.319326262171213,0.7134823689257691,0.5568620014779847,152.14413342044702,43.54009067720299,0.6108699620989654
0.487196713759302,0.7398325205358638,0.6458278814797533,0.975076937383744,0.5617167968291672,0.7012637697029466,0.8682749612920213,134.84113794885806,9.58899442247065,-3.979864016490311
0.9051278981045168,0.5440809310521072,0.8805484003739433,0.8804137440485043,0.5348173642136748,0.915650414235283,0.4069086155637608,150.15054627174902,119.27439078550324,-0.21464267263843922
0.82361164994123,0.898405792248628,0.9475673523342328,0.8784817442880255,0.6843582810233917,0.8635663848867247,0.532096671136223,139.66014816355826,73.60117022608489,-2.366172430819925
0.8051348149973663,0.9108449494703628,0.8600868326926975,0.8420649690418898,0.7724954463863257,0.590824631973944,0.7968923452532476,137.63358832498835,-28.237133160519406,-2.5445488580763618
0.9559661623012112,0.7082942833512447,0.6948591857322531,0.6945606395456397,0.1238560378141268,0.7932277719189768,0.3562090275287042,156.96868843034198,83.9752848894177,1.7511031680208828
0.9159690450153558,0.4532597403706396,0.5705683191700336,0.9051264291086938,0.188486417209492,0.9530902827326904,0.4582368713598487,156.52255672117462,113.2256555105334,0.5189967745152475
0.5466089844646294,0.8052803752897888,0.5470515452725151,0.8909985310553503,0.6119089842691089,0.9822179483979387,0.7666634024724597,130.52692391481568,59.843038863041876,-4.931645953829726
0.9184986423124588,0.7874720434083536,0.9577489174795956,0.730638533777105,0.4665542639454204,0.6323554463474855,0.8605201264702738,143.58499286189576,-8.566614726878308,0.1796217730014291
0.5054363495690026,0.6613399991737454,0.6695142626337987,0.688702773019163,0.537338881006143,0.8779448990477199,0.3842613380016089,138.67685769077585,111.13487689707499,-2.3659055698360683
0.6549812998021052,0.7887576760943369,0.7661350341656619,0.688153246962897,0.0517270840515845,0.7357522316432127,0.9321502577525806,141.07688819662806,19.763016831496643,-0.09304133929020762
0.9028749259863272,0.6975459292343815,0.8865055424090974,0.7528263017976228,0.5757929271975826,0.659802363905992,0.8956277515244939,141.98370445930897,-10.757664248154013,-0.46177272739920516
0.6530304073483583,0.3969176884151152,0.5580731053829289,0.8232238453630893,0.2341395314233662,0.8921916690166092,0.6469021903107632,147.48947524195725,92.5385665244461,-0.5709717384819817
0.8298220584188916,0.5776662731271993,0.9814156813047872,0.8129833627575694,0.024019590503575,0.7420755005336128,0.8074822904404662,151.44352432275272,62.06302889479352,2.0087859802407526
0.6592888289777636,0.5670384785803537,0.6022015227286321,0.912093316425955,0.2222311353950561,0.7576178276205613,0.6588294724049298,148.58510613647735,57.72970725630642,-0.8473171966766441
0.8112225903214398,0.8067720513857424,0.6114036533632856,0.7888862157484846,0.8140804447644421,0.9286585125625492,0.9184938621073456,130.33304225532882,6.977024376337408,-4.14005487471951
0.7249346595401356,0.5574485275585475,0.9661116238391054,0.8159320065689561,0.4113678194449393,0.7716785933631698,0.6945812397909394,144.55866069253187,74.20257089232477,-0.0852411102180508
0.6364685676829969,0.9484318334299282,0.6256269700725698,0.900832284584647,0.7963043636989701,0.8382945163208377,0.8412400944693106,128.8595667652781,4.759169760892725,-5.297843840963054
0.6317046708529866,0.3666149879713981,0.6792938181667854,0.8398422114669511,0.5250780989636392,0.8101385074490871,0.3534462858112939,149.18343260436498,116.84778986019197,-0.8316924021532994
0.809292103495445,0.9303054796638036,0.8303613232200673,0.9694158465494482,0.7243144218742303,0.7650304147695979,0.3668329809898202,144.06543859893117,64.02976604522819,-2.780795096704655
0.4727442309103959,0.5244956630767577,0.9711015705841436,0.8522835950708202,0.2789995316771981,0.6494015224965993,0.5570850089310141,146.31957728882094,92.59322568921556,-0.05904425696947418
0.7014796150523048,0.4218171255826826,0.6497348155255083,0.8260670583518089,0.0450595289210196,0.5974390049676689,0.6914482343768289,155.59247564629297,37.429091158335396,1.5313330775892753
0.9350636575837196,0.742348019237562,0.6171739526667088,0.7098673327496013,0.410180628706126,0.9811177078565598,0.9603273631618264,138.01266210650877,23.763925331533212,-1.520588577273127
0.8496593106310644,0.389710639615258,0.7395572270218717,0.7854095029685553,0.1640484302989064,0.8882275037837604,0.7174164299227157,151.30327150967042,87.8530135856421,1.228253687436388
0.914769509079149,0.9547802061960312,0.7143902308845508,0.7871514494095319,0.8673858294811363,0.718172868554481,0.5934244808839485,138.9033419385136,-3.0507594791056216,-2.957522944078117
0.9022895098629874,0.6742395026129697,0.7026967438721305,0.7732092743006583,0.5079509772266741,0.7523983851966328,0.4501785362091092,149.98134029670302,55.60839593600284,-0.2979729519968148
0.5479487783790329,0.7763774599704232,0.7121070553782841,0.9025421317235388,0.1889067264573956,0.8283797107674504,0.3729101279225206,147.09994440736318,113.80922357743793,-1.431766668108598
0.5063506820213616,0.572198109870896,0.6074431808739627,0.6944708948920878,0.5097947280682752,0.8063703546838147,0.9447362853370952,132.14859482303962,24.4982837604645,-2.7317627476629642
0.5161436307848797,0.5146099940466891,0.9826692526515016,0.7827830731432878,0.3379622230638185,0.9137300072337888,0.5175564819975979,141.71782345477462,146.79134658530296,-0.6184259992213388
0.7144515866187087,0.9045541192779234,0.5674679394827822,0.8238801877091769,0.4892103138248843,0.9615201838571428,0.3777916937526681,141.24052245999775,94.72399652912453,-3.0447873249846658
0.4499901807334521,0.5590850817292703,0.7051561637487929,0.8642422247090275,0.760450783226827,0.9414614797662152,0.8924325482456266,127.25663197123781,64.84967224849191,-4.657395102602691
0.4470422349211019,0.785419169898701,0.9820177438083038,0.6774747758102979,0.7453659742005524,0.9693402697096154,0.4300289791430378,129.21050385144113,137.62035169372373,-3.4329819420200254
0.8970977822335412,0.8902161501723874,0.8607884297499442,0.7271496629945529,0.7146849831405365,0.7244431142348986,0.8061547449780231,137.13811421909978,-6.591092398829914,-1.8664307617180456
