PS:PAN ratio,Feed rate(mL/h),Distance(cm),Mass fraction of solute,Mass fraction of SiO2 in solute ,Applied voltage(kV),Inner diameter(mm),wca,q,sigma
0.4561128323941226,0.8051790014519061,0.8416886049206103,0.974027504430288,0.8073558968399337,0.7546766606149671,0.9849606541814514,114.76837311785235,-11.93559361458206,-9.781923955525121
0.4974155626297795,0.4119663460766746,0.7428022281539084,0.888310528461526,0.1194638875590189,0.8687355911483017,0.4718228116623877,151.18009775366207,102.37513374720524,-0.41357013968969913
0.5567037923584962,0.6552769954181414,0.8864685156612575,0.7906105625825154,0.6567747998007489,0.7182235022608119,0.500909483286663,151.87976867956527,66.60823626116213,0.6143212787154559
0.5965347177517759,0.578450896733279,0.5294482630674765,0.8463688574738037,0.5625700648659018,0.9748759738040652,0.5992734756756622,171.35117742284334,166.8617756801517,-12.816406994613068
0.6785242291786453,0.4444227336046473,0.985562063987754,0.7445509194203866,0.520865657382475,0.673680405717724,0.5244862201055259,161.4110180055901,72.36289222256748,3.6566322046880204
0.660602808620818,0.9103666867647628,0.7178631475058986,0.6715171043844936,0.4592513784919412,0.7112585618521632,0.90504110145312,156.15689690272967,-12.379909798258211,-2.129844879575744
0.8789660517888805,0.9897328227169634,0.8102729936075903,0.6704471155599723,0.6222468428802528,0.9439657482452346,0.3973637285921254,136.86661616799785,75.19086361915679,-0.5500822071138824
0.9917215724209988,0.5980295130830889,0.9514471257857806,0.9535961285842748,0.5576368542981599,0.6970524107926674,0.9211239930513724,152.2300917468489,-38.69393803492284,-2.011792715106864
0.9375210618619036,0.8550460268862019,0.90731550461833,0.7059238043899804,0.4395541707028508,0.8093954444422287,0.611954128679769,151.19702976630506,29.870110725136602,-1.3980312772306807
0.8862905652998763,0.9377441956395592,0.9603935413142086,0.6923132825827462,0.6870685598065934,0.5941668953224084,0.5924141906081282,146.341165939174,0.852700808267727,-3.430359933914242
0.937386301829502,0.6624029477245592,0.7073250871914586,0.7718480330214791,0.0929145102610173,0.6695318459237168,0.358956021721953,138.00905185894095,74.18231606027554,0.885025946187449
0.8465037628518324,0.4946639997329866,0.6654846493231037,0.8219922107894112,0.731449337057799,0.8300026419014472,0.6990178945134995,151.11434359336434,41.04739422754389,-2.6974980027088447
0.6351551543643459,0.7486488718862507,0.8138672007810159,0.7776505504132689,0.1531957144832641,0.5992358840556093,0.4112207693152599,149.9686344349291,73.36455079430031,1.682904020479537
0.8779079679669242,0.8434599841276111,0.7320960361473058,0.9681136313110604,0.1080323011288454,0.9740566843249912,0.4043212825292883,151.18470861550432,81.37207801256595,-0.2032472253992299
0.8778491558529722,0.4519745750168508,0.6761445595654189,0.9006256191464901,0.0115308123874846,0.881172586028872,0.4418239916901884,137.24478316346537,78.01426960486071,2.6748793960723054
0.7966490830837666,0.932724540830552,0.6658691841776998,0.7830395941011403,0.4796672739745969,0.9898168327600084,0.3203578550595428,150.25093369879886,111.59806296049787,-2.958243390610374
0.5625432436434649,0.4128461936995652,0.7379766299640134,0.8162516016144123,0.117136168846045,0.8118663972811511,0.4773824736683145,148.53068176806397,89.89649555363867,1.4707034838609299
0.9493038543596538,0.5451162190212273,0.978777846007477,0.951458848016172,0.7842358151438593,0.8818802676215771,0.5105432430581964,150.17408262090038,51.16538705729867,1.9533309531549388
0.9738012754609476,0.9284093698142338,0.978768754093528,0.7982023469767614,0.6743324897080727,0.7224369243376377,0.924245296824063,138.9455321764512,-70.8522273217402,-4.752492188366541
0.6290265974347418,0.8547701270830995,0.533414678808486,0.6809737493933335,0.1014841860049612,0.661803767895691,0.7071792209243657,146.88705652411159,16.13361616845996,3.3874932873954267
0.848969824009631,0.673728329593746,0.5412802610333042,0.8622647383422444,0.4294853899139069,0.6752922554173397,0.69949295702217,145.86253885400913,1.4824223834862877,1.062806445620717
0.5094005735448981,0.3826664084298598,0.7823707890647812,0.854667317281459,0.4463974368313696,0.8800864353567744,0.7480504719709915,154.72408878600598,125.35190063066406,-4.211150027304373
0.5315688777309282,0.3668798521376636,0.9762885154734766,0.9797897975733464,0.785358683990882,0.9881514629031136,0.5752583068858947,142.4193855576415,169.71514933923538,-2.2486204454075427
0.693871389084993,0.740996163252882,0.6263779922586922,0.7821673898458312,0.3618738198670949,0.707669924262641,0.3401041831697529,150.47299106897523,70.78385437147718,-0.2979038400494882
0.7459484260015292,0.3897527867234067,0.5511324672878513,0.9069479170922188,0.5199606910671106,0.9243153011423744,0.5610251217033636,162.64808299434927,127.50671660267935,-5.046576346897915
0.6886823991496364,0.7799485089075526,0.6151220876075448,0.7699352033456732,0.0043782971493125,0.6152423860186439,0.8640105191037228,142.33591009580937,23.129246892717877,5.335895922265968
0.8288135212317305,0.9491742563563408,0.9520724418901624,0.97677689185231,0.9842521801885667,0.6208948559395319,0.7830337968935641,109.97750374933108,-114.55524529686713,-2.8512812869825
0.7449477642338412,0.9190143805004888,0.9633779930039028,0.7417753403288114,0.2541107884165851,0.8836626555006786,0.8294238430676195,142.86151511797763,55.86691896469475,-0.2834819094020362
0.8786634496892782,0.4539985118535391,0.978936004031944,0.8341186585211722,0.2622227294713157,0.9982509966367468,0.660892655504095,143.0451839365623,90.94785693875941,2.7910687352400023
0.8649132312571928,0.7750791145428259,0.9497429409435004,0.8472357052985693,0.8839514439711157,0.9087636754385676,0.5350731427190341,124.34404494816782,58.58619969367427,-0.994186906423617
0.684719420392645,0.9246666252956592,0.6573460947820193,0.9741242849266232,0.9581210726043196,0.9191660978382352,0.6348847556663668,121.03809336032157,87.64221113420268,-11.140899852545964
0.4770845699523714,0.4212978556886099,0.5008072023420135,0.8523110042179232,0.5783514650993612,0.8923628836348669,0.8096865171340628,166.73983729893413,162.33470760698103,-13.555664691380624
0.889848646193393,0.4220141241805947,0.6825426877330133,0.8115349644531937,0.6068844987191309,0.8442937165528672,0.6236869103052058,155.04176249,58.77563379151562,-0.6695019390975294
0.8464740473765223,0.6039954012233157,0.7947609069022437,0.7129338907445739,0.0281007752024794,0.8252129974578798,0.4908970656922099,145.85145830958035,64.73590465113514,2.5873017261139797
0.4618564320019624,0.5939132326558503,0.8302753249474651,0.7094341332103408,0.7744276837920454,0.9818398490746114,0.3169873625910487,164.8827543126802,190.4269979073565,-5.365253683815695
0.5142294837379021,0.6691226291196356,0.5308806344456883,0.9093253945780012,0.1071144195889327,0.6949637546377643,0.6456039137594372,145.2717124369767,66.49476734073086,-0.3569767021318093
0.8125705263954499,0.4734041205190032,0.8385540414866455,0.809750472251044,0.0215810871255914,0.6810707595437144,0.9894063187871964,135.09500398048863,55.13940149034072,5.394844791359063
0.4634963228791686,0.5478374276253014,0.9997863303825592,0.686427370103106,0.4463664624129533,0.7558415322726019,0.407466505806205,154.67153993919527,89.01406883170003,2.2131649599824654
0.8817169288756453,0.7429166432966672,0.5882648314634188,0.8679302229062811,0.4014080685405189,0.8292766958738864,0.936478910839828,146.09634362723267,5.107470830601535,-0.6637682904190023
0.8498289880985963,0.4667933305001648,0.5183416500584008,0.694049607663035,0.1087037206006491,0.862969274280551,0.7809579982993688,136.57600517578754,33.75270306582645,4.035488623028599
0.5381179391249687,0.7401981306303167,0.53726621577994,0.8613524261519421,0.9142415538520958,0.88118008870567,0.5439948894876558,148.99151866291308,140.54624541195574,-12.520475219375882
0.558345514734249,0.4239595467232129,0.9784405077750832,0.9201916500152668,0.2906825349910805,0.7391522262743297,0.8722720161310725,133.99798402350766,66.26918938025004,2.8247735002243832
0.7567827071120186,0.5887591384405236,0.8891221540091798,0.8188305927478511,0.2198311592107565,0.8446136369083928,0.9993953903043136,141.68005808816292,54.78596290395787,1.253612393092863
0.7498245234299608,0.7920924189537437,0.6175007774397014,0.9845213218074528,0.7700636443059885,0.9045917549106453,0.5217193150585357,147.1916513238198,103.64144960728794,-7.681756583589053
0.8504470234265007,0.9349694038292896,0.5536679076615179,0.8845727548715088,0.7122032993919265,0.5754193333994312,0.9301011793001658,131.51847719503618,-133.9362223539626,-1.7334914821042755
0.7932773330270488,0.3791692600009765,0.5125016106886304,0.8203481548156039,0.9504815480450098,0.7831119364393012,0.6921379686187585,142.1536184398741,49.95451657830975,-3.397494862291292
0.8425971208136503,0.6136005232136169,0.660835817519799,0.9569812886138318,0.0931383895846478,0.960988768199662,0.3887388888471236,152.68606355617618,90.14902661330456,-0.5140485427772781
0.6659065345859143,0.6889431172797269,0.7957459726605602,0.68763683527047,0.0097653282274597,0.6699151291721008,0.8073549401720508,145.8940593081436,47.68817947640251,2.936944025049323
0.5481400956449689,0.8422319201100867,0.9896499673562388,0.8167269231579158,0.2655238429721662,0.7777396149213105,0.328012910557439,146.80814009458066,78.03288087404754,1.7413760818695585
0.7302854510180183,0.8613349837721236,0.8782234977521143,0.7213623042962588,0.7333906917469424,0.9551350978333002,0.4533717345793757,138.34502247828252,105.71579068730472,-2.2341246171160467
0.6614473158864591,0.8825426118612298,0.5443443003287569,0.9785879064704102,0.7376914826127559,0.6642599186900646,0.927285660100466,133.90864011719532,-73.46623597077752,-5.936072928343466
0.7551312560996681,0.9586099204096136,0.9461436672821047,0.9303155284737176,0.0850165234190417,0.997348057311467,0.8041246216467546,134.1702803964165,93.14037956384283,1.0258226850416774
0.793304295028422,0.3607313716313208,0.964547654474304,0.8648269054639082,0.1774052418126205,0.7949784231715609,0.5637758897796118,148.24496157128294,80.15373189967943,4.975164824373251
0.7354813032343033,0.9161932330322676,0.8805185111651728,0.7593814904435541,0.9061982362084486,0.9248617375939115,0.7009382197330105,105.4933546039538,41.31560184843009,-5.662695772786977
0.4890431977062548,0.6552792694732281,0.5334344234350833,0.9483941140520028,0.6015047566742003,0.9626172559439048,0.9859418504693852,160.92316190000435,153.82705237288457,-18.717356610592642
0.8212384067269739,0.3886128211817937,0.8181560341237555,0.8412663259604323,0.9430252231742116,0.9350730848689044,0.9331202962130624,125.40399612882601,43.35026696666364,-5.279654913977712
0.4864127153844911,0.7458710794880201,0.915267587641313,0.6758597729788377,0.3922078475475842,0.9001778219805766,0.8428372316888127,145.32353590423654,91.89507434901437,-5.9971580919283936
0.4537157642879132,0.7140066419337077,0.5606657281500633,0.7516381756161601,0.3685235632714195,0.5849881074055081,0.3888010213988099,150.29806983681652,62.42100290507607,-0.9047123749202735
0.8509397027639538,0.4949787078420851,0.8318454627258065,0.8535206123981843,0.0575175810125621,0.985568389301634,0.5558881042474165,141.55861456976677,86.4202117990689,3.139929700997336
0.5323843025291513,0.8071891849844748,0.8663276689663948,0.9627701324139092,0.0291666333665465,0.9436720380163046,0.3265473646453504,151.03415888937565,90.69327351520994,-0.6455453798706046
0.777231596716029,0.9010133157979096,0.5331384021432058,0.8835985574860015,0.9306395951161828,0.8199243417899963,0.7974086974179742,118.45167090247527,-18.728544892161054,-7.758516000166496
0.8917428259900066,0.420781177505387,0.6236127556292491,0.8762403789377208,0.2489499212538914,0.9443353302169046,0.9947932539896076,138.2892269221709,66.83059478799244,0.17256795055591945
0.4488628020088425,0.5734837276971645,0.8498808309632678,0.7012742620658761,0.3937725805550914,0.7312097555666441,0.4390046651646538,159.34146348149716,78.79659103288922,0.1846400934892054
0.6044163241359712,0.8369012624798196,0.970447048499793,0.8827024184199752,0.2008074835112619,0.7706841314898089,0.8319899657277937,141.7515646737918,57.54371769033386,0.01291333103576564
0.6979452922787571,0.9428200002867524,0.6963649703013884,0.6834468246990473,0.2563594414965564,0.7683525458255349,0.3560066272335669,147.09035913012542,53.27551031891912,0.6972868427323027
0.6604256809855109,0.5744973412265477,0.6145774804176114,0.975078897670108,0.9137089781972698,0.6165813845701076,0.6709859809242599,142.0473592984462,-4.776368191761627,-2.674816096373568
0.5212826557947331,0.4039053812500257,0.6233200070570957,0.9721082943116418,0.6965881922603009,0.9595872837392044,0.6840175048322026,167.43170069487124,196.57777988780416,-13.711947595571651
0.7145454369346087,0.870674448135869,0.7578747070516186,0.9402643728456884,0.2852712377695053,0.720326923388074,0.8209568012635051,150.6483157170318,23.131844793213283,-0.1965899426982689
0.9067159889081716,0.7685192577747954,0.820859104091879,0.9483896171756008,0.6707926436701035,0.6143829552883092,0.7270405029719968,150.99049684487923,-48.49743595358511,-2.895751019639917
0.88676489050627,0.4669704327104462,0.9937763207528724,0.9248395526559544,0.967423655284034,0.9096405562007328,0.577937438478808,131.8401356053726,63.946659481771334,1.0447675111055466
0.5515882240002006,0.7172243029520946,0.5325206230952741,0.8680411994905644,0.3984712174609275,0.8179626257531983,0.8636731917446043,161.62281196635493,74.38873239659593,-6.350823280951997
0.4714156085479278,0.9380063491238396,0.849069691561533,0.8640741204019776,0.3454415629144847,0.9500204059394084,0.6966628862454165,145.1926035944317,118.20843563225138,-6.929137012309503
0.8807542556501553,0.4021960968237085,0.5144296197695097,0.9613817830400324,0.5899771148735803,0.6211957032487395,0.7591298962195749,138.61062911437438,-10.967245704693639,0.37342239965340207
0.8511287987781748,0.7600417716690615,0.5917506482277789,0.9318792623688336,0.9205079004181816,0.7375082557920757,0.4297316500253949,135.76715558122822,38.57689879210834,-1.615228318058146
0.6163539742586237,0.5159065398881534,0.5296153655873694,0.8793417849148137,0.5843517089248285,0.9548775021914808,0.5150619291040475,171.19801156073115,174.34976322148975,-10.057689921792058
0.9018377659556294,0.8494818460292097,0.8811870464808225,0.764222613348092,0.8736232097294346,0.673626451543126,0.5937199763866938,133.10973715010724,-20.086961715363245,-1.606549229241211
0.5774498043913552,0.9645291924894268,0.5501672262907531,0.845762225154353,0.2931803626537295,0.874954096164962,0.7544904150080192,163.16067710349225,82.7966232879039,-6.304805526705623
0.4341555254996246,0.9335569269581256,0.8032136760528024,0.8200759706027034,0.5238394003897995,0.5814114080987096,0.8359779626698233,142.46486174955868,-3.4436330767228114,-2.888646151788917
0.638258429612938,0.7426952286666169,0.5938561273042335,0.7643808447852961,0.456515526900002,0.6347343649644492,0.3779200533541806,149.66513315745007,60.603682514044756,0.5703541706342219
0.5580699675348603,0.5779194759011139,0.6593676247926654,0.9269836557201848,0.7701334513416149,0.7513355371315952,0.8313751452072704,149.8921426290479,46.57590926643826,-7.739675259695953
0.430697934635773,0.4354472185294545,0.8893588830686305,0.9262300585311026,0.840534991749519,0.8201108555810802,0.934601128110988,121.57579426259781,82.1204473813966,-6.953332895372879
0.5229818131311881,0.7103931913807111,0.877389916660531,0.6789299560542597,0.8980721182484577,0.9233395510432532,0.772890153025736,125.3567289970338,110.20167718000945,-10.731889751577368
0.4508958871298112,0.9835678378720936,0.6077331744195611,0.8591287608144446,0.814985767201595,0.7246066854539865,0.6729346550443058,133.1373348161155,21.953507679042154,-8.002110427175895
0.7091753995267437,0.9595918955906724,0.9871787921661792,0.8129567879556416,0.0687732583070764,0.7207755327535122,0.7678213950284394,146.72592730227623,59.70837661633159,1.1834891231353915
0.4630572133309535,0.6348520544926742,0.8479297332742739,0.9455660033885436,0.5294531713270294,0.8079722012573081,0.7155176760679562,146.27100475262588,82.25106861492262,-4.589708673082061
0.8942111402293942,0.8777718691493723,0.5197442400168711,0.8672416838300894,0.6846129911650755,0.6918604094175063,0.7014525832169425,135.33709285926705,-51.88294701556826,-1.0918644909596755
0.7664284764346349,0.728135161954959,0.9713762770547312,0.8959977079134643,0.7740168128574503,0.9362443405994558,0.3584904187488064,143.106028510958,108.42711076931701,1.5457272945849398
0.6139125558463124,0.3853966971811803,0.9141518385306387,0.8742277195928647,0.0047669805757698,0.7050023664139173,0.4818660835244538,135.74905600841342,79.48145668733429,5.89131329866355
0.6142273065325149,0.6905048113706442,0.9889008463622748,0.6969136852636929,0.9229874555885608,0.614847295382949,0.3922987039623462,141.6554972741359,68.23310343719106,3.2787710446670566
0.7756301046846892,0.621570747447178,0.6456044913014145,0.9460758455870608,0.4887361010082371,0.8506161258046574,0.467375247315827,162.04931396344023,90.26824238807546,-2.6658434909216213
0.8777603441123067,0.6272672864721069,0.8195064545626723,0.8576964408503702,0.1298915148506117,0.6639572629622059,0.3510179650596328,151.4872134740038,81.2213701735282,0.588924894865495
0.8083702097065085,0.6557041366527201,0.6891326452382092,0.7323937158269228,0.7550255016141397,0.6099891974334164,0.7954384361645674,148.8146980695699,-48.09980032806831,-1.417911568584749
0.7623040840249576,0.5449779045598091,0.5946020095014357,0.7689921272139715,0.6066113695397696,0.5949288553949397,0.7848106384548387,150.05291722207255,-16.300850196949895,0.2701976005311404
0.8671507095069654,0.7774432408545126,0.8706249646565354,0.7525685995223114,0.0331877155830744,0.8488132958318949,0.3523334156601577,148.12876237958255,73.89933571809081,1.4725697823858646
0.5813190917889581,0.6859872762621482,0.5833111786284837,0.8751612937254338,0.0800855747737596,0.957848563948355,0.6630821253760653,159.53962623142007,127.2992870938118,-4.2031476740273455
0.7887444675390722,0.9078721329296556,0.7298870061998576,0.7685812527504259,0.0592028644025479,0.9958561169229918,0.7755521232727798,150.22652230215436,80.88579560487324,1.1638184439384176
0.9016423638548754,0.9070870924517396,0.9716070778276112,0.8059988704547865,0.6591188480908624,0.8708955092422674,0.6370857897319477,132.5353493182498,24.155116484551797,-1.7135097698626085
0.96444429586585,0.8665024122915648,0.965249370096527,0.7259764886686272,0.8724657976338219,0.5761708198685712,0.7331921484916138,141.80515160609227,-66.95472516187418,-4.9534616234951
0.6980885105911987,0.888505989996975,0.8187117426551532,0.7601448575247917,0.4955729282190682,0.6315859847867122,0.4711330110778111,151.34364321141993,42.14628753642173,0.587280745837258
0.566052179243275,0.5342659779931695,0.6455337967033542,0.918264893326994,0.7279533761108649,0.6822681583622721,0.5944409286571246,156.87787899795416,69.71164789854973,-2.7184044565118892
0.9404145616151794,0.8298351873519736,0.6814303996289398,0.8736968841650247,0.6625443125214138,0.5953531629343186,0.7099432788252964,144.69412224118972,-58.130755374421994,-1.7191310545916647
0.6442476651677905,0.3683463884300708,0.6183105192396361,0.8474192169392172,0.3718111499600627,0.9699639962982496,0.9118597425755858,152.98139368890025,137.8726406128663,-7.610862002051415
0.8159601048292602,0.5938048164607477,0.753705217768495,0.8291660518324044,0.2214509089392863,0.978379368194976,0.5304258017954132,151.64762831963571,92.14895126161706,0.7553616772557739
0.6948350323821051,0.5249429542246805,0.5407096061270055,0.8772805883182413,0.5459031703550271,0.6252054523084183,0.9513501068679424,145.47664128971465,-14.874243084514234,-1.639081983789075
0.5836970479540595,0.4078090978519908,0.7520311676443955,0.728654680806692,0.4774624504602006,0.8966693427554724,0.723176908984491,160.34898610109286,110.33843654649542,-4.4262667480563
0.9966954085918032,0.8089838173139909,0.7396721074313416,0.9075660189488384,0.788999093874568,0.8163976128798714,0.8652562040634469,129.4499979396636,-67.47045135282346,-4.422072107507543
0.7474564096073157,0.478456807608716,0.7912013610283352,0.7167948570146149,0.020338723510184,0.8188701026297952,0.7361572718107963,138.78996711734433,57.64937626045459,4.599241151383636
0.9641350841180032,0.4408312333492279,0.9921952643471528,0.7507331836119425,0.7849076916491904,0.6971874104198281,0.8223665269821597,161.5880737059862,-16.454133564466247,-0.6977568006140795
0.6284693400738451,0.7580863241011082,0.8401243952057482,0.9797751749401168,0.930519511996669,0.6810411837293694,0.5949695256076608,131.53213688451171,3.557804148866431,-1.2359445311872803
0.7045460207101315,0.9340875274461288,0.6170715961057003,0.9435951457914856,0.8078893898531332,0.8105675256825524,0.6310111346510826,130.93383138916843,38.68713085579715,-6.522870156215023
0.4442706779081961,0.7125100547298883,0.633481770538459,0.974748841972712,0.2740714870054411,0.8429651581712094,0.7005478747448204,161.96622842894806,117.57157112393823,-7.286687156163163
0.8259030818231083,0.363031221361455,0.8054073120082282,0.8027919603246598,0.5008317200583646,0.7918763470475535,0.5720255948134367,159.98856808764515,66.2142535331484,2.3973302976727062
0.8562828694780924,0.7494849569538158,0.7372947041186257,0.9141021011907666,0.4912422088772901,0.8182207987514587,0.7526187778010754,150.4182521676078,19.144688569520163,-2.1437009126352127
0.9437677483878808,0.7776412304318024,0.6248022796532593,0.8201585523083753,0.0143245194332765,0.6388285630672398,0.8423933097665984,138.10736247937788,27.53121929717218,5.312694465863326
0.6557020951666026,0.53769469749777,0.5372093990030099,0.9388978846222856,0.572588326183157,0.9186852878703626,0.9570206399736992,154.57499844775384,107.59235863699833,-11.882488280531874
0.9228957926204008,0.4968359608202791,0.8568142961321993,0.9586376959713478,0.7029803111721824,0.6641918483076458,0.4665589667974288,167.34051509440363,40.532812876123195,1.7503713586118494
0.8813282892183385,0.9102283338905895,0.9330031904336276,0.671190548413178,0.9187038566338576,0.7561198445998901,0.3368299366478229,123.45594624898149,52.68931043973916,1.7651989143840594
0.6659972575796977,0.4962522052731627,0.5053926890750652,0.7429186950527717,0.2727135739874388,0.7287951228611199,0.7690261317422757,147.03562847880218,43.49688471580697,0.06337073596868237
0.4771787041697677,0.519531835993654,0.9817687436554452,0.6730243792063682,0.2354711952413372,0.7335520399460684,0.5288533610730533,148.49339721808278,74.92437318575463,1.9254831171653572
0.8388690553218325,0.3718484974652612,0.6058469774553914,0.9684623819251368,0.0862011326812706,0.9368893021880876,0.4632096734005257,141.40366065113952,93.55766709525105,0.995886891496288
0.6939782458435837,0.4825132315967519,0.8229232981955434,0.8469205616478462,0.6048301194906883,0.8320089569846785,0.5099425894830104,163.1580062725642,95.97954134501131,-0.03278113963136531
0.4443899263716118,0.5515172487519145,0.7795841560180107,0.9862681638676716,0.4190493738868666,0.8845937510329664,0.3855534034576131,169.87004251616892,131.92647437218193,-4.570672822040788
0.5698846268589994,0.4492915324301236,0.519350325447976,0.7846023415367438,0.3675847985233634,0.7301841681277551,0.5327566262654065,158.4773995579481,87.51588378960851,-1.6898752946889255
0.7295656390692198,0.5376568065397163,0.5962064327251472,0.7573715881309533,0.469394051882015,0.8763229954699039,0.396962863523275,165.52536001987474,103.22795617411373,-2.4265677826792005
0.6193778388614617,0.3536194782232547,0.739199501538439,0.6795123415252433,0.7842148337920888,0.772150730636006,0.8209205999594164,151.5255113386536,56.03512765842372,-3.2843230317529564
0.5636280831036611,0.7546870957480463,0.6984713533677563,0.976497967861508,0.0423257524887234,0.8175694227576535,0.6368201430743443,151.30474038358594,90.97133900518446,-0.06336282359340362
0.9841874734002874,0.5646170055584812,0.9527023324535784,0.7356555811360085,0.9775403112245278,0.8913483013071954,0.5948986819435126,132.83170413461517,38.953531991488404,0.29010047108742243
0.8769450454422536,0.6874102677957687,0.9430881958141204,0.964430049610381,0.5880838967039349,0.7119940423665786,0.7704540107885027,151.24312266117028,-12.547932425559964,-1.60116612601038
0.5656116264757044,0.4642592315790431,0.988543455034397,0.7143644221951883,0.2551592966979043,0.718238235833643,0.5001152713340725,150.9213276412627,77.83527140922966,3.968240310063993
0.6962932657997705,0.6906606703104994,0.9031155282438768,0.7614027839492901,0.1372933437767771,0.6663873400739491,0.6440343249743148,152.08565978383757,62.94793901034775,1.3715055444671425
0.7938134954269984,0.5898856611293095,0.9970362047024066,0.9536452869858768,0.5464993458629528,0.8968252735115905,0.3616958282905071,157.70127428209582,88.51619223421123,2.732708118625082
0.4840922177286033,0.6265636895807781,0.8717593822352538,0.7971399463114395,0.8858813111982485,0.5802062479269297,0.9924369772285716,128.39582562643534,-39.128140084539766,-4.02769001921726
0.4836588373774257,0.8686144930882935,0.9966700940912152,0.7682870503526197,0.2414402639790273,0.639620145901492,0.4654866378281223,142.68468254616124,60.48259779130433,1.4604220148951534
0.7800188206407748,0.9964451975351584,0.5492408412943329,0.7084464731664681,0.5656528745001355,0.819097154529849,0.7244083824440001,143.15748817324754,-7.806213172272159,-2.805272892434659
0.6874546766006426,0.5659758040996882,0.8549181956155365,0.8507514519063633,0.5737764485847908,0.6760902281131163,0.7591718943099381,153.8456116740169,19.713315838649343,0.03481289032982282
0.6359655207978492,0.4681481931241811,0.857845518275059,0.7925521499568426,0.8354536021523701,0.782836978276945,0.4807038354404283,159.8165384657543,104.33913393020256,1.9504386674357836
0.7896624901294418,0.6858285219652116,0.7301348981709506,0.7680964843122885,0.2254239392371606,0.7151850600092351,0.9971589340304204,154.62146952269973,13.723002782733793,1.7789335530682555
0.6031277041597302,0.9643393455678716,0.5039088652034265,0.8332758296082898,0.8992934231816212,0.9720617482648504,0.8091275492199976,131.10661332243956,116.74701671703673,-18.382696163185443
0.8958860049260895,0.3869194093574785,0.6779993598024634,0.9447115647828428,0.1322137744471467,0.5836721388861174,0.9085612257618904,130.82740535299865,26.875383240782615,4.816238586361748
0.6969916152963211,0.4688408656861508,0.9884606475019078,0.7986166197584097,0.6455126495840086,0.6649152076687717,0.983923329461006,145.97089286732873,0.9647507270892604,-0.7008869151304994
0.8022938127012158,0.9075265703124656,0.9304102191584488,0.7374438730679518,0.3951928979428574,0.8715232120683161,0.8033014173130886,145.60317326171813,37.651870638668875,-1.4552970324500163
0.6270299587804014,0.4508132980787631,0.9350333904806388,0.9605628162357588,0.079775096300669,0.8166940669825852,0.3307423514912951,145.14763065278336,80.42984427380773,4.300948649526185
0.6555628643755467,0.8607652192234199,0.6865899947113598,0.9071894250087784,0.6295713180759077,0.7859068715127207,0.7346456380062685,147.48738430872123,31.757251360290216,-4.668294822555524
0.7729591560917304,0.4578304701037129,0.7385666426987983,0.8338860064908573,0.1135004604129512,0.5862478991202761,0.91651612022469,137.16324544840583,40.07664684887926,4.906512964127171
0.5559112478150388,0.9746145833420748,0.5294901569578188,0.9062101727700024,0.4911453804472286,0.9458112188606153,0.4032321012947877,168.14008690116054,141.65968840900274,-10.07176903900952
0.9923862006155842,0.5154810977449907,0.5202968883315982,0.8615310868203317,0.0840335084554153,0.6316196504440249,0.8197194690625434,123.55048081238417,22.631322480220923,5.662505229051918
0.46618974466219,0.9404017266272464,0.778326833104408,0.8562665464597794,0.9263485635604332,0.9483430889574528,0.9545616260975732,102.50621682659587,95.80462613363429,-18.900099503130583
0.4935422588910662,0.6708598521576183,0.9268431726991848,0.7009806982807164,0.7106731183135925,0.7241487125733427,0.9730187737975878,137.04601831890224,9.684089322948502,-5.915145079877223
0.7571496254683462,0.5746714166950341,0.9516032882619904,0.94777812405045,0.075136907309348,0.6032845780355979,0.5147329810889485,150.66704248073867,82.20216279278256,2.2859424209099437
0.6349224854756812,0.7713118551516824,0.8557318236339153,0.8248241073163769,0.5299758656164071,0.8445643493450768,0.491229780479517,154.80983223894026,82.98720853262677,-1.9185562774743603
0.6258128446517754,0.6383548462609967,0.5930451935360389,0.896202195981391,0.6246112654207985,0.9919150183096156,0.6048296142024705,165.17249714147673,168.43580416093647,-12.606339510799565
0.8988410548023236,0.5479087245265004,0.7015736813409407,0.9724330615948522,0.0790935437354293,0.6751790951527036,0.960296215328852,135.99800967292109,34.02312679306965,4.03915500348824
0.6507020551631846,0.7443258790540614,0.941392323981168,0.8506501755398187,0.7429948290267435,0.945703670807756,0.3208844009770783,144.8574645610915,132.27318989998616,0.02724467106083961
0.6009734741124918,0.5718064209722751,0.7402515336749527,0.7240523216566488,0.3566682656105439,0.7554237410521751,0.9545389077749136,155.8477468207329,38.805245444608346,-2.054337394430022
0.5603997298871015,0.7479987986606325,0.569135216771287,0.8801775831124001,0.7465449827177439,0.7035382002700219,0.5262171124197224,149.52387145915964,59.22150362929848,-4.796151894695608
0.4360534818078716,0.6127790280578882,0.5168819756482738,0.7273424031455725,0.5443538216525654,0.8515409915781751,0.3727233052456655,175.8152890640533,137.80418961005853,-8.527332122658933
0.523404862711858,0.4946416241911098,0.6738493688979954,0.9520498722559144,0.129141162465921,0.6021335440148522,0.8436376777791801,135.58022832624602,58.39073992239196,3.0632926980343695
0.8310153095585893,0.9499981370603244,0.5253326378289136,0.8465818149982401,0.5989119755888488,0.9825074686622808,0.6820298604843911,141.7849627498325,69.29295285658566,-6.912962542968945
0.6540741088440998,0.6800522612411372,0.7098256495547757,0.770871405878416,0.9685358217573994,0.7197623795257005,0.3843312616469371,142.76261317176642,85.03192330283882,0.49126525336722215
0.7727226975033794,0.6044243610803817,0.7182175660890942,0.8968549733624985,0.5166073988244984,0.8708045817802081,0.6393891991774507,155.99643912616784,71.44704181538032,-2.454304120316258
0.6593875871508728,0.6962934166508823,0.5984193767734182,0.9243410039522476,0.9349060906495597,0.7607854771609708,0.9661473033282711,130.49931649411872,-25.68018636266953,-10.47790109738367
0.986558873716255,0.7498892601326843,0.8133013205881527,0.7990662520738361,0.0598383322414748,0.9504691923198808,0.9102972527234032,144.02991074564386,52.11789085584162,2.624005448608485
0.6754340374038591,0.8876251003450095,0.563157115065115,0.919932157033762,0.1442309308024036,0.5915300665926689,0.992396728819082,148.54125903094814,4.00615182993991,3.5240084627076156
0.6321500404657989,0.350795949494233,0.5752141587093029,0.8233289969591655,0.1714499302591073,0.772222137713072,0.8585840923967244,142.27540643167563,79.00899554283019,1.745055070758636
0.6861706002068667,0.6605320155705263,0.5989953779057728,0.8098425924000032,0.1531056319665361,0.9056038873434408,0.4270825674932417,157.2049451912303,88.91501648210149,-1.3290907708826212
0.930979480239841,0.530991204981719,0.5762277863468074,0.8858366159571771,0.3362704271877372,0.9901781327672092,0.4009682449799489,154.9090274963421,101.07650815463248,-2.4859208907876256
0.9894585323061236,0.5705782430583304,0.6994066367943228,0.83586084743895,0.2379977131143489,0.9315326369865128,0.5718065019669752,146.9023576346923,56.61692085371676,0.7838183283151183
0.8827219651403027,0.6608028455138751,0.5063273500549541,0.7441580952609927,0.100776978893945,0.6261609149916821,0.3874596340340361,120.63593534138354,50.61731734573272,3.3392987714400295
0.6852732679434366,0.9441316041874972,0.823032528288483,0.9672366042933962,0.2338516914132877,0.7684145527169387,0.7686055462745932,146.6856226149873,37.01675260537314,-0.21780941519041797
0.6667286690423326,0.7100511536360874,0.7324521275077472,0.6980106169083815,0.6932767745578797,0.667267916103834,0.9363360770147308,151.12727216232824,-31.866957860230045,-4.1086151933203325
0.7562706344815746,0.8975926351820342,0.9862473221714408,0.7221979479126792,0.6483426585159295,0.6867294597688,0.7669511378754916,142.0762567999948,-11.911082179722897,-2.8629906895350894
0.6586894051621993,0.4424945036821731,0.6097029541280865,0.8633714252915254,0.3122923542038671,0.9049989122302388,0.4107331394380035,167.0852896980179,117.06463656823348,-3.7844687286812313
0.6650836640445038,0.9095014309795424,0.8480203104510884,0.8155858814753981,0.1136280732817254,0.5908992714026585,0.6133953811626598,149.67162628408818,55.92970037678204,1.666519246618663
0.7529574984995009,0.723629567743274,0.9705678067857324,0.8864476596390132,0.0011860045698913,0.6136153180498684,0.5987180286590523,147.81868790058658,84.40521023385708,1.659216736584073
0.6417975679122383,0.5253027027394783,0.5544265533576748,0.9696077830808014,0.6756825500093435,0.8354568907820741,0.6677835425822791,160.3136787957213,106.88597867671314,-8.356744526358675
0.6641373520193363,0.8235056846965574,0.6546661040059738,0.7755790252619387,0.9278765431573496,0.9509297162630476,0.9766251259182812,123.81511325080582,61.66656031486459,-15.631789748540799
0.7347162670189293,0.8780517190951194,0.5676095338466602,0.9669168674277212,0.1504099383796193,0.785909646495687,0.7774747335113488,151.19907065726966,49.884392294751976,0.2955310139741689
0.6055144902720909,0.9624076220635172,0.5546845365395292,0.7328302505349653,0.3940470419720891,0.5916324342930631,0.6927046908120917,147.05064231381138,-9.59726209904575,0.49764192253059925
0.6343173962568659,0.3827379436182019,0.7652709696987616,0.723264782150927,0.8174636394327852,0.7635957613992034,0.923310089195044,147.77037497206817,35.02221125184501,-4.176279709757257
0.8612079595613984,0.9906025610348222,0.8082466752954993,0.6721994727743493,0.1540986440056242,0.6010912599316558,0.8549156905430151,160.5652655655474,14.817756105009181,-0.3358941790819434
0.7140246867818166,0.4041567923025457,0.6734925233828298,0.8138831684196941,0.99384745712004,0.6966526005216818,0.9030613830982124,135.75915804641556,-9.108552426834777,-3.988808177301383
0.4660307485805486,0.3740843469835999,0.7552936092837677,0.9786183632250428,0.5616620087482356,0.6138731384464473,0.8906898005787736,142.66378290873746,41.69822287082934,-0.5133112391969312
0.630086260379504,0.4895278238620513,0.8961180139373168,0.8234910391442023,0.8126091348714578,0.6997906262022885,0.906194823655858,139.33242933867936,13.462559226288285,-1.5716602534743336
0.5038385242405032,0.5560079113145396,0.7342859145962235,0.727582527612117,0.0596835336774022,0.6034715993840639,0.4382405007572416,139.4889117738202,67.78589763849583,2.1443882100948386
0.4703470653422812,0.521024124111205,0.7046356059657259,0.7113220855042243,0.4260551132000438,0.7622740747410688,0.6181721925504959,162.9822035568777,84.19034829577926,-3.6819817427589165
0.657058690358442,0.5872858871957697,0.5276605289977436,0.9734088380567326,0.0217872866869697,0.9366962499771174,0.8157237235493651,149.87013968015253,126.16908342762214,-2.4582223838001873
0.986505951684202,0.5464095493614007,0.8478653685377296,0.9986128750884464,0.2382095248566222,0.8956473128936017,0.6107291051511976,150.32420492916592,54.71242165747258,1.3869087591355465
0.5788225351555003,0.9754292501531944,0.7366639434675205,0.8526794575118103,0.5351113373383484,0.7516831839382416,0.4638240749550181,148.60276329261313,57.90403851191886,-1.8340732349783662
0.5796469748497166,0.366204342291579,0.8172827559476651,0.878044756022506,0.8500351686355335,0.8756619478890477,0.451897707436234,164.63077902342968,156.92456500001282,-0.4884814064188523
0.8363067283966952,0.8257190722743033,0.6578503085662264,0.9273478711884922,0.4405280906935362,0.7486343130022584,0.5387563306829485,151.38458296778862,35.76394189381928,-0.7027330215486799
0.4743635760111886,0.3689104859882891,0.7097884463011235,0.6757369902328427,0.8752768131180897,0.6292425589078264,0.7263453577608323,151.40230831538324,55.922149657477746,-1.1181905422403724
0.909646322557104,0.4080504355254939,0.8338677400186602,0.8594459291580613,0.3018528074285701,0.6531219918050132,0.6616613054198055,158.23169074632858,52.1246719753148,2.3817093562034364
0.4445960159723373,0.4327898819126368,0.5722512689056871,0.691881589712471,0.2967734519041783,0.8585098183288151,0.8645696529847353,163.0830815348365,111.56975057391156,-6.974150277755133
0.8041398033845996,0.5614328194392929,0.8875011746003787,0.7456411781754709,0.9264076967876108,0.6052288454231473,0.6569613745779396,152.87320583755894,-5.422343027614097,0.5237976192272207
0.5352039358877546,0.4547904787890068,0.7282084414059021,0.8309024795178948,0.9430206287934694,0.7328460692313407,0.8941608640003417,137.65717195282147,42.578030674510245,-6.810278431032713
0.9160903349101812,0.5715129628809016,0.7551366191664652,0.9591526628907416,0.7475537472560365,0.9797042939931832,0.6342609713141469,143.9230540772302,74.20499360084295,-4.8754862606065394
0.5146008027844278,0.5964512722848966,0.7296674987043531,0.8842390414890519,0.9099301389898464,0.6471530479422904,0.3587246119884993,153.62616974234385,95.10046401403521,1.3831984393306427
0.903904593344143,0.4627125239958241,0.8832956595980146,0.9002200437599377,0.4690109164043217,0.9405693014070629,0.6351208058070946,151.35790106836828,71.13131278920159,1.3386110084764509
0.7073681784107564,0.9370634660675572,0.7288257699202196,0.8011183233561092,0.3634212002596908,0.7997847942889234,0.3321391849643424,152.18151166360818,71.05768511956586,-0.35492743150566697
0.7037762394035341,0.8695128795793503,0.6628151771069897,0.6745263402700225,0.2581173899827154,0.8184910902896757,0.314307080309219,151.6275927001194,61.68499634366831,0.1593803980764592
0.7198127347945995,0.7930410974021814,0.905266170939891,0.7985254124779733,0.0579021494010498,0.9417404029324384,0.9734737418195328,140.8983813919195,96.05708869585459,1.446287224404582
0.5693381981273133,0.9963550076742196,0.7140401113162882,0.8840823345465852,0.4308018873191601,0.5812694516162613,0.4523792885955633,147.71316330231014,39.538591109851694,0.25642916548963224
0.5430584917985297,0.9764335998152148,0.6194006879231243,0.7991751738173473,0.0932040635785213,0.8383131626816883,0.9801161196219318,163.7510855866016,82.58516811830026,-1.2547554792725035
0.6907040284405104,0.9145269870298212,0.5351295545649927,0.8260508036146439,0.4889379745147659,0.8710097857104255,0.4831975258006423,156.02857858868322,79.35148432635128,-4.599488364632251
0.7239481978271498,0.956426804125908,0.7204140251818281,0.921175095475113,0.7789088958293792,0.7175824876837658,0.7253690265546754,130.47477698803257,-31.493268984963237,-3.6066748640484825
0.7329545138362836,0.6745459730629666,0.8685628544627817,0.7087005968944002,0.5832538707672873,0.616173903732444,0.6304414594566079,158.7127035257975,34.10545193727084,-0.7506675490092045
0.4946806064049027,0.9527378556858545,0.7368369282613787,0.96302398831013,0.7297873011210838,0.7269181808400502,0.8621839064932176,131.14752176083542,-13.62815957812252,-7.552128821286314
0.5807627935590378,0.7114916766186878,0.7362057667036421,0.7576327769625314,0.586857873511281,0.8758188035289025,0.9648275611736766,151.88549866119084,68.59725864192052,-9.669146370936566
0.7160527289861557,0.5295729547782762,0.6220971813883097,0.975157748572724,0.6333048081796907,0.6227194023310894,0.6567826878450844,152.06037476358333,21.808623411331816,-0.6227262835641738
0.9271404544208426,0.6760907235921063,0.5815392548372267,0.853434169119935,0.5908492314390752,0.6862026751480492,0.576681147822278,141.7329111335479,8.273544814464174,-0.018885523291553463
0.820682313990561,0.9892051028333934,0.6415735117174965,0.7781213982167074,0.4953831766517322,0.7820685072236108,0.979972134635477,148.82887654153117,-37.46654660614466,-1.2879323308210053
0.614224035995476,0.9938575304846862,0.925968526498893,0.9025368107308808,0.6132595884238359,0.7961811039016391,0.810388184939913,126.23869681312394,10.89507832769263,-3.7022839702125885
0.4868055482468194,0.5654437198593987,0.529909234445383,0.9275451990141969,0.591712228588108,0.9884639926487172,0.9920019125356602,162.44039260245168,181.9339660224784,-19.374253694352916
0.4450452509766638,0.4496743984105896,0.6978944840837046,0.7204578075910373,0.1753833275671374,0.6184112893719432,0.8175220258777337,144.387269677979,52.259082653025544,2.004212887830131
0.4407952920776796,0.7076973490533217,0.8967763837936494,0.8676470614727589,0.7863572576611629,0.8050919011982298,0.6911404155421077,133.530257348686,70.27499988629343,-5.047460202149434
0.4583742638663487,0.8925494655567485,0.5527862162237345,0.9022431683984152,0.7598605431967334,0.6034076362536654,0.9139504540776162,133.39257831915083,-57.49747562136453,-7.1187979036546984
0.4788913319504457,0.4767580182645,0.6740207113445409,0.6734174579575772,0.4641540410291283,0.9572955622797032,0.6589819053135256,172.05502705287046,146.64798432835005,-9.29934498628987
0.4768244135040997,0.8627567203058271,0.962641002388877,0.9233552363370264,0.628057259541898,0.9554368015962128,0.9891602385102796,109.7015854965945,100.39437336811287,-11.628290918420337
0.444143312475708,0.8360088072495211,0.5236470202937586,0.7106569603558591,0.9645084261581264,0.5775043611543998,0.3571329522542095,123.27506367511992,63.11536134154954,-1.0057626337885512
0.9486176540131556,0.4546209546276449,0.6879679033173206,0.9550775443197026,0.7934342444251747,0.95777220192092,0.9359509516809176,132.69462793805778,22.4586865417201,-6.439631431454737
0.8293825925369506,0.6655500902545344,0.8716541303083521,0.7684352936036372,0.6563713722638383,0.7618267617184691,0.7806202146937837,151.78053407640067,4.093396661066819,-2.287962480931325
0.7614867837371638,0.7244960129567262,0.7675535862898304,0.6788965251815535,0.767132662898378,0.9312780874146248,0.6859276369356251,141.7224485750849,67.30049625402617,-5.616127471143425
0.8030607185754078,0.4771057434858566,0.8441141186461601,0.6806793524665747,0.6796376851330326,0.6914386212020761,0.4419521518039758,165.89876882529973,77.19165556200272,2.432221214650175
0.9695258359128162,0.7410081919994508,0.9374724210327204,0.8354861030367167,0.5208416798606436,0.6663727374026471,0.444542088679619,164.65700395199593,49.645599888486615,-1.3263911938761004
0.6546530916975073,0.8572363075939018,0.7355082425657271,0.9067195576742592,0.709160785952364,0.934001622879192,0.565160457872636,147.1515982333286,107.38023683132062,-6.672150764072548
0.8764092560778993,0.9760912143428268,0.956854523690884,0.8086692937616661,0.4292692904570819,0.7832386291159497,0.3771501095295658,145.9483433466938,66.74179142014917,0.10923055631725975
0.9129805190783814,0.5456179741735477,0.6366671157272294,0.7319147392058624,0.1879536369579106,0.7400789250787021,0.8476882838054863,144.63737072429694,13.142051658643894,3.6419278327961058
0.784645262258248,0.9681591221225624,0.7641831158029267,0.906064866507872,0.3768415682649266,0.665507512445476,0.8374437882237225,149.231773447914,-5.078990804980194,-0.12217163477631288
0.7809309173709029,0.6159737211138212,0.6300354478120047,0.9248009484419032,0.7930172758737104,0.7095446111106223,0.7417422635795399,143.02520333810165,-9.654747429137387,-3.129847522588261
0.6139243913709934,0.6709680306492634,0.8214257210199238,0.7793730148679441,0.0845857682283645,0.8192699245698076,0.93679389825166,146.7672900688736,77.77552720091585,1.5342700922419796
0.8912776874621832,0.9312593688743784,0.5849765232890834,0.8032189175716284,0.8453851160643097,0.594359402867178,0.3277358701158889,116.3184303520114,12.508580958402135,1.7360959597824128
0.7182683336625258,0.765298481164403,0.7337690920591691,0.8786580426684594,0.9913171435842774,0.8904881377737011,0.3554051042740242,136.93258680148224,130.1985767758654,-2.083893710413519
0.7911409342757161,0.6619099235791417,0.7770147985315621,0.935714841506042,0.5041088921702305,0.9361051096911666,0.3341976732207947,163.59194247712685,108.71452424531908,-1.1874042184447657
0.49745963981474,0.7686033770820863,0.9669856785241692,0.7335265096483231,0.7682638792619383,0.705704758592045,0.7689856595640064,129.82492181693084,11.802731403809133,-3.3437785872206205
0.467571019414192,0.5333583088570273,0.5515816820015987,0.9476781853531996,0.9348752915747784,0.7124297353946281,0.8007086080039043,144.62672959867655,61.39361411773967,-10.631065786159024
0.7905425151160312,0.9542891311423192,0.7840550627027787,0.8776316268925083,0.8368601006862889,0.5896875756233235,0.3226383314550643,131.28829836730367,24.366070423441965,1.787475574392909
0.797466385703596,0.5915085400462183,0.6464601768671033,0.716863827700701,0.1208855026435292,0.9705514031762916,0.9319081598207972,148.51712972466007,73.24260539068842,0.6161289842805542
0.5838816644156817,0.7758549754169843,0.8547393124662549,0.8371962206419974,0.9308504476613292,0.6733411250930561,0.4055595061078483,135.04914787036896,60.46995524684046,2.1656120665116125
0.7589906308916152,0.8088828191580475,0.6028532263980183,0.6911987886932826,0.2018217418597031,0.7851144834141126,0.5560689780415028,148.23810289828938,30.731604984516114,1.2390783452961407
0.5109795194948527,0.5633438861547255,0.6152690978946624,0.8165941254535236,0.6232995933931696,0.7544264961152884,0.7818213117416936,158.56061129515072,72.60455978453123,-7.340342494551441
0.4927999574261153,0.5365823660877214,0.7883338393747721,0.8518207533597324,0.2710855059068762,0.6851527325629065,0.3173322942510767,157.59806017752683,85.8711338797001,2.456357537110173
0.6880973448121114,0.9574680913801876,0.9775556281832282,0.9783671757543696,0.7614448983154067,0.7500371630497233,0.4909834971110256,124.07398273462334,17.17122390164638,0.3345530019662757
0.6840758860091023,0.6141649588449046,0.943298101232062,0.8886314661189572,0.4685936929925394,0.6903169295765956,0.3653665116634209,160.61772599481532,76.56553505690322,2.9716004685224178
0.81423423703104,0.4519210683481631,0.8455618259761309,0.76483537266564,0.9048289244468574,0.983734824565388,0.569465452046334,147.19720631364893,115.50799774472455,-1.467891128372107
0.9904074445485064,0.9665594535998072,0.9978535130758904,0.8560497380407744,0.1000453252594351,0.8196603580869996,0.6746641931749389,145.5329577675325,55.288830202087965,0.6229049400951467
0.9106379454105116,0.427337996072153,0.5382523881770835,0.986089504677418,0.3905669025531401,0.8218225106740604,0.9910617121708796,132.9717977694411,22.057205026035597,-0.17441997746249727
0.7508463833745661,0.51751846475138,0.624713298095,0.9766689785063292,0.9839192639951406,0.6011908534588396,0.6360582131565129,141.11099914226207,-3.823620661612786,-0.6726764576312165
0.9442854932580756,0.4040493281869969,0.7366497725260663,0.9490967242079428,0.6933153009848804,0.6052758494457106,0.7653398971405958,154.735887884087,-31.859013767725287,-0.39289603282355734
0.8123549870962005,0.964689894046664,0.9535780434917194,0.6790057770007231,0.041222437948714,0.7328842803172699,0.9436598387294558,155.45808010262022,33.65813007821971,1.6452152867188752
0.9419362887823636,0.5200453462605035,0.5591953011392792,0.732516088835423,0.119936261378731,0.576966807606384,0.9368153603625524,132.2949242894235,2.1967073729419866,5.801451208893891
0.650664126375103,0.9137336176268306,0.5637212445413416,0.9421729306867874,0.3259301197354383,0.9311991589666896,0.4004007263460726,165.31144098773444,114.24233622216786,-6.515765012177971
0.5488321132668816,0.8490384745935411,0.9496914448416632,0.8135006686806441,0.4854863733060234,0.8414558724995636,0.9812570111625551,127.80828172566197,47.84912607049488,-5.314548901873477
0.6652068055813758,0.4767246100753991,0.963623461543964,0.7259407216858719,0.8889448797863174,0.97036319876523,0.866092825817911,126.00038939044263,98.25107076055058,-6.693472080586657
0.8258581044950899,0.6024285568938754,0.6886288892571516,0.7250794618150267,0.2723867887150785,0.7655922697870913,0.7694824594789162,152.38937949025464,29.45843770065706,1.3352143046747087
0.8853358293228315,0.8285032177523586,0.5253523010640877,0.8875938462336094,0.9038549259788132,0.9626011260540472,0.6490154624929736,122.46693291239986,55.581723415823795,-9.55824050688348
0.8251690031307691,0.6624779815460888,0.5159531972479339,0.717050550305353,0.5665246630096382,0.9771608949454104,0.8678129713634521,151.4008257285533,47.31241790876221,-7.0042130853011795
0.6497511501672502,0.4914084599307284,0.8780298128972118,0.7928598922940121,0.8582539834626753,0.8238773958487274,0.3489832159804149,159.9278694166098,137.44100617510995,3.2070686974755773
0.658253208802911,0.4061859327665627,0.5776012509683232,0.8614094192360117,0.2292300205274053,0.6112345290931656,0.5841198859227918,138.86926645940972,59.84774947521593,3.3750333375734405
0.5418382609731157,0.4206747048180785,0.7732037666135783,0.9189695264991204,0.8543174512738125,0.925431030870978,0.3992774237092661,169.35540924068206,193.8528875694727,-4.390366190935499
0.782479815608628,0.9898850012782836,0.949925019707322,0.6821639123564921,0.0748469891085603,0.6019585490515591,0.8158995848833408,159.10004278322342,45.02705527315106,-0.090880847710747
0.7878153032373756,0.6402082843566037,0.7782460396142836,0.9485441572294542,0.7810572227342807,0.852528365846189,0.7515907463985345,139.18492498001092,25.830884611777034,-4.910748692055247
0.6301575924983579,0.361579063047183,0.6589144867749983,0.8011810965198921,0.125685677531826,0.7676378752593245,0.98177294246198,138.93384689827022,73.68534193821415,2.9018824218794306
0.8548857952602533,0.6179050529356802,0.6768336387505921,0.9094521123041396,0.5240357932065716,0.62351354061928,0.320243210626056,156.3368958127439,66.36917906754628,0.9143349763674351
0.4407167311766677,0.4169302484678099,0.5713614322130388,0.8509954427630979,0.3946727589471223,0.7004599357854557,0.5285235205465955,158.9030059858477,99.37934519123013,-2.1857144946919176
0.7734218937069792,0.9804290135603408,0.6277932757596995,0.8634658866516659,0.433652188189132,0.8174487206903477,0.6273318937718707,147.50303052908964,35.9804219013348,-1.4970508312464479
0.7444389702189004,0.8156296207038218,0.7943977413131482,0.7168203770555291,0.0470627428662183,0.7043939265181547,0.9843094796367904,154.96069926765392,31.729766128297143,3.6535433887245166
0.7791477320372263,0.4341191209347962,0.9197617416630764,0.9177262244420952,0.746469009092862,0.5889444004961721,0.3907964892528167,171.3182432030283,66.68960176319828,5.283899399024904
0.7318440215797415,0.5549864445377716,0.856213322042841,0.8558041049199112,0.5315562983980906,0.7437451672356012,0.5918784277380952,156.68801252430606,51.5563988979047,0.46744081666250237
0.5397840507149122,0.7712173564175209,0.5543092750887469,0.9345477241451164,0.1046320014787494,0.821126199193709,0.6295924911899062,158.46680163579555,90.59759011659105,-2.7604405757365345
0.5798082353918849,0.8009323928478167,0.5264986099381253,0.9656523397633224,0.3590882416732562,0.7380888475544171,0.4418506213177626,160.48507784823252,72.05758272953409,-4.228023888583207
0.7458872025507299,0.4606576204550155,0.9975966780092216,0.80149606720323,0.3688767286406199,0.8586779336475748,0.7970192063227614,143.02689517982853,73.59270784253955,2.291699949958352
0.933356454234022,0.9916247988493208,0.7142942232345638,0.8685411580512566,0.2041898257537967,0.9539352462865964,0.3956635547742594,144.62366004956675,68.86989402303837,0.9299504148929691
0.4539164592830227,0.9200458077392272,0.5429808309377752,0.6675481141621159,0.2100200950023604,0.6646160375427557,0.5318544901393527,150.4474393118874,33.460085228270344,-0.14058967978332837
0.939732131236749,0.3773886906520527,0.5587900798107552,0.8219968042270125,0.4300869362085736,0.6763607358423969,0.3979184935198763,143.00467798062172,64.70637727528745,2.8613348919207136
0.4542668585048103,0.6160303604885099,0.8007261141854324,0.9066541567176224,0.6790629947743054,0.7113061154827426,0.3530679431502144,159.87402724763646,100.70761032109291,1.2015885548636982
0.6525237333229119,0.7373795666606315,0.543849592135705,0.889491717405501,0.6412127350831881,0.6433850195061439,0.3169745884237991,150.3589507650646,67.48541824098771,-0.4357075815669216
0.433539369558497,0.9713462274674676,0.7591027269135369,0.7648328836200848,0.2452174341756369,0.9461625632628694,0.5721240920303087,155.6989565545603,110.97153163761669,-6.721291591332883
0.7378074562319402,0.934225880112042,0.5499828648637103,0.7667020194015217,0.3532566286178647,0.6027643248117276,0.6934294246705263,145.36130932203338,-12.496564513463682,2.3391050704982534
0.9183940786383274,0.7281305626932488,0.9971782850576132,0.7885986072848027,0.9625644770033004,0.875798315728488,0.862146445589811,109.92244746640037,-36.11421693591447,-4.426620121654752
0.4665424275269205,0.4622879010365937,0.910464880765649,0.8322699346006412,0.8165429275602305,0.9389920667311856,0.523489658023025,148.59248636838626,174.4194301946199,-2.947448619865005
0.5933970167500897,0.8083229438313924,0.935634230478782,0.9399798731818628,0.867658077438201,0.837919118885236,0.826806517939749,105.97466743664381,22.5959719809276,-6.100680495579343
0.6987579170373264,0.7532265588395246,0.9498554445484868,0.7250426775802598,0.250810813534762,0.8924452345235709,0.8520260322300648,147.58834805368122,69.1799929388887,-0.9829130277204909
0.9054370800862432,0.7234612271634389,0.694463209706216,0.7435403785292185,0.8787303525632171,0.7203314872129887,0.794649401280517,134.44717779136846,-69.47911675330514,-2.6570082040628495
0.6661363433752043,0.7808673038622298,0.6031778464998304,0.9983644139368276,0.7223546879430812,0.8284033536309046,0.9327737047196744,139.52962117247856,25.395986422165247,-10.36531951865023
0.8837231976190412,0.4091047081647259,0.9040372944781048,0.6858549707103969,0.8299114826470978,0.7548068984892192,0.9709055761972928,148.7155812986302,-24.160780731456512,-1.7734517472735285
0.4453293981188917,0.6483703434288784,0.8078097324987408,0.7607036588567575,0.3918058095752614,0.7242110752031312,0.9411113935991312,150.90864991890055,50.55877352622852,-2.822275688004506
0.9026004760713804,0.7849976983033555,0.5022253862426758,0.8026062115996018,0.847616319304777,0.6529533871223987,0.4595358311291128,121.53709343099851,5.368499981308382,0.9131135397974588
0.8764677189644459,0.9659228831047524,0.6764768688054867,0.8857739618479561,0.1229982293037117,0.6824467580831968,0.934009471428989,150.521934307299,5.79052424096362,3.483596513094893
0.7718133107705362,0.8691963791625876,0.8867302036771636,0.8964778887058097,0.6289295634027248,0.6662010425876829,0.7686107708345153,144.54120120365891,-25.736680324713078,-2.244065785585766
0.7887422298540585,0.8743903372853183,0.8208842187965444,0.75821897959954,0.5369406571575891,0.5948417171506544,0.8241626421013655,154.23524701717673,-30.953190507703454,-1.8230346786437874
0.6650384236843623,0.4254822605861909,0.9998847364977436,0.8182008118218692,0.6551835158245819,0.7254550895285615,0.6813290430491912,152.32259638820932,52.80393950382045,2.4419263261133004
0.4939935201795206,0.3791425701925768,0.5728242605634386,0.9774964009773356,0.7642864212724653,0.9043502755970833,0.9553409216791332,153.39652547637974,149.91399386247804,-15.26244888339491
0.8473119294775424,0.8108347034000976,0.6219407747010517,0.7297069829530787,0.9305173575002018,0.7520476889349553,0.3930439502946494,124.95786711570912,46.70928612684605,0.30311844946744326
0.4447761133593791,0.4982208439744582,0.6364432394289052,0.763728116252357,0.0512249690180305,0.6784545074989945,0.859648730966792,138.02253017751536,65.02170565280673,2.7240544686000927
0.9544331741306846,0.8301433908439033,0.9575875724647428,0.7655866826287295,0.950067357153932,0.995202518935786,0.8924513522931024,91.73139010456458,-14.51203392060303,-5.820211058267053
0.9357262194973917,0.8842076543099155,0.7089610041527815,0.9880044174595118,0.3988018132933084,0.6324138301053668,0.4683101433492258,148.42359244450137,27.30166397004506,-1.045224800734335
0.8955898326452613,0.8591770522218043,0.8288229171392285,0.8571035694228525,0.9484988814236488,0.8749574280975561,0.4560446807160513,120.046658597654,44.34296948051306,-0.6729410053705971
0.9799996935712526,0.7195718543030484,0.6687508003641314,0.9316386740137912,0.8661742010544456,0.6142278780806433,0.5597907915905211,138.85890626370153,-37.11613278837666,-0.9779798248745956
0.5528947277446372,0.5057957025294607,0.8708427070656612,0.9965941704227104,0.1162450638691336,0.7355227315955513,0.5108859942159049,142.65178903327757,71.31376950642388,3.0689654345745065
0.4748162313545606,0.979885296742694,0.7087186420677689,0.6826107785461835,0.3197511905525282,0.7086187957738114,0.5560104435203291,149.55787601289546,35.58353449477782,-1.8650640131244602
0.5465152856753561,0.8082682953778071,0.5580086976734745,0.9323704224689258,0.7811795198545151,0.6120233855089857,0.5381553351550691,141.32403702677857,16.73652464605987,-3.1036958247967252
0.8141162554570549,0.6940994354175347,0.9423537856713718,0.6735459285279943,0.6803903585835513,0.8537041378262115,0.8771071960247425,142.00729957435973,3.889970498758167,-4.2022962468208735
0.9584271034433486,0.7081025779691598,0.7414247067916323,0.8445671990327098,0.0162594874318587,0.7794722973418726,0.8768134782995767,142.75844511060075,45.31916132813866,4.175329914498859
0.8287633288467254,0.4743833974029952,0.9292854033627944,0.9772819387654104,0.6238302425498831,0.945784120396108,0.3997205878194941,162.71430229133935,104.72789843609607,2.7332775269276395
0.9864424965131976,0.6858343001578544,0.5387574706744774,0.9028093833328124,0.4141355969370963,0.7621818281711791,0.8517817729138358,141.08742118811804,-20.908586783491515,0.10475740228593367
0.7811762684444448,0.5367271933840629,0.9467464228811182,0.9083391802803772,0.665804081647735,0.7594305755035982,0.4048658248086864,164.33286849365493,75.54810606601538,3.5705658007681302
0.8915957542571387,0.6096133894853819,0.5052783181833814,0.702935820171891,0.6995970953093396,0.7673424526803383,0.4923898073376623,142.3434150542425,36.31344422126202,0.15726151113089704
0.9751583018911258,0.6639034595438496,0.7811873597706618,0.9178283517451884,0.2042958406387223,0.9867604326933832,0.554671837952956,148.355436242516,72.06049761643527,0.7492751438066381
0.8864822459988843,0.5549280279138202,0.576078668588181,0.827900645139124,0.917139944282598,0.8893598576214748,0.5147785660530996,141.2081123047042,81.49298288305508,-3.657188132396035
0.7879971741502244,0.9062615755246374,0.7787004641300038,0.961337436047644,0.0805907919620123,0.679335390818117,0.5322617280248616,147.8673946489356,56.930984205455836,1.4250319767884503
0.7905506759814509,0.9623066669486648,0.9057478516122676,0.9123478277285496,0.7489069336838379,0.8196883761109464,0.8935742977162159,116.84901094090137,-41.051291583794665,-4.3183748058285065
0.5452076861921151,0.4472993490269263,0.5842308100497225,0.7906592669741658,0.2890012308123892,0.5746868653275828,0.9773376898099926,146.7863814183155,31.471497542476857,1.959527342323688
0.5761883541064281,0.6598179438480201,0.877297161783548,0.8503761232250974,0.2220969415995646,0.8659014621003407,0.5422210949160587,152.1012589103103,89.85510352762375,0.45551892699595786
0.7413503325387838,0.7280828386635012,0.542137924137873,0.9740605552762578,0.7810653634910832,0.8775502718696262,0.82561393043198,142.1514029199195,46.83525082738839,-11.047175113001932
0.6795249153313891,0.5757316617182768,0.6284539920104439,0.8182482143655033,0.4483277727980165,0.9360480603908156,0.5138914841006232,166.82316767196176,115.89965374506716,-5.193377110836423
0.5313490602672462,0.7393118620698018,0.5218242982848712,0.9385535073357368,0.3294382344726004,0.8076773023789691,0.4870853057963814,166.5266460385423,100.57665957518284,-6.246843718775067
0.7142818292298179,0.7453088538008523,0.9157061383775452,0.9335899612188908,0.3548487668059942,0.6476536045431978,0.8555733720614068,149.40362627699994,13.616537465156547,-0.10765141239314802
0.6833797708129923,0.4854868063478197,0.6716261246550835,0.9769308174047244,0.8580077735683723,0.7373676149330332,0.8938161529762194,139.19676422740255,2.1038583400917332,-6.155253084771592
0.7642921732710779,0.4924317038378218,0.8509440429213999,0.8045422340775219,0.4371638041546128,0.9874954462743992,0.6633481086533362,153.7025214546997,104.66607087655615,-0.9399153535794749
0.5570185769197372,0.8850151932018823,0.5827647015724912,0.9729097098748676,0.6115468596416141,0.8556347673783824,0.9603752645257088,150.93837033962262,57.149607467134665,-12.34654798752738
0.7814985692493355,0.9135089333573136,0.7068244221710338,0.6982266361800212,0.4703308376285953,0.6464027039369729,0.7250482235485292,151.7071243844419,-18.425127619889054,-0.4280773461747689
0.8107104017108405,0.4142400907744906,0.6830799738318267,0.8657910675212105,0.5688253562938524,0.6367592057046206,0.7348558361733819,153.16152181824526,9.524471177933002,1.2506650000496808
0.7015711278608661,0.6652193966891868,0.7957898405375496,0.7408179924121219,0.551961605745346,0.9467495129778828,0.418160120414776,162.15005049019788,118.36198242121345,-1.2726985754294893
0.591111602511313,0.6770905511103091,0.5906939702134111,0.8998679966496717,0.1017958846525134,0.9803443810328014,0.7169984658292171,161.19985837916644,138.42248490286778,-5.929889705700524
0.8259049678620085,0.5919161380886573,0.5250012457886076,0.9952393128454716,0.6019978332854381,0.6746747544323364,0.7678768012245044,142.58837259971176,-13.473424550181335,-2.033468565714563
0.532090893711411,0.6170428829498404,0.9737215031999048,0.9847301728923408,0.0502619994837904,0.9204302477724344,0.3377451097863095,144.54004547237145,84.37086978167582,2.2713685117239857
0.8237685874046803,0.3623596429076239,0.9375905272000136,0.764791024382513,0.7324979596981157,0.7222322698041125,0.513415899683631,166.0205926722498,68.25894884998496,4.242188550499688
0.9503803357607096,0.5911365124683554,0.9431151025735068,0.8033445830541603,0.4619637636510953,0.9525929383951156,0.3187841830345103,158.5470657872207,89.90408537220506,2.126445433255516
0.9663935101990516,0.9987309828282646,0.5707537840641272,0.7914173601575426,0.7383045667438861,0.7996600048437352,0.9060107778336388,124.38888493960522,-88.44715421221224,-3.009900312468438
0.8319947736288796,0.6584097962188067,0.8033458533242332,0.9789398977514244,0.1365611734922676,0.8326677275835914,0.9947324154215512,138.33241780851628,51.8039344041634,1.5606502258313641
0.5866368075170871,0.747017659540427,0.6158646530646473,0.8761517892183319,0.2011228844171602,0.954740316546017,0.5948535433222448,165.51496883442042,125.74665716848949,-5.723812244692134
0.5582272392133079,0.5351052365486777,0.7481108330112509,0.7812119180514007,0.2852166885002621,0.7880663862748877,0.9544357328502832,151.1688248351817,67.95524384770039,-1.8332039186807025
0.6021158305175814,0.8608926051694488,0.6501400959266966,0.7956629790069323,0.8391692185091915,0.8167053097225944,0.5837617256507843,138.94254540475984,72.38130270551088,-6.548345136958286
0.9171231865569904,0.8964377880256611,0.5724617872601306,0.9268971815425636,0.2849221877021763,0.6270558508364086,0.5869411139028984,136.8923177744269,15.332838243545524,0.8941053861087744
0.5845438182976013,0.8521267585473115,0.6564890938836683,0.6994662939989525,0.9912760455882696,0.5857730065594702,0.5521727894626711,123.20697861516508,-2.0818986606992667,-0.48699840466383115
0.8756507330925917,0.5815815806788123,0.8895636109383905,0.8710490541352021,0.7966699341299389,0.6135187669040781,0.8752927816599793,150.87755801836343,-66.78998490915626,-2.018339452262218
0.858722389567594,0.600433961861127,0.5824323983011043,0.8841991231798944,0.0672313518650191,0.7092865762467376,0.340584814432263,131.17230133308672,69.07298204669631,1.6816841409879562
0.4557210305624826,0.7843439399774494,0.5358019716100981,0.976830279100539,0.3112472507846377,0.8150807060788565,0.609661469817329,165.7656811293137,102.87782927768423,-8.282039447241887
0.745505985576929,0.4979802407504854,0.6609715462650304,0.8446165033146303,0.8291151200478495,0.9910518278640296,0.4637927078904476,162.73819813496056,176.0249857801523,-5.9991907888091225
0.5413258517391397,0.4162473434497425,0.829976715256115,0.7063789951463796,0.3030239720980702,0.8835218603075329,0.6651949380280382,155.03145929632416,98.29093124898554,-0.9286588014770544
0.532968360753254,0.8567677047101177,0.8780008775549328,0.6721659284341741,0.4229483362776181,0.591552972863226,0.833270763205954,150.25130017259164,11.069311094444572,-2.014327603291774
0.9793139752951022,0.8584553383079182,0.6058593465668869,0.7482754280217822,0.2773814512183633,0.6803895267567057,0.9199963020600056,148.73917296240774,-30.762647584440842,2.536149923198262
0.8451867149245821,0.983456251430058,0.6780177383137096,0.8537832832383733,0.0474643261691444,0.6772225037883389,0.9461644257259316,151.63686118234855,11.971760020858788,5.274186795582763
0.7599024910570006,0.78519259837825,0.5376296861183721,0.8930269861693346,0.4673681831890563,0.7603002852042271,0.6395790688079748,150.79390831169786,33.24570323320381,-2.878950355074055
0.5566438278347569,0.6487632915941272,0.8497622545170582,0.8394658230879433,0.5980514353771438,0.8318700284945135,0.5682678624893049,154.4159457614815,92.21053375845534,-2.5594127221797693
0.6778776815886525,0.4417078688600986,0.7487412984420636,0.925162429727977,0.9879399854994962,0.6479679508544977,0.4552117135138924,155.07931051030656,66.3179959632708,2.730333089914227
0.7315953500750458,0.591547686134242,0.8998750302868451,0.676180445590686,0.203979652861334,0.6871541446137204,0.5586502673126365,154.77763029906058,61.31367171465163,1.0381873627692695
0.8432735677597595,0.5270913161548552,0.6155671213540406,0.991649934160638,0.560831610023539,0.6290649386340378,0.4860847162736828,152.466928406417,40.57480809993825,0.6381155231987887
0.5959357854842572,0.4064587248269594,0.9520714436612157,0.7121916971401029,0.7136090667893795,0.9865839203746732,0.773473077820378,138.12879748024056,135.97279372150837,-5.125396494740476
0.9423912202981368,0.8615049147243838,0.902518598241798,0.9217378746631112,0.0283592303000786,0.785411767171428,0.8066622505625582,145.9322511599549,57.4842402668954,1.8819512794732876
0.8916973170456055,0.8733089545246193,0.7126533144828997,0.787919223619908,0.8571506782409619,0.8602323297471028,0.8789045728454994,120.292546638097,-46.592012342109086,-6.018863466364108
0.6435800692526901,0.7370332475029107,0.918758707930728,0.7427195311523408,0.145716449396131,0.9115681360252688,0.7075723076048352,147.16095290302354,90.26899077125276,0.08156358217637538
0.650731373222177,0.9216009616539866,0.7709779509256267,0.9504140529982787,0.8684304816909754,0.6796725298270772,0.4460871357229837,126.29694681863134,15.948285681591535,-0.2404904195979054
0.4307517386433003,0.7722675655547304,0.8678481583786484,0.9752694411216064,0.8222019061528724,0.8737144943886519,0.6662038404144903,128.24554285135386,95.60484358525238,-9.19047921626723
0.8735607940318221,0.8611158524748677,0.9392109377105098,0.911043098770964,0.2560773801256322,0.889181488999228,0.5724839197844018,146.62849054054075,64.9932631625679,0.7271959073834298
0.9016449229065666,0.7131272330165881,0.6784199511555742,0.7659280042969504,0.517268763133628,0.8835753828592394,0.8642353603370415,148.09669368049356,4.53708206947465,-2.8321118871723376
0.9745611130368594,0.4525003548792882,0.5835934635885883,0.7466466856091213,0.9133482198754064,0.918536100482546,0.6820293303323514,141.50754184909724,44.64563349798975,-4.441673192391523
0.5041503948374039,0.7120161543762848,0.5629795276126275,0.6892462816245336,0.077749619381788,0.8071785991463489,0.8729548068658534,160.0294045101471,57.308650443745634,-0.7454710082706487
0.664988856775487,0.7477009066422591,0.5294060321146076,0.9316322782802582,0.7900004267151411,0.9445844218806064,0.3701167589711241,162.17789056374724,167.2878134469498,-10.423977034267429
0.6479535266891063,0.3887880136020284,0.5324858517829857,0.8768455177040718,0.8914115753246378,0.5957921669259486,0.898977233446083,138.47837254281208,-21.836066056855813,-2.9451955238823126
0.9091227020867008,0.6830514886410017,0.7729010438073722,0.8703283869210799,0.1537994286767246,0.6001826427684884,0.4610552383817832,151.06728169172982,75.30095626182073,-0.27835514220783986
0.7670001595010318,0.4033743332689534,0.5753876412994005,0.7396491409340874,0.2265540730378225,0.575335032831148,0.4986486339294997,134.78873878114885,52.48730940527204,3.9973580235916355
0.8858536806976078,0.720382547133214,0.7652377903379408,0.810941129631458,0.2755640882555301,0.8088135784098605,0.6951952949221838,153.6393207409796,37.252792249334824,0.5565836101971979
0.6112047587767442,0.8939092874871427,0.6317825160762809,0.8319683070448449,0.7337383288526345,0.830420291888617,0.4381277574278509,146.7318761460797,97.55586229490265,-5.094253727176341
0.6237882510396245,0.9784382146032272,0.7293432190719193,0.896588349727951,0.6595805419376282,0.6360911381243021,0.5567433692020549,139.23018015657695,2.713905968055201,-0.7216365410671574
0.6887684672255355,0.9470223325192912,0.5847436125312927,0.8519645571781298,0.516892182708124,0.8003672200969654,0.9509695242185788,147.41968808293842,1.0762258429082934,-4.785804785223921
0.5053328943090153,0.4472342656647623,0.6003446536099124,0.7517117111399896,0.5134387576465458,0.9972535533285292,0.7029664761970824,172.45355151728847,183.51831256756265,-12.319563265300415
0.746834886814188,0.6466095708645899,0.6991842469222637,0.754909396974394,0.6338600360615886,0.957982659942786,0.9330916194488657,147.8311023130862,66.37954639308627,-8.287386081816978
0.960149107246838,0.4163594972003201,0.7141468848823341,0.8320921366481191,0.7002945133591902,0.9376777697642422,0.4950383220572127,157.51148390678316,89.34439060509982,-0.5927596691407888
0.4951951778710939,0.616850360928541,0.7741446802585384,0.8707034087680059,0.2635821729504239,0.5855544404181372,0.6903294148605164,149.00007272496367,49.42222923396169,2.024443405604548
0.7795197389618083,0.5419361185029409,0.9606216910562416,0.7405988456177943,0.2754224645255307,0.7273445573037713,0.4114953877559389,161.38028314454502,83.5080040151011,2.293703088580426
0.7981238077723427,0.8868447918292515,0.9202608516823498,0.9596219469336924,0.979941736529223,0.6004935180081463,0.6920675345377121,119.31280777511745,-83.45393381970663,-1.054287341767644
0.7378534936045074,0.7431154562764927,0.992306101625597,0.924849385514136,0.2694012397504263,0.7339652837377831,0.8648989199576546,145.96931989332808,33.98131884032206,-0.14183287730708916
0.6180451186372262,0.5474636270848474,0.5762588391124003,0.7439903967411818,0.2047988379754773,0.5936093096506374,0.3905082433224965,140.73505175932294,62.15807790300695,2.612800566774945
0.8548989700154788,0.3872524593200299,0.9867692966567644,0.7353838834754972,0.7884128583911193,0.6898650361765049,0.4333936598172268,171.00402504036353,87.8222606944552,4.613282406787513
0.5652731861609241,0.5767050949305594,0.8132485570313281,0.8611446046241531,0.8347113917409114,0.7284084383444711,0.4133447568309344,155.86041906416537,93.2405586923746,1.8457417898984438
0.4622394793300503,0.8342616571032928,0.6636768580414768,0.8870144072027214,0.5663030410525378,0.953126944549175,0.4059625118065848,171.1570056430148,174.19799859261164,-10.427976946044398
0.5583501538323389,0.54847288424572,0.6320753465028012,0.8180177341088242,0.3664257655064908,0.9957939559073724,0.4855886133446317,174.16973950896127,152.3372100769916,-8.842655933986219
0.8853645874027603,0.8045949327223572,0.914088307141922,0.9990152935785224,0.5047219380046583,0.9909427480170384,0.7997100162898226,134.64660172869648,53.21881226146262,-3.358237086530135
0.6425645208414565,0.8877501957685755,0.9679969114163428,0.9004180821633396,0.4060051390664705,0.8194260764638365,0.7326472484698986,137.78391282766822,48.347905420965965,-0.6919262376641337
0.8041372957503261,0.8160057737269433,0.7278689582459376,0.8751929850503789,0.1274325893841756,0.8952146571895199,0.8041151703557573,150.05154280213023,67.95797330923945,1.2811483927522342
0.7897846952082619,0.5642703502748477,0.8483449760788716,0.9639419841277974,0.2558006519759727,0.7474274002064558,0.5032111118991454,156.12739948072644,65.34464412306335,1.6289171617769123
0.4295293348970994,0.9276939309055188,0.5207529692674965,0.9646263884610092,0.0177934167418692,0.6476504548116263,0.4720821923791559,145.84722900179375,62.909524482344544,-0.6229274808715255
0.7847839057825315,0.903727655188878,0.5076410076252114,0.7505188029976376,0.1559759653069003,0.7235153373222303,0.8902119761668809,149.24215907588112,0.2844110880104651,4.134291068109002
0.6507539339946218,0.7309900443778021,0.6142036294226023,0.7546838845344768,0.848045691460952,0.6527852871577574,0.9917274156711146,138.12226748318784,-69.88532804506256,-5.552457819615548
0.917312627161486,0.4036673887739536,0.5044704630397996,0.6789451982840178,0.8896324016660565,0.9273738906607644,0.7337448048233438,138.61117045803059,46.014153990516974,-4.44244956867459
0.4512798245477011,0.5272885457025105,0.5209068402678899,0.9869298405340768,0.4534138356636955,0.6720673906936141,0.9733966222071224,147.8239727603618,54.339675195973726,-5.0683893135253815
0.983140558323791,0.576275437783229,0.6605814230828404,0.917837793935704,0.2446436948008121,0.99767609086044,0.91988080681478,140.69532160348425,56.7408462387549,-1.5268605819488865
0.565562792964665,0.4146425599770632,0.506597426739835,0.9451142567980546,0.0650674658656356,0.6360134450457046,0.6390909482146402,128.29803094259347,70.92241562041004,2.0178453908150225
0.8649107052185112,0.7136331326822547,0.9015014035224922,0.8875516663497407,0.835307977121189,0.7467179273027675,0.8384158321609101,136.57776737130192,-47.53693679622542,-2.9195113511309954
0.8016447605906702,0.7535621908427456,0.7287220185538109,0.8819271312024048,0.2219881950231605,0.5971009518718489,0.584784923374845,148.92174128149674,48.235961044450164,2.245968102907306
0.9029320670818356,0.7436606886637387,0.809932844367718,0.7591173660331917,0.6246816485127248,0.661601931805095,0.84208652867507,155.7664986459168,-38.9526259231603,-3.2679658692882954
0.8123330451550235,0.6491304202922098,0.6244728241741905,0.9674334631282108,0.5579620080931351,0.6120296151744864,0.99142873403236,144.60777816861116,-61.859003069917236,-1.1344646761499182
0.7023475820146763,0.8549797741954741,0.916081471621076,0.8318551219310866,0.3708665858118294,0.7406082322829481,0.7639225859308694,149.11909834248772,31.834425771865007,-0.9845107426813542
0.5312794555873478,0.6441460143217915,0.8007274798684094,0.7415528065006456,0.9833987303916826,0.5996979875366494,0.6431970618871621,137.1129631199765,23.76554477764599,-0.6875339689099711
0.4549438957594555,0.4892354140626362,0.6194557599296922,0.917342129598857,0.740974773486949,0.6280802947959196,0.6818991535447594,155.01393372176315,53.790055467925335,-3.8063239881168207
0.9973379427734976,0.9585150995376616,0.8196467728549269,0.691435120540463,0.6871399443114338,0.5730608383559843,0.7210664711112875,148.6926053945922,-50.80524871882791,-4.37190876573631
0.5080605243234619,0.521571439370457,0.8984130443428728,0.7839013584981591,0.7203765223694555,0.6670878342545119,0.629623249182637,151.2735416009373,63.28649591726409,1.450863378712377
0.8929957941614193,0.863539433012134,0.8684097578053533,0.6906281394630115,0.7835325338897975,0.9333835517836502,0.6537481130154922,129.0343155846901,30.76116708866292,-3.3073132330441912
0.8257152672689819,0.548309493256956,0.5005668469104343,0.9117216927785567,0.6906299781773153,0.7424960261945303,0.5727629533146557,144.1819594714895,39.12232437275507,-2.434326621337639
0.6103134587002352,0.8647118377561015,0.7768442744362158,0.913217302194959,0.1047122808546079,0.6474788710288643,0.3961093368719429,147.62016255757902,60.73922598820253,1.4856550039490783
0.7607078133302223,0.3516047803960378,0.8370293334180491,0.7159149609834907,0.8109889622818774,0.9936371748119446,0.7259023488388444,145.646744300272,108.29767217488023,-2.7411127640963073
0.5485416017450448,0.3745754176946812,0.8305130471325537,0.9033097979301408,0.6510352877733597,0.8158776575704048,0.5320697664115919,162.11208960465467,117.85714919575716,0.44793873882266944
0.7671610877025681,0.8526078654211973,0.620791458356627,0.7934523672535139,0.0946571332967548,0.6659538702006021,0.8264107010006146,147.8091870818849,20.64998875265961,3.8301157726719532
0.6046980364179912,0.705742060970389,0.611795798596368,0.8444546037790835,0.6025998521907039,0.7319478809126272,0.6877211464430493,156.2317875695888,42.89593508935746,-4.3828614952036915
0.909219309939274,0.6520182072774314,0.8286530184045937,0.9588271377798324,0.6230932880016874,0.8641076342145729,0.5133607743781571,153.86720833410706,47.32124187342818,-0.9362767379448632
0.7520213174613124,0.7469382722231003,0.7684756475159374,0.8941906989132618,0.2325525212660278,0.6120560959167501,0.7090606075177155,153.123951260434,33.698035288549846,1.61497247894247
0.4633363888304373,0.8199135378052141,0.8019107475502251,0.9602453837054492,0.0843251492677618,0.5821612236756466,0.8657239761291736,142.19269881340176,44.85012305902641,2.108908337571276
0.5239230105039321,0.891859781490275,0.7314867729284764,0.6984915135246662,0.2667328307850153,0.7677136593902993,0.5562367193227031,154.47949732025552,52.07352273708276,-1.4545870003035657
0.6901667890828519,0.5410226548976576,0.6050046117513174,0.8613400559658688,0.7347976117338886,0.6396681875341224,0.8171849795307465,146.3075276983757,-10.55791817441164,-1.9401468486135762
0.5688217068896242,0.4474279801376487,0.8764619053506741,0.8548366991898599,0.0731698916186511,0.979966972018512,0.383514157343209,149.07850028299725,95.91610464511581,1.124969620509423
0.6236406790523041,0.9189302175862976,0.8082903752873882,0.8581977194261159,0.8077333380475779,0.9083660775138686,0.4927613617162335,128.14490184123233,108.84339119059615,-4.740824282463073
0.75442284887191,0.4974613945443262,0.6888441059811381,0.93228025162742,0.4915301118909732,0.8672093209595753,0.330300173071983,169.34051863917068,111.91146013456697,-1.3580994108863813
0.8543413940427833,0.354030649553511,0.6940956851233774,0.8774802094024353,0.1664412327902911,0.982440467151291,0.9179809932212936,137.2377073596878,94.81625393075268,1.9644765636004178
0.5934769698920757,0.5307235919221083,0.5952293667583983,0.8604444096669001,0.8756827785559395,0.8089846198005027,0.8722484358253426,148.3383673106867,66.67479395933135,-10.630095959427017
0.4338017944054102,0.872735094101525,0.9089210612243498,0.9407638002999056,0.4899999622806802,0.701131536750962,0.8925415199554916,133.0270455312079,15.508529029539005,-3.2041927878710186
0.886244906726076,0.5576755083521847,0.6777912088534032,0.8605618284822936,0.4054917923068118,0.6852295513830908,0.7942601308815093,151.88506810916275,8.894371737370008,0.7900821158604456
0.8079798904261257,0.918675479311369,0.6534973615430384,0.7779195197211649,0.7492393750384545,0.9203277570509604,0.5779881731704188,134.89242849420734,61.68009969882093,-4.9009917965068315
0.8430020362402828,0.7085999249782977,0.7857777379219635,0.7070421658660673,0.4526234788810573,0.7589229882019171,0.6163159424507798,155.85943030395808,32.72881170591598,-0.7140745408764378
0.7716759838725382,0.8145642409152014,0.9435946826117804,0.864277867688078,0.6039761952533838,0.8298090690148077,0.467500655223071,146.05722679800942,62.031753960762856,0.3243369347703835
0.592376897882495,0.6890120098620425,0.8509966552420465,0.8151391970097039,0.683512967298377,0.8555954637164963,0.3896913957282236,158.02755727046502,114.41770729726397,-1.1737142491259827
0.65942800117883,0.901545078523307,0.6450207049947945,0.7005246032828708,0.3038648132324548,0.848920943695572,0.9384594194004876,160.52450471702548,27.077371310053046,-2.7954684774901395
0.9994439616450064,0.8553586285932404,0.5940721244000134,0.980188822125917,0.1111644393496912,0.9196209602340132,0.6829352629854071,139.1495921653966,51.138078092642516,1.1228796050607328
0.7632992631011966,0.5068640378175062,0.5164643272107408,0.6896357753109756,0.3676865993732494,0.7144507758625332,0.562481773646309,146.67114120636674,38.637229698187014,1.1926667932605448
0.9759648047274506,0.3975960330594765,0.5172005556064639,0.9510900316929146,0.6680161091453926,0.6996911270936962,0.8788854023208129,136.76516850453558,-42.37322998853966,-0.45564249869432083
0.9644498595036554,0.5263150876393132,0.8420574962234526,0.8279412272823606,0.3230868350485435,0.8070564042397269,0.7834154892762871,152.20086848118368,37.09629008354068,1.068585071904435
0.7826009508401323,0.8669725170300446,0.9277284299706046,0.8746603631069894,0.0694998454464257,0.6575315069335739,0.380858443411,151.42945871188883,85.95133590431662,0.18989667298718427
0.7364214354486801,0.5167607474312599,0.5020832192799431,0.7160351809071726,0.8025644753466714,0.808628196208079,0.9606788698254156,147.64582750825045,6.1335502492497085,-6.610073321045681
0.7946198494727875,0.8512088330246719,0.7442254328450166,0.7166735248083812,0.270763474993574,0.9142891896775592,0.3251908774632278,152.68008138005086,77.31770372300367,0.3338016737534697
0.6859317682213568,0.7322500668187955,0.9608615788238716,0.9257058792998288,0.8367506346334351,0.5856327874555548,0.6814690323318253,137.36042263305308,-30.244618082213137,0.11170597100286317
0.5504617857199978,0.416320440695948,0.5153892672433146,0.6740436707027965,0.6488938008444667,0.7984059797127236,0.3869400277233902,169.23034742329634,128.4439421969576,-3.5817768979270213
0.9992130204833622,0.6466269816413722,0.5549918535484436,0.9791109079629264,0.8612115409800837,0.6088347244856278,0.9068851373355112,126.68462123589413,-134.21322842724996,-3.1381035373490813
0.482683636751905,0.8422611334563415,0.6031271834786378,0.7195728908192214,0.4859001074011686,0.7614081088992435,0.4036656930493026,159.12452542898092,78.56922914386405,-4.3159735593292865
0.5693636544557961,0.6509272012456582,0.8731291296585892,0.7856673503744055,0.2900769114431262,0.9880024522578572,0.8017689152579407,149.1880449762562,127.78250926672474,-4.875474705322432
0.563741027069624,0.7247927101064593,0.7542143914152525,0.9175697560366104,0.8150776321379997,0.9804053952108784,0.3241136398250062,158.67525815701342,183.02745064705726,-7.317159706172498
0.9822028744560451,0.6217183561379065,0.676222218709312,0.8640986411832499,0.2538347584554314,0.9655324967359518,0.4949875873095028,149.51746252996105,67.14853447325318,0.3076845180503156
0.4498595306223377,0.4021920524076405,0.9234609230034992,0.8412278683917955,0.405269848787972,0.7953157926499179,0.6234543550389632,148.83841075832834,94.1118836751769,1.5236090634493111
0.7912538143851975,0.4379031755441065,0.7463794203775062,0.6970409349137597,0.8751750749402838,0.7860109448371215,0.603877263542125,153.91229917610977,61.007055380949524,-0.03493932599072602
0.6518741943282498,0.3788272965813279,0.9586945260151928,0.8178890410481306,0.5250902926338606,0.6522211191365703,0.6825041451367069,155.4539165817093,54.55899015103381,3.956590667264847
0.7258093769233516,0.6892549312819228,0.9861472937530512,0.7700897424951902,0.163615976647484,0.9755084913610916,0.6161976266919309,140.75789189502268,92.0709153850552,1.2666005788813757
0.9093618342803786,0.4137966956579243,0.573036712864718,0.6701481450105022,0.1442837413779733,0.8548269094095361,0.3592809267330359,134.24833633599448,47.70210981579918,3.365508335312554
0.8930725240729389,0.3625522901155318,0.6075108695300533,0.9977648348677376,0.6508061226582145,0.8628315710462819,0.4227364028957703,161.33955387220632,100.36703267706835,-1.1172545764638486
0.7604753990617313,0.5014381126692193,0.9652689011365494,0.9723615598976536,0.0609798864055205,0.5922002327163287,0.8605506585554901,139.82882744656612,62.81135759570871,3.7403095511249678
0.7073327815552628,0.8432830707098051,0.6531612381258662,0.9702743704863922,0.9852975657673694,0.9381924295373444,0.4958137876988016,130.05080558905027,120.8641259609988,-8.695409017577049
0.7575687987452292,0.4332197742504192,0.5399898424154641,0.7658219381807619,0.4770673740979707,0.6539257438399465,0.862908871229218,147.7273354480802,5.991845015353412,1.483002885099082
0.6968973447355082,0.4415273221821774,0.6256462298749927,0.783092777364184,0.1976371433412028,0.7044102405927999,0.4520156301142806,143.37164216116574,71.65060922379038,2.5214547590278933
0.6773335946365671,0.7454327634442626,0.7154993084565706,0.7822672169267244,0.1907471627850279,0.9520562175991004,0.7047482070086957,156.84993436729377,96.10532415573441,-1.8370587956759263
0.633768791673313,0.9727804383785024,0.7916999165698323,0.8556633198707738,0.9309711564329534,0.8778561642831549,0.7173708486729997,108.9956667583171,48.73666541473931,-7.771928023366671
0.6379482379864309,0.7679269686669645,0.507159270345929,0.7583315961693253,0.6330625746767624,0.8155578353106614,0.4950178867463251,154.6924877564878,85.27323480218264,-5.144162139079116
0.7631863638534641,0.5731364709841668,0.5706910316658732,0.8413542235793003,0.1797258438003513,0.7308877593540162,0.544410097992542,142.4804849652784,54.02292507768059,1.5170342164938364
0.4409329446139565,0.8252818175734898,0.792394885044347,0.6911240418453632,0.0640368714177773,0.754662427332101,0.3250627688308082,147.11848044996094,46.98773577702825,0.07807348626775679
0.8317346408516328,0.38758531619712,0.588266078157669,0.9915499573698832,0.6273058489534343,0.5887637050749068,0.6802900578546077,149.142290136737,3.819527642078363,1.2716265046487374
0.7663039209960585,0.5416532840502348,0.6290101509390529,0.9219619357460892,0.483670950001826,0.6390527041690399,0.548764175293549,153.38001542350398,41.11070703251117,0.46167020035542894
0.617615464737791,0.8551809953341821,0.7486162141729942,0.8965828935039697,0.7138565370402248,0.8835347698870044,0.4686491828835104,147.69912414302559,111.30186957077186,-5.272956696873283
0.4778968760735447,0.9568065115579204,0.9876204330961078,0.9769462407225044,0.3481125731838989,0.6909548476854471,0.4739111966605663,137.88576113821566,44.73616192900275,1.3048982101736364
0.5810961220911753,0.4488065624826763,0.9384765988530476,0.8130897958853452,0.5669808106734903,0.7259569758818838,0.5040406083669354,157.8219981440657,81.45666283842449,3.5047765503126787
0.4789010877920469,0.7639548130109631,0.8811281175402002,0.9136554156444736,0.5848279322208548,0.9052508289559252,0.674091465959541,142.16236294422288,118.30967370803592,-6.820632494506855
0.5333572448432948,0.8107291847248369,0.6672777304902803,0.719985574373308,0.7773769944262428,0.7567426619832568,0.7617938051889841,144.6463780926193,24.713068667957668,-7.433419117257848
0.7384569656347706,0.6188118018362851,0.7553312701656251,0.9971881447898682,0.0598548867902515,0.6279153020751048,0.7887767241213264,140.94048567115317,50.388174961976354,3.2677806723945793
0.7501730640466406,0.7165700759756432,0.7487038572039049,0.9572507448980184,0.1032763437841595,0.971938833760901,0.5432935286565195,150.26735276976245,100.57712253404324,-0.8312910265774871
0.5852482847067157,0.6677329060581684,0.8932005672785013,0.9735734337171088,0.2433724007027797,0.6454215365374214,0.4980493780421891,151.457091038919,56.71363005834706,2.0721785660746144
0.838383958978709,0.5067784589624391,0.5100442537555369,0.7916835291894518,0.1160730329752916,0.721971453395532,0.319069460844721,127.69411689213342,67.22354090372103,2.522453749405578
0.7552774953752874,0.966290555217402,0.9275425606008764,0.7811367359146801,0.9696454792385016,0.6336069744687884,0.8559531651579367,109.89269510700416,-104.3239579739894,-4.294168654969877
0.5667435271409361,0.5728455865062475,0.5171448644000537,0.7457032776987297,0.2929063970785925,0.9057517936816728,0.6769890939597824,167.56212319068067,109.8600402201737,-6.916094687761907
0.4835143326418851,0.4677301036514144,0.6850200573631344,0.9590320298770968,0.0694930088303739,0.935816218770232,0.8322980938213501,146.59873450018497,149.26663203197126,-4.0185258122331255
0.7805176191470066,0.9200666266356944,0.7284016001558654,0.7178050975610014,0.6394461489043667,0.7828443872082449,0.5680369041065803,140.62080899731853,23.14779585094764,-1.1717783066015728
0.911214060142202,0.8694779160717536,0.940573506840652,0.6699980998745173,0.6325572908097853,0.8279357430180371,0.6079750926888918,143.05614064901206,18.55531914204851,-2.050659018060329
0.9947977562348372,0.6865481059839867,0.8729755830733574,0.6876053038759998,0.3932960424551092,0.963820242820248,0.3556551800912675,156.33549045163934,74.46704591778638,0.8857911703149748
0.4389372758617477,0.4829656214116687,0.8880113692219569,0.8809370237515011,0.5636018919593894,0.7012807215289779,0.6778228381337761,150.2710059195322,69.20459933414757,0.38475013571572214
0.6562277747265384,0.8717561327191233,0.7675890899612354,0.961298737432798,0.4211497099576732,0.9678052809714128,0.4371159135617378,157.9349242890331,118.61214746003952,-4.615138664095169
0.4794537563468594,0.7025503373472082,0.9409021322999516,0.7931197590669716,0.3587834333758762,0.8747427241958492,0.4946867333260695,147.41297321390323,93.71577696960034,-1.7047055502382307
0.7112181976020292,0.94693487586972,0.9921494927636936,0.6944255939744197,0.5052809726522697,0.6720257644615963,0.6094382746354394,142.62691538185553,27.081394862411532,-1.818593354140232
0.4512713915728047,0.8651001792607176,0.7520559222249246,0.8009689810374437,0.4111693621784296,0.7519054641679539,0.4925799761856558,155.0336993696793,71.53931203703833,-2.981226080258
0.7627020004533678,0.5837193980545717,0.5356698380899458,0.8278622466955923,0.8526046264523146,0.8962965357604554,0.7118025659531678,147.92538192508454,71.54487070811476,-8.555237846335519
0.9541952384478016,0.5069073615173109,0.8401922757426353,0.9207272905696956,0.2651395310435931,0.7096574818551337,0.9984860373793092,149.93379074425124,15.460454622227658,1.3430898999599004
0.8781107784403799,0.9590487593181808,0.9380814381914816,0.9048957086876362,0.9019078222761348,0.9303580606683964,0.6766264770987795,98.37335183623931,7.737071968721935,-3.335517344605016
0.7257450019092229,0.4576027720233664,0.6828812244463976,0.8382749198134407,0.7586294153596446,0.867618569194136,0.5195269325067078,161.72712727123144,114.2409356688454,-2.3574567405148206
0.581050405944278,0.9896274668816036,0.9490855793566928,0.8900347836600855,0.3423239232883721,0.9543696484171637,0.5405821955448045,133.875738948454,102.65218429606004,-2.060616779763091
0.5690808409798095,0.5430368503630734,0.6656972713704024,0.7985707433721536,0.9003849303408205,0.7810487340187411,0.8368601944533446,147.5849840696236,60.39771157035894,-8.46856595467246
0.7911841184441922,0.6802914546846196,0.8993445781132141,0.7046033494320849,0.9302297477062574,0.8424860119578865,0.9625950932059152,122.84224131874204,-22.80889399929447,-6.492298719921778
0.5179172571959573,0.4540722198308919,0.5389445761280706,0.8927833026331247,0.6764058340392741,0.6037381439502857,0.9922942805086452,146.7339610196121,13.475037929131084,-3.7243825105736645
0.8895821153128431,0.5799953928088115,0.9063602632627904,0.8564091883940894,0.6830739484066057,0.9599336437371904,0.8205462124112021,139.2600539094941,41.54535236857476,-2.475631175182983
0.586803072009861,0.7041296015653125,0.8691385134631059,0.7701002292026359,0.6000931898056924,0.6064632870742992,0.910448725305582,149.0960178811792,-12.777380846825622,-3.3073239446924196
0.716963330286789,0.6141835143819766,0.6755747734711708,0.958724270660042,0.4513235211136017,0.7239017292697639,0.9934879544219342,147.83542258530068,8.814522182291775,-1.8547327252485504
0.9149581126262856,0.3723479065833313,0.844414657436282,0.7013638784664532,0.3359382893056095,0.7248749213471849,0.7357434657899458,157.5842156221084,41.163313445546976,3.05867968701597
0.6301199429295018,0.352914500392132,0.6992802653553918,0.6708515818788334,0.5331799483524132,0.7189709595327842,0.4836887069149562,162.91542950660988,81.98766220808285,1.7083708901414427
0.888990636493364,0.783324284789544,0.9289660054677564,0.7677942014193024,0.0144248892479823,0.8540669183992085,0.800860317212942,146.53430699311144,64.36072798464501,2.54449748082056
0.7106738001088435,0.7038357146231471,0.8422698567090767,0.7025604354171419,0.3485190487582449,0.9922063102863508,0.5812881083286254,154.37457917461228,97.4224746709699,-1.916969385601156
0.6700147497839267,0.7381303541265924,0.6068517607239683,0.9652531772341416,0.4661920754319564,0.8925393279947377,0.7311603105504059,157.87666610710886,91.54072512888953,-7.814597229720894
0.9994565804771974,0.4429760573184524,0.8995354090249471,0.9781157401557028,0.3057765094937981,0.867289052930536,0.6042041543624713,150.6581798296113,51.30724500631317,2.4742075131354317
0.6611993710237272,0.6494780864270326,0.7306714144908077,0.979852724279598,0.5993979478301871,0.7584455210648793,0.94667652043129,143.3862054479198,0.6354101189903503,-5.545001244474594
0.5868041170292381,0.4303092002922468,0.879461547723577,0.8471921879475206,0.0979207425497627,0.930882843990018,0.7135751532186487,136.87124409869682,111.13208642400106,2.0001306806503325
0.759354409224362,0.6586827413443315,0.5225903857481943,0.7153861356370992,0.1951282647741689,0.7763678524474665,0.8841183326229091,150.65123671794112,12.179964222527218,2.271090325646119
0.9901306074218492,0.845065724029086,0.7633759095090165,0.9410975619720684,0.6207234875059277,0.8108711653738895,0.8932081597749829,137.33636189696395,-54.450946860982114,-4.11661411989377
0.6964819006210486,0.890312266863709,0.6520354023594499,0.9218086301983456,0.8453542947720721,0.6651191322058881,0.621399151558051,129.3447735293418,-15.663057160101275,-2.573387824035499
0.7840432228906677,0.7556342988298237,0.9064371616021168,0.8620436286936762,0.8353669364121765,0.93197259622482,0.7419679588784028,123.72034544927263,43.685498888318705,-4.0997693753414435
0.593255020429524,0.898287710275142,0.6624489689930381,0.7778034287461979,0.6536915711354166,0.9409683790027054,0.9692100323154746,147.49776614037145,81.53768648570095,-13.000335832959024
0.622422319752675,0.3888383963842361,0.6369009525388651,0.8408072568247561,0.1953823506469358,0.6930858027236171,0.4714622814870215,145.32480653506718,78.61489538378697,2.3446006142982663
0.9428753087605806,0.7318751291821497,0.8550176476293032,0.955726131075902,0.6502436619026809,0.8335704428081852,0.7608157771998807,141.539735099577,-8.949143685045804,-3.3192545540359615
0.781869086205312,0.9168536707513992,0.7772805689947861,0.819402811612107,0.7669568761509095,0.8061022171812725,0.7118598863900106,128.1570582772113,-5.984705128824402,-3.5769179435809138
0.8947067540978318,0.9977636553328276,0.7826030226155577,0.8287001112114286,0.1999916500279401,0.7553297227003432,0.8234070772826644,152.7767988036256,16.521750853850854,1.4196885102304626
0.4482977909280596,0.5094941173920107,0.5099691032624325,0.9436883439657584,0.2962722832800435,0.9162833280061596,0.6224678939275394,172.82475346311386,157.8491470113657,-11.674071089483702
0.5778386642489579,0.7967781278765693,0.5761990277665663,0.8312957227012123,0.9736491348414608,0.9531504756127464,0.5564649074533846,140.57104587098522,166.9171503312566,-13.806879755415746
0.5671970859812556,0.4671946501845299,0.5535998562265682,0.6758026925308813,0.6721722679960387,0.9533969602653948,0.7880482764340556,168.0364374471639,152.559214890173,-13.142351305492399
0.46643614819724,0.4360498800386565,0.5384635504960031,0.8355971521685408,0.1681877281541835,0.983641930690764,0.5414763349606955,168.9313124750436,163.61194409388716,-8.984389876263688
0.5480946467891692,0.8315448912173755,0.7829620167544362,0.92784692902768,0.0574919131921834,0.6572651347437911,0.8405836354375302,145.50339071699582,53.56153873677903,2.240063254373696
0.6933119685377629,0.4860246220622489,0.7119156177041568,0.7702327617842883,0.7436704123562022,0.9281142061722804,0.6114560796456152,159.85825573615537,130.67615220474653,-5.929071352119906
0.6378637703486005,0.7912591035856897,0.5557536267392201,0.942658200134453,0.3469613105375889,0.6474053278317434,0.3212122739793063,153.49363877099196,67.74294713208114,-1.076250041742415
0.5590108518226841,0.5686218904632749,0.7598507767886152,0.985455586599958,0.7986674054691365,0.8473865137463816,0.4883769158443903,158.45878483025749,123.48929139279427,-4.807453026481939
0.6193168660033307,0.4249469114523602,0.6089894655119543,0.9688298553295422,0.1976923880400485,0.5856155166732128,0.4253330064897181,142.68098385607342,74.58075710777482,2.592632931302062
0.982409867603898,0.5915109151018035,0.982821327236461,0.7497168467896685,0.1113011349583194,0.6102361089405545,0.7416811155720286,165.55624658858474,76.52244489812477,-1.8708405646528334
0.963811195160674,0.9984583399727012,0.6229514597279577,0.7526848544104705,0.789987111547855,0.6467758433926443,0.6566106194354808,122.66698436984736,-72.60792565838774,-0.7146411304107505
0.4333645951764049,0.4418904016828559,0.7633726410776136,0.7445411679573808,0.6068419272322311,0.7409105391829082,0.4173914497911384,167.75562651253486,114.65530250173559,-1.2092221084733212
0.6082161769991835,0.9965712582636717,0.7416170639347435,0.7908364028430701,0.9380168759364164,0.7115707983172442,0.3777144542543114,120.12671196361447,52.65768263795772,0.1289227357839542
0.7312321385227413,0.6874066087196824,0.6417434677031086,0.7736954748730069,0.6252176836500302,0.9165180852459752,0.3122241274747963,162.05266957244478,135.31439988001392,-3.0931456849017747
0.9918574571470232,0.9200213872458776,0.5973991937453351,0.9968312823103274,0.4030857732740232,0.9626422742337192,0.6902253587608997,140.12156165874768,40.10998731087237,-3.207552474707459
0.8815745681058116,0.8336026232649438,0.8822673663682283,0.8766439893500386,0.440357544336389,0.7030120306644678,0.7347929640531575,155.16251467555585,11.563469302782643,-1.4059328870476957
0.5312598814809383,0.5504831382251162,0.8957459657764812,0.8909410784427677,0.0066711215637517,0.8506952319792536,0.6803343501450866,132.40654123166132,95.04635901369045,2.7751230338156496
0.464476118914042,0.4449961007425712,0.6073794646064159,0.8866729804458632,0.6421197587825647,0.7434554770148398,0.6665391512208867,161.44947070990236,106.13787480409337,-6.412520581070611
0.8303476138963068,0.6702459968522776,0.909814944739046,0.9581329670877866,0.6445089249743979,0.7822943726322396,0.8973664254825621,139.34011040410488,-20.14572572795967,-2.893532066422912
0.6182327158046457,0.449816375595634,0.5536065427473652,0.7978172818814311,0.6690737935899186,0.6893205217009191,0.8004052929215166,152.72792852314564,43.016784863543336,-2.7084753602668385
0.7524143355342705,0.409099332013926,0.6934349103401666,0.791696391152237,0.9323141962044912,0.7151287745378454,0.4778620942647081,154.8836805276605,79.50702898708585,1.5529493671502386
0.6118514888230546,0.4166294835461884,0.9764335381500886,0.7241515474932342,0.1164439240247304,0.9244745405718068,0.7654024659657667,132.78024883686513,102.7953198621636,2.9497237411912467
0.5801509744790793,0.4986881758654495,0.8445382416791902,0.8286887612081124,0.156662713367924,0.698310453706417,0.3478576398093835,151.58117766604988,78.82137425431144,3.2230533328970026
0.5852955404112938,0.9467787231743297,0.6170268818293037,0.8890298988341934,0.1310993955437246,0.8472248022934659,0.9863594884497284,158.3496435908489,85.97911672529128,-1.6285143933858541
0.9430582818239188,0.6777017081667032,0.741357239086956,0.997660357542288,0.8296923889802063,0.6561467075890759,0.6587029417588519,147.0222110366118,-48.49795881850251,-2.2856176779444164
0.8283493218885822,0.8857774570315086,0.5155224182352686,0.9641173769294415,0.6357339531203325,0.7989888090838305,0.5342579953007859,141.47341549720255,30.30511505477378,-3.5892580492782455
0.8993796501520832,0.5283318275017824,0.9212943048523664,0.8769809933081939,0.930241958441387,0.6235643862196396,0.9533475979286252,143.4994345478613,-93.72218568753647,-2.5580239321255656
0.824175474096469,0.3534082535333303,0.6631731061404069,0.6718421831735395,0.4931219188807418,0.9176602464056278,0.8000178308032456,153.93692731929212,61.13666096546643,-1.222422541714334
0.7668665724392184,0.8821062825213202,0.5752027743674708,0.7440483426786536,0.9616255746482564,0.7597764960236983,0.3294691336052152,120.96080882378503,63.29101662798146,-0.19223850933321662
0.7571316861905839,0.5139340795210713,0.7251792014603728,0.7640351071733951,0.4241665726446051,0.7834400769175897,0.4195617026992154,162.44137663194712,82.00334812873285,0.7928104303496442
0.8713772881083296,0.596258604631994,0.6668808138541296,0.8819119791499447,0.8334979596147136,0.8342787119507455,0.3838652553683341,153.79836277872238,94.44413655671175,-0.7807215169651559
0.549653271293214,0.782994523332887,0.9800648228513672,0.7108063324785812,0.1675912289523628,0.6532420075128289,0.7257248519838047,148.41486938450757,55.72308540172753,0.4563730483299593
0.582158049793472,0.3869661671137886,0.8918783595009003,0.6778160380630812,0.4704040810978404,0.8617795643623591,0.7800314332536602,150.0298345740225,94.23279963358159,-0.744074002784944
0.5753139481869155,0.8019345753509867,0.740578295366143,0.9811244855705318,0.0516076968762178,0.8963143863315257,0.6077368663641545,152.82555644712372,104.00057424476773,-1.4355434419767534
0.785687772973664,0.5027633209246193,0.9850440777256272,0.7091395653659482,0.1481188728867927,0.8056969720867427,0.8556115619981632,145.0394326371215,64.1696921176614,2.3877840767269465
0.6031551082556783,0.725753843288938,0.9783877503206828,0.8578214773737374,0.5237899127877356,0.6518833938773976,0.8799802429230517,140.14242378973034,-0.21115378281051989,-1.720286518418006
0.8045799862751433,0.463904420463345,0.8498331602346125,0.960705873054438,0.2019303579260218,0.8127158689674878,0.6444480902819301,145.88612104314245,67.85102209533538,2.8128536256445384
0.6723502788144675,0.6844565465664825,0.8966246184972188,0.885710912670186,0.6692429767836016,0.6404441680010312,0.9674908127659654,140.88386009133424,-38.54181469224986,-3.1200909598203745
0.9947101191772908,0.4177060388047994,0.7531782806209832,0.7802702517083081,0.4463294012926177,0.5987719385304499,0.5404920768331186,160.85539124665476,52.277400215450314,0.7557509210417321
0.8097178080302824,0.8152379834226849,0.9590122943382452,0.9977915522972016,0.9363205911208566,0.9210175556037596,0.886594344144615,91.36013988350703,-13.43372838409826,-6.589127724715426
0.5109831964477425,0.7015803504222617,0.6726994834106219,0.7798002086804627,0.8196217668466539,0.7678642157450244,0.6105511999847035,151.54423705126544,80.42982325512634,-6.46240470270472
0.5796653057294407,0.6522712686083263,0.5419949974524075,0.8562049582676192,0.4467809766539007,0.6220056188350359,0.5143721646574482,151.8080799554814,51.25482601319024,-0.5792995450413347
0.4973277197364819,0.6300887955654143,0.9409734216314636,0.8040985456597254,0.6816824565042277,0.863512448131,0.3884694099263773,149.63260924250034,124.52686647476803,-0.027840617157204983
0.9419457976501046,0.9591045768007126,0.6506209869822489,0.7031383098638619,0.966529184301514,0.7401289347376782,0.4009275869552163,106.84999346847667,5.947207610311047,1.563186912094789
0.6213153129742695,0.3910914442111556,0.5746366214083689,0.8237541476216051,0.452613172707562,0.8288639957960868,0.8161445617639637,157.19625681768795,100.95940019717114,-4.452283771264586
0.9302451765012708,0.3509783692097572,0.7680923878180832,0.97004131254016,0.4237832882535051,0.6914320132302445,0.4646982710554422,162.03712303105092,58.28013963847272,2.0060114293298588
0.7167134861458735,0.7844784098160199,0.8202958015312244,0.8961510931000919,0.0157199219137363,0.7074181724804303,0.819355838256669,144.51594658433353,55.19905451931355,3.130952556194652
0.7656689431701189,0.9723041763380006,0.6132435165083727,0.809224782635747,0.2199913126594732,0.8851210352082408,0.8140048469966126,154.79971119070717,46.57831291641811,0.2076339163170977
0.521623254260751,0.3606674307722371,0.8751092437994812,0.9476126214464148,0.9817180666472852,0.9386917314265848,0.9171132372162094,113.215959043489,129.17428649716044,-10.003495185496009
0.5085259730311372,0.5843789172461626,0.840414581665416,0.9956972925759536,0.2303233912695322,0.9293444103847583,0.6343608609920516,148.0645703601819,117.9566638855097,-2.644149229489507
0.8248607339626906,0.5981260642607362,0.8013285694800525,0.9819709542340238,0.8620122103438442,0.6316503470281414,0.4567372222670538,155.2275412197165,19.842578594723335,1.8161219790300822
0.6115444739880981,0.7259675645336012,0.6731939557532439,0.8440464470003236,0.560177095323795,0.9511790249326836,0.421563856914556,166.61928946304693,149.17683002924386,-5.961368106909969
0.8394088523615755,0.5009765072248834,0.5525054261368878,0.8759718998801739,0.2991922371527855,0.934000980817163,0.7500939107502071,148.4115199014709,79.1386166323826,-2.3251529383145275
0.8346524849208519,0.7168241903698647,0.9656420934279812,0.8223861156347748,0.6214819460571194,0.7973096100794435,0.6582273987319422,148.75611977516343,28.231142934636495,-1.190002829778735
0.847946454530101,0.9015766959076766,0.9049043521732468,0.8426211014558618,0.3428734408915206,0.676764798067677,0.929434610962472,154.1395228103205,3.0215702624715277,-1.518348916906614
0.4994358366120143,0.6188866481029145,0.5098036308976284,0.9875789207514936,0.7777788140555876,0.7277598136185566,0.9199650827921116,145.22080319515706,25.256056492800806,-10.477458112620992
0.8522068192915996,0.431709256102371,0.7002400366964856,0.7309305705230865,0.3152444529995101,0.6979498495790922,0.3686652765467807,152.56734897198342,76.11411476316451,2.5693704654826925
0.7798390833474982,0.8177446441681278,0.7899733708108501,0.850039169565215,0.7236599739339056,0.8290705243740526,0.606008355379019,140.4276430497916,42.11305190768198,-2.734040462204261
0.8984526949086393,0.6118195140689735,0.9250641775008444,0.835398661862472,0.9259644706946146,0.87469312948757,0.8008626304505163,127.73407179812006,-4.900603757349231,-2.314847679779138
0.791593575396434,0.625510248699888,0.5685793408044221,0.8208784134779178,0.1472240679906173,0.6785187652574536,0.8593205042674432,140.6876750951985,25.36037261941625,4.345275437087999
0.9867822948852628,0.6148659711207123,0.6009882523856649,0.8017437557738119,0.375745507144213,0.7579945540599913,0.8536748819359602,144.7823160250971,-6.591846312315241,1.5050334378163108
0.5519098629352649,0.7702104729781425,0.5989129315679469,0.9043154569768904,0.983309789941433,0.8725694045921824,0.7130593396764935,136.08501142434622,106.20520910014164,-14.378615651231309
0.7404076687655639,0.4603074920235996,0.8548407295721385,0.8618745487769774,0.0057263879744637,0.6931705499517713,0.7878329441575571,133.86299634246345,69.09962774295178,5.07289670541162
0.8236760358305684,0.7200013336997837,0.9297362203334748,0.7206301593384189,0.5875085691289704,0.7755854942834313,0.4940008009492573,156.86271758996048,58.729242562997484,0.040265364686556504
0.6501830491747238,0.4812022613961105,0.794798710940471,0.6705716531853146,0.1094791475936758,0.7584221920272994,0.8473151203287634,145.04177310432274,48.07882849608057,3.1659949515691705
0.7526001118986155,0.8805598371432082,0.73012360955445,0.9322895790097044,0.1900226672513677,0.9247706744558366,0.468662629435476,155.31642981114754,89.34677173412369,-0.4945837170184517
0.5352633744276719,0.8816976625639683,0.847400722580808,0.8912373505753388,0.6659356269258702,0.6823735409174174,0.481222157941967,142.22873570563124,41.16001945436222,-0.0014604855370616843
0.5013728639004914,0.6613613973864454,0.8778905977543257,0.6857771931385912,0.2042089921668503,0.861450794094301,0.899093563432658,147.20425535507502,80.75803570240407,-2.1635652175275966
0.546027953047818,0.4947624560129652,0.8753008985976021,0.7209517194121559,0.7752327822188011,0.7141918978135587,0.8690851571451298,146.394233791649,35.52996126926854,-2.377478426512999
0.6436793396243063,0.971331151276297,0.7198655077806194,0.9289346351304366,0.9566329233842654,0.7682922399305041,0.4351257437364875,122.06718935911783,47.08484163464261,-2.4211243890563976
0.5389132814014915,0.6038425311895224,0.9658790052009246,0.9491632701413648,0.4638586478197145,0.9024455454834232,0.8752694555767908,128.381733425304,95.47330683397576,-4.032330908874719
0.4879610895864062,0.893784305600375,0.8770992999887244,0.8245381154906868,0.9371717443772888,0.7604199846232655,0.8821923573542305,103.14856154188685,-18.633340926309742,-9.09194499486276
0.5842263547258573,0.5043511524468872,0.9527188892142971,0.8330555352501882,0.4856971407381225,0.8435554330222284,0.6036751237337902,147.62599662069516,92.47271731009508,0.46882655128500605
0.9382231573338888,0.5437169057901821,0.6403024983686482,0.9821855862404688,0.9317953215199548,0.8742104310147467,0.870227266056707,128.17566002528272,-20.988306736457588,-7.275240769419618
0.542036630817056,0.6111161508088773,0.7700117562509413,0.9569796717263426,0.157594434697961,0.786028115827396,0.5947389093922266,150.81612502281703,85.54557212889988,0.41580559558973196
0.8020444615663433,0.5343999418642844,0.9127537683501254,0.7426306404757684,0.3273514617826548,0.7923826303204273,0.5372388146996385,159.3965134336679,69.64986920269388,1.7601365445918562
0.734469896085411,0.6471695468216939,0.5308033111465515,0.7320038859854933,0.8575897118562418,0.9752660421268458,0.6916359338679011,150.26690640879968,105.61715101132887,-11.12472222684269
0.7048268482251634,0.9558810373763412,0.6728961040186563,0.9590779504217092,0.3802131511218193,0.9539999636179028,0.5045454811950548,157.12483196844516,105.78179149104693,-4.6494174888502044
0.9602599930698222,0.4568756733109181,0.6663340487965617,0.7077269443766593,0.9377716918327362,0.9939660187210084,0.8193560569605853,134.0092387729857,38.41095936730879,-5.707602365779213
0.8278905393398022,0.6086835730595423,0.7431778201441306,0.824825908926501,0.6622413397410385,0.8880066495446224,0.715222788914183,148.61954151723344,53.74414749762289,-3.398841378462624
0.8296444686793295,0.5070439349342918,0.5212661180528133,0.7082296449939843,0.13170640772301,0.7463196600905957,0.3721806636805722,131.5884168290156,51.61553625339139,2.87522885780579
0.7055661518701998,0.5466361140225946,0.7405785572421487,0.6956943867884965,0.871335178656871,0.7302853810233707,0.7616491911722363,149.38808477273673,6.163797231649312,-2.556160187767723
0.7670635890738738,0.5206682850315677,0.970929773302304,0.9186842031548854,0.816906484192758,0.8280931236454319,0.8077920545027679,134.99500211202187,22.42520687077782,-0.6640786006293371
0.6553709657350144,0.5451088324065854,0.5056200463921294,0.9667125507087576,0.4103410188507252,0.6756547062154689,0.3211876618376579,156.046902813289,88.68408857377344,-1.5254298247032891
0.4286389661066566,0.4669256472380934,0.8041366311876579,0.7105056220533568,0.0434837158494772,0.7543138495094555,0.9557348147760388,136.61581651976056,71.25008789084889,1.9701992470148286
0.4912128086195987,0.9727238155279092,0.6944778072677427,0.9659393324905888,0.5128472803966561,0.9267863225609138,0.3620307149015619,163.83095748043127,140.70560662857736,-7.4727606951045615
0.844136597990119,0.6949536384256623,0.6798148003718074,0.7477770000879324,0.0428137144101948,0.9303284560269294,0.8174089835357355,148.60643648102717,60.59404076477696,3.1049952518297586
0.6954370479407879,0.6833573382711137,0.7552079592630394,0.7611244277398399,0.2869505586429954,0.9325128563450756,0.5373867679001628,159.41215289605353,91.18130918391756,-1.7085599451980449
0.542124720644264,0.8294360556462885,0.7812672356670904,0.7375118773429976,0.2884730563988963,0.5864376467818799,0.3245768740594429,150.97480603825628,63.13652040622968,0.7362117333281311
0.6404510476855494,0.8336437927992018,0.708423797825642,0.697497792093373,0.3848841911402705,0.7717082504895687,0.5613655470436976,154.82640212369355,43.93860509112999,-0.6835510758065857
0.938337405212012,0.6650703528778258,0.730650082640723,0.9304952372465816,0.7195749042730225,0.6965466589729308,0.391698980670503,155.42260521011946,44.05986034156765,0.8205909356395509
0.5964977578287208,0.7754565620985809,0.5818698760081354,0.9298447758063418,0.4839044177610904,0.6560534853479683,0.4738308576277601,155.2267655917563,49.82591898907984,-1.9013430685193071
0.4600703479432113,0.3833409849418818,0.5426700752158566,0.676089119231023,0.7223404159323386,0.8129542687739886,0.6779694075653067,167.92088179536202,133.0533361581728,-8.303795358979746
0.9416524643073052,0.4491360282619476,0.676345463907394,0.9584698293741738,0.9572219861505474,0.7002210740598865,0.7528546517723997,139.06505842716754,-51.91820913443836,-1.1223480603953067
0.5151755729422983,0.8884749516573414,0.5319980468447265,0.9121684045203718,0.5328008631593107,0.5968083109950065,0.7989088103267075,148.3833993276191,-10.370414716733322,-3.493843346402809
0.4627175001530302,0.3509662767396229,0.7601114951414305,0.991618791936518,0.5141102397870962,0.9771314186740367,0.3760554550863644,177.56169984688754,195.54615738424764,-7.237051396912639
0.4895963820752694,0.6433870037298938,0.9769683268294288,0.920862102456709,0.779566980333119,0.6071895511187669,0.4113830009428822,146.45551409038458,54.56070066995524,4.471723500947233
0.7148828986649418,0.6227109029519524,0.7063751328579702,0.8442660259645272,0.0622713445421542,0.6792672710467442,0.5170821358947201,141.2507134722047,63.49849891162893,2.521694271940282
0.8550601213012282,0.7181421989061381,0.7576014697138622,0.745949902514472,0.2500333229834897,0.7116091453993851,0.6730053815172472,154.67157837980574,38.12487365988373,0.9782772376177196
