PS:PAN ratio,Feed rate(mL/h),Distance(cm),Mass fraction of solute,Mass fraction of SiO2 in solute ,Applied voltage(kV),Inner diameter(mm),wca,q,sigma
0.5640993154247838,0.959440615133556,0.6289265270893183,0.9010864505191718,0.0251182244771296,0.8246042239556435,0.3813037886357231,154.672119140625,77.07853698730469,-0.4301016926765442
0.7134171303559136,0.9233377931457972,0.7768200472207041,0.9965620683664488,0.0830465602313572,0.5895250971259446,0.6238424031355476,148.16285705566406,52.112648010253906,1.6153602600097656
0.5368291417134021,0.7507538234403879,0.7950913758182961,0.7931119701714802,0.9632014732424496,0.7548175540901323,0.6799793667747611,126.87044525146484,43.74382781982422,-5.137489318847656
0.9156936424739824,0.8724376308954799,0.976223034210408,0.9574054804089948,0.0246682175775731,0.6019714053332184,0.9417840662485218,158.39456176757812,73.29405212402344,-1.1034907102584839
0.53948057311091,0.7239488474974409,0.8056182330327448,0.8982444398063313,0.5606789240212382,0.994056246173538,0.5903202780226671,155.2020721435547,156.3601837158203,-8.80038070678711
0.5436176749525647,0.6523495720268353,0.6825778592579915,0.8350889939873288,0.4211981700970148,0.963748843696408,0.4982439393767565,172.81723022460938,149.76702880859375,-8.03785228729248
0.7210797256576671,0.7640434224923184,0.66393380335955,0.8012119969600351,0.5182698978268371,0.8976883113851115,0.5971938287330474,157.56869506835938,81.20870971679688,-4.272503852844238
0.9477662833987822,0.5958551097773636,0.820449738121498,0.7884615273486842,0.908130676017034,0.862473686366708,0.709825217538508,136.8601837158203,8.122859954833984,-1.9961665868759155
0.9207224445506416,0.9133419028667008,0.5210630732918003,0.6714232335449436,0.9747783258164832,0.7082017147989235,0.3258649863234216,98.09632110595703,19.730045318603516,2.886110305786133
0.7482351245384493,0.7539145473764376,0.9620507566317738,0.6794898962925044,0.3332558052010423,0.844046813641631,0.8695223638500648,150.79153442382812,43.83513259887695,-1.8726543188095093
0.9440096972146048,0.8604496811524311,0.6908777333148247,0.8100050779096961,0.5824651199019274,0.971917078495577,0.4930727267654354,142.20986938476562,67.36386108398438,-2.1011669635772705
0.987528929897598,0.605510256246486,0.7797454292642954,0.9480357592995396,0.4092270832150473,0.966945302763844,0.8258128854068917,141.83448791503906,43.668582916259766,-1.5975964069366455
0.6866557304500491,0.9793999426885583,0.8706036078207073,0.7565351727369836,0.7569439874663932,0.663965463433215,0.7989311050126068,129.2840118408203,-47.13921356201172,-3.549255847930908
0.5493868958983509,0.9731147561842028,0.5515088090529642,0.9330890288927218,0.1139650976392369,0.7920612432300548,0.7721791927077286,160.18038940429688,75.15232849121094,-1.0077002048492432
0.6295670700784712,0.4332227023910567,0.5843773101907811,0.9322920635354124,0.9712668869275636,0.941537860705118,0.6795041312982084,155.05523681640625,185.85581970214844,-14.175519943237305
0.630427547207016,0.4992142847291099,0.5480475743564376,0.8318111528037585,0.6117094173293901,0.9723780186149464,0.4915255085405426,176.94375610351562,182.89097595214844,-10.620597839355469
0.429814108749208,0.7373726308431523,0.865296209220968,0.9444825625521742,0.8637323204501873,0.8424426462099428,0.6981917407506169,122.68009185791016,91.22084045410156,-8.420731544494629
0.7377550009278644,0.3731538034245693,0.8539351477375727,0.99773787419281,0.8168324801845958,0.6685019441754023,0.7396556855057179,150.15878295898438,0.2514529526233673,2.015183687210083
0.8649392793126218,0.8924623244295702,0.7655158774964705,0.919092602326042,0.7042970616611214,0.7412630623258594,0.6628382303151564,138.49801635742188,-21.53807830810547,-2.338515043258667
0.447402048677194,0.9271949752607492,0.6081722001559245,0.7520127694908987,0.0464189024395862,0.5999138988944409,0.6361803530022938,145.58421325683594,28.30716323852539,2.8241469860076904
0.9732815799624472,0.4922015865118188,0.8956358101083932,0.937395822661433,0.5273123667069609,0.6648146744177148,0.46499742301607,171.76629638671875,50.19329833984375,0.6795526146888733
0.7475135562162238,0.9266065860476532,0.8450957869877962,0.673175117207561,0.0145885471833676,0.6595132298073635,0.3358499386679965,140.53756713867188,75.12211608886719,0.08180496096611023
0.8956474522889388,0.665980329727339,0.942397568058581,0.8473347831259631,0.0051768136937724,0.8757315569072625,0.4043644520003631,145.7523651123047,77.86729431152344,2.6225762367248535
0.7703211487093106,0.4289275878440772,0.5468817758141231,0.7098827195208269,0.3325966864732994,0.944251177952159,0.7572566243005807,154.0128173828125,78.8538589477539,-2.5227954387664795
0.7975330086569792,0.8292502028818161,0.666013771304312,0.930699887719211,0.5072311177470955,0.7728005170067312,0.7708618634143952,149.1140594482422,6.802622318267822,-2.628715753555298
0.5421645267680106,0.7326765140545113,0.9561221880926372,0.7840144105157116,0.4391154628797933,0.6534462997211384,0.8312548731986379,145.98110961914062,25.153663635253906,-1.1849510669708252
0.6396928288413736,0.358641943047981,0.9958747266889324,0.7035659751656432,0.8516053798856194,0.9973262451393056,0.796660569956686,129.2962646484375,137.39425659179688,-3.4797539710998535
0.5773806633460274,0.4468410650359761,0.7863300884164294,0.8370476508338317,0.6818103546102279,0.6118574509107326,0.3972136292497716,164.293212890625,89.55318450927734,4.0389628410339355
0.536105805233001,0.418861293439693,0.9681381359280512,0.7922302697054926,0.0533776359413661,0.6926747828265726,0.7526137040588166,129.68702697753906,75.87919616699219,5.468833923339844
0.6514231414024295,0.7185662968786425,0.8730884676117496,0.6712310691201594,0.0062540656196672,0.8628938133836237,0.3807388530168201,146.0723419189453,54.31779861450195,1.771991491317749
0.9286234947576366,0.8503668303274018,0.765379588304657,0.9509496385101176,0.9863724861980456,0.958736226467442,0.9172953113165764,95.00359344482422,-38.58903503417969,-9.938780784606934
0.7685818343570552,0.6870940723998781,0.580069988219496,0.770695154475553,0.6349826638096865,0.7089472410272515,0.3653892101198723,148.70018005371094,66.23445129394531,0.2722320258617401
0.5493687734937249,0.7642945314088212,0.7620480072408198,0.8318197886543268,0.0094693829244899,0.6367058535010026,0.9170727519302287,145.74270629882812,57.585289001464844,4.00907039642334
0.5516307356459011,0.7591921159809223,0.8319247778286758,0.8529894722152451,0.3769729236294121,0.8358621251980572,0.5011772253767914,156.6824951171875,86.8107681274414,-1.6684343814849854
0.681347266838199,0.7797095888358898,0.903329967086669,0.8470584574500042,0.3322642978019446,0.5749459432774725,0.4987633429703477,156.42958068847656,59.1953010559082,0.37504205107688904
0.9135412538883828,0.9502992513169526,0.5336755954887507,0.6792888096572057,0.7053094111102651,0.7841267425360792,0.471675410294204,120.83963775634766,-0.7801739573478699,0.6279580593109131
0.7165670706777403,0.5214407381874915,0.5839428986373026,0.84823933421153,0.7923521497916934,0.7249785225462814,0.818112567057109,147.54025268554688,13.27588176727295,-4.115883827209473
0.7850093333574772,0.763118577386268,0.70142958788316,0.6956332741184811,0.2243192411742366,0.9300120838302186,0.8760940862926054,156.6051025390625,49.41436004638672,-0.6185421943664551
0.4854567889482076,0.6438457968479421,0.8041368383563803,0.8677774748697968,0.9838205171309976,0.8009198585591233,0.829296078408971,121.60733795166016,61.10345458984375,-9.476103782653809
0.6084957274849421,0.6905562013167663,0.8979862971066574,0.9185793838430965,0.8250766682857854,0.6299201906841854,0.6786490039474651,137.7275390625,-8.582592964172363,-0.06164633482694626
0.9790695130907696,0.9982589423730888,0.8031455073120736,0.8848171992809255,0.3305922970735848,0.6581382789437221,0.6465429347729574,152.35885620117188,15.035990715026855,-1.718559980392456
0.5114897827480854,0.5354440005528192,0.5795789850883094,0.6785746897916383,0.0237978771299094,0.7703982604896651,0.5755215889731595,142.61691284179688,46.93410873413086,0.6127170920372009
0.925399048832454,0.9122310106233256,0.5253276076712329,0.6982820920206152,0.1487382205941669,0.8431974530224466,0.8479071650556198,144.5916748046875,-11.687135696411133,5.113564491271973
0.7964061601483527,0.8190812792079083,0.7029905103987808,0.8748739567774593,0.1287283762141609,0.9601380004518948,0.5793031913209152,153.03683471679688,88.70439910888672,-0.1442592442035675
0.7270259426929448,0.4519128671427135,0.682004968517313,0.775221959662564,0.2057245969457832,0.7682533367637709,0.713401229540773,147.70559692382812,57.99158477783203,2.507861375808716
0.9637250820309876,0.496574463485006,0.6779751600161712,0.903289508577007,0.205688586087085,0.9090508951871378,0.7849073990012584,139.60623168945312,53.13921356201172,1.9546630382537842
0.8988553480759215,0.7846684551800666,0.7712241694518416,0.712749918401102,0.7406726312654662,0.8859779269643665,0.768215673921484,137.774658203125,2.396376371383667,-3.8407676219940186
0.5086411529049597,0.9121093407293572,0.8860906139574953,0.8755312251446381,0.1110906661229841,0.9006410736093895,0.3999377290017261,149.4060821533203,86.43997955322266,-0.08135314285755157
0.7184325226960594,0.5871256688902852,0.8598112657892986,0.7911749161530406,0.866842333555538,0.688514951940054,0.774647349561377,143.85903930664062,-5.302192211151123,-1.351651906967163
0.7522655941031188,0.511154600755025,0.791825030163341,0.8412354212917657,0.8685843551615623,0.6288950787208147,0.4742196479438426,158.09178161621094,52.17185592651367,3.209660053253174
0.7122413013372593,0.4219247948887163,0.8051728241520565,0.9705873506085418,0.7980935403498047,0.9932139025630224,0.6315303797720093,150.8265380859375,147.66635131835938,-5.847484588623047
0.6094543368678725,0.8406390854542806,0.8895550823491938,0.9907044087975688,0.9977741995315164,0.936449316789068,0.792211763786676,90.78543853759766,57.18544387817383,-10.578509330749512
0.8296747801175695,0.943908146311543,0.6356560200444886,0.7351832156333734,0.8641429468468277,0.6347541368805109,0.5497294132953306,120.6152114868164,-34.24534225463867,0.2220299243927002
0.7020699400664216,0.8683050618668294,0.743088094935898,0.6674484598005099,0.5476615244960725,0.8080718658106434,0.8271524509591784,151.86318969726562,6.116841793060303,-4.03676700592041
0.5814230097441959,0.5343610272012115,0.9688780614164116,0.7331194203957698,0.0364759854337414,0.9489776505574404,0.9159062117999452,128.29214477539062,106.85701751708984,1.8335096836090088
0.9448907734412784,0.4805711869648851,0.921044291156216,0.8852175775838751,0.4937227797105063,0.8491476680315663,0.3480424199598023,169.26840209960938,81.1044921875,3.0622167587280273
0.6628494228840696,0.6011862598446038,0.7116722328702536,0.6718339574275404,0.3150805434501394,0.8050901773450018,0.6518951771680543,159.43080139160156,53.12227249145508,-0.6617908477783203
0.6313870777929691,0.7004385872978744,0.7554195657850726,0.8463706081948892,0.2191463246087498,0.9297074314728726,0.9608004487608656,150.15264892578125,103.82562255859375,-3.2403037548065186
0.7180663610905662,0.8073050672377791,0.569848747984015,0.717337733221075,0.7301901391851604,0.6647688068081933,0.9766162589713444,144.68251037597656,-84.64031219482422,-3.8210933208465576
0.6521590398586992,0.503199193484649,0.7464100795543531,0.8209334694284133,0.1045131528482135,0.6911331165349889,0.442130144812171,144.2687530517578,70.65689086914062,2.9455201625823975
0.7877786537450434,0.4619061038158101,0.6754508676971094,0.948301225380234,0.9895812753186553,0.6242288734081846,0.7891360054480654,139.337158203125,-47.959678649902344,-0.9575554132461548
0.857587791935147,0.901000910371502,0.6689320607930893,0.8790717048536604,0.3089928368486103,0.9245033217293462,0.452767251172133,151.99349975585938,75.20744323730469,-0.9889049530029297
0.9515566417095588,0.8864135644607734,0.9132742286178784,0.843672316087576,0.193800441173678,0.6774883622336189,0.925884131053418,161.64022827148438,28.028554916381836,-1.5154409408569336
0.8209179014937987,0.7027917398799733,0.6854943606762146,0.6964078476219143,0.0817358063940734,0.7807307993342036,0.9732483592093588,152.8544158935547,22.097400665283203,4.071249485015869
0.8467048858725238,0.4890040702358192,0.9777316859847064,0.8835663914956702,0.6882779109871842,0.8328782422547776,0.722499115357158,147.12899780273438,33.43904495239258,0.9737428426742554
0.9504941804641424,0.4999820540993939,0.7915324427127227,0.94122898083692,0.2538439385290836,0.8376160822809643,0.4907424704095098,154.22525024414062,63.18633270263672,1.5031442642211914
0.8265187057295553,0.8760362029505889,0.6252042500595995,0.9387084593647096,0.5502851062120402,0.7711818664451494,0.5007906951591824,147.6692657470703,33.909366607666016,-1.9262714385986328
0.5147416642497413,0.6349701988086094,0.9523095628357904,0.9833129707056876,0.7722886808818659,0.802383049168492,0.6307580969655877,130.9343719482422,61.15193557739258,-1.5314300060272217
0.5449574677863804,0.5171490246607462,0.612968577669081,0.6765793125398438,0.3095538938259722,0.9790823289008912,0.3175067484946588,177.4347381591797,125.88162994384766,-6.731187343597412
0.7187066653042584,0.6286171656876753,0.5247902178361982,0.9480090985615508,0.622060382231186,0.656816786840615,0.5390967758464658,150.27786254882812,38.97756576538086,-1.8483819961547852
0.5089378529199762,0.5751752725289475,0.8060447577508008,0.931488914810098,0.0012535754763175,0.6590311794908726,0.845576304254499,130.46517944335938,75.01039123535156,4.613774299621582
0.5129280401504708,0.9031386038778464,0.7887099880299787,0.6726943199439924,0.1384499775246839,0.9878596926725248,0.493149685291476,159.558349609375,89.83836364746094,-3.682666778564453
0.5498487553511775,0.8219958646634068,0.6242706160533931,0.6862527024326168,0.388142275281647,0.722938361389301,0.834194431060783,160.98086547851562,13.916105270385742,-2.857508897781372
0.7327068006429649,0.586439925424616,0.5669108740935868,0.9177826549492908,0.498646415746215,0.9018401941576446,0.6968275206090297,159.1309051513672,98.91632843017578,-6.619261264801025
0.7319499954856301,0.4127173049614213,0.9875939620686348,0.9374148203659932,0.8460886893922398,0.6183794161774211,0.7867928506203434,146.94387817382812,-21.852161407470703,2.9503049850463867
0.5337395662231179,0.9003608922222952,0.8086437895403648,0.7810533128152175,0.884071334134351,0.8416096705334727,0.372659525829743,129.6693115234375,113.95347595214844,-2.426976203918457
0.867294019494103,0.8040652582245741,0.9532941336601566,0.9611323151276006,0.1407591051877009,0.986913094427356,0.3979101573125315,147.65927124023438,85.08929443359375,1.8276563882827759
0.4987039839874347,0.457621115951744,0.652536443955505,0.8937430366674906,0.9758302695755235,0.7044171324926398,0.645379395932711,149.40626525878906,93.27330017089844,-4.798032283782959
0.9707139871366434,0.8028478088791926,0.8312083998479431,0.9865316124867868,0.0637443839991056,0.7384645217820613,0.9476930649416044,147.3402862548828,41.26649475097656,2.1422650814056396
0.9799524215440076,0.6575545082181498,0.6301003430469505,0.7106056352062311,0.0530384086612193,0.9623413973217528,0.939567252671924,139.72201538085938,29.486963272094727,5.193249702453613
0.8351230766114819,0.5665822243693794,0.9807339465874888,0.6883051380376899,0.5910400023347948,0.6024665717106064,0.7899933649394588,169.75082397460938,15.828420639038086,-2.3684756755828857
0.7115598782684078,0.3540051980046971,0.6481903849712785,0.8412367102051327,0.4002084487994936,0.9995688587176084,0.7129989602445792,158.70689392089844,143.11878967285156,-5.178954124450684
0.7152408898486329,0.7466213228609144,0.6627525682942148,0.7084333731455276,0.903958977632998,0.8129350201415135,0.5039347248077032,139.08255004882812,70.8144760131836,-2.878720283508301
0.5228624759953318,0.585531916520316,0.7911372341268821,0.7702707511943829,0.4693081499804815,0.6226530898940047,0.6964124728695691,155.41775512695312,42.2203254699707,0.17985710501670837
0.6867258237366363,0.466985258028482,0.7032436749559848,0.8214687428150755,0.4564271343382942,0.9538427474891952,0.5266517981840368,167.26858520507812,129.77493286132812,-3.6602606773376465
0.9852352115093924,0.6163147966041516,0.5211024532777121,0.8550293463332526,0.6909293973794514,0.9392435860214968,0.875366861870303,134.570068359375,5.580538272857666,-5.764051914215088
0.8111611631800733,0.4616545162245904,0.6135902971412194,0.9699276036619988,0.5822665663845691,0.5999184085058041,0.3235080795385214,157.73599243164062,74.46979522705078,1.4457132816314697
0.8094058637151688,0.7620993408342551,0.7255761914153359,0.9346886065459036,0.0592920408700084,0.5799943983678936,0.4584803851788096,142.1138458251953,75.19830322265625,0.7449455857276917
0.7430242494278604,0.5648074411322516,0.7717091819826389,0.8301311477532596,0.5372543722266578,0.9835343000015782,0.9422890225434916,144.66934204101562,94.16920471191406,-6.709118843078613
0.8348624876472164,0.8554491684680496,0.9942557405051268,0.7918018506837923,0.5694356285486392,0.6596686340671647,0.6049284617071002,152.6135711669922,25.199413299560547,-2.052013874053955
0.4651689602368793,0.3864154683007655,0.9621157695569588,0.7143212601966059,0.300035679856572,0.959534619673125,0.695533116349721,141.70089721679688,122.53291320800781,-1.2504228353500366
0.8856862731484372,0.8636785148531514,0.7377455946953287,0.7943462391698555,0.8501951617863276,0.8900912655854897,0.4040368946558578,130.3208770751953,69.68657684326172,-0.8155750036239624
0.4621921944148554,0.77796425176085,0.876307191418834,0.7913161104722826,0.7085514856089585,0.8631922132339118,0.8399083254634855,129.78871154785156,78.97257995605469,-9.27465534210205
0.868619601356456,0.975703038624185,0.8332102232757194,0.8001485326846886,0.5556566989650308,0.7417503543915164,0.5766699951516137,142.975341796875,13.965818405151367,-1.0318667888641357
0.9238312317560284,0.771772878821507,0.5246065783767118,0.8574440563087645,0.5335893457210049,0.779551643152977,0.3490433239293817,139.8693084716797,53.32747268676758,-0.5635384321212769
0.6179525001769184,0.6899906307284589,0.6437304892321907,0.7496075552811665,0.4384604705510567,0.8603801020468875,0.3668830919970497,165.99485778808594,102.17707824707031,-3.148717164993286
0.7372417706312961,0.5136200655659541,0.8618184891973644,0.9044945385767392,0.0113853934894213,0.7161442240561358,0.9919917232289078,132.18768310546875,74.17253112792969,5.746231555938721
0.5799472675479379,0.8300776460117536,0.7697651988616985,0.8196659886707107,0.160824200212168,0.9633886513376742,0.9411037078943664,152.69790649414062,119.03443908691406,-3.9049735069274902
0.8923744729140259,0.8819856968627571,0.7167433358509989,0.945905047747488,0.4770708690505242,0.8140617294342329,0.8971746341297623,143.98342895507812,-16.434911727905273,-2.617464542388916
0.7522588823894801,0.6735141369353381,0.7954803348489516,0.7874664271354381,0.3280578398357041,0.8829991374090632,0.9210275045813612,151.58103942871094,55.703880310058594,-1.6449947357177734
0.9121484114971308,0.872938420448418,0.8255396254247517,0.7715630453557815,0.2073978281741231,0.6186836277352363,0.4018157797052056,152.061279296875,81.40902709960938,-1.864114761352539
0.9430749869097288,0.4903823274276787,0.9977617129200604,0.9991128726526356,0.8632071787613691,0.7157617363201436,0.7114057917057643,148.71197509765625,-42.55854034423828,0.9604765176773071
0.6248380445534599,0.4805634178510001,0.897037117646145,0.8637040536361955,0.6829198665437097,0.8294636012685024,0.5270515397577449,157.15371704101562,98.9946517944336,1.028774380683899
0.6471222920748911,0.4078827252247199,0.7254861383786402,0.9646981994902988,0.8712461577132561,0.9637418060688444,0.499599769585683,165.55221557617188,188.23475646972656,-7.099150657653809
0.5840412039592577,0.5327135941983747,0.591534273985973,0.9863856059865264,0.8856524693368373,0.9878663630656888,0.9538632315870218,140.67007446289062,176.55792236328125,-22.06393051147461
0.8900732423159862,0.4686228909816514,0.5941328711856166,0.9231298252192752,0.921466391533988,0.9840604610644412,0.9024898678085168,129.78469848632812,65.57611083984375,-11.323655128479004
0.8008975362637949,0.4236006547083003,0.7653569379417543,0.7567908185246999,0.5692249955749799,0.8139068324173075,0.9900067153158832,151.11961364746094,17.824504852294922,-1.6015911102294922
0.9258398596813212,0.7258702571885107,0.9917469167223756,0.8957645909435707,0.7928960401222038,0.8725944672279876,0.5270216737262239,137.0367889404297,35.068511962890625,0.6253757476806641
0.8302784262018723,0.938264283558932,0.7298176079528065,0.8836109832089545,0.3207156720102598,0.9900325472180668,0.9456469529177828,144.78285217285156,69.68700408935547,-3.100764274597168
0.8315463840093273,0.498120520920234,0.861534738703036,0.8549900530374718,0.7488782037387469,0.6658057216440065,0.949552497371302,149.86175537109375,-46.370758056640625,-1.4277112483978271
0.579096329227142,0.4140013625460818,0.8873704127687639,0.958055711988368,0.7598383806219463,0.9893416593390048,0.5059984580993809,156.13885498046875,175.89846801757812,-3.4419922828674316
0.4755864793993054,0.7526533772250321,0.6853258648309781,0.923755009589005,0.8679836337089433,0.8370490855193258,0.7297701480820253,140.0382537841797,99.38459014892578,-12.421919822692871
0.4864882205359755,0.5180120360818659,0.6335657274725254,0.8690014420331186,0.0874593621128094,0.9363626115805244,0.443922630255526,163.91505432128906,123.3386001586914,-5.538094997406006
0.8068630103495101,0.7712616994782591,0.5030924993098361,0.8856104681813876,0.4801345607867854,0.6349508011381177,0.4508064359847512,139.15353393554688,29.737253189086914,0.29326826333999634
0.5927524643793437,0.9244818861841944,0.6333314482357206,0.8286404411022679,0.6737366406758469,0.7388892914713399,0.5480044011199554,145.20127868652344,42.987831115722656,-3.5454323291778564
0.8024450586180444,0.4548927786703874,0.8171235095350906,0.6901566521095704,0.4226142142535782,0.986194539247288,0.6124679947473819,158.94801330566406,91.83235168457031,-0.3974357545375824
0.8414393716287283,0.8632887498741607,0.8023186082805132,0.9377709840778504,0.8661700124336038,0.9374408162071411,0.894277617735983,109.1412353515625,-5.695119380950928,-8.735174179077148
0.8488470646275008,0.369168940302048,0.8685573726625708,0.9801190796007871,0.2944216378805825,0.7751623426647991,0.4660977025889373,158.634033203125,68.49398040771484,3.6451408863067627
0.5305296781136875,0.4783016100233282,0.5480371811911483,0.8371004597114424,0.3618650611137186,0.704806844141741,0.3832589176627529,157.9188995361328,97.09740447998047,-1.5378748178482056
0.5335848541874919,0.5743596192504246,0.9224439311367462,0.8662027284281171,0.910876266251273,0.9586103926221322,0.8015989970098356,115.6447525024414,131.9332275390625,-9.286761283874512
0.9627130585814708,0.8330095687444357,0.8159910818078442,0.8674018691813685,0.0484767611439887,0.658147247478179,0.5598253507635419,149.89883422851562,77.73363494873047,-0.5237396955490112
0.7238320340102553,0.9057250383745246,0.8754865827920184,0.919644772011263,0.0664760766558071,0.7733050733656768,0.9438512506318816,145.6079559326172,64.8593978881836,2.4776110649108887
0.8074235684615403,0.4955434666570354,0.6075183283822261,0.7966090641448949,0.8159926227296854,0.7433467654227297,0.5929716567062966,151.0983428955078,46.46556091308594,-0.8084174990653992
0.6104430494688415,0.9634866327431048,0.9797565411981964,0.7809618869006865,0.1396884838959025,0.6195854483356218,0.6930811627038486,147.7484893798828,58.95894241333008,0.09508468955755234
0.8198151435345097,0.4822214239490615,0.8790381409438967,0.9580347328796364,0.8238133573898664,0.9328605942189866,0.9617467206414524,120.68370056152344,27.783090591430664,-5.740086078643799
0.5737643261294612,0.4205565654227274,0.6867721648365444,0.9235699905979212,0.5840410535169192,0.790321610801946,0.4378961645857377,170.7061004638672,123.5436782836914,-1.9799972772598267
0.6256529056306536,0.7073073440696052,0.6732601742858993,0.9101658142545812,0.1189411710541074,0.6747018388347776,0.4879120493129231,147.35975646972656,63.79575729370117,1.4034353494644165
0.6598737623681035,0.9701884607620836,0.7090049212481967,0.8961874928086877,0.5722289980580603,0.6706228874652818,0.5074708341432889,144.43545532226562,21.902250289916992,-0.683712899684906
0.9128684705678908,0.9683805479179244,0.8192150297136538,0.7544571392192524,0.5913132292440193,0.6793148858107485,0.7876031974693107,146.51773071289062,-43.21400833129883,-2.818526029586792
0.5191810336967239,0.9644267529403387,0.663655811512557,0.9314559573493136,0.3329112569002584,0.6988291184826224,0.6068570399258961,154.1040496826172,43.968772888183594,-1.6910791397094727
0.8539456902586797,0.8353894750089693,0.9145631271366356,0.6843433808489964,0.9911656995583138,0.5974666065269456,0.7649806084969883,129.08804321289062,-79.14877319335938,-3.751803159713745
0.6133288029870525,0.8121689642341877,0.7565570181926151,0.708754624061798,0.974661561379732,0.6737548432746441,0.7675611647612044,124.60810852050781,-30.0295352935791,-4.389770984649658
0.5121383981231624,0.926471481402296,0.8600591676255145,0.980698777594538,0.1029654258343282,0.6988635845387396,0.5755505954398421,144.27847290039062,57.420501708984375,1.5590009689331055
0.8241931192530859,0.3916992559311819,0.6520585564579096,0.8310256177392733,0.6048596089441789,0.7893692899824605,0.388415934278537,164.14651489257812,97.27989959716797,1.3855524063110352
0.479303387661227,0.3590176439951495,0.6131930738004575,0.7412088523533354,0.5710192406059693,0.830962973193789,0.8660503089240055,162.1123046875,120.91120910644531,-8.521869659423828
0.8121355632114111,0.6098896034694908,0.6270224613725892,0.9826944547918306,0.055893837453002,0.7104661828845013,0.931660298021926,134.58775329589844,46.56792449951172,4.6635332107543945
0.8753693011866603,0.8602430976355553,0.9928511222373668,0.6676690870317491,0.1504278491598462,0.7921990462582448,0.471593173631067,152.64453125,76.63678741455078,-0.8072566986083984
0.6774551534128281,0.5970346488697567,0.9242555968013644,0.79772508136184,0.6679209193145804,0.8334967454175075,0.56611959300025,151.49244689941406,78.75223541259766,0.15384122729301453
0.5024046263248545,0.6808148406842384,0.7898958744985041,0.8652163019663619,0.9529156811218203,0.7254988398219512,0.5122966163246262,138.44558715820312,79.06306457519531,-1.9038006067276
0.624801121672527,0.9075384411052164,0.5738981774020153,0.8309131016954501,0.5543907254543142,0.729727643885896,0.9300826439420278,151.51307678222656,-14.281222343444824,-4.71842098236084
0.568077204402742,0.6059086592817733,0.6895110118598478,0.6893967512072426,0.6121718093744279,0.8083825678763653,0.7526109887248702,160.2788543701172,66.01319885253906,-5.773747444152832
0.4710337012925822,0.7571714221404869,0.6584131612061955,0.7680894316152369,0.462202248742219,0.9495310201715896,0.6503228042486011,170.32809448242188,142.85292053222656,-11.319342613220215
0.7052133812557869,0.7369214646442468,0.8413200595876282,0.8708449631098907,0.6450832892608831,0.6586552728320838,0.4640049622181662,154.44784545898438,44.02417755126953,0.9044631123542786
0.4402057411909836,0.7890651752209276,0.8789850215059916,0.9822470365874694,0.8340008938321859,0.8022001093043966,0.4778813238880283,132.45314025878906,85.94111633300781,-3.2884624004364014
0.8605210475780506,0.5850243268158135,0.5980048939820952,0.9598662265693916,0.2692037744215299,0.6361172869121805,0.9284116908850673,141.46568298339844,-3.3608603477478027,2.642784595489502
0.5216094440087115,0.7960650857562284,0.9191538451203708,0.9537539557703678,0.2840005995589217,0.579065968869726,0.5595301481522249,146.50277709960938,40.57148742675781,1.7148621082305908
0.8132158294533347,0.4670712399837172,0.535691649984724,0.8634117073602535,0.6625409402267354,0.7484891154477599,0.681630907849065,149.3377227783203,37.12159729003906,-1.7430400848388672
0.5237649357406842,0.729823390115601,0.8511893892630092,0.8054288091717222,0.0701922925685602,0.6935895606432836,0.691801625688897,145.05088806152344,63.051979064941406,2.1219520568847656
0.99266462094279,0.4632729425454321,0.511209413238184,0.871781594484723,0.6069293114685097,0.5722598247954372,0.48337313638663,134.4175262451172,21.40996742248535,1.6991891860961914
0.7464227298524597,0.4331884900291012,0.5982623660431001,0.679668204595269,0.4219618324705322,0.8051431788673018,0.8600999836847141,154.670166015625,32.152244567871094,-0.5683689713478088
0.7329427168344851,0.9812763662976276,0.5143863231173609,0.8191721373748811,0.1207544570048781,0.9565885574071152,0.6154735912275779,157.43649291992188,83.70512390136719,-0.7956787347793579
0.6821446856474251,0.7971985388673483,0.5304617612230635,0.9354593014275228,0.1374075829993324,0.6556319116014309,0.6408891760758026,142.8523712158203,42.484886169433594,2.0066003799438477
0.6426019332394574,0.647571484839973,0.9883410328622604,0.979956543224719,0.6337605368565822,0.7472393439331868,0.5874997062558596,143.60580444335938,34.7837028503418,1.4530311822891235
0.7572485239474812,0.5775136941471423,0.7908253203523212,0.984653085912416,0.5717801522137587,0.6467308428000716,0.5868111724261269,158.9664306640625,24.75584602355957,0.511070966720581
0.6525393387873739,0.3768822525067707,0.5157837088489937,0.7348467258883448,0.2301688621622016,0.6948477462689949,0.5588543106962014,136.82720947265625,57.29669952392578,2.429033041000366
0.7479575077056917,0.5764136958052073,0.5710280659059311,0.7909089454127418,0.5060412240308868,0.6269793639728496,0.9997519538136148,150.77102661132812,-38.98922348022461,0.3061802089214325
0.8203585486762678,0.8675974345974893,0.8076596187252727,0.98866415441058,0.2830880283636224,0.8415341655235525,0.8687117984798259,145.6000213623047,36.826541900634766,-0.9100311994552612
0.4673967355428388,0.6498315099279035,0.8117745495713093,0.6759335359462778,0.5679437671885744,0.9107737564212696,0.8711178763180928,152.14923095703125,104.93791198730469,-10.416472434997559
0.7959681888102552,0.6087684555282461,0.874311063616974,0.9461522249616964,0.1947954241816128,0.7467626205436162,0.3397851667104364,158.55438232421875,75.3375244140625,1.7072025537490845
0.9692164951494636,0.3762257723464486,0.6857901811428656,0.7786267935661507,0.0715543896730354,0.7676723529387135,0.7903898269416721,129.57623291015625,38.405677795410156,5.953842639923096
0.9970717788001016,0.890160449631533,0.6724861162019768,0.9114060866366042,0.8944133744406009,0.8197003405955832,0.338307256287751,123.6401596069336,35.28380584716797,-0.3186168968677521
0.5577378696751777,0.5360262481196937,0.9699397404671402,0.6713564980283224,0.3610723111170029,0.8840731901364645,0.5562526286085692,152.543212890625,88.26097869873047,0.2484598457813263
0.6500103983368242,0.4915047986648508,0.9646155093605568,0.738083274828958,0.7542540655592207,0.6994806531463184,0.837991811340184,146.737548828125,19.337032318115234,-0.6389064192771912
0.998510099130346,0.8218116404134462,0.5441628437933174,0.8903481855185131,0.1450413810396175,0.9404679174949864,0.3957119684341722,136.93923950195312,61.66797637939453,0.5017831325531006
0.8227107251558258,0.7812917090524035,0.5075739541452527,0.8321133334969234,0.3411938124765296,0.8192422044174925,0.45001082567982,146.46157836914062,56.65430450439453,-0.7766243815422058
0.6886934265613538,0.7953160360748723,0.9686810137497356,0.839952678414621,0.6213198367291073,0.7960935333754027,0.978313758987639,128.58023071289062,-3.2975056171417236,-4.67948055267334
0.7011423174908088,0.7341862395078285,0.8354843184476051,0.8781538164599021,0.7093582623001179,0.997576705750012,0.553887045927139,144.44326782226562,127.5421371459961,-5.439877510070801
0.9865643926201612,0.8281847116689759,0.6906069732473278,0.8699659909630284,0.9931564227928692,0.7325165068033235,0.8423840127996534,113.72808837890625,-126.71392822265625,-4.343214511871338
0.528462813516108,0.722705838091697,0.6295157893739336,0.9980781264913944,0.9527755863909396,0.7335408440021959,0.6503131787350188,138.14361572265625,51.05374526977539,-8.61954116821289
0.7134029284738638,0.8684344348429864,0.5719666324009084,0.9650993934859956,0.7268022069089669,0.7814450971565777,0.4539716921186773,146.8436279296875,60.22184371948242,-4.666243553161621
0.4390111865488925,0.8959699226532354,0.8132613921308651,0.6857801999876783,0.5941779099577337,0.6131027287268506,0.6649454764895026,142.9096221923828,8.46194839477539,-2.506011962890625
0.6519846532749479,0.4155903846311916,0.7863335618736262,0.8254484593306932,0.0645171017716688,0.9956167113203388,0.5923111189257058,145.18348693847656,108.92756652832031,0.761305034160614
0.7861242365943331,0.8030235912961694,0.9654032007143456,0.9072930765308032,0.8636653387891855,0.6855536681709063,0.4553730739154379,137.33233642578125,16.5322322845459,1.857580542564392
0.4935821423173275,0.6646587823642462,0.8613107972131442,0.8019667173036269,0.043217271910921,0.9237976571937248,0.9892566056510198,137.16253662109375,124.6615219116211,-1.1357661485671997
0.4609297523934988,0.4779334544993178,0.5787329768267363,0.995156646655288,0.1318923757697273,0.963780472473561,0.5720000343897811,167.40672302246094,176.22732543945312,-10.607295989990234
0.7636357469310749,0.5214458517464151,0.8302094057553625,0.7547876121290769,0.4527702696074654,0.6467967703232987,0.6097536001559276,162.39730834960938,50.214569091796875,1.3875179290771484
0.569413236639754,0.9643542814315968,0.8216298313429137,0.6818837959026038,0.0940741810092699,0.6117063895866782,0.3932544930728059,141.5403594970703,53.8578987121582,0.9803673028945923
0.5194735332548487,0.4308941437112994,0.913111875271537,0.8321608496651448,0.6008757589822457,0.877610992327845,0.7651206386733803,143.06552124023438,112.4217758178711,-2.8772692680358887
0.7189558833763705,0.8362031329045797,0.5236953239253224,0.949953708630479,0.6430764645238879,0.890912042883383,0.4500047442517031,157.272216796875,109.46512603759766,-7.893067359924316
0.9214178319068742,0.8561010727003037,0.5353386388196955,0.9751020673954056,0.2132400388450052,0.9838961323105112,0.776869199702342,145.8302459716797,74.96676635742188,-1.8557519912719727
0.8705601794757922,0.6940116768562818,0.5914497146133323,0.9989049947291644,0.0571363775025282,0.9943550224413592,0.8040969275157879,141.142333984375,104.21484375,-0.25168025493621826
0.5891997545442218,0.7399866546267444,0.6987503295323303,0.7810991805594016,0.639899925745142,0.8205099572136851,0.4576769427589006,158.8401641845703,97.40172576904297,-3.628908634185791
0.9783112464469916,0.5320617245811748,0.8992830193432297,0.6904978030051862,0.2055979886464003,0.9890673055451012,0.9051487095105752,144.13754272460938,50.181888580322266,2.0288751125335693
0.9450219351492072,0.3780256486010622,0.5937632846491685,0.7870237721270434,0.7384316006136196,0.8071192830004099,0.4610518798327565,153.49710083007812,72.90355682373047,1.3174769878387451
0.9556454254856696,0.4919447583464807,0.770560479610044,0.9061931093315544,0.8756207537836662,0.7634609168902106,0.3330514175657875,162.3053741455078,74.36015319824219,2.9860472679138184
0.6496424549080086,0.9577226234956808,0.9327026373287708,0.8734033067414946,0.8861985406885416,0.728346917487019,0.3711110731989596,118.19329833984375,43.04975128173828,2.461132764816284
0.5138990874752192,0.5085238025823475,0.6264596336370654,0.990703788172992,0.7028636095576248,0.9980127000979372,0.943626235051366,150.98043823242188,207.34573364257812,-20.810775756835938
0.8499162575572234,0.4464403265861923,0.5942999636959978,0.7360640981184331,0.8043666981134878,0.9823526973953948,0.97890910774259,141.49951171875,59.103759765625,-9.528039932250977
0.5144319959356072,0.8354671353148913,0.9304170448410464,0.7178305116837392,0.0072428302186234,0.6590312118974769,0.6945948873461751,143.02261352539062,60.934364318847656,1.6772089004516602
0.5598810684317717,0.7110702097220325,0.5302508124057916,0.9500102619114734,0.0065973276002813,0.5965227593620128,0.7230163491935249,133.22219848632812,54.34105682373047,3.9953341484069824
0.8228711503731969,0.4884117818101269,0.5572646274488086,0.68064958021373,0.9645376902135429,0.7492246116797685,0.7981341828590877,138.5266876220703,-13.35002326965332,-3.0280303955078125
0.803988518957131,0.5862730064595422,0.8048205003117743,0.9522868757155668,0.7234293234476925,0.6304880484530382,0.6837132864933813,154.30429077148438,-12.740558624267578,-0.14915268123149872
0.7319623566822253,0.5405199779864271,0.860328183514792,0.7216643939048547,0.8640737285052829,0.5871905740716307,0.9325789547275282,150.77703857421875,-55.87103271484375,-2.2159006595611572
0.968943473727024,0.4191266087479586,0.7957324844739413,0.9993712861669634,0.4747620027042414,0.8914766068535657,0.7449113411475817,147.36819458007812,36.91370391845703,-0.0049526928924024105
0.4649536534400896,0.8825921673733903,0.6364287288959357,0.976945449944418,0.9299234231591677,0.751787457692594,0.4789677133704317,137.11624145507812,84.35553741455078,-7.856900691986084
0.6812434001256998,0.5226302730805727,0.9698862429840204,0.9584424174572144,0.7538556041094622,0.6525025959563229,0.8118292011315005,140.67733764648438,-18.484302520751953,0.8347501754760742
0.5452882733251527,0.9621049950534796,0.8255994617743947,0.8517308141988569,0.0011723066263411,0.6182187111610756,0.4183254860482764,140.2469940185547,63.9356803894043,2.3271706104278564
0.8859446268230073,0.3768935763348252,0.8198750184433168,0.769264319040809,0.3763591423620062,0.7703306070684198,0.4530900068656547,162.1990966796875,74.77269744873047,3.2900378704071045
0.7288552758423293,0.4004846303415925,0.9014702405074668,0.8575957611619127,0.2201921309383264,0.8855985053677153,0.4755024716022996,153.2928009033203,86.49269104003906,3.8606066703796387
0.8994470665289236,0.6575253118794598,0.948224318568974,0.7460995312973434,0.2782393264717052,0.589472964379398,0.705037273966764,169.75668334960938,63.44688034057617,-2.7882771492004395
0.7266096311509984,0.5737037754980732,0.7334227516114826,0.9243305077419152,0.0493272092899777,0.9250874415169664,0.4606666593184173,150.01663208007812,90.7581787109375,0.5662651658058167
0.7009469134674691,0.3814325989906609,0.806298770313091,0.8407210024534867,0.7911367146170045,0.7854321001898029,0.337722379462099,172.24595642089844,127.9028549194336,4.089241981506348
0.8140442617210013,0.5521732817182966,0.7150333931936579,0.9947510866855268,0.4503178037941771,0.6994752129332407,0.5894472888996023,156.94082641601562,37.12368392944336,0.0076774419285357
0.9861616675867848,0.796986079342095,0.7315179981947456,0.9933744061214972,0.1638989914547735,0.9504708646046164,0.9291238585500918,138.72036743164062,52.40593719482422,0.9719586372375488
0.8494831713448104,0.6147149476275309,0.8591445934522632,0.9737743980440174,0.1137760511091403,0.5725535814428583,0.7100724001929604,151.5613250732422,63.73811721801758,0.8974456787109375
0.9897069237430822,0.8670445372363821,0.5855054241616214,0.953932970347255,0.6126115976917703,0.577144142698729,0.782601022241812,137.47793579101562,-94.86575317382812,-1.4077825546264648
0.9856388850380158,0.7921340611059264,0.8618482377759813,0.9514738241831228,0.9773477925564829,0.8256605181674158,0.9715319593531776,104.14088439941406,-127.14021301269531,-6.882237434387207
0.8041825989525019,0.9642784746397204,0.8606970691118125,0.8151809529137984,0.5626345568870474,0.8006724588232208,0.9371249939646752,137.8552703857422,-23.164133071899414,-3.911917209625244
0.6710117670217939,0.9768849829115664,0.7517361603538399,0.8895580111148661,0.1706548957861059,0.5782146136892565,0.4773700897752278,146.651123046875,52.64848709106445,1.3434622287750244
0.8087173188053431,0.5736260459845935,0.7599915632254406,0.7759792004734634,0.345119954625978,0.7081964106709101,0.3294588051980379,158.34320068359375,78.92642974853516,1.5888478755950928
0.9805158862803292,0.6954753027982737,0.6292974383079613,0.7243644392466215,0.3221585173113014,0.5956701347109203,0.9658766895104146,154.12124633789062,-49.072696685791016,1.8415167331695557
0.4639829991691254,0.8930430799501309,0.833880604368122,0.7920638826883959,0.6536510304607837,0.9884595324712168,0.5898317681803406,140.65170288085938,151.6654815673828,-10.269208908081055
0.7334321441275011,0.9644376769058032,0.9567475357376514,0.7894347694016454,0.5196797681894771,0.7233498858000925,0.3756104822742633,142.81985473632812,60.77665328979492,0.8132559657096863
0.6263724533291605,0.7206725674912979,0.923808653777197,0.7555243268599822,0.9090541733024272,0.840231247279882,0.3225601727336288,138.14730834960938,122.25282287597656,2.6043994426727295
0.7694905011845943,0.4042309850753606,0.7306794913960364,0.7664664175154486,0.4595188872348126,0.6947154636935303,0.7133705242041912,157.22988891601562,42.29445266723633,2.044401168823242
0.4345525880053464,0.9268693863572052,0.9134955285342252,0.942749498630681,0.6588326353224121,0.9620843370865296,0.6854652113814885,118.9306869506836,126.55049133300781,-9.880901336669922
0.5557090671264511,0.8953242477390753,0.6067366064704955,0.8239825475426971,0.3242198546179339,0.9231877203971866,0.5741988798034803,167.814697265625,111.8301010131836,-6.778456211090088
0.7286627580122063,0.8038356010667788,0.8494489671580479,0.9871581142399616,0.853560932840508,0.8722933006671327,0.5495346596055883,130.71820068359375,53.34400177001953,-3.388792037963867
0.852900415187912,0.8114784503101707,0.7195670230231855,0.8170418211734769,0.8201147912668406,0.8763701401149431,0.3907156546664557,139.27459716796875,79.81239318847656,-1.0937025547027588
0.5484017030429555,0.5232167102936719,0.943862016028354,0.7671450595772613,0.4042753523226439,0.7024859049747649,0.5886941062742239,153.6031494140625,68.53379821777344,2.169292449951172
0.7578090886113563,0.4320138879300717,0.7677552511841528,0.9208076521781454,0.4134503786777262,0.5949828747099758,0.9324755040762632,149.87681579589844,5.109013080596924,2.3223540782928467
0.503322246754714,0.4663534446622195,0.5577186794747495,0.7625696802176528,0.8526910459971486,0.6240546772687603,0.3730306160851848,156.99502563476562,120.94730377197266,0.24082644283771515
0.8189437827283415,0.5581980486620728,0.95856363273534,0.9476538493931452,0.484225656771052,0.5802938720940031,0.3633507784453976,172.78968811035156,72.87843322753906,1.6283845901489258
0.5544033221347897,0.4211165397143148,0.8188644993067447,0.8758498591766604,0.3249473608067631,0.9841873687560818,0.969647211174852,136.81185913085938,154.24940490722656,-5.6574883460998535
0.5221709748021394,0.7443159475482476,0.5542692014659694,0.75653979872714,0.1304159339546982,0.9433060777178854,0.906617222346113,169.32229614257812,118.30145263671875,-6.287481784820557
0.7858382872790146,0.6460058482090112,0.9605499386447902,0.928974789072657,0.8117494267194658,0.8745776914765988,0.5629328751092841,137.77420043945312,55.279090881347656,0.27160120010375977
0.5867147647757748,0.4228780125732073,0.6331930431347184,0.6759069402046608,0.4382889221514928,0.831009849158321,0.6878044059436976,163.45321655273438,85.17776489257812,-3.3063418865203857
0.8779543092378466,0.8365977922232934,0.8568533255626019,0.778966736562665,0.3805807332238747,0.7872671016673761,0.8413040149907188,153.64822387695312,12.412935256958008,-1.3006837368011475
0.6431405915902995,0.7661027089147805,0.9396207724303776,0.910005524824154,0.5975919332519248,0.8493424209599403,0.7385879802927796,134.4388885498047,50.62971115112305,-2.9044530391693115
0.4928556648327826,0.5835862266485822,0.6345715336729973,0.8261828858303644,0.9563507355452442,0.6813161671634258,0.6905496152028378,143.7091522216797,58.00398635864258,-5.685901165008545
0.5638128779528817,0.7732313941219053,0.5340584051367024,0.8986291686258783,0.2769240118632524,0.7431946342432093,0.7675684953350591,157.75991821289062,59.038291931152344,-2.708500385284424
0.9460912614875364,0.7136259113818036,0.9521676192409632,0.902820595452852,0.2398609988709128,0.98118044997209,0.9348465669467124,133.30601501464844,63.21656036376953,0.5486345291137695
0.8897524029190522,0.7757315479334359,0.8353040211741578,0.9077669608932928,0.5273375971148777,0.7199472002888294,0.6139853963064867,154.37660217285156,14.87641716003418,-1.0906703472137451
0.450977242529147,0.69499793607732,0.6273425294008628,0.7049818994926391,0.389908528410532,0.9544836832047848,0.9087434482145336,171.88101196289062,134.95701599121094,-13.286947250366211
0.4619501090910839,0.641132018844186,0.6142594816636447,0.851806530816142,0.5480352370718814,0.8466358466370685,0.7065850826265253,166.61294555664062,124.7656478881836,-10.412514686584473
0.4610385800276287,0.8310514561689404,0.8701815261488195,0.6891251307855308,0.7442980724993838,0.8838656228102906,0.786319636363465,130.19065856933594,82.25045776367188,-10.065603256225586
0.5385867433675992,0.8972614327789493,0.9679936382680036,0.8975115203136158,0.4666594001293949,0.8122627874810779,0.5400997037514849,136.82723999023438,62.86943817138672,-0.5127584934234619
0.8555338757997255,0.3702224267977259,0.566677245876671,0.7050455047931853,0.7912312905288413,0.6904448746508717,0.5371675659034736,149.40658569335938,48.92005157470703,2.3651602268218994
0.9169390859913475,0.5519639620467848,0.6306324467203163,0.8248516384262903,0.1354581642228317,0.6220299086515882,0.9590651669315916,140.09918212890625,9.92264461517334,5.14131498336792
0.6398208049620939,0.743309160764417,0.5960742608172365,0.9815617390609436,0.6546340346979869,0.579173518663607,0.7764247412339355,145.4505615234375,-32.62921905517578,-2.3016622066497803
0.4381152516158509,0.9829426653532938,0.8233750133809136,0.7060420371334017,0.9627778560717818,0.7328231764027122,0.588694946994853,106.60246276855469,34.74047088623047,-4.655871391296387
0.4360015643580752,0.7198354883391685,0.9286940315285692,0.6741784147897075,0.196415482154458,0.754834750294491,0.374932663824601,147.75845336914062,57.91583251953125,0.6809211373329163
0.6692905084421771,0.3813786724497597,0.630722044096105,0.7498014732277265,0.6291424798561421,0.7227921179126697,0.5349095607104908,161.40000915527344,85.0405044555664,0.5572649240493774
0.7129031903951006,0.5113659590178045,0.9985422338622222,0.8705043993921521,0.9542184948985027,0.6999295135788727,0.8575925333702773,127.57861328125,-29.89020347595215,-0.2266528606414795
0.7842619824140935,0.375425548604441,0.9758865157395168,0.904555917441384,0.3318692508491829,0.8836948409064076,0.3292846107475397,164.28665161132812,88.34355163574219,5.685288429260254
0.8044153753725611,0.45603313863889,0.9070526931267926,0.8680494915043556,0.6617943391562188,0.8856147182616063,0.376689483081716,167.08245849609375,105.96907043457031,3.435204267501831
0.6934104433089252,0.8509018351789511,0.5522032547934987,0.7807118060064427,0.7566348397025934,0.986422855542479,0.6341804604046491,149.19834899902344,124.46585845947266,-11.57241439819336
0.4389608014033477,0.7705841993651741,0.7395516253024221,0.9556518010240922,0.5724420139409636,0.6747041362998438,0.5240870470231286,153.34359741210938,56.4561767578125,-2.6821165084838867
0.9517346694276758,0.7415234264483892,0.7033991192490019,0.8023070226456293,0.7250415474003803,0.885266297688013,0.793660109230243,137.67640686035156,-7.607413291931152,-3.824812412261963
0.8833213329523819,0.8092240752277011,0.8683326403877549,0.844869050918721,0.4461876520687102,0.9521646911437428,0.7662483179155295,142.35267639160156,51.8802604675293,-2.0652847290039062
0.8058512415038941,0.6112171964440172,0.7987775886747153,0.9648317243686124,0.120743175868571,0.8965278075576354,0.8871303286801226,138.66220092773438,80.41172790527344,1.8145148754119873
0.91968756637584,0.459384797978284,0.5051052405845452,0.7700018343783301,0.3484909985983696,0.7404532584923043,0.7178917956501905,135.27630615234375,11.048467636108398,2.8707938194274902
0.5485752073834943,0.3506018972583657,0.7906754672433765,0.7285871266515392,0.1952940372260463,0.7388004110918629,0.781325227358215,143.92852783203125,70.8692855834961,2.9305830001831055
0.8592056555822023,0.9902209371949466,0.7401690555104634,0.824975305719582,0.9967897122145598,0.6378918101613482,0.8398460674766556,107.66114807128906,-145.58126831054688,-3.7813706398010254
0.6454593218603315,0.5673407052636639,0.6921487757170739,0.8401822950409898,0.4326640184136515,0.83503679960962,0.403225370828615,167.02345275878906,103.82950592041016,-1.6608092784881592
0.7782529803630985,0.6108412552398175,0.6973790404940237,0.8935150435210342,0.1372444661787001,0.6789724677388547,0.6065084264810326,145.484130859375,57.21624755859375,2.3733468055725098
0.583927986329225,0.6020561542637699,0.6317803978275764,0.9765165057901316,0.2278942059909933,0.8581954590744783,0.7465542889144748,155.77532958984375,109.2654037475586,-4.33569860458374
0.4533366774512415,0.7194144118221752,0.8924176288273677,0.7149531547631853,0.0281462813154247,0.7812390572568015,0.7885819769195486,142.32412719726562,68.88033294677734,0.8025887608528137
0.8638795097339758,0.4872114365644194,0.8887263037541007,0.7626528840199776,0.02381365741209,0.6767477836142123,0.7270822988503907,145.7880859375,76.7175064086914,3.0285167694091797
0.5152451574130881,0.4112081201713647,0.5729950084182585,0.7153798746654503,0.408902440413893,0.9207232453808856,0.842276372292473,167.15603637695312,135.7032012939453,-9.637274742126465
0.7598556956375662,0.5695656596436317,0.8529425952135965,0.9455636621858328,0.7464094546552817,0.8208776635555567,0.5760335142545467,152.03965759277344,57.16515350341797,-0.5331152081489563
0.6887678570873748,0.4573642342985814,0.8915609084958402,0.7495862878851466,0.4117140450143086,0.590693902100881,0.6873157155531672,161.1593780517578,53.41241455078125,2.129260540008545
0.7677330833850462,0.9335273689664494,0.6181087799278417,0.8151173067265048,0.7891173704485008,0.750473725397125,0.3538274400328049,131.68777465820312,54.198272705078125,-0.2576945424079895
0.5933529068570748,0.9082926594816364,0.9252798430786886,0.8141356219752893,0.9705174507490708,0.8065912271911184,0.7492087751083827,98.2009048461914,7.603646278381348,-5.399300575256348
0.7638918072811862,0.7640872897671009,0.5569755601667458,0.8300394836656384,0.9868702608740128,0.6485473831322295,0.7624293034206244,123.2581787109375,-66.61188507080078,-3.272583484649658
0.8764819370580696,0.7827919887072087,0.6007155546167653,0.8158012237041505,0.9883942801812506,0.8381351993178501,0.5354064476771027,122.84725189208984,34.44319152832031,-3.1929354667663574
0.8035853814853253,0.8988267394418294,0.6004751027361187,0.8219515333069072,0.1131066887534458,0.8033914771924743,0.8381542500262891,150.98397827148438,34.03156280517578,3.354562282562256
0.814767150864375,0.5471708766834726,0.5312461056129049,0.9279118625747778,0.9258879784099492,0.7668315030932411,0.9097152047297896,131.6875762939453,-30.393218994140625,-7.242271423339844
0.8280586449077572,0.9660772381789224,0.7611420057520735,0.7428268362079122,0.9321741082382836,0.8622068460566898,0.5768858380709785,111.21466064453125,20.24127769470215,-2.713533639907837
0.5211813924262257,0.8431303608700845,0.6374691530767576,0.9132196521119929,0.4954367324706104,0.6512006721846881,0.8282127089609497,151.80404663085938,7.232962608337402,-3.4034011363983154
0.8342717937519805,0.905572868764314,0.9530057477084884,0.7035452250272294,0.4301952677612133,0.8492967069390477,0.5549216827697797,146.3017578125,53.633460998535156,-0.7321144342422485
0.5193119010323557,0.96750216831507,0.8474632660990147,0.9192915609721308,0.656066605905918,0.7889522661308899,0.4735855436632481,136.03121948242188,62.14581298828125,-2.287107467651367
0.954473542153654,0.8303599870540692,0.6380092229774686,0.7601100812137045,0.9062096973472724,0.6248886512223514,0.6130760364284571,124.32633209228516,-62.11669921875,-0.3704582154750824
0.7702831725769799,0.6713429321692679,0.5280378835360261,0.7615288257030975,0.878911438852027,0.9850916949034584,0.8137907167803735,140.9513702392578,94.9628677368164,-13.146825790405273
0.673014074627816,0.3596244426469626,0.5370649497457736,0.9137392513413164,0.7166328347316561,0.5841055987140202,0.8200860280908532,144.31301879882812,6.011830806732178,0.14611715078353882
0.938629675802737,0.7125394933412472,0.6278486024017218,0.8992806639170785,0.721912850440893,0.8937521599161762,0.5774665131858936,143.15487670898438,43.28290939331055,-3.724153518676758
0.9892687985862888,0.946596383934691,0.9024799606483916,0.7731623395627774,0.9432523988749,0.9318487613526396,0.8648321551399506,94.01272583007812,-56.65700149536133,-6.016263008117676
0.5574794211187534,0.8726972269869044,0.7355992934421531,0.6757030478818172,0.2436579561233222,0.6872596655245278,0.4857610585708045,151.50184631347656,40.4174919128418,0.22540728747844696
0.5455818149387095,0.5962231264876048,0.7456141227699046,0.7750018911760129,0.1775589821235225,0.8248044146949708,0.997751369978254,150.41360473632812,81.53398132324219,-1.2649414539337158
0.5283690389079866,0.7056953030814089,0.8734452605601883,0.9897190321060642,0.5712118899545462,0.8116106551206245,0.3358150339075003,159.83724975585938,93.30022430419922,-0.24962535500526428
0.6094711813130295,0.9101872005530398,0.8521946642791727,0.8059174837060633,0.9632812910331496,0.8627180513199715,0.5703289133558147,110.65523529052734,69.87684631347656,-4.411088466644287
0.5856318325776082,0.980224530269766,0.6721280522032838,0.7875443726590197,0.5703559875915795,0.762552828769295,0.3687293621037633,146.62258911132812,68.70042419433594,-1.4722259044647217
0.8377585646381598,0.6828654412159314,0.6933205682916705,0.7895139308526334,0.0772940635234658,0.7704852734195502,0.3203788335173175,141.66122436523438,64.73758697509766,1.5675888061523438
0.8094451608429482,0.6122264527375143,0.8161790783645442,0.9756731788862872,0.8820353501937197,0.6974250244473903,0.3759346592214212,156.40640258789062,47.038238525390625,2.3582215309143066
0.6507851165175375,0.8834584969395726,0.9647736685797872,0.8563204663431598,0.1618138651046064,0.5773477685397771,0.5637741205031008,150.23609924316406,68.49903106689453,0.21768788993358612
0.5926039266094377,0.3560487926270688,0.9361330356216072,0.871010443756848,0.3729065230762585,0.9698220958835232,0.4918666687627812,155.0781707763672,126.7705307006836,1.8570785522460938
0.7869114655015319,0.6224555736160446,0.5781740974648014,0.751821067883025,0.498231333218893,0.8591149519158008,0.5068512565707974,156.80905151367188,73.13935852050781,-2.0936121940612793
0.6834737926607979,0.6606915198198345,0.9449881723817508,0.8137200583817954,0.1514079352609115,0.8793829310939003,0.6919888225107962,144.5261993408203,81.23109436035156,1.6938579082489014
0.764605451424782,0.4538535715732683,0.8980953986579208,0.8626030227024547,0.8748966547874844,0.9451592299422306,0.4505579423643563,154.67092895507812,133.2082977294922,1.5493379831314087
0.4433334613725803,0.5614756038149228,0.5744205605585387,0.7176493722882824,0.9863791196182716,0.9284533478898958,0.5820388353263031,163.15957641601562,224.56961059570312,-16.977415084838867
0.603521161027315,0.95571125644304,0.7648106970705553,0.8750140601576546,0.4184394586657115,0.7412516207908073,0.5395932372219716,150.52635192871094,47.6824951171875,-1.041685700416565
0.5754473897476913,0.6201588139882319,0.9376139952696104,0.9242328338653504,0.3131521406485467,0.6902282083919744,0.9182106506161763,139.07505798339844,39.80369186401367,0.9077807664871216
0.4894566382290807,0.4137020799571505,0.7351249543436957,0.6938628401387644,0.3464689184073863,0.7913481731259544,0.9561640688857084,153.52813720703125,76.3273696899414,-3.0656120777130127
0.9065517901111276,0.861587297416375,0.971710104282916,0.8892449506498488,0.3233427632332305,0.8320515209807879,0.9914523890471894,142.0208740234375,16.851322174072266,-1.5774482488632202
0.7289238236423561,0.6153231879406131,0.5936502709010333,0.9169117244725018,0.6809864671524857,0.84067801990539,0.9033295187466562,147.27024841308594,38.95652389526367,-7.915148735046387
0.5339088705134999,0.4766425241183774,0.5121496191390787,0.9151854769147578,0.2587309105430009,0.5875674309116267,0.765491974792148,138.04730224609375,51.29534912109375,1.6943333148956299
0.5586577681572825,0.4668547058957148,0.640794567949746,0.7582806930796424,0.6986044737011734,0.8937805931047618,0.361725528889827,177.72201538085938,175.10400390625,-5.494441509246826
0.6826621530514521,0.3828124737860646,0.5912957656132973,0.6875112107542997,0.2570869547534958,0.7540358211658214,0.7828669975487332,146.72915649414062,43.596656799316406,2.0818467140197754
0.9912852829917492,0.54676428889358,0.8051669130927162,0.6719059806708028,0.2938362944809137,0.7311557435105736,0.5909006740256662,158.0258331298828,43.044742584228516,0.40902629494667053
0.9705509726339708,0.7130344847673316,0.5502428633205455,0.9274259080533208,0.1530001211491859,0.7645328060915266,0.8803682606326502,136.14114379882812,9.26829719543457,3.701451539993286
0.9103899192455484,0.6103589918992243,0.5237715547898618,0.7144969033837484,0.1179677498919769,0.5812965364215695,0.5941297907676149,119.7450942993164,23.581558227539062,4.255627155303955
0.7343284583038094,0.7205278819908733,0.9388980101020472,0.8593359520292968,0.0675156520909834,0.9462596916782512,0.873066440909439,135.16616821289062,98.9126205444336,2.126875400543213
0.8000694217743591,0.4406510925773662,0.764146359645172,0.8930913794855846,0.8196259773991966,0.6567867301127599,0.9891100850612252,143.78285217285156,-59.7675666809082,-1.6656913757324219
0.5944128697114648,0.4917944417156337,0.9875180386591678,0.9426060266842,0.8698827839656432,0.7536395479914852,0.6486389933352478,134.6079864501953,44.24783706665039,2.2876179218292236
0.5535147013095268,0.6250506137024905,0.9284843930322147,0.9852857212955314,0.0344235548052492,0.8901387168881638,0.9111318676131344,121.6781997680664,113.29277038574219,2.0467052459716797
0.7979265798478666,0.9975198091652172,0.7872141199352718,0.6836950779893809,0.2585983780891706,0.9718505793250208,0.4737580322596872,147.5721435546875,68.39491271972656,0.2474106252193451
0.9732065910549528,0.5716041140270018,0.5995064406901253,0.812974903197843,0.8881167945880697,0.6189368896182742,0.6186892889850755,137.80380249023438,-34.74323272705078,0.6268907189369202
0.4789708756777659,0.9957043786280504,0.9488157701699924,0.9589355554770256,0.5209004050406262,0.7614600565869378,0.4169241665517234,132.9653778076172,50.648292541503906,0.4207260012626648
0.7966975183675336,0.8865364181658067,0.9502070738228244,0.7650472082744944,0.6960737057321867,0.8941876394942982,0.5640982304875387,130.30758666992188,55.123023986816406,-1.2830018997192383
0.7523633969514036,0.3999333383261655,0.7332487079699039,0.9997205391060796,0.1862964278918049,0.6339751624501028,0.6698019886482458,140.28271484375,56.9012336730957,3.7420105934143066
0.5481926137227882,0.922070670954717,0.9055994224914096,0.9922377770063974,0.084743805961891,0.7287526175035858,0.4853744696519178,143.56687927246094,61.12644577026367,1.8958896398544312
0.5068170325162251,0.6504216201338524,0.5808181957983505,0.7613715442366324,0.9949787980589504,0.944091293813578,0.8299410063596648,144.1705322265625,164.83607482910156,-20.3232364654541
0.7252763142470764,0.7752238071909157,0.5988575003407381,0.6942942559157036,0.4836824979025101,0.8869804395008597,0.7506347148514467,157.77886962890625,45.02857208251953,-4.449631214141846
0.6304930453801152,0.9943073256376704,0.794632718650974,0.7693272897110841,0.0412277929731602,0.6848261964669565,0.8716176397297201,154.80581665039062,45.7684440612793,2.9955830574035645
0.8293643937942868,0.4346291238986662,0.7169740864690138,0.8996834945122187,0.5574543950484769,0.7285933142079835,0.5965059965946057,159.00074768066406,48.946807861328125,1.1098964214324951
0.5984330785634606,0.9660111378764,0.985501064245246,0.7423450131908523,0.324017317264407,0.8919307673406891,0.3829999900758894,139.8632049560547,81.10515594482422,0.7157810926437378
0.932769069247091,0.9397593566665456,0.7151928108498632,0.9107477235189684,0.2837686519283679,0.9178605359046818,0.984783038859528,144.14488220214844,24.245378494262695,-0.2943550944328308
0.9056512023061276,0.6724456096135845,0.8476535243056262,0.9083974409086424,0.0154908597979692,0.7689218971229347,0.5649003505296888,145.2193603515625,73.94505310058594,2.0917861461639404
0.4863709706453852,0.9463604820578722,0.9782104501672364,0.9272409683408618,0.8468847546892944,0.8675672039537283,0.6667992523435136,95.87565612792969,56.1174201965332,-5.360769748687744
0.7598731952137051,0.5465329243489492,0.8247652190784652,0.8121971545437602,0.5740452592422408,0.5976756108882139,0.3169749278312153,166.21893310546875,88.71980285644531,2.8488540649414062
0.5582905063595169,0.751065877597906,0.6495058641178977,0.7149360320216862,0.7208182087375588,0.7022332218507935,0.679017841130626,150.32228088378906,28.3327693939209,-4.160096168518066
0.9239881967428308,0.4700864799741394,0.9873832211677238,0.6801075640918466,0.9353243514643924,0.935142226264084,0.748469683573552,133.9187774658203,42.51453399658203,-0.6011975407600403
0.6952460254027255,0.9827493210998856,0.8857786773490857,0.8088847177618325,0.1841921951686689,0.6638977156773204,0.5577836257310088,149.96170043945312,56.930747985839844,0.6213220953941345
0.6689049621116065,0.8448948442427825,0.961967362171867,0.7726136228179359,0.5344550882887681,0.7252235351718486,0.4744546439523481,147.11219787597656,55.90387725830078,0.4926575720310211
0.9356416720379817,0.4052755101922274,0.6064795506431083,0.8725478687005211,0.635181229078406,0.9178499692308332,0.4947189163074721,157.22427368164062,92.94453430175781,-1.6437231302261353
0.4301915022043056,0.6621246184039626,0.7866442164873181,0.7920491598344503,0.7508109628133199,0.9467235758746086,0.9114499455984648,138.45791625976562,148.02078247070312,-16.170589447021484
0.977678898067442,0.700198240092844,0.749990749506542,0.8645368010462728,0.4246172535831284,0.7238427533080485,0.5503885378316125,155.09742736816406,30.553638458251953,-0.45522230863571167
0.5072625398498465,0.4082183876541899,0.5180018437671311,0.8182914667173735,0.5727201743631906,0.9116390607506616,0.4254345178321206,184.08993530273438,195.9556427001953,-11.007784843444824
0.5919636185266421,0.3731314826099953,0.7625601711229788,0.7121273234558858,0.1190057226736139,0.7734938740595647,0.6937277556599097,142.8405303955078,67.28842163085938,3.207960844039917
0.6342323376667749,0.9678493471882734,0.92267734476772,0.7403638190751207,0.2072156065119261,0.7579327986794955,0.6586954211515973,148.04278564453125,53.12128448486328,0.11261916160583496
0.4916452586347858,0.6962172811720045,0.944846226405934,0.6702948840142849,0.3721453155446634,0.8490024290446518,0.9502373973984112,142.9719696044922,67.77046966552734,-5.2223005294799805
0.4521271894549626,0.4300737497933412,0.70929941816399,0.9677913130996968,0.6455646387758741,0.6041548279962486,0.4426184763458627,161.8102264404297,86.4923324584961,1.4468176364898682
0.7608806516020704,0.9097472618501364,0.5831856923442321,0.9287830668045466,0.1226880041590422,0.6700858935962357,0.9160996361411394,149.2342987060547,16.386856079101562,4.0825605392456055
0.6823754204965795,0.4113368148933348,0.8544917345354872,0.8837424090918806,0.5101172468624879,0.8506236659925346,0.5939275050151567,158.51271057128906,93.32305908203125,0.994848370552063
0.8137567299930748,0.3722490872530117,0.739977381564989,0.8176798988751168,0.5039650859213515,0.6314012487193743,0.4779081682078696,161.60501098632812,70.4521484375,3.352978467941284
0.8544275671850953,0.959084127795924,0.8081913329100573,0.7321148187916671,0.5387588562196564,0.8071233621898055,0.4460057469798053,142.22244262695312,45.43868637084961,-0.05552535131573677
0.634574014625864,0.6144328628773005,0.9922577266204464,0.9227865750172668,0.3661930941551838,0.9106239547638124,0.4202352511134843,152.07447814941406,92.44248962402344,2.2433950901031494
0.6012090228352942,0.6105337360484283,0.6978149416725601,0.9604034361187668,0.1549203275238169,0.8595826913713108,0.9249267264444332,145.3161163330078,104.03023529052734,-1.6922152042388916
0.535484591911074,0.7762594990353933,0.7820176946205323,0.9745561371820408,0.6179826756619246,0.9303786654266026,0.8818273949819285,136.8480682373047,107.9439468383789,-11.837433815002441
0.6089966356134512,0.799334994845593,0.935352933440053,0.7452723661294325,0.265466562424922,0.8791004581960153,0.6617719109502755,147.36309814453125,76.21746826171875,-0.8829144239425659
0.7012251000482836,0.4560896785373793,0.7623922283663056,0.8450477277741882,0.90039591805752,0.9610042870184992,0.4411877173064285,161.93063354492188,175.56546020507812,-3.260150909423828
0.8141864416796228,0.5769056377347038,0.5900823462605598,0.8060501376120808,0.4866200161374184,0.8253129521729916,0.536399811391794,155.4828643798828,65.49097442626953,-1.2529138326644897
0.8313785648702403,0.6886461553646319,0.5073738112300483,0.7278661520802596,0.9933252911256946,0.826898529701767,0.9948165684168996,122.63150787353516,-64.42716979980469,-9.181507110595703
0.5102964462527605,0.6227478003192735,0.8515103756993394,0.7203200204250741,0.0731283523823511,0.9910078636655528,0.7817904284197064,146.90298461914062,116.22929382324219,-2.6426520347595215
0.893216629183998,0.4406109604315114,0.8866592523485952,0.9586541996125942,0.0273627544409554,0.7227946728362926,0.6443827163849891,138.80612182617188,73.64246368408203,3.956749677658081
0.908395044585755,0.4569421201646602,0.6084291338361861,0.704170527295653,0.4227701475885756,0.6273710856742346,0.8546129410532802,148.42523193359375,-19.996091842651367,2.71479868888855
0.7528053337489271,0.559060096561791,0.7840122443359663,0.9145925444147168,0.0048700360831354,0.6361169533255864,0.5248181741261542,137.8582000732422,77.25321197509766,3.1005265712738037
0.4753973057619334,0.4315526466004065,0.76645731385068,0.7913129446224885,0.2357369416543505,0.978369181898466,0.6045044230099952,160.614501953125,143.96656799316406,-5.237621307373047
0.4826134853395697,0.966595083505558,0.6847046801386831,0.8360963235310291,0.3800985247884256,0.9664160576159262,0.5923436400387765,164.93856811523438,136.934326171875,-9.354960441589355
0.4867322678147641,0.5526065118894308,0.5901800700979452,0.8632483517471953,0.6267064337408843,0.7095108416449447,0.9919202079828074,152.03675842285156,41.725006103515625,-7.819676399230957
0.560433910191461,0.4170840550297886,0.5818195571008385,0.7719520628455037,0.2625537990653228,0.8418404514727911,0.6621641776763787,157.35183715820312,100.58736419677734,-2.9749045372009277
0.9084947069193616,0.464298562754018,0.9137181297443684,0.8858346345284593,0.4438216805561083,0.8993972423986876,0.8785274768592879,142.87936401367188,41.549781799316406,0.5927156209945679
0.753285894602205,0.8340113249484525,0.8663185221278901,0.7219351175183981,0.0701753719765209,0.9021466072430986,0.8453864815691202,149.74546813964844,69.7126693725586,1.6084026098251343
0.4495903627800368,0.3992533296068187,0.7521508282032887,0.9312487602383942,0.5905779205214295,0.8756743160603055,0.939660782185888,142.88502502441406,142.15731811523438,-10.010692596435547
0.919239379477922,0.6019297733258373,0.672977729224578,0.7105532434533488,0.7970327539614558,0.6884410867924353,0.6854194387060718,147.01817321777344,-21.163606643676758,-0.41260775923728943
0.4357621406217924,0.7507408298781797,0.750396399086882,0.836040386388856,0.1742263394401302,0.6970725565284498,0.7960893746436328,150.64590454101562,59.27753829956055,-0.41755008697509766
0.7681991506027976,0.531916670201037,0.9956256844968014,0.7636862584754344,0.6394461996043979,0.6265374104560373,0.3978086339880568,169.44903564453125,84.95408630371094,3.259263515472412
0.8964829805237039,0.4262097815721132,0.7337500831207622,0.8896900530453904,0.4412553938229389,0.8069125326872715,0.7870407128697049,150.6387481689453,34.32282257080078,0.903420090675354
0.6982579665861253,0.7615015950921183,0.7906097736340068,0.6769781851159408,0.4887300396663576,0.6107407436041307,0.5709821749329563,156.16207885742188,30.656015396118164,-0.3317597806453705
0.755026100724475,0.5228265486127004,0.9806298661468408,0.9817387285737104,0.9837341715057548,0.9919882722287258,0.4407359668274562,134.1929168701172,128.1503143310547,1.8049201965332031
0.713346096135073,0.8593927708968622,0.6321750839230936,0.6811514368457241,0.1443923169166382,0.8691271064510584,0.5286111784938202,153.0677490234375,46.32392120361328,0.5796273350715637
0.5118891454168882,0.6086149032816419,0.6201244618016049,0.8088311507260172,0.1088960014260261,0.7526164907440551,0.5608354504596987,150.62820434570312,71.84683990478516,-0.304874062538147
0.971071510244105,0.8236897553447163,0.9853363655304168,0.9263961539265796,0.9837886432293194,0.6539691765733561,0.9307720826668704,118.58515930175781,-163.69189453125,-6.004958629608154
0.6751810701506133,0.5386001721532129,0.845885876312771,0.7465898818007908,0.9191679052172044,0.8268176627453279,0.4507478593536643,151.7861328125,114.3374252319336,1.1386734247207642
0.7771924366909313,0.88203984462532,0.8870100659307418,0.6785390873422626,0.1841607792012376,0.9343167704216871,0.8163848161009903,150.22256469726562,60.56837844848633,-0.253191202878952
0.6630027250795728,0.6537845015387813,0.9162513011708444,0.7780296547855086,0.6675068596801756,0.7516572354754214,0.97267764305965,140.22787475585938,-1.7286770343780518,-4.205190181732178
0.8799428016448456,0.3616394344101078,0.7266105470845581,0.6782977017900472,0.0512962489813893,0.947015947036162,0.659317280318718,135.55645751953125,49.225704193115234,4.729376792907715
0.7087989176948447,0.8509702719083033,0.5345292556558169,0.9284063387948844,0.6327162207434425,0.9726118246035248,0.4912474743893572,160.47689819335938,140.98468017578125,-10.49870777130127
0.8438681111085475,0.6519198099867864,0.7230585427406269,0.9789788985916532,0.990460480772432,0.7779083510341523,0.4938641159032294,139.47300720214844,30.953088760375977,-1.400879144668579
0.9089321907101768,0.8613933676070595,0.5031473040850301,0.9271266340383308,0.9218470123201654,0.5950238677963923,0.4976785926474448,114.1495361328125,-50.32154846191406,-0.08347959071397781
0.739298290626496,0.3932149267190419,0.9318618049598736,0.8486723110912785,0.7943064514145342,0.7188080073705923,0.5373270703292663,161.73915100097656,66.28394317626953,4.692387104034424
0.7027399582251721,0.6805118109390202,0.5599473001871934,0.7758961964182176,0.1056857895149493,0.7156932007616904,0.8578950174732681,146.09848022460938,30.430776596069336,3.770509719848633
0.926812587130323,0.9928899396463164,0.7094276054688142,0.8953194320353985,0.8598556009504092,0.7237754246946247,0.504277139238978,119.14923095703125,-26.722768783569336,-0.8529008030891418
0.5279587375135977,0.651195759887115,0.9736580211565832,0.9699034860470116,0.5017439687929847,0.5929747870844964,0.8772343552882917,135.79054260253906,-5.75197696685791,0.447196900844574
0.8957319727236865,0.6786815309806609,0.7631068784599722,0.9079362804140167,0.4610843870317675,0.9649218889682132,0.8898928675148632,142.4176025390625,51.072540283203125,-3.572315216064453
0.9888104862283577,0.5936433773887241,0.7902948083714987,0.6939586807762843,0.2695673814564671,0.6396820180020897,0.8324086387779938,162.40841674804688,15.617419242858887,-0.3237459063529968
0.5971353312306105,0.5665351626570951,0.753675973550428,0.6953141151921954,0.699249096636143,0.6474105363707778,0.5699824515489951,157.43643188476562,52.3129997253418,0.23514625430107117
0.5605499126065945,0.903448168827663,0.7220263118527367,0.8599913035152277,0.9321208581645052,0.5741703260679422,0.9759650889431232,118.4581527709961,-122.88446044921875,-5.881661415100098
0.9144008786176748,0.4017167236586766,0.5717909966013018,0.8281961840026766,0.9203008913210916,0.8683157047840777,0.4066874968161467,153.56089782714844,116.54411315917969,-0.6635285019874573
0.8549682396867768,0.8965407482997885,0.7224692872367988,0.8616529015092066,0.4089955358141936,0.9678857869517464,0.6956461917937067,147.56004333496094,66.56031799316406,-2.7811007499694824
0.6383801324905046,0.8166711687628055,0.7509246840502678,0.9972956007557504,0.6863166144313803,0.770803042333543,0.6062522520006821,145.969482421875,37.31420135498047,-4.151782035827637
0.8686088870564959,0.4653965680197041,0.9382735293717516,0.9536860560310618,0.9622979712236972,0.7586402232994411,0.4273846420936559,157.71185302734375,50.122337341308594,5.277082920074463
0.5330409492857391,0.3695355986310558,0.5217665185891007,0.8776521609959597,0.2182831465990414,0.749313790080799,0.6153986746842456,145.98426818847656,98.86174011230469,-1.4490277767181396
0.8943686791622549,0.4107317335339002,0.7067302673106235,0.9327983723757972,0.4196659160939822,0.5789616061364362,0.5139840434706822,155.3618621826172,52.83081817626953,1.8578674793243408
0.6823752989492002,0.7238172327636668,0.68682256993036,0.7514095575301077,0.096244190469235,0.6101850976488998,0.5547399727387365,143.08828735351562,50.50458526611328,2.4869961738586426
0.9306010009961668,0.9245130521764838,0.5584706902987869,0.8063316643276699,0.5620782918367299,0.896092264210111,0.4993139555376197,136.50990295410156,39.4550895690918,-1.4850229024887085
0.8898916804861526,0.4478345280647427,0.9679147080047787,0.8477985707225443,0.341403732701877,0.6759667042784581,0.3241280086882287,171.83929443359375,97.14280700683594,2.3057405948638916
0.7427419825285323,0.6051473304386228,0.5847244107247532,0.8820388476165422,0.4900999667139959,0.5716297713618519,0.8184430456964696,148.2245635986328,-15.234533309936523,0.9027165174484253
0.4965842917732005,0.6059922595699954,0.8378473343549677,0.7639109325588419,0.898398003110622,0.9519938798982548,0.8214028983393825,129.10226440429688,143.6465606689453,-12.835968017578125
0.805924950501391,0.8216659856008516,0.5484416673940915,0.7063161010375931,0.0320910132338476,0.9009537943091576,0.697108258096296,146.28976440429688,37.436737060546875,3.4397854804992676
0.4629908995737812,0.8780070410071428,0.8506561789355138,0.9914469349633356,0.4625855587896712,0.8109182527117413,0.4234647001625041,151.21551513671875,80.3502426147461,-2.515531301498413
0.8867349213958899,0.3507525627776717,0.859454910087339,0.8582090444889588,0.4111878022347708,0.5966439389335654,0.9231757902411089,158.23873901367188,11.950277328491211,2.354618787765503
0.952353552404574,0.9840177107533328,0.981961792542668,0.8043616191317721,0.1460370321372582,0.6261521197877614,0.6219661944152413,161.8311004638672,87.46790313720703,-4.449799537658691
0.4366427822918149,0.7475398101816111,0.5460280828482789,0.6902891649309222,0.6014284131417575,0.8450856606942282,0.7640601627256374,168.78846740722656,96.2552261352539,-12.717397689819336
0.5540576241204518,0.4278363729791247,0.7508664338987585,0.8299547357499495,0.9485998935286952,0.6741734401271604,0.6273859613723851,150.33099365234375,71.7457046508789,0.07714912295341492
0.4946898295654613,0.4463470630215215,0.552457399145482,0.6717629383515383,0.5912557813267707,0.7195368072834135,0.9432750556363682,160.33538818359375,43.81470489501953,-6.276059150695801
0.4984254056697845,0.7370968406100188,0.8669828754131896,0.9612833078686488,0.3010223108976987,0.7968380382600656,0.5751773953055633,149.90414428710938,76.2275161743164,-1.010771632194519
0.5026097934771561,0.4436015831720325,0.5640602793140607,0.911997645687742,0.6544468524278533,0.5884739058011696,0.8226410382527395,148.6134490966797,31.67881202697754,-2.328399896621704
0.8229564980823687,0.5934016520397061,0.7587651912232497,0.9545728813265676,0.4343320086316644,0.8265996195306833,0.6888124192140659,153.99327087402344,49.24089431762695,-1.0522125959396362
0.8614952043886885,0.602854127118764,0.6451496326874968,0.7180673581002728,0.4399350820955041,0.5934328758755536,0.3829178080156739,146.24794006347656,59.96335983276367,1.3156681060791016
0.6174591895567586,0.9895490206012598,0.5157513961818959,0.9632557785170616,0.1433529279286739,0.7026985026561319,0.6913172411467016,151.52328491210938,43.610931396484375,1.1626678705215454
0.4437267279211949,0.760698073485014,0.5578477200140813,0.97150938256663,0.3583404248183715,0.9576262292465034,0.9398710070925572,169.4989471435547,185.83804321289062,-16.692262649536133
0.5264997837951706,0.6275569766789797,0.6962572596238115,0.7736193012384064,0.9845594753831544,0.9424268375968872,0.9317163559007312,130.2034454345703,129.96884155273438,-18.23526382446289
0.6367932625709314,0.6475058825592372,0.6546628497844114,0.7367711144573955,0.5705409307941888,0.6324514313408601,0.842369631107791,155.5571746826172,-7.384824275970459,-1.4802021980285645
0.7644078284367544,0.8798514340273732,0.9464464123381704,0.8808270615863271,0.480339115864231,0.9744845038714915,0.5902641593245191,136.54135131835938,84.31409454345703,-1.5794481039047241
0.502688808109457,0.7874007366328816,0.7910151100913109,0.9089949426618942,0.763628715911867,0.6508010738475526,0.8938586599284579,132.207275390625,-27.519262313842773,-5.309028148651123
0.7192050134976451,0.457899652102601,0.9891751136912446,0.9456666986553688,0.0080698878384382,0.8822902749049377,0.8607199771012858,118.03340148925781,93.9972152709961,6.098973274230957
0.997168132638933,0.4515361381440351,0.913140874191422,0.8396687813150409,0.883619124428771,0.7556047776918806,0.7727546489636647,150.2449493408203,-28.026281356811523,0.009359524585306644
0.9795182589561228,0.7758554226887595,0.9822320333646266,0.8284039845484276,0.8126719283811578,0.709557696051532,0.902540736535512,138.23397827148438,-84.83939361572266,-5.2036261558532715
0.7576585708653659,0.8074991771755902,0.8351857362418142,0.7717370318118975,0.8115565435221772,0.7073543797042237,0.8064673990175173,136.34219360351562,-35.984432220458984,-3.4700722694396973
0.86412843526952,0.9037661969833626,0.5496982957480954,0.9727492577129684,0.7954589350523453,0.9905274828876474,0.5845681838864721,133.80538940429688,88.81141662597656,-9.971298217773438
0.6457720027991454,0.8852631069331215,0.6933900067415194,0.7993411798760739,0.1792061546378262,0.7313280905973036,0.4540813459675679,151.05967712402344,55.98778533935547,0.9522277116775513
0.9632664237895336,0.5258202324056527,0.7417058158992847,0.67551173990075,0.4141402281156806,0.663859951408826,0.653241666300976,158.4495849609375,22.280048370361328,0.5090577602386475
0.8659790420342841,0.5197645544747925,0.5667556179376837,0.7431575352484693,0.2958594334822246,0.9648488749039664,0.9777131466730742,147.1213836669922,51.6588249206543,-1.0224449634552002
0.5301452315593482,0.422792373337477,0.5532115756463802,0.9909367538285132,0.5402243702391092,0.9301085312597844,0.822377734486454,163.4305419921875,184.11968994140625,-14.800361633300781
0.5468568259550721,0.8091575766089688,0.745923195494562,0.9433647194413594,0.8144398449364545,0.7852101931497499,0.7083775459145227,135.44650268554688,44.42019271850586,-7.302144527435303
0.8924200683912631,0.9321858399926276,0.5066828968820717,0.6839904897889464,0.9477119159072428,0.8775115989820734,0.5721246386798124,107.7894287109375,7.308785438537598,-3.3330254554748535
0.9565953306468612,0.5849504113690972,0.5839414650328929,0.937504567089992,0.2971671647455546,0.6849913269470248,0.7048314216322922,140.26358032226562,12.926277160644531,1.4222354888916016
0.7085200647131227,0.711157281402635,0.561470114927875,0.8377878707799211,0.881849692223181,0.8651549731024141,0.4417996465770327,149.11337280273438,120.67720794677734,-6.193873405456543
0.9833448522912436,0.4566255841742946,0.6154195484647472,0.9519390910366144,0.4091336835778876,0.7946276224871099,0.7573975321372113,142.61009216308594,16.574359893798828,0.42955106496810913
0.5438432079753781,0.7221105263700027,0.6763842226536709,0.8254244234719638,0.7609332207137968,0.9246436389536564,0.6975291814102077,152.85134887695312,134.3636016845703,-12.108285903930664
0.8688053752880459,0.3740450848638684,0.9991829895891888,0.6829977088353221,0.2861201083598202,0.8092586578923603,0.815121269336881,154.7208251953125,56.101966857910156,2.627218008041382
0.6551178442086192,0.4852298240444352,0.9841584800859626,0.9421256554650428,0.466596702589876,0.867832531564118,0.9087033208247534,128.37252807617188,66.08683013916016,-0.3141549825668335
0.5527777653940837,0.5626252164340919,0.7639374318684307,0.7270073562049366,0.4669658147542185,0.9382648155815584,0.3669929447920021,172.38803100585938,134.15882873535156,-3.6617050170898438
0.9614097552348816,0.9937476052432048,0.5655549339593091,0.6985488589880336,0.0934952785508068,0.7205279775003709,0.8598242787270708,144.07278442382812,-22.111804962158203,6.5507612228393555
0.5159557812390426,0.9067513293932536,0.7829029704301202,0.679976183847762,0.3090420990523386,0.7862501282080006,0.3666295202346484,152.94302368164062,61.6387939453125,-0.9102387428283691
0.959769589115171,0.508620565026271,0.7147838590475547,0.7970065148209194,0.0524321120209838,0.7556580984126346,0.6152573085490747,136.210205078125,52.8292121887207,3.6253132820129395
0.5408181252616044,0.4862023610240218,0.7540313157159244,0.726817176850669,0.5444437182175835,0.9208268512155112,0.8873040241008155,156.31784057617188,118.18399810791016,-8.525396347045898
0.6894600949234884,0.7388743904036283,0.6095895633270894,0.7129616119411508,0.8186309081651405,0.9745774912146984,0.8969605299045829,143.11962890625,82.67688751220703,-13.76347827911377
0.962801355131355,0.8203572733390123,0.5690110127104667,0.7249687064146815,0.9510567043963232,0.6195761310637802,0.4617517413338457,112.76493835449219,-25.71028709411621,1.7277305126190186
0.8662838141013423,0.7764164725225315,0.5018174969649034,0.994113790867564,0.6494283976061612,0.9812639284615188,0.9281788146487296,138.2190399169922,55.43334197998047,-11.809564590454102
0.4555912714068544,0.6107796402632771,0.8166018651698987,0.6717574111489751,0.8635816215194052,0.7482994693662394,0.4453300524043831,149.96881103515625,112.3267822265625,-1.2492351531982422
0.7652459799635586,0.94841156631999,0.740894583606946,0.894870872794675,0.4813974517259757,0.9308041980256514,0.4546129023150471,150.2686767578125,87.56343078613281,-2.6453857421875
0.4788767464951943,0.374132228387836,0.504281542373228,0.7999153678412756,0.0291659343138975,0.9172750927492184,0.9357228920443972,143.88145446777344,146.74331665039062,-4.487027168273926
0.9350497054539972,0.8817497483838894,0.7312612609332994,0.7156002303160202,0.5930279736383238,0.9559318140441516,0.4637293729100993,139.9114532470703,60.71753692626953,-0.969666600227356
0.8307803916182726,0.6085905662627482,0.787707982296088,0.7429680290582403,0.7980502849429089,0.6381157581136451,0.5506727846190057,154.8466796875,24.923309326171875,0.8822534680366516
0.4410349716400498,0.4222869830222299,0.8135818388544998,0.8683257823225559,0.1580964219772353,0.8745040684586523,0.6850721514222314,143.6778106689453,116.73948669433594,-1.099808692932129
0.7180347854181903,0.9079584426026692,0.8096328037067769,0.9107612862193032,0.8479054167257718,0.9210846735777094,0.5375785507502994,125.05781555175781,78.66560363769531,-4.755614757537842
0.4390576090747825,0.396722728990538,0.7545821850725228,0.8189073603939283,0.4987493135991048,0.595421477949514,0.5358255208178959,155.68585205078125,78.92555236816406,2.6361255645751953
0.6301328269456117,0.8194874787596227,0.7673057296531731,0.7256974691695138,0.4429496140688702,0.7072557121393419,0.9650745062198968,156.79176330566406,-5.254675388336182,-2.883474826812744
0.5490892206197515,0.5041188611532613,0.7626894862207882,0.7565976480041824,0.4046276187697487,0.7095494198652678,0.6403722993258574,158.02423095703125,66.87007141113281,0.1920950710773468
0.9785185536291074,0.5102904447839948,0.5162649574452647,0.7222534379291584,0.7631686984630321,0.8635631558281036,0.9151187959182044,135.65093994140625,-36.7120246887207,-3.323310136795044
0.8720179951414594,0.501627112053558,0.589698837448944,0.8008289677204141,0.8646097177044705,0.7558302337324319,0.5963984268440059,145.79043579101562,33.43387222290039,-0.7856558561325073
0.8145775886870695,0.4707149852766827,0.5654884609759506,0.934344464071038,0.5638260715584384,0.7042503009164673,0.9288301937895546,143.84133911132812,-11.163350105285645,-1.2253366708755493
0.5922295717271197,0.4737165220169193,0.8697145099919431,0.7430527374595659,0.0796550130360569,0.8738327042942455,0.8722413683793852,138.20016479492188,89.27787780761719,2.151247024536133
0.8275959123334788,0.4256275128685597,0.5109729420206924,0.9069318628963106,0.0116050419327821,0.7939167401959775,0.7144119908472009,118.49513244628906,61.98173904418945,4.586965560913086
0.9154590109200272,0.5311523236469377,0.6085838774708847,0.8881257403168695,0.0149806375155069,0.7250871405839084,0.8725421271553951,126.63746643066406,40.888427734375,6.300433158874512
0.8418005058221883,0.7522497789639837,0.9200404437096223,0.9578195374664848,0.4704596981412482,0.6878123755905884,0.6480224132652518,155.72354125976562,16.01772117614746,-0.8366711735725403
0.9610615465680152,0.8007009353577805,0.7329312322183178,0.98043047708411,0.9038074735990466,0.606548309581745,0.3754591013538994,139.04879760742188,-9.029827117919922,0.03972136229276657
0.4535040548279633,0.422273398336514,0.9042881969560064,0.874348757702191,0.4049992817286219,0.6132877684772629,0.8669935469548277,138.4133758544922,46.574058532714844,2.61507511138916
0.4447393021129983,0.5027600569719903,0.7517248582969105,0.962558342760528,0.8720846934805457,0.9585361307388184,0.6551814263880384,151.56845092773438,210.04574584960938,-14.445966720581055
0.445946719302041,0.4782215566065777,0.6406019430131915,0.8855619605027044,0.4374046980939181,0.7005536319801932,0.4934138360089005,162.52174377441406,100.02726745605469,-2.2476189136505127
0.7112854915349731,0.7799527509714209,0.6004683994883635,0.9994634963489926,0.0219030169468571,0.8229573083338972,0.72451943810122,146.39553833007812,81.53237915039062,1.123618721961975
0.8701720909009423,0.9884463366003884,0.6081399627947206,0.9490257466284168,0.680797953946688,0.8704376599064327,0.5624139669045097,133.6759490966797,28.23118019104004,-4.118026256561279
0.9860353525480108,0.5571069724468114,0.6004898002155244,0.7818969002255443,0.5210044787426754,0.877057181133706,0.997657470558992,142.58447265625,-23.186885833740234,-1.4163599014282227
0.5190284721315508,0.3569839381134823,0.9134368803812364,0.7516440673827942,0.9676113414662348,0.9253893489832224,0.7397958930435518,133.58566284179688,159.45700073242188,-5.205686092376709
0.6481841728413689,0.6001240254685434,0.8723186528495035,0.7065078537139134,0.6312267500786897,0.929174425868864,0.3837975322494625,161.22528076171875,126.21589660644531,-0.5053609013557434
0.4538525433374915,0.4566931242465206,0.7724922485269574,0.6768450666084618,0.1020233815442456,0.7499582675897758,0.7256307491543627,144.51065063476562,62.689125061035156,1.1466426849365234
0.770936128747293,0.5840408169273461,0.7190762492840753,0.9402711610409517,0.3213091550866062,0.5739160330761593,0.5237432600254525,153.36280822753906,51.89527130126953,1.2593435049057007
0.835778706764645,0.8891431532031535,0.6007289190583146,0.7239848766953022,0.2716048074644824,0.6041016141218265,0.9146788445742792,153.95225524902344,-38.115943908691406,2.9636497497558594
0.9290385528199856,0.7891176464760578,0.7888111427812361,0.8501108284398781,0.8975078892149762,0.7160122938540132,0.732077113297183,131.3194122314453,-61.48063278198242,-2.6490955352783203
0.7795355573275251,0.5460318674596416,0.7222931128850294,0.8438480869080194,0.5171570758088494,0.7026529246383306,0.7723995014472733,155.61480712890625,19.337308883666992,-0.0682516023516655
0.9550122321995947,0.6016877775622255,0.5907987983948542,0.8497188560295643,0.1681433714268601,0.7942772636043517,0.5314527837257047,137.11756896972656,45.039154052734375,2.041665554046631
0.8919305132621915,0.644018063361928,0.6546087531712207,0.9672450493622232,0.2669230421940886,0.7520198440695389,0.4210402665993691,151.12277221679688,59.4344367980957,-0.16627982258796692
0.8439049710836134,0.668443301274353,0.5506147933206818,0.91237238439255,0.3685862417769667,0.6367562779807534,0.630879997839912,143.2202911376953,16.34640884399414,0.9281393885612488
0.4729158836381958,0.5620483716143099,0.5322631391226791,0.9274849654274442,0.7973960487560552,0.6551545549282465,0.6124940627860753,155.01229858398438,77.78909301757812,-6.125370979309082
0.6932742560063665,0.4296187722911229,0.7172716129330902,0.6732970705500102,0.2853908332466081,0.7913976041179208,0.3827245936858159,157.01402282714844,72.78530883789062,1.8684499263763428
0.9922645615099116,0.5919755224354561,0.7715882349162975,0.8484729400657772,0.5406757618379678,0.8247331344525477,0.4416307529711998,158.54849243164062,55.91878128051758,0.4507836699485779
0.99931704770918,0.6970386475311173,0.689858659760441,0.9549906306553644,0.2329218821720163,0.989059337919422,0.7024061813440409,143.37245178222656,64.7141342163086,-0.45841366052627563
0.9050537478979488,0.8583407250589993,0.6983713393271465,0.7846674395477508,0.1800632290241729,0.604739019914788,0.3919192023142649,140.83114624023438,67.35203552246094,-0.18279950320720673
0.861954969146084,0.6787101805708953,0.5337824119350282,0.7681428190237555,0.3135379605195894,0.6157609258905116,0.7598054086153241,140.71994018554688,-11.26791763305664,3.0179202556610107
0.883288928889358,0.3830093998031152,0.948557633238048,0.8903660927992874,0.0631199173422913,0.6198814681443703,0.9978903101498467,141.1092987060547,71.07028198242188,4.526752471923828
0.7030097279041756,0.6465254263809508,0.9673823947936784,0.8087643022825008,0.0848942022072979,0.7887285908451689,0.6149544378315749,145.45057678222656,75.00443267822266,2.745288848876953
0.7710015942395987,0.6262591416850862,0.6111665450047146,0.8711135751154597,0.3448375124398709,0.9266653623828728,0.6719016911992188,157.47463989257812,90.68712615966797,-3.520353317260742
0.4544114756581233,0.9139801418537976,0.8167309652112071,0.8683250982367866,0.8071663829872497,0.7760596088475654,0.4629430330397022,131.57168579101562,78.54887390136719,-3.4055609703063965
0.6964204039638335,0.8751243667777704,0.934659376104648,0.8718282842204813,0.3913893150014951,0.8222115164421249,0.6322885366164729,144.84292602539062,55.03697967529297,-0.5405013561248779
0.4684846432575811,0.6203212211416711,0.6494695236301524,0.9054345648946786,0.7775180178148215,0.913108801679733,0.8022999138255863,153.94483947753906,159.37020874023438,-16.40644073486328
0.9093700049039722,0.6860036555561755,0.6061749975748626,0.7804433070262436,0.4656086612810445,0.6307868862795256,0.9516952529286332,151.08888244628906,-59.91630172729492,0.8083869814872742
0.5693404309121325,0.6665924887351014,0.7869487749499309,0.7950100945319675,0.1944012969529334,0.6651950717775515,0.3553152250445909,151.52195739746094,69.07134246826172,1.6611067056655884
0.9951641397725558,0.6828204916141093,0.5107389866761555,0.7152366745967529,0.0796151812656665,0.6668198180347572,0.7168479605642899,121.93621826171875,-2.8772671222686768,5.786149024963379
0.7821517378667975,0.3716959632852861,0.979851953068404,0.813744970527309,0.7257264542939958,0.6219741735997573,0.3902086090835884,175.97579956054688,91.07723236083984,6.472017765045166
0.5355394705747593,0.6377234485271883,0.8576344904374993,0.8326450761945382,0.0521793024429134,0.9142656756330076,0.5958918568836085,145.94467163085938,96.10478210449219,0.32976233959198
0.634260696384476,0.8095521038889324,0.5548459345215103,0.7528711793242077,0.8924003246154466,0.8946451430521818,0.7806965572536269,139.25054931640625,73.2100830078125,-12.650015830993652
0.6303421897504742,0.948899809456946,0.7459253390574001,0.7682186574155815,0.2294521067323429,0.8514471873775713,0.7627258058998354,156.10122680664062,59.5156364440918,-1.2276318073272705
0.8673764801951116,0.5032584727405602,0.5982177937233575,0.9533155430518672,0.0154725505701545,0.7883963998586736,0.7269934047757936,126.59269714355469,61.29023361206055,4.2122883796691895
0.9561189144859796,0.9512294161073768,0.9425427121947192,0.8035373095076968,0.6815585093972719,0.8013130237951928,0.6709436497491912,132.73577880859375,-9.31546688079834,-2.5901291370391846
0.8395300621033721,0.8406148808052334,0.6960026365789516,0.9503549997151026,0.5392804098774162,0.897035386625778,0.8164173630678757,143.47183227539062,29.650020599365234,-4.929326057434082
0.955174091719315,0.5345190645030703,0.9790158191208086,0.9904348700788156,0.0850904419792367,0.9055094535296015,0.6636446943809962,138.17881774902344,67.99406433105469,3.6075069904327393
0.9841670847749,0.5798250583380251,0.525906130424568,0.8422157070813858,0.9287696701157312,0.9395022147117708,0.4571651912077633,136.35423278808594,92.12815856933594,-4.006765842437744
0.4511288958891553,0.558054270847842,0.9391203428840568,0.8089673551172828,0.5830525219830652,0.8621853808210911,0.9666838193490216,127.85548400878906,92.4698257446289,-6.958698272705078
0.8488465927138331,0.834694835254479,0.9316178388243056,0.9593399200270468,0.1741336286317296,0.7549664804726048,0.4725858425307818,153.63912963867188,66.6279525756836,0.3957797586917877
0.6007742169179825,0.7820277055405667,0.9060771101746948,0.9446813541686292,0.4103076391709107,0.865465249870115,0.8546357340993981,136.2037353515625,67.1754379272461,-3.4901645183563232
0.5162109146643757,0.4895153003690807,0.773966691248315,0.9096887225120188,0.5872642500823181,0.954554923433074,0.9651044549466018,140.93923950195312,151.95065307617188,-11.838417053222656
0.9685339040994384,0.7707636241355941,0.980038390303239,0.7757169682626401,0.2176936470000455,0.959901420076898,0.5724668309491786,146.83326721191406,71.17847442626953,1.2046229839324951
0.5186985246744743,0.8809920123701728,0.8508843577473003,0.8193737119532071,0.4629197007824256,0.7151194921817967,0.8133564366395407,145.0419158935547,24.8526668548584,-2.9420392513275146
0.5406735584644317,0.6193841093740148,0.7359443625138672,0.8645018366477514,0.4773578746022927,0.7570497954494366,0.3347341222531626,166.61721801757812,100.00838470458984,-0.7147876024246216
0.4825526538458874,0.6829442865986803,0.6235982989340575,0.6783295916193792,0.5266123299507838,0.6442004532838532,0.8604270253578356,158.72000122070312,5.534904479980469,-3.7534027099609375
0.8062672283826915,0.3614295879035922,0.5433489480606322,0.7271314463573401,0.6398907871367336,0.7954686649452976,0.3130656115347066,158.2712860107422,113.68412780761719,1.1599047183990479
0.5786067711922259,0.4194129988243136,0.514790289171413,0.9784339264876084,0.2276802342850992,0.648842723000333,0.6752309838511547,137.43472290039062,72.36967468261719,0.6685045957565308
0.8289129542201721,0.490122431776491,0.8097555521238182,0.8977949561887785,0.352872309816631,0.8397636394707162,0.4742330409709763,160.5569610595703,76.98992156982422,1.6127554178237915
0.5552873668528134,0.8962214406746769,0.7588220099505073,0.8536245103576967,0.9251156742479164,0.5908627942212112,0.774742921996386,120.4312744140625,-63.72809600830078,-3.3374829292297363
0.9720628820310824,0.3638489809287565,0.6864032307483918,0.8289579621344243,0.4506958243063404,0.9743561004138556,0.5283502155088061,154.81460571289062,84.61354064941406,0.5968819260597229
0.6204158913532072,0.469903268926126,0.9052526945960264,0.7557618841531397,0.1942999251294284,0.7552226745983385,0.6316589836588798,148.98587036132812,71.30313110351562,3.0501646995544434
0.8624382583623176,0.4769223606016357,0.9373905620284226,0.7120085789533208,0.1009027358132316,0.9878038685366596,0.6262750251548674,143.14413452148438,72.86993408203125,3.794853687286377
0.4854067133867569,0.5791079469288719,0.6256727422527958,0.9092017463839744,0.8293219365182977,0.9878893526908192,0.9150083035272388,149.23236083984375,202.87359619140625,-22.38968276977539
0.5791449677075525,0.4209189484895823,0.5692789881711582,0.8608832618278677,0.6085737031373111,0.9040516043006128,0.7335347943991157,166.0850372314453,153.01443481445312,-10.430582046508789
0.5112195821552151,0.8084700559949325,0.7115554003920331,0.9274490396262548,0.6253100506627141,0.7443799733380752,0.7978130358049937,146.69680786132812,36.14457321166992,-6.583525657653809
0.6483688317508726,0.873109409389116,0.5383461472778629,0.9788574428259044,0.981049230861438,0.8743542091858929,0.5973978557834856,131.37112426757812,93.9168930053711,-12.788743019104004
0.7804452491856301,0.9103042325679662,0.8797586360189218,0.7303512161553724,0.5045205771325073,0.6572770569307319,0.4285090496335521,149.82481384277344,51.78254318237305,-0.3712276220321655
0.6597779005391144,0.6811572508970396,0.6383550625837674,0.9471948766683792,0.8400368300777211,0.6560088716935213,0.6292621120154407,144.56924438476562,9.72948932647705,-2.7762041091918945
0.7054647679537166,0.7243789489871137,0.9817982564784248,0.9484582353864568,0.9558215990610764,0.7233700585399812,0.5696207509608502,124.73023986816406,0.489746630191803,1.5636814832687378
0.8424963009620521,0.9370328482995052,0.6975181637509943,0.8985275606843415,0.2811648760070305,0.7295160634658893,0.6869290892565962,150.51962280273438,21.855438232421875,0.6344467997550964
0.6464054754006381,0.5543841103718794,0.8304456728085763,0.7413447976717067,0.863914477080817,0.8058932393557832,0.8328287257282385,140.435791015625,40.78211975097656,-4.921689510345459
0.7282545034399726,0.3554065191285326,0.7549074781241645,0.8434087555741302,0.3488601050673964,0.959666009628441,0.7066017748656173,152.8892822265625,114.1537857055664,-0.9667319059371948
0.8165057469801704,0.7615628424961365,0.996891563992064,0.6672470266764948,0.9180506782547864,0.9424329683419964,0.9937977238308634,102.79280090332031,-8.814326286315918,-8.656875610351562
0.4759285140388656,0.9147218109395898,0.7056475594778889,0.7916457925963226,0.4951692429131153,0.5775028271355004,0.4595250815459565,145.536376953125,33.16343307495117,0.2578699588775635
0.5933970000470854,0.4488688340385101,0.7970171045375607,0.9368915607501273,0.2645346672751192,0.8503129119744997,0.8479976479055547,141.83200073242188,98.63548278808594,-0.5763863325119019
0.9432233314484764,0.8484545350990986,0.9930646606702572,0.7683861162620247,0.2292752603619546,0.5961640681347573,0.985087968926792,174.07357788085938,33.72816848754883,-5.13124418258667
0.984671677964045,0.5761315396152303,0.9024288213056186,0.809777901110545,0.571629068615232,0.9785862429752804,0.6439350626860509,147.91067504882812,58.89598846435547,-0.16267573833465576
0.6049624515047187,0.4440739043088936,0.902204660245936,0.936877753933996,0.7145416906820565,0.8401137513758739,0.7153572699492299,143.29949951171875,82.74200439453125,-1.3058738708496094
0.7271674645527673,0.3506447902773916,0.8981293090623117,0.7142505860361058,0.9222234331748592,0.9665162324756864,0.3181841789053584,166.6962432861328,187.91162109375,4.515671253204346
0.9081839109325992,0.8347207807595627,0.6845000476485296,0.8619191901546209,0.8979676246260996,0.9907549923883534,0.3218061955036869,132.36265563964844,123.64876556396484,-2.7337565422058105
0.9595302938139686,0.5014770583457313,0.965436422173764,0.8086546701105184,0.014759898597728,0.9890047225049357,0.8975613046373039,127.7222671508789,82.20015716552734,5.428164005279541
0.4567752549777311,0.8128749278078187,0.6041870391568048,0.9251176831220946,0.1952034801110423,0.9019527154679476,0.9300266249640304,164.65065002441406,139.81069946289062,-8.611039161682129
0.8947602630000602,0.590356397680242,0.5793922173792837,0.8064329015831833,0.9875152498667262,0.9806465466086604,0.6639103963716291,132.42205810546875,90.89165496826172,-8.21086311340332
0.7290541826857126,0.6206561024909746,0.6754463516262229,0.8712370294414316,0.8472886714737446,0.6307642565456021,0.3812697440492225,151.84243774414062,62.07878875732422,1.8450937271118164
0.995160877227695,0.4092116627782514,0.5698575059717085,0.7870949588256091,0.750984925475016,0.967564401319004,0.7591788019525165,141.20960998535156,49.29502487182617,-3.8691420555114746
0.5813252003674282,0.8701041454950545,0.6121922999101382,0.841942982706971,0.8440051866004818,0.6033077195155958,0.8996449857271557,132.2620391845703,-77.91040802001953,-5.048970699310303
0.7655205249158012,0.4508517610829131,0.7688176250800838,0.8936757890877702,0.7681221130621494,0.957177427433821,0.7702986615105964,145.69711303710938,102.56673431396484,-5.894309043884277
0.9079218095804596,0.7906834399849896,0.5395751362656505,0.9098417192233216,0.3550088486860178,0.8257645342507646,0.9322257722230678,144.6308135986328,-3.299800157546997,-0.39249685406684875
0.7998587137865867,0.7457402862974207,0.9761005217404644,0.7219033951780447,0.8171667765095659,0.6288022854506582,0.8066547681178835,145.1664276123047,-38.304500579833984,-3.4916610717773438
0.9893554726499262,0.8922747649470938,0.5907348928247256,0.9516697452339744,0.2881293285559084,0.9951803813421508,0.9226408413972564,140.13885498046875,43.471832275390625,-1.366788625717163
0.5721278978156502,0.4498959134595676,0.5806772229902469,0.9128703329558387,0.3313944168438851,0.6290170006864493,0.698955677857058,146.0831298828125,59.29804611206055,0.9632989764213562
0.7867898472404917,0.9802159824814002,0.8839501506178277,0.7997213515158014,0.3946300162086447,0.8444879484244678,0.8943848889544973,143.24461364746094,21.277734756469727,-2.2050905227661133
0.8257030936613543,0.9773059007756704,0.7715696591368526,0.7735918754471551,0.901412653935074,0.98322735910453,0.8478959603827029,103.0396728515625,17.766666412353516,-9.046869277954102
0.669204402446966,0.9071226092651388,0.9107124162388718,0.6915735984717033,0.4484279902853462,0.7871907133834167,0.4188087724684101,147.17434692382812,64.30457305908203,0.06597015261650085
0.4682390763480692,0.8055240187143724,0.7753127321534554,0.7498533056973234,0.3994571958434414,0.5878346581089372,0.5445886267012605,150.74734497070312,37.88475036621094,0.12202686071395874
0.4554889524622482,0.9661216034445582,0.918250542665112,0.7616039736515436,0.4624765555582532,0.7175242102884687,0.8530929421901572,136.2069091796875,18.942291259765625,-3.9767653942108154
0.4855267339169423,0.3744891847700082,0.7304395113114456,0.7265110846070788,0.2193257006584568,0.6877810792092538,0.7606117831405712,145.38150024414062,66.14460754394531,2.097519636154175
0.6207561461452854,0.6845943942354668,0.7786074036680739,0.8511792740775805,0.4869743084167965,0.7148375814530044,0.586839568784502,157.02484130859375,54.11381149291992,-0.594330906867981
0.760267609404528,0.7916784375461574,0.6068378100254321,0.933594525078972,0.1776861126829977,0.8085145323999976,0.8927613260867562,150.43214416503906,49.46315383911133,0.7236934900283813
0.5732965981447533,0.5033400599902934,0.6818629334404304,0.7147523626547664,0.5641865600055126,0.7567493428968621,0.5487371802587009,163.7997283935547,85.21908569335938,-1.738332748413086
0.4831103706064362,0.8469051112632544,0.8289809930777486,0.7625106322877705,0.3889980403970433,0.6875522607558796,0.8228889732344821,150.52859497070312,27.31595802307129,-2.4580283164978027
0.9728518064553738,0.9850212448240402,0.6580727566186433,0.8672300106454921,0.0874655775029247,0.7330338872508667,0.3469391499370626,133.728759765625,62.95610427856445,1.1381723880767822
0.4992788153724779,0.7628805197708022,0.8186290230876713,0.8983170477374337,0.4631385826697635,0.6578206848541114,0.5079052226494918,152.69020080566406,51.52125930786133,0.05628540366888046
0.7821659258894291,0.8889022148179303,0.8591132806075763,0.9603745360102268,0.773806979939349,0.979408908808748,0.3958265324170146,133.72299194335938,104.00230407714844,-2.4814066886901855
0.7107399267270593,0.8500178963212246,0.8352986637897044,0.7807175638983654,0.1414719405236572,0.8215723820983194,0.8451057474776229,152.25161743164062,58.48417282104492,0.9756356477737427
0.5259154787150988,0.8347722771303656,0.9426542789375,0.7093527242107491,0.1213120866289174,0.970003236480946,0.6635040222944113,143.34498596191406,95.91236114501953,-1.667665719985962
0.5824737853313573,0.9653298341731648,0.7044864628828964,0.699989508255185,0.2389950679642169,0.7929893425714345,0.6958471366954404,157.5218048095703,39.44797897338867,-0.9527180790901184
0.6890422540085918,0.4459551759220088,0.998354353259096,0.8920143447251632,0.5042239272450783,0.7080192802576958,0.5506153913399044,158.2960205078125,62.733612060546875,4.386997222900391
0.9618245478463988,0.7645722384444082,0.670851931967009,0.8276239492348645,0.8311142427729273,0.717782304966882,0.4865386565033468,136.2412567138672,4.048768043518066,-0.18404772877693176
0.8515181921081949,0.5892458070690744,0.6876035172290198,0.6803861111879645,0.4250110653811131,0.7823260768568534,0.8673987193387297,156.63014221191406,0.45883864164352417,-0.15994776785373688
0.5826424093606085,0.9923859058538864,0.8146281439715979,0.9267581125238288,0.9112874693760212,0.8684548207910898,0.909732946156084,97.2530517578125,6.756472110748291,-11.709427833557129
0.6150928131149331,0.927469958617899,0.6199357170057981,0.8672586309944625,0.7876056670443912,0.6432947464812192,0.9683503241975748,133.1716766357422,-85.86237335205078,-5.842729091644287
0.9960739573573664,0.6486888157768161,0.8135556065642808,0.9458911291327406,0.8949425009491349,0.9456807120244072,0.4967744674027432,137.74325561523438,53.34687042236328,-1.4923889636993408
0.4782230802230156,0.660614509650578,0.5398247662085435,0.7938933170363254,0.8028605522682187,0.9322833945387023,0.665199236642656,167.354736328125,185.46661376953125,-17.56609535217285
0.4782372504361472,0.4651880109447524,0.8396398715290415,0.7835592431747549,0.4683690153192932,0.681635062074228,0.5894595021194402,156.099609375,75.26321411132812,1.3846858739852905
0.5072742915921451,0.5148675397260485,0.8384007617877459,0.8079525275324311,0.298218302679005,0.7847321157384194,0.8731035232551188,146.11776733398438,78.93087005615234,-0.9473890066146851
0.6021606379485243,0.9109174387293428,0.866340105923087,0.9395374566140746,0.734626151371642,0.8355362516989915,0.71556359549157,124.4295425415039,35.67337417602539,-5.398828029632568
0.977592414946722,0.5341418959470391,0.912887245252169,0.681008343989294,0.8099094822599601,0.9551091196567384,0.4185277861948204,152.47067260742188,93.73747253417969,2.5578393936157227
0.631213173244594,0.9702135138913166,0.6764798871912989,0.9419031405373643,0.2564468142415303,0.9574451051602728,0.3516676348072301,165.15829467773438,117.27714538574219,-4.312384128570557
0.4458897710275479,0.7824822552977646,0.5460080063799188,0.7797027071482111,0.6706176386874325,0.7706522056554689,0.908677354048661,157.89996337890625,51.773582458496094,-12.01780891418457
0.9674803869649216,0.8800930339703826,0.7473726236250056,0.965329791268108,0.5163076842896788,0.9660906093875444,0.9085044364867676,132.4454345703125,12.186429023742676,-4.574869632720947
0.7958273287447453,0.4429421751923119,0.8295756815473898,0.8835148551316276,0.6860623257847883,0.7281304077365114,0.4578551380651227,166.63766479492188,71.43550872802734,2.9881339073181152
0.8948830862319994,0.8440845576532983,0.9930028206331136,0.8941328047297472,0.1581363301622976,0.8255089515860276,0.6237892596784578,148.51817321777344,68.55645751953125,0.6706024408340454
0.7621466273335171,0.9980661974685496,0.9842214194182768,0.8216670799386616,0.7620528658265295,0.643362589513426,0.3232698459916061,129.6103057861328,46.37443161010742,1.9697082042694092
0.454234454923992,0.7389442498238447,0.7449017230343538,0.8268643850381682,0.6599313277445172,0.5745137725023592,0.3935784364738176,149.74720764160156,59.57331085205078,1.188720941543579
0.4760049078001117,0.4722980840880109,0.5506819164113697,0.804731027429239,0.2198315896092379,0.7421653183396241,0.3821631237185844,154.76736450195312,90.95893859863281,-2.2085490226745605
0.904308658839617,0.8820172277527678,0.8058927270018504,0.6753200043403718,0.0208298834854829,0.7876429670345282,0.6584596100225086,149.218017578125,48.61339569091797,2.155985116958618
0.5424550278313367,0.9587206343628428,0.7704896968741267,0.9566197539936204,0.4076769765166126,0.5966358630557476,0.619556689374688,147.22427368164062,12.278120994567871,-0.12114272266626358
0.9972978864470812,0.7901627210396964,0.513961101121286,0.8956112344300696,0.0525395492988394,0.9908054141050586,0.4337898226768304,133.5899200439453,67.23541259765625,0.9295825958251953
0.5231166883601658,0.5507742209164102,0.959886947523388,0.7092081663036842,0.2442701643330358,0.8537080152599558,0.7189440746141691,144.6899871826172,81.7800064086914,0.019898533821105957
0.8141862726534315,0.9571758118816334,0.6240323742086555,0.8242555756338672,0.829816944544313,0.5826173965593072,0.994468318658774,128.65493774414062,-166.99972534179688,-3.261333465576172
0.8746097695744682,0.6146201315053382,0.6150507762374882,0.937007760470736,0.56814605996192,0.7708370014597529,0.5951130315206159,152.01634216308594,32.890663146972656,-1.7282747030258179
0.9750424841024112,0.7552028501421739,0.879450178682069,0.9525624587299047,0.2828869653258182,0.8997072278519382,0.817016799816711,143.77069091796875,37.87333679199219,-0.1649819165468216
0.9790394829035384,0.3791829207577717,0.7403181688581408,0.7382337708891381,0.0404171933838432,0.8088634495370504,0.860163531840648,131.7022705078125,38.521812438964844,6.375327110290527
0.6906415207307766,0.5085325111536724,0.8564828213797119,0.8831717862405205,0.5488465310905656,0.7525134804848915,0.4228960168006701,165.31118774414062,83.00547790527344,2.429746150970459
0.5065485151042428,0.6031968176309839,0.6075757951420463,0.9699575047183784,0.5592797020863919,0.5716451431161752,0.5077214633985015,154.7913818359375,52.69597625732422,-0.72873455286026
0.9431725312593062,0.4121945385271583,0.8659173095944437,0.7427330839615234,0.8294033456684272,0.7352023083615677,0.7239095745750124,158.79925537109375,5.895408630371094,0.9825705289840698
0.6693681870661091,0.4435779292012551,0.5413665868345864,0.8760589089069599,0.4998618369485198,0.7482232798578885,0.8694813724086842,150.64767456054688,51.25080108642578,-2.8867616653442383
0.5780574031154837,0.5424172475937664,0.8716054916851232,0.9726470912448584,0.7257405802342876,0.9258563265475812,0.4509428518820711,157.83363342285156,140.22714233398438,-2.681347608566284
0.7242717072296623,0.4987807785455218,0.9651682752379932,0.8672949761370623,0.1473890250047412,0.9394080788895552,0.4905688815028423,146.46542358398438,86.64556884765625,3.754115581512451
0.53862092711841,0.88444330107921,0.738723531558017,0.9060149465826728,0.6584525560214278,0.6338056959403745,0.354888613271958,146.49851989746094,52.04667282104492,0.39612606167793274
0.9111155704276516,0.6078983849868234,0.6963118504300194,0.8008654408997674,0.4219026551840824,0.666125101545896,0.5964609560546745,154.13345336914062,28.44757652282715,0.6816243529319763
0.666255442862306,0.9016058478503728,0.7474841390504149,0.8016607049712413,0.5996195408365974,0.9161084949734756,0.5389729674701862,148.26702880859375,91.16806030273438,-4.607884407043457
0.81191468963202,0.710033495553405,0.9051362274345948,0.725192907867691,0.2902125220907071,0.8065210212254706,0.9743762451180444,154.71826171875,29.776397705078125,-0.8069080114364624
0.4406063696986136,0.4923758783931761,0.7163932534140667,0.9823723663556654,0.7201015167180439,0.6876394922922188,0.4299122090847429,165.02578735351562,105.54322814941406,-1.5274531841278076
0.4806625415361335,0.7971710068667878,0.516994017528701,0.9556369185893182,0.4494860071285457,0.8777754160222513,0.4608037966232911,177.93385314941406,148.5755157470703,-11.853523254394531
0.5128912397827858,0.771398823012923,0.973790375394998,0.8789314487095645,0.5506330533756936,0.9081381328191264,0.6454582466325156,131.8437042236328,96.88247680664062,-3.4901413917541504
0.9001291800830213,0.8717147666304746,0.5535798511918979,0.8820593911943877,0.6991319165125971,0.7629981112118249,0.3937012994217867,134.2685546875,34.79792785644531,-0.986221432685852
0.535931404865969,0.7831446916815198,0.867695562638621,0.6978485233498247,0.5844089899601113,0.6788985529977947,0.8680326917915462,147.66297912597656,2.7664096355438232,-4.068996429443359
0.5070404790217932,0.3889160562145567,0.7006287095662774,0.7957842818529615,0.5400896134795962,0.6592422992172738,0.3206369568933327,165.8145751953125,112.23869323730469,2.5070459842681885
0.8690875085250993,0.7448612361132081,0.7892942748921054,0.6872699253995942,0.4456654945863584,0.7934227756756127,0.6272508641632035,155.85275268554688,29.408397674560547,-0.5756190419197083
0.923790931025232,0.8446463304594971,0.5529752975941652,0.7824012063701469,0.5179197716661889,0.7773833658670442,0.7862540224031185,141.611083984375,-32.455081939697266,-0.41518402099609375
0.9470001406732368,0.893557575870743,0.9329412830026445,0.834650396630352,0.9343781264926698,0.9135253331196856,0.3494224159281026,115.90425109863281,67.63167572021484,2.1221747398376465
0.5467080400322676,0.7919904564948228,0.7256470019136803,0.8729639302793175,0.2910337662945321,0.7721846675881189,0.5300914952498519,158.29080200195312,73.07498168945312,-1.5796928405761719
0.771883200834678,0.9182764913111118,0.7047180895971356,0.6832263884263673,0.9617084945957745,0.9875097861010492,0.6582044989884119,112.97652435302734,74.7975845336914,-8.256394386291504
0.4942018942132045,0.968659815449906,0.9136281515008442,0.7870923097175687,0.6858049416323253,0.7573548316428269,0.6077036346500073,125.34249114990234,38.40817642211914,-2.7503485679626465
0.4460130598173381,0.6277368822150187,0.623649688564682,0.96337222016685,0.011466798481487,0.9124791315964792,0.3974045558763137,164.06044006347656,118.65309143066406,-6.234271049499512
0.8671758810552802,0.5937189483637032,0.7987445640907394,0.9675535338228544,0.1828506452284428,0.6820402508609824,0.7900961721609512,148.70663452148438,40.05979537963867,1.894500494003296
