PS:PAN ratio,Feed rate(mL/h),Distance(cm),Mass fraction of solute,Mass fraction of SiO2 in solute ,Applied voltage(kV),Inner diameter(mm),wca,q,sigma
0.5068995608248481,0.4225201284790651,0.767349381110797,0.8507722603018927,0.1058206877896591,0.8184093365932936,0.9409277412699122,138.3798065185547,78.3534927368164,0.5613744854927063
0.5828469450895714,0.8713916957979662,0.7908554610351171,0.8089764793415994,0.5934513982576299,0.5835446301897856,0.3298989451555859,151.73828125,62.65340042114258,-3.9411466121673584
0.6655796190959872,0.6023834075239978,0.7475980054051637,0.965648289144083,0.1198162106948264,0.8974457023217429,0.8193610557634761,142.69723510742188,72.99044799804688,-1.5885698795318604
0.9812603936823612,0.4992951807462638,0.7722121892329542,0.8256683330563603,0.2616934481195898,0.9190076131810102,0.7195248807357737,153.3102569580078,86.16947937011719,0.9892102479934692
0.5291724152713922,0.4602254110047017,0.7033051402406514,0.9299492663597292,0.6690675179493122,0.6625408595321945,0.6290706585400223,152.76429748535156,64.88154602050781,-4.185041427612305
0.9185682038714018,0.950091822703281,0.6099395844447209,0.7161712423011761,0.0836080651662456,0.8959221399296302,0.4269967142976753,142.921142578125,85.32630157470703,0.12860751152038574
0.5295803960839236,0.5388255473296502,0.8680099709030233,0.6860371429138017,0.9038281607154626,0.8040402774057802,0.7682395377226541,141.9054718017578,64.75863647460938,-5.171714782714844
0.6275863185119378,0.8498870647485851,0.7551375255727094,0.7171368499049738,0.9896073958560612,0.7727773363798196,0.6372654277210709,112.93798065185547,32.637916564941406,-4.25188684463501
0.8179545424838953,0.8802742675685595,0.9877362248963304,0.7667898946088483,0.5510321097430024,0.7452103566518423,0.5257498685706451,135.6017608642578,32.50528335571289,1.4360381364822388
0.7836705065214438,0.9502628695731123,0.7485556086910101,0.896016080188306,0.8311786287832418,0.5886573085746992,0.4401630935669975,133.85862731933594,29.581443786621094,-1.9111003875732422
0.9732773514835183,0.7443264791735893,0.5414362099450899,0.9390167902957264,0.7600934535676744,0.7826551715130632,0.3753800008650897,146.96881103515625,54.96184539794922,-2.504086494445801
0.6687341412876753,0.4753327196897248,0.7481682148835124,0.8038877744853711,0.1400889564777783,0.8474433032974276,0.8567186184390791,142.37420654296875,71.18656921386719,0.4729646146297455
0.9647079165813156,0.4241426875138974,0.9113992739283362,0.9330943656812458,0.6083193051207307,0.9606851583548712,0.3696047577238072,161.89990234375,109.2387466430664,-0.718059241771698
0.957483893933436,0.4063148742615636,0.9759343265225474,0.9139185058239154,0.6902937072589636,0.7253168946091892,0.485698630370896,138.4824981689453,51.06690979003906,0.8297297954559326
0.8391613182429755,0.8173174050704652,0.698511574188485,0.8867924173012414,0.5589645041502609,0.7933619192750501,0.4755749401458581,146.22796630859375,43.7533073425293,-1.18765389919281
0.4491306628936639,0.8646730844528112,0.8748802365634595,0.9604330794776346,0.5024564538218327,0.7063244596828442,0.4330164172767018,141.9979705810547,69.18240356445312,-2.411647081375122
0.8850093494848821,0.8574399245573767,0.9719972691584136,0.8496481326811243,0.1126592707280967,0.7256115759220558,0.6503949771064288,135.0341796875,45.26979064941406,0.8630903959274292
0.9429197174537454,0.44090381190461,0.9425424267559684,0.9194052809954149,0.1964370093571889,0.7461374601287855,0.3243429402349342,168.47784423828125,100.70463562011719,3.0115878582000732
0.7317466910020594,0.630093460056557,0.9360634254605272,0.925670938432502,0.8363508334542115,0.844684693498456,0.7955354757715295,136.72952270507812,52.97154235839844,-4.059500217437744
0.5486964063252577,0.3829414231665652,0.8450340227683569,0.978416791278836,0.5375311559882273,0.8741059977803095,0.8902090261619384,141.80938720703125,76.94856262207031,-3.127070665359497
0.5395245887728397,0.5646637050428172,0.8932394296828609,0.9669079042298,0.3748742084014491,0.6442690396474056,0.7018695662723939,153.83349609375,40.003562927246094,-1.2246735095977783
0.9119014476963424,0.6275794012221678,0.7891203458079155,0.7379506902516223,0.306521710181002,0.7738629537446009,0.3713409823855055,159.2286834716797,83.86515045166016,0.9849366545677185
0.487107268567755,0.5756336016760916,0.8100817815882575,0.8380768327785559,0.5563780455938759,0.7682081478593963,0.8581386131129172,145.3184051513672,74.003662109375,-3.118250846862793
0.7442658290544673,0.9062142857711858,0.7975182924622195,0.8748395623001564,0.7367054195299257,0.7745649748999018,0.6276685764503289,142.80056762695312,36.12966537475586,-0.8851907849311829
0.5522045574006889,0.9849525593849212,0.8987230378596779,0.961460633544984,0.0816976850580532,0.6367317705387181,0.9623432021791982,132.4192657470703,19.471298217773438,-1.2024996280670166
0.6070335892258295,0.6177965189971633,0.9461425500962048,0.8011941303877879,0.7718394109256402,0.8614990697564684,0.4211804201811822,140.056640625,107.29901123046875,-6.1800923347473145
0.9857262856493896,0.5802534951653436,0.6021643124156341,0.8495707083704146,0.7040010018837525,0.8619987338479473,0.3776774256805343,165.34707641601562,80.43131256103516,-2.960460662841797
0.5932192518280884,0.9044766169800852,0.9762645943797847,0.932935463249611,0.1095501139964928,0.974047388861999,0.8121699965268876,127.2164535522461,91.84690856933594,-3.2718043327331543
0.8211971731210724,0.3818621033110864,0.9453316001143266,0.775191072001602,0.560278445992267,0.985435376340318,0.8227973311538646,138.8807373046875,120.4469223022461,1.9096074104309082
0.8681924129685399,0.8598957758640997,0.611285881878902,0.7019850468899884,0.1427993035628607,0.6755133119857907,0.9045763196865122,143.40811157226562,-2.805957555770874,-0.15151537954807281
0.5997227466971579,0.4183701837927628,0.8112445827962866,0.7219505501893111,0.6560326545403324,0.6449363717651453,0.5679792465945239,150.6386260986328,41.33031463623047,-2.9578957557678223
0.5203434369524802,0.5029698440256541,0.637436093843736,0.9772525978777908,0.7358833768083315,0.6281324181996477,0.3465629247855152,165.0157012939453,92.39069366455078,-4.141692638397217
0.8708680852193725,0.9113026685996368,0.5240918418049968,0.6766667138802452,0.139079933156054,0.7392133832150243,0.716778701412586,142.45361328125,7.679018974304199,0.7070619463920593
0.6923892491393309,0.4737258442242171,0.9301664832107994,0.984170307335384,0.6223331953167062,0.9899909454499906,0.7180420480253419,146.0117645263672,133.26083374023438,-2.162325382232666
0.599525147865499,0.6388780742781568,0.706802585664962,0.8041666978532297,0.1935330393457865,0.6896464480987967,0.6876863100329736,160.341064453125,40.1926383972168,-1.609169363975525
0.5567984267138925,0.6037227341301461,0.8155648870824042,0.7205217462749146,0.6789808499585313,0.8471742608556203,0.949945700609133,148.5568389892578,62.371952056884766,-7.730485916137695
0.9893498108006742,0.4780668934709988,0.7924401301898866,0.9380336322895224,0.9675853197451412,0.8311248967802316,0.7197265285485743,131.2689971923828,52.18950653076172,-1.4583570957183838
0.8003521922939756,0.6378664621563821,0.912623557858023,0.8476481953439683,0.2100762825170621,0.6127598649000262,0.5005039420103594,158.23800659179688,69.59736633300781,1.245197057723999
0.7312990515335913,0.7640748898392359,0.5198731580329198,0.8181097105911942,0.455623196291326,0.583617684699835,0.8119439178113677,148.69488525390625,-34.36257553100586,-0.5837969779968262
0.5022098440365778,0.7894725857203497,0.576955273783877,0.8598093157170041,0.509730675303381,0.839785297901442,0.6560287337534838,147.17506408691406,78.64522552490234,-5.60310173034668
0.949469019105684,0.3657350017788519,0.576716806526824,0.9739083378296076,0.2185613309510487,0.688917848766823,0.3136917883458879,161.91754150390625,91.26968383789062,2.9783830642700195
0.624686699603502,0.5627156120466326,0.7489862374473117,0.908148528123188,0.8921707077819402,0.5802884049529874,0.9361651477308336,140.24667358398438,3.013986587524414,-4.283526420593262
0.8812787318208943,0.8290091190001144,0.7646978232547958,0.953626778799883,0.1085014654613184,0.62200897901804,0.645067685725706,145.6894073486328,32.704627990722656,-0.22302605211734772
0.9454867707693244,0.5504691500633663,0.7606056626405779,0.8294384922106548,0.032347230594727,0.7226491385676833,0.7987303525677276,140.50987243652344,26.93584632873535,2.752298355102539
0.5535615236315704,0.8518762431511323,0.8787739075704675,0.7368476058707703,0.8740141793724808,0.8323708077710592,0.7052482660771536,121.06424713134766,50.05152130126953,-5.003122329711914
0.9861709655291624,0.5732971979188013,0.9162651833877552,0.744457762298664,0.5273523168519264,0.58507338908791,0.5372087121562312,150.5867462158203,25.408065795898438,1.5794425010681152
0.9392456613674808,0.820944221661588,0.7715843656732747,0.9660998931850188,0.0748211156696496,0.7715899805121007,0.6430388262954305,139.76290893554688,55.959083557128906,0.13836637139320374
0.7554268794821134,0.4887478101822475,0.9171160792487434,0.8508847941968605,0.2493765809914649,0.6035787376454425,0.5437346910763997,156.7763214111328,62.187171936035156,2.791891098022461
0.8440597033699806,0.9698949446562998,0.9274574906335936,0.9327689877599884,0.0554278698443854,0.8835071625310631,0.6432209428513671,139.689208984375,64.42138671875,-1.3342839479446411
0.5936501216679357,0.6784248952334119,0.5213626967759184,0.9950817686051014,0.5539946816428699,0.6409397222131508,0.4234982116909521,149.7073211669922,62.511878967285156,-4.64975643157959
0.8437179753996038,0.9206301845688633,0.8393120989538543,0.6744015246214393,0.642057187311759,0.9636739231256716,0.8169305079066309,142.97914123535156,36.93189239501953,-4.38218879699707
0.679790515561421,0.461361300363063,0.8805644483239365,0.7827503599676109,0.1875267877894523,0.8808865433431535,0.3840484163680443,168.5604705810547,114.7002182006836,1.3680102825164795
0.6205986743762684,0.8412247813806505,0.9191950226384676,0.7056806231799521,0.5359733397111518,0.9723954668427256,0.8209894319294821,136.34210205078125,70.3567886352539,-6.629340648651123
0.8286837301064757,0.6162505111538548,0.6363750997541578,0.873649069962102,0.169961991743366,0.7255199910373755,0.3998586965029064,162.92156982421875,92.22041320800781,-0.04893635958433151
0.6528927899838384,0.5970204749448046,0.8042859512483692,0.992879979357736,0.4312005242398559,0.88383343206015,0.6367612288718902,159.69068908691406,81.79825592041016,-3.288266658782959
0.8329661588206656,0.8256771198819068,0.7600377773336144,0.7112320956184301,0.4835926533380313,0.8805799399370882,0.9664964958143012,144.04153442382812,-13.843391418457031,-3.1654739379882812
0.9153387250112868,0.7053744640438726,0.7635591130804503,0.7611248760352337,0.92130871595244,0.7893531252394805,0.8671765772892885,125.11250305175781,26.893638610839844,-2.198118209838867
0.5899662824706335,0.947493341757064,0.9871912432885446,0.7517535406098973,0.1417473714365542,0.6895908889446214,0.6322742802321235,132.18643188476562,45.74590301513672,-0.686953067779541
0.553927717691079,0.4106909349038539,0.8800985395174787,0.9028621397457828,0.2008207700471109,0.7191511313070422,0.7282959940321756,147.02142333984375,61.92763137817383,0.5437905788421631
0.6177272414433114,0.368760601739628,0.974774865592422,0.9406468724633366,0.0712010755755648,0.7980470200617449,0.5440969680346328,128.93789672851562,100.72019958496094,1.2176432609558105
0.6756530382604389,0.477113611018842,0.6815599996900938,0.6852184566340013,0.2499482072523689,0.8749962967054381,0.9254608780414604,151.8071746826172,52.6452522277832,-0.1219710260629654
0.8463623336878618,0.8115154003510185,0.5844494351742012,0.6991931130511376,0.7591616187956667,0.8936236194697735,0.8123816778377171,146.53302001953125,7.2013258934021,-5.53179407119751
0.6833486831630928,0.6459050378550019,0.6455142781548768,0.9462726840198776,0.3788874078421032,0.7835763218554082,0.5116446466307446,159.0504913330078,69.92800903320312,-0.41593435406684875
0.8267761834899675,0.8127605221759544,0.9505124345164502,0.9337648644535336,0.3303307442413438,0.6539934362185803,0.3192068550153292,160.37173461914062,87.01024627685547,0.06127598136663437
0.9959412436692237,0.9622664723099684,0.8895245312817688,0.8821739037923075,0.6947084252299222,0.8913023924729597,0.4006529239172597,145.4709014892578,58.71318435668945,-2.2381608486175537
0.5691759957237469,0.6725639172691411,0.9149767273949176,0.9712230592255816,0.7082658026159894,0.6419062239657934,0.5202385069210672,148.89010620117188,48.524410247802734,-3.4150447845458984
0.863172695671693,0.807904787672698,0.592634195920051,0.7349968052589638,0.7911917935101681,0.8366800191007504,0.6408584217117013,135.29197692871094,32.99549102783203,-3.7770402431488037
0.7053702908509625,0.4394367567456247,0.7289607747042921,0.9427336623668732,0.5261760113927415,0.9845677092460884,0.8154374260412611,146.3581085205078,126.63174438476562,1.104810118675232
0.6725251264943176,0.8708745304440781,0.8360212469003684,0.7818655198288968,0.8667451512495795,0.8838128596352494,0.6469021371147391,126.470947265625,52.783424377441406,-3.480757236480713
0.775336049161933,0.4893791669386675,0.9483018829206564,0.8601640780389708,0.5984009785444232,0.8918154405276597,0.7882867378853331,139.35194396972656,66.30239868164062,-1.4075047969818115
0.5044307967379424,0.9635696450539908,0.5754374432690691,0.9039123127727344,0.6761343685315557,0.9584668771229384,0.6676854782124557,146.32427978515625,103.4808349609375,-6.661893844604492
0.6149257889173356,0.9267556612964626,0.5250682951685923,0.6722588953967161,0.986897528931034,0.9362628533573322,0.9080520579235618,121.46668243408203,42.48396301269531,-8.469982147216797
0.5917211209537636,0.843524449454909,0.8003583032384303,0.7476763407566117,0.0407264551995587,0.8190838439061328,0.8508764944147065,137.35147094726562,46.408199310302734,-2.113422393798828
0.7802505976328674,0.5102457050904282,0.8245249270605133,0.7589462180722156,0.6607885930611519,0.871926679928299,0.4967361701625199,154.99075317382812,73.61792755126953,-1.5500119924545288
0.564288566246368,0.9222606616412384,0.6504739019902452,0.8605766223449581,0.5425916070064665,0.9103998086322632,0.9148082306179997,144.0482177734375,74.65205383300781,-8.367744445800781
0.4647791398114859,0.799586994567387,0.6513712242318737,0.858171870526774,0.1708466891034449,0.7181998574886554,0.4657280775626014,153.94479370117188,72.85346984863281,-1.5838773250579834
0.4610007614389356,0.7471887351519388,0.5452888360629168,0.8462622534601449,0.154109263008012,0.9093843281233608,0.6250206773515672,146.5463104248047,104.18895721435547,-4.010169982910156
0.8722015731219381,0.4369606314731486,0.9173497756999094,0.6741524450437707,0.2991446639100756,0.7323814813208427,0.6410722993798346,148.50416564941406,55.02935791015625,3.966672897338867
0.8213712542059834,0.8363017481634752,0.8026650315173076,0.8536126945504393,0.9973692247364304,0.7439996498308432,0.5772310430951129,118.80126190185547,21.757387161254883,-1.5521639585494995
0.9142362803391224,0.8934572970569754,0.9577372393107986,0.9279195246209349,0.3134320596913445,0.715383905452899,0.5798674089132737,145.5910186767578,49.27196502685547,-0.17749394476413727
0.8176536319858688,0.7319811948383854,0.8329658303899724,0.8603865627199299,0.4980676285865579,0.7330843493488608,0.7124013700502325,153.7324676513672,-5.6863298416137695,0.25083228945732117
0.4675022476131498,0.5129385773792569,0.6283598829286617,0.9032823652164634,0.8590052411457119,0.6475381156987652,0.6368653696129136,147.7908477783203,67.99056243896484,-4.555791854858398
0.8310704680880946,0.4340666598572983,0.5760069875874732,0.9932656294135912,0.1199448652120315,0.9815075776916772,0.6064583353478461,141.08828735351562,118.97647857666016,1.9494128227233887
0.7447071682189534,0.8203268586773786,0.800802321617267,0.9791670168051224,0.0256708733634099,0.9002780934998315,0.6390207803939414,142.68128967285156,85.5254898071289,-1.8020659685134888
0.9771191282514508,0.420331021975911,0.8614331979890725,0.8983509806263708,0.1049756677683863,0.8523490542494324,0.3819306699945892,154.78330993652344,100.55018615722656,2.422332763671875
0.5669759963296883,0.8051542851159399,0.6886666490849056,0.736449982108969,0.5880297108115587,0.938641232198061,0.7117563820118964,147.76358032226562,95.44850158691406,-7.926020622253418
0.4818228666479298,0.7861372528662012,0.8471264510221799,0.892928261062637,0.5666765890594317,0.8495421619866228,0.6563834816728431,148.17955017089844,80.84198760986328,-6.139057159423828
0.9048950804532732,0.3637610259669015,0.8154041053806287,0.8575851835074957,0.7144106106324088,0.9774195192170424,0.5565431769605751,151.0940704345703,91.16728973388672,0.16118383407592773
0.6750585274545411,0.6801377393550769,0.5152461383117675,0.9132123192301488,0.3371778646813836,0.982833877540048,0.7318696418868524,151.19200134277344,123.7219009399414,-2.552224636077881
0.7015495497031845,0.6942507092845911,0.9884619801481358,0.7758719981116787,0.9303779242699616,0.6508714853046238,0.4203199339289132,116.81195831298828,77.02568054199219,-0.1428728997707367
0.8399376918481237,0.6733191670367957,0.9775061321603656,0.8028451030961521,0.6444406774124881,0.7284699567248957,0.7213059117847673,139.3766326904297,9.696111679077148,-0.9035248160362244
0.5407109472302997,0.4886975078338493,0.7011836272868679,0.98521040029365,0.6075575930677665,0.9412042849942608,0.5041597875633859,151.7678680419922,137.9938201904297,-7.318112850189209
0.6909358262957491,0.4439537024243254,0.6549253993614653,0.778267731104678,0.3323128187714949,0.5935204505477347,0.561100015723171,155.67068481445312,57.28677749633789,3.601044178009033
0.8877696063606532,0.7686939454610087,0.802784273362694,0.8861380205064392,0.6075116646652318,0.9431391291739092,0.4112760463997611,153.23904418945312,86.40382385253906,-2.590034246444702
0.7710917559391428,0.802674385919699,0.516123393477069,0.728117566815667,0.3956668361896322,0.7231459430733744,0.3990252249245156,153.6604766845703,42.7626838684082,0.19489158689975739
0.9442732787829352,0.6266574608818875,0.7432186539676185,0.9505439172791532,0.2902340137384265,0.8218710553973085,0.3375176712809031,165.97067260742188,98.83765411376953,-0.21924708783626556
0.9230993497131804,0.3849460754378106,0.7712366121949663,0.6892648613824085,0.8936934916885457,0.8087532474489827,0.7934250745329371,137.98268127441406,35.50554656982422,-0.1913871169090271
0.5914661171702055,0.9024257906029972,0.9170329538807932,0.940894147683081,0.9701250492921176,0.8860116276619644,0.9796374230438664,111.41944885253906,11.306083679199219,-6.81453800201416
0.8840907058098619,0.4897431431954556,0.9006063455249934,0.9450750964416824,0.6421823304836515,0.5918083533870054,0.5495712380647031,150.0061798095703,36.9630012512207,-0.24181993305683136
0.7946579463876363,0.4838563334350245,0.7918709698580522,0.8910607987184979,0.0689635242942803,0.7116400740774018,0.7903062946760435,142.37356567382812,30.715608596801758,2.4514365196228027
0.5060724702768735,0.6636334424971426,0.574101700384881,0.9185116174165258,0.2580419698580619,0.937305474374653,0.6965715480150891,157.81649780273438,115.3009033203125,-4.839818000793457
0.5859344155438694,0.9540999907446174,0.6451221210936884,0.9618851963070094,0.1501496265453247,0.6598432964886423,0.4675678304260021,142.66299438476562,64.33915710449219,-1.5808241367340088
0.8605669924977419,0.5287501653015833,0.6674794710771558,0.9693403301768396,0.8630224567724432,0.8637404519695011,0.4884451251931604,139.56439208984375,67.45695495605469,-4.271416187286377
0.9122113122074628,0.5611530774318605,0.5488553177559027,0.6986752322167344,0.4084069859151674,0.9149907690789112,0.7316791557571634,150.4320526123047,63.309505462646484,1.0021624565124512
0.5251415407382558,0.6457329037906533,0.671055633607712,0.680601418035205,0.2264389031495056,0.6980994112314709,0.5713059971774683,161.009765625,62.92319107055664,-2.1325981616973877
0.8327299587907908,0.7914951808505106,0.5717701412295306,0.7002881265096631,0.4651766994031451,0.977403244576782,0.62085657784184,154.45327758789062,71.28888702392578,-3.2979161739349365
0.6208238550267691,0.9026534361202796,0.6642298209056153,0.7725016216994781,0.569897789919579,0.6174859545877853,0.7296592766336141,139.48345947265625,-25.445070266723633,-3.2577154636383057
0.5410488022489115,0.42755984185458,0.5683304646872749,0.7260104375851942,0.2975602445760817,0.7041698888379092,0.9316285143967032,145.2907257080078,33.876953125,-0.802736759185791
0.4934542773646841,0.8054330308410953,0.7264811946968406,0.7923026096614206,0.8305966530197827,0.8534719176871701,0.6166279809928528,135.15882873535156,74.01514434814453,-6.964539527893066
0.4935443482789904,0.971966054083995,0.8327042020770865,0.9575806328369912,0.55453840330212,0.8236628105735162,0.7553990371112276,139.81166076660156,54.514549255371094,-3.168330192565918
0.697623708246935,0.8239243033286047,0.849210266386941,0.8455932831770423,0.2025465148772025,0.6400411949112768,0.800992056984883,147.7993927001953,3.510488271713257,1.0298023223876953
0.5032839221748671,0.5564883707313649,0.9577059732641088,0.8584650838274741,0.9492214395579176,0.9216677519400924,0.9721039298089056,114.110107421875,92.4201889038086,-6.580887794494629
0.7777692018114031,0.4408333878761536,0.881555509708964,0.7073702407197008,0.7092498283327143,0.9057537426929596,0.7406446217001836,145.63607788085938,89.98334503173828,-0.348960280418396
0.9005204464573138,0.4586369146674031,0.6113827405563926,0.8835309055202454,0.9048413225800308,0.8183987172020861,0.8545087185898044,139.97178649902344,48.7579460144043,-3.1532201766967773
0.6749593413963999,0.4924080854717545,0.8122888466860302,0.8479328143211662,0.4240200301108959,0.7965637765454262,0.8360761207289191,149.66062927246094,55.17988586425781,1.2067657709121704
0.7854283598555369,0.5704776940339954,0.916134199594756,0.8443388241936944,0.6013913034232065,0.8449114349153672,0.869462618740305,144.27777099609375,49.4843864440918,-1.7237001657485962
0.906816883245068,0.9445939007487182,0.6756093414071478,0.8576532394726746,0.4520209633305972,0.6324406350333858,0.684811894785119,153.31019592285156,-30.922603607177734,0.403471440076828
0.8999579250528308,0.3838444214229214,0.7615119400825238,0.7468453141507425,0.0349285843626573,0.7776186429079659,0.789833834330329,132.3134307861328,59.20326232910156,4.654951095581055
0.6138992546815356,0.8339343889368087,0.5427296693208633,0.8344389927755864,0.3495085884133743,0.9585752262555356,0.6173957458388689,152.92796325683594,94.89541625976562,-4.856578350067139
0.7552071957220596,0.4903056981337479,0.803921060690999,0.9265399396774824,0.3791581301208929,0.7757113673797592,0.841893099379591,150.4265594482422,53.04183578491211,1.5366653203964233
0.7044044312500931,0.5560644748007461,0.5781684909077112,0.8867718721896842,0.4683002733843826,0.878116345487133,0.4308712272291115,156.20628356933594,94.78450775146484,-1.5361570119857788
0.5053832162457039,0.5730725635425603,0.9076023143843572,0.8707847775263012,0.5603122958839856,0.7576691460045324,0.4640477202315753,145.82420349121094,97.49870300292969,-2.7713682651519775
0.5501570028048766,0.4345576916519716,0.7675062876802954,0.7090462921295902,0.9146352436632262,0.5876589608135186,0.3439031542071245,159.7484588623047,79.16236114501953,-4.194113254547119
0.485482566890846,0.7042164049673835,0.6588284299965258,0.7973880125410729,0.7528052526287068,0.7642447788746947,0.7874401438684928,141.41513061523438,64.58357238769531,-4.0973286628723145
0.5627517260213254,0.9403547509134744,0.6832228935387206,0.9754937241134952,0.8723329444753368,0.8757443394001188,0.5070787448171976,127.53632354736328,82.31230926513672,-6.040832042694092
0.9749300146667996,0.939207276492021,0.5414557141852887,0.7707712140761516,0.3469297915264245,0.7189865364718292,0.3949521398321034,151.4296112060547,43.67307662963867,0.10365329682826996
0.9463790995394076,0.7297687815671623,0.5239466585415798,0.9814896568584746,0.544430460601779,0.7482095290639532,0.4685205975686319,142.5235137939453,28.595075607299805,0.07218492031097412
0.8995582247262146,0.8161234599762808,0.5725311596000231,0.921485214123342,0.49057427407344,0.8785040570984632,0.5178459395932107,148.7098846435547,53.312557220458984,-1.524086594581604
0.9125126894487195,0.7413475337551497,0.5597453077811698,0.9298908713439192,0.4870000031944919,0.6291092712655642,0.6827986971678115,149.40699768066406,4.389451026916504,-0.6127980351448059
0.9534008334962134,0.579349919079226,0.934991526240189,0.835981514546063,0.6397944255889471,0.9035987956056668,0.4827279187522437,145.25376892089844,84.45248413085938,-1.623620629310608
0.5436515702925159,0.5007354647589274,0.7585936180933461,0.9131339543793016,0.3247403142866055,0.8712054780199521,0.8331781174543316,153.70526123046875,91.51836395263672,-4.562901973724365
0.7634969317317458,0.96103640430786,0.6550872585333377,0.7606214088586367,0.2183142990887424,0.914584151855335,0.4166137192155579,152.20346069335938,106.87823486328125,-1.2213245630264282
0.6491997933999918,0.4069545497749277,0.6435140054554472,0.8270992578088394,0.1617277288738305,0.6139424065798278,0.6906132430670417,146.481689453125,35.26905059814453,2.1020970344543457
0.5461026984663631,0.5849747671515025,0.5256124924984863,0.7537568161249124,0.052921663889546,0.7027169395480387,0.6309790499432634,145.94825744628906,59.63037872314453,-1.7426015138626099
0.5148850069746296,0.3844495914233942,0.799428156990815,0.9905658474354472,0.6015578643847059,0.8728420539451578,0.874255445838231,144.03907775878906,76.46308135986328,-4.486604690551758
0.9248321580092524,0.569182967673773,0.879145605781336,0.7198063679183451,0.570369736460941,0.6991603114636552,0.6599311412677746,153.86061096191406,24.956329345703125,1.3389941453933716
0.7958835341805319,0.735242152647665,0.9862609686762712,0.9656315834277678,0.6398921298782728,0.5851395669002846,0.5866210086545438,143.59483337402344,36.62982940673828,-1.403001308441162
0.8350297512779381,0.3707314039542221,0.7535652776443063,0.8525185811578527,0.6241848565839785,0.7090774109039517,0.8079471304854641,147.61598205566406,5.12687349319458,1.0412393808364868
0.9374702942704436,0.3798411979206356,0.5426642943414072,0.9109250556766822,0.7023621644243129,0.8216675501066182,0.9186647395392769,138.31614685058594,27.324132919311523,-1.182045340538025
0.543906152172111,0.4781184931522264,0.6953471423774694,0.7212606779244942,0.6249792698594215,0.8161235233026372,0.5913372952341962,148.71905517578125,98.15483856201172,-5.513729095458984
0.9945954626455312,0.9831703255551244,0.9817763203719748,0.991681716078483,0.2000681283680475,0.9821079324217864,0.5434941281656438,140.64208984375,102.00690460205078,-1.5464881658554077
0.7134999355048104,0.4228264681209027,0.6210437804266383,0.9269280289936702,0.1379695312593566,0.7865639976365519,0.9239971559705052,136.658447265625,68.44696807861328,3.4895198345184326
0.6309796090762914,0.4597672537788984,0.5958606947406846,0.8436167451807817,0.6444324024401733,0.8786005543112733,0.8099705488225839,144.92022705078125,64.54596710205078,-7.765854835510254
0.9634542044449356,0.9421504812442494,0.937446328113234,0.7534189659225891,0.5865522849189253,0.927120552357868,0.4838616806034612,136.7536163330078,64.40990447998047,-1.6428613662719727
0.5842464294332304,0.909366183571682,0.936892717340326,0.8948887612767893,0.6905327159707967,0.711556176983662,0.4633286058723597,137.61904907226562,53.035499572753906,-3.47544002532959
0.919722316034649,0.6880478837420954,0.678976954489087,0.926792345107116,0.2628867073026559,0.7906960125467462,0.7723269049092929,149.57640075683594,55.014625549316406,-0.3406173884868622
0.5290516669935,0.5784066954742639,0.971800145229455,0.9095346449255516,0.2591455025125714,0.6004366736648559,0.4145851476442869,149.2935028076172,116.49937438964844,-1.0034576654434204
0.774683954576332,0.6094616684807731,0.8501012727064476,0.8600052685455628,0.8478061534959042,0.8758361505880774,0.3532823715007171,143.1868438720703,90.6022720336914,-3.8497071266174316
0.7858226081740688,0.4143769864968562,0.8009677424766294,0.8416785021372836,0.0793522816091918,0.88402240145588,0.7783037036499126,139.50881958007812,73.13853454589844,3.634827136993408
0.6245249028812829,0.6432054039640298,0.8285446870170297,0.8792419398382785,0.511164473868861,0.80469266285583,0.7906175540741636,148.08343505859375,47.14656448364258,-4.882551193237305
0.7805906460754557,0.5322812641175101,0.5343252609854976,0.896272195003385,0.6792523286013642,0.8284435320386483,0.64847484088867,151.5540008544922,69.38175201416016,-2.6441290378570557
0.9649824868556144,0.4112010621584554,0.9541799162263096,0.9267903476414294,0.4863928235070312,0.8758221459486295,0.4724090248058004,137.92332458496094,76.5518798828125,2.3141021728515625
0.6474446882668048,0.4495369138279351,0.6561400096270116,0.6843969019260583,0.84409105999608,0.9638466411646656,0.8936934006152175,144.88525390625,78.35250854492188,-7.980515480041504
0.5050426794007599,0.8649696031868562,0.7170846506311642,0.7869851773371933,0.8319019085284196,0.7545178462639264,0.6752831220361264,130.04644775390625,54.09003448486328,-4.208836078643799
0.6947364327166201,0.9105797426949273,0.7635066339583505,0.9344636317031312,0.4161240630030439,0.977202197421254,0.74957281773424,147.18760681152344,81.4847640991211,-2.4288039207458496
0.4955938252747636,0.5917021847632481,0.6314630393282877,0.8328699859796984,0.8562063774961648,0.7975492996972119,0.9126293946544364,133.04905700683594,66.81748962402344,-5.963284492492676
0.807019619192429,0.8447254295862833,0.5851195467323039,0.7707924348840747,0.408544210076766,0.7583445962469814,0.8825961638120909,148.55831909179688,-1.3780474662780762,-0.8916226029396057
0.8526105296937067,0.9115239825946182,0.914025270525204,0.9076962838748892,0.6796433289596102,0.7534414566610175,0.7882310660537353,135.81399536132812,1.3181326389312744,-1.703533411026001
0.4580638884390939,0.8895665691226863,0.868440609889916,0.8508909453910628,0.7034245908237886,0.8447242921651826,0.4617881915163431,138.60311889648438,90.19002532958984,-4.8187971115112305
0.9037457333228198,0.4025491795528947,0.9525200369484694,0.9375416152455108,0.4838459875781472,0.9612900925438416,0.4097594997342674,153.1913604736328,117.60674285888672,2.6662216186523438
0.8223502687702938,0.5344032010817282,0.6377438426677261,0.8171952355288055,0.7060249319512091,0.9546003258090026,0.6978895720996252,154.9132537841797,100.94230651855469,-3.2629554271698
0.688086643477925,0.8078420037856939,0.974466352468774,0.9485817633610728,0.8781905782821819,0.8646211358727479,0.7498904348623222,118.3406982421875,44.04065704345703,-3.9530649185180664
0.4414689760619679,0.5773638751932898,0.8789210905593012,0.7863812104977397,0.7149064700586227,0.6280085280660326,0.673032115676271,153.61599731445312,56.84275436401367,-2.342026948928833
0.5383414747642141,0.7143029312939864,0.8768413666328121,0.9737421387251906,0.9838463712927256,0.9029962567353464,0.8021789619288857,119.9770278930664,116.54617309570312,-7.085399150848389
0.6933084650415633,0.9328186890830572,0.856928666985815,0.8058111971955674,0.1197518785554625,0.8845059074432675,0.6674562372167605,143.06919860839844,65.65544128417969,-0.4614807665348053
0.8935110736686056,0.3639977143702337,0.5470841601097287,0.7242183950589592,0.7665725012686279,0.9096765232644276,0.6629644657088143,142.52435302734375,73.2586898803711,-0.9747359752655029
0.4637898010319923,0.9629882886693558,0.9149268056875854,0.9395282669137942,0.7819754430291432,0.7893335379022953,0.7549450521291721,129.42950439453125,49.784915924072266,-2.4795541763305664
0.8287697681004009,0.6904026796270691,0.6093206875129967,0.969255662917876,0.543656442245029,0.8125247332419856,0.6620646616915402,152.50238037109375,65.96654510498047,-2.364217519760132
0.4478811335063763,0.9655703004663272,0.717404624049325,0.9750870158918736,0.305919496528746,0.8998147971535858,0.698272382642043,151.37872314453125,70.38409423828125,-3.9001002311706543
0.7362278994088474,0.7128922596469092,0.7756621643286863,0.7614147192488442,0.7613534583160106,0.8422981845140569,0.4976122003228748,149.7618865966797,71.89332580566406,-1.881217122077942
0.5975607237671163,0.7089896956552904,0.9715025387811924,0.8887286338919627,0.4290670675093675,0.9047452021945124,0.5612266925596315,146.97653198242188,122.9254150390625,-6.767730712890625
0.87494729214819,0.8378248726186948,0.5046946783832571,0.7848033732335523,0.1511268465290025,0.5874785185038802,0.377489566614881,143.40126037597656,73.6319351196289,0.3702172040939331
0.5248170933908094,0.8181344328826874,0.5521524563061652,0.8077541187875356,0.1926665963392368,0.7724586605068404,0.4178866729531175,147.53082275390625,94.65394592285156,-2.027885675430298
0.9145000900242864,0.4920476042930869,0.757128775197556,0.8463906709995851,0.3889636936702502,0.8574404886362391,0.4741513239838939,155.59408569335938,64.45673370361328,2.2171547412872314
0.8627447469613454,0.8596673348970991,0.6229151939706823,0.9778966425226006,0.134139774800683,0.8586474549774222,0.6724523826325524,143.94932556152344,61.648834228515625,-2.461252212524414
0.9849633644654032,0.5730922867597418,0.9180177982185972,0.7595673468108262,0.9675415496502466,0.858820950298829,0.5578991488378913,119.595947265625,58.96699905395508,-1.2033452987670898
0.744593296304248,0.8316535857236527,0.8702301929985823,0.7268593611270531,0.5020313472855416,0.9410897847577134,0.6129468748099037,143.66293334960938,81.81181335449219,-1.808541178703308
0.5617644594388276,0.4782950376369672,0.8224858723749591,0.8992085052208685,0.9685878653705964,0.7320426122022297,0.6765633652748507,134.39158630371094,62.33395767211914,-4.9350385665893555
0.8544158986299206,0.8075187959970842,0.966178626273606,0.809024388513828,0.7276171463731361,0.9737901523113376,0.963900919991178,133.5809783935547,37.86458969116211,-4.451266288757324
0.738446193118373,0.6811095036039378,0.9208242725681044,0.9312531245717874,0.6926657410524577,0.9263538454780654,0.9362108883248128,144.3261260986328,68.8027114868164,-3.765930414199829
0.4503954229075345,0.4771466754282863,0.8100048742450725,0.9644762684417711,0.4973998298894402,0.8284406198254439,0.4862041578469585,148.33030700683594,100.540771484375,-3.389667272567749
0.5395746285251432,0.7108846997513515,0.5519209810191199,0.6941780029121732,0.9763045296488208,0.8089407894465145,0.7393087398868587,117.6226806640625,58.680294036865234,-7.207322597503662
0.5725258589759636,0.4260004646018083,0.571576778537579,0.8616269859756309,0.0808359508118111,0.8398799740087224,0.505007466163794,139.7471923828125,104.89198303222656,-0.06144063174724579
0.8255614823681103,0.6059716215304514,0.7872783345564622,0.9833714452133144,0.4431393503246035,0.9406051765358656,0.7847677613642539,153.21046447753906,83.75836181640625,-3.486708641052246
0.9386725887235046,0.7773835408786064,0.5293825039490613,0.6958201954972761,0.6135207921948647,0.7710185897477353,0.5324407705314502,143.168701171875,22.48467254638672,-0.6120745539665222
0.5317621007318662,0.5150646500448705,0.9631904948502358,0.7595317436771674,0.1146605871281365,0.7033628069080325,0.356197913775133,157.58131408691406,107.84148406982422,-0.9494428038597107
0.6910747815915321,0.9256340703584244,0.91706855791967,0.8104714468332662,0.8325106951312822,0.8503582425677852,0.8922208495292203,125.72775268554688,17.210430145263672,-3.6717581748962402
0.7918564653719224,0.8251860069960828,0.6483210404936192,0.7477880998118946,0.1544321610891507,0.985982887548402,0.697295500262918,145.5810089111328,99.87923431396484,-1.5535767078399658
0.908880509080144,0.4012318819663556,0.939216169642442,0.9917107804071896,0.9011837009201256,0.7622616382773955,0.9558450168155116,134.30426025390625,29.51026153564453,-0.7565045356750488
0.9292275625896428,0.6698534150072605,0.8059293983222533,0.9122140870328797,0.7906295580305298,0.7811962121121323,0.5450775742622616,143.61741638183594,51.79973602294922,-2.073280096054077
0.7006746347987876,0.8524538808515985,0.7622804258279936,0.7496176954573899,0.2691770140747248,0.9133146747152554,0.5072801240675351,152.43663024902344,92.27948760986328,-0.8346294164657593
0.5349327696716664,0.4208004446217289,0.7927359771998195,0.816183729322688,0.8556466472805521,0.7107601563698982,0.4384238517389553,140.6092071533203,84.22126007080078,-4.176558017730713
0.5477699323555332,0.4999740314424351,0.9803567241865871,0.8001368130742728,0.767850847711467,0.7256927097793283,0.5551980891230587,140.07095336914062,70.97039794921875,-3.9180822372436523
0.7974725511760157,0.5632801736284738,0.7534265183478972,0.7359881748883998,0.4535311394498218,0.7446194443858618,0.9369210468167332,156.48931884765625,16.188447952270508,1.37406587600708
0.7203932415924533,0.5886935111013478,0.5133895453742365,0.761322954302965,0.1072715112882718,0.7488063098321003,0.5484125271545209,146.24664306640625,55.28334426879883,0.9608213901519775
0.4725674264064582,0.3725216397205633,0.73279419752284,0.9464692202357764,0.3374126659086591,0.6776116620890948,0.3457033779875366,172.87979125976562,97.85546112060547,0.1921311914920807
0.971890856462865,0.6108745053687105,0.5819851625676572,0.8240084174271615,0.5804428693079521,0.7505847899820395,0.3288379884025493,159.57598876953125,55.338199615478516,-1.7265956401824951
0.8080600844435409,0.6822196179731176,0.9271926321672576,0.7415946841624729,0.0779243730470365,0.940640469918479,0.378878386258446,151.6953887939453,117.89136505126953,-0.42133867740631104
0.8932094386360261,0.5671481316670081,0.9244061950483756,0.7949692149243203,0.4103261754041,0.8181200487838302,0.3982059848525596,169.57691955566406,79.35457611083984,2.3796281814575195
0.647834929169733,0.5244218006431286,0.5102932084167087,0.7748057805782361,0.4168626515658388,0.7951609214527146,0.9704487260111788,148.06893920898438,10.254339218139648,-3.2884252071380615
0.707992146861096,0.4523107768437588,0.825525058672626,0.8653340338373499,0.6785414607022298,0.6819317707081018,0.4948138024120451,155.13687133789062,49.205081939697266,1.6726834774017334
0.6319093609661968,0.8494785813814234,0.6384131426968633,0.9915409419212616,0.0566432247043729,0.7855722710449224,0.4994928560270187,140.2851104736328,75.71702575683594,-2.09737491607666
0.5458208322266804,0.8276812399258293,0.9710048164300156,0.8156914743512165,0.9403587279818488,0.6000214907109853,0.8365970643714857,107.19398498535156,3.609036922454834,-4.011436939239502
0.95188685662247,0.900368374972295,0.5925420835794873,0.8393081117068952,0.7552930627381476,0.7580494402981394,0.7333378951962697,137.66073608398438,-3.361314535140991,-2.224681854248047
0.92514097215908,0.5036653941216931,0.5869226720907618,0.9700546142996204,0.3588728139240881,0.7175748081711922,0.7762806879866309,151.18028259277344,3.3033132553100586,0.7457486391067505
0.7534076959327141,0.7113944482423356,0.8945405919112945,0.710958216081875,0.1655430425763915,0.9749392028938018,0.3534811802134838,159.52127075195312,127.74179077148438,-1.1956067085266113
0.6295527848109094,0.778269580055018,0.9772094765357048,0.8841674831311096,0.732893055840563,0.8917622748930408,0.8011073000805682,133.06787109375,36.75621795654297,-6.230476379394531
0.6017241914387426,0.6580282575292183,0.6844745778421306,0.8642101747249927,0.0785776123075376,0.5844571532223006,0.7729606927551002,144.74349975585938,26.45661163330078,-1.2625302076339722
0.5116090953222501,0.7205126145456641,0.8887962444720623,0.8016449950944851,0.6313146274367791,0.8931818668489847,0.9117965277424976,141.7091064453125,69.66766357421875,-6.468651294708252
0.8319626521680554,0.6179667872425916,0.5443676774410068,0.9936250055794168,0.285626514006036,0.9078551738591708,0.9113747033438786,148.21388244628906,52.31041717529297,-2.49153733253479
0.4632632045385973,0.4134857219542598,0.7424291516745486,0.8016843914936634,0.4217426060228649,0.9744697247766372,0.603737883834996,156.50918579101562,138.87124633789062,-1.711218237876892
0.7773027177205054,0.9018135462031288,0.8764291549309623,0.6986454954575637,0.2854228367222998,0.7845614780864107,0.6051400015254411,151.22254943847656,66.02515411376953,0.4928742051124573
0.8594357273573308,0.776747972426598,0.8123193291147783,0.9582753712843528,0.0900940736424322,0.9094920166692406,0.7715412384481748,139.51953125,49.8082389831543,-1.7314751148223877
0.4413050647708256,0.5441419284539263,0.809739784202859,0.6802028262834482,0.9340566420619808,0.6590398788043725,0.9216293154290804,131.8355255126953,12.997452735900879,-3.4655487537384033
0.7886208186300621,0.4271177190416559,0.9188234530426028,0.8964603497026539,0.292008725503381,0.8160573190931617,0.3880188466897195,165.2288360595703,108.95165252685547,3.9778902530670166
0.7907425641659852,0.8309298637395435,0.5296125292799212,0.7627079833252406,0.2922137471901344,0.6469056885941368,0.7441341613521553,147.45852661132812,-6.007416725158691,0.3899753987789154
0.4871271223397518,0.6162596683078007,0.5540639169987368,0.7690747763873766,0.1237512162768548,0.7345283490010573,0.9093489520436786,140.452392578125,19.99703025817871,-2.0466747283935547
0.8441484619319085,0.5566199482145499,0.8560926053254765,0.6948259906831039,0.9031606734356558,0.6865396630249364,0.986551873885197,140.63153076171875,-32.35601043701172,-1.1444816589355469
0.5555372350943776,0.7265683643194504,0.6688876815332945,0.8543435344237448,0.3414635699703092,0.9295945281085702,0.5292441454647072,157.85357666015625,126.83277130126953,-4.351113796234131
0.6876835923984933,0.6268587264227876,0.514762185911486,0.8140261420422645,0.5480280692443191,0.6675405278661528,0.9637400191866156,145.9317169189453,-20.740446090698242,-0.917112410068512
0.5876175054283046,0.7466240111586187,0.6601813361391188,0.9358660522005,0.1455334794703483,0.9499388548726178,0.8349690635732709,144.14256286621094,83.06940460205078,-4.289722919464111
0.4984950570410874,0.9770837591800452,0.786470025949675,0.8763614321623852,0.03651415108544,0.869540869245932,0.5632156157019254,143.90206909179688,88.52958679199219,-3.692176580429077
0.8794083178396896,0.4715867826283499,0.8694782881661571,0.7591830464046798,0.4252878591899482,0.6851655052028147,0.4820197585349208,156.00845336914062,43.946739196777344,2.7649710178375244
0.8155836359735713,0.9741405402571351,0.6546316885116703,0.9162525157718924,0.4089629636973477,0.7343991993831205,0.9625577895370804,149.87319946289062,-32.1118049621582,-1.02576744556427
0.883624387705984,0.78764634543088,0.6192630048436913,0.800499636971756,0.97832823723493,0.8448638574292364,0.8877032438120296,119.83909606933594,5.1225433349609375,-5.351393222808838
0.6905846699409428,0.54478023510574,0.945125747223118,0.801364950811398,0.3332348326997212,0.7799365400391988,0.7622476143158196,144.98898315429688,79.193115234375,2.8868958950042725
0.5929502263808253,0.934730891811974,0.5380577075559075,0.8776804032863933,0.829710052088455,0.7278188992563523,0.5932752964935066,132.16444396972656,9.386625289916992,-5.74846887588501
0.8245800526872742,0.794909251334939,0.9090628179942456,0.8846025959104362,0.7174398885497806,0.5797313764660851,0.3640989001693264,151.3776092529297,49.335060119628906,-0.8574994802474976
0.6387911732968278,0.4230494556873411,0.5228324749804628,0.9634458468355188,0.6139281488468367,0.9016477156271472,0.430001279060742,145.9733123779297,125.08185577392578,-5.757694244384766
0.8231176877679101,0.9759871434133212,0.9691596593412802,0.7301780762534555,0.0527273978362401,0.8501051633317058,0.3624398821912268,140.04684448242188,100.85680389404297,-0.24892190098762512
0.5139887020307717,0.9216113290289002,0.9740442884736648,0.8572874471560219,0.3403928202387539,0.726842181760719,0.5790781679889621,139.9514923095703,60.12586212158203,-0.9326826333999634
0.6341023609008316,0.8816946928269268,0.8405682317321707,0.7861552346854909,0.0377124928161681,0.9402893638280692,0.3372028994363227,150.80551147460938,118.17897033691406,-3.316587209701538
0.9105467584628404,0.879816484684572,0.9778542589402524,0.780722527610967,0.7017608615932498,0.8727016325826688,0.5871264855444046,134.0993194580078,52.748565673828125,-1.7648983001708984
0.5849321807247027,0.5906926547314894,0.5748647343002591,0.8244422575363524,0.4964311609130262,0.7628698028726095,0.4654313127172855,145.40403747558594,78.35059356689453,-4.894862174987793
0.5525212094288139,0.4466279988550685,0.7403399743211843,0.8134568303640453,0.5935956252367592,0.7483622684086324,0.6462481001035807,151.12432861328125,77.47119140625,-4.539824485778809
0.6548443289506545,0.792807097533175,0.9345830398265318,0.856536873984918,0.9106783342233448,0.6140369728666275,0.939345498078985,128.6845703125,-32.14274215698242,-1.3177556991577148
0.6601604711385304,0.7803991491338229,0.9478528485898056,0.7333570247692512,0.1923967663946064,0.8930839705022573,0.4915360646999368,142.48153686523438,94.3328628540039,-0.25849559903144836
0.5098747688821565,0.4883781811610705,0.5351212973571592,0.920551877685044,0.0997011149000685,0.6238111864676724,0.5595821741509394,146.5150909423828,61.06605911254883,-1.5716947317123413
0.6970893881224898,0.6791251823827296,0.9427363749526332,0.7767293712305327,0.6268702416882311,0.6337449068755574,0.4499407016471413,148.048828125,58.18810272216797,0.4231349527835846
0.5800934779663324,0.6807245540776519,0.904733493910744,0.8084985690237074,0.7098715347532599,0.735370225072673,0.6637474343754532,147.8360137939453,43.588165283203125,-3.734062910079956
0.9935939376483144,0.840667997934635,0.802228300973802,0.6868197021306395,0.9595383182606356,0.9054240783161464,0.8035660848740618,120.27633666992188,29.97150993347168,-2.493248701095581
0.685559611898078,0.6528040601074901,0.6976023713126525,0.8397338218701498,0.8559229332313686,0.9895678618738192,0.5054813455824607,138.6409149169922,134.3001251220703,-4.279317855834961
0.5825638135716538,0.8515746125042347,0.8891305238109197,0.957097359856132,0.0675144489953757,0.950265134756855,0.6051111555911535,136.8954620361328,100.89876556396484,-3.109384059906006
0.4666890010492325,0.6584139225175636,0.6101740965988934,0.9860726534455726,0.7592185705424345,0.8507320887691613,0.9290747784146048,147.84066772460938,69.18122100830078,-7.644542217254639
0.8916715965346831,0.8457131665727096,0.8866064518798893,0.7835373916263831,0.2965535348273653,0.9694667523092622,0.3776904414283859,152.5303497314453,106.04605102539062,0.02003020979464054
0.6880997784914569,0.3707468704769704,0.5507401019097267,0.7968336341774582,0.161589489360455,0.9213851580074096,0.6840960346332848,142.7220916748047,101.97257995605469,2.6653048992156982
0.5691333561792674,0.9744917574291884,0.5274774177501472,0.8658446862229352,0.456265242189784,0.7684061157729962,0.3306691894368892,156.47140502929688,68.76871490478516,-3.556631088256836
0.5672357688689832,0.4646233197795599,0.8391390973160693,0.8354970485514481,0.4662980595106321,0.6944005332735192,0.906701792210121,152.77578735351562,36.99178695678711,-4.128147602081299
0.8411718520102704,0.4393804927363074,0.8872039935696152,0.724360792021715,0.8535838433518459,0.8149657841952928,0.3862095393859672,151.85711669921875,77.44860076904297,-0.29376572370529175
0.7550722038129423,0.7894312643440488,0.9744328697983132,0.8884167581687202,0.8393650606018707,0.7958579632650077,0.9444136370039624,126.17648315429688,13.42333984375,-2.505052089691162
0.6781564623316818,0.6735491806223757,0.6502367270045404,0.9087392011861358,0.3903369099439231,0.5943202878023374,0.9056544821523188,156.2308807373047,-9.513874053955078,-1.032179832458496
0.5091081558007297,0.6027977912682296,0.9400162073438378,0.6953690698943611,0.1880494545864964,0.6244717290578149,0.7505888713776,149.74615478515625,37.64009475708008,-0.6452817320823669
0.4918619924260765,0.7355297171318886,0.525748281183814,0.8230008808747806,0.1030098906192709,0.6268191434354852,0.9563320783970736,141.5385284423828,8.146212577819824,-1.395660161972046
0.6435936471486631,0.3773777999933722,0.8421118693910319,0.911228615363438,0.2298162180365387,0.8034419239223451,0.5517553102671154,154.09213256835938,95.80104064941406,1.1159180402755737
0.495584527443967,0.6240810642308936,0.8813374333878867,0.9099696726941102,0.8804673445493774,0.9198626677260784,0.7965053739455129,135.26051330566406,117.12550354003906,-6.423568248748779
0.4422670299705484,0.986882001777234,0.6915396497500829,0.9023091788040684,0.6553153033741982,0.661346991027959,0.3874158295061006,146.48753356933594,61.67982864379883,-1.4310367107391357
0.8826367404663356,0.8115138557075379,0.7050508468599795,0.7585657098889655,0.6994790955706179,0.9714611066890696,0.5744768412394744,146.01565551757812,63.89323043823242,-3.0410842895507812
0.5329290741713627,0.6444930119994913,0.7643111798259362,0.8523552478450488,0.0486203686101006,0.8753417792441968,0.3239174379710874,160.6582489013672,119.68803405761719,-4.097348690032959
0.8766100483789852,0.6810118115238482,0.5393320329787377,0.7354027109561697,0.1174170533920013,0.6121987969082497,0.6650670799190321,146.0203857421875,32.90026092529297,1.0215075016021729
0.6153156850546256,0.9878592286658272,0.9345382339451108,0.8263217236121413,0.0782189813236758,0.7711125669397523,0.6266939608282758,134.58059692382812,64.51788330078125,-0.7842934131622314
0.7034198582153677,0.9125487290379408,0.5736325893937965,0.8402220801015854,0.8487436089073104,0.7977811092396874,0.6060520261890119,123.60726165771484,36.96595001220703,-3.451151132583618
0.8850859350570479,0.6027381304667687,0.8785715367871392,0.7112448823397041,0.7784919447311209,0.7013891145259009,0.4303234703788991,147.8555145263672,51.97151565551758,-0.29893118143081665
0.7761873179061847,0.802188578367506,0.9131304375196536,0.899497909598075,0.2404875320227043,0.931971921501416,0.8544595054080106,146.1696319580078,65.37248229980469,-1.4919040203094482
0.6976705462875576,0.7618012422803684,0.8040056054105408,0.7089574949515862,0.0461587202124486,0.5845440648369442,0.6670133962457347,147.370361328125,34.16100311279297,0.7287073135375977
0.5960543466058704,0.4461274353991316,0.9885404924559852,0.9664088406631888,0.8406642977903789,0.7444069782084719,0.4083233151225435,143.90789794921875,94.84342193603516,-3.4588332176208496
0.4704938235060693,0.9378874664785432,0.8245408625301777,0.7048280138780392,0.7865234739204804,0.8923677495323697,0.6252992660585408,133.7791290283203,65.2511215209961,-5.80418586730957
0.8518814722987438,0.4738223841720751,0.9501935839712804,0.8714645835702381,0.449384909519447,0.6806438631862929,0.6410367674324263,155.42800903320312,42.33171081542969,2.2896296977996826
0.8975979120826734,0.5288866629278921,0.87296535365373,0.968479918885659,0.8121456882696401,0.6268027701365274,0.9769718714219652,147.6429901123047,-21.054006576538086,-0.1523837447166443
0.5911069046937867,0.5081629991115678,0.919541722828275,0.9642715250565436,0.581398621218555,0.7938287880826296,0.3827193212635737,161.84677124023438,100.91984558105469,-3.7883410453796387
0.5984410349507587,0.8178723768563856,0.7084514892751885,0.9197647258751036,0.0745854645762282,0.6022986474665386,0.8675812246021706,141.5197296142578,6.936285495758057,-1.5592117309570312
0.9002413427345723,0.3953062572848937,0.8132356920872731,0.6975446745031693,0.6961352656268048,0.9203987027232078,0.8206372948277814,143.1260223388672,63.87541198730469,0.5767189860343933
0.4460245663826351,0.392156541788508,0.6843611261963803,0.6852720016737776,0.6673327213238701,0.7982572824910412,0.7002351597277136,146.72817993164062,75.41959381103516,-2.6778063774108887
0.4605463174169463,0.5477913586919994,0.8466947852449049,0.982117635206979,0.3589948836824886,0.9223212544351644,0.8414776710639937,149.13442993164062,106.1070785522461,-3.429198741912842
0.9102585037359257,0.7211096372961561,0.5251928856728246,0.951242272485234,0.6924500831596723,0.7287330540650465,0.8163438992608854,140.384033203125,-21.74685287475586,-2.0833592414855957
0.651241215911951,0.6086961111622212,0.6380104471286813,0.886742500960252,0.187425666965736,0.6904679166813916,0.7523413783458883,154.5814208984375,30.193389892578125,-1.5856568813323975
0.6476643408495218,0.3789584971885903,0.962543170183495,0.7707587992855497,0.1449947893799489,0.990618083972222,0.5809049618421727,135.0809326171875,139.05734252929688,0.663883626461029
0.6266424422471548,0.427625237466967,0.877944496654454,0.8525853417807449,0.3080223985086191,0.9402900211239252,0.4391179989797728,149.7086181640625,116.12980651855469,0.11515063792467117
0.5957426233631817,0.4390502937718463,0.7036461439654037,0.8542039951051457,0.883003788129865,0.7974433418668373,0.5611544549428413,140.2136993408203,87.30422973632812,-4.258908271789551
0.8211706797640547,0.3941563903619861,0.5670571302294662,0.9687060656576651,0.6293775510319939,0.8962946009304416,0.4176634016632418,146.68630981445312,96.17577362060547,-1.3855094909667969
0.5054505919644431,0.5474292519721256,0.7651465184405641,0.9662360004633856,0.7736439543842721,0.9444371276168716,0.4256032509200774,150.37786865234375,148.20565795898438,-6.88877534866333
0.927201965136394,0.3843613576437737,0.9594587809471402,0.8543277429397349,0.8789226220281866,0.8325969470042525,0.8462134416195668,129.80087280273438,51.73427963256836,-0.1792108565568924
0.9949632585979558,0.4110384983331447,0.8203018349631036,0.6866571403663607,0.972475508856953,0.648759211132059,0.9244261008818428,135.44485473632812,-7.771103382110596,-0.21789242327213287
0.8885571361583677,0.6231937611252546,0.5521177537670728,0.8175820869380317,0.922320617470078,0.6155903568279102,0.70621442303115,127.16413116455078,-16.670673370361328,-1.9180728197097778
0.5599236751899441,0.7211296408844174,0.7062579356414798,0.8585350908791709,0.3110431497811963,0.8857503199788,0.4305023282857059,156.20359802246094,114.56864929199219,-4.0017218589782715
0.8611099246912453,0.9669801085237404,0.6507780668613314,0.9206235013054253,0.036783500448924,0.6690866970640732,0.318437922285349,149.38565063476562,75.32835388183594,-0.8070050477981567
0.911207638437776,0.7378925369293303,0.5757280105443997,0.7806021646705094,0.1883634599522261,0.9440138812901856,0.9257641554390574,147.14212036132812,48.031272888183594,0.15223167836666107
0.5022792293564631,0.7973771731096017,0.9575539637805796,0.9590307378611268,0.2858567323075707,0.6798413859048696,0.6639461425820576,143.3318634033203,57.10671615600586,-1.4714261293411255
0.7811705016485406,0.863353894606188,0.8791504875051837,0.8392393734151871,0.6520534144762865,0.8140058542504961,0.9620878482943468,139.85125732421875,5.354153156280518,-2.471398115158081
0.5149360975872554,0.4438062445763908,0.9167137362574812,0.7769850265652387,0.1382408517926799,0.8791122288850348,0.9823676659809067,133.3721160888672,78.06330108642578,-0.7912158370018005
0.8028815913222342,0.6361240480935574,0.752905187564543,0.8017318058935898,0.2421934229817647,0.769086586819514,0.3363383053647834,167.8653106689453,102.83838653564453,0.15278513729572296
0.5337753068893598,0.5648116344789,0.6668104898397128,0.755558932131495,0.7679992189841645,0.7558336632716618,0.3200111582583642,166.091064453125,100.92416381835938,-5.061845302581787
0.4993404142474419,0.5235043374583034,0.8632702064306945,0.6882666995845271,0.2127560035767862,0.8896747872710896,0.320643869393878,174.23605346679688,108.507080078125,-3.2991580963134766
0.6399461289234305,0.4212064017388368,0.9524871422282296,0.9711893644155783,0.3294387454571258,0.9648601649743712,0.8420063187601525,136.86883544921875,112.10629272460938,-0.0820561870932579
0.617985821176239,0.7473075972835641,0.854445601937859,0.7646425059967243,0.5223033249742984,0.7135052259475173,0.4916105776317196,148.9342498779297,32.05128860473633,-3.714829683303833
0.7747575447269113,0.6455879138507505,0.6818271996286118,0.6972545386121102,0.1834366326990128,0.922844593958822,0.6494336243445933,160.0845947265625,99.5860366821289,-1.1644880771636963
0.731974924123202,0.6016799565400632,0.695918356750399,0.9721709912453368,0.6393306522651763,0.6186996851089023,0.9331756554787548,147.6553955078125,-2.9605586528778076,-1.674255132675171
0.8879211224973198,0.9612438923328066,0.8759143489703614,0.7592226543775381,0.8491809577111047,0.6804849372052897,0.6620343198763243,126.68433380126953,-11.426002502441406,-0.6154084205627441
0.6154302222447842,0.6802287137741925,0.9636731270283728,0.8511034541448662,0.5221052145249928,0.58161137505005,0.6359356507483823,146.36631774902344,47.080039978027344,-3.4777960777282715
0.4767520708333536,0.6507321910471942,0.9812014965128626,0.7703487762605985,0.6131219212547404,0.8834753222871877,0.7349178151480797,136.133056640625,94.56947326660156,-5.293878078460693
0.841473459621955,0.9336914870020068,0.6775697103766223,0.8479893392236453,0.7458705667720188,0.6981677146866644,0.6234058004999552,147.43556213378906,-10.94079875946045,-1.376883864402771
0.6103208642904531,0.9543265250281302,0.7478524886020789,0.6880099498322,0.6712065141768789,0.8256309402913846,0.4550851099946252,140.16641235351562,47.49406814575195,-3.741995096206665
0.6983402496425075,0.4802679706239014,0.5339846041410186,0.67219319205803,0.1005663627639196,0.6201493838595176,0.4271867033328143,144.76002502441406,76.13227081298828,1.8494975566864014
0.5139062986773139,0.511921775935417,0.6308395865711103,0.9887272149429148,0.8578968829483788,0.8173542471007819,0.7214755054430064,142.56675720214844,93.83849334716797,-6.388385772705078
0.5156599408553268,0.6470771681656216,0.9462112099483584,0.8772331190488677,0.1741607722327249,0.636953352245137,0.6702122726500439,152.66635131835938,76.1252212524414,-1.0172568559646606
0.6691698839093294,0.591219297241018,0.5535930032645636,0.975953726386046,0.6987831781141346,0.7972594595532287,0.8918720696499387,140.44439697265625,30.77464485168457,-4.0364532470703125
0.9201447716025764,0.3776429859409473,0.7302714267850346,0.9840698452580297,0.9532335765793404,0.9810749422385008,0.7009446226874029,131.47073364257812,104.58212280273438,-0.9959613680839539
0.4866262052365175,0.8886097998529419,0.5649093745958208,0.8301248972670396,0.4600243119942449,0.8661427873979317,0.3762823770799423,155.3201904296875,98.30216979980469,-6.563741207122803
0.7069979171291689,0.8127526200008623,0.7770405311603172,0.8805501214706127,0.1736493396807454,0.6784460989063895,0.9479527292130584,151.21548461914062,-1.93801748752594,0.3446008563041687
0.5034598147435861,0.672675348305012,0.8587657141814511,0.6851427535985931,0.9883344996633536,0.8511311297957531,0.952083864082911,126.73429870605469,53.567848205566406,-6.9745192527771
0.6168526602919344,0.732843093983133,0.6437505058297519,0.8599047574659481,0.90690743433727,0.7632834740067344,0.8992634409364744,130.8390655517578,26.090051651000977,-6.026544570922852
0.9128739479696312,0.4897767800544051,0.9413082221297516,0.736461050969558,0.2256686707259016,0.6878300136147504,0.6714390750137569,152.3684539794922,57.625797271728516,2.666093349456787
0.9132827061789252,0.7177882459549161,0.742215805241653,0.6955452183293368,0.2076864737834928,0.8165483905439213,0.956031417688764,151.54571533203125,35.813167572021484,0.26946350932121277
0.5821997150067754,0.5237152133293185,0.8503893813989434,0.9901021603800884,0.0689711764455622,0.7822771767807097,0.517414895989677,143.10035705566406,98.98672485351562,-0.9832461476325989
0.933852838114154,0.942148499627474,0.6568975799014707,0.88198998160404,0.9727665163376332,0.636684650365987,0.985805816379408,121.43143463134766,-146.30833435058594,-2.5276265144348145
0.7679858650617968,0.4983948561389139,0.7746425071891827,0.6920262646129168,0.2759264297619806,0.7670696223304752,0.964132729577888,153.24166870117188,36.44862747192383,1.6370877027511597
0.7465384590154056,0.5780282491091111,0.7059465917309599,0.7967568143557919,0.6934165310225723,0.8750925397038078,0.9229313816672268,148.09840393066406,41.27067184448242,-3.967599391937256
0.9833423935942908,0.8112692065755855,0.7555857051627612,0.992552425544304,0.0341494131500872,0.8894193995168773,0.900688333581084,137.93333435058594,24.434844970703125,-1.092984676361084
0.7904890913699982,0.5204958774633058,0.6723853148287018,0.9474058347721256,0.954830360018698,0.92066163023907,0.8066779029559257,132.77316284179688,88.32890319824219,-4.725954055786133
0.6711640057124734,0.910765190532865,0.9038938174058448,0.8012153368534394,0.3827720671888612,0.9552414112996744,0.8489805752395008,142.19239807128906,68.9176254272461,-1.238233208656311
0.7062294227272095,0.5371005536439474,0.7662709808765744,0.9657889706233816,0.405395100393991,0.6937724170487024,0.3223719270458208,176.0284881591797,70.65790557861328,1.87140691280365
0.9857733803791616,0.884926362888295,0.5597424131672243,0.7874713338746412,0.7487804659363531,0.8598076329928732,0.8433298066910695,138.2552947998047,4.187573432922363,-2.842801570892334
0.6925868634790123,0.9578917618858148,0.6119252160181428,0.954519392548264,0.9147628642215774,0.8738195198741284,0.7435315028062044,129.14669799804688,33.04106140136719,-6.201603889465332
0.5774716266766755,0.4750145964158276,0.983605831068809,0.7570165962912041,0.813752638674634,0.7373953769212868,0.9455262954851708,133.11181640625,44.166908264160156,-3.997157335281372
0.7117114675449443,0.6651138827389826,0.5129476661354724,0.8105084376224051,0.1223356698622374,0.9375275198279374,0.8130059878075029,141.07200622558594,81.11299133300781,-1.197625994682312
0.5582495526536994,0.4504319173321648,0.8593139781387039,0.6704969377027541,0.1110403922286273,0.9343012685722198,0.4327663821711586,144.63540649414062,115.5843734741211,-3.1119744777679443
0.7389670959429808,0.4406844397939931,0.6048900627353958,0.8239669687235447,0.7865923479139221,0.7682414010262282,0.6485534995150848,143.470703125,61.48885726928711,-0.6362060308456421
0.919669939639536,0.4016503621001692,0.7792156233744635,0.9799138092460586,0.631075102654298,0.6110800413183279,0.3866326003822328,160.56626892089844,64.41263580322266,0.977493941783905
0.4667194754566477,0.8236373774506769,0.7625982425695732,0.8668501315917376,0.7550341974853814,0.6051424321375194,0.7868088723192161,141.23289489746094,-13.499882698059082,-3.181016683578491
0.545583273786556,0.5350728578478374,0.6610777140876559,0.9018608242119864,0.1276810838463789,0.9561028047626126,0.489170594514678,150.7585906982422,135.97183227539062,-4.242354869842529
0.8555066394180242,0.6034395677180171,0.5482799137500834,0.8774047555260336,0.2432467073082568,0.610848119358671,0.4751970314961987,153.81752014160156,54.58213424682617,0.06321313232183456
0.5409813993560371,0.6253886749604225,0.8590521869101313,0.7825554136287952,0.8505743566718571,0.8174885632895542,0.581996107943231,134.04026794433594,97.98316955566406,-5.4125075340271
0.5534130492284037,0.7033762838444387,0.8117406378957628,0.8359072604650636,0.9627734654870104,0.7014317608819695,0.5086831349138207,127.82701110839844,71.93885803222656,-4.414849758148193
0.7684279265702295,0.6019143368732102,0.5363989943872779,0.6878043224427011,0.8905456984275031,0.7889521367383783,0.5234789588872188,132.21681213378906,52.56022262573242,-3.279630422592163
0.7154112347473076,0.9001931861772908,0.8672982940648875,0.9928552742663472,0.7665098823195836,0.5780701644723,0.9447737345548765,141.33448791503906,-30.169097900390625,-1.8736186027526855
0.4558461523095721,0.7675921378224512,0.9016573419858582,0.7392106080420171,0.2272716876074311,0.597230314680461,0.9290660213734484,148.15220642089844,13.03149700164795,-1.0791106224060059
0.5083382586803453,0.4664661790457534,0.9243456712305562,0.9728637248785768,0.1077561045063672,0.938992980805348,0.4823793336973503,137.5826873779297,125.15804290771484,-2.8716530799865723
0.8702535100049934,0.4924868510458991,0.7588767679347708,0.7328387494990565,0.2713920869433359,0.6680552726642426,0.9610881542889976,151.90167236328125,19.093402862548828,1.5193986892700195
0.6867649779626595,0.6135062687170382,0.8163809884622633,0.7426114330345412,0.3713679172384738,0.5922116413251982,0.756587342551202,157.05633544921875,10.865059852600098,0.5082781910896301
0.5881546381092765,0.6610600381347869,0.8769764133416511,0.909907377070125,0.4236726705092234,0.62498062050443,0.8177793687856216,154.80282592773438,2.411771297454834,-3.7854273319244385
0.5866063983739128,0.6506369566172505,0.9875222330002604,0.9943291307838756,0.36863263665934,0.9923078764176952,0.8095944862680103,141.01817321777344,127.0372543334961,-3.551344394683838
0.8183490080568958,0.8658241177316717,0.7039092941463314,0.8540727911931888,0.1999387190228405,0.979027033198955,0.3805294659343716,154.74114990234375,122.50848388671875,-1.7284801006317139
0.8160646259814661,0.6043434710923654,0.9880604893752024,0.8631981512161014,0.7666286163167542,0.8256582856178638,0.6435199135037215,142.92039489746094,73.1021728515625,-1.8510792255401611
0.8343096760362503,0.8634220316099797,0.6141657280166806,0.7954443665535595,0.493887887515645,0.6533578568576673,0.4586043380180538,146.1400604248047,37.754608154296875,-0.5236883163452148
0.8028918268614263,0.4025781355911315,0.750089268459617,0.8595151859440401,0.780051683093752,0.6773702303978464,0.8846723786622595,148.35934448242188,-3.273026466369629,0.7129549980163574
0.706524885233498,0.407024835771736,0.6765832398536379,0.8182948482562683,0.6769179612715676,0.6843581602322638,0.5659805510417077,151.31369018554688,34.60719299316406,1.8412370681762695
0.6663392754447982,0.9115017618854004,0.7190294479523205,0.8529281750665092,0.5416263991660096,0.6248116062426912,0.6148550579963371,148.31851196289062,5.823957443237305,0.5687174797058105
0.5897913909958434,0.6376225495396595,0.6948769148837253,0.8769579949591744,0.4264889333415649,0.6528221396260077,0.6614999329986981,162.1959686279297,39.60930633544922,-4.518826484680176
0.5630366854902258,0.3977269299960184,0.559243167172787,0.7071745631985852,0.925350118969522,0.7598317263420653,0.7736803950299067,130.33160400390625,55.0592155456543,-5.590936183929443
0.9467748082341064,0.4364912351540692,0.8582594341167304,0.688572922870016,0.4182240078232986,0.7190407613649216,0.6747931564523171,154.72862243652344,23.025684356689453,3.944317102432251
0.4589261698290592,0.4683390080914107,0.839116606553333,0.964199689110486,0.6065415954458777,0.9553311772620544,0.967335417873768,145.13885498046875,109.48220825195312,-6.3655476570129395
0.8212106979986566,0.720691727405867,0.5469415694376044,0.9287600814918852,0.7230286922847674,0.6186298578037286,0.4684080964815349,147.00967407226562,27.01762580871582,-2.3595516681671143
0.5650706887255111,0.7232467531046473,0.6743629406129421,0.8518267555265504,0.1935985625827874,0.838023330500838,0.7002058995977014,155.63063049316406,97.53138732910156,-2.7155535221099854
0.6962854629096876,0.6034251157554337,0.9855011545164836,0.6967811084211288,0.1291698367228833,0.9564205334772772,0.335864177263679,155.97689819335938,128.54368591308594,-0.9184474945068359
0.9679262588142457,0.4343370422795291,0.9796345118769428,0.7128462739679253,0.3786689213048292,0.8720497880208365,0.4097671092877605,152.444091796875,86.04605865478516,3.029707670211792
0.9753470936549188,0.3725859295131649,0.9884737100387836,0.748234020812813,0.9696057449309278,0.7834617551709405,0.4197126290359436,116.0294189453125,74.01737976074219,0.06594319641590118
0.5770204717928888,0.932767332750008,0.7555214500759546,0.9775783426289216,0.4665691352777861,0.926673920641701,0.9801604952025698,145.60159301757812,51.77614974975586,-7.698954105377197
0.4646732542176644,0.6373581862836581,0.7249950267699995,0.9080913482487284,0.0367638371039261,0.8433237810004133,0.4758810376112434,147.3358917236328,105.40110778808594,-2.113058567047119
0.9822705552880686,0.7262218479890347,0.9341205095441424,0.6736805257739304,0.5347010230136982,0.5969611471569021,0.8073136733541473,146.0344696044922,-16.73293685913086,-0.850514829158783
0.8131704637120352,0.7991535161377734,0.8419283945006567,0.7458063492700454,0.2850673470275415,0.8396704368378289,0.4264794437332359,153.9348907470703,98.1658706665039,0.3808854818344116
0.9033588655043684,0.6307250716311941,0.7242267463792729,0.7481175092734111,0.7265804799414513,0.9191267563514072,0.4026486359871231,155.54747009277344,94.09396362304688,-1.7276321649551392
0.903168666350248,0.5609724053966967,0.6890083948730948,0.9382843807684884,0.745352249012442,0.9583977905170318,0.4365310363322385,151.23822021484375,97.52208709716797,-1.240065097808838
0.6892201126771802,0.7079078467584481,0.9124291908887578,0.6970498148726334,0.732827796056154,0.7777614709789639,0.8022988683679229,139.88839721679688,36.048526763916016,-0.650942862033844
0.7764669297209283,0.8742967978342946,0.6267841442454097,0.8443006835523574,0.7893878039980328,0.6126089258660998,0.4878048417045983,135.21826171875,23.07681655883789,-1.8133550882339478
0.5624306664519172,0.9611816052286962,0.9344101151992888,0.6847461099945231,0.8765120600346132,0.9717745889491534,0.4802503539683938,120.31181335449219,108.28784942626953,-5.382910251617432
0.57430144065196,0.5775171324121031,0.9669322609853004,0.6942648961145549,0.3795682547433135,0.9214315611725552,0.5075386269626212,148.69723510742188,115.41767120361328,-2.6388015747070312
0.7309576092678435,0.6776141391525232,0.5369340891008146,0.7645204939032566,0.8262817244472055,0.6523754508477887,0.8843849051402419,137.1968536376953,-27.169939041137695,-2.7833011150360107
0.92752701257067,0.7000294116286647,0.6918266040826886,0.7993061637363793,0.4184717445481669,0.728469479448663,0.3636593067988989,160.27972412109375,61.52081298828125,0.507422685623169
0.6592622722381617,0.7947305913266487,0.9778193450451074,0.7681993875870529,0.9138648619924532,0.720599317688035,0.9861756134955229,121.84375762939453,-44.80824661254883,-1.4561465978622437
0.6116479794722907,0.8553150542695946,0.9245450896915968,0.9271062273574312,0.9822795502858388,0.6392758681670483,0.8567839157437487,114.49839782714844,-26.793659210205078,-4.359464168548584
0.707683119009558,0.545018355992016,0.9457212380936568,0.8517408921195384,0.4249217296680448,0.9473690890202496,0.7309187231971934,148.45919799804688,112.84420013427734,0.062122367322444916
0.5026935142448479,0.8329109264951524,0.9310160978806952,0.6979948694641973,0.8524060489070414,0.8273394052808611,0.6298882937005974,118.05709075927734,58.75321578979492,-4.371281623840332
0.7338760681268021,0.6241542113186858,0.6140505930228071,0.8956583676973247,0.8698967511722309,0.9422645587417672,0.6672768354702068,140.4482879638672,110.1391830444336,-6.284811496734619
0.8375586845341539,0.4597830409677387,0.5597388397506794,0.910061280792699,0.8335215037901699,0.7764514978116013,0.3841064682586553,154.87301635742188,66.21141815185547,-3.4741177558898926
0.7040288597022877,0.6376639068007715,0.8637856899481189,0.7533156356126616,0.9166836321613282,0.6343297862236335,0.3173037076983079,144.14749145507812,65.10246276855469,-0.4433092176914215
0.8815863186183966,0.8317049047312508,0.966671843286477,0.7084184178618647,0.1099402492302561,0.5850953151183603,0.8392853422402102,134.06021118164062,10.007763862609863,0.7447282075881958
0.5524358406102001,0.6967296337519389,0.6564998667191176,0.9497782111839892,0.9553176593165787,0.9481989253709844,0.4022616655509295,130.66334533691406,149.77330017089844,-8.541467666625977
0.8517551112563893,0.6560221188926951,0.5531266445588383,0.9442056286169176,0.3248798895072139,0.8410050831471635,0.5511395519694989,157.16424560546875,78.12361907958984,-1.806972622871399
0.9001658057874639,0.3761907540301875,0.6944908289034974,0.8657029772885732,0.1803060079159891,0.6343904667482707,0.3740421545700894,162.53111267089844,94.2196044921875,4.026986122131348
0.8427048468448367,0.887583005515162,0.6945926155086484,0.7275655648682847,0.319318128356757,0.8049751901258614,0.7546781730079702,146.20211791992188,38.78559112548828,-0.31937411427497864
0.8608670586983149,0.6838791498859317,0.9774258580097656,0.7430073085658137,0.4971908134142391,0.7118653006598376,0.4394722819013462,141.97251892089844,52.7462272644043,0.9782092571258545
0.905839893627992,0.5566126818575271,0.6589678403697399,0.7234747632661216,0.1115399204215098,0.7877169221198965,0.7978906019720455,140.0669403076172,52.828643798828125,2.782557487487793
0.4648929129276873,0.8776007502427156,0.6371064368187349,0.971071182735049,0.5853543520752537,0.8590873892681435,0.5507925902691687,147.78976440429688,87.60955047607422,-6.521491050720215
0.6984282499195771,0.5999428445674062,0.5677126286810174,0.9839897164276256,0.3025856430487178,0.8092332674001693,0.7413873787854365,146.78240966796875,70.36764526367188,-1.5348296165466309
0.7619056475454082,0.863532903424703,0.5449859112528435,0.9276108318562324,0.7258431634800163,0.944213414339342,0.5266714974463185,147.6621551513672,87.89661407470703,-5.0378499031066895
0.6448067811700577,0.3778976552928428,0.905817060596428,0.7520966245980406,0.6439633688240339,0.8886763381953127,0.7762846378923953,139.39865112304688,63.09400177001953,-3.179983139038086
0.6840005334284289,0.9244395343087316,0.6136691052723753,0.8962051298078039,0.061984312029067,0.7277105157588333,0.5602453716782281,144.3140106201172,43.29434585571289,-0.29470840096473694
0.9639313273840736,0.5822892722439198,0.6262049322963447,0.888693074894962,0.8880538864722402,0.6400088857366615,0.6687950192932759,138.7301483154297,31.060083389282227,-2.0262465476989746
0.4544209943554186,0.8100663928536578,0.510810129933045,0.9003406608853577,0.7071820271999654,0.820302788311555,0.6229271963473162,145.31362915039062,58.80665969848633,-5.258881568908691
0.9944828790991024,0.5231268043573296,0.8650235103361634,0.7204317392146711,0.0727256480602199,0.6491617081862404,0.5060193855716179,148.64573669433594,63.873626708984375,2.313572645187378
0.932525435754525,0.5263985653151414,0.5254480628475852,0.7180454138435368,0.6130310288156153,0.7241749517110373,0.7208269736047352,141.8561248779297,-13.143799781799316,0.0756036788225174
0.5268050936084057,0.5742235179812819,0.7175615322691743,0.6840057826567765,0.6049433537059685,0.8043687584117523,0.9860425666019744,148.44140625,32.214805603027344,-5.568634510040283
0.6991030704269033,0.4966278965109028,0.8286779654084919,0.9118951102273708,0.1445836753097184,0.979599576783278,0.5330705039399245,153.65347290039062,136.39573669433594,0.15324874222278595
0.8991131272198021,0.3830670829464757,0.6918296003448091,0.730916225980103,0.6948628464009398,0.6887741766602727,0.8478597777024621,143.04356384277344,-2.297901153564453,1.3605899810791016
0.629107475050343,0.5990554983932053,0.736968126649248,0.8218442517244515,0.4787919122643798,0.8396489214151227,0.5313436023463883,155.4300079345703,80.62735748291016,-4.407591819763184
0.7546781994052281,0.3709543443845614,0.7021560459510631,0.9068909105057248,0.4357961261983319,0.6509070372788384,0.4306777327464677,155.48411560058594,63.049922943115234,4.19832181930542
0.6541504685017419,0.4365963207724255,0.9654089695898416,0.8266523464002243,0.1968792343680587,0.9856442946116027,0.9791020803840268,136.2782745361328,109.80157470703125,2.6048340797424316
0.9546166047563224,0.8128228459195073,0.8656652620628749,0.6965737125013746,0.1284626628147898,0.9152442600618412,0.466661166467523,142.9068145751953,75.92156219482422,0.6868779063224792
0.6617377240960616,0.7678730243423812,0.7796349595302479,0.7053483994501752,0.4849437664696649,0.9844670275180688,0.3774836798425516,155.49461364746094,132.73159790039062,-2.752270460128784
0.6901269366730072,0.57630395706381,0.8950876372825847,0.9332127629864172,0.746387558141816,0.6641197827800498,0.8922469704002833,146.64529418945312,1.344374656677246,0.7068321108818054
0.6806268009369174,0.4106171544606348,0.7051237249239091,0.834730483697161,0.8602375638938443,0.8207345665131314,0.6610319826211211,140.82717895507812,72.61375427246094,0.2642068564891815
0.7347685297260617,0.8941715902605258,0.5041308314511466,0.937178550449743,0.4828247546441037,0.8679819033453394,0.5297895591062789,147.6845245361328,66.83802032470703,-3.049865961074829
0.9578043374118516,0.7821276241115965,0.9074050854531984,0.9341273030902356,0.4269719131959759,0.639938890955848,0.3464799043662237,157.63800048828125,57.33245086669922,-0.3408430516719818
0.7716008565732839,0.3710963916184245,0.5216290904141759,0.8789050815952197,0.2169753811025621,0.7861204022530992,0.6481251506910616,147.6796875,82.16240692138672,3.0121958255767822
0.4485688695916035,0.490261620081834,0.5040970995538011,0.7060961449473734,0.5823835042077561,0.7842513181511038,0.6506418155354361,144.0296173095703,75.7687759399414,-4.80768346786499
0.7615321949437717,0.8191714416225704,0.7993743912958766,0.6738698841770042,0.5505047290630882,0.9491423814392476,0.5616756209667244,152.39193725585938,82.52095794677734,-2.981740951538086
0.467157838340539,0.489717970649383,0.9910555639121924,0.7332865740875663,0.9081181309690988,0.951142261434316,0.3325792876160256,155.9415283203125,146.173828125,-5.548070430755615
0.5698212088264369,0.5187324777332537,0.9436215218428596,0.690774032269635,0.1736150478139062,0.990947995905306,0.7531112201538808,145.80343627929688,135.64022827148438,-3.2728724479675293
0.96484619715099,0.4309940231994398,0.8366513005253675,0.992737613491087,0.7418984321075486,0.6815439978760116,0.7080884714428539,149.8890838623047,5.343669414520264,1.0025339126586914
0.4436402605285763,0.6119426486520365,0.5796319832624353,0.7202931689761037,0.9162734309919792,0.7694605912685698,0.5332147157187865,130.8343963623047,75.10920715332031,-4.545876979827881
0.9892397300224464,0.7877038680546857,0.9846344710536186,0.8401958223691247,0.70774022180876,0.7611665413348043,0.8554322149205904,133.64462280273438,6.9057111740112305,-1.7082041501998901
0.5130879037801102,0.8698791508843315,0.9330627366605104,0.7654733672000457,0.5647941198644686,0.7736093331127473,0.5075430980953656,135.6895751953125,74.66712951660156,-2.570221424102783
0.5918289984501999,0.7633295825425827,0.8733490917910744,0.8021215354658524,0.2933450428802724,0.9653011072950306,0.7734459995745444,147.808837890625,84.5894546508789,-3.8956050872802734
0.644317102461402,0.4523891935427372,0.8808293439134736,0.987782413830427,0.99412463421342,0.9033537465664778,0.4654204203383918,127.68595886230469,110.02911376953125,-5.629344940185547
0.900348477554451,0.9053356647917332,0.7474613082266357,0.7198374258711958,0.1090730461875836,0.5922441700910045,0.731883173261352,139.86672973632812,4.988959312438965,0.8996922373771667
0.9495385197090982,0.5081301414564376,0.9046934568767032,0.8919386388189567,0.4674503860499625,0.5879984946112371,0.9534766161736778,150.8280487060547,0.9507058262825012,1.1099079847335815
0.8706265763152403,0.9770329616269342,0.7440411506457476,0.826190155440331,0.4952097074228763,0.992439008707748,0.634471583947927,147.8285369873047,78.60205078125,-1.9871476888656616
0.5916390289986951,0.89545560664555,0.5269385093149059,0.8158178258756941,0.1948917183617043,0.9090293110761004,0.448046941549855,150.19871520996094,114.39459991455078,-3.9204931259155273
0.9217935525726746,0.3917352078995964,0.5882873267547726,0.8576505906147838,0.6333399886858972,0.722856808760018,0.5385386860918125,149.58819580078125,21.632429122924805,0.17611564695835114
0.6875533942269678,0.791087672948968,0.7653135825578652,0.7711960134440997,0.6093781850344702,0.6392783933357779,0.644201053398886,150.3011016845703,3.3676445484161377,-0.5668138861656189
0.4752587142505196,0.3681575290476085,0.8193261839888424,0.7125797745971927,0.1325389676762835,0.9310692156836644,0.889468909197231,140.1171417236328,82.96339416503906,-0.4580456018447876
0.7170648927352763,0.547472573480439,0.6915870863715706,0.8174920010149104,0.3562394809192288,0.7462167758449124,0.6351375022612544,159.26490783691406,54.490299224853516,2.439380645751953
0.4645680099070672,0.7415452043537683,0.6514648646321424,0.887423330425646,0.2632084061825324,0.9876069926956802,0.4629823918014291,155.96270751953125,153.9842071533203,-4.29936408996582
0.669629269139099,0.8798228168731669,0.8841465757881846,0.9118981987794562,0.4266397238048117,0.7338531415756463,0.7528242280677411,145.9561767578125,-11.563323974609375,0.22762897610664368
0.7439057882541198,0.5780290181173489,0.9004189388458547,0.8411329004947056,0.5389508896872853,0.7097981422957044,0.4920059775617931,149.7393798828125,45.92983627319336,1.760869026184082
0.5352772219902454,0.8373419334612779,0.7652652782931291,0.8967281302193071,0.9773645837037348,0.7946736628274035,0.3484292082952069,118.16763305664062,89.74393463134766,-6.058225154876709
0.4693268579100842,0.5457179888985717,0.6192416147706116,0.9294025264341704,0.4907220563176266,0.8686620075058791,0.4393083154667168,154.31448364257812,118.59574127197266,-7.56313943862915
0.945912688109286,0.9290068776386436,0.802279401657656,0.9166198738310118,0.9948885308751658,0.7218341079234457,0.3145231673239991,123.94752502441406,44.3896484375,-1.7345755100250244
0.8099807956284752,0.4767998348779427,0.9110810606083608,0.7484986134695395,0.8044057079539751,0.7684599960668022,0.7798122858088197,139.50741577148438,40.42557144165039,0.7268117070198059
0.6733386473589775,0.4832701734017948,0.8954758294367045,0.827895974577837,0.8690508798954166,0.7639753518948909,0.8107682553761129,134.03549194335938,50.60480880737305,-0.10646917670965195
0.8614163731414468,0.4487514609524526,0.8152937500522273,0.8290353535888794,0.8259566270490062,0.6347421544480057,0.6443902952356124,147.4993438720703,30.571908950805664,-0.3854289948940277
0.6288720708445477,0.8311687188945073,0.910598948663818,0.9769904100888316,0.6706582312872454,0.7675296335080768,0.338525694970387,147.7352752685547,67.90367126464844,-3.4872512817382812
0.8661354190358153,0.9866043254695696,0.6163558456080269,0.711424404765173,0.9576310051718664,0.7183627593076274,0.3143639575467394,121.92049407958984,41.002445220947266,-2.7200496196746826
0.7685170788205418,0.625717123304738,0.8628309875849416,0.9733946952366288,0.4043990582682252,0.9907236047246908,0.8058822265868314,152.28726196289062,112.62311553955078,-1.952661395072937
0.6052145953288143,0.7799074455779633,0.5390972853843923,0.6928444506652387,0.4136060687273921,0.9151605700478164,0.5192506251383826,155.00401306152344,96.39488220214844,-4.5243964195251465
0.8601057614911829,0.8890282260215094,0.9157247330209132,0.9803161690245824,0.8594257002898759,0.6586612586762189,0.5258702396982788,123.65999603271484,8.55145263671875,-1.4016597270965576
0.663920780364623,0.9829156268598348,0.6479789809086015,0.8764919224457481,0.0529797400319659,0.5965952059878783,0.8039399224783869,140.4679412841797,-2.0512847900390625,0.3517668545246124
0.7923190200130847,0.4744488752994498,0.5608974583700533,0.6899267485200224,0.4203401889634758,0.6284420916727951,0.3317210802123764,171.55770874023438,47.20774459838867,0.7593199610710144
0.7675604406298506,0.8861416784564504,0.8938541115625467,0.6909190850106322,0.844699961954821,0.971540305133208,0.5852630701892947,122.59452819824219,86.4949722290039,-3.2252249717712402
0.7329540222352298,0.3872427989862924,0.8120412878661336,0.9766650232178136,0.3739008811562366,0.6658343490643609,0.738753715531135,147.67266845703125,15.992301940917969,4.349612236022949
0.875860996282912,0.6786304970218391,0.5528093018112074,0.7273638286432909,0.0302152607660564,0.8110425462246439,0.5903049986815712,141.89535522460938,63.623878479003906,0.8392847776412964
0.5160268110888924,0.8515859096084996,0.943137777972342,0.7309309262345564,0.4821553389423402,0.9731345719415714,0.9815257908853744,135.66062927246094,60.364498138427734,-6.47880744934082
0.4614133360978244,0.8148442651762448,0.9289692672620564,0.8302650959847934,0.7015309629314861,0.6636262273309566,0.9677344640307352,138.79598999023438,-25.279958724975586,-2.671888589859009
0.466271395783645,0.5111797812892606,0.7867077435672951,0.8503285826883216,0.5701532283888994,0.8256240183461554,0.7999806240987213,146.98703002929688,79.79779052734375,-4.385554313659668
0.6986033778612144,0.7332669938238325,0.7366719880075613,0.7475390413984188,0.9405019166799474,0.646717793756408,0.4903506382055597,120.77587127685547,38.891693115234375,-0.8641360402107239
0.5245997281844008,0.4248602577993589,0.577985738303384,0.912648202263104,0.059609951964194,0.5921627261723111,0.9543161628236376,134.7517547607422,35.8095588684082,0.3648222088813782
0.8482524723479508,0.4490478735551583,0.5724565910965755,0.804974044842222,0.4510495013414629,0.657363407945518,0.751249492356802,150.36683654785156,-2.5795888900756836,0.6954800486564636
0.6382484278915783,0.5621846544868347,0.7613468576781304,0.9900566056289116,0.6211541971784479,0.853366569930666,0.7251609987066118,148.2852020263672,65.69271850585938,-6.537543296813965
0.6825777628731824,0.3640753465288374,0.5868246402674414,0.7459504985304372,0.1138606307699199,0.8746617890895065,0.4115335619659203,152.85643005371094,106.80319213867188,3.305921792984009
0.5172337270237108,0.9624996583029914,0.6848746735137361,0.7994918851060966,0.7733290051665156,0.8877060969375273,0.9819899136207452,137.86351013183594,21.547273635864258,-6.057845592498779
0.690229843805384,0.8763445510477984,0.9403861761751564,0.7000170983453663,0.5145314056288458,0.9176282189953012,0.7528180560755826,136.2683563232422,71.8227767944336,-1.6395398378372192
0.9197891832411376,0.558125088425276,0.5806602360276842,0.9082458138828592,0.4694687865414154,0.7505015818276605,0.7883804731551401,146.50144958496094,12.993672370910645,0.6697121262550354
0.7805303231515934,0.9294351975019284,0.5421556999081844,0.9647814243491843,0.2080263690279039,0.6345739098774188,0.852733620701086,146.0939178466797,-9.537665367126465,-0.15730667114257812
0.4557316980707181,0.7024341360671287,0.5371686454804022,0.8309840189722738,0.9119703492937954,0.9295430100510064,0.9589369314885228,132.1342010498047,90.49962615966797,-7.765003681182861
0.7687933002758842,0.4093569607934082,0.5811760482568868,0.7855319288863778,0.6843558908420384,0.9201951668235516,0.6664013204651674,148.48765563964844,105.65132904052734,-1.0795435905456543
0.8779093583307824,0.6111320553568447,0.8303798669418413,0.8763764119580427,0.206036145954929,0.6296152325835367,0.4918472704249195,158.3667449951172,68.49397277832031,0.6356527805328369
0.7727610131066622,0.5922716281918694,0.7983857175984015,0.8308601157404579,0.6270772818228059,0.9406980855508608,0.665277105280832,156.68267822265625,104.4019546508789,-4.161237716674805
0.6394324645358613,0.7824842849882223,0.8616441732111808,0.6989230013175071,0.8802644985820084,0.7151348514572058,0.6386345107965968,130.81138610839844,3.756218910217285,-3.9660868644714355
0.8398410568385132,0.923397303183536,0.7894686344274104,0.9909124935107496,0.6259612873061918,0.9362636523684876,0.4464590846363077,145.01271057128906,72.73738098144531,-4.547756671905518
0.9886194741194928,0.725185433214458,0.8380965662855018,0.7635171441398393,0.2362334803732362,0.9026355168907164,0.3416175489844333,163.1586456298828,98.6727523803711,-0.7050588130950928
0.7005066037233962,0.7185805670817361,0.702688173633504,0.9306310826684108,0.9157495196756008,0.6655487821791353,0.7209658631556835,134.54888916015625,3.791895866394043,-2.267390251159668
0.4716658960601003,0.4216980880872211,0.8412527635170824,0.9116863489869568,0.3891863127747146,0.8116266784195495,0.5078335823207325,154.59490966796875,92.38307189941406,0.4088626503944397
0.8944218640621353,0.3713195638142401,0.5311990957963302,0.7928896721336274,0.1748570502104219,0.9556628012044206,0.921125960656199,140.85919189453125,63.56504821777344,2.3114404678344727
0.8020612103169769,0.5648817391418285,0.6666062141435506,0.8868488585329724,0.619110082069146,0.8738236299274619,0.6066889399444841,157.4970245361328,72.8332290649414,-3.056436538696289
0.8054142740363481,0.3742660661180281,0.5152734865086335,0.6925363853391798,0.831858611397552,0.8049603518330378,0.8805832728285465,139.85638427734375,19.551286697387695,-2.466564893722534
0.6072444828544644,0.5999842731579021,0.9346364584979948,0.6796146514774852,0.2189632494977559,0.9009520184021246,0.5741274326574496,153.55767822265625,105.0222396850586,-3.345275640487671
0.7300322201215443,0.5462854280376882,0.6805162979084529,0.8740863160563312,0.0350873405749951,0.7593104816113145,0.8884061136366093,140.7097930908203,54.9937629699707,2.4177498817443848
0.7898470325605501,0.6545385428727303,0.7668728555373483,0.7612563520162118,0.8547801468978208,0.845744520514123,0.9702360264213044,138.08120727539062,12.21184253692627,-4.560582160949707
0.9436641178015188,0.4703855983377177,0.632645533380507,0.9290392509566884,0.1708953824283648,0.7133634069697317,0.5531238088547424,156.5457000732422,63.89629364013672,1.6844426393508911
0.6086788048182818,0.5740946550603676,0.7650036437703436,0.8671007823064589,0.5647407788289042,0.6610869942676999,0.489228493861378,156.2351837158203,57.18418884277344,-3.5116844177246094
0.5213196371884345,0.3904628387746123,0.9078666201943671,0.7037413478186615,0.0211293560780597,0.6195828253519707,0.5098524157329566,138.2117156982422,70.9460678100586,1.6356847286224365
0.4894934365790411,0.3820512774405865,0.9865942070765136,0.7017029345503046,0.1850468887769128,0.910829616379364,0.4591549625355831,137.75286865234375,119.60859680175781,-0.2010449767112732
0.4637614850487655,0.8006145957682287,0.648791873035363,0.9399324347164852,0.3578487926546632,0.6044664841680119,0.4520360629402331,155.63491821289062,64.44355773925781,-1.6786384582519531
0.5502817227011756,0.5313867779597826,0.9662818240780982,0.7418032233961627,0.9604486977617016,0.5824797641078693,0.8788437751997042,122.53292083740234,29.17103385925293,-4.3672709465026855
0.6728738612872336,0.4710019360993051,0.8129032252298782,0.7425423360678546,0.435895873018169,0.920010458603838,0.3799595193001753,172.14442443847656,124.65251922607422,-0.2719489336013794
0.5739508316444781,0.5748993381134525,0.8032168846773129,0.69395779719837,0.8176499355227609,0.8727600316178734,0.6081308408604162,145.84999084472656,82.74764251708984,-7.474013805389404
0.8971095093298013,0.93298565841668,0.9358405836101472,0.969756130484345,0.8260820056948702,0.8078195292452504,0.6883054462239477,126.31130981445312,12.068473815917969,-2.2096986770629883
0.5449078821446319,0.4850524848714878,0.8845979313793199,0.9267779255807184,0.6029553305991473,0.948755869284541,0.5646074913287789,151.2900390625,139.1645965576172,-7.247372627258301
0.6307354329817336,0.6131192916750057,0.7901110352795897,0.7234779794704651,0.9444006765614276,0.8775323051984409,0.4400174979858893,123.56273651123047,78.49415588378906,-6.824999809265137
0.9335555634634758,0.551110335912389,0.7979861534438567,0.6956486685386915,0.9473773203528044,0.8522016743120922,0.8025640520991205,124.5048599243164,32.759071350097656,-1.5777949094772339
0.8925774361246521,0.4796820064377918,0.7421923198416163,0.7394337930293665,0.0579000627476737,0.8563201777214478,0.4686700614630427,142.71786499023438,80.41511535644531,2.6884846687316895
0.6298442836974298,0.8715182594915164,0.8820655752879925,0.8607629249745563,0.4909190711094486,0.7576606358890471,0.875356492457525,141.93856811523438,12.14332389831543,-3.642155170440674
0.8388556336858219,0.5272391486099909,0.967370879781044,0.7655120488619238,0.710413239007167,0.6413231624551832,0.918883800332359,141.94363403320312,-1.8841334581375122,0.6648023128509521
0.569562075975411,0.596307799529529,0.8675303596907953,0.7244902726371968,0.6493300031363493,0.8850958940290028,0.5315854722458546,151.32443237304688,88.45466613769531,-6.585363388061523
0.9712927222184828,0.8574821021540786,0.6523773632181166,0.7937222473030617,0.3886853958563842,0.7817899406835351,0.3364245756971022,156.51004028320312,54.9073600769043,-0.38687577843666077
0.981009137384096,0.8188672691800247,0.542639823323612,0.945683601526937,0.1838132451935369,0.8100747211438674,0.4745208360774128,147.5229034423828,65.5476303100586,-0.7923442721366882
0.6876697050659668,0.4419424234804431,0.8762160397382979,0.7610576358171663,0.879766423362681,0.8258040934975336,0.4568114533372558,135.1614227294922,78.58126831054688,-0.05632937699556351
0.4451058325379262,0.8220145342158474,0.7559233094595863,0.7104791190351972,0.1591699812331276,0.8295369337761941,0.8421105381745746,141.2866668701172,47.18547821044922,-2.1176021099090576
0.9446735772657158,0.9892823281886004,0.7822339642609877,0.816251925256493,0.6345620697626293,0.8607511285476745,0.6984594084095745,145.6342010498047,15.60764217376709,-2.39664888381958
0.445519285925699,0.5242967291734117,0.8662468165621872,0.8462821136875802,0.1542419964640907,0.7561800055038428,0.9732920053430338,143.36895751953125,57.6152229309082,-1.1087009906768799
0.5166294310065027,0.4294436103729188,0.9763618453696884,0.960188071168649,0.7646991186714032,0.6453666693053123,0.922115420457764,133.9972686767578,39.81299591064453,-3.0668458938598633
0.921356769537248,0.4562202886934943,0.6671069561086964,0.9240052041404008,0.9963005077740134,0.5999219714214404,0.8750076194454852,133.34034729003906,3.9483590126037598,-2.0887744426727295
0.948393014913125,0.4819893550903232,0.8699115598270485,0.7567115289590252,0.8294020131537495,0.9247494945249596,0.6243304228042821,144.04519653320312,81.01172637939453,-1.1751294136047363
0.9187309302017068,0.9063372820556452,0.7270535132173559,0.9764021545982576,0.1533225232517739,0.7218575218070247,0.421971878604815,141.01023864746094,83.23046875,0.19279737770557404
0.5833315752632279,0.7203053275547366,0.9802302216347714,0.8170782011507292,0.902094869070078,0.976318178361415,0.4681909448412209,116.52215576171875,138.6348419189453,-6.960731506347656
0.9799355574040648,0.4031736030130098,0.719140626486423,0.9033552864321824,0.1741104800338827,0.7493690593253746,0.7278589216484949,145.04881286621094,53.09602737426758,2.9376466274261475
0.8356363227748801,0.3987230556592816,0.9457166650624896,0.9452809826296515,0.968288087033434,0.8876572655462938,0.5070612029446795,126.89131164550781,76.60114288330078,-0.9925925135612488
0.5969416980263437,0.8455990729254867,0.7575790120500372,0.8041326067328664,0.0939089994270924,0.6960043826866782,0.5564848880008252,146.53770446777344,48.361328125,-1.279299020767212
0.5072048773612351,0.9402911601006828,0.8089410925570228,0.9070516849518202,0.2989380259657533,0.7896912636448349,0.9348219333703416,145.41348266601562,50.356441497802734,-2.4245214462280273
0.5381529019830995,0.8299760360211634,0.8685604262242246,0.7852655406390653,0.027665600016539,0.601533813144049,0.6797538658064569,143.23094177246094,51.464420318603516,-0.7473114132881165
0.473244553226002,0.4561227050764989,0.853555376799035,0.9679322207744344,0.4238303101035829,0.9474215600182744,0.636707838919485,153.7982177734375,134.1208038330078,-5.922703742980957
0.9168989826123924,0.7601604573563888,0.8356263640437493,0.7964416565778535,0.7062128050681545,0.6863569767076226,0.8984455164877558,145.97174072265625,-37.931915283203125,-1.439964771270752
0.8915053752714679,0.9047615978749568,0.8564344262521748,0.927424650047446,0.6022400846040048,0.8682911256836854,0.3588014296321004,146.91241455078125,71.06787872314453,-2.799121379852295
0.9314729130905842,0.9198373208524124,0.7305713986100256,0.9085562305336,0.8404133695196532,0.8665443990608308,0.571731888167289,134.14291381835938,42.38161849975586,-3.0401086807250977
0.9921430945296376,0.813258370552888,0.6284195465240352,0.8304075820067851,0.95512003774019,0.915103771751997,0.7293601026227531,118.1385269165039,45.29227828979492,-3.4796128273010254
0.8091820283885276,0.7144392032350825,0.6453284947487337,0.8595788815241795,0.4714952659706176,0.7684253053322396,0.628964821056743,156.39471435546875,62.09783172607422,-0.44175267219543457
0.4568123853764277,0.3928759497487282,0.9319841252611768,0.8193356159108471,0.309599916940027,0.9605874940882098,0.7062688328826623,148.1214141845703,128.13706970214844,-0.6707045435905457
0.5690640110354535,0.966269965026879,0.827913159105717,0.8572266793765115,0.3635759162777225,0.8736731642850297,0.6609412799695782,153.0260009765625,66.90796661376953,-3.63934588432312
0.5221248268274902,0.9602528701951484,0.7139455303511405,0.7161071178776,0.6228906256048294,0.6858795352743883,0.4646216495186339,142.1692657470703,50.74526596069336,-2.0312423706054688
0.7652335496279408,0.7085951741646485,0.9426615086855809,0.9830784155353371,0.2926290125989871,0.6534755552795659,0.471553077969389,151.20098876953125,68.28179931640625,0.6708580255508423
0.7057493986429191,0.5989564555038787,0.6193522073541707,0.7354373893376223,0.3336445797523799,0.7534625050878792,0.7943901573163179,151.9320068359375,61.490501403808594,-0.46877947449684143
0.9606718937415064,0.6025002485882607,0.7924377233525249,0.8477714937622132,0.5814095957875275,0.6997905014397952,0.7767747458093528,149.84388732910156,0.2899032533168793,-1.1798650026321411
0.6580374479075881,0.5290144827641016,0.5684457572200686,0.7411837847192579,0.8446373362461148,0.97103004976798,0.3550797058691948,152.89462280273438,129.8533935546875,-4.334270000457764
0.4720927716283912,0.8097055106741331,0.8413227282950484,0.834712363268378,0.2803383957424853,0.7591117453039808,0.4534398921944499,151.67828369140625,97.34990692138672,-0.9807825684547424
0.4515771048460297,0.596893992424591,0.8260499302851094,0.8146446529796058,0.7638711239496437,0.8005348687235682,0.9639085623957424,145.2225341796875,65.98481750488281,-4.587335109710693
0.8924123393240184,0.444902860966901,0.964452668946548,0.8829235293258219,0.1872341562836243,0.8752806856311965,0.9788422294175312,139.59182739257812,65.21159362792969,1.6812853813171387
0.7941433139312657,0.5780503424718834,0.7622799284874165,0.9906626076844642,0.2297819497994665,0.5913777555490398,0.4810818852314453,159.0651092529297,74.73866271972656,-0.05802234634757042
0.5451143123451628,0.7558516508518976,0.7849317514264066,0.7106401157626214,0.8147072464995911,0.6597755548155645,0.7694557272865792,138.1278533935547,-16.14514923095703,-5.007029056549072
0.946117206206655,0.8570436045887371,0.5864985153594406,0.971358997854204,0.1805269201052091,0.7549124444019396,0.7106245500686585,149.49212646484375,36.217079162597656,-0.22757357358932495
0.7513703698183438,0.618234622979255,0.6238427554248946,0.8803903395983076,0.9488777577730436,0.8039114411095714,0.5653946400255025,129.43698120117188,73.9521713256836,-4.34074592590332
0.7788474637399011,0.651389755891514,0.9296803343542948,0.9653167797821038,0.761942704847987,0.9243905658292502,0.788195997634136,142.53504943847656,83.63182067871094,-3.5669875144958496
0.9540504748644572,0.733465225819304,0.842790678212253,0.7974000198289002,0.4681787041069056,0.686815532432707,0.6359032205381293,158.2444610595703,24.550373077392578,0.4580920934677124
0.466572155894661,0.5172347696823127,0.8166543451082074,0.7587682408972134,0.7477062514925212,0.7447681289838405,0.8499387691666094,146.50732421875,53.1848258972168,-3.2412641048431396
0.9112589137950556,0.7440594732039044,0.5090344292370522,0.8958243370029073,0.4098729820085883,0.6189913643780703,0.6049417092089386,154.29208374023438,6.483215808868408,-0.13567297160625458
0.9862029227788904,0.5214207302366425,0.6298921210542302,0.7105517211492162,0.3881899719895633,0.5855878850824119,0.5215785895475648,160.6519012451172,28.36710548400879,1.3080424070358276
0.5934761053145663,0.7767766991921935,0.8040384679528313,0.9218777535427656,0.0721413036527427,0.5779894849965014,0.6520518367613763,147.14590454101562,47.87345886230469,-1.5772720575332642
0.7414039904062817,0.8726809588418407,0.5187020120413267,0.7546703138994129,0.2451626244395306,0.6015484895925038,0.3887309674146456,152.2996826171875,76.61571502685547,0.5536805987358093
0.6755643464927616,0.5741397979980962,0.6903956994193693,0.946521303238188,0.9648086400318536,0.5768701369947242,0.6479866413768558,131.32257080078125,43.00149917602539,-1.4494630098342896
0.4766228036119375,0.9371887538217184,0.9701505394208932,0.8317765602949106,0.7028817409318422,0.5846026264068117,0.7303546483170739,127.93000030517578,4.648696422576904,-1.9738870859146118
0.7208138477611539,0.9795788434730348,0.6392402310970524,0.9042707205960536,0.1510878678768958,0.9737858412492024,0.4436063767555632,143.59225463867188,106.50814819335938,-2.0942294597625732
0.940015774507342,0.7498510584359516,0.9087735783145844,0.8311871384471508,0.5533963132809955,0.9139045892897344,0.336929705401867,156.72093200683594,87.95221710205078,-1.0365432500839233
0.5261291187533785,0.4021073649855485,0.6307467504503479,0.8545526706952483,0.2887339824736069,0.5930233152848506,0.5986071786499925,155.28729248046875,80.171630859375,0.2700844407081604
0.5582843122842771,0.6458787479746242,0.7968299461125042,0.9819701949523424,0.2542892428004699,0.6176126463300414,0.6443248748833323,158.59527587890625,73.4571762084961,-1.4661141633987427
0.7445648398936373,0.6198757722462889,0.9486476249713484,0.9271610791676924,0.310791505772049,0.8527063023240666,0.9823177283245348,146.5540771484375,44.96813201904297,-1.3727301359176636
0.4632218483198909,0.6903806877619834,0.9047819794555793,0.8739759414775865,0.2238812355059865,0.9034595878104874,0.8321968555106434,146.96224975585938,98.82550048828125,-3.247263193130493
0.576044768573617,0.4902796031266899,0.6301339395798264,0.8130563370632682,0.5542336815858719,0.9719412483432172,0.9784965401751496,145.71702575683594,83.67356872558594,-8.882711410522461
0.6918404542879164,0.9138056559385884,0.5230203259097852,0.9571034490849064,0.521131983596459,0.7636301104357259,0.7016581337493157,143.48353576660156,15.037735939025879,-0.957549512386322
0.8681512566643494,0.442728103674318,0.5232438867902771,0.9235898320715789,0.8232225279563502,0.6497490411218774,0.983585984097384,140.85113525390625,-15.720159530639648,-2.7088723182678223
0.5956150346457709,0.7008906448750518,0.8151165462050151,0.9368077650755996,0.8169492311491181,0.6932329488362499,0.4848936256708037,144.494140625,55.431400299072266,-4.389679431915283
0.5290465193067981,0.8706980394560689,0.558120227468764,0.8257557472169544,0.2919613988712501,0.7248555234331807,0.4303815910655782,149.5108184814453,74.30500793457031,-1.754715085029602
0.4797658623277098,0.497960423135862,0.6840560618333245,0.7070358783333793,0.5009679793135433,0.7127867024341795,0.3794534047717365,165.43301391601562,77.73116302490234,-2.846397638320923
0.9150192736789554,0.5467018109648941,0.9686886800859608,0.7551446901259178,0.7058085597061843,0.7422527797121348,0.6274642579095171,142.34498596191406,42.963218688964844,1.3235691785812378
0.8698126130961061,0.793265574733551,0.7528850277454002,0.7242780197633943,0.7193006483230072,0.6670655910829196,0.8371357796678127,144.6742706298828,-45.057960510253906,-1.231605887413025
0.5649184322831811,0.6306515702719945,0.6668366628231736,0.8650269030182149,0.8625250967477079,0.7757309449519788,0.6983236318563922,136.24114990234375,78.82527160644531,-5.505143165588379
0.6631846779926961,0.7656940425650473,0.7977530888889275,0.7206744470847264,0.3159085805105411,0.6443408712221667,0.6086691763847681,156.43858337402344,29.402814865112305,0.8178308010101318
0.6757039448555237,0.5779711158546275,0.5630904492521334,0.6740791924380035,0.9361329389973256,0.9443142215974712,0.5759569249476998,127.56448364257812,97.1942367553711,-5.0321784019470215
0.8754072699747821,0.9468733122262756,0.7353360167744851,0.8470271270335821,0.392932106543125,0.612236546395041,0.5763576847373661,154.2183837890625,7.886995792388916,0.18745817244052887
0.6395040078130624,0.9518389311959484,0.6810823818113854,0.8864775387896516,0.5399850783271877,0.9566018961325614,0.4075129268553517,148.20428466796875,111.8589859008789,-5.743834495544434
0.5599412309560262,0.4951310904971299,0.8781875828386283,0.6699386954449534,0.0785486139489596,0.6706899536255269,0.7995578537719643,143.5368194580078,36.34552001953125,-1.0014564990997314
0.9566646546582268,0.7322027821750888,0.5460467243769825,0.8345176051513372,0.7143923245663074,0.7907123390164104,0.5074834594057034,142.7093963623047,42.50505828857422,-1.6425620317459106
0.7275226269038491,0.7902655340690674,0.7025296306401668,0.9600577127825164,0.6538553074316144,0.7249856334582627,0.9280171930003968,141.62350463867188,-34.56857681274414,-1.6451212167739868
0.7178840141799957,0.4265806634580334,0.8937088887658575,0.9780121056126638,0.1089288386396895,0.6434284644399734,0.469334012137572,137.31527709960938,71.35786437988281,4.497877597808838
0.8613212629298659,0.6131545950262344,0.7201619203997669,0.955211112975145,0.9105851599389452,0.6236310411132132,0.7612057686564722,137.62635803222656,0.24335485696792603,-2.70854115486145
0.6940814508062332,0.9448355349161124,0.8882411612560641,0.979287903115412,0.626634265160358,0.7664536982796555,0.5332914889823125,138.81959533691406,46.34474182128906,-0.8672508001327515
0.8325913460727405,0.7725742341747397,0.5854824762876234,0.7504062354734611,0.723490270691589,0.6194566577552147,0.8770350996179304,145.99127197265625,-51.12144088745117,-2.797529458999634
0.5403811636303756,0.7162979010237878,0.8610876713522008,0.7566777224313557,0.9781111154109392,0.8046611606883122,0.5602346703769445,117.56430053710938,95.73089599609375,-5.48638391494751
0.6122184453566758,0.8781419931723156,0.7548497546636378,0.8729999015583899,0.8448543086543723,0.7721612236824776,0.7729694324765408,124.11870574951172,9.729395866394043,-5.036612510681152
0.7039106479739807,0.5637633736538636,0.9588276557950574,0.6998757417076574,0.7737003984970809,0.8283662029851455,0.6969058706578366,138.38595581054688,62.280887603759766,0.22951675951480865
0.7937050166490067,0.8366105499647254,0.7571367430086698,0.7369623973998946,0.0267198619082617,0.7716687029638303,0.796769602696108,136.5341033935547,33.81092071533203,0.8129839897155762
0.8238833334116417,0.5121933246698211,0.8177360879092446,0.88240639358079,0.4513833869444994,0.6921759101621907,0.983875002240682,157.97772216796875,-15.22681713104248,1.4825613498687744
0.4839140688484321,0.656203665794873,0.9120902922410764,0.7758704841091583,0.4659600179591375,0.7623648056922682,0.4331403523787922,149.1468505859375,91.61455535888672,-2.0320186614990234
0.5009781011972487,0.9491695854775364,0.7385647454369558,0.9714810684583468,0.0299323364814818,0.9729840070712468,0.7194591905535611,135.85154724121094,99.04190063476562,-3.562371253967285
0.9577066114943708,0.4943888272063681,0.9080714560491032,0.8972277522429186,0.2048602367800229,0.7718497366597098,0.3672558828079479,164.17117309570312,101.83372497558594,1.7885748147964478
0.9068546222955298,0.8454889538677852,0.7806408097367777,0.743839731445481,0.6631828925393823,0.9248452550280614,0.9572699176160318,140.15919494628906,15.829939842224121,-2.4673542976379395
0.5058738861972356,0.521980696479687,0.7194109595568675,0.7794294431089481,0.0613319540328264,0.899008579798984,0.5860063734683665,150.54531860351562,111.79939270019531,-3.6750082969665527
0.5988766685488522,0.7982786940893145,0.818479030212882,0.851149315092987,0.7503042384738663,0.7322669899632596,0.9385249406883616,143.76040649414062,-20.709707260131836,-4.656394004821777
0.54414364102229,0.6490082934647126,0.7133016427249637,0.9509036507087932,0.4572889387861588,0.8159530341840475,0.4062137440121997,162.27525329589844,111.4753189086914,-5.355879306793213
0.7737225136781684,0.5660710805614098,0.7955673536325709,0.8492132685639816,0.2169588810138057,0.6531830563948038,0.9617391782108752,155.75393676757812,22.702634811401367,1.9462366104125977
0.5958407832597028,0.4251432927666439,0.8103655966787562,0.9829594480096012,0.4853249196511221,0.920240676294006,0.6560887671286116,151.4732666015625,117.42110443115234,-3.3742153644561768
0.7519851896423726,0.7611090094057887,0.5877779041038527,0.935210974593341,0.6691981151932308,0.797235140037928,0.4446977118467933,146.9576873779297,50.51933288574219,-3.8066883087158203
0.4864724425510122,0.6431110723323901,0.6658990051966176,0.6939733107283954,0.934768552640884,0.92470696642325,0.6385333697035567,126.02459716796875,121.60096740722656,-7.0763444900512695
0.4539099303114419,0.3619411412497241,0.6292904836316819,0.9850156349929372,0.746901130525287,0.9583896236236008,0.6374681619381142,149.9235382080078,145.97727966308594,-4.850623607635498
0.5574050284432368,0.4354879346581519,0.5282510695239004,0.9482260202740004,0.5003384541623304,0.7313431052322126,0.8858951612094377,141.1977996826172,23.041173934936523,-3.555119276046753
0.7088627587909944,0.5351402779051543,0.6903515858028023,0.7634139034943062,0.577608306547566,0.9445108767144204,0.8705724125286811,147.75177001953125,85.01646423339844,-2.829679012298584
0.8110449703731217,0.6369227323672926,0.8130466753601394,0.6948405554353259,0.2208713091757769,0.6332558939004616,0.8912776649627951,156.24729919433594,15.25927448272705,0.23521889746189117
0.8772958995522012,0.4429727200184696,0.6576981164412701,0.8594850915357038,0.5018550380848515,0.867112449619255,0.9100343967146848,143.9191436767578,33.219642639160156,1.8060659170150757
0.628558392860251,0.6269088629085986,0.7901230288916532,0.7398911159309329,0.3098752194057954,0.8667448362520704,0.4153592861651447,159.2412872314453,101.80342864990234,-3.1860995292663574
0.6668266661003368,0.6017969004448598,0.9279066402541828,0.6849927101144392,0.2680670195577365,0.5962618576503561,0.8640922742776391,152.60511779785156,27.190202713012695,0.3252829909324646
0.7817131884576178,0.8599727588583492,0.7955218293771787,0.8206949156043459,0.1614135196403459,0.7962404467032322,0.8716419037031986,138.3024139404297,43.50309371948242,-0.33820030093193054
0.9691872492096064,0.8721756425498927,0.6212644304176244,0.901145532632678,0.7912885253762472,0.8767658106059051,0.8601552198917484,134.9271240234375,10.236573219299316,-4.175759315490723
0.4408970073473446,0.661185143442875,0.5971443103062894,0.684367704948888,0.9444322576318636,0.919752565738466,0.5646141838705435,130.9127960205078,120.36390686035156,-7.542435646057129
0.6221204634544886,0.691243118699723,0.6643478430347876,0.7340427497829624,0.3977994426053576,0.6778315450606367,0.7060984044957925,159.53475952148438,-4.643892765045166,-1.6340514421463013
0.8450312351606146,0.4609951329239588,0.8182439551398824,0.9603818699118364,0.7278126792949584,0.8705438940923746,0.5268585262742225,152.48904418945312,68.72127532958984,-2.352602005004883
0.9478298919765468,0.488235062739023,0.5536339037942509,0.9868976195262372,0.9319462954166924,0.804271302246617,0.6752203510942403,129.85275268554688,46.98599624633789,-2.8630833625793457
0.9302401867523344,0.7364754439184311,0.5086836107813478,0.7234686714312699,0.7964909104977431,0.6028949206864169,0.6540958197319628,134.94732666015625,6.3180460929870605,-1.263374924659729
0.6463852887996614,0.764268927083201,0.8975440327476303,0.7514794832804629,0.5406936949013685,0.8420546766411829,0.369840805710362,151.04852294921875,80.58011627197266,-3.8429758548736572
0.4556139558273925,0.6463990597085483,0.7729987935901136,0.7148252879048775,0.7389134851069393,0.9332846302857416,0.3140560440725776,164.0348663330078,129.95143127441406,-6.446224212646484
0.4389467176067267,0.4477110101174402,0.6599262603156391,0.7632386340670492,0.2515240182808705,0.846211951023301,0.6452610933928647,156.34298706054688,110.31965637207031,-4.127843379974365
0.5254861892673393,0.6317234653301269,0.735013644913796,0.7867723246950697,0.3607698745138981,0.6784265401244193,0.8123768324588245,154.9006805419922,22.227630615234375,-1.9820268154144287
0.4528824848583485,0.8323444787652823,0.9765786260613188,0.9267873077874912,0.8333428811126797,0.6248427039285018,0.8285553670781476,122.85262298583984,-0.34311142563819885,-2.614870309829712
0.4467511280701226,0.8378865001601294,0.5414607496216091,0.8478224617313977,0.8925470165169525,0.8915883790633804,0.8029219915972388,127.56391143798828,51.15070724487305,-7.616896629333496
0.5356599175216992,0.5148560544153475,0.6498264899016581,0.9243874554234852,0.1101727401024198,0.6690415742642148,0.4626497604254212,150.932861328125,103.16646575927734,-1.7571680545806885
0.6737796845966897,0.6718218194587435,0.8264000785480416,0.7292521742503726,0.746752525661753,0.9152289436764084,0.9275701805053344,148.5204620361328,63.503517150878906,-4.069331169128418
0.746648655139794,0.4736607760931982,0.5538241566732173,0.9868547848469726,0.8028038146719979,0.8291841282098424,0.7009204271696416,142.50987243652344,56.63017654418945,-3.1790168285369873
0.9333935175809984,0.4423273899994611,0.5631502584084465,0.8556676733051984,0.1618874186384998,0.9646112411207196,0.8216959880216839,133.100341796875,81.39185333251953,2.514543056488037
0.7038053364289811,0.6040575846301627,0.5335011882550501,0.682377077851771,0.8787109475658835,0.7178953328454158,0.315167995986512,143.93765258789062,50.16668701171875,-2.040346622467041
0.8230578978708962,0.8173579914915834,0.725571564538866,0.7293022039552337,0.7872374719625564,0.5785911599441165,0.8518407985711856,138.71856689453125,-41.077392578125,-1.8441977500915527
0.8871580961609549,0.7337979119675875,0.6361394934413783,0.7160057527599331,0.6698527423696328,0.679245163119753,0.6400401290318138,149.14724731445312,16.379215240478516,-0.8385006189346313
0.6193005205417957,0.5548307657529409,0.8838909495791156,0.7847511063022891,0.6943900385611569,0.8884208389713157,0.9627254695383456,145.8975830078125,46.6357536315918,-5.801692485809326
0.842458892838293,0.916882275818291,0.9515531730540554,0.7537125926829394,0.9835892697102936,0.7865245286430356,0.5426161819887644,107.59889221191406,50.16079330444336,-1.7826993465423584
0.8260626883840146,0.9349064852200994,0.5382632014522697,0.6785673393637859,0.5421382485314767,0.6877147877149379,0.3824869967387493,147.0550537109375,31.339555740356445,0.32010146975517273
