PS:PAN ratio,Feed rate(mL/h),Distance(cm),Mass fraction of solute,Mass fraction of SiO2 in solute ,Applied voltage(kV),Inner diameter(mm),wca,q,sigma
0.4936382581155205,0.7767192851960665,0.6460600332909111,0.7950569877974576,0.0270912281135461,0.9482377510074408,0.3163366775006042,156.88886055661834,120.66061161826813,-3.034941126564155
0.7173804611243892,0.6082791907522936,0.5634969545252329,0.9302400627869828,0.9742157870511168,0.8431663189947081,0.5056576167529546,142.17109149429493,98.77222594654702,-6.136293713504218
0.4376333073091197,0.8607446761806867,0.6483475391606448,0.9738938358102494,0.218560734578158,0.6300273963691804,0.6189390139745745,155.88074242294377,52.73176679454688,-3.4111858501260715
0.5811049468674518,0.558318978605645,0.7272752311474795,0.7317854433949234,0.230882316785176,0.6704578344771129,0.7979800335208109,148.6731711292353,34.07740938418019,1.0215576111925335
0.9064120974325788,0.4933348057897883,0.8210560619492148,0.8501146994830654,0.4765373293998394,0.9798045535791756,0.5661478288325659,155.70572232081344,72.67953511421027,-0.6029368004684287
0.9351481301895608,0.6251098254084987,0.8525611889124853,0.7087570063220998,0.6948100723797711,0.9323564398917824,0.339126312427541,158.34786935961225,89.4225084166974,0.018182202465826025
0.9366032276524152,0.9512220325140384,0.6443352405656746,0.889936560809567,0.5547105933337554,0.7311844773883321,0.8087022544612357,136.97379248204248,-54.13755737080423,-1.388485462908381
0.9866116726188374,0.378086793259526,0.7031889736664856,0.9307653618114728,0.0965828678915009,0.6458195131336694,0.5616324994246763,135.8736296661194,56.11982379731129,1.9705508105579943
0.7874159571630839,0.5500380456370213,0.9888288723836902,0.7976764960856637,0.6811543875318435,0.9396816903069684,0.5299515052192163,149.5387495638272,89.99283834666326,-0.5761722433788998
0.5947898337337797,0.728562776445238,0.5955857770085003,0.8199941437118837,0.698815047663352,0.6595987554159294,0.7126925683386975,151.33537065015437,21.84028644810834,-4.407614272090413
0.4792235589168512,0.6832702836703959,0.7915416904366313,0.7433709046902671,0.7697802293251081,0.8627913073728513,0.896596081636796,141.60716234886385,83.10762921142025,-9.004094662213674
0.5685080313590247,0.8855519346262357,0.9547173025638076,0.7780186504702647,0.4622544568078495,0.5773646695726458,0.8843643078258138,139.19399449023706,-16.6158635318221,-2.8347398387367484
0.7704388054805587,0.8097309884478463,0.8629605231922413,0.7718200229744729,0.0820586911987097,0.5814649848256261,0.8805898934698543,146.62245813665356,13.376260956651372,2.89583563116813
0.7236925543347887,0.8033084144478941,0.5882906305717237,0.7773873280405936,0.4708193096380082,0.7509504347779854,0.3388849754091259,152.4181552042947,70.88613016275251,-0.7691886172621312
0.9585903482293888,0.4011873691963643,0.6925502044870742,0.7586738850062819,0.8519412347817976,0.7860914059795293,0.6610949993099282,148.7012822946996,12.907441912594884,-0.5082472094311197
0.9839522243860556,0.8518024934072264,0.8084330005760907,0.7513274975425673,0.1806829983614265,0.6355732019406026,0.3695614337732973,148.38960524827547,49.20371160532005,1.6385061969877164
0.6984154495894994,0.8280425471806877,0.7317841556080209,0.8420541646566803,0.2311455667169213,0.5867268350617907,0.3299190178803696,154.69925583867774,64.44605836479936,1.3147458909331982
0.6383958716861886,0.6192575262292879,0.7153541865804924,0.818309765811303,0.8186521307567168,0.9567740881283155,0.4122423982441222,161.57598128393403,129.80633786703106,-2.566923182341222
0.748359578579793,0.5720621660530397,0.972911714539499,0.7847295679224672,0.2293690615467659,0.784647404892592,0.3256032401460674,150.19283577658274,69.90768465775528,1.7825409360309097
0.7234917650562006,0.6926873768635309,0.6545407516011975,0.9184372156835758,0.566738336865533,0.6363896467945039,0.8821003798578243,147.51158763633558,-24.457725876664313,-1.9475082236662176
0.9629690204023936,0.5659518709902611,0.8737464404063706,0.6851051377190706,0.2200760868315607,0.9855484444319148,0.5614014401863368,149.6000023482966,66.48140042416729,0.5132815010048846
0.7113567251649842,0.635693428573411,0.7331954767460362,0.7089481146948572,0.4079640526239622,0.6122083086484662,0.3416283994431264,161.01157852995445,75.3041099962471,1.3702255996729011
0.7819772330648532,0.914374550794067,0.5691813707938219,0.6962568865604934,0.4925244921227324,0.825358005450123,0.5761329620189752,144.46965407287075,42.76578434933802,-0.9616288303641181
0.7810997753325732,0.5041049061245368,0.9675689645977682,0.9398386320532368,0.2882048660402824,0.8223000924440876,0.9476834774820676,139.60456202767904,34.0000407785849,0.9122401063938859
0.7903102103658786,0.4318426750534631,0.525561717467209,0.980828276765771,0.8192723633136075,0.8416315956530315,0.7159024345273564,152.31428293220912,49.15073044808526,-4.680490329303636
0.5120845561235201,0.9669384263511338,0.6587112159832157,0.8958223264187104,0.8862381659340339,0.6757607972811186,0.5050472001264517,132.66374782820782,35.87759149549106,-2.4784573758508524
0.9118222549821632,0.7077518320527201,0.9094863605664248,0.9214270564238078,0.759402726307418,0.7621330622298821,0.8807596055095733,142.08317939642984,-50.369542879725316,-1.9288742259117981
0.912120461446298,0.3926032207159248,0.9140632882255756,0.8664086654234369,0.3580027688503169,0.6957755250480439,0.5671905169863871,154.3774639028579,41.94371911135042,2.397696325587594
0.5248024495595704,0.7937988471725479,0.8867144532330091,0.8120490095870037,0.8110712311423125,0.6716037975052026,0.8415956190110532,133.1618130371941,-13.572069162026253,-4.395482930272582
0.8639455055961188,0.7680283702279301,0.8948257546663227,0.694794786246013,0.9158273495841605,0.8228955997260354,0.8951082043737011,125.29538304426397,-40.50820786282878,-5.501844032761611
0.884378028510499,0.5084788927915014,0.6826094011281969,0.978842461051706,0.0777124005838115,0.8391898484324013,0.4129211841809049,142.07632000738786,78.85283319935391,1.1070528045014196
0.8520156565162176,0.7071700388343337,0.8901850817854936,0.8709454645152314,0.5105631597505538,0.7736974914854249,0.7061295879952039,153.6140908205684,14.254212838652137,-0.8567519937634807
0.8148245127324858,0.9954365091455792,0.9824795242165052,0.7857761129460218,0.7414789393980052,0.7053648438124678,0.7231021319736908,128.12438425253876,-30.612944772509366,-2.034091359623805
0.8001790612863553,0.553022864812134,0.813559733350699,0.7124916417741783,0.8291152218939427,0.6668536793321516,0.6294048471155869,154.6097801818589,15.080080655400963,0.8219173596325322
0.9346006977279926,0.571265886000134,0.7971234621183402,0.7770344985986855,0.5091641573981328,0.636200571575118,0.5099770873993674,160.7222375571828,46.342596664745,1.6884686019163908
0.854407506108485,0.3766753529669728,0.9822066258876524,0.9787038349650394,0.4797788268461728,0.98687317607529,0.9749290249072102,138.89862207575214,55.950612315095114,-1.8225490291033495
0.832843166017587,0.3920764356062555,0.8389132403458283,0.781894631742551,0.3318888297944189,0.8069773690395958,0.8819475379081525,145.66528525926415,15.921376556633007,1.9312519576654519
0.7157699914359996,0.5393168810941442,0.9511390428424492,0.7287190009196822,0.8207917844129212,0.6896930320819068,0.5616547826936129,153.05561053372136,62.97725465459809,1.166967229019468
0.4817019311300581,0.9139489725055472,0.8017917981270157,0.894788951530748,0.6819302768304216,0.7247939482174394,0.6066638576369926,146.87366459678648,34.94360773192305,-3.2857739743460392
0.7281468527660524,0.9186414694253606,0.7295608693584815,0.8100213276186552,0.4188416985850226,0.6293828278673328,0.3191400583015003,150.30645372638037,46.252076885815825,0.8017717618613913
0.4498492405867967,0.467881588257505,0.8663663169218698,0.6904234129398699,0.5383834835490264,0.7503504972700599,0.328351847838243,163.2394198333651,98.96668054157054,2.055249742308303
0.7653062281334813,0.5434143507679305,0.986258346896992,0.7999134172058471,0.7222274442164056,0.682851022102984,0.4481846601645605,153.78740097410156,70.31273400333927,1.9133025020478862
0.9548372598418728,0.8311945125755513,0.5276481105199922,0.8533217953661058,0.4554760018313704,0.820149063556915,0.5267559012697148,140.61794563255035,30.20597784924105,-0.14048017267675617
0.8871547412794973,0.8598551709325359,0.7559112240365772,0.931717597671482,0.6906707645817814,0.755200372613725,0.6686061244082884,145.40881866076427,-7.966263476202229,-1.1136115321070932
0.5522097700632274,0.51948235036067,0.5074921319789254,0.9365403291509812,0.2986054389765164,0.9335373252756346,0.8919134539621286,150.71395880518625,132.78203800991025,-6.6355389507040075
0.7160956281256704,0.5995438907798099,0.9951564931968372,0.7041533079392431,0.0355248212279127,0.8270409973806057,0.3340865908780386,139.7256154255448,72.91554428325006,3.6403416690285315
0.4459624677668421,0.6737030080120916,0.8309830083975412,0.7936482583662993,0.5077362796921063,0.9564448309439356,0.6907953777058156,152.69746585218715,124.32546652025236,-7.2128859627627575
0.922888171704678,0.9253302868477772,0.51512328600105,0.727683256546513,0.3173651478974035,0.8576177755410206,0.6200651255084142,140.0103184184959,40.464509124752496,0.652069548427602
0.7521527386661288,0.9925985306736314,0.5765207216998081,0.9241986009270148,0.1561315232611,0.63479241887933,0.879425181074407,143.94771928851077,8.619088500416318,1.4183456643413508
0.9767262564862816,0.5801983359378651,0.5552684046291857,0.7998129003662569,0.1526665461240507,0.8188701977714047,0.7998079951600228,137.4011177341873,23.60548715424418,1.9800098745971564
0.7621841751432131,0.8934359520490063,0.9233337292565176,0.7153634662888717,0.8472903653352675,0.6664726564722705,0.6405241262383812,133.44599920332683,-10.023731502804893,-0.6470835881959348
0.9869744709020016,0.721225564635896,0.95259809485134,0.9221227473452912,0.2348411322529441,0.6493476241529734,0.8050672681028581,146.84581168009672,-13.878535292388676,1.2451644527782966
0.4505471424354305,0.7856982529746781,0.8383961060366935,0.7406116738991957,0.8505797059400716,0.6231824432183439,0.6685841857594846,141.28214181868975,24.41792275211649,-2.0656471957736837
0.9298159613609404,0.7306897818056735,0.8238635796900149,0.8173828618937947,0.3377278964772823,0.8844515801771393,0.8515985388924666,151.21559480059994,47.96412350141251,-1.0280331318423985
0.4729367473148198,0.6204033830325393,0.7835455647506271,0.94235293391341,0.7492287038905789,0.9612329810013522,0.7223473106958891,154.3441112543701,115.904972197067,-9.693052825288824
0.669542069532203,0.7348568231938788,0.5354307698451344,0.9331975701575452,0.6764615092983329,0.7946447657992968,0.6375936080949554,159.10420032746023,63.13259686987779,-5.866714360421342
0.7579212749999129,0.8161809982222253,0.8532981804396692,0.7201423193951167,0.4839098010269753,0.6860025762832884,0.5656641027947533,148.6073663685961,36.01155593311022,1.2592266637769418
0.8434820388896747,0.5150682379807849,0.7078807965360588,0.6691462495271635,0.8800820578805676,0.5796125573128801,0.9520184690007484,143.6313538927757,-39.249517714622726,-0.4575676104757519
0.516462735877438,0.9315985267230478,0.6064706783651093,0.8923771874206955,0.9760408174684256,0.9238815739171812,0.7747006032948767,123.88669705296246,82.32514429622474,-13.793698356574463
0.9385453242643303,0.4045128650762396,0.6414633718556584,0.9518194879509092,0.4281799455963332,0.7017153997210384,0.8981869635813546,140.83662120048754,-21.139701168287175,0.7940026729204015
0.6061972626770251,0.7645236303047498,0.6164824717862503,0.7559753770520566,0.4509731757186893,0.8181957921071796,0.5624574799856779,158.8823027959204,85.24154018717142,-3.1690868561107823
0.6236928720172457,0.4132462328334284,0.5830414744255205,0.8045485508346711,0.4135849089100123,0.6220605169871712,0.7972843744877713,150.90621034535272,19.502702198455786,2.2972231665798106
0.4645749379958246,0.5661749288198215,0.6067471387143972,0.8397787967687537,0.6713055068187509,0.9886122511609334,0.9373356413623348,155.2058991316209,125.60177554712052,-12.62226276691272
0.4848365750855192,0.6665760276331227,0.9960833387048008,0.9654310213521976,0.7151141572993172,0.751742142304415,0.7358125364654178,140.5756652150407,60.7961424456539,-5.154185403580886
0.7772867562084798,0.6270677538461289,0.7386297095730844,0.6972515783198355,0.1811855930562111,0.8053336724785176,0.5070132097444942,152.07050034216363,55.66951098181158,1.9707239170629767
0.921111108905432,0.4953391715455965,0.8947517907713418,0.74017604165116,0.1918687972880572,0.8223813159308437,0.4828068454140369,151.18480612820298,52.19818349869901,2.827932286348144
0.7743251373452167,0.5963256934320614,0.5066753098197686,0.7037568640971552,0.4246020506362878,0.9957936329691384,0.9716171750375496,153.30219934075274,74.78447153142356,-5.661741071682636
0.8444015226792237,0.4073574436879865,0.9129372142535804,0.6677947972779098,0.3224284300910971,0.7189131462363727,0.8008953805528283,146.67727064281954,-8.634564424189662,2.2476950204167863
0.8732465157027645,0.3999681244055661,0.8613191084384313,0.9692883431582748,0.6025375934477659,0.9687865486510492,0.8914702945830748,145.6236531106899,48.74674928947781,-3.081229579093809
0.5705928491050176,0.4072816702903794,0.6106960844205565,0.7509971523427111,0.3512467816500407,0.6433049684546679,0.9773731260635468,150.06646379784564,35.48813529274916,1.672722036713313
0.5768384536426875,0.7896934377518297,0.8470758996231829,0.9553564397912778,0.0296121611367176,0.5959237533740486,0.9287317145718396,139.5915892597868,38.80538369912112,1.1244994347948367
0.6269914202336743,0.8487932467978467,0.8782529512271036,0.829929341192548,0.3793383865654393,0.9288881253894185,0.7846896283523164,147.8515692601247,86.4404278259542,-3.878929281653538
0.8265551462125162,0.8365763571675862,0.7338574834229679,0.94742954479304,0.394498444047025,0.7505391197477436,0.7652180975993881,145.65267300671582,-19.53966425464246,-1.6087322833095206
0.962011481155597,0.3864740299542624,0.7875484666250623,0.9558866132684372,0.2323928521314083,0.9120637692698086,0.4137817644717564,150.131799922296,84.34752168424987,0.08771130301905683
0.4660360078203959,0.8355547874162401,0.7254664462667653,0.8453158182916742,0.4565000238206304,0.7197229359417374,0.8571409552070014,149.54502201232998,11.062682802353784,-3.925661049573495
0.5334448067511719,0.5079633153000717,0.904876843137694,0.8425939118304495,0.3490517560747735,0.911213122267489,0.5279094103345384,150.85091600066633,105.8705172216754,-0.012341102159203032
0.8902927256267159,0.5234795274394515,0.5496089072354937,0.7530210916265436,0.0422807463384319,0.7141427529088599,0.4560598709976111,133.61749009511465,36.45052174030097,3.3552926201829703
0.9645644379420122,0.4615534469972449,0.9851254886463604,0.8394649428562295,0.7750953660495841,0.8779915497049424,0.7921558944972318,142.57802393090398,23.055969891783125,-2.2736726588990335
0.9351587892674196,0.9517817785051624,0.8401781163715494,0.9289291593121164,0.5756304379021697,0.7391109031831522,0.5845811960523997,146.07691365181483,9.554863027885496,0.9223477498728174
0.8307687049028261,0.4614301931181439,0.6760524759545841,0.9300362901780248,0.0885441501593711,0.6515541039992838,0.7508775108051151,137.30268605220763,26.34741188494796,3.542079464085994
0.6180746017392809,0.4215790519697509,0.6039593840247266,0.8254205223409095,0.7722505716295563,0.8720910330323632,0.8901643756308202,154.11386801030443,90.56926433214892,-7.408814157045968
0.8863975755610098,0.6569035703312845,0.8548831742914241,0.8915004955407304,0.6889753440149119,0.9451833892748884,0.7684089705163661,144.06069308130748,25.19036849593769,-3.642659614046128
0.6794668800864252,0.639801527629982,0.5531989756267714,0.8728427862802823,0.3385227466860264,0.7853167160927031,0.8390157267411795,151.04291794152007,48.13338306420875,-2.1763527789519284
0.9848330071060842,0.4407513062655768,0.8776426922671732,0.8582464029007215,0.7350638804455102,0.8978500603796407,0.719764733993846,150.88661883340188,41.471049020078674,-2.378600331629489
0.5311036058591743,0.6054254884938549,0.6770571769795424,0.6823243112647177,0.3975847746089258,0.868738443059905,0.8663621672857,154.53277259887852,108.28484433604243,-7.452337352150854
0.6744386002101473,0.9552446670098091,0.5749911950920032,0.9722888032599905,0.0482918300520315,0.8910852916248015,0.5290208554769565,153.36372732760526,105.14905364038367,-1.0103507901526778
0.6706896651724554,0.4802369250287933,0.8704100638800731,0.6880019843678509,0.1599174538283276,0.7386593676269186,0.9438069377955252,140.66925109482878,56.91829759670054,3.4371607453965884
0.9958490364882115,0.519928042447629,0.9198608015845128,0.9870371363622236,0.018388243763663,0.9188432415494434,0.4686404337460595,141.6813747213122,73.06418498542192,1.6646584041920502
0.8787980712778103,0.7603535039096555,0.5603456265821778,0.8102260718429737,0.2042727222083945,0.916744136790631,0.4128893079155094,148.98921704587488,76.78818795820125,0.6003437669450256
0.7843066858172156,0.940785077121266,0.8883237675634568,0.7593081922244824,0.6293033006718436,0.94583756277543,0.8174229593916477,138.08571420325586,37.0180622825508,-5.136502887258834
0.6437150006645249,0.6087522361145019,0.6924607507592895,0.8585723494878028,0.8849052914421895,0.7954669395882509,0.9543385603756448,142.87918520269434,25.51154728645511,-5.518235436963353
0.4577720394284946,0.5158031838665348,0.9252625658937031,0.9149258076557824,0.7217900612739554,0.9490786881376108,0.7006142738367446,149.30125105267095,116.3405100485115,-4.174335521592164
0.4493396907741989,0.8461514004144837,0.6400607358346843,0.9100804377685908,0.2619599433824126,0.6278225853681141,0.9042745073146417,152.95069208124005,17.77149046956869,-2.9490991195608514
0.5147535976772825,0.6593103311790128,0.5995717765738352,0.7413679134369922,0.5755266768383133,0.8700486061794109,0.5852062525656956,162.51503485796775,126.76820097904333,-6.132158432948078
0.4823341655915737,0.5958204159464779,0.6405605804901293,0.7751510163667469,0.8364950546234586,0.9396892379535812,0.4709322381407355,161.976289375841,130.75274447140865,-6.900476677312067
0.6205984597287313,0.4553149339265424,0.6991196928380833,0.8245057956609364,0.4847667243718979,0.8240629413743903,0.9365610909951876,154.61780983518577,72.08536997423923,-1.7639181206452887
0.5652909433244528,0.6890152312177346,0.9908789562877974,0.867400492719659,0.3747667645081945,0.9432939526922336,0.539103838409472,146.62004392519933,103.35217186472809,-2.9411413780921984
0.8658789129689614,0.3777323931417723,0.915780942230598,0.741718760475405,0.8924790578156825,0.6696754784454623,0.6103111403174346,152.63494602944732,26.217757083384313,0.7311896612754825
0.7617584862896523,0.3628092165326514,0.5073319631807145,0.8902543308000366,0.1794101591689141,0.7399223083843791,0.5683924411522299,140.79008063079803,68.98145303945304,2.096678312360857
0.4826705184696739,0.5506038083633235,0.7716399949987587,0.9781898023381266,0.4070120461390004,0.9281772252317751,0.7611763182387529,148.02546284913646,114.08330300111457,-5.844071611274952
0.6521633847135541,0.7103961687738797,0.858856937033062,0.8641703423344513,0.600062342075602,0.7051475599135196,0.8384168948356725,143.3230498018858,-14.95350551750046,-2.5941610804940334
0.5380701380517926,0.4945610449771324,0.9661617562506531,0.9671338165239924,0.5200221985834503,0.7132321285448822,0.6812480150545799,151.72072176698558,56.88872070928746,1.4666634180139684
0.8397522835502595,0.3688421412310274,0.7953893814985524,0.865589837275305,0.3428934004777152,0.678229615058672,0.8851515790490211,143.27338528339368,-6.7102480066266565,2.534918164039846
0.9749690163320834,0.9568450594071722,0.5371377541704988,0.7521404331856497,0.3479805023669086,0.5777047559247571,0.4775823279786405,135.20701289182708,11.41024013746376,1.9959531486134976
0.8163550465948499,0.4630776208883349,0.5199371863858333,0.9177154218683612,0.6776435309889259,0.6841738555222702,0.7077031755250289,152.98968555362802,8.949960706230598,-0.8621823187946149
0.4415012099316711,0.7553404000166823,0.7186973867536319,0.6999677277049964,0.7907832332669991,0.7235682952939245,0.530492590285192,148.3077333562116,72.36144459619302,-3.0872851291609873
0.4793442492591754,0.4565635481555078,0.7259125858703737,0.8337129365415802,0.1939735398493783,0.968625661753361,0.933192931881604,145.1174609137721,125.11336267362624,-2.648768589427583
0.8569928924192478,0.7869799130831165,0.9042371549854212,0.7478574365844893,0.0837532881284139,0.6793106476316024,0.4791698928440976,147.67029303868475,45.898481986480036,2.046072609731282
0.5994763625516397,0.7349859454170518,0.5350190245237837,0.7489385561105104,0.5141298902352786,0.8619182953771873,0.7245408740889285,157.7702753325201,103.20176742609354,-6.860075941348824
0.6567044527607382,0.4366484394823066,0.8005119291275637,0.8217675504588513,0.855344585075165,0.6843106690358689,0.8309912499305367,147.62373141275734,2.8389535933610404,-0.2182122853702937
0.8673028968755893,0.5664990054566107,0.5572475790502497,0.8354303590343023,0.1627735357763168,0.892730468362908,0.6642761380517981,143.2403388405071,61.494670883895374,0.7317511875250484
0.6844511028023664,0.7944843456382223,0.5358258260293455,0.8442043954424675,0.4135289108995151,0.7561113032299374,0.7414670506849977,153.9480666362242,39.277667950384654,-1.1577866870496485
0.6634296744488362,0.96399130188194,0.8513721497236815,0.9409022524997412,0.2183540459979154,0.7455887968994456,0.6126496141214918,149.55716246902867,51.17087849565098,0.5762527990343107
0.8784952523687324,0.480095296297551,0.937228916192666,0.7860986241168332,0.7515733374668763,0.6446973648152386,0.3462744171691899,159.8236611828117,58.95677805109474,2.963887368106569
0.4636910947017669,0.9774522777466949,0.9725325300221516,0.998204657953947,0.8030871405473968,0.6039447184316518,0.6278447927123221,127.49725974825782,7.103432865939212,-2.6071619447064047
0.5554384787429398,0.4083297092450218,0.5819091249604593,0.8814588921068784,0.0094260708057435,0.8476793798769174,0.3395284969742383,148.4529820245894,114.23537047508064,0.9957158247467399
0.7738535844094816,0.664142007838607,0.8918405455051279,0.926414657176762,0.5469988032294205,0.7622387639901306,0.9182078680693913,143.8518614150433,6.535240494829644,-1.5483602443276723
0.8046808467834221,0.5917595159907316,0.758745528386783,0.840530219347598,0.6988474364160466,0.9120895766083624,0.7572979070843389,151.38647589432645,40.345159410880136,-5.64747901542055
0.8222256199180936,0.8001534523585351,0.6168709867819817,0.9813599773749012,0.1600246285287353,0.914753845817083,0.7550738154275345,150.5896611392247,73.1909783420012,-1.354277924452084
0.832359668195556,0.766701435121203,0.7674980071152511,0.6684617549088503,0.9783338105964582,0.968277888673379,0.8489891104462794,120.306342434294,13.089758012311194,-6.298743601003674
0.4674825790104396,0.8148556518120409,0.8511612046532521,0.9956321742302396,0.8433825756953213,0.8667768852428746,0.9071372751673992,127.96068456339299,83.12305175546076,-8.01649930921614
0.7016828679362084,0.5051316292509485,0.6396102210863318,0.7474157449749228,0.7841076804564884,0.7279070236287506,0.83707701460552,151.57128226136257,-5.597102823033744,-3.1918549442204958
0.8077862869489502,0.5855813162824279,0.9225634868967784,0.7805551855630577,0.1064615191024974,0.6322745843965142,0.5970310727070771,144.41056982177125,44.83858534489384,3.5042707425988304
0.9415316262413214,0.8916176961567215,0.9260892276423296,0.9001212369627289,0.8047058484057116,0.9532687397876798,0.8418803099456748,128.6970376544868,1.9591215879274486,-3.767251476101656
0.9937771869587926,0.982122000103654,0.9278445954798054,0.8550699003516535,0.387090468050935,0.6865315416939798,0.5500941553150476,147.0381034276056,19.014318465220008,0.9740675974393795
0.8605022514409463,0.7183381458197394,0.5356038789759856,0.8171487213048187,0.7398793340934903,0.9461166194756372,0.7925497612872487,139.45336440734937,17.514671981547664,-6.585497229720096
0.946405678168662,0.8596803591424642,0.8126680655070571,0.6957691725919362,0.0903229968756044,0.8146379682367396,0.7614418617179847,149.13900865497362,20.3197784399661,2.2176083449503774
0.5827593269557065,0.3695332517697011,0.7565302786621546,0.9902120421022492,0.0758326791792632,0.8184187094309285,0.4515238998019427,145.43833406349594,84.46171596049186,2.1497034377779567
0.7796121060571568,0.8893903094675777,0.7032316082720215,0.8395775852428567,0.3642875452334763,0.902766030024297,0.9035262563230092,150.79408430237226,57.20455388543405,-3.5802426235356513
0.6697769436202823,0.4460722793692364,0.8567340065114002,0.7927808528554385,0.8664328026287097,0.688964588834508,0.8703699245625656,147.33608797360438,-3.339243164648124,-0.279805195483115
0.8022308941672893,0.5126211818158732,0.6051569007887901,0.8954085843277562,0.842980922740622,0.8201335097990987,0.5575006770799453,153.75935410650155,71.6343517790186,-2.5583933679097317
0.5357454601416459,0.4565253434382891,0.9006082084877833,0.8178932353393471,0.8367563511646777,0.964705678502648,0.8933440331389857,141.8914356761795,99.49198890562222,-5.167280233961759
0.8125428251714757,0.8005419708111294,0.840731360572684,0.8186689289570839,0.0941711432673007,0.8764246995877985,0.9024269691605572,147.58998886941802,62.71296061450853,1.0661412490260758
0.8236257140888406,0.627094365339036,0.9727767194229238,0.9365864896541822,0.8852872144255951,0.8377650798598316,0.3857035369324016,145.59350860672677,83.95612052612424,0.7606243923905738
0.872130582553374,0.7713582663365415,0.893891971257603,0.9349503975270564,0.0351286531015585,0.8079054916336798,0.8890245590384088,144.0370317902957,36.24605565819222,2.7158069342197844
0.6942049914101671,0.9942649696942856,0.5807091485146603,0.9176315073032708,0.6543040686492531,0.957337346772402,0.3703165569415291,150.78812865054627,114.69080224485968,-4.797838896840399
0.5167721860295161,0.6557881870798796,0.9734171945417376,0.9863594984232168,0.1785832730022002,0.9188237888668672,0.9239954738115516,133.10733607303663,118.21279903628687,-2.7792552221336426
0.6748217794426621,0.7887592560093613,0.5178981468572287,0.8515832301569352,0.2004426005364601,0.885375785890806,0.4783759851484572,155.11083021459663,102.09474818403909,-1.883159885249517
0.729983611388344,0.5260970703144098,0.8275770463932977,0.8261783912194389,0.517452375611297,0.9584335656933743,0.98043416829542,149.33009935497404,90.85518116252473,-3.7094685536484464
0.5567634900541932,0.937338824995552,0.5798458061876429,0.7885678264614159,0.707393404034431,0.8280123189126343,0.5100566696864162,145.93318236970742,78.0682618024322,-6.926676560877848
0.6299345112061403,0.8668847337428387,0.7458275903259569,0.877323109759959,0.0833942066456821,0.9734666024424172,0.4486812625895526,156.62023726153853,100.58046544335187,-0.5820870077576916
0.923475040829171,0.4838685031454191,0.5737333928148741,0.7120607874939949,0.0137002058553439,0.9122946749404756,0.5203149385319619,135.83806950100222,51.87560398688391,2.8980020235346524
0.7355200105904085,0.9289418883758214,0.9245348978301478,0.9987238823250264,0.6164805935419841,0.7496178022675739,0.5652365590773748,140.3334084970058,36.300874469186446,-0.33635807953296104
0.7897021462521341,0.6760572102178577,0.5117058777907512,0.9989750027373988,0.0416451254381354,0.780516441998748,0.5661221814018316,138.90583709682497,53.82801262201021,1.735485582980747
0.7174445478969735,0.3763105037038541,0.9809723587602166,0.7406149814030689,0.3161838425600968,0.7337300060746645,0.8665323491924671,142.60686939517035,35.4646655768278,2.210777804958933
0.7687654796116506,0.7713716465299132,0.659965965426698,0.7935373291170155,0.1472611099990452,0.9006866856611254,0.3815303529626342,153.23933328266236,100.90219411338644,-0.05278294615592305
0.7140224944346419,0.3993232780824376,0.9909952889949292,0.7302179076244093,0.9300018247891468,0.963170746775276,0.6596515176408868,139.40675000574893,88.49287118306873,-1.4171154987896462
0.933723733565903,0.8850533218693355,0.8361717929863821,0.9694654171037932,0.7468944659867398,0.7981681063026018,0.4041481151475724,139.44508500287768,50.472378795476565,1.373694250090741
0.651577487468227,0.6223228441077713,0.8785457657775598,0.7263453517547847,0.66095129444965,0.5757514232974118,0.8629189332475459,149.23691803962282,2.791726561316551,-2.233187162850107
0.6271998551702814,0.8667374643856971,0.6798318445882373,0.8882915271018466,0.2136837163697234,0.7529239166199433,0.5464192145637234,157.62150640290596,67.28704082689221,0.40515323254132185
0.7448946270177246,0.7207808925680503,0.5560955018969509,0.7662223927591607,0.2458637068959798,0.6834386022503763,0.7760070606372995,151.67187135848366,-12.507888319552691,1.060425558132378
0.8679766582554098,0.9173115478071344,0.5197575424985392,0.8804921188853084,0.2261097483180301,0.994807145006323,0.6607751263001048,148.9920378580663,65.56029427174987,-2.2042104685806088
0.4408364760778722,0.3715170622465074,0.5067139364346366,0.7828583208710549,0.4405807249143886,0.7379644983915825,0.6916890279359931,156.1118773046871,79.49407141317334,-2.1515273015557983
0.7991915812634299,0.8233466487983807,0.5615203413730139,0.7664818955275042,0.893750545607726,0.5908054331433424,0.9427261113207336,121.50018601689726,-88.14377009921961,-2.296670877248113
0.5928131418105318,0.6009236017046135,0.7952173760316493,0.8713818202719438,0.4974955664509197,0.7370890054845749,0.5929328180125555,159.16750236934942,69.18699233054294,-1.2970051644617087
0.5502457721274705,0.7469071031107137,0.6619674945440954,0.6897886010775506,0.7380673828976451,0.7432273139561495,0.6240487183079654,148.39529757768344,59.247001164858155,-4.948405197615582
0.5274072153092566,0.6961207588944398,0.7753445918575884,0.950828010420929,0.8089992373304898,0.7530416201081198,0.756764992290679,142.9000931349161,25.654590829287706,-7.241745497791595
0.5995277233410803,0.9148528876697546,0.6767545904431931,0.673354454145578,0.6702589450561907,0.6404094336646788,0.6500490318508547,145.59259630557645,13.413298434149752,-2.1630833879450457
0.7896801274752233,0.9426113353279456,0.9158351159677108,0.9833024377471536,0.6383040776859105,0.6791675552281934,0.8541048899414948,133.1941088906326,-80.93269720859539,-2.90840076252976
0.5117072552236158,0.8561154169054885,0.6748548175665798,0.8573139548227491,0.6016177079015812,0.8265361522827853,0.8350675714236319,149.01390575331942,42.07608707195731,-8.4556252763138
0.4711851290110937,0.7478556140338497,0.7526503379538104,0.775113794334895,0.5610621000770516,0.6718208936388137,0.3638151730168812,158.4991727371109,77.45044927222357,-0.44994628354791033
0.8483614598766644,0.5767871596375868,0.7969260580033548,0.6683318149417885,0.1484487953038858,0.9177819545901011,0.9846168011497766,147.33216772921324,53.27454967019208,0.0033229651728425846
0.5084638916516487,0.5505747843078792,0.8443393857406358,0.8364448496841081,0.0289685399098196,0.955748606262734,0.3257787247716482,145.33396644152103,98.9784258667924,1.2076496725891954
0.9343118065934136,0.681031896781852,0.7493834265415212,0.9076716094635744,0.4847117245811092,0.6657337542709153,0.374139075963978,154.2752090944881,43.81785823061354,1.2092864664024798
0.6324110890792018,0.5639186863413602,0.5854152087945859,0.7232777262487892,0.2343809670591339,0.952946877256299,0.8097294490411941,155.47213539953552,101.258674120407,-2.6355193553878555
0.7002708853330555,0.5041804479499419,0.6309181862122627,0.752058167797562,0.6467988131642266,0.831237414212016,0.6135997526425052,165.1025522238775,99.52276018794757,-3.5202114252233163
0.6022701361114549,0.5534208150852575,0.8519377322440198,0.8150597768942878,0.7420007704235353,0.6234634379566063,0.633800483828797,154.25276152227005,51.124380774648806,0.3394851695684482
0.8200060207673183,0.8253070487823034,0.8625562812978885,0.7711504798931542,0.6034288432187555,0.7088733266853928,0.872929111919776,144.03721124959074,-47.053963126702016,-1.1866720887044968
0.9959411509663052,0.4841694258607865,0.931690841814788,0.7818938032282917,0.8399542730537317,0.8426750598434447,0.4772181598064962,152.75262223967908,57.80686727623908,1.7539465865546826
0.4661187722666783,0.4603631585013213,0.8916297578828103,0.8957299042878148,0.8210321782995667,0.6940650880276055,0.3482909190892013,157.13609451505636,104.29824065482768,2.972260287778645
0.4744859275815497,0.4635192564648437,0.6839718575655531,0.7868546591116348,0.5450943610053336,0.6784306069138176,0.4794627629984428,165.2982315813125,90.01067761200008,1.8999232705343214
0.5674122643907126,0.6872751931820092,0.63778800518624,0.7224453609724507,0.405403861341844,0.7157588588307184,0.7170301951653584,156.9879633725302,26.337238036813133,-2.8806087811327794
0.5295703423388118,0.8934827587357275,0.9192706792315016,0.8179710534973834,0.0750099402227414,0.844594165069017,0.456848213861395,142.57415595555406,89.85443195163883,-0.3550345138643842
0.4721959238803501,0.5841301426754912,0.927155679042602,0.8670524813010901,0.2019152224293449,0.6291560826787025,0.7999022755150533,133.4332597424693,51.81439600380121,0.19714482295553526
0.9947003018154308,0.8068738604655565,0.7311090583467734,0.8036397258287062,0.6789644512769208,0.5792470889482748,0.8418587448919634,139.56712311633612,-71.29927101782201,-1.5232594294797202
0.6983681780931679,0.6337232286539206,0.9423430622457944,0.8008724072728697,0.8671026226988592,0.8591153982329341,0.5947538076822516,146.38121361897126,105.1666204547208,-1.9358321970048373
0.7154552932481344,0.8572452421468519,0.836040237917573,0.6855127592917821,0.0527093155114672,0.7258566501501179,0.488507896012825,143.45787659565488,52.19691545407945,2.077981954468272
0.5273342003456033,0.5127186543022677,0.9766465576436802,0.8517953821346052,0.9900175977082316,0.9494070921528932,0.9423125960042228,134.61490500389073,86.83490756947273,-5.222518813739086
0.5474483041848881,0.5439909339110943,0.9912641218389684,0.966676103163088,0.6611512573638568,0.8308216428434393,0.8689414113232021,135.2065235811602,64.89756287338253,-4.415464738982921
0.8553792037746526,0.4138072346792089,0.8408612076510565,0.676112239656927,0.0672927366180346,0.8471501215310597,0.9066759591351902,140.86774357043905,42.265078495763774,2.93088958090419
0.814743565287773,0.5057228420944169,0.7448907822130492,0.7695286984748831,0.2536042792836123,0.9444088995127418,0.6594441246218832,154.82422606219188,65.9729639477805,-0.4976835127065097
0.7793188845528353,0.4202573354316786,0.6825314645381033,0.7779904467201043,0.3538580949419194,0.9643562901658284,0.9185123977148704,148.32132195788049,81.27500261490893,-2.9846582335913032
0.6484786630855376,0.8299073758934348,0.5064153727935502,0.8008187583157127,0.3331022674370494,0.7045325711596622,0.4856634527952888,152.42587620782126,60.22698143594182,-0.7366958150461598
0.5018058385107194,0.738685145174625,0.7980970337662685,0.7408881632192488,0.9616376491800596,0.6030971726516062,0.568973803430812,132.19559410944777,52.700199598215896,-2.7022318557626166
0.4428364249212767,0.4978909225400085,0.9450952038301664,0.7050325406953082,0.2191659612724502,0.9055387545968476,0.7392564389410112,141.72240949027758,115.03549225407052,-1.3672372397189907
0.8821970984603495,0.5348077261063586,0.6944438144195195,0.7990236390186528,0.6602939767149921,0.6016961518019114,0.5398615085231758,157.36613602783785,44.76379362853739,1.1180089923207253
0.7723499243417937,0.5991201339040294,0.7555549149542642,0.7519715468041362,0.478312929708093,0.6878741556407699,0.8725591517423942,151.45399002230923,1.3869874568339498,-0.6006476953995775
0.8257507420733403,0.6340351199601246,0.8173640692921145,0.8390726258226707,0.0754640688796581,0.6298810683904623,0.7029491377980222,141.71496083516283,33.408980308165596,3.2015944619254846
0.8772864860117318,0.4151363251157501,0.7706639443805168,0.6804036712099331,0.7324553507988019,0.9755302879932648,0.4793216731870147,154.6490942632423,85.25552741080847,-1.1861417257675366
0.6602760287808009,0.4791343121161132,0.6837766086342708,0.8575098752833161,0.5061446789311578,0.6987804305811396,0.9198611358127672,152.6275984988493,18.431038052573392,-0.6151188685573488
0.4677399555684729,0.7638200267331485,0.7351286175575716,0.8028006323746857,0.7852517700378223,0.8756407673256472,0.425741257347086,151.1491708360718,126.10389826445272,-5.20931688039673
0.870066655087828,0.976862925861172,0.5741122064209933,0.8706373633022945,0.2659231355184004,0.9354570916898546,0.5437825993897671,145.06883408750096,67.16454424621175,-1.274313475717912
0.4379382588616973,0.4047342953625182,0.5335319457385848,0.6808345238411234,0.5709152982021664,0.9872719644448916,0.5947453571717038,164.73727839515448,122.97949666073004,-6.6401803973336335
0.4529021921204774,0.7206545739028727,0.785644144660915,0.8355605517376979,0.3001103477856345,0.6922203591439894,0.381462275130725,158.15158156343372,65.76518171698088,-0.8204641058827287
0.9569732791445996,0.5545455036842983,0.677231775506429,0.7882651989728002,0.8520489750279978,0.6836141211837818,0.5771821452703287,149.36487083928978,20.5275637257993,0.38688627032522804
0.9681595022875704,0.4596740576825007,0.973710512042919,0.992794007240926,0.9843966758922496,0.7243501432285141,0.7270039600026688,146.60775542452325,-3.8624023516764936,-2.298211047222696
0.940437829225816,0.6098440231535662,0.8314841677247777,0.9735100809764548,0.9834137096101956,0.8899125688569209,0.4262026186193544,141.50161175019,90.59087903210425,-2.208878624212306
0.4374687945899101,0.4165343312732626,0.6243340209307424,0.8010215472685106,0.1221572493240808,0.6402886391821014,0.4992226057941489,146.26834134307032,85.92835171870212,1.7544772993261755
0.512343587323405,0.4392407150192219,0.8998702414338746,0.8869050756499577,0.0780823203284642,0.8221036103731826,0.4794786656111134,137.9566296160969,82.30809472751119,3.4896732629369938
0.9990682608010654,0.6062021885741247,0.9277531951190064,0.9801980059171068,0.1289601892299142,0.844043301391464,0.6617993146188628,142.59135696981184,57.057546196352995,2.4343082846637936
0.5314550784172293,0.5845601371987154,0.8980044810191579,0.8917805366379252,0.1810773215764604,0.6685713559477969,0.8722447080811703,136.84613358424423,61.3875372513519,0.6432871979986525
0.7158142115381748,0.9750348013765064,0.8777172920736328,0.807035177724474,0.5035045565509092,0.9678476573961544,0.955607300235539,139.31949675065366,79.62660045690458,-5.571903955936091
0.8296421430696952,0.5644871497868742,0.9750921445328308,0.8033060238317801,0.2882712441479748,0.8020098359700357,0.3417121831424081,156.98346459005154,64.62525578074249,2.19765724931302
0.858039213661983,0.7372710295045706,0.6832912749140664,0.723294796855111,0.0766721267206351,0.7140513202924907,0.8654697934820608,143.3858438927352,-8.995873108501279,3.1250596445610634
0.7829567801778143,0.967927442194838,0.8724461754672905,0.8021217765861334,0.3002530616708572,0.7210871914892434,0.789372424918969,146.97299373884823,-18.17584110683883,-0.34419875723202575
0.8128866143808627,0.927434613782966,0.6377134555637045,0.7685941072603637,0.9016430764096848,0.7876060649147228,0.581291125470858,122.8609940349084,13.8761430660457,-1.0856084868505118
0.6586733379815143,0.8748127150169578,0.8494697777867862,0.7776474002599636,0.2736283325699107,0.8578843245523124,0.3471285936728954,153.4730165700331,110.7191212217237,0.023844766043305876
0.476582307138752,0.9275335263086824,0.6418752576507903,0.8888742820235295,0.1189073700083539,0.6568057104539609,0.6659972356950626,153.53147927732059,60.00791631561934,-0.026761708193775435
0.607678133815728,0.4030308208289587,0.5154961840365975,0.8832506384697876,0.8448736661294021,0.7418403484199732,0.5458394237675694,155.05692084742546,92.12294179910975,-1.7610085645058526
0.8001732222049958,0.4404993175082009,0.5948433064723442,0.9824344187511018,0.5497769075603518,0.7914100548550369,0.6504907574525741,157.93076498855643,47.60093709879646,-2.3691523693198056
0.6093402505415809,0.9842396750144232,0.7851806976116436,0.936524829095294,0.5556998831763891,0.7373689948413408,0.792752062070446,136.5197853772867,-6.512480857811269,-4.427016762624476
0.5185187221277265,0.9268811855542762,0.5197856360356446,0.8737679046426443,0.0196686325336245,0.9250747353124028,0.4005730932139558,154.82962452680061,112.29041240746449,-3.230633512477032
0.5821465865572435,0.9027905696680212,0.6553464573662044,0.9267801149403716,0.4135541358178306,0.7581296705623977,0.8845023733443627,147.88168717801315,20.96278088174227,-3.483741604099251
0.7354052318682791,0.5603863967538651,0.6069132411940155,0.9822468242877784,0.7808524132582453,0.6953598345999727,0.8147748071068694,147.66957680783128,-6.533857163662461,-5.968859461377212
0.8641484789196483,0.4271384514791631,0.9502477331527625,0.6693710207161495,0.6830016402059614,0.9167193389144186,0.9418318162033592,147.9966019559147,31.06415638846837,-3.1846331233162024
0.8608221619079215,0.7645325999912533,0.8454884482821534,0.8867713503159596,0.7181111842510275,0.6003256427854143,0.4611456820564526,152.7495991871901,24.985693546802256,1.4298682678294004
0.4552503259558202,0.3845154315235639,0.5915401373547717,0.982803132142566,0.7641996424907748,0.6188470438427662,0.327990922186043,160.81926575129938,106.83707452909087,-0.23089651829057223
0.9539361344814956,0.3763768660144802,0.5418001099347953,0.9879972748003436,0.6588356605973346,0.5966620106291506,0.5811591797733167,147.38132492360015,24.01789390022259,-0.15184812024046623
0.6474255753366974,0.4267757356911053,0.64978111015579,0.9739324832715716,0.3540773687925969,0.9269665664028852,0.7738115947631674,151.43664750323777,111.97159789075542,-3.2688062690439366
0.7006586095990315,0.8579496336210166,0.7533661342063496,0.8601829304704424,0.4593741774111514,0.7594877270257024,0.9490781043008748,149.34509192424926,8.814566811991035,-2.064304841625266
0.8999131329151383,0.4010950254287529,0.9022421702317048,0.913595504298687,0.0262675997060538,0.9917216282734932,0.8518411506293907,135.45358061288192,64.294358716866,2.042569496291197
0.9318251446006534,0.5022838026827809,0.5841147384862552,0.8734344640986457,0.1994879523496861,0.7538398808887125,0.3799952107546115,142.75276682446324,57.64152161548845,1.6660459386066169
0.8431969708608913,0.4510038976997638,0.5668814965032174,0.7702917907691245,0.6445030356085356,0.8180440363507003,0.4414889920346293,155.1012250421037,66.01157758894182,-0.10097399420682751
0.8304381958566063,0.4440144258887551,0.7959487923704505,0.8131024386285123,0.1693288959111598,0.7809019758417113,0.8036055423470198,141.22947922360564,24.555354849561077,3.091449285992015
0.8209307065661539,0.4003246510036534,0.5780576685676507,0.8626903989617094,0.2312564754012023,0.6886687894933217,0.5474694955266644,145.35516901657763,57.521422543924665,2.4623615597715816
0.5752099963994285,0.4892997419212173,0.755983616885683,0.92916662324342,0.6938913085203733,0.6255945354627978,0.5421150263407903,161.77690235181825,73.53325561960396,1.5651357388830074
0.7713516960654934,0.954165198443236,0.8508136284575036,0.8311586695140905,0.9614516558020731,0.978232260579679,0.9476652636782216,111.44887271839696,36.59908407903771,-5.992409936491892
0.4551553275562084,0.9756868184081045,0.708843556434664,0.8550868621678832,0.0225600646062626,0.7644265279143817,0.4556941165272625,153.0529677510097,79.83221351832684,-1.2924461219515813
0.5887197447888268,0.7291436250542059,0.8540617659844761,0.8750074598806452,0.7480038083936307,0.8877436703207362,0.8986428672239636,135.51051256723582,69.62110514653537,-6.341853875498231
0.7298529201763535,0.9663136368577552,0.8749938739303176,0.924473975535482,0.6382586494236385,0.5894037559199903,0.5214320803771537,146.7561592210552,22.19828438870466,0.16996535795187762
0.5987105573402857,0.5090769106438332,0.8051157292931439,0.8589868901801898,0.0290503166992254,0.7269936225166734,0.3753124253604915,142.34897068955692,78.85778191735793,3.644528483634616
0.6490343899800782,0.9291041875032416,0.7752782026943507,0.6887627786254908,0.9125389485826428,0.9283491271223492,0.7069101118552026,123.76249238395064,79.69252444024062,-7.649199864221307
0.8776995495479171,0.4228232548273475,0.5723171269984193,0.8732117382178128,0.1389151703066983,0.8773129190194648,0.423807951666279,140.32744300534648,82.9812415037913,0.8082376564371354
0.7722276694881952,0.4286873042258002,0.6689247611068322,0.9762097274677088,0.827447396782632,0.6206714090848661,0.8335187555812201,147.48324932687973,-21.421229231911397,-1.9743461060378538
0.5566007546142222,0.4743271907715266,0.9406798114700974,0.9982817869504576,0.188494981091221,0.8082799885490857,0.4655425708520282,142.82278331552334,78.01390264793919,2.5820353933426627
0.6477449253718548,0.9763650009539336,0.9465202820061392,0.7692922062915759,0.4289261624741992,0.7143382257165021,0.3852081995784155,142.6224576033301,56.52322608637033,0.8265674418528555
0.7465757848864619,0.8315590391323741,0.6463855373577823,0.6978213754817346,0.5137673728139436,0.8786144441229489,0.970792922528792,150.392237967903,60.5705296739212,-6.355543929704602
0.7214405203813862,0.5145189245706684,0.6676189743304094,0.9930127540098392,0.5540653339757657,0.9364165890778756,0.7032212869197437,162.01121771018146,105.00454230549664,-4.759014494072293
0.842991174846338,0.5119595979460482,0.7941234528584143,0.9660997258249238,0.0680256885044699,0.9678548777155372,0.5714037901631357,141.56594261562495,68.59210902484918,1.3803522321029082
0.7172818317299814,0.8404884027180657,0.9071530053595764,0.8004829973128978,0.3301506240903724,0.8422788797944946,0.9022966365187112,144.59981799929898,51.723064824240254,-1.992227393047467
0.7192629924933869,0.4469660643336949,0.8014488973975429,0.7399926567291188,0.0313742354169586,0.8487635386581328,0.6373287102645537,141.9583842960816,78.82332528418456,4.015416998274649
0.982642659317515,0.7047129954702734,0.8038460740747546,0.9449721960877382,0.9962674050151912,0.7753740885606443,0.6251886992165202,132.76016677480666,4.471396693008153,-2.86984095443085
0.6448021117642467,0.3680030945446482,0.6726105546806213,0.6896436753226841,0.4462577932246198,0.8195652820873142,0.7308867779485133,160.04006098320878,76.40770043377978,-1.0152938760252535
0.9908436593862404,0.8697181577163073,0.8413179111718545,0.9786751687793068,0.5412061330620243,0.9524835339771252,0.7399984316165673,143.6824344906115,41.18634374662609,-3.1140125126126126
0.8947905361321425,0.5365460123247002,0.5938878709756241,0.9269524956140432,0.0658311213301719,0.6770997420337889,0.3977126818945345,135.66121041920113,58.84614450378914,1.8621758138594675
0.6974050441256232,0.6282326667780513,0.9308117558979307,0.7237630863004331,0.0068734918907884,0.5953464058634653,0.8515082950943604,136.0772343174617,31.624471497141364,2.887031966241321
0.4974511675150168,0.3603347324739588,0.784830207803903,0.9039612482381146,0.313876315673153,0.6880443178631621,0.7529021957118444,145.6504851078921,60.89914739059682,2.252166575821573
0.5111974902059558,0.4046307369816708,0.5629430183736939,0.976319227958636,0.0023512065998202,0.8630912252915989,0.3625960200608165,148.43213859902772,109.43479596724706,0.07995591924243928
0.6350029738036667,0.4280133247267561,0.5327475021687794,0.858061318381942,0.6030880921390691,0.7487013573197825,0.4416451687700131,165.57301299316623,96.68138585446248,-0.0659689848109537
0.7611726679556963,0.4077490583833936,0.5743416483928399,0.7256177575159775,0.5504620247979345,0.7877468272089722,0.9653010029498874,152.92416994579068,26.699960245183505,-2.0373899028903635
0.6963136544665478,0.525798556576248,0.9595015544039596,0.754554356491934,0.3737979383841856,0.9578726088614036,0.9670846596777894,141.15262489217525,94.59276557924377,-1.590932051507368
0.7287653943796191,0.773966950149434,0.6754603272125208,0.912864940089596,0.1442025305285693,0.8135433892778888,0.3413119306437078,154.77653588010284,84.0172642798412,0.5837851188183121
0.61999647571417,0.8590782785892963,0.7317021253236331,0.791681911290261,0.5780493922169189,0.752122136696049,0.9322610400183828,147.84569344245065,15.706600695691918,-3.709546971629659
0.7316681237879593,0.6545422607184364,0.8695976086415782,0.9322697268617364,0.0384113912798112,0.7002382534478924,0.5996435328179088,142.98685588738564,55.07164136052257,3.0365649168935738
0.5232550115584798,0.4811258372166249,0.9852555782055958,0.7928957459844739,0.5024163214713556,0.7450607082543632,0.8385176755716442,141.77612442978858,56.63836442354455,-0.004601942147071103
0.7615372726263285,0.6294816202012516,0.6462200233472064,0.8759281742787908,0.5620908293625235,0.9687782189522464,0.4295398389408307,162.34032596792207,127.61846601374951,-4.198451329004741
0.6640284537166969,0.644913343948309,0.6473871693453906,0.8816191372825146,0.3445679435788256,0.5942610271336095,0.9723004714444636,149.38946284761144,11.915014755871681,-1.1735720500171818
0.7220717490925659,0.9426908424793824,0.5577325409780945,0.731717971156304,0.7326310886379771,0.9308873932771838,0.5352793824360716,141.19566472217113,96.92046012017691,-4.64973136940187
0.7630075748031,0.5177442133191731,0.5877316876213977,0.9860338202200004,0.976000484759856,0.7974865407147796,0.5716030271402491,143.36617548071362,87.28744769914276,-6.4438181647842026
0.5310271335444812,0.5229424996512303,0.8509168953599591,0.8800426031405196,0.5685769833396648,0.94232341018638,0.732034312810007,155.85006543089213,118.11314678041688,-4.2599420194518345
0.904102194591272,0.7582767514444699,0.5138587220510255,0.9547409652990708,0.4825278817757106,0.7810109025293744,0.3307074481969721,145.78614660787113,39.5082634984105,-0.3881036540658598
0.8048125366244212,0.6181015463145358,0.754575670725389,0.8747628693878964,0.699585476698029,0.6095680329528734,0.7661414779353766,148.55324542716244,-35.42701614934417,-2.356265621408524
0.774746300908081,0.9344703076753296,0.8302738369176194,0.6992660893351124,0.0235764305552012,0.8862160833336945,0.907707025717058,146.71807144790762,70.63107669819072,0.7823685876046009
0.7011880730648581,0.76673307440034,0.5425296716715627,0.8640270707822322,0.5650115279911097,0.7368861271875013,0.5947662802291012,157.32288451433894,42.2492117734469,-2.1950208506713755
0.5779289497339494,0.3926715931605615,0.8667839078238021,0.6746720312488208,0.1160757940187716,0.9347373659142358,0.4566085201120263,145.85678193709288,82.90023312736602,2.7508529060528444
0.603990521566642,0.4966338112068296,0.5536659309016967,0.9356758795030002,0.7942448138985672,0.7128543202349626,0.4771163916681752,159.1838488108733,90.86419428633883,-1.1970702274729301
0.5798599305981249,0.4900842261955749,0.7185560376392557,0.8179739921920419,0.1668843893737668,0.5910120703142308,0.4075184560618426,149.80735139566247,86.80109588905589,2.7323613626641023
0.7513186409268915,0.4090691418453933,0.8082724364318322,0.6935035055042915,0.0738679718887628,0.8323258739606134,0.6782245696430269,141.17486249203827,64.44449608517867,3.661978235101098
0.4714610449766584,0.7457169201572671,0.5548460485401517,0.8657871610176187,0.0949209095334825,0.587909179698228,0.3840393791899552,154.2272059504611,72.94328001815619,-1.1659551542455773
0.8765878826272732,0.872439098469364,0.8675862162312803,0.8569980947968191,0.2960452735357148,0.8299045106498204,0.6658061928798535,153.28165918540154,39.57663322307704,1.2867132094748928
0.6834235761548995,0.4427479315377135,0.7284346651939665,0.7274258270366406,0.4977791736707589,0.7145946874373504,0.8575141403795016,154.34458492535114,21.583274716278567,0.7387167738985903
0.954217485626313,0.7323089754604102,0.9738876491889148,0.9458625914984288,0.5037988894080094,0.7821413773900313,0.8171615901661436,144.59901534194773,-13.847104115982688,-0.9777555800086859
0.4565667249499505,0.7465575939856552,0.8309179200878355,0.8809571198039476,0.7211571562264802,0.9816323114754896,0.4974179477473716,152.7045728837357,118.44250681580705,-6.308709241978461
0.660022832374852,0.4129580225554979,0.6080003221760936,0.9103621045467412,0.8336469137644897,0.9024869080422138,0.7156118767281119,158.59368065870626,114.14877589208648,-6.2957009774252075
0.8108900904369025,0.7610835465410135,0.8903242461285383,0.7994927085280835,0.5684494298515217,0.8142384114044966,0.7266125954602674,150.77544233158557,25.30718379918692,-2.0467939852282506
0.4859271571991923,0.411759152739269,0.6466698399239672,0.9220991339364324,0.282726309118832,0.8019680844254288,0.6061129149895392,156.79707746839586,104.64386835856817,-1.847879983731747
0.541185279003074,0.6663680695575969,0.5752262701307742,0.7030872547983303,0.3067399706570953,0.7935481247457241,0.47852372600181,160.94270858859184,83.79601475260908,-3.7582834911037
0.6578909408492809,0.426240927226661,0.7519580991200863,0.9390176064756638,0.3832033771871562,0.7788737849091106,0.7201352910524418,156.332622660302,72.78323643891554,-0.17814901900357882
0.7969110883107933,0.6520913961278783,0.7472167219212555,0.9692613612097872,0.2430670971652028,0.9033960450232988,0.3282180369032121,158.89512689795035,90.60151819354896,-1.330567328272051
0.4657051857555191,0.4595208556646027,0.5076190790687946,0.787878360008328,0.3518765415250527,0.9361404770452773,0.7902500685220577,152.28116245633544,123.1467902025606,-5.167167999954199
0.8725567678914354,0.8226830133199163,0.9923663300509644,0.7188183048003178,0.669131875228953,0.6641280208497677,0.9651188022044288,138.97867519337157,-59.43049412378328,-2.028703212282082
0.8985423841945266,0.3714405651854596,0.9306568584130844,0.978306452149766,0.1467969665354596,0.8352547269414679,0.7489162350135491,139.14671453566834,47.63498174420137,2.6460476290059227
0.7428530131524613,0.5526786690252722,0.8451331675185445,0.8913168136481614,0.1826484608366652,0.6739323371292618,0.5123100679692948,149.17841819486986,64.78013316635766,2.036797126605532
0.9589263174282748,0.641250208857572,0.6821375113988671,0.7843972164548951,0.9459049129731908,0.6747332728401657,0.3329074660330735,136.88154406572178,51.617527650367315,-0.2805298101293128
0.8510280350737582,0.5073314153556052,0.6414269946320329,0.9729372620986652,0.256795523326728,0.6322636619285329,0.7672116784634546,139.50896253097406,6.658976374934674,0.9413700811786279
0.930394418452583,0.5416583409996443,0.966531584979072,0.8031901300398997,0.8809839275892877,0.867040977740269,0.643955939154933,149.00810874472074,49.686463909937096,-0.5347854147987263
0.9478404806388346,0.7531801093317867,0.8498559418834578,0.8320070971225106,0.008095481118063,0.5759602673937719,0.4583907017484841,145.1059104474227,54.49302373428732,2.260917954185633
0.7782829449284723,0.7168127513163284,0.8565291985398007,0.7897425719201778,0.6623254755420315,0.6721411898007073,0.6217879347065971,154.37598583060847,16.27855533606352,-0.42416628832016756
0.6625369442865693,0.906817059193474,0.6409943048364258,0.84663922957167,0.5408082392168485,0.6018913551992746,0.7416256575978271,149.40160585610138,-7.293569032246211,-2.422677325757361
0.6067409959902339,0.8669667060343089,0.5376764882129105,0.9004276602764838,0.5867161576301383,0.6845270123411433,0.780695872736558,147.02870946298114,-26.20646638274941,-3.953074646761029
0.8067011399358306,0.4102447686729796,0.96628923852737,0.92586543357615,0.246153783927076,0.66700659463734,0.6251087955232157,148.02515244457598,42.26723660180933,2.829425526444994
0.8692703150238038,0.9492681024202048,0.566306933427706,0.7569552533520515,0.9242266862437064,0.8778388183933896,0.551443542883041,114.7684117488054,48.752606231952974,-4.42116613759033
0.9352977255645266,0.534430946689245,0.6459165499544219,0.8791030959861328,0.0987889233650048,0.9701866537366556,0.4956634702020647,142.1778385144157,68.70133772312687,0.4311860665072338
0.8714053383057804,0.8803503626193834,0.8274106555564722,0.7381739639072702,0.2828866002573345,0.7862205951427464,0.6082198979139037,149.94598495185255,27.837311174735884,1.7165421477994611
0.9374388598073864,0.5762308398061837,0.8315740215345182,0.8044910934657071,0.946650092461425,0.7900381178965952,0.6110329988944718,140.3528580756587,25.969895370219717,-2.2466447520817274
0.8085474241586301,0.6740187520925858,0.6214907141717629,0.9291211882712468,0.6506915466000943,0.6500159821866459,0.5639390870316532,154.42765835051515,33.3265516732323,-1.0379828016566275
0.6636031178912564,0.4803797901315517,0.53345589054403,0.6908416414036537,0.2781691275218628,0.714838747293723,0.8744272105087327,149.93038458717962,24.624617445354286,1.6727148288480396
0.4564898070286173,0.4226827374157048,0.615222952740175,0.8684859757899991,0.2446013076983088,0.6800143345447361,0.7544212420665812,150.36485462036063,71.22584772751102,0.8979867352464863
0.7960074761141538,0.3696146225126042,0.6174075072561442,0.9064270108609872,0.8632887947979111,0.7439054707593176,0.7369287265881299,151.0199250526289,18.0572785507861,-2.806157082749408
0.6529524250933023,0.829775994951186,0.6041841379819437,0.7739037930244417,0.0676851526260682,0.5778567574709468,0.9891100610498448,148.75391281439434,16.18862076688972,2.8442216046305058
0.9873313346057162,0.4841032999860129,0.5274978876379289,0.894396848564537,0.0766067388017631,0.6593237220278185,0.8935332794463046,128.27148569503436,5.1972413583798485,5.070116579051718
0.5857238281404468,0.8145585883984039,0.5294576820949808,0.9545795372759188,0.5993427529442629,0.8264675117586117,0.6843095417042081,152.68581677926448,80.44260619621,-7.432913619848818
0.815257059780236,0.401453743107844,0.5387487658596728,0.7874708241518564,0.3497618574564838,0.9774737131061856,0.4059685337894132,154.39091934418187,98.61301535953777,-0.8325364338592074
0.6720609267240967,0.9600253937456296,0.8118872808814339,0.9978580502154322,0.9877109131242432,0.7896485367834,0.9121747043118408,111.17910270469339,-24.376650740821148,-7.199076376703743
0.9432332597810296,0.8928088921743953,0.8253631317847108,0.7084577412480719,0.578255381266347,0.9905390817796852,0.627345369855167,143.77370030995198,62.462843499796755,-3.052450908796734
0.7188709794765191,0.9572510456036576,0.9335656545640464,0.9001134648039487,0.1175433169023254,0.5845875296893638,0.5250441527034451,146.20034198221032,50.869331404568236,1.7999479823224265
0.697777518557487,0.375485347046206,0.8596938333126457,0.7871930054409464,0.8336327777894668,0.8701843958665805,0.4724168759590393,154.23150968579802,107.7730883391427,1.2562500885949315
0.9006027590845477,0.911645083533317,0.7389145537596843,0.8937839791746187,0.519595759863415,0.967593923533332,0.7417713391597285,145.05972006622613,50.30848368958201,-3.9956551909464966
0.4629171979680963,0.5118584779427651,0.6963616778027941,0.929005188800252,0.7681792346717972,0.6385530385571371,0.7197273360994607,155.50471270087309,54.50070051792831,-2.1024918078992423
0.7946551184547601,0.6884487894417839,0.8922039102976111,0.9093396848465878,0.1528419796590225,0.701125442636211,0.5325985235089393,148.0948090909914,49.029424678925686,1.394661806663764
0.4522042019877565,0.5101555481995358,0.7645299353816972,0.7760115388635054,0.3498084524097956,0.8587752593851661,0.6026561889076882,159.8515760282548,118.1300981119468,-1.434907892662283
0.7642287744821447,0.8976223560156533,0.9158703621253076,0.9168708485622504,0.0664006560810226,0.9817510768404156,0.8848006002620507,138.4590101023538,89.09199037695421,0.3177514218821742
0.8027086852837603,0.5347327204521019,0.5378517331649093,0.9386342036610223,0.7669933553430379,0.9343612102346824,0.4024603521751482,156.81024500501806,104.94879621830881,-3.885730058269155
0.8217366428545083,0.4262880054121852,0.8211372254228778,0.7059602134719092,0.8881908365298455,0.6961601973474512,0.9273410252202282,145.06664753406005,-42.11529497806278,-0.5136009040612495
0.9442440895387462,0.8709721393761536,0.5490455126729614,0.9403551088818152,0.4792971599196525,0.8128547840965358,0.886766233902134,139.33473228417975,-17.99669439825297,-1.4861761221624274
0.6516258042877262,0.9114735381706678,0.9660808204365376,0.9587584680749038,0.2672046043366411,0.8051108989467475,0.419688470754234,150.9368404476777,83.99006963263182,0.19794511330489883
0.5148029928219013,0.9184231046219646,0.8928405170539588,0.8758838920289433,0.1440631332492616,0.6107523530610699,0.6434851849828389,147.37432301319515,50.181386018501755,0.3959691755100456
0.8068109041472937,0.8138555240149721,0.5397212257642602,0.8277569958116637,0.5665744460026153,0.6172235858906406,0.5374885237978604,146.11070933108311,22.817081691970838,0.7382956383345243
0.6436658790234995,0.4282538887509002,0.6609761955210998,0.9260128776360768,0.1768786837196436,0.6930537883726353,0.6298576489811728,148.5822276082402,70.8559371846818,3.2108361182168252
0.5193521991494441,0.60865181556177,0.7293874838411923,0.863166583650415,0.5336958899609964,0.635022386961514,0.3421181230585076,164.54709644085335,89.9986454912737,-0.13678196265524356
0.4671344619779989,0.6369463107886078,0.5338576765806858,0.7030614945068655,0.291964270494289,0.849782285734547,0.5135897499334344,163.34493968694866,108.745347567323,-4.6980903913739525
0.5707181100490804,0.7813179205817682,0.6376401312006335,0.6889350602983617,0.2189313776141378,0.7146618396693795,0.9671973521284886,152.27592128358833,17.312590749190264,-1.8206995052145016
0.6576752212468363,0.7572091444773623,0.8215070848336417,0.7700726888380475,0.8997229633231448,0.9404625193303962,0.6758333337077086,131.6157324515876,93.15109248001305,-4.009030895266855
0.8143946241787988,0.7631510892508087,0.6694810686479519,0.977280745507356,0.1411260344175069,0.7772342300177272,0.6232911644528847,148.8481141725612,46.57467407794883,0.6073152309343328
0.6109041070423735,0.5232977335508668,0.787192282867346,0.6907674633727459,0.5969870417237158,0.92311432639306,0.886272636854993,152.1192122481257,103.84020846559893,-4.717666529005625
0.7518319479735215,0.4924603973017336,0.5634137175427237,0.7001192585344624,0.3237359978879886,0.6004065209700395,0.8603448963856024,148.9076734017964,-1.6373659600134118,2.3457516893240284
0.8320496538864569,0.5763178575706788,0.7612567366565549,0.8631737587082998,0.757205873255418,0.988677719308988,0.8659423962207559,144.84316036572653,29.77447810806042,-5.906887157855293
0.6384829453934624,0.6468967120163459,0.7446215176302158,0.7847107647988177,0.2031042047136629,0.6458665286402131,0.6952963001097372,151.16699951665512,49.621346416225975,1.1239665819029394
0.5529103699185116,0.743893740631503,0.7908873571112349,0.6900812058071616,0.9545464498248554,0.6530726455376745,0.9913898048998578,127.69078661649786,-19.056910304006976,-6.0216816112089475
0.8731769741876503,0.8667602176144293,0.8276991940284347,0.7563416279989047,0.7567090836799697,0.9861590824373576,0.6400065690553858,136.04625549579725,55.94633416147406,-3.2501578844553247
0.4960788103868472,0.7610203142441139,0.8864719230496962,0.7491212720020535,0.0608680949881675,0.5935213295602417,0.5652237407825318,142.78560330253228,53.050841079898035,1.6747658007577364
0.9606837882731428,0.900319968385882,0.8444107290715224,0.9951854168640286,0.5080891959892442,0.7899629148433811,0.8292663239904052,140.07347951561354,-19.3166918507781,-1.3706935089803363
0.4670017092670591,0.633068246232701,0.7369237969594238,0.7062935575114656,0.1122632483310025,0.9243760510678892,0.7132092206082448,151.06338585061098,109.2099210993731,-3.3053665195394704
0.8565364762936061,0.9180708812502736,0.8301024708891613,0.7730671420564825,0.459464392204857,0.91158558824734,0.646268739024533,148.78472203188784,55.574933082627695,-1.0286687942520865
0.6229135642199904,0.5108167297100057,0.7779734571601676,0.9525356305132002,0.3413499035635295,0.6249731156961533,0.7559325717496718,146.72782661993432,33.62568731113033,1.2815701182136312
0.6148487885308997,0.4075343176842674,0.8976184039683607,0.6822372311250783,0.8565197792849846,0.685172527078562,0.9374178558018194,147.04343852370945,4.304785217007357,-0.4084386147691488
0.8955910607768919,0.8042341260812365,0.9683782563184464,0.8416609997447899,0.1557061893942657,0.8755671706563358,0.5088576576011403,149.30582551713385,71.53060444496386,1.9721914108843661
0.7735206634591125,0.5598844426757277,0.605284077297094,0.9943099279347384,0.6251073028954258,0.9886676280316044,0.9621418052013284,150.16498482910157,82.62875187505001,-9.62910531645167
0.4656414313463191,0.3750908906341363,0.7944001307365504,0.6795298181878352,0.9866421003663106,0.6512750240977426,0.726367858389543,145.28659649571128,48.78898693042146,-1.6887062730905205
0.8756159125995859,0.9440323911866656,0.5250083461892905,0.6872144065145223,0.7758380765083125,0.6177014510139975,0.3836883577265944,126.77460402904337,8.443100069396664,2.099865028356683
0.7948561556167666,0.7940248836421211,0.5263087479518,0.9953848684829428,0.1268868090588343,0.9889979469521264,0.9589391969059594,150.23028843217764,77.16555954493982,-2.1399205713303107
0.6896607525438918,0.783835316211138,0.840481186546571,0.7490829416998501,0.4383896566543929,0.6522630670813976,0.6699489323344877,150.45015015664083,27.441569020129062,0.6025325291038461
0.6245012112459851,0.9624813856442852,0.9312903767720822,0.9676969187137966,0.2917760164687237,0.8639067118481831,0.4048465296378131,150.5085561756686,109.7127210598419,-0.2194716394536802
0.7015090370588317,0.6730055053117998,0.7867729999643543,0.7345409133308443,0.99252219141974,0.7211275809515869,0.5842199334624917,135.86903526880144,41.44665683467922,-2.2604010622354407
0.7138455539869432,0.6563257141864558,0.6821283611278438,0.965433014480348,0.9499315016185012,0.8454284944617625,0.6114864731118829,141.45513509920173,87.16061665075982,-6.2260180759297885
0.6858939652779741,0.5011751492401062,0.6167319362284909,0.9990286501988304,0.4006173546912537,0.9417621358110946,0.7533937632414577,156.82545150046215,111.02316051677917,-4.156403914375735
0.6758570341221888,0.9734861954474217,0.6214186812448124,0.8054334494720361,0.6498145488229562,0.7494203491965205,0.7183801596933541,144.09097656950019,20.132119933041785,-5.658894913985663
0.9629414508927971,0.9833362521524632,0.8584248733099753,0.9166346198489042,0.0432147856274177,0.7463438591563953,0.3726530114295342,148.94126259302647,58.96511685101265,2.4071129925722894
0.5288547258424927,0.4173306989130977,0.7736754198647655,0.7137278169321232,0.1807528454799602,0.8382617161827832,0.9163207513495712,142.66604104630676,97.21591829863695,0.47290952938950337
0.6094054353014765,0.8262932133232697,0.7766772048912073,0.8974903800415613,0.742064570834949,0.6662775570023465,0.8600348299118081,132.5112890631191,-38.61642882661812,-3.422514144946215
0.8058751919927365,0.3649819711750873,0.6072839445949212,0.6975039340787033,0.1231414139472645,0.8676930658996385,0.9699339127331076,142.96056241947232,64.8738510109531,2.9896277333241983
0.7541032999593336,0.5283538283644601,0.7695047622980753,0.9391588044996132,0.1582158846809192,0.790327327631539,0.9559533627419974,141.3384466626701,56.489749064013544,0.11058181598267014
0.7944627487431729,0.8356402042785012,0.7727032037879774,0.854150468153055,0.8190907971109076,0.8030694871796152,0.6294226157737584,137.57507953241588,17.414079876882234,-1.4591024931402101
0.6429279588008692,0.6625480460472246,0.6754123394320886,0.9845107379235152,0.7463102226908339,0.6019734112250084,0.4434815716604614,157.32123486585633,69.90967241356756,-0.8124018560258401
0.8326629933387194,0.5433818561532711,0.6932227086196503,0.7028580999822989,0.5641649882672541,0.7908803830131352,0.4376066417174032,160.05032843916254,52.35365101966029,0.6205939128460192
0.5224020132570275,0.7937092135741308,0.5946379227459682,0.9077193889455466,0.9245326121624238,0.921274541261075,0.7577264042432448,127.68198213022639,102.94028209594303,-13.456693576334278
0.793721929766063,0.5057172773166104,0.5159444647858852,0.8396690555819046,0.4862749530424195,0.7551030447944319,0.3299282209095285,156.8313439269237,71.95725173326647,0.9291874782652809
0.5047662658719088,0.5284081449447848,0.7452090112915557,0.8292309868351797,0.7463031517450783,0.8955931055087907,0.7897529176663172,151.66300552628803,108.51727384419858,-7.542880657036509
0.6527904799090832,0.4723379166948077,0.7701539475102425,0.8968931692996729,0.3783084192031021,0.81642046303388,0.4696692787429203,160.62314055750178,87.05932805350068,1.1785033060987566
0.5534029746534307,0.6355839340348522,0.5401361575204554,0.8934381723334501,0.3667437996561216,0.9778028532774938,0.7902700747231326,154.48478806079743,127.33539252765885,-8.918715529042966
0.5960125819277982,0.8715882817056597,0.844328708694749,0.7758991260716616,0.5395030762184148,0.908336985168049,0.8988045602935136,144.07789173958247,92.65859140217007,-6.033310087278492
0.5459916293750036,0.4301773942578003,0.5233825930001187,0.6825177170909286,0.0762653346959129,0.744038761623813,0.9898564315806532,140.35285063764982,67.41332116067213,3.9409372830146054
0.9539302379059208,0.4435087801366395,0.5125355741150311,0.788815870405086,0.7729320364445642,0.6909638711040496,0.3477304170938208,146.773969217304,44.685842152263426,1.140803579405349
0.7014148064537922,0.936623822721922,0.6734641735444832,0.6785610660610639,0.6784915241275433,0.7021154796573246,0.947500240934136,141.32122625634116,-54.99396021412532,-3.948792057839003
0.8009132098425717,0.5806686964877399,0.5563804923701046,0.946159797299068,0.2317795343436728,0.6652289494798322,0.8131439916241091,143.40898466910886,-6.697564037939557,0.9414138443472546
0.6459007160029937,0.4763443444833552,0.5294113939266868,0.7953819966631837,0.2285132001795916,0.7528422266820223,0.9266031254433288,145.56515679206106,64.34380768740364,1.353957219542289
0.9712025470404886,0.7598766284811067,0.6822802756246718,0.8434464019846702,0.3874814431214984,0.8132859394501668,0.8014610604991624,147.3452329597055,-0.5077520978133663,-0.6270673565327134
0.7565031770949963,0.710658397955533,0.5835926960303011,0.674735256568699,0.2029498242847658,0.6277593783144406,0.4495274982237673,148.30093691055663,56.760087157329025,0.9954468848016313
0.9302674579842728,0.7273751219042688,0.7529832907336755,0.7926716914487992,0.7348880220980282,0.9078043000672642,0.8807742481175872,137.1951638344445,7.276671813046036,-4.427077242342591
0.5557851593183061,0.8313231599101654,0.7643491378647438,0.7985901479755454,0.1411952680733806,0.8728483133255169,0.9401387485200162,151.29822678720512,104.64516886697947,-3.958680728940447
0.465046904789776,0.6881031720437507,0.6784611400398273,0.7163703457106281,0.8586055064645449,0.8598686695631546,0.3746806137098983,156.9930465579679,133.82767185398893,-5.049097051177229
0.5716617514652302,0.4224380996380656,0.7911734905407735,0.7703146987187287,0.3980950463944252,0.6954742618376516,0.7829739888623692,148.07141043086472,28.306013578472847,2.140820594053226
0.8376077679031795,0.3919517254219318,0.8856123417534668,0.6849458853490163,0.7331765377925766,0.7425208753822443,0.647130762414949,155.856935060251,18.714884784710357,0.04241819868155794
0.6218931684993468,0.399111686437765,0.5426803212868145,0.919695164269586,0.6712265272544415,0.8505459124899779,0.3478448123782861,167.8226896415591,123.94441332646959,-2.132320607512206
0.9858826315783122,0.740374598305618,0.7750951425075387,0.7601642034836502,0.5385304227144001,0.8415486084732974,0.4441021718551458,151.2297105875701,57.59977995344082,0.8706408490457371
0.821033029159896,0.620999866875499,0.9396306256171733,0.7798494894236025,0.3985332112525837,0.8542801701036296,0.6829980504164151,152.8409256215628,65.37404275876105,-0.05729001422033875
0.8457727570082629,0.424419424299448,0.9825905737638114,0.7404062137728302,0.2717389691342394,0.7540713854723677,0.9482016293792191,142.1076967544028,12.786865239448062,2.1758285842279297
0.5314761313753397,0.5765485315419993,0.5764928707364797,0.8633228488008966,0.1311584925588798,0.6557622128903977,0.913961559461894,143.702852485746,61.88071036078063,0.4098100404508842
0.5545647609924443,0.4034570467537856,0.8612972579264923,0.7380087834660711,0.6810512825941241,0.5900602559495449,0.8833929496041071,149.40974729037745,20.33001465852674,-0.07666834214421292
0.4895250645105496,0.8729491187439502,0.8647906318293885,0.8623644370341419,0.423364831200985,0.7208561800164273,0.396479555085321,152.18937077801422,60.73416890418767,-1.4167888160919722
0.7021945460463614,0.5049599550849382,0.8790253939750121,0.8292388999644692,0.2542489025598302,0.6232429030667564,0.971666212967264,143.73460333881778,21.551024974111925,2.1826596338866353
0.4749977884681988,0.8513514186996975,0.7187346972510895,0.809011028555512,0.2538975128859955,0.9872678442126468,0.4934105735619448,160.20956283272255,121.31911141800674,-6.155517258799966
0.8901573370187169,0.6068272275086993,0.7843729074288741,0.9369988524247408,0.1824662941622808,0.9837082062310948,0.5502558279887603,150.18697199467968,77.1702227384021,-0.2692132090870276
0.5036435095581115,0.3742825061009363,0.7479396999978518,0.713820618660038,0.0123393897963689,0.7961153629180593,0.6580361838548364,142.69873845053323,94.24854499455418,3.431866412570278
0.8400574343851885,0.4486173334632497,0.5754405493021099,0.890365594147865,0.5703204832513805,0.9600976014520856,0.9424877889147972,145.90633379660716,54.16625843234156,-3.6156579663419364
0.9833496890878318,0.549162308604294,0.553391292003064,0.9232904745396296,0.8007048180524428,0.6534942603339318,0.9379697743751546,139.7467181384659,-73.26407341674404,-1.8607077379173609
0.997025091701252,0.7999611646826568,0.7832541201049946,0.683597483391076,0.6018307681583236,0.8603867914148251,0.7124257239463727,142.87474917552183,36.18481135340004,-3.472760489135695
0.9289836601206096,0.9440315051292418,0.836904522543113,0.9679321398011874,0.0738204781929835,0.7195849688470103,0.9472275654781708,144.94362078861596,13.904786133029972,2.536420187453652
0.9878058601557322,0.6032977894208502,0.8115837528242336,0.6806659112893684,0.3613793460351084,0.7009298548883065,0.3433025884940963,157.54128413960115,53.616717060679825,1.3027462296479722
0.8287725281195683,0.7052142929177525,0.8846064667780862,0.7876816997692611,0.4568104668556762,0.7926562879534111,0.563716872789875,153.92248807253472,38.357198895844284,0.5328315384044522
0.5230330612830005,0.7401389631533126,0.5849344819228166,0.9696842780973248,0.925147914636516,0.9622382635931136,0.3246348192900322,140.99786567324708,144.5318487664631,-9.053704982016237
0.6940809987701155,0.9040723728070332,0.9959116204331284,0.8834808023435827,0.4133244189958567,0.786121264696442,0.7507637621150305,135.64675992396965,26.018579462285214,-0.42285836696347023
0.7188321787385703,0.8702079589519887,0.8432998725002574,0.6869633794791635,0.7176134168792474,0.9704334078573382,0.421830980633061,142.5480457729978,116.43103019497737,-1.9042338921058477
0.93261828721633,0.5251963342719493,0.8450373628118084,0.939755871143876,0.1909217361343428,0.6553468242398468,0.5932956086806667,149.52416576701646,45.932398097678856,2.3333473899442576
0.8480632647907309,0.8435022210180212,0.569612127290458,0.8024378548212173,0.0427021694264341,0.8484375683245517,0.384235463680794,140.5586239290133,80.88031397846407,1.7871078963730551
0.5668129877815116,0.5139761377182613,0.9549887305628916,0.9578349468747404,0.8822827734499158,0.912711590504504,0.9043329458126907,135.2155645918873,82.5246363156002,-4.559829508113983
0.961976142744466,0.9909563607546372,0.6862845256670356,0.8304378879838527,0.2082752882802408,0.6136776776002865,0.3541464584447801,144.27904835562347,48.5372148874841,1.4363058240183761
0.9720368521037142,0.8226864746558926,0.7415376689955339,0.8269417081043002,0.3796484224856349,0.7814422005440672,0.971075468431547,147.5289454700371,-10.848173850502441,0.3120097952427583
0.6667034300433216,0.9265835187186692,0.9014516764614334,0.7887529133002271,0.8654004006907297,0.8918922343088225,0.6693348568630832,130.0533212013013,81.62440326701949,-3.6107664388795273
0.7925302426052031,0.8410849222727914,0.7744974685865021,0.7859092842638505,0.8331852834244162,0.7867955385639607,0.7536974254561235,132.38571726130567,-16.2918137549252,-2.7851421930285327
0.5151022193332577,0.8476956287508868,0.8867305096013857,0.8863960680013846,0.3079913172750343,0.8473710264487873,0.767937982637384,147.4778390279152,103.74388810664604,-5.05060435997116
0.8315131093833363,0.8858671652141463,0.6454633683753521,0.7181917858353191,0.6455298825412421,0.8939566564372072,0.9791252319497256,139.42284763384066,17.732345993945557,-5.363977938198484
0.5827856974244253,0.764826670511263,0.7623113499219241,0.8357018750364918,0.4248442375762404,0.9193258566072792,0.9069802932739456,153.46774094365446,96.63597328187038,-5.201766398058499
0.9435989391503729,0.6507546090445138,0.9636208438430112,0.6870236126167985,0.9544800665998688,0.7267820175964518,0.388495871492547,142.79497345821582,56.85924641663923,-0.4001381320287336
0.8167831520018093,0.4929635942535604,0.6284694217141362,0.9339970889650704,0.0569472659779017,0.6304710536401388,0.6812371817290512,137.46465412086718,50.59859775065513,3.0715986221963876
0.6322558411426741,0.4041996726998917,0.9961907809191988,0.7590086942689483,0.8376316442748919,0.9457069422931847,0.8295039237196571,135.85381609641337,78.31905386346422,-2.3950996730632763
0.6147382421875205,0.677882606241473,0.5982977635100071,0.8222322184894149,0.78564314353125,0.6041359059919279,0.8734188735527634,146.5790009617302,-26.0653507272943,-4.921667280036221
0.7990055885123372,0.4144893486350448,0.6755545425331084,0.7678512665133984,0.4976914829884455,0.6567209152788132,0.8080567775195774,151.779690031927,-17.958205966046265,1.4703045970049673
0.8257288721519258,0.5177967843364242,0.5296938716524001,0.9520211771541078,0.1151769142957427,0.7799755922436784,0.9114194431078422,136.34122993625434,38.331929255738075,3.1330387745354393
0.7299781914940194,0.725867059848069,0.8575628152782548,0.8812566829362705,0.8471380550419462,0.9261952887354205,0.4886634422119367,145.56041744909626,105.70085362540456,-1.2368387708186672
0.5437622764724732,0.5082728590431261,0.9638742123330996,0.8880542214214839,0.2239383472730423,0.7018727358347605,0.6517041182546347,141.4969470000204,66.96860290351003,3.408983280499016
0.8941021655675663,0.6638469947211054,0.6486257043452938,0.948520234357962,0.8097175127226105,0.9823402278056153,0.7871337754679175,141.1433347164854,31.740119000384997,-7.196669138473108
0.6891292871760786,0.3605924131826651,0.5439503806901416,0.96652037963917,0.8039496841279348,0.7377132212054526,0.6635268550807494,155.68248810708505,56.179942267312285,-3.36412895452984
0.6556067234863058,0.4355940320119914,0.7961076528097946,0.7812718671429223,0.6052726102561217,0.8158584848958256,0.8109249159029125,151.39337538146415,57.0949419606136,-1.6006910813483692
0.4510938013454605,0.5375185618277356,0.8370556026772584,0.702131375832126,0.5171811518350942,0.687079785125456,0.8861729135126445,149.86907992760547,40.4481994312551,-1.5673696342717562
0.7726957642413541,0.473188058112026,0.9766312992413438,0.7606672025598273,0.2830509098778015,0.7023906046336793,0.5859140258069007,151.80435800515815,55.5027777118019,2.480264719392047
0.821157555653605,0.6245388164970349,0.6808496523976945,0.987994767914065,0.2338703063263768,0.8605014606289414,0.5842356073685825,156.18395590576992,80.30950549945014,-1.1537684078722164
0.8592527555341922,0.4197039327438481,0.7576902654645776,0.8451542014336588,0.8357549760928745,0.7210013263412363,0.6553930214574109,151.8586088831157,12.94794214273432,0.0066535519399697485
0.8266155375239634,0.5107760639810317,0.8615408108686516,0.8622960597277022,0.3956572449815538,0.7274458369322864,0.9632843244277584,147.49264660343908,-9.21092364061225,1.9579090038761837
0.8786126216764408,0.6470665113192211,0.6060879088135043,0.8944439719014312,0.8818035143957139,0.7822422601818118,0.480002152395877,140.10699517838376,46.74157412393251,-0.9673973954080641
0.9971200475608076,0.633915687646567,0.788149083467893,0.9974511223861104,0.1840589387408318,0.7007963589142255,0.8365258740060173,137.85050738627007,5.343798002456673,0.9378713712255404
0.5816659524585182,0.6996508939680128,0.7367172762172183,0.7758937341722395,0.309178905751525,0.7876984735503826,0.9765267192443858,153.13748985274415,54.03884688707204,-3.0131032599794576
0.6649687809411731,0.4224907456037448,0.5199003539780361,0.8226421991850627,0.0248398044288324,0.9048112011865168,0.4990089616647202,146.21633364130653,94.70913399812517,1.6850378506980377
0.7723386471822824,0.9719887321411828,0.7977116392840011,0.7634714689480961,0.997437547038078,0.9038379291960674,0.4441675229700604,118.37084058542378,95.79337075810204,-2.6497949906998857
0.7288775305236985,0.5274683661943458,0.7552198099613192,0.8950181617162991,0.353109348818793,0.7936123707747784,0.4293831252124336,159.7592720437937,80.7005311917438,0.36469441464203833
0.6817557294304337,0.8482136101081967,0.5263925206385076,0.9656934533719856,0.5733853179267566,0.659689886044684,0.6672216047857512,149.60714635862087,3.20793889102994,-1.9986541545380008
0.8162492451487652,0.5593362204667701,0.5333249967836574,0.9233038194128832,0.045866499870133,0.7819596047411927,0.7581500754609868,138.33393841403424,38.09018761011514,3.5337988520200154
0.4937408658994556,0.7214106519543759,0.7468417442397711,0.8820438535251423,0.6214597917370197,0.8445507272484232,0.3844433957556286,163.13502993984693,113.5699745632923,-4.216304406581615
0.7268016060691891,0.859220612766805,0.7175043324105681,0.7050294848251131,0.3241011562504585,0.8006721267289543,0.3686337533016282,154.95937285605498,68.99263644529435,0.3697151096147
0.6844078327122696,0.7418463672362855,0.7245787616461596,0.7935774459660707,0.7236415556643544,0.7642132453697034,0.3220173800087805,156.69894236732233,88.38592926812859,0.4285103984595633
0.7098044443927755,0.4414895018870703,0.9414205312412584,0.9827604530502028,0.2759178508570368,0.6581410095295579,0.5122939186404737,148.20513793999152,73.44790162414262,1.5595620867424644
0.8546350082309109,0.9689506823691544,0.6394968697217899,0.7986269263733179,0.5607863519920866,0.8453597067226207,0.317487411757074,142.11402483543867,61.81645701989387,0.22922702182394272
0.9242351854695718,0.943330992058244,0.6242860881527778,0.7108760091922032,0.6239090532715604,0.9454759816411956,0.76468976842781,137.57229627730234,19.372492798225856,-4.895762713770743
0.8927809419981207,0.6898250732861119,0.9067416212068816,0.9926324661683452,0.3093779398852278,0.8753240024624571,0.5947327794406565,154.1570788281486,72.15884189786941,0.08603389278460694
0.4425612948337363,0.5023060846641759,0.5870203860489538,0.7237611368056747,0.9024869984058012,0.7537482170253499,0.7853518192944405,148.03993064515356,54.45402066382426,-5.474351046403151
0.8782503887879687,0.9499040206812256,0.6755089565711732,0.8544471026894183,0.241476887370609,0.9818456573423376,0.7703458902019469,147.83996501121237,52.467738743444585,-1.4458880947285733
0.5020125365480897,0.6407813603451902,0.6824167207829575,0.911453230728683,0.6265487415842655,0.8703090243320379,0.8415616403580387,151.09166522876768,107.91842666970074,-9.704294374680087
0.5279760621604643,0.4766742314022897,0.7317561389824607,0.8024564164793617,0.1344322413471436,0.9610549630423084,0.7034605456386545,148.1491921101441,115.80273254440178,-0.7798592220501246
0.9395109147131984,0.5429336758158867,0.6538254894853532,0.6863624033735081,0.0906745529238998,0.9209934873284698,0.3911620757835836,142.90238527361527,69.61631377051788,1.1251622194688844
0.6295435850772749,0.986425446239779,0.726699561387671,0.9164711832124652,0.8386213704772703,0.5955352597152039,0.5328622547262527,136.29617666036756,21.51304232777647,0.26982654753197277
0.973841861979976,0.9193276914481974,0.8050542198646364,0.7457242497399277,0.1189161697976144,0.8752173216332453,0.8393011096646742,148.7360929544732,48.66299171273981,1.2744516311479739
0.669222310942452,0.4825461586123022,0.8443432260762349,0.7877261144496881,0.6948900767328976,0.9741677922053158,0.9274963146895516,146.90043181177722,95.07321476731107,-4.902139106820773
0.5364539131082822,0.7037033325424573,0.7140737929373648,0.8364815456479869,0.9135900079363612,0.6599743463525191,0.3563777738921214,142.8538028185719,95.7433154438726,-1.4703212090824416
0.6652027929941743,0.9715354945420354,0.5459072196439134,0.8283256580253857,0.6042997459179321,0.7314448996417082,0.4704069235661866,146.54470656275373,40.706786586390805,-1.5002171925370378
0.4598351197295723,0.3756100895317162,0.9257434199585736,0.6685278133109671,0.4423166034943994,0.7722017442820142,0.4092832412968255,156.5395159177974,90.44419836071859,2.1366697076439194
0.7543900395762467,0.4026671620744789,0.6811234563965927,0.864187028099112,0.2358816991522533,0.6650587375876862,0.7796320978487568,142.82748450500983,15.958520224354118,2.536109627906652
0.5846170580713332,0.5088418612801154,0.7091243829714695,0.8609587026528673,0.5671770168159146,0.8393990372206532,0.7980574433249408,154.115856906717,78.45447561128088,-3.204522792308315
0.495119478712907,0.9457305284890312,0.7205462523682156,0.7006594291763991,0.90766179268232,0.7108926126540054,0.4654605080650423,127.86780745621056,50.475083958192826,-2.442491218762991
0.7312528433200449,0.4338074631400348,0.6976288498015482,0.9823627084605876,0.6793397288461804,0.7909792013463401,0.6773000210866893,160.60665708459769,63.62420289741347,-3.0542465774321066
0.4455109289755419,0.6909006619937292,0.6763767500561401,0.7752745132767813,0.653736761643728,0.7463195122036591,0.6448652001440971,157.44706909244522,64.64185667452361,-5.2894656990744915
0.6294510091782919,0.3620009125954641,0.8880319293584463,0.7644338498997132,0.3866574676905555,0.8067516428124735,0.9078670733146608,145.08756215804465,53.96407930874542,1.6796049304071485
0.6188994554456726,0.8169676862222721,0.8900393945517637,0.7478502609839488,0.6170782563154736,0.96223945712287,0.5397951945384565,144.5068556027342,114.48619404057897,-3.5791191956278663
0.4362652795354216,0.9496336089435344,0.7940565382120727,0.8291850098464224,0.2978697489016654,0.616778926514385,0.8430737233966562,146.17173660462552,17.612935645547644,-2.6932706782652898
0.8711627626751225,0.875030905232087,0.7029156777367852,0.8478771204755786,0.8782437924799232,0.8840865322987086,0.3840450240344216,131.9875940482998,86.36593726446989,-0.42559841132341836
0.6973713154642524,0.5884909299342388,0.5759660748135409,0.849972599298094,0.7244074982388978,0.7211426564230194,0.8249513333236459,151.2121248006657,1.6849506889632977,-4.528066271778373
0.7946313712668012,0.9391662799176348,0.6526208714287804,0.6843053680520413,0.0158849257520996,0.7324565045183413,0.7705308654907008,146.05464829459265,1.2014598963338088,2.0470503014943806
0.4420499358029022,0.6671865417584597,0.5703301005882943,0.7062237346432244,0.714740179791663,0.9227714744187024,0.9805653112601715,153.40142993657565,85.26346852935463,-12.05022657638714
0.8876762253203345,0.8280810920216997,0.9903655268359716,0.7855351150017341,0.6081516262156044,0.7317831052809642,0.5572528357208447,147.24976745982087,33.15187038326139,0.6609049587757829
0.980885630279628,0.855224841697102,0.5734296655775794,0.991440352968322,0.2656244831798833,0.6887867173571693,0.7941678266030807,140.38608852254748,-34.767854658143335,0.7666516108542383
0.4671787925209696,0.5028061139303214,0.5418248113186367,0.8933514158251136,0.6022150541406068,0.5780148737751138,0.496508878465712,164.58007468882306,87.15984804018038,0.46506782795313506
0.4688912816944355,0.3585479653474157,0.5474090260758505,0.95977246687815,0.7157301730717376,0.6238628548613602,0.4116068087909684,162.70592809928647,100.22272217057485,0.3195889916066956
0.9831658113656372,0.7068398748129943,0.8843941597281831,0.867614023703247,0.4470249203252812,0.9098729647821102,0.5841822208839359,151.5892314688773,60.40193831101016,-0.7900092784763368
0.724772289725258,0.9288959573333904,0.7496483932858042,0.8060958315550555,0.7625461573908294,0.602361527198935,0.6063487112545941,135.82754543026294,-2.5900020387262614,-0.3097358655231025
0.9766017006544984,0.5741246218060224,0.6755835266044667,0.8529694789032695,0.1043980025405318,0.8528279131074888,0.4071587231495391,142.75946058723665,83.56792906638776,1.3504585977068295
0.4897272148469125,0.7193339230923401,0.6288515532433263,0.6755008571187153,0.5472602846090778,0.7315992108043904,0.576326944893186,157.87932080920103,72.75629916492622,-4.295723236311633
0.6600327322659262,0.6450790720356322,0.8871264933782963,0.764325508816897,0.6847299308808187,0.9773045505944572,0.6615378084730021,152.3376168343276,108.22707650514761,-3.6942209109245856
0.6992320855426326,0.9173611215141444,0.8217959036178955,0.7892816252272601,0.8164253645171657,0.7670213640122272,0.6080598622669782,135.29079102537168,31.688582322900206,-1.4210730741036466
0.9741278482482356,0.9861906200732012,0.719082566684794,0.7443095359664353,0.1257130313651726,0.8536394389721041,0.8389158302843205,145.13892892212849,45.399307984301316,1.6283686117458935
0.6537921497239585,0.4079694954167923,0.8761507629032405,0.9289168464868948,0.7510530483091133,0.6623588905509181,0.6240369084997377,153.34605632158033,50.72480505337478,1.820051266152129
0.5889743388633664,0.8415027978856949,0.720557176259474,0.6735127534267924,0.4929141210555938,0.6019370511687142,0.3249298100553943,152.93968126429448,61.91076221353646,0.951564201241899
0.8173764631719633,0.506072800761828,0.8041166546125538,0.7544285354700817,0.869487398052148,0.599462674815668,0.7774207578359338,149.78820351517473,-28.455563234710937,0.16646339060428605
0.926909469924396,0.7443916444998107,0.8167264236224707,0.7896015528409137,0.4658478207066343,0.765658119878245,0.5331771036859584,154.47157211318407,37.3285366442185,1.3676951449777701
0.5177103003954259,0.9922985935144646,0.7010615346037297,0.791396955782483,0.8300406484824048,0.7177873524505609,0.5872698447800248,134.92345922554694,30.016768201423428,-3.211954586961139
0.910843768110284,0.5756689710346459,0.5792008146366278,0.961279396968102,0.0927250145192793,0.9858699244368156,0.4400184582060795,140.60160257747975,75.1591668357791,-1.2237386438718698
0.8699043114852656,0.470413380079885,0.6895941363704242,0.9599410690763042,0.7534794614302486,0.7136509283079133,0.5715198639435324,152.303468256301,37.81745230450296,-1.2985404108185068
0.6829858863943418,0.7091891430252049,0.95071450840737,0.9559571798542696,0.194360509688181,0.605379190240745,0.5572408321757639,146.8943048476315,60.062061022856845,0.6684154285920505
0.658880765173595,0.6846958335939141,0.9596629686806216,0.9464393461962548,0.5958706787530524,0.6570121432128142,0.8948301371879406,137.5577293434146,-10.764977274260595,-2.0814655428196938
0.6351192145956431,0.8923167173806579,0.5863194314683111,0.7901682905325474,0.0759870167309292,0.5798531623460524,0.8408001351165119,148.11368334562522,15.4108910907498,2.7724630934047276
0.6381813298245247,0.5068889082700085,0.5617050831903087,0.7029855108614484,0.95959114980211,0.839641224907912,0.4155177517474303,148.83050648630433,107.6909045997051,-2.267081105212456
0.5924080097034929,0.6635759062147828,0.5467657369540649,0.8737004010097612,0.4403683617060356,0.6620332723231137,0.5698968445522381,158.96396951316873,61.25681469899694,-1.4290477215730006
0.7698311451228739,0.4538882803153944,0.6311869976473916,0.9661630314605932,0.3511001506014357,0.6954985216714495,0.6062508732191205,154.28828085151034,57.10152659555342,-0.6950042222470391
0.6776052749171225,0.3638876381276295,0.9188064994916028,0.7615449561415777,0.7965997850210511,0.8043464153297653,0.6154450321695881,151.0559799316852,71.59035590222979,0.8954570172819509
0.6655574746865421,0.6198195432479097,0.7554095995871616,0.8215730302020381,0.5980667857787708,0.9039565255509082,0.3296477059000423,166.51408809299468,121.98203145996335,-1.4840957134140829
0.7517237931414822,0.7197090366602428,0.8679553299080784,0.7538858684558651,0.640130405380781,0.9122922210233412,0.5112998255166166,153.11143643495936,103.94904762582726,-1.4124001024322412
0.9947939447061662,0.4635667640452865,0.5905873432891323,0.720481784254849,0.2762564494839797,0.7415581051463576,0.4762477515438958,143.04326769744947,41.527816551629,1.6443071839761552
0.7533222620810966,0.7849710467720293,0.8099941075237811,0.680576680453705,0.6531636736980325,0.6283228434958996,0.6942966104901046,147.33463488453668,2.884041269885863,-0.3817218805676861
0.6563952576795118,0.3569579689290122,0.7670795628149873,0.9128066309168158,0.3717373487323812,0.6263228914018752,0.6467482505077469,154.84507062505088,51.853145111006114,2.817097085905875
0.6446705132679453,0.6247706730060394,0.7443122117927057,0.9649553351529744,0.4885214040289321,0.5884469125501333,0.7774358048548948,146.7580660944695,12.476919078165146,-2.288938337414163
0.6675197976588436,0.8857790957074014,0.5691126588314727,0.7992050852873716,0.1019673212132068,0.6400008691540063,0.9324515884189494,151.35004684432866,21.295728263807643,2.299048814306608
0.5680216918338941,0.7706010400235952,0.6104149594184896,0.6887854910988576,0.0534115484773865,0.7063170625853378,0.6522596725516014,146.28680573366697,48.90978221741828,1.6140497245439769
0.9742358949938184,0.8331283336624016,0.6184793188314375,0.7819504815345315,0.8399325658659014,0.6758296269835421,0.6865687631121309,130.1459636611197,-34.03248743537712,-1.514776654855758
0.7276366125079332,0.8897888905646465,0.8833619815205298,0.8631280723222486,0.6541502780524887,0.8691259970398535,0.9448026770805242,139.37606044033214,54.91569034846783,-4.684917003522346
0.4518833530604145,0.5099722371592753,0.8571062245779331,0.9170073876932476,0.0980083146590266,0.9861889792070286,0.5277316483227514,143.94064194509977,100.65812764185168,0.6914376490952518
0.7707042424281985,0.7623060986796836,0.5500131922402451,0.842124274777321,0.7546786871467493,0.7625992850259022,0.6082743979018067,142.38727799095744,44.774830497264084,-3.6470376546783503
0.449470962840529,0.8337374750924826,0.9200376657029972,0.947197085492888,0.0047504076890965,0.7632635813103392,0.7054032091752683,139.76322733792222,85.85877741496557,-0.08558372341343778
0.755917165404457,0.5493990064478287,0.5715585867143207,0.7135205282999036,0.7243175870322354,0.7171845962520164,0.634426678620014,155.54426529873592,36.53861920083568,-1.6711595434814006
0.8023481432606511,0.7387971887725852,0.6149059137931333,0.9913994050849988,0.7578915463008253,0.9554182606941884,0.7361107097104311,143.79957765019836,57.01369893976601,-8.52179136770195
0.9807058486627672,0.3631939301723422,0.5417580387088036,0.7204769466202139,0.1248931333554476,0.7566625484046927,0.344732684410016,135.13650783257725,45.125764045687006,3.2480148928585457
0.9303771160338622,0.6436227843318885,0.859737873355018,0.7464858310835666,0.5904727596022272,0.8176827395426374,0.9527259638727577,150.65690074229985,-10.684381050564973,-1.8524446477039727
0.8824249170499581,0.6378754078495688,0.8235493101503004,0.7982330899730394,0.3986067607390998,0.6642451300831045,0.99399716462948,151.13058277457938,-22.861668480996784,1.3818013703593688
0.5898097992799537,0.8468602626784932,0.8066668877905576,0.9653913563538662,0.0836318581498212,0.7252394790055239,0.4551784717097466,148.0212214330057,61.89875543016117,0.8721712582334953
0.4417824157842783,0.4805180987006085,0.8798851544552615,0.8872436482649978,0.6985851473445773,0.6973115566645922,0.9518727633568408,144.1431910815824,21.87699029052655,-1.8731293173253787
0.7434197754786362,0.5196684262435797,0.5742663836935779,0.7554044866770817,0.1105915573469252,0.5808818085053336,0.8199254313487256,142.32085649513346,17.87934270159643,4.871884481645697
0.7891915294195282,0.8531849646371834,0.7487842205505284,0.866728773969269,0.7697062719619504,0.8362760929073378,0.8568607368777064,131.816276022272,-35.00429608026849,-4.582498218454212
0.741401578070298,0.592916287377556,0.8036734906165247,0.9651298839841724,0.7793006943901559,0.8372294517141559,0.6910464547163928,152.15576044066617,68.20844068107178,-2.784661263911101
0.862270865129772,0.6185709201568641,0.8041733946729666,0.742535500827702,0.8160887497763926,0.7643064738919497,0.916591728576432,148.8401417158108,-34.74818980820433,-2.636349640279322
0.5246911735594759,0.951151539804382,0.9853590006267804,0.9851882528963398,0.9025772028346584,0.8394631578879475,0.7190894967277139,122.58224955388116,56.41586635255796,-7.499526176256305
0.6912092333065836,0.4998193995755338,0.930558962632004,0.7259270462073639,0.8426614051216473,0.9351890156593476,0.9266944034540414,140.34002033318575,67.4414153573304,-3.562562167002531
0.4858012553752981,0.5877210848522648,0.5575870253924314,0.6778126583135471,0.8639870483989023,0.7619811939617995,0.696445477330861,156.88160105642464,81.36145885552205,-5.821485521331794
0.6513886007866282,0.9505597332259614,0.8824424739588971,0.9495916984124628,0.7980725256198599,0.5899181422102834,0.4055499736775794,137.88985072616555,53.01324995010422,0.6134948925807391
0.4373867970002791,0.3676496917904505,0.7235877699883212,0.6954798051365126,0.3215472208103163,0.6829932857204923,0.3635164235151064,159.56701592801573,94.95430567617755,1.888093355727897
0.4631409418317987,0.9799422976622358,0.930536600224156,0.8177058840363668,0.8237579493555552,0.8694401392323095,0.7397425245206339,126.41797420552793,94.79450821789298,-8.958699794263794
0.4934442881259806,0.3614065755180921,0.7638268408909468,0.6854398350499129,0.0215887984895848,0.6193450512441416,0.8168919131735697,137.19481341157075,55.3915810914471,4.610609786309282
0.4679298818708666,0.9748906639388948,0.9221108714993892,0.7841889906848767,0.4144757307321371,0.7810818503302197,0.4854648716103718,141.4649269956241,58.630967133200386,-2.7690313565233238
0.5188589821186617,0.9922316386136024,0.5148465557153694,0.8813512630265178,0.5045911429926835,0.6040163572406344,0.4951330062134576,147.42450158253692,38.40804738290916,-2.552054110730394
0.6457226533693443,0.4690605057511896,0.6601417316172644,0.9683414128981488,0.7798396913440822,0.9098982797159032,0.7363342576412415,158.54306113923445,111.43021174087933,-6.027083624170373
0.6992243683745943,0.5684994880685814,0.9161776991860736,0.7339277183256804,0.8299180037894783,0.5991624317169285,0.8185856698294641,145.05179415366604,-4.417410548684806,-1.0016270327729533
0.7618074031525637,0.6416164542562834,0.9005418524659399,0.9297377689381408,0.6445384058377639,0.9571463442101296,0.6900016840494252,149.35122694002524,87.88579353124379,-3.5130493780792227
0.7404832099268983,0.9743192354130554,0.8197349051265189,0.7583002084641157,0.987244996100248,0.7541830764706018,0.7146498502466613,113.91101418149502,-0.25140214120833093,-4.596808837051439
0.7761004657451989,0.3846879146334823,0.9774210781762545,0.7762814892928194,0.4077764058369701,0.7478120635088513,0.7066021647724511,151.69131443008806,45.2319146538824,2.1099043506590056
0.8299477327453144,0.4841080272334673,0.8201208270096598,0.8558636380501864,0.1152689805505914,0.8240729523742981,0.948271633463814,140.40586594021715,39.870548739653586,3.2834540622961566
0.9504885208888256,0.8157788930185648,0.7908925772991011,0.7884318068821493,0.0529667873778028,0.770124852235516,0.975266824032034,147.06854675360623,30.978620530219185,3.8274826724805298
0.7249485344189937,0.8053703025482788,0.5374417911420238,0.7071000638094967,0.6255884999545687,0.7467111111820189,0.7631388747297981,145.91048278514515,-27.644975255133517,-4.546039568175444
0.9445183252590028,0.9549475037738684,0.7243595050584349,0.8414116927700863,0.1501483279631304,0.5876198294619634,0.3998844669679381,145.58059641844875,59.1300256132928,1.8845128466820995
0.5927725270601701,0.5932982545757938,0.7515531044203912,0.7799558029760929,0.6006112762536943,0.8007620955088115,0.7396964366120642,159.96062711387435,77.97870873328573,-4.64150845481409
0.5303257608969373,0.9319815102245634,0.7856814192210313,0.6956933463095949,0.857865898585405,0.5981995180136559,0.6561606835588869,136.531930364676,5.251259411687165,-1.9696448036161842
0.7774227602221107,0.4215832040658862,0.7720456302426826,0.8843326713590856,0.3003983690513795,0.8474001544415786,0.6336880438566069,154.2891003888875,78.74360487241216,0.40649266787649907
0.7871224806343905,0.7799322004505258,0.6046205554832553,0.9385972418117592,0.7707373093007314,0.8332783299008295,0.7069908142403497,140.0998996009375,34.5401012047714,-6.217392103166755
0.9536387660349478,0.5444729598690461,0.9820330449480912,0.8514124311247119,0.0217034799185597,0.6609128867639575,0.40718588104127,142.5714141182172,65.4077679801536,2.2288178936014984
0.6923499816896618,0.4385015349305998,0.6690096111668751,0.8725878926363154,0.94575729434782,0.7234578498323694,0.8834670687873909,142.11317042729922,-8.253190085569564,-3.9560850139528987
0.8373374555341933,0.6347299822729704,0.7265565486283481,0.7808102621525812,0.5179219947971005,0.9151022431730936,0.5207921052589799,157.51152514387297,73.94873337716467,-1.5062906945059793
0.5348399397394504,0.4931003580824966,0.7774416067074981,0.8681279953177217,0.6235673773723518,0.5926822516242485,0.6883606577016139,158.11492939181227,51.8117228581,1.3394911836670507
0.6535968656672471,0.8457187252312939,0.6121961646007185,0.7873573980553723,0.4585841007203465,0.7746189989129652,0.421222699612613,156.959047291082,69.21178973330564,-0.9797963416285821
0.6604704547237025,0.8549201227071452,0.623292842982811,0.7754148027771811,0.3218970159065564,0.7961460969251297,0.3438973159983758,160.04027838197885,86.38867997015753,-1.688950831376258
0.9698693407604402,0.5544169035205313,0.6897962353188268,0.744946366585403,0.4472570352855079,0.6454994644209048,0.6935454757353741,152.45232473207173,6.077718532068886,0.6602028730623093
0.8667510911130236,0.3891654177100342,0.532641943470021,0.75014384075282,0.0072285965510624,0.7828479399053616,0.3810659346664195,134.924031853522,56.245049861852365,3.3221861529582837
0.4942546488716791,0.5815732678623609,0.975765557201659,0.9252231655572624,0.2355447406023822,0.893014564682979,0.5224490898800886,149.04439846137728,104.66617625387241,-0.7936934527469597
0.4670475774809561,0.9592561659259832,0.7878853683542865,0.7053440758862258,0.4065409008318005,0.9685943928984512,0.3312768530411773,150.88477489782517,109.6344441810811,-4.849123285003675
0.8876033448460866,0.6949527056327627,0.8087676177149505,0.8938621099895693,0.3518961642509667,0.718790105769589,0.8427306780984831,147.62868315288526,-19.239722801420825,0.8484651837151067
0.782123172204477,0.9522411029129334,0.694219952114818,0.7156294210190517,0.1401627613506288,0.8835492943551532,0.3214890311454629,149.59298485652235,78.13851888047878,0.6785458870666747
0.7931138565022539,0.5038488841919053,0.6919398076117401,0.9033794414050508,0.4442074739287336,0.6789292762820525,0.7941957243694635,148.6889879611818,-12.797510082455844,0.691812587661522
0.5463790732282571,0.9875561404460536,0.7381798979537588,0.9323879311290328,0.4021300677515156,0.9893290259474224,0.8372680745176952,144.6721550415073,104.94285575337321,-10.067165203744024
0.6757784306857528,0.9788078272497582,0.5195489435141492,0.8179915063002059,0.2127899154818316,0.7947377665826807,0.9900074532394948,149.84125609617817,40.032730786194655,-1.2780994829673977
0.8219770207637699,0.4245230487422375,0.8994681137494682,0.7618388912115535,0.4104915918984944,0.8913621684597376,0.543763893516835,156.45415846164167,75.55178565381102,0.8578287419056112
0.5505058392676214,0.4769071833409598,0.9644833540926928,0.7353642736698035,0.4541199076527395,0.8456066656286854,0.6506900638913196,152.33739017921647,90.51355711725714,0.47714154673056
0.4472103275005316,0.6861967870472038,0.6086886619893609,0.8832662151849184,0.5016648320179506,0.6030092370926272,0.7670416635127743,151.18161929788323,14.25322276540642,-5.463515710707817
0.7300589749128106,0.7470901629700644,0.730114082386656,0.8845518845022119,0.8970285250802988,0.8678553653716425,0.8469778921559821,128.7873854026357,49.6178907965904,-5.69637761225543
0.8724452311427207,0.5848226556674171,0.7065188958532336,0.9163642039439917,0.0628914504853284,0.8798234774462842,0.3197514326533253,144.27038278158108,85.95145549667672,1.3302190455299399
0.4501608465646391,0.6564032355531197,0.5967824030038216,0.6851257946024063,0.773502302006959,0.967353824705639,0.3947219124000403,159.98569064485397,135.2594226972214,-7.747696011314927
0.9548517609780623,0.9449789565403152,0.5155426154954024,0.7488137951212388,0.0419694176785723,0.6640305601799662,0.8871221919983694,137.4222826265527,-20.220047929228926,4.8459705293198
0.8966377873629867,0.4659621548275406,0.5841486605254317,0.9292258283898138,0.018749098173266,0.7819673026002609,0.9282891421090133,131.94418076426467,40.14408100344145,4.982659782976081
0.5017296542633275,0.98610886761033,0.5808291919164649,0.8870684893827216,0.8521275910059366,0.8734376387410041,0.7851714888074202,134.64684860256884,75.61520126179805,-11.983849099996688
0.7650099938613327,0.4718678876170961,0.6082717080429271,0.7952521056349897,0.9872091089781602,0.9723598635338913,0.9721979467849582,140.24449560020489,72.76965039832659,-7.511248932697876
0.6958867118858431,0.8792963061993542,0.5612627707108451,0.9607910497282756,0.4756289854707682,0.791358502345958,0.6768049056970871,152.18416136786217,39.963077777976096,-4.362410134260327
0.6203580355671738,0.6697481874197291,0.8266235878548613,0.875788953076663,0.7676203721532961,0.7067815178708085,0.9731500780081568,141.45838367688825,-18.538123922122196,-3.8423321569264934
0.5918692333163232,0.6134148452833829,0.8708395515694416,0.859427524476116,0.4361858735404433,0.9133665842981172,0.5165438652554327,157.126913552581,106.75001062976452,-1.9018637618215013
0.7097428457385291,0.4719726355637372,0.7043093060617964,0.9673810053309396,0.637305986791415,0.6241446824886907,0.4493024767594824,163.44279811948607,81.11066676907772,0.6369990271800383
0.9662703928010736,0.5793252162515146,0.7492846883486713,0.8584610432561772,0.2478061129633878,0.6553495319287505,0.4241132031148376,150.03510823211224,62.391234915799004,1.3861437081441546
0.728702982892708,0.6967783336662543,0.6960150776211587,0.7377906552312374,0.1245004274673987,0.5887287616944147,0.962011518175046,145.1600191867379,1.927207565237751,3.032049884577046
0.607659314622203,0.3820123961725356,0.8120584443257606,0.7756096509889395,0.5467954067360137,0.8575490944581454,0.9804966232555689,151.08246282160457,103.35159255492908,-2.6320689204652554
0.956904533593361,0.9518027161434308,0.7941133903498399,0.93420002381593,0.2095997967475036,0.6840466069136806,0.6477844165399116,148.34542041967921,24.91232885376659,1.8190496657410034
0.5133492127615202,0.5911454081786325,0.6245373114886277,0.7164347098869711,0.6750613664727075,0.9591946795859227,0.6018573803682832,166.3578222393719,128.2125918857775,-8.069427354042707
0.6109333282964707,0.8118476511387615,0.687568341877824,0.7042573888612991,0.6991933520691695,0.7250641259676373,0.9770120716837138,142.96648716896615,-34.80056348145639,-5.419445735886627
0.8066371612179055,0.9270989278647584,0.8372460984477867,0.9502383848605184,0.3544920583847379,0.9075524400739728,0.9799439299786836,144.72956843737867,50.198138599774225,-1.8739226874633899
0.5236468741035076,0.3913487406430309,0.8288067344078446,0.8215899240900807,0.3917865453776487,0.7502034743491902,0.8068636687385164,144.07471821878153,68.07674946153594,0.9922535548477582
0.5836771562328069,0.6378002614474352,0.914817937536862,0.852222406265796,0.985974792353321,0.7708082870364269,0.560409501722238,136.3174938359104,76.34199220293314,-2.595307738909123
0.5338981767871306,0.5193753340717142,0.890545888738435,0.8592923054713295,0.8230589397710858,0.7143381458479796,0.9194247330731242,144.9073583371263,9.464305073767662,-1.5943853254335845
0.6178580791734223,0.3741446506300515,0.697446761200958,0.6853153617088074,0.0462640145835181,0.9328775244782036,0.9234993758666664,144.01185239069662,105.22621592468325,0.934695193307999
0.9020572367139664,0.9726013412154416,0.6188047113206656,0.9285927111117902,0.1902584577325664,0.6969402038802963,0.6638135009532107,143.28647344201843,16.722190620983227,2.0677080504222634
0.4494942961860826,0.814608153002891,0.5449182347495021,0.832827154539663,0.7552591196871206,0.6453554682938456,0.5319646487781405,145.33592311803966,65.88687575561535,-3.496485124439863
0.8367427383601806,0.6611565897448108,0.7952136260708891,0.7930577181932114,0.6350367189502053,0.6507337233677754,0.7706154830559556,149.29452793352996,-50.90006861071949,-1.616865379418447
0.8611615856196119,0.3870630361480794,0.6410766820729209,0.8965512164111125,0.1871841189258637,0.9124013159922904,0.4247474814265096,145.14006443915687,91.41267421459901,0.2579427313192495
0.5461287251390432,0.948125210970381,0.5382239850699044,0.8805970214216903,0.8970856564635811,0.9809132296330728,0.578133963591769,133.30258717598866,109.17231907065863,-10.687810038533142
0.4358287559768443,0.5987256704654222,0.6617933136766085,0.8005945348192044,0.8842590005167165,0.961627900072572,0.4317805739022451,154.51916182160417,139.5506199139768,-7.967060553972114
0.6525013421004802,0.7475198493525517,0.899744140671324,0.9440825994557872,0.4544292559470235,0.9909551862540809,0.6668304302749737,153.52787137322625,109.04742175970054,-4.084929425129246
0.5702134715372353,0.7494625096334602,0.8429907626961932,0.9647655486070524,0.0503638900389978,0.9846783463872308,0.3279973249020515,150.3942970860098,110.67315045129418,-1.1568040107841042
0.9369188976594244,0.5489091806293597,0.9143044751169872,0.8931488494080867,0.6251613674435754,0.650710141909868,0.9046219220673536,149.5142757092136,-35.86313507013415,-0.6993098324690524
0.5877827154237445,0.5779618512705113,0.6252796666620676,0.7900698027815777,0.8818174541267338,0.7864690649151246,0.3473157426138993,153.21511907790193,116.60154447844138,-2.1801660640256264
0.9898044106708278,0.947333768773325,0.5717003976642352,0.8468158681675174,0.8048797390719061,0.7999453334797619,0.8871786959952157,123.61549560087114,-74.5866975585131,-3.777392699781719
0.7716127138785298,0.753917908975142,0.6767351999664446,0.9782910574990058,0.1403303025724154,0.8532773415570938,0.4516584570993512,153.0427974272161,98.01292311925963,-0.8627870052278741
0.9259242348087652,0.4037121312048222,0.6584583324700752,0.704358553170306,0.5204385305308519,0.8222995642184882,0.3665491087307507,157.01835270557063,65.2198516961314,1.1438172442153425
0.980831763117254,0.6405245596481237,0.9911184513247712,0.9687538465750228,0.0277112893648917,0.7660360043105394,0.7248477621386454,137.94668810497924,46.169250272823014,2.98650496859121
0.5592452523398349,0.6925269153834276,0.5314266346262545,0.8392933968051497,0.5328882877831362,0.7961777629462037,0.7071006888780229,158.071982142354,77.31823969850042,-7.156013709879829
0.6073411118585615,0.4772638307823336,0.6058352649786929,0.947474177283146,0.9548149914455186,0.6262156405214527,0.3956427271387822,150.29063927090195,109.41316355020739,-1.5378471894814938
0.5308693124993824,0.6015535494064465,0.7723026435936511,0.9545380084599216,0.7596897586482638,0.6948123031497189,0.416741673001092,157.11476291122233,86.54407552939261,-1.4345273804063847
0.6884058599752529,0.4932324522859368,0.7051908250492007,0.8905670321736887,0.4819535820314874,0.7509253451216964,0.6881941583779191,162.43244537114947,71.6587346945931,-0.4593132352204631
0.9301771523070678,0.9725437764585568,0.9504913750070424,0.8269887145083485,0.4120795607601051,0.7447299522661409,0.6506250726478784,147.78082559549705,-2.9046891285131196,1.5769950004825133
0.9788740438605852,0.4010101281603784,0.8067277431177464,0.7718936769708434,0.9170442208036284,0.7227464528242186,0.5223201461512095,147.1906632184733,32.11567351448328,-0.4170163762636896
0.7300317098826439,0.4663917611106943,0.6549163848423236,0.8957406366317519,0.2218988509076163,0.9566106913208388,0.8498990335011984,145.82511300804552,107.21292292464034,-1.4856348307553082
0.7352152843643718,0.7424666772678143,0.5451567546030237,0.755150829556922,0.6502290530082229,0.973724902537259,0.339253006567931,157.18361177190332,124.29634629373587,-3.3925586158662866
0.9760415813556984,0.8995816647679955,0.8112498631911309,0.8792817782883149,0.8141075881342756,0.907942991822513,0.615575790003979,136.02472320840602,42.185193610765225,-2.5358937938751898
0.4575191358968347,0.8658314741043609,0.6189033591276263,0.9137204148521204,0.6084045147166065,0.9562854378596812,0.8187975360078545,150.46687999731134,101.5638201874608,-12.416536141212468
0.9157405541918652,0.8166508234007825,0.8596545685171441,0.8475485200239077,0.2318083111391865,0.881129528022258,0.6897657834804524,152.74834736814645,59.79169577429553,1.1982245146964807
0.5744083392924906,0.591324662079369,0.7961473106107652,0.8601949749580894,0.8895253804093752,0.7933238881795759,0.8809906198648271,139.6151838988597,27.191543453276385,-5.298363326040786
0.4875907863191581,0.40070462449068,0.7427440822029727,0.8676139280130554,0.9653302741344912,0.9702821424245296,0.6756735068848672,149.90405793958624,126.38070052883677,-5.057767396711801
0.573235974680406,0.5233526222360103,0.6499295071860272,0.6947242030553292,0.2562293071944502,0.8619401960880075,0.9623612870548884,153.53194728430407,115.72836876456407,-3.6557405232576654
0.6917081444354392,0.436913487131222,0.6802387096585903,0.7345468371797009,0.8709588714020912,0.9813003778569964,0.3577883495803488,162.31320484397,136.76328204728844,-1.355840239919054
0.6244824887917926,0.9743736704980834,0.9138301797717086,0.8242301928137247,0.6309661672068219,0.7404828206977453,0.3211164221868224,141.01376512238687,66.81552641383044,0.7439884138855803
0.6867027726686279,0.6303285514599424,0.9580302830390144,0.6780897090188733,0.128898464352194,0.7784900673084594,0.7992032671069722,139.06765853121976,52.15661648167154,2.6008641756430473
0.5936328213128961,0.5123898320431892,0.9560113774810672,0.8643112061451479,0.3364348582532663,0.7921131609079177,0.9227371395892094,138.6342511390374,71.06561132148144,0.5883165937697352
