PS:PAN ratio,Feed rate(mL/h),Distance(cm),Mass fraction of solute,Mass fraction of SiO2 in solute ,Applied voltage(kV),Inner diameter(mm),wca,q,sigma
0.549673655020245,0.6356058394094972,0.8398127161192539,0.8186977166371057,0.0188912161015602,0.7321275272374874,0.4483840591355583,147.30105590820312,88.06549835205078,0.7001298666000366
0.8895607429363831,0.4892741026870482,0.6026307394082165,0.7067956255015214,0.1157077912561186,0.7192946784103545,0.8629160209403922,137.74795532226562,18.559627532958984,5.127068519592285
0.4935689789013352,0.3849339489494179,0.6929429091662133,0.8564940399545423,0.2727582851571313,0.5764659403574464,0.5566328043011526,155.62025451660156,72.1724853515625,1.4973725080490112
0.7811213331099518,0.6521414365803355,0.5756533204638948,0.7192853038100552,0.1611028357812201,0.988805591838969,0.644592247379413,144.3182830810547,69.71488952636719,0.41727879643440247
0.8556104229952216,0.8780262174875182,0.7761188445771685,0.687548036065039,0.7324907047419774,0.830172474420619,0.4672370516718348,142.5787811279297,12.869908332824707,-0.004330300725996494
0.8583806359690433,0.8234427582625359,0.86327059101259,0.8330558571666548,0.106930979054151,0.7439618019449656,0.7825483329301395,146.38685607910156,16.52939224243164,3.6728744506835938
0.5411989852252426,0.6174839731005386,0.6783587960574726,0.8851495239773319,0.8661132625783159,0.8036827408026984,0.8471679049098289,141.78208923339844,32.40482711791992,-11.239951133728027
0.4685851669330916,0.7368597541308084,0.5839824129881124,0.9512279407397404,0.2222573335054529,0.5911966691530971,0.5466009368067191,154.32412719726562,53.368160247802734,-0.14745476841926575
0.6874848285980868,0.6352174477106263,0.6151168159710897,0.9275217663721304,0.1099120655020877,0.6474061885995912,0.9588207383605906,145.25485229492188,34.58544921875,2.2462847232818604
0.5482233486634452,0.7267975486268854,0.9070748426200096,0.9522562156954154,0.0115844249478406,0.8372888546827353,0.3364157804393789,148.69322204589844,96.00708770751953,0.36496737599372864
0.8290888374908267,0.6873411678522203,0.6354209485511735,0.9199534019414166,0.715563522240688,0.7912238268944165,0.4060652349955673,153.31732177734375,66.0863037109375,-1.707262396812439
0.6354069625625061,0.7921940820829294,0.8856518612108983,0.9010616063971923,0.257703220004349,0.9064149415510264,0.7163213405166102,149.82652282714844,107.21533203125,-1.8953105211257935
0.6877943987223429,0.681057228907811,0.6667831842227042,0.6706536831792667,0.5101836583198792,0.8522286808730125,0.7929725534502957,153.40792846679688,53.18360137939453,-4.817584991455078
0.4979055634515589,0.9587439780909144,0.5964758392403182,0.8754189160041114,0.1129326926807874,0.8280316791987898,0.4862012559031717,153.4779815673828,69.64736938476562,-1.0446162223815918
0.7546185648499322,0.6299457623715976,0.862262921274285,0.7073354303722064,0.9852257028669046,0.918318105766619,0.692693010683504,133.9388885498047,70.40479278564453,-4.039860725402832
0.5386340921137962,0.3655950156105875,0.7345632039806386,0.686786371655583,0.1266795288620625,0.6029077969042592,0.5322813892779239,145.97190856933594,67.09404754638672,3.697756767272949
0.8176203094193081,0.5070081537415894,0.5187716987984232,0.719279760229419,0.4127658652354987,0.8658010331165675,0.6927053630567956,146.73207092285156,43.16136169433594,-0.837782084941864
0.4739814836570488,0.6765016330885039,0.9770676547748308,0.9409707612213836,0.8517914302961719,0.8762318804244749,0.7643326549469386,126.775390625,83.48978424072266,-7.549320220947266
0.9854824515856616,0.7021373317923361,0.5762526622502873,0.9145615922724092,0.2459920422513844,0.6902683135813219,0.9776934008497652,138.5494842529297,-3.377845287322998,1.8340349197387695
0.8207531806683357,0.7097147858573893,0.6777426125626147,0.9826841736122144,0.2680418219771918,0.6566947919352254,0.625737621522847,149.57577514648438,40.35124969482422,0.3627075254917145
0.536488742883371,0.8137376288167969,0.6932324117628484,0.992724844213132,0.8087099394959969,0.6643806595223537,0.7567698617175558,133.90133666992188,24.279306411743164,-4.837695598602295
0.4417136984343077,0.5315595474877715,0.7448698803714776,0.9642381519262394,0.2743995855584377,0.6577466740322271,0.7090061931857299,151.737060546875,75.46372985839844,-1.3213725090026855
0.6228389341519831,0.7818904596815142,0.890952753060158,0.7114722728318079,0.0043605768713935,0.7952436945882042,0.5317155544027576,145.9892120361328,74.4463882446289,2.428356170654297
0.5201404549746803,0.806989646583753,0.5063419365716129,0.9592845291254826,0.4287282802985706,0.6313508700437456,0.4878219068679065,151.35693359375,49.61484146118164,-1.1205251216888428
0.5572273568234891,0.6192030597642537,0.9635110371689738,0.9460718925401268,0.0140091351268812,0.8524580264267824,0.9879453412112508,133.17300415039062,105.05308532714844,0.6269691586494446
0.9271681774019902,0.6133583546595756,0.8221319723690687,0.9568588260832032,0.909841916808734,0.618452426766457,0.4563692914033277,138.6050567626953,48.694854736328125,-0.3391897976398468
0.7747763266464942,0.470157432642993,0.9724812957352876,0.7177085176395946,0.6422882431126427,0.585438490274871,0.8534580914519405,140.8115234375,-25.694618225097656,-1.362905740737915
0.5335081828014472,0.620939233886497,0.9067178542798382,0.7061087710890989,0.5835826217417129,0.7089001280055027,0.4153517984797383,159.7561798095703,92.28949737548828,-1.2381203174591064
0.7484612309419885,0.8600917731494477,0.961224241977906,0.9743855458144692,0.202763334338689,0.6550945598150069,0.8630384881181651,132.96018981933594,5.644162654876709,1.2633367776870728
0.5783546908141,0.9384496662547904,0.799929960395402,0.7250688635524299,0.7003289249682301,0.9915320366804188,0.4419919478735929,147.67308044433594,96.8809585571289,-3.738354206085205
0.9856556073295966,0.7361609026172,0.6796682514536143,0.7898246158496226,0.6776734034321645,0.7020202627502314,0.9738469433019478,145.8119659423828,-54.52423858642578,-4.419005393981934
0.4522648847821922,0.5474176980692653,0.7219143304843842,0.8188667477296361,0.0618614186047063,0.6678478852459458,0.7824779469771278,145.46893310546875,65.11933898925781,1.1143959760665894
0.847772826254537,0.7930428015469376,0.8280751149851542,0.7086520942207176,0.8809421118456564,0.6571677735981694,0.3769178155961862,142.4117889404297,51.420135498046875,1.169145107269287
0.8707711159331797,0.8301550692160234,0.7140271183723258,0.6741431086916339,0.5799874344703417,0.7319383693921975,0.7873712330711555,141.56787109375,-32.63957595825195,-1.389248013496399
0.4717165953173849,0.5684846043693834,0.8644166643086766,0.9977492632161878,0.7927027546088136,0.8298950929021354,0.726417462003393,145.99789428710938,64.8578109741211,-6.720049858093262
0.5309141214409829,0.8855777411326065,0.5486633513714759,0.958710922254608,0.2639905499131769,0.904249069190902,0.5453220518921982,157.94189453125,103.21122741699219,-5.781248092651367
0.6510188930597802,0.4026579163907368,0.9129345247088404,0.9705722564610924,0.1233478865531583,0.7280214442388973,0.4930435257989519,140.90890502929688,77.6871337890625,3.4256632328033447
0.9245700775710272,0.3622834553589717,0.6041034122680667,0.7618809848979388,0.7028283388860669,0.8383913323587437,0.8047839634691059,145.6414337158203,-1.2736186981201172,-2.1547141075134277
0.7373464442122079,0.4342655161575813,0.969174221372772,0.740452041924125,0.7941163123973254,0.7776271009846377,0.8201663585688395,137.33135986328125,5.206398010253906,-1.6738659143447876
0.8042331206115565,0.455457595611808,0.5800981868214947,0.8088545205566509,0.3869145734106064,0.9315043396953152,0.5382841792043862,155.07745361328125,86.19586181640625,-1.6253740787506104
0.8764337115010696,0.919177844677728,0.567078873978282,0.8179806617239741,0.0251484902054782,0.8143538557890413,0.911958562016961,142.89581298828125,42.22407150268555,4.030659198760986
0.9019373340722264,0.6279915864891543,0.903996979947276,0.6691450719905436,0.8184489640977095,0.6964870356842028,0.4985505658218193,154.3128204345703,33.008968353271484,0.2742350399494171
0.7030200388849026,0.5317414313088243,0.9073654691060014,0.9263308549523596,0.2072605795967236,0.8711636064912536,0.3631326794741094,150.6507110595703,110.38456726074219,2.489736318588257
0.7213992856330439,0.6306173224653904,0.8679139170553412,0.9986057921481688,0.3399875913130133,0.9203443180677324,0.7238631541877406,152.40585327148438,105.81863403320312,-3.492344617843628
0.839680992091201,0.6086576484989314,0.9773578545725496,0.8430364188265141,0.6287275869178679,0.7706098829613202,0.3884558954016066,156.7749481201172,57.94980239868164,0.5943700075149536
0.5826298200465959,0.5487591862850358,0.6368476036076001,0.7963525341227361,0.1012898762368547,0.990913540527635,0.5038844728361935,154.18104553222656,124.54286193847656,-1.8562637567520142
0.9168443035527368,0.4438416585088653,0.9112872672208496,0.7978462085388356,0.0733753047882464,0.9452698334037628,0.6607823835583619,139.48858642578125,62.353519439697266,2.9111156463623047
0.4454972272755541,0.776124933333971,0.6770682717074363,0.6992225823613105,0.0271567934453437,0.6572458220366817,0.5104834553112177,149.3447265625,76.54828643798828,0.20478425920009613
0.544427628263277,0.4430108605609826,0.7685424310792153,0.7557638548652307,0.9166786234783736,0.9062802695144287,0.4619122406111133,149.5859832763672,119.74836730957031,-1.2476974725723267
0.8861507135551616,0.8527844342628261,0.7232398541148235,0.8342077126387123,0.3123822836072499,0.8278271354258814,0.7941830705784622,148.60479736328125,13.940408706665039,-1.2596780061721802
0.626115409442901,0.4847589923999835,0.506223369820132,0.8108429323525558,0.6611039188411663,0.7999005646191084,0.6878798384965271,160.14561462402344,79.7618179321289,-3.185863971710205
0.5184554211484818,0.8245263749181089,0.786833289720907,0.8484696153539573,0.9891587754215294,0.7910873847101112,0.8871391977360171,116.3879623413086,12.938875198364258,-9.459406852722168
0.539329812034483,0.8721317423975261,0.872230296087898,0.9495386446418912,0.6698819410308001,0.934424427955906,0.7111844104501781,147.1400604248047,112.46749877929688,-7.845336437225342
0.7338165624945672,0.4357762920653154,0.5894779296154783,0.7421609753955368,0.5257550918782398,0.8320163543620549,0.644625042254683,158.45458984375,68.07283782958984,-1.053796648979187
0.912147127817367,0.4110288480381142,0.9631082479464252,0.6764800568175833,0.5215868566533773,0.801122801596346,0.493397688595119,155.51742553710938,37.964202880859375,2.2030346393585205
0.4736885638279905,0.9644925414601252,0.7650883843584507,0.6799909391930831,0.3778126594604215,0.5947150959220948,0.8546768135526741,149.48098754882812,-13.18596363067627,-2.0561892986297607
0.4509779307626539,0.6524085939386498,0.5913007296651812,0.7118854018018124,0.6003213983464692,0.7633737171144898,0.4495757913477214,162.69857788085938,106.87212371826172,-6.459328651428223
0.696735202908227,0.7596524199050902,0.822111300020099,0.8569293764983904,0.9587632420770014,0.9574912786493344,0.4804469078739458,136.5347900390625,106.3381118774414,-1.3042116165161133
0.9743406884522058,0.3703059405390939,0.5980501792784859,0.935948622593498,0.7882869280302772,0.8746045952339263,0.8883829261147987,142.38233947753906,33.81086730957031,-3.6567013263702393
0.5914876567371348,0.5341651573194888,0.534690072102787,0.96208465395885,0.4250470296947777,0.5955992851819677,0.8200514379175865,146.94081115722656,-2.630086660385132,-0.19427773356437683
0.9760272446124904,0.6795747078669836,0.8415392329996914,0.8784144072959629,0.3334109347325687,0.947336841687416,0.7327150446133567,152.4049835205078,62.023231506347656,-1.9952744245529175
0.9356096072168152,0.9238535816036486,0.5579642741682354,0.8013006093261534,0.8836228485312204,0.9231322202383736,0.3420716719340002,139.0240020751953,63.8960075378418,-2.5102293491363525
0.5938199448065657,0.5295012984827867,0.5557546614986865,0.7186489927111193,0.1370641048893564,0.804913719061839,0.4021955850532861,153.23011779785156,104.12754821777344,0.506152331829071
0.8956195277543608,0.8526348903242202,0.8684982913859451,0.8007271962894986,0.8497304616782559,0.5835451165912083,0.6558622334427191,136.98110961914062,-20.092191696166992,-1.0340620279312134
0.8215109539490151,0.7801644672609827,0.5305786695386051,0.7777884524484713,0.2561656799566706,0.8115619737323678,0.8235541747655272,142.7371368408203,12.080157279968262,-1.768540859222412
0.7231119199207817,0.4293263184981999,0.9029572099233276,0.9565064571370387,0.7159870802757902,0.5971341381306092,0.6314575476707429,154.13198852539062,30.1929931640625,-0.29896390438079834
0.6728473730994271,0.5435720728941036,0.8962355369213647,0.8290838305083176,0.8064346219276359,0.7093598220229564,0.3273515770009233,156.9225616455078,91.00957489013672,1.1603912115097046
0.894802399918684,0.5079642413497072,0.5731139959487322,0.7424779798446524,0.4777331637740901,0.8396321272261222,0.4409993027430781,150.1680145263672,63.9448127746582,0.6043201684951782
0.8821250208495289,0.6392464620142068,0.7591570650270366,0.7632898229265237,0.1934725710853337,0.9595482034976506,0.71630750220877,148.66798400878906,72.65243530273438,0.8413286209106445
0.8616909516638254,0.7629230314337712,0.5510210336628435,0.7126504429268887,0.8449205954252597,0.7251584361978631,0.7880790363024741,133.00912475585938,-53.00361633300781,-4.063724994659424
0.9981247981635604,0.6334042081674691,0.8155100751224816,0.9726491201857806,0.3684187914520806,0.9372165130974306,0.3383335631542594,157.8646697998047,79.51741790771484,-1.2392590045928955
0.7042796273467369,0.5122443673108261,0.5343923263178088,0.6840201255268148,0.321665041082837,0.9618485063194576,0.3450740345464482,160.43704223632812,91.86526489257812,-2.3435328006744385
0.889951687191788,0.801759549566738,0.9694373784927705,0.6715541298001192,0.5107004139412076,0.582970208472601,0.4934342812978201,144.87486267089844,23.986942291259766,0.7700663805007935
0.9213608017339612,0.7302966696486349,0.6058514353483384,0.7281146828450766,0.4358894153605169,0.6751794612061466,0.3724144661451237,152.78628540039062,49.541351318359375,1.9947764873504639
0.5533779217968952,0.6885013416919893,0.8403446743700489,0.9368425962871586,0.6834617738112416,0.8738131460700701,0.684440595618315,156.59507751464844,117.95660400390625,-6.530472278594971
0.4575279943345111,0.711020021347377,0.5666481614179937,0.8412997761355654,0.1384738462751205,0.8936500394807313,0.3997755508895416,155.8827667236328,118.90834045410156,-3.3585808277130127
0.6625759545735834,0.497724463451181,0.606772164081034,0.8753328084812328,0.4364918704557836,0.7397767085979342,0.7567721041058437,152.76556396484375,50.984779357910156,0.21762582659721375
0.9181146510456232,0.7918505585142435,0.7258798894272709,0.7862044333595497,0.8917801607504015,0.8513892457843443,0.844576047137884,121.86170959472656,30.674341201782227,-4.83286714553833
0.5971941634236343,0.6039491482147454,0.7861591434092357,0.6901142807836247,0.0374992876866543,0.8325592755673408,0.976133837067683,143.8003387451172,72.55543518066406,0.7407125234603882
0.8295068378652417,0.5885332703875531,0.9962750672013464,0.9518964098680174,0.4581061847715877,0.8864433057159469,0.9610855504797104,139.4081573486328,59.040550231933594,-1.9334733486175537
0.4378994547508076,0.4514330247015199,0.5161309706115377,0.7310750856168553,0.6609772714670257,0.877527175468584,0.501639168783075,161.88958740234375,98.79161071777344,-5.1539459228515625
0.6346559491610516,0.7382290416725124,0.5034915515399295,0.6782735238391666,0.8877957713831056,0.610342373061874,0.3355983521226353,140.6169891357422,59.5977668762207,-0.43750298023223877
0.7817371294451267,0.7419668419427725,0.6762424319214763,0.8576677540328832,0.5943374832042109,0.6409034495153278,0.5397858749377173,156.0834503173828,44.441192626953125,0.4582439363002777
0.5071053403003053,0.573672596353126,0.6840344330135784,0.6949714953215445,0.8246693208828615,0.6301267427812652,0.7977867473658704,146.56813049316406,-6.385293006896973,-3.816336154937744
0.940655912439719,0.9069395622176216,0.93950977179438,0.6991177736895241,0.2238313462170439,0.96781006108108,0.3562834615086587,148.9395294189453,58.72969436645508,1.6684577465057373
0.5220970236296515,0.8977076571147082,0.9536955736440788,0.9333530818376832,0.353743215454804,0.959814027370981,0.560408935618172,153.84860229492188,115.9486312866211,-4.694300651550293
0.9481111830813824,0.4253387455147595,0.9378751726989644,0.8307094842355766,0.9421305708904828,0.9107797687313668,0.5184296329321283,148.86968994140625,68.48980712890625,0.6510573029518127
0.5560841734511549,0.8012204843208102,0.5739950519718955,0.7475683334284566,0.8860625530929077,0.6233673643706245,0.4648724529732558,147.26602172851562,45.4385986328125,-0.8981044888496399
0.9958761817800664,0.6080122583680134,0.7067099866005875,0.7831775733332067,0.5585611201160872,0.8165620127777886,0.7961877252568087,148.8301239013672,-9.246683120727539,-3.913759469985962
0.775649281475062,0.9966563714550942,0.8714304686003413,0.9097053153797632,0.4762273783670098,0.653139994837818,0.7641756546635443,135.49388122558594,-38.25201416015625,-0.7377726435661316
0.4814307834901146,0.4997277131376705,0.6576098450096104,0.6893417661119624,0.4518451974718466,0.7296291824486931,0.6800491468498151,161.05274963378906,80.71289825439453,0.4368605613708496
0.4706505815197772,0.5353287705295507,0.8306441351738396,0.7060053148999972,0.0601901633898167,0.6868599209762145,0.935472271619754,141.33892822265625,56.44575500488281,1.884873867034912
0.4761032299366425,0.6389762219905737,0.6203663107853907,0.8721477116083847,0.8924543815321756,0.9240880579781712,0.3857798914209741,144.79397583007812,139.86219787597656,-6.444270133972168
0.7672502270376866,0.5277538057477187,0.6629436833182453,0.8690593358980182,0.8183446137666954,0.6350771272011647,0.4174629657208509,158.4458770751953,88.52729797363281,0.8812059760093689
0.8914534255660653,0.7992672436376539,0.9279581354074368,0.9905593697786284,0.4570207221327858,0.8469239278385898,0.576564806970524,142.6055908203125,59.915199279785156,0.06879205256700516
0.6615664033230362,0.6638657968830567,0.6269625127283621,0.7917951785594344,0.2804902175362059,0.989519079201783,0.7619874959859441,154.2873992919922,117.81224060058594,-5.063778400421143
0.6852399734850325,0.4970690185770829,0.979230006269506,0.6889174132209931,0.3438700830341025,0.8641829402959982,0.7131171630008646,151.2713623046875,84.00856018066406,-0.5019192695617676
0.7669081560910451,0.6802010329708871,0.6544753784627837,0.8459772833999994,0.1244589062525394,0.6075398718658096,0.3659764842464516,148.3499755859375,73.49620819091797,2.0908496379852295
0.735107972563732,0.9255017670800764,0.5149475000326752,0.8794893565828233,0.7221378067111924,0.9574101842459216,0.9679038856280362,141.622314453125,47.039363861083984,-8.869762420654297
0.8227516098239237,0.8636706719274343,0.6291298980051232,0.7136918205802762,0.5572800307974874,0.8456152156732293,0.5232145685621208,146.01100158691406,49.85285568237305,-0.8994528651237488
0.7004765584674804,0.675361170703341,0.5878259684156821,0.8510716216218424,0.2352256342033268,0.7667550178011935,0.5599052475783367,154.8509979248047,84.72937774658203,2.02728533744812
0.8373374537801568,0.5404401298458481,0.7534553272121257,0.7330273976870738,0.6235104459969568,0.8526297142256998,0.7400359951912181,152.7108154296875,49.24021911621094,-2.3857712745666504
0.997590409550912,0.4707743053593887,0.5589617273271212,0.9480973636899834,0.9791696225014084,0.9452476455189872,0.9588793615090592,143.63754272460938,22.577129364013672,-6.097876071929932
0.631791472639708,0.9188275109680252,0.8122913012170782,0.9449164854514792,0.1236946709203484,0.7755443571151179,0.7666199173380998,142.49185180664062,41.089168548583984,2.387916326522827
0.4406512729750051,0.8109247525278824,0.9350987900297424,0.8101053014536292,0.4592510420249083,0.7984270441421071,0.965418622374498,138.58074951171875,33.16083526611328,-6.9727301597595215
0.5047691672933481,0.7224017894951158,0.6822393348657896,0.988658203914034,0.4948682242484254,0.7651236806608801,0.4432597207083112,162.894775390625,101.15784454345703,-6.88504695892334
0.746683033692648,0.919502172081653,0.5864874872849799,0.992989995728375,0.1680262660724392,0.6047353634933927,0.7367554993364012,146.06997680664062,23.371232986450195,1.0052738189697266
0.6283766323251604,0.4334441439725413,0.7007485898187507,0.7102506047663463,0.532230212168311,0.9064129587374464,0.8797324576261295,154.47283935546875,74.67369079589844,-4.718493461608887
0.9651790373947996,0.7931708147849024,0.8912107542527279,0.7895227938313681,0.6065091629577477,0.6274601611537005,0.6620334127370087,148.74786376953125,-0.9641292095184326,1.2159080505371094
0.7884816010541681,0.4943963867632868,0.7952353587857532,0.8668485877040495,0.1585885961021552,0.7406858471795648,0.5620839516969437,144.62326049804688,47.02702331542969,3.134798765182495
0.7279360711737939,0.4327303044034527,0.5532505281656924,0.6954862930128343,0.1559721162570018,0.7374147265585824,0.985827123943134,141.67332458496094,33.561767578125,2.6631572246551514
0.8849292737657182,0.6540518083266069,0.768438070090468,0.7944898646048114,0.8564831841345055,0.6923276538519844,0.4115402968022117,154.6512451171875,52.21300506591797,0.6572831273078918
0.5799429262572814,0.6038801240776036,0.7343363678336564,0.754105116881369,0.3123869685599912,0.7440371716448029,0.5952681178795538,158.87399291992188,90.62322235107422,-2.8083460330963135
0.8971971673399007,0.9591048671780742,0.6647661766502682,0.9837738182965045,0.6308266289338876,0.8350295558764571,0.9100165117398452,134.4985809326172,3.0954344272613525,-2.882979154586792
0.4354757124232557,0.5632033660736511,0.5577006035844567,0.8041071740040757,0.6272719691155799,0.7055632377838419,0.9284660508297994,153.8644561767578,7.652040004730225,-6.135666370391846
0.7840894282986028,0.8781076247366939,0.9875148041164804,0.920818414274532,0.8393326119299405,0.6469252560144422,0.982848442930643,124.71466827392578,-75.34567260742188,-3.401010036468506
0.9622247510602449,0.8357233964275901,0.5902137061995951,0.7958361599469503,0.740213957205322,0.9411617577601276,0.9178258267289272,136.84922790527344,30.89379119873047,-6.127298831939697
0.8791741052245101,0.783827772805186,0.598454938962497,0.7111019521420773,0.8407359386240507,0.98400384558487,0.3502639406190724,139.91184997558594,78.95736694335938,-2.087744951248169
0.916360608149846,0.9457798590998854,0.5751813963713441,0.9542212159156868,0.6257161566909766,0.7677146911875317,0.9483984951313028,133.69186401367188,-46.4918327331543,-1.8922945261001587
0.6581696595211471,0.6170502391758381,0.7847264632069151,0.6674222455972754,0.4502375225879104,0.7121637772781617,0.607000401960232,157.17449951171875,50.263031005859375,0.11169791221618652
0.8997415426731439,0.6053415202761487,0.7222871750973365,0.6858800812646481,0.3944356033523131,0.5941333289177902,0.7590861088510088,146.1245880126953,-6.985279560089111,0.08981338143348694
0.7451664287718689,0.4586257847173933,0.6264927730606169,0.7884160013464193,0.3799219241277409,0.5896447488014926,0.5839333191352745,158.58370971679688,53.71023941040039,2.6919565200805664
0.7834465364067746,0.5322740840089255,0.7152566842819089,0.8956293188180056,0.4192227706117674,0.7399731090702565,0.8693796855206491,143.96568298339844,-15.228682518005371,-0.6934266090393066
0.4670537838687164,0.9197214274872704,0.8357191982312553,0.7808764494742354,0.1305978122324644,0.966865078387253,0.7075632999261348,147.1566925048828,112.42433166503906,-1.7770307064056396
0.5476954960173013,0.6596796824242729,0.6423555054867824,0.68932802772734,0.4247792094744462,0.8826151506742504,0.8910754866323307,155.59835815429688,74.3214340209961,-8.978302955627441
0.7452414813490866,0.5743478410341367,0.9550098759533048,0.7729432501604795,0.3903205318304966,0.7215583721821599,0.4474661870897893,156.59510803222656,75.61219024658203,1.678720235824585
0.4669891730152221,0.4940113493936383,0.6545181531592305,0.74872266601593,0.0360106084294883,0.9828274052528128,0.4414846495940975,150.8190460205078,128.05357360839844,-1.2519185543060303
0.8529337022045811,0.6664650564008695,0.6011376722860858,0.6690853545610558,0.2761878405303565,0.7551211569070038,0.6153104964217215,147.91171264648438,39.17080307006836,0.6738390326499939
0.9086845334778352,0.8150931953796625,0.9744153050221755,0.8450679136054398,0.752207232499467,0.6909562157071313,0.3188156059571269,142.05050659179688,41.58514404296875,0.7181705832481384
0.9540864298837388,0.5392851423767142,0.9033477808970104,0.7060602652034327,0.578521972900483,0.7541058269853211,0.7871506004630484,143.99819946289062,-22.848533630371094,-0.8398115038871765
0.4912814703260464,0.8414256133830424,0.6726746909101051,0.7628560754141075,0.8063816221736141,0.6634056150244344,0.5170814490915773,143.461181640625,56.678955078125,-0.5974933505058289
0.9650307161301,0.7593652280329801,0.9185827282219534,0.8804344615485605,0.5433204131430667,0.9480320458341988,0.6948902189832864,150.12721252441406,62.40909957885742,-1.386359453201294
0.471975105231023,0.8605704714403244,0.7593710474110951,0.9083339447266384,0.8542218293240463,0.7265846065162067,0.3632273770692784,148.94419860839844,62.205055236816406,-2.971127510070801
0.7017602190199033,0.5163323867054651,0.6744586297565413,0.7548642352996668,0.7962972582387822,0.8519019870414355,0.4317254317596051,159.6829376220703,123.6598892211914,-0.7758501172065735
0.908794221278584,0.7601608681369936,0.9176844297168316,0.7767175411717422,0.0996223783374691,0.7383539253473572,0.7395114903241511,137.7005615234375,10.580082893371582,3.8552167415618896
0.4734965785041483,0.4539995271987073,0.8745295994464614,0.7493637173223956,0.9769493063627082,0.9548269177795764,0.5236214499364041,148.36737060546875,121.94966125488281,-0.5361894965171814
0.444052292906438,0.5887444128950308,0.65033752273378,0.9853822413203625,0.0162178606774317,0.8453201049765752,0.4617254788299487,151.7114715576172,103.72592163085938,-3.113821029663086
0.447849654384085,0.820029005875378,0.8027320339269155,0.7306181454127904,0.5973844498014905,0.7802415739637887,0.4713389235953045,150.73158264160156,76.8835220336914,-5.439478397369385
0.7227997535194902,0.7605715530863846,0.6856303397498739,0.7281783997615286,0.792747312044704,0.6298800826112564,0.4617917862036559,156.24697875976562,33.83095169067383,-0.1443893164396286
0.8925940748745033,0.4758894254602351,0.503855533662315,0.8152267863004763,0.3328611197067151,0.9549051345722795,0.7395058952322571,146.5771484375,53.25727462768555,-3.287893533706665
0.5057877446663345,0.9059726444674958,0.9779921385952332,0.7302147854147866,0.5991134552080297,0.8049697313052995,0.4297154647885317,150.6090545654297,73.5205078125,-2.8451857566833496
0.5041954389464867,0.3896076343785085,0.7745781543928971,0.7193782606632785,0.3630415266071878,0.6944439698064333,0.5624465061844823,155.25962829589844,83.63578033447266,2.7491636276245117
0.7551819905533093,0.7371888305979544,0.7986626782726194,0.6991568960077588,0.0620125793550284,0.9447758243068648,0.7837705849990934,143.54901123046875,64.92865753173828,2.0806846618652344
0.5662077778209835,0.9864608790892896,0.7993826074440202,0.8800958541749394,0.0099419110532926,0.5970713845621397,0.6651959702406459,143.32574462890625,44.018043518066406,1.9347602128982544
0.8465829082866445,0.6963211928264101,0.7750777659334137,0.8707582268153005,0.0962052711953021,0.7066988820019735,0.722102410115742,141.3148193359375,13.584346771240234,2.850759744644165
0.9706363968297748,0.8689794549441363,0.6464749018512826,0.8834173775042544,0.0997472038540751,0.8007522553704783,0.4863537077550128,143.96168518066406,49.863189697265625,1.4493812322616577
0.8668341238851474,0.7371665623178124,0.9828088846563472,0.9243518636970812,0.6114138837444149,0.7175661095047449,0.9504052146128414,137.69163513183594,-50.84231948852539,-0.6242177486419678
0.929669981894296,0.8577004481280726,0.8101295433089113,0.7757748829541679,0.5265243040074002,0.7753784305316167,0.5972757543252116,146.89854431152344,-2.63380765914917,0.5418738722801208
0.7275012323186956,0.7759188171407667,0.8344358570182568,0.9725953610970648,0.4562341281907317,0.6856882098268129,0.5108947631638492,149.68092346191406,33.438316345214844,-0.8580617308616638
0.9043099004413562,0.7987147261870313,0.7277764621793159,0.9110229461129572,0.6923169534464515,0.629010330838446,0.9310833292556936,137.6111297607422,-49.11338424682617,-3.308570384979248
0.5371522652781641,0.5015157794432745,0.6453958923145484,0.9347930218802886,0.0182932511069371,0.5896458457697337,0.7615842722937609,139.5351104736328,66.07300567626953,2.766610860824585
0.4723866252208065,0.8312293150892138,0.5350925871549579,0.9069531879170528,0.2720471499403676,0.6406485819712016,0.7334449229984032,153.0535888671875,42.62596130371094,-1.1231664419174194
0.8045984939507936,0.5079936521530277,0.6761748727307838,0.7864451027985366,0.7776525333378466,0.97645170100513,0.9191101958291452,144.13748168945312,58.818572998046875,-6.891845226287842
0.4631172350749366,0.9844209114957216,0.5902404091584851,0.7613721736040334,0.9100264461117136,0.8170398401756156,0.3554252531714965,124.24239349365234,65.51432800292969,-6.677103042602539
0.938323499970391,0.5015004101289853,0.8300767288656707,0.8077410496633052,0.4391346109290216,0.7805406152514816,0.885722328190754,149.5184326171875,-14.04796028137207,1.3247158527374268
0.8247261011054959,0.5072073047532304,0.9371245145144776,0.6995394641790629,0.0828484573391576,0.7363595597480725,0.7769490787239248,134.12892150878906,14.004392623901367,4.535914421081543
0.9720867506510228,0.9061846118568476,0.6527458088337075,0.8173028807871615,0.7989546728185909,0.8732042191387425,0.5605996022980686,139.17083740234375,58.82862091064453,-4.651337623596191
0.611205835010596,0.5112496559970401,0.6676138520538223,0.6816250120139968,0.8852591506096744,0.6337293867590589,0.4900592454955748,157.8857421875,82.02325439453125,2.2553772926330566
0.7086023281214687,0.5868879244585045,0.8341610484070615,0.668595405823659,0.4144974562155137,0.6906763264191919,0.3869145156306722,158.6314697265625,73.75934600830078,1.4831111431121826
0.8530714018157539,0.81379411710785,0.5770017894075746,0.9769419533405173,0.2444627790803065,0.8510292937369301,0.9560947122598628,140.85321044921875,67.93075561523438,1.4822375774383545
0.5710039929884811,0.4572153281846835,0.9620134508949773,0.8964399845918132,0.0453956919069095,0.7763622831523315,0.4121697081605307,144.57603454589844,97.4737548828125,3.4969418048858643
0.7400878358718677,0.4574226297936568,0.6828946526963657,0.8540584974436356,0.5916383695106436,0.8992444344595577,0.492160448301992,163.09677124023438,121.25403594970703,-2.6129157543182373
0.8065852824320321,0.6673619198546477,0.5532782789349475,0.7806762414843444,0.909919000985052,0.9528755295414252,0.7859623923497143,128.23196411132812,41.033958435058594,-8.124460220336914
0.987129962542278,0.5117056605729859,0.589542884706266,0.8569476700881813,0.678305779853275,0.92174111360817,0.7989249598147207,144.47821044921875,45.05727005004883,-5.977452754974365
0.8547748088063118,0.5065491423058419,0.9636462682544616,0.9636702914604792,0.318238825864954,0.6518636170109171,0.4250038720295856,155.98712158203125,70.50745391845703,1.6786423921585083
0.5005322059244898,0.3613117835324027,0.6252896733398944,0.8841544555485038,0.6433616366255414,0.6127066490708559,0.8696948694611101,150.33016967773438,10.190932273864746,-0.08308831602334976
0.7024823242075902,0.5930117545016031,0.830165823112386,0.8675668122536496,0.8322414181470937,0.6456284313424308,0.6628928992227243,150.89468383789062,47.593849182128906,-0.8825793266296387
0.7666159068432854,0.5595284820736708,0.5804038721655067,0.8202694876381597,0.4765685574779341,0.9049184868419128,0.8930574737912326,149.2983856201172,83.05340576171875,-4.802713394165039
0.5166407724353889,0.3753704563913915,0.5991255070858984,0.7822037549658993,0.8199410571497329,0.9599358171868664,0.3749897210407146,162.28143310546875,141.52276611328125,-2.9480299949645996
0.6779638845263379,0.7538778492561535,0.9372401583146472,0.8995017502053853,0.3927813887560215,0.9648412445842908,0.3447325309174319,159.4203338623047,120.43058013916016,-0.9358974695205688
0.594312231354905,0.7573558144043959,0.5763907311360913,0.99339126101081,0.349446289543256,0.7000017657177171,0.7491294634190374,151.0730743408203,41.940711975097656,-4.19662618637085
0.5009260917134765,0.4008006763683098,0.5125897939555683,0.8084859005472731,0.5835570221001216,0.9289059216623708,0.4176906822599546,164.7985076904297,121.38610076904297,-4.171948432922363
0.7232360428959792,0.5587529697001388,0.7506948002489203,0.7976644725805895,0.4654426050731669,0.8005019267835685,0.6728719850727318,159.51626586914062,58.42573165893555,-0.5091872215270996
0.5273883404700943,0.9152499014811728,0.9290917850460854,0.8096014625085245,0.9770546912554252,0.9214959038372992,0.3251843051849333,121.5474853515625,118.79228973388672,-2.281367063522339
0.7676146964573638,0.7288187430253111,0.6642128595840283,0.8087472818827117,0.5170635383281569,0.8056233394619546,0.8464164013179297,150.294189453125,15.960116386413574,-4.1861090660095215
0.5296859027889281,0.6196482103775613,0.5665844240938914,0.9965971613493028,0.3860544362470264,0.6356859135350283,0.9278190703809114,148.3415069580078,42.27452087402344,-1.5209565162658691
0.8428408589015643,0.6537268596509751,0.9880669779116836,0.902238030249327,0.3958004551777764,0.6075339867885264,0.8865412831496142,138.060546875,-13.075193405151367,-0.41318562626838684
0.5441279961839789,0.4889874440214627,0.8373066773306916,0.7866873791253364,0.5485639825779606,0.9782557552151916,0.9678548874499792,148.90460205078125,105.26547241210938,-5.358278274536133
0.9404739713108056,0.8761699476989298,0.923151933513344,0.7907822282737045,0.3558424795964994,0.753873307359818,0.9302458754475468,143.02806091308594,-22.513538360595703,-0.043367255479097366
0.4485629412153304,0.941677269475146,0.8745163763519685,0.8104935229027324,0.723252894482488,0.7220866830449963,0.6177887782290006,144.22503662109375,28.962568283081055,-5.287451267242432
0.728864515427502,0.9395343882387066,0.8479187188412907,0.6794878867547387,0.3815524927125202,0.7245282289629509,0.5867050312189371,145.1790313720703,24.944501876831055,0.39799535274505615
0.614721341224564,0.4990290172454346,0.6931186265971685,0.842745719298169,0.3850284251204199,0.734083957093727,0.9255413769042176,152.01873779296875,35.72834014892578,-0.42557987570762634
0.5609956285015365,0.5547109797437648,0.6633980658587164,0.9370111162882656,0.6174876989149677,0.9730950688301472,0.9464739054636192,151.87232971191406,96.20005798339844,-9.324913024902344
0.7003731298920832,0.4584175375161488,0.8571552175653405,0.8868762800934409,0.0622441089326117,0.6005607984747597,0.9777123865500146,135.8876495361328,43.05315017700195,3.5431466102600098
0.9097940794906444,0.5524407885587842,0.8570340201073974,0.7332447156010766,0.655808441166009,0.624356544535807,0.8385130342902808,148.8099822998047,-39.57312774658203,-2.7808144092559814
0.9512114569532718,0.5688647256437839,0.9724514414233492,0.9093041595005028,0.5056644554614178,0.9075029101815572,0.4530590785665579,156.28977966308594,79.2016372680664,-0.025663357228040695
0.605191452530851,0.7614935477148399,0.7839698192198078,0.9064533601198804,0.4538008110566812,0.8060644263493626,0.958735491315656,145.12664794921875,25.131683349609375,-5.160314083099365
0.5209491304295918,0.477034841492409,0.6487318046623725,0.7545595926128843,0.7196050829134055,0.6283574156262377,0.9602242304740892,152.4859619140625,-2.020012378692627,-2.7478296756744385
0.8408878164488401,0.9451361290023006,0.7449186875246165,0.8743459462836081,0.758545961762349,0.5886350154720034,0.7689633740082278,128.04312133789062,-62.91432189941406,-3.5321226119995117
0.7627872174224932,0.4215189928447127,0.8062039528947997,0.8703815097639147,0.8464113452190511,0.6687642449599528,0.8990629768865781,141.01490783691406,-28.676864624023438,-0.4038132429122925
0.5473927152370178,0.359797368501946,0.7139274017350913,0.9464543497579798,0.3757019875981934,0.6842080604256118,0.6975290304272986,158.40411376953125,79.6455307006836,1.77601957321167
0.8635902708623058,0.9037932771692048,0.8937603225509914,0.7125181847033316,0.3280123811615243,0.5800859871990848,0.958172489487904,147.27120971679688,-5.388131141662598,-0.017940640449523926
0.7271305659053264,0.806821287175252,0.7918428141098037,0.7320538371399077,0.7147019891721126,0.6653256470040423,0.3795165235762099,148.07583618164062,63.28483581542969,0.4133576452732086
0.8031523388832771,0.5833323951317707,0.5079929140393673,0.8288345499238602,0.5823751344556408,0.8858285217983118,0.903611847402613,142.79348754882812,39.02971649169922,-5.399029731750488
0.636903052820099,0.7373710146454566,0.7845521835672669,0.6819588269696067,0.6322924576729863,0.9352784171242898,0.3533584461157554,160.38108825683594,82.19341278076172,-0.6462700366973877
0.6819957928516701,0.498778663679245,0.8160196461818752,0.8054396785067213,0.556134901998878,0.9533509596586244,0.5463843660162264,158.78309631347656,110.88001251220703,-1.5846091508865356
0.5357043151775063,0.4633996285584324,0.9550175131142372,0.9293113999447508,0.7729602855004433,0.7387199325369078,0.4076868368890854,157.1116485595703,98.85798645019531,3.3026115894317627
0.8614532332874892,0.6576058635901758,0.707507895861919,0.7167207935795068,0.191233044079023,0.7089522669881426,0.6416901312886414,143.9582977294922,42.057037353515625,1.9098498821258545
0.5225138943926739,0.5819391313270513,0.7868359870579561,0.8201844633046078,0.5563238272604938,0.9962605539588538,0.4736527953675955,160.12408447265625,124.24636840820312,-5.382322788238525
0.8737707027079259,0.7500271199583386,0.7377474717467201,0.9963127540897644,0.1593446441797589,0.8989268769027361,0.9635803039446332,142.0739288330078,79.79060363769531,0.33161661028862
0.8849113819819923,0.4953180739192473,0.7657086586927389,0.8354667002271455,0.4080992973022754,0.8009733710371479,0.6962664223487283,156.97598266601562,12.189536094665527,1.1164792776107788
0.8558476863328466,0.7806229606983577,0.5365509223579445,0.8329414981118011,0.6644336331977807,0.6816580571657479,0.9265943412324296,137.70103454589844,-52.719276428222656,-2.7449111938476562
0.4447260477966688,0.8472917084174916,0.9461455812988342,0.8530434675039769,0.4937827374655134,0.7097510194858296,0.5048335314309554,150.18917846679688,34.44279098510742,-3.8986287117004395
0.5881652335380938,0.4622748356480277,0.9526245767738772,0.729117104861876,0.3804828023931676,0.7916893907972788,0.3332624381644734,160.02809143066406,104.6422348022461,3.486882209777832
0.6985271901375709,0.3835185062051632,0.773803623322846,0.7162053569238824,0.8850590369150813,0.8029708946813991,0.8435072602579784,144.1560516357422,14.874001502990723,-1.959166169166565
0.7704454659060862,0.6373604515636591,0.7779963500883826,0.8924567299551005,0.7730927661618908,0.5798603512600534,0.7936332971047169,139.71986389160156,-33.91593933105469,-3.1105880737304688
0.9534417648391172,0.8518861636791932,0.5317402704170616,0.7988484576516474,0.5269491825271425,0.9791766217799333,0.6868536719165093,145.43594360351562,55.939945220947266,-3.600951910018921
0.6460998225984643,0.7728306660620365,0.7984247677332097,0.7636573448344013,0.9500388791486284,0.8171256019310059,0.870519486495333,121.3427505493164,1.4818861484527588,-6.689091682434082
0.928453287875189,0.8056101662945003,0.7151226531551942,0.6777191698131594,0.4251854819700362,0.8228477233597171,0.887359122387977,142.77029418945312,-17.188678741455078,-1.4695630073547363
0.5261423914470339,0.6137882832242492,0.85324918460706,0.9485363174830116,0.7883157760543443,0.6633751747716382,0.7157198613532764,147.66770935058594,36.38146209716797,-2.424978494644165
0.6436543417202301,0.506092163973425,0.5265925164385119,0.6780307385877,0.1691634839772418,0.8970887749920735,0.97301056299181,147.3263397216797,58.51886749267578,-2.1059372425079346
0.4633035270845585,0.6964970226632206,0.8541592239087896,0.9166006291942932,0.286832638056804,0.8853833105658302,0.8054313451714006,142.3601837158203,114.60671997070312,-5.4326887130737305
0.85352308722292,0.4864766008173967,0.6449183935508174,0.79426815206028,0.3390427329880941,0.6142637394276724,0.7762759544582505,147.11187744140625,2.5959761142730713,1.6991934776306152
0.5189189785185483,0.8212276278938805,0.8249527524635245,0.8663055100677812,0.1071465980761823,0.8253119381978566,0.5615722055467883,147.83477783203125,77.99378204345703,0.8079198002815247
0.5790553837733632,0.4817303313284052,0.812822848759871,0.7496192771527452,0.5025020812655243,0.8519968972772074,0.3171188453186266,162.0968017578125,129.6280517578125,0.7907598614692688
0.8720354015351677,0.542217382632099,0.6152825838439345,0.7189431794297814,0.1934487669160146,0.9268905102385216,0.4795718106003053,147.28587341308594,65.76937866210938,0.6557443737983704
0.736055589249952,0.680310534809446,0.7206994735091308,0.8445978865559098,0.6346730159002313,0.66110357194274,0.8355205370112719,148.83580017089844,-25.12289810180664,-3.3467860221862793
0.441644765624723,0.6675873978562175,0.9157211249263538,0.8985279231088263,0.1912844334554637,0.9446524917005672,0.7987335809757059,132.82029724121094,111.06076049804688,-3.207505941390991
0.4350087767801749,0.7408025813253281,0.8021956631174609,0.7322715092018046,0.1248040290052059,0.7689380093323925,0.5408816232483112,148.86265563964844,78.06439971923828,-1.9602705240249634
0.7224551022040728,0.6359859604402764,0.5372587150389233,0.8123425067680352,0.9690422374644708,0.614840362315079,0.7413653638300866,132.98838806152344,-5.91851282119751,-4.4479875564575195
0.6061564728513184,0.9451851259036804,0.7219117485963655,0.8151003546358361,0.6586892486406658,0.6186816843215183,0.4484980111287961,150.2729034423828,43.834686279296875,-0.19280563294887543
0.535686985371676,0.894164391498282,0.6571954982402579,0.7390816241334746,0.93645823017564,0.6576046302078653,0.4950116868273093,124.46822357177734,36.69524002075195,-1.3675692081451416
0.7806500684582546,0.9192961404972128,0.8199883177258964,0.8551231046298113,0.4906039750870173,0.6934718731373857,0.9604057019740512,141.47097778320312,-54.99610137939453,-1.556429386138916
0.5628952268764728,0.759191263621153,0.8066234890910537,0.7157970676130406,0.0348432641456407,0.7836844382774735,0.5968002224837171,145.65150451660156,70.34129333496094,1.2794958353042603
0.7685587108946835,0.7627137076069056,0.5084678452348587,0.8367396283070279,0.5749532458729911,0.8902333827774824,0.4823248608748039,153.3708953857422,88.88214111328125,-3.9424796104431152
0.6481690490826362,0.7461582765551251,0.803233920211692,0.7049917007052832,0.5589364275584664,0.6529268828952266,0.6471168128169865,155.7181396484375,39.28520202636719,1.426458477973938
0.5393249849181394,0.6343435524726219,0.8659844488673415,0.8286925707111348,0.0164456575364543,0.9932166423840468,0.5789920313582202,146.16636657714844,113.47908020019531,-0.03970551863312721
0.5118247579631325,0.5620015730009668,0.882704404508159,0.770868560814628,0.8613687453056307,0.6422848957668033,0.8121130444082021,141.63124084472656,2.0050313472747803,-2.507908582687378
0.567657942291743,0.7351279670177373,0.5324409089007013,0.8176239386433752,0.6204803720770378,0.8271628436712459,0.9704162569523314,154.4307861328125,14.26634693145752,-7.780909538269043
0.4506111208322733,0.3717629368762902,0.6531917148369637,0.811475001121674,0.7450028813969832,0.9663155053110372,0.7183294344128774,157.70016479492188,133.53485107421875,-5.615904808044434
0.607949501106777,0.3601683984815699,0.711234749564908,0.9691079661006164,0.4946308868286778,0.9255981551118746,0.7179277074551071,158.251953125,131.69589233398438,-3.4040839672088623
0.9436793630060144,0.9016743612044362,0.5920536644066983,0.830152999752592,0.618914618773912,0.847645962881491,0.5638945231085514,142.474853515625,51.98810958862305,-1.0482618808746338
0.9037687445895406,0.3851643236803802,0.7109684130296022,0.9393773380377624,0.2585550130210742,0.8761906211425079,0.6998802366281502,151.53152465820312,78.57892608642578,-1.240451455116272
0.6440632533638376,0.692017306006354,0.5384387881585332,0.7422973017336268,0.9737058628948416,0.6307510078902527,0.5329229540517679,132.7855682373047,45.1497917175293,-1.6827983856201172
0.7593016771195373,0.7498717036562816,0.5592090775939768,0.7843265752480486,0.4015777342497713,0.5781648301919619,0.3163249001656765,156.02664184570312,51.674888610839844,1.6318867206573486
0.754511299399341,0.4825031380201411,0.8333370317781018,0.6922456216156081,0.1635627701379606,0.7573973731840193,0.9050632516661652,139.6386260986328,42.855960845947266,2.082308769226074
0.902284893154212,0.9299554272077656,0.6329158090459459,0.807152889444775,0.0573204827281129,0.6118827389065363,0.6078694805432177,141.52130126953125,36.47183609008789,3.7967770099639893
0.5673354002180595,0.477323104561757,0.8544149380430734,0.8895796330270875,0.63665590691996,0.7251402482980951,0.6505064583014903,156.82464599609375,71.28579711914062,0.7260645627975464
0.6013124049525835,0.9227609765865864,0.5270779283523424,0.9459156169152908,0.9833126723512612,0.6685566935765953,0.3724139352889807,125.09335327148438,49.76448440551758,-2.1559903621673584
0.6043642181764882,0.8448084796195723,0.7810301577415744,0.8554108114447673,0.8958663497034938,0.9609980043164996,0.8853350568476313,118.35421752929688,79.22486114501953,-7.828351020812988
0.4568515611870503,0.5098109337676183,0.6965161726910274,0.8800630837073911,0.7024838808425882,0.9456748069314856,0.4315162849791462,162.14511108398438,136.97251892089844,-3.848275899887085
0.6116588099975179,0.4520808661442523,0.8966415061692408,0.7262125656029285,0.9905192922988224,0.9198707231174734,0.5950582362078966,147.69349670410156,83.33438873291016,-1.8687191009521484
0.9300874537397033,0.5582341280153059,0.8902162333589917,0.6796520575861762,0.7231746789152811,0.8755367071745895,0.8874824331642367,144.90512084960938,-0.6275893449783325,-5.034724712371826
0.949351653536131,0.6106523605495189,0.6886749459729699,0.9304646343275758,0.3402064248914777,0.6391392472162898,0.6271574476434045,154.55435180664062,40.15267562866211,0.7315487265586853
0.4957291386022723,0.5130449663270465,0.8106455473421014,0.7228121810712091,0.6017575920345001,0.5945071536131259,0.9493417215375604,147.75466918945312,7.630857467651367,0.6001113057136536
0.6927156818047562,0.9961282610283236,0.615631677708427,0.6975911494255339,0.0811338457623755,0.8501788028010411,0.4580449360755779,151.66427612304688,68.58274841308594,2.4257891178131104
0.6493466782482791,0.5026968147288744,0.7897669689153994,0.9789576039526456,0.2228244184037415,0.8452683328807827,0.8023827719297233,135.25241088867188,68.52999114990234,0.15497717261314392
0.7104120002555419,0.8881993408398641,0.5434404853688607,0.987587171762031,0.418371262451463,0.7300684529825048,0.9812261341074028,143.4751434326172,-28.2401180267334,-2.176694393157959
0.7473644911270376,0.4574521317073228,0.7178134572747433,0.8721461347633215,0.2029919535556545,0.7736693986207878,0.6896591782855342,147.48394775390625,78.52930450439453,2.2500722408294678
0.4451986777144819,0.9841671203696992,0.5935124364798404,0.7931540835523642,0.953481265221224,0.7806205286129362,0.7866952279675046,118.18894958496094,-12.691004753112793,-11.993987083435059
0.9099199930007866,0.5000483301111865,0.9392847092913909,0.9442775697816544,0.995510953763864,0.6753907030396225,0.5832192070156274,146.97865295410156,4.805010795593262,-0.7718837261199951
0.9842213924659976,0.6258791844214754,0.7228947933530881,0.7353387303448274,0.3718409256389965,0.7067367541520865,0.8269561925636469,148.1932373046875,-15.813109397888184,-1.323237419128418
0.8031577734594689,0.7136785071062828,0.7948830368141591,0.8100265924500949,0.7095969902377842,0.7507432818670441,0.93417869833252,143.26840209960938,-47.38565444946289,-5.103900909423828
0.8071421470580713,0.4325431757305661,0.6811847154691356,0.7859669531227172,0.4086172651528537,0.8287677834682128,0.7940946936420996,148.9355926513672,6.231178283691406,-0.41046231985092163
0.7322467995399791,0.8793378103155269,0.6458299917747988,0.9706926165724729,0.1407815732131759,0.9776646508264002,0.9525926144370506,149.02049255371094,105.36427307128906,-0.11908486485481262
0.6227318083712117,0.5315835314874326,0.6034772319616033,0.9730453656826856,0.3378858387126965,0.801451563749918,0.7162298792095743,157.63775634765625,82.8282470703125,-5.173059940338135
0.5179720286150674,0.7077167291762002,0.9533447126347268,0.8836577359312201,0.2344950716220096,0.8828074219938133,0.7083924057556684,144.66525268554688,115.89262390136719,-1.3222742080688477
0.7639544813073333,0.7079501600601958,0.8978724870688657,0.7040970078919385,0.3290512575967231,0.9148285052681308,0.522916846450258,157.2252197265625,81.4006118774414,-0.15105322003364563
0.4591533990889367,0.741951602140873,0.5691007166352645,0.827579056402275,0.2161741898361811,0.6220118059372975,0.7985676710245636,149.373046875,29.62141990661621,-0.5977262854576111
0.8998905852934127,0.3909771410063892,0.8718448671824469,0.7488381878871144,0.1136606077482691,0.849856557485051,0.91585538630984,143.27120971679688,74.56715393066406,3.278439521789551
0.6717141293457193,0.4635465940913768,0.7098811867995498,0.9614562692508966,0.2185771103762414,0.7776485597785833,0.7554768118369402,140.32940673828125,65.80513763427734,0.5939940810203552
0.6682329036685793,0.4587828250241902,0.5109346297238533,0.7132929088352777,0.9058130703079228,0.8157848783978447,0.4741925689618867,151.26199340820312,90.35816192626953,-1.9970018863677979
0.6187162679966788,0.5491373819701092,0.7640854849273544,0.6853380213393384,0.0865802198150279,0.5903057127277401,0.6859126948792598,143.4935302734375,55.025638580322266,3.0077688694000244
0.9817845617659764,0.4483411842193841,0.5675142610943835,0.9014570774485352,0.325734953565671,0.956720352035086,0.83008709320015,143.19570922851562,60.79364013671875,-2.8320181369781494
0.5326371236366579,0.9467554127694956,0.6069389002326887,0.8179695937923099,0.5291048646912493,0.9763831451243248,0.9549302713350428,151.64073181152344,98.97726440429688,-10.481688499450684
0.5192893292954357,0.6844220436440466,0.8468323718121229,0.9459813893757804,0.3554437317394083,0.5755549434934036,0.4221638830879696,161.04884338378906,67.2691879272461,0.1764550656080246
0.527330910917857,0.7553801145766886,0.6302358965729721,0.6920927870465312,0.5182792769053444,0.6639327178873593,0.4023585747456658,166.73553466796875,85.72785949707031,-0.19588255882263184
0.8060539561308816,0.5846976045724953,0.9434829207491062,0.9335854841081012,0.0448449595325949,0.6501689615074667,0.5966388866816702,141.80084228515625,47.71877670288086,2.9366254806518555
0.9945287143756176,0.5325845897073465,0.8276494458757129,0.6796948461995596,0.6490339272748408,0.9039785191213932,0.4010749804608119,155.91590881347656,52.043739318847656,0.1606360822916031
0.5668746660727855,0.678150369669948,0.9140680124852568,0.6766149672678274,0.5640781673811621,0.8266148218084819,0.9828803033563218,140.56919860839844,30.01122283935547,-5.322289943695068
0.9457501320500123,0.5441800441534907,0.8069322210226844,0.8206389001956855,0.6813791338349418,0.6489611551703437,0.6043712899007597,156.7572021484375,12.833349227905273,-0.82582688331604
0.5912653299297121,0.5758184403765289,0.9321133738628192,0.7408475396667052,0.5678511829015662,0.9177714180062312,0.6787671496633201,153.73013305664062,118.08425903320312,-2.702165365219116
0.8000454961061401,0.6458042285178474,0.6818276540925745,0.864653630399612,0.4387022844767564,0.7233340597250676,0.4701419054196366,158.49118041992188,47.41260528564453,0.5765442252159119
0.4566417890994398,0.6797902572844402,0.7743370802041418,0.6758659963244428,0.3510795564959829,0.7686744524601616,0.6212654524634211,157.34439086914062,84.53174591064453,-5.63774299621582
0.7139708521457694,0.986777443967984,0.7579281290315667,0.6790481996474428,0.2275695739162259,0.737618986625041,0.9857831592331968,149.12205505371094,1.4760322570800781,-0.1952231079339981
0.8038165117861089,0.4986365735219155,0.9493568036743724,0.9090097111159536,0.5007677504240252,0.7942294937508558,0.6481914454696172,153.88006591796875,30.60104751586914,1.9528931379318237
0.7369619043641411,0.6683996264254373,0.5847220856289467,0.7371488798793132,0.0275049207568824,0.7768174960163761,0.3215873463310498,148.6053924560547,85.89875030517578,3.134902238845825
0.5682090505143975,0.4512903212500855,0.7886091826621625,0.8854964725212692,0.3292136071676093,0.690023608805038,0.4806504941813538,158.13198852539062,81.7310791015625,2.5028135776519775
0.902148871283788,0.5798937935307094,0.8756479325569175,0.916580363395706,0.6782900728701502,0.7533469839925218,0.981536705331755,145.75765991210938,-30.928415298461914,-3.234461545944214
0.9822270297490358,0.8155071564871761,0.6859558210499839,0.6870071163553764,0.1100382875353514,0.957616086035845,0.988759900533806,148.0989227294922,44.8961067199707,0.6942698955535889
0.6933588159225192,0.4672948538649308,0.9314875835071784,0.9231730486943948,0.0642852333543452,0.7864240362516571,0.4588472406360058,142.71728515625,80.95181274414062,3.8018715381622314
0.7932720440820952,0.7282954701957542,0.6874190508073972,0.7565149473426603,0.6526371703737313,0.961014761979044,0.7343421319726181,153.3546905517578,93.02664947509766,-6.732433319091797
0.8806176628289858,0.6226799133740153,0.5888642017374426,0.7967804591775238,0.3986371231480758,0.8063674034884982,0.3679268957655102,151.15933227539062,64.70209503173828,0.2659613788127899
0.5702747136578928,0.3884713387101479,0.7915640574588612,0.6960851268831215,0.8020460551233943,0.8987059816627609,0.7085994514570368,152.26205444335938,91.09902954101562,-2.7673676013946533
0.9224757114525064,0.9539101380297532,0.7108865606174617,0.9460695151914632,0.9373172536694188,0.698049150591178,0.4012856538827602,118.49388885498047,15.366009712219238,-0.8731309771537781
0.5921610649598487,0.6206927642531165,0.5108326972290995,0.8536867871354907,0.9570150856732142,0.907824642170874,0.8727783211769379,130.14498901367188,60.67519760131836,-10.977286338806152
0.8723732365895316,0.8582381280965856,0.5378017080473873,0.8350495883294958,0.4264110978117463,0.6856904732801626,0.9550743398475794,138.37611389160156,-57.91012954711914,1.3549617528915405
0.4971221357429849,0.6224313276654216,0.5997056099583412,0.9892604410962008,0.2654014588427693,0.582339428551179,0.4333197471724982,156.13375854492188,78.79827117919922,-0.8695446848869324
0.596789034885792,0.9566588191123352,0.8830004683435015,0.7784834395097749,0.6091414580428801,0.6419500685823466,0.6305123748584192,145.2934112548828,21.645145416259766,0.21936258673667908
0.7354355054280363,0.5417087531732014,0.9435575942532156,0.9634055142408384,0.6286895655195317,0.5832273470250361,0.3850340320325403,157.85940551757812,66.07695007324219,0.46413737535476685
0.7305180455465934,0.6198123748848509,0.7726099779845161,0.9065295779465584,0.6228508586788791,0.9739673268811392,0.5464067957214869,158.73104858398438,112.72769165039062,-3.121685028076172
0.914549737305122,0.8421618224286608,0.5554329066893913,0.9759543687382016,0.3227616508096875,0.9963096058800084,0.3598883917794099,149.26426696777344,82.32723236083984,-2.383676052093506
0.996921307712282,0.5758321607862007,0.7670719632689924,0.9690643944662334,0.0651443615166498,0.8959247101408574,0.4956370456536593,145.07667541503906,71.8198013305664,0.14312617480754852
0.4943584093809085,0.5891036842438925,0.9255773998401784,0.9967318060715076,0.2111653039360921,0.6197402019595593,0.9895468008640244,129.3253936767578,36.611549377441406,1.3039072751998901
0.5871786251897069,0.9935185860461542,0.8732033498019434,0.7110569682363269,0.1556681285830527,0.9536505902026224,0.3459394512255345,152.11065673828125,84.0732192993164,-0.5663791298866272
0.6359188506917286,0.7117865126575609,0.6469932338958183,0.9319034739651924,0.1251974918791348,0.888132759759754,0.9002119050685097,147.155517578125,104.27470397949219,0.9013354778289795
0.7045091358046296,0.7975911807436735,0.5644763606145161,0.9347218041679076,0.926306776424898,0.7143698696650715,0.3682973208635343,122.36985778808594,67.27356719970703,-2.8169665336608887
0.7129847234309878,0.7681367625354963,0.9478225090898594,0.8814928186395767,0.0153194880806144,0.7861638449030375,0.6756270533689687,141.2435302734375,59.745235443115234,3.7949538230895996
0.9178084369169728,0.8864605648578574,0.924828901995842,0.7599854314472742,0.6023961829093643,0.8535024150841003,0.6233030008292655,141.99514770507812,57.70060348510742,0.6887397766113281
0.8693929105989311,0.9082064608611476,0.5298449006370656,0.988128004839158,0.9474636136506872,0.584239696861626,0.9496155513323437,110.46809387207031,-61.23185348510742,-3.7596781253814697
0.4444031057773337,0.7166882506658965,0.9098194762326826,0.7352397255263,0.360975408193821,0.7858526581598498,0.4510587609080103,158.93663024902344,89.40287780761719,-4.617072582244873
0.6909987898018104,0.5443295671278527,0.5513107904240401,0.8333575524357687,0.5277552051966533,0.8833274138585715,0.4378766334728544,162.24197387695312,107.85220336914062,-3.888354778289795
0.7831828508028535,0.370010748263078,0.5345668378848136,0.8406416729343111,0.696173010539889,0.653560010889416,0.8251707575990279,141.25723266601562,-22.935272216796875,1.0177249908447266
0.6940369672841111,0.7494967662632538,0.8777056795805309,0.7210805982544793,0.3181600478782768,0.7614684697090809,0.8095201820397311,147.56724548339844,41.988853454589844,-1.298233985900879
0.5076074223785738,0.8848855943355267,0.768005501637418,0.9074739923911156,0.4783875937338809,0.7989373764038102,0.7914581135342977,143.65499877929688,16.00507164001465,-6.484581470489502
0.6584633040034451,0.6443859299730402,0.7079156995262925,0.6968257718423884,0.8172996171335087,0.8846658715124669,0.3333642289952819,162.60479736328125,101.96829986572266,-2.6351308822631836
0.6664811014626888,0.4610368281101889,0.9493920829286232,0.8976902270968725,0.7456663224902341,0.98131043709639,0.4925151536468722,154.17930603027344,110.98218536376953,1.1872533559799194
0.539873222793253,0.5401767936688151,0.9175324231956504,0.9493890004435988,0.808659914633077,0.932256002387016,0.8872303527888289,130.21829223632812,81.75209045410156,-7.402116298675537
0.8613352113914303,0.68251979881308,0.5317735498650835,0.7834335450977238,0.9872666982616674,0.8365113077535559,0.7245371554221482,123.70238494873047,3.951117992401123,-6.742898941040039
0.6154540067663623,0.8920778221995682,0.807375237460392,0.9031164938231064,0.3712334462903037,0.8205180148332525,0.7254470066043517,152.41397094726562,44.61680221557617,-4.416121006011963
0.7667383128141881,0.465557156894321,0.8844500958411234,0.7194000520766568,0.7473991650839656,0.8287710191196114,0.5169881209585115,155.71023559570312,66.55819702148438,2.50639271736145
0.7253212517260192,0.7480513299902609,0.7750033061874442,0.9485025772468516,0.6033215395423239,0.8042780158452348,0.4926603990197095,158.4474334716797,52.67645263671875,-1.1976572275161743
0.929812291712712,0.8386366318329057,0.9884492770611624,0.9837676608883836,0.6670404324297293,0.5991498142502669,0.9598249937131174,132.6981658935547,-33.61813735961914,-2.704904556274414
0.5027281326418137,0.9558167177140018,0.8419006041692858,0.7180436325918473,0.7401932637075084,0.8689296214871034,0.8109057904141883,131.875732421875,47.05295944213867,-9.43286418914795
0.4983454604972214,0.4302454730182047,0.5547309281710082,0.8972785772598838,0.7500350283122295,0.8765469040685967,0.4019291223286704,162.60362243652344,130.6990509033203,-4.308206081390381
0.6035355250538925,0.94962291245709,0.6011963894579764,0.8354371415820053,0.8858329543361367,0.7904716720183793,0.95380291234154,137.2866973876953,-11.664945602416992,-9.597466468811035
0.6775392446085753,0.7411991016400795,0.9110883287232406,0.8439700360942671,0.3502609908826699,0.9415924770729184,0.7119538893015224,153.12916564941406,105.78620910644531,-2.9642019271850586
0.602530632443851,0.8471891188636427,0.995235476955408,0.9021421112255316,0.6539378532270951,0.8580108082724673,0.542474423235589,148.11343383789062,104.56433868408203,-1.4307156801223755
0.865224909651743,0.3898794358328079,0.5518667815093277,0.8297557123110277,0.2813393264078774,0.7272143049365924,0.5858823246278945,143.41021728515625,46.95598220825195,3.1621525287628174
0.5724099771406431,0.6800561196670132,0.55284887101189,0.8668502239154796,0.5951187192938363,0.5824003916017833,0.8093058123631095,148.08531188964844,-9.8634033203125,-1.0183335542678833
0.4816738050179907,0.7547736368918573,0.8800676464894049,0.7440421032665163,0.7514765596344337,0.5990648464029084,0.5716799846145952,147.02767944335938,32.7269287109375,-1.8688576221466064
0.6676933105197543,0.5522051865665756,0.535095202477005,0.7931106428480666,0.7912392865127235,0.7226261369808367,0.7094864048405599,153.3340301513672,42.20946502685547,-4.598377227783203
0.8709872337475086,0.6322691251890518,0.5371707803489983,0.9549156025675614,0.4209514272851861,0.7692015907265681,0.7991611746534655,138.1903839111328,-8.166943550109863,-2.152527093887329
0.9146236640226364,0.7109421089744081,0.9419670285125114,0.7038185549085197,0.5094065119753163,0.6445435076638119,0.4485575774415004,153.70176696777344,38.72666549682617,1.1360934972763062
0.8483531324755906,0.7098194393469537,0.8983581054977026,0.8659356650812806,0.3348137265590666,0.6540257079568366,0.9582504481704492,142.75106811523438,-12.929362297058105,0.549790620803833
0.7491550917890066,0.3822376781125662,0.9383875356583284,0.7285462199262138,0.1702618444224604,0.6712879453206462,0.5579996212686242,144.12924194335938,62.8931770324707,3.59014892578125
0.8431782568288828,0.6372927084431697,0.8243645362282073,0.9486989093019336,0.2615976874101389,0.9036444565568624,0.6010161028087885,155.41395568847656,74.04955291748047,-0.8621342778205872
0.8189793776782743,0.4925399182454113,0.6625080040308539,0.8597753004598181,0.9121829159040088,0.8997491322629187,0.7910038665291472,143.19659423828125,62.29753112792969,-7.515760898590088
0.5662479367021536,0.9434030193309386,0.9506016478401222,0.8012692047257208,0.3099729124284738,0.7357748265831388,0.7299324015716464,150.2443084716797,29.535921096801758,-3.8931267261505127
0.745125285507543,0.981816426080985,0.650756347186046,0.7503328959012598,0.9747058388012598,0.646862952724559,0.6151356013638833,115.51890563964844,-9.131378173828125,-3.2184739112854004
0.869421195764736,0.547595094051488,0.6393008944924876,0.812503985282537,0.2425885901649571,0.6209141074642385,0.7578084865555124,147.81817626953125,19.960533142089844,1.6577389240264893
0.613034231006973,0.4677587875932752,0.94077470181099,0.9856228295096796,0.723417118896747,0.610873761182918,0.9300638458395656,135.9364013671875,-1.1799079179763794,-1.2026939392089844
0.8034790904437751,0.4961872223106723,0.8393221117341234,0.836560154745853,0.5744861117141169,0.7392963748577966,0.8602699657974441,148.43511962890625,-24.582361221313477,0.4495122730731964
0.7059576140117731,0.6618414604037408,0.9453502657036226,0.8233561108449927,0.6972576720765499,0.5933143440061968,0.8765880775346293,138.99375915527344,-35.643985748291016,-3.955132007598877
0.718213852240674,0.9163404160611436,0.58027362068274,0.915367542635054,0.6444295610422726,0.714956995984654,0.4914593240308791,151.62013244628906,17.00511360168457,-1.007519006729126
0.4846591029932168,0.6761355918367999,0.9732945430323516,0.7932903127984235,0.7071205251119986,0.9800773144875612,0.6010355632216609,150.5778045654297,122.95722198486328,-5.726648330688477
0.8104014392580159,0.3909168925770285,0.8057244389907321,0.8093722444668985,0.9056034202380407,0.7883707398495747,0.6925215251248813,148.3976287841797,12.028910636901855,0.6182126402854919
0.9231748729502958,0.3809702149143006,0.8330114607912718,0.7792952244301204,0.5640688766589846,0.9214337544944984,0.3456587311108523,157.7896270751953,82.30512237548828,0.6434965133666992
0.5137054755044582,0.5012462370353448,0.9544249822619862,0.7174539221144225,0.0692349044129838,0.6286653039682683,0.839516910461502,132.34375,48.57516860961914,3.7406909465789795
0.6407286727116086,0.8959843136912,0.6912378537293378,0.9045753320209348,0.2718893538529324,0.687276880035208,0.535737013408936,156.1964569091797,49.770973205566406,0.12421657145023346
0.4612599809134391,0.7540365316717101,0.8584464095160306,0.9575054206242166,0.7085885878372519,0.9737493705245543,0.5079219149899169,154.54547119140625,123.25422668457031,-4.235020160675049
0.4504979221493745,0.7164969186588162,0.819344272135806,0.9683299221908328,0.4947841649485969,0.7360336190053182,0.4920607196458416,158.58033752441406,67.44441223144531,-5.2320780754089355
0.993264091783941,0.55998971173652,0.8920920940416824,0.9600890755401644,0.5491750430540709,0.8478642272318953,0.5084549673155906,155.18443298339844,65.8058853149414,-0.048229068517684937
0.712736960455246,0.9515689364370296,0.945977359252743,0.8174701931560463,0.5971272761348524,0.9862392099091404,0.545640980130799,146.14923095703125,109.10450744628906,-2.4603466987609863
0.6347433469697585,0.5678209986794784,0.8389461947432151,0.761715807994692,0.3835157166483362,0.8066463774524829,0.7272367881296691,156.92356872558594,59.175086975097656,-1.214525818824768
0.5891511545355496,0.890963741114249,0.5367164835200675,0.8793487179782264,0.774160878550926,0.7030123655829577,0.7127673449429588,141.7071990966797,-0.5077263116836548,-6.987692832946777
0.9878106575392196,0.9300661932712068,0.5937160861823567,0.9846563175218894,0.7238801790887527,0.798691773865957,0.4896239290292264,139.69454956054688,17.999427795410156,-3.0590009689331055
0.5763590243816792,0.6654225418696273,0.974124305732571,0.908977183492542,0.714659367635066,0.5971544684728988,0.4560779284685629,156.97483825683594,61.4788818359375,0.23498456180095673
0.8440357436709254,0.9290307273762216,0.9813650765850672,0.8317862161740784,0.715668525008656,0.621531198632161,0.8780168197144507,132.197021484375,-69.41832733154297,-3.996370315551758
0.59417217865048,0.5329419733772496,0.9807545386891549,0.8962643663891169,0.8904384843226736,0.5771126433415221,0.3786908924520331,147.80645751953125,79.24200439453125,1.523187518119812
0.4735974209804474,0.7777400911436078,0.5214968775813097,0.9240985201808952,0.5959414854968667,0.947428787236374,0.6646186580906044,154.03541564941406,108.44700622558594,-8.365551948547363
0.8200462676430029,0.4118101261370782,0.6920744310448017,0.9728764399765264,0.9670309071943044,0.8575225472730658,0.66988531150065,148.68014526367188,80.82071685791016,-5.033346176147461
0.4346670939620947,0.6593923631780938,0.8782346159055325,0.920999553925494,0.1204973033577962,0.7000498902228401,0.7063501170483535,142.39012145996094,60.24771499633789,-0.9625206589698792
0.8157901360303303,0.4947937608387722,0.8748852828177036,0.8112892379054174,0.6324496380126208,0.6674667481248618,0.9183720396859044,148.49429321289062,-32.31617736816406,-1.3395135402679443
0.5752994234979685,0.3956451875195252,0.5457324019759431,0.7582386974073297,0.7172823311049099,0.8625032988013154,0.7402293870311403,155.98704528808594,112.07152557373047,-4.4934611320495605
0.855566851079864,0.3577751833765825,0.8041189515043934,0.8334593712506385,0.4779567020594784,0.962342965944913,0.9782553967087828,149.19448852539062,66.31449127197266,-1.793026328086853
0.8689354531330864,0.5636989338668739,0.573842495458294,0.7763798831036546,0.2892447124247554,0.7003916155911621,0.9086412055849578,140.4390869140625,13.979644775390625,1.1262379884719849
0.8431305043797621,0.7335421052370971,0.7467350296186068,0.980686995780958,0.5506581551324621,0.7098581220255965,0.4617379456638717,153.24334716796875,30.973058700561523,-0.8963609337806702
0.4475871679322772,0.6473946962373787,0.6216212003320026,0.8361467957462403,0.3656625089274516,0.9347747063150784,0.4797355922946711,166.04112243652344,128.43026733398438,-8.021926879882812
0.8316136538895209,0.5489565170705757,0.5295714063706789,0.8242093938924722,0.909174764758134,0.9512988938647357,0.550241491686736,132.33001708984375,63.599151611328125,-4.455166339874268
0.9935394912715606,0.9911945072902631,0.5428259458114055,0.7830345601657448,0.357719869243142,0.9600225768185692,0.5820538206108024,144.38613891601562,57.03582763671875,-2.6654698848724365
0.570917143233923,0.9580473860418496,0.9528617576011102,0.8798417918578555,0.1769219017009406,0.6978645911698149,0.6919606804192162,142.5303497314453,41.691551208496094,-0.9169391989707947
0.5887901660135144,0.4359862380230369,0.8708189247474797,0.8401643584006473,0.576968012312005,0.6248848782784813,0.4738341632892968,159.326171875,67.14844512939453,2.544933319091797
0.8936851205263334,0.6216576945243364,0.9631912150520436,0.7101833986824595,0.3968578223122432,0.7598669334218335,0.4669140009324301,156.3374481201172,46.97370529174805,1.1721352338790894
0.5244279293603722,0.771590798921985,0.7352762630675161,0.9562345060205724,0.0972397411719823,0.698966900819736,0.5751629208415292,146.664794921875,69.3936538696289,0.07356289029121399
0.8072164570431414,0.8258859301706363,0.7072960982825571,0.7866303284433666,0.5654395523450059,0.9472838025507342,0.7729734113895035,143.44358825683594,67.76301574707031,-4.860991477966309
0.8606111265671395,0.5903962673393849,0.6802102668934282,0.8110857488934006,0.5384864654642054,0.5895532933011048,0.783933081120694,148.8623809814453,-17.520139694213867,-0.2285768985748291
0.4547544341885191,0.8340907759842164,0.8074837353920499,0.7356535740225186,0.1744159798193872,0.841730992166872,0.9799453562126754,148.72216796875,66.36602783203125,-3.8555991649627686
0.7468231931089451,0.4350219443619036,0.6768308277591056,0.8512498819818679,0.5981833107156763,0.9567058394959972,0.4533494334037204,162.93212890625,126.05291748046875,-2.877363681793213
0.7593263496551261,0.5682279243557252,0.871621981850637,0.9006678979456524,0.5679521803550729,0.986468731395155,0.5829690742084636,155.7592315673828,113.98250579833984,-1.8095495700836182
0.6053012913622987,0.814944253192323,0.8987862233216578,0.9602095424271404,0.7738784255791417,0.848592358411415,0.9721595890142812,125.03876495361328,68.7907943725586,-6.66763162612915
0.9292003342681804,0.7567320699874427,0.9355654052575192,0.6844395920795566,0.3624898027929497,0.9751750507637637,0.7852147751614122,139.76303100585938,25.321544647216797,-2.644949197769165
0.5257581864983987,0.8924171486403893,0.6231585650216153,0.9908484926185656,0.2498584701666508,0.6060307944317068,0.7186977176811515,151.99925231933594,14.764456748962402,-0.25256139039993286
0.6396482854895004,0.3854420590100047,0.7634215940885276,0.9012538657324471,0.9512037583920958,0.725784487059527,0.6828750485302835,148.90316772460938,60.890254974365234,0.5524528622627258
0.913553281666244,0.4672496788769101,0.6136062306477776,0.761793095407216,0.5618204781280174,0.5777644013365528,0.3669754239780565,156.3406524658203,63.665592193603516,2.1873421669006348
0.5415279545959308,0.3864924779057887,0.5218701720937939,0.735257217043022,0.028590700971981,0.9883744471032414,0.923628932963226,147.38027954101562,86.770751953125,-1.4205050468444824
0.8981218773330355,0.4786178486681037,0.8526479410936123,0.7657121919518539,0.8209027223036971,0.9552470668334776,0.7413124394819128,149.32847595214844,67.4287338256836,-3.499011754989624
0.4784480737251441,0.358132667240407,0.7742584642503202,0.9584012658695686,0.1979395537666957,0.5859295135668655,0.7046693968872232,141.3792266845703,48.4126091003418,1.814356803894043
0.7103384295301731,0.6788130758030286,0.8605942606661585,0.7641505198690908,0.7862823989962648,0.5817409865740045,0.6827758768215367,146.9900360107422,15.197333335876465,-1.457819938659668
0.4763344454133175,0.6942747393740982,0.5465782636003219,0.8211393347880345,0.7055368865114029,0.7290319555488862,0.5823259268647353,157.39532470703125,70.05133819580078,-6.822638034820557
0.8170085407874043,0.7773926510216195,0.9946282285291858,0.901892235353256,0.9687696674901184,0.6832484180109162,0.4889112784201758,125.02203369140625,25.831226348876953,0.34103190898895264
0.8807240763728288,0.6022890090137558,0.9940470773365616,0.9571593441955276,0.9655403790956896,0.9316888270564764,0.8296682186581522,127.93964385986328,47.71691131591797,-4.755871295928955
0.9142259883851658,0.3574430274220859,0.7328136469829143,0.8862125398581963,0.2754688529844397,0.6418468153843577,0.6624030226289797,150.61537170410156,47.93114471435547,2.7395899295806885
0.9885171418653168,0.7876555102618229,0.9307360775516752,0.9176398298318238,0.7667267542664921,0.9079242779801444,0.3386815089867735,145.15203857421875,80.46317291259766,0.9086544513702393
0.8136797448113108,0.3902106685985488,0.6235373879839446,0.7249026974137314,0.3178459384053932,0.8081967989447718,0.5872129713861783,154.7589569091797,47.684391021728516,0.6311431527137756
0.8685463381673761,0.910993790355832,0.8673250442988565,0.9589604386029524,0.629692983078431,0.7334326011521186,0.9476070293942788,137.0420684814453,-68.34227752685547,-1.4285436868667603
0.7196834794620077,0.3699169293098173,0.937234057629056,0.7589410109358352,0.5982910554061894,0.635612673554508,0.5700614109290628,153.37103271484375,51.807281494140625,2.502601385116577
0.9497752558688805,0.695660746445747,0.9053739207685,0.7099604182407488,0.0559507577125765,0.9953444982560464,0.5968359107418566,142.05096435546875,45.73590087890625,1.9688509702682495
0.7977040123895845,0.9294339535375,0.9039466270178604,0.9918166556622894,0.0066673480560134,0.8350198489316987,0.740261500657299,133.82464599609375,54.30691146850586,2.3701584339141846
0.9332747764910708,0.722611078333589,0.7318398766797037,0.7343148343145602,0.0591661445142844,0.759607115852031,0.8612168344223733,143.947265625,29.417577743530273,3.6925323009490967
0.566861575940168,0.7456566999539491,0.9080011559410736,0.7127108805626545,0.1292327778906178,0.7307876331899891,0.7705490490460976,136.6302947998047,41.61024856567383,1.0773518085479736
0.7145835990235107,0.792607337572214,0.8441989843248185,0.8753918523005086,0.2587373212867983,0.9565145101920168,0.8941451392658867,143.13430786132812,101.61351776123047,-2.366147518157959
0.8463596939255916,0.433905067271994,0.5687011071081935,0.773283364655173,0.907009359729502,0.9208203115955929,0.3931521771851481,148.12118530273438,93.80048370361328,-1.5988177061080933
0.5483570063960973,0.78832002205941,0.5596863515187636,0.7116129420341131,0.5193032292422596,0.9165954242819798,0.9448770082092554,151.7034149169922,61.68773651123047,-9.441507339477539
0.5532293503524703,0.9200924610349648,0.8842797065551846,0.8671144145078306,0.797120588457851,0.8342650421935807,0.9308081878445816,130.28060913085938,25.19156265258789,-8.412062644958496
0.9866969409719476,0.9803031355807924,0.8120027082976311,0.9195931994137634,0.8384748522142779,0.9490107063584792,0.6689240815168636,137.572021484375,56.92463302612305,-3.1625616550445557
0.6794588833160321,0.6395828479671712,0.7596483291034292,0.9309666799439764,0.735270284553248,0.7004504248715688,0.7407931422998186,148.40826416015625,19.867794036865234,-4.8847198486328125
0.536537299384478,0.5763694017235108,0.9510697818837848,0.7189807223522242,0.3922576691766343,0.8712138008842033,0.460426250124157,157.0205535888672,92.00732421875,-1.579506754875183
0.6211433964724178,0.8385987871120666,0.8288440104157302,0.8524030356321968,0.8639819400034012,0.7448565669854258,0.6204632165063239,138.43121337890625,50.037837982177734,-3.6289713382720947
0.6584079346680997,0.7036142383371112,0.6988346743717163,0.9377748476130304,0.742365658286125,0.8274249841251762,0.453545402031424,156.87225341796875,98.8309097290039,-3.0409207344055176
0.7860161356175639,0.520434500417016,0.7076115971746954,0.720833824269895,0.7434655995638833,0.9955394416917892,0.3305393619482375,157.06753540039062,104.66764831542969,-1.1880481243133545
0.9555859482054812,0.4658167782165108,0.8020242791807759,0.7363234855721704,0.9016370052065183,0.9897851363294456,0.9832030227511488,143.99423217773438,34.82290267944336,-4.174382209777832
0.9915293117699684,0.4645803218171058,0.8785319892826113,0.66808527099712,0.5992069866620688,0.7905302166128062,0.4919616938846837,155.6569366455078,36.26335906982422,1.9710668325424194
0.8021932294646364,0.6499263150205534,0.7818445575029572,0.8416878450054246,0.5292292024650633,0.8163897335832244,0.7192624846108194,155.96788024902344,4.8274736404418945,-2.466108560562134
0.8294572025570288,0.464512395077474,0.7544097141248893,0.7320017095542699,0.8902433505104762,0.952965011675484,0.5199377733336286,151.18161010742188,64.9288558959961,0.19457188248634338
0.6156962600866588,0.3680342342618653,0.8620616439917039,0.908043695636039,0.4552341460622239,0.9902542101384292,0.5678337843933874,156.7607421875,124.42813110351562,-1.5746400356292725
0.918353185083476,0.388797986611356,0.8513842097044715,0.987152516574952,0.8117762444886577,0.9028398730132282,0.5863057460908498,152.3026580810547,67.28583526611328,-0.82511967420578
0.5568807888033394,0.9518634528516094,0.9131122791595002,0.7366802619519298,0.0552547091899268,0.6016078855118597,0.5436208338743267,143.67996215820312,49.42559814453125,2.10976505279541
0.4938890446820361,0.4021867743327488,0.5342056715686916,0.8830630468507663,0.0027817204706694,0.7103143992220164,0.7494080938189981,140.77748107910156,77.882568359375,2.180494785308838
0.9839906762697838,0.4023274768609106,0.875905015217568,0.7377038051336181,0.5289477096551537,0.9526443544190156,0.9696132379791592,148.89637756347656,49.5711669921875,-1.7305763959884644
0.9222994840586224,0.6448020026054715,0.756876999655258,0.6732696721384223,0.0749888670492424,0.8985097323566029,0.6073185632333287,146.776123046875,35.97394943237305,2.836225748062134
0.6054156293192401,0.5126059590629426,0.5401974157966309,0.9194499110596536,0.9764866873218871,0.8874812044511529,0.9780464179128512,142.50816345214844,67.61844635009766,-9.083429336547852
0.8154634704223902,0.9729091095777164,0.8384276118346385,0.8115598762514683,0.0069862652112466,0.8561050220918356,0.7700971993619793,145.52474975585938,74.48526763916016,3.021909475326538
0.6977812548267741,0.9397408063187972,0.8569487363685508,0.982024119086496,0.7185034801520817,0.7494235011983786,0.7288101324946663,141.19342041015625,4.958693027496338,-5.434134006500244
0.6164306908094328,0.6150095527555908,0.7617462220460647,0.8448963693463031,0.2444921742106723,0.744347173910813,0.4769590347813116,157.6186065673828,85.53996276855469,-0.524968683719635
0.5958773867590035,0.6432259979143773,0.8950759207692032,0.719635698766146,0.967509951332886,0.9156440028339784,0.358406650641106,137.86468505859375,102.81814575195312,-0.7498772144317627
0.5106503278368023,0.5960035349002927,0.6515087287198844,0.8168022211587489,0.3824298207671357,0.6981289453660823,0.8954247299208661,153.72402954101562,36.360530853271484,-4.76393985748291
0.7443107009150646,0.3796748078210354,0.6029775316979729,0.7347309933924134,0.0287339406136916,0.8632444350978957,0.7062441154708637,144.59747314453125,83.69425964355469,3.5657920837402344
0.6862355434765379,0.5432331713181163,0.6764234757446821,0.959167025636858,0.0283868316302543,0.880715086747575,0.5976396229236104,148.17031860351562,106.60980224609375,0.5920344591140747
0.7233177308053877,0.4340748099938875,0.7056961794238088,0.8969606766357165,0.5539887787580683,0.9306854762037025,0.8682221194269697,149.50860595703125,99.16727447509766,-5.103540897369385
0.5555006361602687,0.4210512831472168,0.8467793901700014,0.7807217063666021,0.986639510836132,0.7091515046128154,0.526968568465781,148.55230712890625,56.0146598815918,2.550192356109619
0.964403399150608,0.7151522512591445,0.9206001976850632,0.8427470226854898,0.9797120808328504,0.8873360384440381,0.8489265216113773,123.21061706542969,28.609874725341797,-4.558915615081787
0.7947826624492607,0.4187385390964612,0.8591092759970784,0.8898390286274328,0.3382314138668573,0.6190484693732796,0.5388000792974517,157.53677368164062,58.17211151123047,2.603834629058838
0.942348473475476,0.4214111347613784,0.5891991889071098,0.9275291339181816,0.4834312362835952,0.6323791875011614,0.942350980826646,141.87513732910156,-23.452255249023438,2.860309362411499
0.4955232438509666,0.6636128091808603,0.684064396832105,0.6939269963918456,0.1017901674060099,0.7502984516465496,0.4979649989288131,151.35414123535156,90.64737701416016,-0.8538052439689636
0.785883675162284,0.6390891631317277,0.5815135011986765,0.6747695911900823,0.5228417839079206,0.5974029860300817,0.409203579614442,152.155517578125,62.08527374267578,1.3329918384552002
0.9140016910538132,0.4436718032772008,0.8422345528857624,0.70533117362379,0.6002434653460244,0.9742357327622952,0.7907195994640962,147.9866180419922,33.98942947387695,-2.4611072540283203
0.6208363451056742,0.3582392859617219,0.6258091260847252,0.798592320333498,0.2521569577286128,0.9548963299926064,0.4264185719103889,163.22898864746094,134.31549072265625,-1.8987505435943604
0.5440723337240375,0.4791696384981662,0.7626146646612051,0.8224309838798893,0.6126365982612056,0.5947462520895289,0.961736282721755,150.60841369628906,-6.199677467346191,0.8732818961143494
0.5835790392245304,0.5066994340507259,0.8941041535612091,0.7126476058589349,0.8997584165219807,0.928048930715933,0.7617649747200881,140.35755920410156,64.9811019897461,-3.868661642074585
0.5880524510659979,0.8687078785585547,0.8344446977528206,0.8039633365006023,0.0024476405943802,0.7889490147630738,0.4727097997804111,147.1049041748047,72.42681121826172,1.4014408588409424
0.6865760490270019,0.9425968866136692,0.6505838521190029,0.8140923653707114,0.2300641919091662,0.8704777418540305,0.4577077783574108,157.96051025390625,105.3461685180664,0.24744319915771484
0.6180337269682332,0.6157800342757784,0.6676060178463591,0.7035484394897027,0.2110801637994881,0.9485777413902275,0.9443886543078776,151.68446350097656,82.5262222290039,-3.4426209926605225
0.587114139505511,0.6151913906978489,0.8257714467796177,0.9720090296900896,0.1251833715796408,0.817703320021061,0.7293013474675534,141.80679321289062,60.93255615234375,0.2836626470088959
0.8003917138147036,0.8124092968984942,0.7744985397031061,0.866457801984307,0.1673313698074612,0.6232020762670184,0.9238754517592755,144.18923950195312,9.844047546386719,1.8764923810958862
0.4637277554134045,0.7575269759066037,0.5509065400122005,0.796444562562326,0.6264128047987058,0.5751735334484264,0.3906029983514247,164.31729125976562,64.74944305419922,-1.614280104637146
0.6261750929838777,0.4735028716622615,0.9346509483141282,0.8357948652836487,0.1040251982634928,0.7839021963713859,0.94542126004232,133.0913848876953,49.79444885253906,4.485960483551025
0.8237072095892898,0.4244630428767698,0.756310855401179,0.7717323577388906,0.7388530986356058,0.9748833606212955,0.6695371324758523,154.4440155029297,80.88848114013672,-2.582698106765747
0.5331644948400148,0.636093269352584,0.736939890368637,0.9512890165425744,0.8871083678085314,0.8158654953731831,0.7705223678408089,130.2029571533203,37.862709045410156,-9.559947967529297
0.5586501161944936,0.7176967640800234,0.6012661331176871,0.8584359686686764,0.926610696326752,0.7315525455110361,0.5693677987630867,133.01010131835938,59.22012710571289,-7.149099349975586
0.5471951067525918,0.4443599665192587,0.6893827116119503,0.8318019244291407,0.6606216847519821,0.5871410990807907,0.3558336489810912,165.2000732421875,93.18537139892578,1.1324694156646729
0.4342686575919144,0.5435068502631344,0.6675853459834296,0.9700893929849964,0.1985768901745747,0.96042068085682,0.96759599911417,145.01048278808594,117.22782897949219,-5.545890808105469
0.7015971312983231,0.5516337516202131,0.6369443562633924,0.945853340827926,0.0866550006836422,0.7122216016726144,0.9925242795948344,143.86492919921875,32.74795150756836,2.287205219268799
0.455771033954961,0.522996176196686,0.7833513441107232,0.937483479509616,0.2331504645160855,0.8716661264696551,0.5636991786323986,150.03582763671875,118.87405395507812,-1.132199764251709
0.5880558913308087,0.6509425252349283,0.731469124288475,0.7422829445156294,0.9619240129787056,0.8672156901634951,0.957996198470575,131.82330322265625,75.56522369384766,-8.70226001739502
0.9961728578422958,0.7742955854631678,0.9421551517250528,0.7181863840583266,0.9623114130136304,0.6812829983211509,0.4297393385206606,128.89015197753906,41.54434585571289,0.3828287720680237
0.952974836058415,0.6821355385231844,0.9678893295987048,0.8966925181652359,0.3828064552430945,0.6010138219741301,0.4208628116209844,154.2179412841797,51.85649490356445,0.854919970035553
0.5553415652341376,0.4846105272461579,0.6116464509176319,0.8230744509965879,0.3267682081274135,0.7366452180453613,0.3653429316433165,166.11073303222656,114.98572540283203,0.90413898229599
0.6090098275502571,0.421416088871114,0.5527383818253798,0.8945703485244566,0.5106948227363395,0.7079884270776855,0.581887063817941,160.96636962890625,72.68953704833984,1.5865556001663208
0.6959077598400173,0.882577405848014,0.890900209732356,0.920139051294692,0.292718893803494,0.8697572030211673,0.3511795263706773,153.51898193359375,112.95430755615234,1.7300373315811157
0.9111475709513062,0.6628372708973318,0.9943001620757196,0.7654547543078161,0.9796011737748076,0.9202252511481414,0.5841928531317176,133.06324768066406,61.824440002441406,-2.0920867919921875
0.8875335972629121,0.3952448601574578,0.9295227368875522,0.761910027273237,0.2223640501493407,0.6680088965251307,0.4097727889447913,146.99195861816406,69.0257797241211,3.124178171157837
0.5051176536647458,0.5209584689032567,0.5150310457249804,0.8304508459370674,0.3700505342592021,0.7971221649733378,0.8127928183783286,152.68603515625,53.521358489990234,-3.113750696182251
0.5041041856734021,0.8711359960836498,0.627334865444714,0.7582196807626438,0.4301831224423971,0.5912310024346082,0.882784188802868,150.3848876953125,-23.818708419799805,-1.2860215902328491
0.6693512139415844,0.8375831791348853,0.5247257850586114,0.8891126980054116,0.1263593219730366,0.6645509667644672,0.7837219630665417,146.3252410888672,19.049592971801758,2.674600124359131
0.9256672054846548,0.9171813837156266,0.908390739023248,0.915519340991701,0.3837109600147397,0.895726826413823,0.4520417724382871,145.2928009033203,78.52008056640625,0.36236146092414856
0.9324457201021814,0.7415969895727516,0.790260537732721,0.8242036129623642,0.8568645822145394,0.9090849407214072,0.8375131762220603,137.0911865234375,28.80124855041504,-4.798126697540283
0.4944460432362526,0.6266600772235451,0.7568563171902805,0.9078964922123224,0.1416320181537892,0.9019095470804313,0.4853962246975224,153.28163146972656,110.78643798828125,-2.1591410636901855
0.7584330884006564,0.62905209912831,0.7769572205357214,0.8369684717889834,0.5845887067631771,0.634205856953592,0.8325040943133492,146.890869140625,-14.458606719970703,-1.163814902305603
0.5217584939273779,0.4798275153039003,0.6279209989484467,0.9042636813652968,0.4074854719975855,0.8067506572005672,0.7017632667724655,161.41839599609375,88.96762084960938,-3.098944902420044
0.8216590839797497,0.7728429344720806,0.8002447234695628,0.742069871291172,0.1717598423201676,0.7525668536984926,0.565173173419331,147.54220581054688,30.850629806518555,2.4806225299835205
0.951865043738907,0.7306800418363836,0.5184705293663849,0.9128973316869616,0.013810405859034,0.9927245289810264,0.3724081245643592,139.80690002441406,68.5661392211914,-0.03871585801243782
0.6908560529795316,0.4547238132168272,0.8221429595311927,0.905012414218082,0.2744032260682464,0.8502556542203714,0.878800429970577,140.5020751953125,106.31600952148438,-1.151897668838501
0.4807172242067928,0.9234973224107332,0.8657792399553574,0.7559114168337494,0.0632246379827876,0.9689593926365072,0.9551273826729312,147.5284881591797,107.42533874511719,-1.5392279624938965
0.7612355543947006,0.5917407856338832,0.8354746260365642,0.8521051526815998,0.3776642183095047,0.6354566761591584,0.7688180047080557,143.8768768310547,3.5614240169525146,-0.09318455308675766
0.6647064042268672,0.3872905640278663,0.6672362719499139,0.9516150095613358,0.8104175643367604,0.764459030222169,0.97206707160587,146.29843139648438,15.691963195800781,-2.5305213928222656
0.8921994539518735,0.5657059174229011,0.9110968632710784,0.750232493136234,0.72003666690386,0.8998841456266256,0.9513557304765756,140.4617919921875,39.09541702270508,-5.230655670166016
0.6261641733890682,0.9133583713127196,0.8564571135326758,0.9119454971861544,0.9473736726103736,0.7294069986033412,0.4480358171842649,122.2002182006836,41.48363494873047,-0.42002585530281067
0.9283819849065108,0.9435707644981708,0.5666510723490871,0.9844109193501184,0.4278314030986887,0.8411516975558117,0.8132587382742829,133.0152587890625,15.332706451416016,-2.0298619270324707
0.5884859061834289,0.6699533895126975,0.5996399944056388,0.9552485544976808,0.7081716688834758,0.7901430933560963,0.5533251616400261,158.5228729248047,93.25452423095703,-8.237757682800293
0.5228001457100994,0.9688333682664294,0.8177491785740238,0.8007610188058343,0.6657793922494979,0.9929116263571284,0.6473952634525318,145.84788513183594,115.78215026855469,-7.804698944091797
0.607018578494589,0.9168126608556366,0.6461631525725218,0.8691377889144942,0.2181955907535133,0.6474997493476625,0.4224152912966424,159.00559997558594,65.21159362792969,1.0940954685211182
0.4534852615678711,0.8847328538063652,0.5622765029958906,0.9969779138045608,0.3045944265541155,0.9690212938833118,0.9790351560721156,151.38514709472656,106.89884185791016,-8.766435623168945
0.5927519069802027,0.9068497636941372,0.5798135328610328,0.8562493662796721,0.5304823135682123,0.7436418874397657,0.8098046195710513,148.21759033203125,-9.07589054107666,-5.099589824676514
0.806952973069335,0.6003408912318877,0.5850684098472054,0.7055222894480558,0.7968865407375265,0.7716875562716888,0.4972445194402751,150.49403381347656,46.73621368408203,-1.7501887083053589
0.5141869921644425,0.840625348365426,0.7391260414182043,0.6823862010876777,0.4625734834834297,0.7972787354206083,0.5684123582826051,151.17742919921875,76.42765808105469,-4.376886367797852
0.4967070104872992,0.7257217620860561,0.8030809076827904,0.9300079965367584,0.2288738463177411,0.6861316815551307,0.6031315826532574,149.310791015625,62.56395721435547,0.45890724658966064
0.5085911787094515,0.8170295080013011,0.5903908503552427,0.8081104645689448,0.9933825013449252,0.9809742251558422,0.8243673789719176,120.95783233642578,100.73643493652344,-11.974000930786133
0.4775901294355361,0.4694270232194887,0.8549532291685439,0.7493316885120613,0.1168891619368094,0.9589461482634084,0.9456288973356334,141.67361450195312,110.01028442382812,0.6260342597961426
0.9282339785802424,0.8245408747522713,0.6420160152197509,0.7828603044546621,0.9558653673792572,0.9848789057351556,0.5343599225218727,115.31488037109375,81.97457122802734,-2.8521676063537598
0.967515423697778,0.9696367854290368,0.6570902247007133,0.9190572021621284,0.8092558440971952,0.9950186456005138,0.6371742204032771,137.3476104736328,67.0696792602539,-4.9994072914123535
0.4600691492641081,0.5495299921093453,0.6136328817739687,0.821945877101116,0.8390556959263624,0.8568974992261251,0.7193300455468321,155.46878051757812,127.52461242675781,-10.687738418579102
0.8634636252334771,0.9879624094544665,0.8908353562042014,0.9559990396821406,0.7951495664538923,0.7648019787136993,0.5832990659653774,132.8617706298828,-6.686676025390625,-3.040407180786133
0.8505054224378543,0.5980961893574477,0.9770041974248768,0.911595050937872,0.2093343175166304,0.9332940041764376,0.6587370755949655,146.9518280029297,73.53871154785156,1.6215015649795532
0.99736351813267,0.4834988459027766,0.7463848994035964,0.9910752899910932,0.6330720492368835,0.5841359969685707,0.387528249747547,156.77308654785156,60.81658935546875,0.48592692613601685
0.6304192278879971,0.4274118751356752,0.52407849331546,0.9626490629601088,0.7570423827619813,0.9263989743865324,0.4297040121807867,161.77320861816406,117.75704956054688,-4.735424518585205
0.5951620752242438,0.8589022749929502,0.6319272577761194,0.7519028098161091,0.7459959252732398,0.7840560974712409,0.5885788089281558,141.59286499023438,51.09001159667969,-6.0454840660095215
0.6899021838967978,0.7112803251952514,0.5813341523984978,0.886374789178209,0.2726281153866089,0.8583415126464783,0.938306622997684,148.66107177734375,100.94210815429688,-3.1396725177764893
0.9180233403560296,0.5523959894417004,0.9192392968207344,0.674112773278288,0.1823257052074663,0.7320199267572346,0.5533613884836395,146.15647888183594,30.513565063476562,2.199613571166992
0.845666963406633,0.7456782677166449,0.5452118005272835,0.996757376397991,0.3290959500469304,0.7297301878397338,0.4855953817358081,146.89495849609375,39.090293884277344,-0.567611813545227
0.700385022248999,0.5684130239326957,0.9802920934659528,0.7540499417211977,0.4805766060739281,0.5874768328608301,0.821187864385536,141.38795471191406,-0.8430162668228149,-0.45303890109062195
0.5720125251146638,0.6429862467881284,0.7937677413667279,0.8882815620746267,0.5743637597344532,0.7530232960006772,0.961577777267836,144.44732666015625,19.675880432128906,-4.895602226257324
0.8447748720639746,0.9087446575099354,0.7588408007270602,0.9495678893712154,0.8371156234760323,0.7465060064358326,0.6280699379771368,136.7557830810547,-16.146804809570312,-3.0658295154571533
0.9168652965311552,0.7839833938689184,0.9215036399058306,0.7206269368186321,0.7693072979184957,0.6689993255630331,0.3214383109949731,142.0873260498047,46.25120162963867,1.1942716836929321
0.6598637983005515,0.8444310291752591,0.5169311276244113,0.9491442808544446,0.6765710380807646,0.678513187011667,0.7839492243038637,143.18844604492188,-23.553264617919922,-4.019002437591553
0.8117403839599171,0.7296696207829112,0.8868610125889252,0.6713544779999403,0.2645648576301706,0.8207286700198357,0.5980799421239664,151.93954467773438,28.405715942382812,1.1192725896835327
0.6600112400974995,0.9913215267667932,0.5608804438076984,0.8142101625564168,0.4796141548412136,0.7082588382049491,0.7740776638220342,148.14923095703125,-45.924095153808594,-2.0867385864257812
0.7042688725071087,0.5102388558131428,0.9182601017238888,0.8242031729837528,0.3363972318877164,0.9246457992241344,0.5046007915208055,156.78172302246094,107.18060302734375,0.26917773485183716
0.7305114218630868,0.5236331140052083,0.7644846762503734,0.7916426702596043,0.2360490817224665,0.6211153958779747,0.3172206422689737,153.21359252929688,78.36910247802734,2.27561354637146
0.8723138791255702,0.4147577285426758,0.5335037255718854,0.862215600967939,0.0117229207044323,0.817986411187665,0.5500523359399185,135.0258026123047,45.68218231201172,3.2496461868286133
0.9863934773542838,0.7107633786327775,0.9145425390149776,0.9714048008847886,0.3404169373651271,0.64166116892869,0.7952767763434831,135.3062744140625,-17.52861213684082,-0.16376037895679474
0.6849744796240327,0.7488270790537833,0.5168158933682955,0.7759846801036008,0.2572035362320809,0.7971262003298603,0.583142040736442,156.25247192382812,66.81501007080078,-1.4227031469345093
0.6272782505363835,0.8210562801231567,0.5716222771263617,0.859847083196755,0.5724883214135801,0.8073887209499064,0.4647557293992518,155.13697814941406,77.68968200683594,-1.9823660850524902
0.6449606300187618,0.5705585190340885,0.8970625264876979,0.9589786218829596,0.0636966970376282,0.8452850319831933,0.6313935694316619,141.50885009765625,77.52626037597656,3.255836009979248
0.5094413633621796,0.3632476145317276,0.7327501327629953,0.9242506011917604,0.2715840015984861,0.7545583368325514,0.827644423464252,144.1864013671875,73.80658721923828,0.3633769154548645
0.6016240622736656,0.7609315058759334,0.9383014221815752,0.6808246139359507,0.0461922472220334,0.7892025712736864,0.3968700591052041,147.8650360107422,82.26534271240234,1.36710524559021
0.4826194756362476,0.9960025000042564,0.8169205233434746,0.9806956959558264,0.6418935509713868,0.6504892020840247,0.7864012923815009,135.599609375,-12.742934226989746,-4.5255303382873535
0.6756618317491123,0.5443252558034412,0.8110476214044954,0.6827904858042231,0.5687814466084523,0.7695858345310347,0.7697887335485205,148.33297729492188,25.261411666870117,-2.0876195430755615
0.5283631374894584,0.4733709026541269,0.6475543146145628,0.8630046996744574,0.3384381359827428,0.7315910748388508,0.5679129128178159,160.75070190429688,100.1196060180664,0.6938337683677673
0.629591580056541,0.5361259388355882,0.5693076800938364,0.8585485224417856,0.1485945473457835,0.8553483246487845,0.976011004115424,148.14498901367188,89.71630859375,1.6029014587402344
0.8824067520449532,0.6282698315604853,0.9776746453326328,0.9287034479871698,0.9578930687962336,0.7576815113397918,0.9245351710031622,128.4839324951172,-29.182392120361328,-4.749625205993652
0.572784140426186,0.5163345035529456,0.5550540107826538,0.7166305912812194,0.5849586152048974,0.9031497291454876,0.5307671707774335,163.21994018554688,97.55011749267578,-3.0530803203582764
0.7796893331733565,0.5779442823133913,0.764402943247093,0.7269117706748344,0.6795291758169457,0.7539533386015915,0.3367428069362352,158.5673065185547,78.24844360351562,0.4773010313510895
0.9432421821010096,0.7647656047213449,0.6378488957631093,0.9173066471586346,0.5319991218529859,0.6736354909855068,0.5254197679844776,153.8887939453125,27.46427345275879,0.6837871074676514
0.7542674164516053,0.5767049687836787,0.633689716426717,0.716983532525809,0.8067467924762924,0.6896455890899466,0.4549192873321094,159.2600860595703,66.3996353149414,-0.040158841758966446
0.543308775405793,0.6094389726841987,0.7967644898375428,0.823341349407146,0.8964509729077262,0.5932057418042251,0.6880517442748615,135.0573272705078,34.050323486328125,-1.2733819484710693
0.6286640681315642,0.3810636491357924,0.8971166107710978,0.910505511698662,0.3835968582536396,0.8020571330035702,0.9408966575044392,140.46311950683594,40.46635437011719,0.9721679091453552
0.7675196011449135,0.9442031839484628,0.8868742055250374,0.8837760818711039,0.6904238000160408,0.9249113741531304,0.9079499869444236,134.416015625,68.29341125488281,-5.977906227111816
0.7201656581131615,0.616384003109556,0.9320897343261776,0.7372948245538995,0.2310163882422403,0.898830293238075,0.5237347924585898,152.32672119140625,101.83433532714844,1.7720378637313843
0.5177696345142014,0.5658743601574409,0.6478837906792814,0.7683291948868602,0.652314125855743,0.7589345949140347,0.6072933010663937,162.65957641601562,93.15145874023438,-6.8441925048828125
0.686348421334988,0.4108610616470911,0.7331845397269195,0.9894000924422895,0.4000158399482339,0.6568935456173097,0.3404529338368909,160.7460479736328,109.15403747558594,1.7895781993865967
0.7407763805769376,0.762184700326861,0.5079429943723678,0.8164352775985985,0.0082646580446712,0.9386777235026807,0.6859497157471388,146.9957275390625,81.69224548339844,1.035528302192688
0.5848858305222965,0.9094892728491926,0.8719103777067194,0.6820626540523108,0.9555049014185718,0.5980596695665589,0.3587110739923594,123.082275390625,44.31071853637695,0.519822895526886
0.7800007897743717,0.3817833200944042,0.6525426122666871,0.740280284164367,0.8685568180620175,0.7426503841846303,0.9544149414712374,144.9397430419922,-26.514009475708008,-0.7793623805046082
0.4734111861810669,0.4485710238702497,0.7804332601299877,0.7811193875341141,0.2918687044057705,0.9357772672975596,0.9056333804440284,145.66001892089844,120.03718566894531,-3.762784719467163
0.6240511582511059,0.4492877597073832,0.5868860192195996,0.9995440316646774,0.9976673128376968,0.7400975381134962,0.4613618130291138,151.13352966308594,72.35340881347656,-1.5401437282562256
0.8884556474019233,0.741716960264892,0.9077097736766184,0.7679074370683736,0.3181180944786535,0.6238558517822925,0.7915853276297139,140.80535888671875,0.7939856052398682,0.6247026324272156
0.5803358158017635,0.946312284875185,0.9066599578170956,0.6760584250185013,0.4596096477083051,0.686377823573352,0.7021871615068479,142.39366149902344,10.45947265625,-1.2195566892623901
0.77589133530796,0.6361936417468513,0.9363591113034098,0.8377942310255855,0.8514015739721434,0.8274379185136354,0.8610010160125304,136.5009002685547,-2.8398544788360596,-5.139509677886963
0.6655618272497806,0.5759214081274301,0.526006278560228,0.6950765979536757,0.3056066632853591,0.6382795686252398,0.6393195445256146,158.3505401611328,69.592529296875,2.363309621810913
0.6126607959237989,0.8466368900758374,0.9931144334417664,0.7583919743632258,0.4513189271267681,0.8506210804015126,0.4461052885239427,149.35391235351562,111.2920913696289,-0.7080565690994263
0.9516945520311368,0.8317092176134828,0.6256154453393478,0.9971817073769138,0.6660244476549748,0.7590918624482752,0.7510712825236139,140.33287048339844,-1.5087922811508179,-4.928854465484619
0.6278134889865472,0.513668114856031,0.6560418081641692,0.9015267166984032,0.1317542761788575,0.7152755566258164,0.3702219411397358,150.99708557128906,101.40692901611328,2.7541000843048096
0.5675535183094309,0.4585481294986226,0.6263834861586007,0.6841267634731657,0.4231737596818328,0.6758118177329363,0.7134633932277957,160.89381408691406,61.120384216308594,2.1368842124938965
0.9478328934554974,0.5849040609919451,0.635363684481063,0.8164406292039,0.3104126083044192,0.9217231240880056,0.460352576683658,156.08749389648438,76.56539916992188,-2.064781904220581
0.8554764625876954,0.8528992157267357,0.7760745835939588,0.7243411286429221,0.6771938280997027,0.7415742021536036,0.7817624668913714,140.77040100097656,-55.88144302368164,-4.204159259796143
0.8192112784958979,0.8012365220170945,0.621682810539894,0.7081541566435549,0.1372473779356958,0.8858962180958987,0.8791636436857653,146.90164184570312,54.4206657409668,1.6841312646865845
0.4617504284839956,0.7824998583500995,0.6976623986255337,0.8624418751959378,0.2338558682823314,0.7600179332126523,0.3901262412709048,160.20733642578125,97.1324462890625,-3.851048707962036
0.5079238602432885,0.8874255763570336,0.8268780190416042,0.8353788975259326,0.7117407994518231,0.6128742556510834,0.5880120539128622,145.63478088378906,7.903573989868164,-1.9007818698883057
0.7946406241853983,0.5331517447872353,0.9159150429203182,0.914234877031028,0.1574702051474529,0.7600815988068532,0.8148304506731051,133.87083435058594,25.472206115722656,1.8154631853103638
0.5521512223177122,0.573276871807041,0.8452040888127772,0.9639131156705104,0.4228431788234377,0.7884480780724457,0.4270010515301907,161.7843475341797,107.10169219970703,-2.0678131580352783
0.5613130586768295,0.3825442450685611,0.7966345146004967,0.7492881291305872,0.7132429295420326,0.7674015492138138,0.7011684703918512,156.1226806640625,68.22672271728516,-0.9422731399536133
0.8742433035849038,0.9126457552847956,0.5762403827293774,0.9741139860008176,0.7657471150102038,0.9187302098336588,0.7728480880760051,128.09805297851562,39.77732849121094,-7.000573635101318
0.5953972431504628,0.7289872315741449,0.9060891673430896,0.839479716553362,0.0962243893596435,0.9586776678080932,0.5570609357102971,146.5328369140625,109.41754913330078,1.2084420919418335
0.4742180776943545,0.5466171306616527,0.5217315305525259,0.7533281725654352,0.8521369879759704,0.9062898977520928,0.8818446790571028,146.38015747070312,67.69124603271484,-11.346713066101074
0.4543424439596338,0.3999129425337648,0.6337148847391703,0.9484483368348734,0.7243169019725918,0.8201554113577318,0.6631453516659185,160.953125,100.24088287353516,-4.061276435852051
0.6843027259458556,0.8194192451923028,0.531494942347625,0.6790948647468378,0.3402498211872407,0.8027036374209652,0.7423263064553687,154.09190368652344,42.47026443481445,-3.149416446685791
0.7826484328529346,0.8356659985483608,0.8327123661807991,0.8532814189052066,0.7640842267512005,0.8462639167574797,0.4114623361723777,143.55894470214844,99.39034271240234,0.3940240144729614
0.9249830245984794,0.7827082960546958,0.685127394036882,0.9071723827647444,0.7286365982599216,0.6956166517454988,0.3313448717080072,144.65054321289062,48.78746032714844,-0.20353665947914124
0.4963900790221676,0.4861015281307581,0.8251220982340137,0.7603566657745732,0.6014312044092869,0.9168745457188516,0.3501220624526579,162.0253143310547,131.1395721435547,-1.1862144470214844
0.5449371494949379,0.9411713888660213,0.6745960501897342,0.954334370940429,0.559088472391177,0.935875662819539,0.9308069734749363,146.14500427246094,91.39010620117188,-10.158397674560547
0.7332761909780029,0.8385015449067073,0.728244286782106,0.747161475899153,0.7350310552151346,0.6869130746251076,0.9163249199305844,143.53286743164062,-41.71816635131836,-4.452559471130371
0.6395994677034563,0.7773057610816025,0.7293399939216398,0.9464831577783106,0.9991675151253944,0.9552857981445028,0.8652438097231657,121.56945037841797,63.12452697753906,-7.013286590576172
0.7065552190291343,0.7729359208419104,0.5258304231898219,0.6933943615504264,0.5791276877753021,0.9324490378859864,0.4514414246960812,151.3783721923828,82.50630950927734,-4.385458946228027
0.9562134985040198,0.9354891608485084,0.7156530352492243,0.7204483982887793,0.808927948752665,0.7533177358002062,0.6732188328207822,138.91929626464844,-17.482229232788086,-2.174365282058716
0.7418081498741695,0.950851616601788,0.8197014385709445,0.7939344004992248,0.7445860919935817,0.9578960496017938,0.8574341551665572,131.0181427001953,65.36605072021484,-7.192824363708496
0.6684400460205849,0.7374593506008142,0.7728129899618542,0.9511974257796206,0.8559437282203081,0.6249382597950092,0.7747743759631849,133.59832763671875,-34.1666374206543,-3.713547945022583
0.9931405084993732,0.6226596353468696,0.54048889952496,0.7153481800243454,0.9545034865384712,0.5859016473364338,0.3942075497501681,132.4556427001953,49.286277770996094,-0.9683575630187988
0.470615775015016,0.5887039996320187,0.8330217954607101,0.9583056882636232,0.1942705337160249,0.7209661488360068,0.9251041007739444,135.69073486328125,51.95982360839844,-1.618533730506897
0.9607300921014584,0.8807867093146657,0.6557600538376653,0.7436533286360862,0.1666908118941718,0.8128312449144752,0.4249451265491505,146.8691864013672,51.703208923339844,2.188264846801758
0.7173674946851614,0.7688700120632584,0.5104599559876059,0.8177110707427313,0.5869148859390289,0.7224759704825439,0.4325090517451634,150.716064453125,55.84109878540039,-0.732092022895813
0.718551650829,0.4049480336792918,0.5801227419572149,0.7845431899137143,0.450075682271772,0.9718583040383,0.9288253378786904,153.74859619140625,93.08174896240234,-4.533923625946045
0.9549921305066864,0.4465912058766034,0.7488819133078047,0.7065523654549338,0.571310559899389,0.6816322148765578,0.6454211810656525,155.48959350585938,18.272907257080078,2.805619239807129
0.7205686733437053,0.9328131405224204,0.6565195025137881,0.9812006491262686,0.7982697570292874,0.6928227667254583,0.5693789298911963,140.5811767578125,8.931917190551758,-4.711313247680664
0.6816054243221823,0.922750174977212,0.8460141751802739,0.8129473112846418,0.9317293140619848,0.8421309086301232,0.6924109930137661,116.45747375488281,59.62924575805664,-4.1921162605285645
0.5878007871883342,0.9659420206171778,0.6220987968413257,0.8967705533577468,0.4182470492092622,0.5757162196364968,0.9835394287729742,144.9553985595703,-40.457855224609375,-1.322963833808899
0.8062175073791176,0.6298320876083785,0.8847110413273811,0.8585199521835952,0.7182868336452586,0.8812844822586934,0.3970043918503786,157.39376831054688,88.92813110351562,0.0457763597369194
0.7558028955390921,0.8583243214610417,0.6447127806440971,0.8340691319023924,0.1979806154049022,0.7334654137120864,0.8307754930765281,150.71783447265625,13.282390594482422,1.2700822353363037
0.5549286383643401,0.8866535655902508,0.8097324216893526,0.8722526227530892,0.5351972332324674,0.9869236894802236,0.5431301965757505,150.51229858398438,116.92778015136719,-5.690823554992676
0.8348228369342178,0.5578904342590769,0.8977494071768892,0.9659196897897334,0.0232639888550645,0.8660251537814003,0.3952475883309277,146.52862548828125,88.1700210571289,2.4899792671203613
0.797889720983534,0.4486128747954552,0.6936082086284987,0.8997561462675985,0.5044447446648194,0.5961317132537877,0.6027575337842896,156.1910400390625,32.810245513916016,1.787186861038208
0.6583840400162536,0.9949318295920112,0.5264346089894364,0.8442960661434283,0.5459646238338193,0.6131954164806102,0.689073328892464,149.7492218017578,-2.8953423500061035,0.30085793137550354
0.4362331990954124,0.3747696661869,0.7675785746436351,0.8817628956682302,0.7357717244972327,0.6113123762741391,0.4557630476125848,160.48928833007812,72.09163665771484,1.4683971405029297
0.6862267577258798,0.7385488603968572,0.9945704310727256,0.8688673728099024,0.6499476314111606,0.9763147897060684,0.5914157669327881,151.0380401611328,106.20037841796875,-2.936680793762207
0.4371701205260401,0.7724666016277537,0.981533553918486,0.8112661844917824,0.3593216443392852,0.862914952182307,0.7482348875447791,145.02101135253906,118.85701751708984,-6.879283905029297
0.4761466460914431,0.792721832997928,0.6124107657972484,0.874974024217523,0.0072156272198814,0.7546347866276093,0.7079231728061606,149.16896057128906,85.72376251220703,-0.4002760052680969
0.6771971612133277,0.5193588397474469,0.8762723651919335,0.8147396114010941,0.1167963767261176,0.658735474077247,0.8077785599671468,142.6674041748047,36.96790313720703,3.9972569942474365
0.4800597657374055,0.8182452186171099,0.6735700014582637,0.919137487800838,0.97300985523239,0.942965643390514,0.8848545530238859,118.12273406982422,92.78850555419922,-11.715999603271484
0.5895968646777848,0.4941957726318119,0.5824308019731509,0.9893793422477436,0.9223628840979508,0.6591886321570242,0.5940503569885036,149.88912963867188,71.40174865722656,-3.0367207527160645
0.8043374410818487,0.8871752140937208,0.8319650719736573,0.9863718050648674,0.3260709387058335,0.872469138545173,0.6034612396068805,150.0148468017578,71.18746185302734,-0.5640780329704285
0.6082256147582735,0.4959386737887603,0.750514939358653,0.9401209451698532,0.2599358642887846,0.896386676090221,0.6536397902288369,156.13766479492188,123.07660675048828,-1.6889443397521973
0.9977814192616404,0.8022901992137619,0.7694464889632173,0.8673264317372613,0.4372173566410404,0.6984987371596116,0.7010525666313284,149.09939575195312,-17.691600799560547,-0.09192962944507599
0.9517908598288496,0.8579090302573902,0.9116543930984684,0.9163841719720198,0.690338652773857,0.7872772036827005,0.3893080995923891,147.32859802246094,30.30512237548828,0.9317860007286072
0.7646592447112057,0.476585418992319,0.6694205792621462,0.726472265876312,0.3577550733964658,0.6682385350897115,0.5283672214946469,158.51687622070312,73.37812805175781,2.9636929035186768
0.980423867698994,0.508042788138229,0.8325474306801603,0.8265238127226702,0.0686808501359434,0.7340819497822252,0.4325744605816902,142.6567840576172,50.935340881347656,2.287597417831421
0.9244923216334184,0.8551445264334203,0.6840517544376323,0.7528195035568502,0.4036495251877519,0.9815978468735987,0.5782003913564369,146.59857177734375,72.95594787597656,-2.595233917236328
0.6140393704525781,0.4105498124577491,0.5244206145039276,0.6684454868482448,0.2616691630592714,0.8667515836828841,0.9780650318390428,151.4271240234375,69.5660400390625,-2.3062572479248047
0.857541116162928,0.4777497872874111,0.6898867170856455,0.9886563370394316,0.3259080458207398,0.9315545264678108,0.7121994599994692,153.88772583007812,87.84558868408203,-4.153229713439941
0.5111050734402012,0.647587490666035,0.9721780816679668,0.9544529302438062,0.1641923935438099,0.8023445737638988,0.607826897197141,144.37799072265625,88.66143798828125,-0.4000445306301117
0.8207670014825132,0.9520542114680974,0.7418262620200925,0.8380525428294419,0.6592880602193776,0.6750155938332095,0.700769100219971,141.61851501464844,-31.471660614013672,-3.225006580352783
0.7113859161933594,0.7158041363930757,0.5567480706439452,0.7517715252944148,0.5272887908257525,0.8750872630887423,0.7709679277436403,154.2061004638672,64.79834747314453,-6.081150531768799
0.4432578784107326,0.6040628861073465,0.8427787003395307,0.8976494815867831,0.2719269768841967,0.7854418444980292,0.6116192685392654,152.95465087890625,97.40654754638672,-4.272061824798584
0.5887852191564612,0.9829647773344314,0.9787637787876516,0.8118246262242718,0.5544771119343815,0.648756457889819,0.6203014784407923,142.06617736816406,21.239582061767578,0.2512829601764679
0.9738854572751872,0.6528348396741446,0.9514070670454056,0.9343412310119608,0.4934195537475889,0.7482269053567234,0.7929686516875976,139.5343780517578,-25.144718170166016,-0.7852116823196411
0.612305374599577,0.6336064060786275,0.7855988714877269,0.9995535743659028,0.7962051616283096,0.8421362315179693,0.3570058529294291,157.56968688964844,107.48513793945312,-2.9805197715759277
0.5363332036911537,0.6194362694591306,0.6890308095197741,0.783329222678034,0.9559605778521576,0.8845672732937142,0.6831707890431595,138.15724182128906,124.64149475097656,-9.018362045288086
0.5397689264494512,0.5556345480802003,0.7899006245808788,0.7485305827363654,0.1319569082186116,0.676780979192494,0.6881034020226406,142.20516967773438,74.76570129394531,2.260106086730957
0.7046758377600566,0.5643036281014856,0.905998097238298,0.7561696424820208,0.8840041915154957,0.9439611005820534,0.8306416917486099,134.9824676513672,74.93583679199219,-5.596053600311279
0.9101500927638412,0.796601164902998,0.9283567314752624,0.6983147534394585,0.7051719778119114,0.7343443472847975,0.9843884463717968,133.60220336914062,-55.920013427734375,-4.038272857666016
0.8622933088427389,0.3815795926163317,0.9074355743070844,0.7982764739321313,0.6929480198039512,0.688568046058991,0.8571875574833051,141.9723358154297,-29.992042541503906,0.7136355042457581
