PS:PAN ratio,Feed rate(mL/h),Distance(cm),Mass fraction of solute,Mass fraction of SiO2 in solute ,Applied voltage(kV),Inner diameter(mm),wca,q,sigma
0.7994085156664554,0.4168301348487156,0.9976017899015028,0.7295777121360674,0.0786356148467215,0.7597839108911274,0.5287745404492756,162.74077813133073,90.24349522281689,5.4995610316353964
0.4962558254837538,0.6287648694112747,0.6986094023380179,0.7796684910972429,0.2139598769617249,0.954680611675588,0.4270399089714119,158.32734319386773,162.72630710256286,-2.929969085087265
0.6568969938830134,0.7680252947095364,0.9671458062998534,0.7334350386835745,0.7670773912059936,0.5981626318988853,0.9819333743156752,135.51135261176202,-37.646400539486514,-2.173472447383639
0.4649421157091615,0.8533641021393539,0.9489042545045748,0.7840424622635288,0.3680914398439027,0.6175990031414657,0.955394856206765,140.0123292636881,3.136693550289714,-2.0489048874281703
0.5815019439361646,0.4383856189689502,0.7757501686297447,0.8570565557529201,0.3519284614448987,0.5864129909132263,0.3820451795453963,164.49688954266946,90.7265460944109,3.7831774957162514
0.5040846682364912,0.4972393784849389,0.8122913945156687,0.7557166573371674,0.3551748395035634,0.8129024558881829,0.9804207387342396,149.13454133488315,66.21799270058965,-3.7554176365616305
0.9291658450622846,0.7754812835959554,0.5487084761080503,0.7126920191460128,0.3690057155552953,0.6969253520991323,0.6844407958215559,146.70033077659312,-1.6164670388213205,0.3775496386694111
0.8329639624402738,0.4371417727924457,0.5768751806775058,0.7326869708476325,0.4566759208366495,0.7181325177974753,0.3513740824210071,163.446493849154,85.14428035130014,2.4667845487755637
0.8508757347831668,0.4498143322162389,0.5248697714319587,0.8569757667000336,0.4923013745719408,0.6522663048335431,0.8033225689667354,150.4764317831531,5.946136127407338,0.13463264006131448
0.4411289142458237,0.706403921192307,0.6566657409892926,0.6900061504289057,0.5805353511464042,0.7683762437314003,0.331573646486014,157.94352640276833,125.65278816719335,-2.963517452124675
0.875282004102289,0.708119658564867,0.5482477434612815,0.7502776883933137,0.0597947275656176,0.592079388017686,0.7034336554870253,153.71631425861676,-1.7799495787674111,3.451884967308953
0.7239644069989373,0.3865724518759321,0.8503178464377417,0.7976606470050429,0.9168009245885936,0.7590980395535674,0.656072690075189,149.05638914411654,55.33902822791272,-1.8136945129749966
0.5590860086865385,0.6107987728264664,0.672398541489861,0.7256784610637546,0.3844964039658342,0.814246004533824,0.7985512378150587,150.33390532704385,72.42707566604878,-3.742594203722246
0.9841380508521048,0.4405546913843537,0.5394905670841501,0.8750883577568074,0.4069491564247036,0.7169931184737638,0.9101787634908484,146.8765126859517,-9.56843740500969,0.3483834445419208
0.7687285614907697,0.3747151025786664,0.5599701359363511,0.7905276282866961,0.4275966302982366,0.9062944625728232,0.4963831898963442,159.72805478529415,119.66470953300936,-1.3178602381995952
0.7449670261675383,0.86574068452407,0.6626870848708795,0.8254612848938745,0.3774539977331137,0.9162183536672084,0.3881658472269903,146.76146480066012,98.47908386017164,-2.340860426595517
0.8657043852362523,0.6693910116115498,0.82347759677684,0.7718346863832557,0.7871216283190619,0.9437842414916052,0.6120630772982854,140.35869836004525,60.47835330124884,-3.6184715279094757
0.6986616418382918,0.9897382384409308,0.5524271618437346,0.7975506329060286,0.8353512757806192,0.9897078732918964,0.7106169079518202,130.03858233726424,51.20515254821862,-9.765133796112085
0.9730193544075568,0.8515295647736615,0.8554055426628031,0.7767916127047574,0.3618551727077615,0.8896475908987922,0.643373564674266,139.38795629788748,30.046538139301514,-0.1794427438148804
0.5197984332374885,0.9742600184412178,0.7934437804591856,0.7743350933888362,0.2341034997778314,0.8725420414529579,0.6748560062416489,142.1889434005686,79.76532774778754,-4.191527176744962
0.4346264635554802,0.4816052837999787,0.5699088292849297,0.7356066443122946,0.6583094927125153,0.6381376483777048,0.7729980751232844,154.76359115090443,57.75775643099178,-3.8601949036448
0.4511648827182504,0.9906867522063648,0.8303196626545825,0.6970327752304956,0.8004400279596012,0.8153281488919132,0.9162017024067356,130.9954388339556,24.91314402102952,-8.679560076106586
0.480857039918985,0.7331896888287599,0.763179786756853,0.7049756931725851,0.3372413223051487,0.6699340489345442,0.4511496230905568,157.6469753260233,90.35752207032114,0.05271498180900158
0.8336447505844177,0.747336993600922,0.5229970993768424,0.9294012557827444,0.0155839497822898,0.740186112204064,0.9812147845546172,141.76069059197582,-5.7877077354194,-0.8749812793608004
0.4685738450343448,0.6408756796342596,0.8054352164370546,0.8661696808319495,0.807616086891403,0.6136848245090936,0.6335403978107559,146.62986242885142,45.173913506753706,-2.6259401338974744
0.6906917471660636,0.6930182341765158,0.9646480291281012,0.7969818891341203,0.4745698499576947,0.7222097649814418,0.7124533226416188,144.88099878036596,34.74598969391043,0.06466403140538866
0.8068481909830685,0.644014501277587,0.8274667481579425,0.9621707436927583,0.811226692127188,0.985588747429358,0.3616218857081216,142.44355902080466,108.83653098126723,-3.305078214246293
0.9695982672326616,0.828334888189213,0.873216363386657,0.8966535335588062,0.1519005456220848,0.7982029526617811,0.9330914343821064,134.89247756812583,-18.28097650303536,0.7480804356279352
0.9677386723711376,0.4937185098734394,0.6043999688923146,0.7751686952807567,0.1695054097624228,0.9892781838040668,0.9310261501943085,146.86829892271814,51.625809772538055,-2.1347816299244364
0.6677233166169771,0.7197793260426698,0.8951348533177124,0.947851245998716,0.4238027949055722,0.9276306638952933,0.4124236036177457,146.55980256127054,117.30254569565614,-1.5552758020632609
0.4857927366106983,0.381246112657338,0.7630770359542287,0.8392305493479086,0.4529365218426228,0.9346846888995156,0.627065371734914,156.53041688646115,145.46963413916083,-3.902157606787477
0.6907552986863552,0.9266137553636516,0.7195148652372977,0.9712960832711768,0.0276552706813956,0.987339538026898,0.8570402019952298,135.41901401541054,64.91218279691452,-4.563700326979555
0.7585722525711684,0.3559881284353123,0.5240846849971694,0.7479008964979624,0.9219467471401004,0.7977735796810826,0.9474467755436756,145.53791767897908,23.87401527541623,-5.7243261300669115
0.9936684757012012,0.460380757311627,0.5799849045146114,0.7170554173259598,0.4495190816715423,0.9827270188959552,0.5568141125685397,153.63345350599647,89.0802146421256,-1.202209592401087
0.8187628253134414,0.6580243471237291,0.501645567916133,0.8546043392318362,0.1273435974762019,0.8288282408250444,0.6627688195630697,150.98644686393374,60.85185096001555,-0.6789758392003221
0.8768175707633172,0.947030968415504,0.9662785538630536,0.8352049583766195,0.659173689604468,0.7876097532830322,0.4195377149169589,137.6373152087023,31.752246924571647,0.218668305817193
0.8261036035812381,0.8759515713092503,0.9714970119722816,0.8950444263102665,0.586124011916296,0.8228768155101713,0.3449051330520949,141.31127409505137,63.79404525705415,0.5051429236299736
0.7393505710850905,0.6690136179589832,0.6657577155666116,0.8116990424421419,0.7152894013975729,0.7808457805950751,0.3883581020642557,149.86706770326114,75.9470636054343,-1.5849484205030444
0.7313746701589274,0.7433346722068959,0.7285735908750295,0.7470976632479416,0.1020752693814201,0.7827487118886958,0.9034030238511208,145.69580078113387,26.80568636361249,-1.0139697523913938
0.525268365324601,0.5179912133606199,0.520994946558318,0.8935620189955606,0.9061101496924387,0.6420378188781579,0.6925118147039793,147.8270625801603,42.31619295541412,-4.71093005438843
0.4331586723654374,0.9785450843060356,0.6603185041460237,0.7884189993303818,0.4562735425857431,0.7967597959804141,0.5687021159046646,143.64450173358685,81.57447238937598,-5.411595655313744
0.8057040513663032,0.8765934684930667,0.7842994088306244,0.7124299601880454,0.4303706183377964,0.8061509113101267,0.595872864851597,143.33387465130048,38.6006360091856,-1.074406045194408
0.5877723254212315,0.3633442545627993,0.9804330608142569,0.960987331328751,0.4206693563291548,0.7877909363205071,0.7024043666753697,152.50811274297695,91.87166100702008,0.1570101842303424
0.8767100534655892,0.672382302247533,0.5915085164578466,0.8580491154749149,0.2647255376240829,0.5801567070915961,0.9098955435864288,144.69719374800633,-37.33099234917643,1.5018577670875766
0.7693450994073254,0.5708511541994322,0.5225537426818593,0.687791078977298,0.9011520840094795,0.9564409179084444,0.841358415500927,141.0462863907321,52.261150624592865,-8.077742090506577
0.5920664305125775,0.9175657853463082,0.7307368714420654,0.764708515758016,0.517909894067427,0.7132596383558987,0.72174070041205,140.5338204289866,25.363981333832395,-3.4369921319471803
0.6302282112298114,0.5120687862664395,0.5900609513801318,0.8583290215251138,0.8172625696951318,0.684123864956141,0.9825740185295834,141.3985563694123,2.5818188128691624,-5.161807953187725
0.4963226624875557,0.6243138943828295,0.9497155066710432,0.8506786066086334,0.1611850724443352,0.906057887639534,0.3601998632577153,158.2255985138133,162.46585344731835,0.02413341929266497
0.6000129917327869,0.6146987318971,0.6951518802107644,0.9068711569757162,0.4702497910762164,0.6703789487519476,0.7433975194727487,147.45375035319626,38.31434033544741,-1.5105848180685333
0.6143636916096047,0.3839249267968652,0.9026513496402044,0.7851956065763401,0.014103454446812,0.9044263647262728,0.5914078614642181,162.83015248651526,142.2522604727328,1.395793284790376
0.4777753659690865,0.8226217181374977,0.8255778532395343,0.8495878474228167,0.9296830034729344,0.870663631347633,0.6243833899910255,136.66398978552752,78.45831470751368,-7.586879107556282
0.7443089924143398,0.6130189850081622,0.6734934503432817,0.9062210338690052,0.7980006135243084,0.8810585579220862,0.443578271923178,145.77697793309136,89.26465039903394,-3.554223590852163
0.5255651469057951,0.9825775892056864,0.8098159240535072,0.9668356612371192,0.6446128339024095,0.5973025127837709,0.5978323592788726,136.78201847199256,13.920932197799633,-2.298043853599707
0.726566710529781,0.4804758565347837,0.7917966150669986,0.8710872269244312,0.4606581717659025,0.6965377207013311,0.6897717032286006,151.4171947135088,45.29002466132335,0.8253979662030124
0.6844347662365808,0.4160339126501165,0.634057106083274,0.8486866750051577,0.2829257736852171,0.8039435861841873,0.8645879750143194,152.54009011556565,62.945088349175506,-1.717600820239073
0.873684376096907,0.3623788158558564,0.9233894576620658,0.892859120314768,0.8148943162818533,0.6273376758553273,0.930868919350076,142.4553442254442,-24.275977409058477,0.7980241295149803
0.6509582827640883,0.563066549600574,0.905067594818368,0.8777511882440252,0.222517968395122,0.7199069827159742,0.8845379540566809,147.54540446927828,36.55238915058349,0.41974824579553605
0.9598763682602732,0.662748298066724,0.5987649459817963,0.6793920994415218,0.646668504401961,0.7083139958185658,0.899400488189967,141.22702782188563,-31.739347224271402,-1.66910460242438
0.92423791126254,0.9708395319042912,0.6386890801448218,0.9986903366403008,0.4628728017344971,0.8626372422012333,0.892001146701949,126.0132891126033,-17.82131053997989,-4.359969031361156
0.8295605603371206,0.9563515250373636,0.9055485902997564,0.6820938806983523,0.6745934379341072,0.7248636247973291,0.8895667495260204,131.38460174715965,-35.37763229880734,-2.58546208734628
0.895907059766516,0.5483578944598364,0.9774555755179456,0.957882685756712,0.7872454960492828,0.600714528834948,0.4817657073130324,145.77375425182228,10.06565889584626,3.715275611089228
0.5286458218315491,0.6227945621088951,0.993903515475089,0.9357660699463592,0.8759654828062965,0.6206869360446579,0.9403782361236224,135.82709121606072,-3.9679721026450183,-3.284673801764909
0.6580837449176435,0.3924798839151525,0.9646420600798692,0.7863702500332592,0.3505451365345322,0.7562801281091166,0.7133053011393462,155.9058948806019,76.53834593415561,1.4358700381523355
0.9345140178291113,0.5164707628564212,0.945424345470974,0.9359433770654624,0.6471150666734312,0.8850415988213696,0.4663980725412857,145.9586632846165,73.6340589127697,0.9098592847985906
0.958021295708792,0.6513965821610268,0.7658457920960839,0.745339161973832,0.2071683412921608,0.9206863972503928,0.5326735544314172,151.2005401482171,76.2738931206393,1.2480007212470796
0.7324094911818371,0.8191780022932416,0.9048448375727796,0.7599586850727968,0.3958379470347368,0.5907976110989179,0.4300321278068244,150.9102432339342,31.359499080225387,3.561382878234815
0.6803039664070758,0.5041073826183289,0.9120232144105848,0.9123147901891848,0.9877557442331172,0.8858252462943108,0.9398667621797032,134.09477653409016,36.28310684508638,-6.374730079562273
0.901654454122175,0.8645112408170592,0.9355708163559402,0.8694241888318514,0.4902794442812654,0.7334361791059232,0.6736538204542503,136.58539047458487,-3.3778166553858804,0.8480729545250835
0.9698317657426696,0.7528495666707073,0.9770422895498778,0.7892398671040646,0.7505137122440098,0.6606339210067615,0.980009694337228,130.92907736783067,-66.9054879566047,-0.16261278951747984
0.7372616307962452,0.3831387415920395,0.512389732390181,0.8774113305869218,0.689483467100566,0.6736903301798105,0.5254018625555827,156.59423915158644,60.820315224660305,-0.4307086920980492
0.6296928194009767,0.7522969898480751,0.8968594753384096,0.8450812448258693,0.939721655258575,0.8020795766058877,0.8691992183793186,131.95376641122607,16.71769947666593,-6.093256882615963
0.6770895074068288,0.9107476380649324,0.6461944619345416,0.6786249680944229,0.9629413000353494,0.728637666408378,0.8200466662546042,133.47949501186866,-10.50760413941365,-6.668934399093574
0.950806881401736,0.868422297241868,0.6394068699589932,0.8217161931388302,0.4328589961494851,0.9651108100997,0.5105093241434888,140.57528116530867,61.75721972334695,-2.504582919455885
0.8546489209005913,0.6427748582305495,0.5410714262912028,0.8197883035868285,0.650141660574324,0.7206804254805925,0.4503407077724423,150.27114842233797,43.99505993262262,-0.37769824642618044
0.8827608425077451,0.3613596388923417,0.5537539164104714,0.7707019313225105,0.6520873960237722,0.9329844168686864,0.8773468158383267,147.21036241738028,52.72144357432654,-4.3686744011851335
0.9792222749642308,0.5759390857366724,0.92412102786535,0.8506930083612896,0.5645676273018716,0.7338606264728212,0.6862309592859601,143.6439166133565,6.47333025026433,2.2473284577387425
0.8227644310834404,0.7678415427736534,0.5924545257717883,0.7572349867158451,0.4424398268265994,0.6951711236585246,0.9932728697169242,138.75916733034842,-30.22269186806668,-2.5590626366768374
0.6796971638604175,0.7362448594376776,0.5663309905401618,0.955356185708602,0.394030212402643,0.8550626112850996,0.7812385968722427,140.6850077685054,52.35204674734703,-4.603852723466643
0.8288430339332276,0.8545778832313442,0.6002289624031912,0.8234346515630231,0.0544044872091428,0.8030715651671971,0.7541889872024883,144.25761389495435,28.32488355770184,-0.6165061566269359
0.6016969378796191,0.9212782690099596,0.8064240825375157,0.9063539299885378,0.0961658420668659,0.7144562590354145,0.3222712346134192,151.85783440697801,89.56985734663374,1.994457336698634
0.8951372702967311,0.4367545244737035,0.5417623062312602,0.7746338899834233,0.2176271831659078,0.7826391851929578,0.7986719724533602,154.5530582680227,39.521221908652954,0.568529298312954
0.4460963309179227,0.975488475069898,0.7947419697958258,0.727220750029608,0.4958628896610515,0.9751482054832852,0.8040147153781931,136.054415945553,85.35001670968164,-8.630087549143003
0.7445302499400113,0.965964380982952,0.7408074291472764,0.7759240074332727,0.8542055571155017,0.6955948900178921,0.4795634474801125,138.09063986716527,15.641875064791614,-2.6081332294077515
0.4817673463406566,0.8220635419902843,0.95650260506663,0.811558347637916,0.6750349545019633,0.8396632688679279,0.463812984698715,144.31234471650055,102.15217516814104,-3.752598327542054
0.4352683289748029,0.47007502973073,0.7951715684599165,0.8481537496321563,0.2302963044569912,0.8019596555275386,0.6380242074500769,158.48298517514024,123.97944545098743,-1.3794542554431175
0.608511162541511,0.8867267820391052,0.97963194455251,0.7421213228300169,0.1201614491683943,0.6703953050791329,0.8458786666399073,143.6026214770996,15.071927228715241,0.6667345881181104
0.4299878355989285,0.7109808341613918,0.8066227708627144,0.8085163253483889,0.4403942664088436,0.7546898817377659,0.3532604101337919,156.08575311140774,124.49013457318027,-1.3064650501295643
0.6168623333344014,0.765483563819155,0.6834020565038523,0.9080996970484628,0.4140244006292159,0.941111220781431,0.5725545836385943,144.21003699622446,103.45503653987001,-4.598766684866979
0.5446338851302754,0.408252906651592,0.5084893145529908,0.9888764822804974,0.6143933455708925,0.7851918155155125,0.9765182469261612,144.9291994393414,50.79405263434537,-6.167460224192153
0.714641255451427,0.6456905112728716,0.8772406179777534,0.9407164572900072,0.3344243316870796,0.8184943833007549,0.6241550987662223,146.32960743064828,70.20144241427168,-0.11501787876998225
0.7207766278589053,0.7910323587227365,0.9863218882804295,0.9556387464895368,0.1663378436367861,0.8989600723397567,0.5101219367830823,144.8923975848534,94.27013923495163,0.5076173512824443
0.5127217025671545,0.5051191956052165,0.5602074248701452,0.8157482409899413,0.6160606420552199,0.5948441065025578,0.3958829357376703,161.2483737838071,85.73820619142147,-0.2326608875591327
0.90658421709847,0.6828481226051522,0.8527796729083218,0.6761932942065838,0.8048145110788694,0.9579722339445672,0.5579285589603437,142.23186141746442,64.24367943325831,-3.0724243210050504
0.996093120762294,0.7160201437623894,0.8793073627001016,0.8936750071608446,0.9859158606502808,0.823253727223263,0.6413116609795043,132.51788855330736,0.6831421681912965,-2.108433462729656
0.549291659874033,0.4058238049235302,0.6184542789065727,0.8724062852004629,0.7123685418731742,0.8583625736863345,0.5978713210970934,153.16585412191387,112.8670724781584,-4.695850148663891
0.9699302673274972,0.5383476851535132,0.8592507432456014,0.7765745319512258,0.4335475281000021,0.672925524653749,0.6680309615511066,149.90003867624102,6.583781579144208,3.7535561607511303
0.8270747776208401,0.8246637834608997,0.6121142004155464,0.8943524515498816,0.4047156284192959,0.6301077460728508,0.4619568894995159,147.29903573228884,19.900893896338722,1.6529209342274804
0.872606508290632,0.7210646038108699,0.9660213778400244,0.8065787779167931,0.1479968578064213,0.7054005792111205,0.3408478747183134,155.2058868450256,63.89837922942503,5.987487394617824
0.8762449200970381,0.6238089426785207,0.8703450914787609,0.8190424320954204,0.6372775508069073,0.8282059752576708,0.8756961502360453,137.82309640183985,9.286348346006326,-2.1095501603904343
0.7950241968523312,0.9356126779275482,0.6606061627562072,0.777615374406608,0.8000520032091272,0.9060988121113835,0.748046739629026,131.0792793869616,21.64750932596541,-6.8328992063717235
0.6600816810058384,0.9211465558277988,0.915440041165338,0.9551715012367028,0.1748856271015421,0.683219161759383,0.5225874034115896,144.20396499383406,45.15069805407414,1.8886838881201438
0.5642234588077968,0.7929568101148843,0.984885592612634,0.7789067318965996,0.2101033658516322,0.7191911989355658,0.9427161958006036,142.01177893082323,22.90478707163011,-1.1008260092537157
0.5313937878227833,0.5756692457239868,0.8977318097730622,0.8216546903248274,0.3940443644780216,0.8970350204124944,0.4337821327953595,155.39884956099036,142.22814690400065,-1.4899739896016322
0.984521436406652,0.5235942214704903,0.9568150699774745,0.9362991778974654,0.2756781953555898,0.770025735750073,0.5743429975355925,149.3395762956005,41.64674063894765,4.608564507021022
0.9604500633092318,0.6844146896151647,0.8389265502515011,0.9638940389055152,0.5834270523905564,0.6216189626789838,0.7161727804718663,139.0038635066794,-29.389180861733607,2.2939938555079804
0.6626476290872081,0.5777905442780397,0.5709860004260937,0.9080309102316956,0.4370788263440149,0.7180028612775784,0.674108222699589,150.1319174075261,52.99342022798135,-1.6256251905185566
0.4458377297306367,0.926769489385606,0.8662063934103887,0.8606466629031547,0.2237870281031471,0.5939965864591445,0.4751399136722529,150.10239091590222,61.79638097235606,1.032835774952652
0.6445106148869016,0.3621387722909131,0.6393458790194182,0.7822164090459864,0.5424244443031395,0.8457279001293265,0.4798663240088121,160.57669991938528,123.5148483224358,-1.5659581498354815
0.7596883936922035,0.7463782129277914,0.9336019166335032,0.8196693116410638,0.4038537431598216,0.9741771237373472,0.7220753132389159,140.01311310399666,73.72517532814054,-3.0047468015796768
0.648195135604198,0.6469957680426952,0.9389802083074056,0.9985737337659204,0.450167910232408,0.8920084831864332,0.7084876305862594,140.90691737586587,78.46089043657011,-2.604167734729465
0.7487851701554272,0.3652661743544952,0.8220723774765357,0.8358347557413337,0.2421007992034378,0.5861819948889493,0.4628233960308249,164.8523556026079,67.28453093139213,6.032421975117199
0.5724460699967294,0.8539150208946107,0.9586711149658088,0.7671486364172346,0.4693621079105169,0.6663086067065642,0.756370193386853,141.67815551948374,20.757662719316112,-1.1520530720941924
0.611835345848321,0.957255066973452,0.9520737794227376,0.8863197221685817,0.1014848535146729,0.8772450541486161,0.3898111384175444,146.6437176343059,109.80839422366041,0.07096036000709005
0.9490893064571232,0.9179367536203804,0.571918807490015,0.8478975666459897,0.9016258797393532,0.9399329326074362,0.8522432451286752,124.78366446852971,-9.44994539562145,-7.75034390095647
0.5755485270897671,0.5572736732211867,0.6297319291380336,0.9204193533485135,0.1946452365003664,0.6547640166142431,0.557342604313803,157.90654790821077,77.65177260113647,1.1596854495306068
0.8835358459854603,0.499844193610006,0.5524927840856251,0.9299197244029718,0.5059183568715726,0.869282928341397,0.7872445559601593,144.440303886875,42.60220055419205,-2.7553424434267604
0.4671355785895298,0.3869310376678752,0.7299857002231832,0.7646698409337725,0.8113933008893963,0.7277662016261273,0.5591364671029653,157.29460046730182,101.68369750041887,-3.070978127019565
0.4741678744483432,0.848779926844543,0.6627827664628849,0.8025120302666646,0.0392602307078605,0.7954379991388681,0.4416966536092442,155.6678889469047,118.25812423000183,-1.131262751465972
0.829148357221072,0.7828490453769013,0.9652001372105948,0.7077851267267485,0.5443038120900551,0.749259566426686,0.4176145996364921,148.03304698125137,50.60409261643444,1.8844068463332824
0.914838949339288,0.9899521766879548,0.5621613341321776,0.8617678236913199,0.6016511702732152,0.6163914212016174,0.6877275010694128,134.59814001225223,-45.473600556711624,-1.0207084009620602
0.6428338997278104,0.8488780260181705,0.9245157621264612,0.8916439141843087,0.2478227162142545,0.6495689405954703,0.3335705415199959,151.5706397339164,69.67402799879801,3.3531578681491045
0.6588868314163208,0.8535545825530351,0.8754542136799547,0.8666969420394017,0.5634135287878372,0.6334352538209791,0.4080017126525248,146.10930414392018,42.88370062712126,1.0400423852296148
0.8646824100441114,0.4581130245289604,0.6739107710643726,0.9982280469567713,0.9631411952877956,0.869532954620557,0.6822898917531635,139.5494218814526,44.90017451216556,-4.151733764580513
0.9092656217907724,0.5623493788670901,0.5643882343208144,0.8539644695905352,0.089613465994036,0.886299403976863,0.3826656236691118,158.78947777579899,106.25097348502733,2.046440830790384
0.5615363948716484,0.8114487480110328,0.5290160443465357,0.900665476878062,0.0626152183860437,0.7290523315586706,0.9273866512446892,143.96504273977612,30.028516508699525,-3.252066486487558
0.6680085023763769,0.8569109906492782,0.9375025341199104,0.946841970724478,0.2154285026553189,0.5975509545048506,0.9953214472469532,135.79372280292438,-31.407154431129843,0.4835589912313495
0.4765797881311328,0.3613746712648645,0.5532159262584024,0.9523773655293212,0.3666822606614431,0.7485027263806877,0.5019492072962147,162.35789422059855,128.2035733211716,-1.3205846727910462
0.8514347453214124,0.9227755958630396,0.7216838416101282,0.7084417158251785,0.7357777169494051,0.8336379899717601,0.4626503241052407,140.28146248963935,40.42315071804717,-2.7118591852603373
0.9158365684809836,0.7403431592289563,0.6649460816859943,0.9726811923827168,0.2930678792820607,0.9191689319131096,0.5462046696904617,143.11029800328373,66.44506355161609,-0.8599077840705941
0.8041713318088324,0.4989794228883319,0.583006287407345,0.7179083763483302,0.5242725345391958,0.9874894356656616,0.6029572226921089,152.25353576275612,104.38506113068226,-3.791609666717898
0.641237299051534,0.9343887678929764,0.7094459203822437,0.8424314842614455,0.0122252957315412,0.8363982666244058,0.4765201505265869,149.2577036233692,91.99458428712052,-0.4544888392990994
0.8625274149486248,0.4212872376309248,0.5058955036798954,0.7769763065050062,0.0322127909940263,0.5986963726273975,0.4094678048153576,169.2330845271953,65.0152119591713,6.249171580778701
0.4996345129311864,0.4589272337829411,0.6740708334649237,0.8678662931832687,0.5115071822767551,0.6748559076754865,0.4303467437873535,160.7008889282755,106.51469763835006,-0.17039505679753023
0.5531374931832043,0.7666941936494099,0.5372228281156811,0.8791048248863412,0.0547415411184648,0.6400285250843807,0.4101952428399349,158.78071201234812,84.83112592391441,1.4107821623473888
0.6597035074512021,0.6643235798457369,0.6477298836306387,0.8985296768992829,0.1320137068939665,0.6607652639446608,0.6989514718436384,151.7346113984681,42.05382444896319,0.9457025873271522
0.9483004024911412,0.4024670543310353,0.7626845981198316,0.9639356101264314,0.8638572167691047,0.8301256375828786,0.3767106144002049,149.39641575797683,73.79487252293694,0.41701611868288574
0.9321781929876676,0.7740694320245097,0.665164431561091,0.9642980555672868,0.3468726723218058,0.7096270672006144,0.6609265188240504,141.21929429884113,1.1129076449306363,1.0844769518510293
0.867519095597191,0.4973183383490346,0.7134724771921019,0.852631299125703,0.3781991690643282,0.9303228268917608,0.7932088844346461,146.33115303125675,62.36697274069654,-1.9694783239575933
0.4886405302692116,0.987507571148913,0.7536942768290845,0.8547868723869452,0.3127181080796939,0.6153153058384981,0.3230257575876871,150.5726233410214,71.93280681659061,0.5123213279958718
0.5702579105430422,0.942529035486862,0.8631296054043058,0.759563688322598,0.3245695637633901,0.7006170751076182,0.896314894217264,138.23262536306154,7.75849195752336,-2.627400430838492
0.705956976760223,0.4455450926406923,0.5650637415706512,0.999530721448211,0.7448695567640767,0.8618710394431385,0.5372121884480427,148.7481301427624,93.5145355597823,-3.8134833507483656
0.6689217789779026,0.891268274202178,0.7127792577749807,0.7935219608141427,0.1797474844978019,0.8876694052560313,0.722194845583953,142.72555385181923,64.84206196247068,-3.2132448961679656
0.9198092681644954,0.5587410636987402,0.5880953274395033,0.6798410179011154,0.2440844622812764,0.6264062264332985,0.4302198015158949,162.2507178584058,41.80382622021744,4.866861419680434
0.4437589863196647,0.8528335991302491,0.9302491237266612,0.9008281076413628,0.6818143926530185,0.9811506475105194,0.480915288208698,139.82493622991595,130.43208732255127,-6.590773255360298
0.4389403249013449,0.6938955045060762,0.7598014854339331,0.9870164516750364,0.1164563522284561,0.6635480182560706,0.4511756660336026,156.38271818831572,102.51203163026025,1.122421594753891
0.4573371791400482,0.7409624238719004,0.7453219555610003,0.8358380323747868,0.8847249855256196,0.7254459964187608,0.5980846906937552,143.11989728706274,63.60605092710733,-5.378256268435584
0.97974750532122,0.4853399036290844,0.9722197762523356,0.9145779592522528,0.5817986715690259,0.910603370847138,0.5521572512293662,145.39712450355222,66.68802936221438,1.1298423135375701
0.74308263889705,0.499441377370001,0.5353557448276757,0.7724819517449562,0.7768198718265407,0.8322419580540352,0.517960705891652,152.1829514949688,82.02227644230321,-3.452264350701704
0.760503520162862,0.6982517143153015,0.8497422999405597,0.6766480102550883,0.1077729801463283,0.6376942909758386,0.4695725999912395,159.07184244695915,53.943728685112916,4.9058996826804755
0.4474640202592572,0.6680712890274307,0.7735118099610663,0.6781795684600436,0.5809140649131666,0.9739237768632464,0.4144920860602097,154.23050798104245,159.70153696544577,-5.432609059056746
0.9622734413066322,0.6411736784768534,0.5700653016769932,0.7332737021152669,0.4056203892235211,0.6581234893499271,0.7975207053408094,147.21020233731727,-19.199139183719378,1.0399911017549521
0.9915373774681718,0.7404661665199963,0.6532667156337626,0.8842260636743476,0.5994937085509129,0.92010553378419,0.485394268437343,141.31605993693543,54.09091804421857,-1.7348192468570427
0.4681985821727968,0.6344695787961119,0.7252153110272799,0.6671221105486609,0.3455899692361033,0.5832846443668629,0.6589335182729736,158.01412171055998,55.70022339131785,0.09904960116666565
0.9640173426752529,0.7673116469640349,0.7365412945802491,0.8483467437881402,0.2782830828885113,0.8450981660895893,0.821458293372547,138.87620241642233,8.215709283416643,-0.5911362217113448
0.4693702270542935,0.4887120057154005,0.5937399966692287,0.9728461297888592,0.8916821482293192,0.6714435407152236,0.8105656969625482,144.29790439081575,42.623060570431875,-5.701316517072668
0.7547022989599363,0.4832800757872399,0.540149683661183,0.7086861828333773,0.7479807244094806,0.6783266051724609,0.9463050206535778,146.40256529937002,-4.180664624037437,-3.4600491821554877
0.9958995314133036,0.4130277926954365,0.7646831050683779,0.808816823777037,0.2296358560736278,0.9823748117232826,0.9221628432469804,146.7275388673043,51.50627560961712,-0.76163069740091
0.5611004479737012,0.6482995087143253,0.6517684635112204,0.7296589978495786,0.149449455853421,0.5793464312242499,0.7754305028740518,155.8921887152061,31.917144420940176,0.8793379248531409
0.5678608136608096,0.4237348291113889,0.9749066795949126,0.9017694954938827,0.6010719928725259,0.9837486151176872,0.6097668452251881,149.41256728433527,136.354247627594,-3.608239192627419
0.7990821792707864,0.8746002656806238,0.5691981986335033,0.8355056223476726,0.8379383682409367,0.5958779128952962,0.4990164348777426,141.02262766141823,-7.308726579992726,-1.4181412266417206
0.6917418473271879,0.5179002939836215,0.5756218614788731,0.8892562330025837,0.0313048809205817,0.8674960148508886,0.4691610935476717,160.67941059982,126.77090876146781,0.5261370960699777
0.8357133976130664,0.457146409191372,0.6277910377757281,0.969207141201028,0.7513651671745182,0.7592725045550542,0.9537312416307232,138.94906092510496,-1.1494975282440285,-3.466735265164625
0.6574389212114062,0.3558601393725939,0.8127155926576983,0.8890656524737983,0.1044922989838821,0.7234465432202251,0.5071826945383602,164.31085442943194,107.69161941568883,3.816383545560288
0.9822584980306968,0.7599942975429242,0.5349071868165481,0.8179228043362912,0.7676078511008259,0.6246644255069327,0.3785160588835864,146.55949344114885,1.520016873325024,1.23191694150602
0.8298064799267768,0.3860448267411859,0.7381596857769366,0.7686463180343704,0.081884783499134,0.5869693904061389,0.7307246663793334,161.51670660944328,26.162753889075603,5.479752789546965
0.8305421313221265,0.4629982091246637,0.7704304762759305,0.6850503724416263,0.6012284397875771,0.7525230055019747,0.4512780633514534,157.7911081027649,72.46333921986941,1.5771957555406773
0.8039414043007955,0.5374346064443383,0.8448667619109658,0.730247697074434,0.8165948699067661,0.674861309884358,0.7353156687220125,145.76722960925366,8.079619283073855,-0.4931283732836395
0.5257057086341237,0.4868477055807431,0.5229319093392599,0.9327412804753537,0.5277194549127107,0.8578886848252572,0.6375132409466875,151.96468508904258,109.97186829081356,-5.010851199257746
0.8930547899058854,0.720529075694291,0.930002654837346,0.7614443014072819,0.3785307725902791,0.6488299289297699,0.4927846714577486,150.14374677218302,21.78672578690629,4.44703822896308
0.6676091045514807,0.6391921826163611,0.9942906070654708,0.9522111163778282,0.8938540415084912,0.5799740074835277,0.830209149133333,136.24384586012698,-19.59321725655859,-1.0318676850486432
0.8532589817979769,0.7039016622954856,0.6627108047129529,0.9307243975796192,0.8370529611612838,0.6209123556429621,0.4933456596914227,142.82157428962014,4.302507496072681,0.040700545782419675
0.5166454361854542,0.50009227803213,0.9645409226746172,0.9100806344461934,0.553912615740595,0.7657882452091894,0.6822238256264408,149.1438922185644,84.03686936731289,-1.5249441909740629
0.6133710241919411,0.9280357892929456,0.7049923995617825,0.7134645500022107,0.1352392389435385,0.8660227444094593,0.8741482633024636,141.41862709731365,47.77397642452188,-4.210309749340141
0.5660173246847207,0.5644324781248065,0.6037269804705021,0.7471233760062357,0.6011890778797846,0.9434910965649672,0.3554738475115521,157.08427734450268,152.0228650086122,-4.359003619950633
0.7300448019642867,0.4644050387503485,0.8540571971448688,0.7017175118996161,0.6684227421054396,0.9535456791448508,0.884673686765625,144.70680959179185,68.44349038767956,-4.691693623042487
0.5576474806097385,0.8226747521365532,0.5595942111763235,0.8968798449387008,0.5874951934458433,0.6422082684212761,0.6552816427665894,143.32100200623282,28.182540636162873,-3.4383088351591424
0.6350820540205029,0.6777790603767899,0.6149764235142019,0.9594666464551423,0.3063462097090388,0.6183252387024168,0.7929198210936351,146.3471003175348,16.15809692077998,-0.5928029346378796
0.9505316799370124,0.9250868190999044,0.5914229641452541,0.8128793943608559,0.6910869357957108,0.6127312364244071,0.8071460719722348,133.12296359151082,-63.918015054047984,-1.425664512374725
0.9281645600923688,0.5814617570470069,0.5215096768297622,0.7393667879031074,0.1322516967518399,0.8181527580845598,0.6818644158928663,154.16127059378533,48.78110343116774,0.8068910422841447
0.9123085765976244,0.524139138011042,0.9674487120601774,0.8707606642624229,0.7935318704212614,0.850217981915965,0.6663892895928696,141.02060734062286,38.22652830932658,-0.7553638567971396
0.7523803237951054,0.8988757961655973,0.5928021688804415,0.979446900524235,0.0340217829194424,0.5954761876509524,0.7478117818233672,143.28550287225767,-8.221373472467107,1.5020116175115645
0.5544524411008126,0.3908827083951895,0.7714167359436761,0.7661470898744484,0.4779843227071238,0.9362450358132935,0.7081215754815382,154.83199501783338,124.85590504477771,-3.9318327894009935
0.4654360265039386,0.8627914345312002,0.7934792291978027,0.8552450495898967,0.5612502531029019,0.8103609458335814,0.8787353619763517,135.82331001457214,44.362219942263664,-6.536340975353408
0.544060177078108,0.7791166054634611,0.7685300217490323,0.8244620743693621,0.3360994298235811,0.9119769853915104,0.5471754694222386,147.8959466872783,113.56619651553139,-3.670081934723055
0.8368181459261379,0.928283644833531,0.8064104865834418,0.7959178947222669,0.9769433275245104,0.9415324689427902,0.5393438832090774,131.37695378414884,44.23458578928372,-5.853306633017098
0.4450062134056495,0.7493577113485461,0.720554839308706,0.8764301978053111,0.1822607601757244,0.8256324872803875,0.9228325654821286,143.6735811050347,67.86725573923522,-4.839209255822604
0.5044711705190021,0.5202663949315562,0.7383745645896402,0.7503752299607226,0.3939439006191912,0.8673296579902701,0.5860712678840219,156.78163218535857,125.78476039016304,-2.917736694293367
0.4685858598214605,0.4181761959395192,0.9396320250178816,0.8352139063928172,0.5769188227495095,0.8398761298441105,0.5829428747896199,154.9652920303092,126.21763538191458,-2.260215880601703
0.5025861857468908,0.881074541574953,0.98194815491084,0.8698153260081289,0.2270167036897684,0.7507083551348186,0.88724848068174,138.67691929796936,35.91460813415944,-2.317986714809128
0.9990905557068752,0.6167775498483905,0.8932847104525984,0.97290701246989,0.9891944136784894,0.9418859359210764,0.4997858996118781,135.44485314558278,50.595755388172876,-2.428701326171361
0.9988645550396016,0.5062233446975481,0.8497049235798282,0.8828576930019725,0.5857484978135608,0.8932219153771332,0.4762073646883532,147.88685524369922,69.00642275119438,1.1437221859550042
0.7842049288676254,0.3906198865931165,0.5848919246230108,0.8497764749625838,0.6073866168171785,0.706723750054634,0.4556380402238898,158.39061345877573,72.86632219809776,0.8566244739250729
0.6285282933359219,0.7455325490363287,0.7280059470844384,0.7610671721658745,0.6937350223336932,0.8579086263292166,0.611329569574728,143.7450761731806,72.99066890741359,-4.798205553656119
0.9671019107174508,0.5115057638423068,0.8971702651265281,0.883744417906002,0.3155450850041832,0.8641207115534166,0.7835458598564904,144.94578704587153,36.51270258841155,1.3203463189536173
0.4310798262927577,0.6572070583616932,0.5865782580356957,0.8488224124710678,0.2315939254649217,0.7079052006531017,0.9725397434804042,147.60967937458176,45.56562767036022,-4.277559051752082
0.9772931328964072,0.9170181176331345,0.7854937866861598,0.9389140245936471,0.196291830180538,0.7794558597916542,0.6096325501640923,138.700379307205,9.437757156000451,1.8080072899546658
0.9458976496771044,0.8996884365102673,0.7497664830635746,0.8397539383353535,0.2242887474318651,0.681042604460101,0.9238511667165008,135.5551814290164,-45.82034113534618,0.7671578882024245
0.8495117415222994,0.9335053620153666,0.7947394153625184,0.7267891157610117,0.489964803091251,0.8297743586544526,0.614898108926706,139.20634822639278,27.666064596386047,-1.716984136456255
0.6466230508782338,0.5360647920857953,0.6271359826319407,0.7199637562093048,0.0702742451028092,0.7881385200259003,0.3906922608360259,166.15077603376474,126.12858632802323,1.840558193409888
0.8855857344858137,0.4986732750905028,0.8071503110689113,0.6904140314510706,0.304781771827178,0.9672010694494404,0.611953801611439,153.78534188579127,95.78243110278775,-0.12182960629204281
0.9596141586509812,0.9555256104046796,0.91463665755024,0.8830026742601418,0.4228060481630791,0.7248682435539211,0.8190035948146968,130.8012313575008,-37.70916698965084,0.4353179087031031
0.9631938654683398,0.9112452684233848,0.8779663669525748,0.8047082896215286,0.823227365591489,0.8923645661270614,0.4336704305273349,135.11025269385865,37.137452449280424,-1.9754772084062515
0.5436771232094234,0.5970462766109651,0.9711030083913011,0.9188054510412887,0.3017993370520047,0.6673997114063053,0.7354174130818929,149.241369936939,53.7327391951032,0.9018026509290953
0.6948254695717935,0.7655322078738561,0.9175040441491192,0.9950892892700444,0.8366059751085301,0.8648866014815015,0.6447771857341935,133.303086782421,50.59334911497543,-4.451448493464311
0.9874606351568098,0.4035068472458433,0.6479659118763724,0.9052428949524444,0.3034551435324222,0.5767052566640196,0.5534285088719879,157.91249847055337,14.027977463914114,5.998877454340389
0.4724744218283784,0.7998028139886906,0.6524350562346557,0.9617939948084482,0.1725531766930386,0.8671012736439238,0.9025514967360896,140.52125138403846,70.26112476780266,-5.71265144705997
0.6965639322944328,0.5838147861468559,0.97847255121304,0.6899485033673067,0.9571331751649826,0.9025466360850276,0.8531323824898673,138.14814172980238,46.001129227925865,-5.586528715735358
0.690309065111494,0.7324197792159657,0.5395444081933796,0.877938407393878,0.4754133538753949,0.7555866132272928,0.9171623377587412,139.47193209094672,10.954514185720557,-4.525181309160473
0.8957916828531085,0.5092004509683437,0.6302939053727472,0.8732083293108249,0.9169376092257095,0.802627508940263,0.4225582727547545,148.03183810077547,59.73872931358084,-1.503324360143175
0.6310290325411156,0.3911769139716376,0.938387900304146,0.9679116703579096,0.7943392155794087,0.8939729511765014,0.3294041748162577,153.22312966446188,140.59132192540386,-1.3676500816626525
0.6165790556439996,0.7621088589141054,0.8571095881497985,0.8640761877402121,0.9337014923834503,0.7897333633721412,0.6525459647130674,136.7923684760671,43.50721346021961,-4.9751758501087044
0.7514550444558228,0.4181150175134096,0.8481076658786213,0.6689926282220267,0.4852200658784864,0.962977889721097,0.3591037335521653,161.09607140384932,147.21797801854905,-0.13142346231454974
0.4989590642709454,0.8331693660129972,0.6820067025850838,0.9215823568344612,0.6314097094821528,0.592171507679606,0.8208833697595974,138.53266508117994,1.3805970653533775,-3.811539707058653
0.8467212205013801,0.4246637521893122,0.588333754313053,0.7812572467269379,0.5937715058499381,0.780720484808688,0.9750402787994642,145.65204924390994,10.01050948654286,-2.838137049095804
0.5461863395751637,0.6374064734080711,0.8539768196183344,0.819745430658023,0.2486279694901011,0.604381800880481,0.985025067606563,146.69244821348994,7.642228292680642,-0.23377373895931125
0.7325554874956975,0.7958740098129331,0.8011729921458246,0.7709161326247722,0.2288235798984351,0.7492886194925066,0.9382070943198778,140.92841226432787,5.672964809946757,-1.3153909388945908
0.716677757638607,0.6375433507473625,0.5952353593426569,0.9819639085923796,0.1736198012676284,0.9379518684547574,0.4708337308231735,151.74676092325106,121.00061479723844,-1.616973668342975
0.5569886906806989,0.6069621097802451,0.7133500665560855,0.8251577750412272,0.168990460357942,0.8173178457842819,0.3642817997841366,160.97585127652155,136.95412136836535,0.36548135499443346
0.8417563737496356,0.5423982003211053,0.7751367622455996,0.7047635678426345,0.1446159751535428,0.931324616786277,0.3152622907382222,162.2711308264419,135.21325049235793,2.3851335645914964
0.6167826789104863,0.7693570831885994,0.8694819186421092,0.8061515083322757,0.85767742619971,0.6814381311252533,0.7395017232859203,138.14945549031955,12.612343218037315,-3.426173882967104
0.978188146229697,0.6218731310133108,0.9763117285238626,0.752837993179936,0.5591518378436338,0.7822720497262663,0.5896304410268305,145.76959217018376,26.774125209878406,2.339645122565765
0.4359847248292794,0.8464062659694851,0.8406978279202091,0.8567723658401843,0.3823549021232165,0.995854551589796,0.9681688715572356,134.60317977423628,82.94313347114492,-8.518793434517084
0.8263089689844733,0.5077601673858512,0.9460930813744234,0.8729767092472314,0.9730607784283658,0.5988662826858089,0.8203205875846151,139.44661736098092,-27.03535425264195,-0.006863594880280363
0.8851507282168628,0.4602670798021229,0.98695189329652,0.7694879089891786,0.4171332358830467,0.9877950759377958,0.8532154523029986,144.78872642404056,66.47459970783542,-1.3263720129067211
0.5922854833179694,0.4719324754788565,0.5393424391146778,0.8255829396674713,0.8396198567933317,0.9840509039660424,0.4837873983228636,151.4999671460943,138.23386896093012,-6.957457150675693
0.466244844129333,0.8468353592416908,0.984210822057519,0.6911533197105025,0.3823368813508181,0.6103826049597963,0.4759901034162446,152.80050725808562,65.40573993176498,1.2023417616680954
0.8947312143920303,0.7765978759435035,0.9743899696004624,0.8796266838962835,0.529352842937146,0.9533287332982076,0.8455384173332012,131.76790241805588,26.47323938668247,-2.9836372413216816
0.7947671170535248,0.5484493049451625,0.7310346156350306,0.8445970401294256,0.6219123584336054,0.8333628526379334,0.86535046045394,141.66063503258636,29.871659692839355,-3.25675379607172
0.6728667678155962,0.3880219531880928,0.9330929965779567,0.6972307299475217,0.9807946133503356,0.7594226769713494,0.5053564338416578,153.74476434981688,81.02143624802531,-1.1637777564889304
0.9691058425565672,0.7121631887416495,0.5359605116183233,0.6711054806897185,0.8976146773573491,0.9777030037307374,0.5027285590795089,142.44349278077857,61.4036331280098,-5.136044417604098
0.7448558756665009,0.4676367166331568,0.7826973814598708,0.9507069607164012,0.1952901699345759,0.8019580123209984,0.510853304357562,156.5305107264981,97.6416668962892,2.142496060920311
0.6138278856072188,0.4475174750110707,0.8268823739556974,0.9643698314194392,0.0709738998168084,0.5948863326756837,0.4324556337394377,163.9799247791529,89.33158546332905,5.551767608841929
0.7682310403936621,0.6026979029278479,0.7295020601902032,0.8066677039727912,0.6462936280084143,0.7651790154555237,0.6732732553239862,145.97137584962113,39.58032811226342,-1.7297550037341105
0.9830884293910604,0.4473743114858858,0.5973653913677613,0.6884392089775214,0.5416998634038606,0.8653607745285272,0.5174768607274469,155.63946093571326,69.55190116123477,0.2394278563606157
0.787628276373032,0.5450404839545887,0.704606677083881,0.8989075574568629,0.0620009872812034,0.9500434425627048,0.4342891777324764,157.2136937954508,131.33379583932881,0.8705556298171697
0.8000730278681519,0.6700146658443328,0.9887750047378108,0.7624006968559784,0.9376084697106528,0.8358559686531326,0.5291358799836788,141.2550363129119,52.555122648742625,-2.029877436241477
0.5017361583974717,0.8184694096196135,0.756547518499094,0.8124078863508669,0.5090288304025721,0.6134649115673816,0.3578790694072993,152.89718457614515,73.02816948900474,0.06615509843120392
0.7995919919930088,0.539302542270369,0.8422167317570863,0.9513355107320348,0.1862627697756584,0.9344790296961892,0.5270258831259669,151.57939997736509,109.43265974755523,0.7233989813596898
0.5729676072509516,0.4339770477695621,0.7930822566821915,0.9881940620889762,0.6369888241186912,0.98560379687737,0.3513079976573671,153.6380682278132,166.7232285570334,-3.4552759727512656
0.918782258253825,0.7285433252803952,0.6992835447995709,0.8903478186342918,0.3865834755563063,0.9520359807967118,0.7644662325189937,138.32362811888714,42.940197210503506,-2.886178126072866
0.8060856658041878,0.3607567775476781,0.8527302045358957,0.9985976263241384,0.578068999109779,0.892198042646251,0.7941383532830331,144.67501437927487,65.21184853792583,-1.7671291179813509
0.8080369960183915,0.7122348716959637,0.9997387737316604,0.9314812667835088,0.1354429235003857,0.9318351242923046,0.7278405798867347,141.8933583242039,68.5955431299378,0.10917552323879712
0.5583999543315561,0.8721646995008965,0.7954992786269861,0.9760370492328104,0.8843443447400651,0.9162160977170888,0.3848134188572482,137.30226211679994,103.76220917543391,-6.292625877670875
0.9339489217918344,0.385956958529464,0.8419466298768723,0.8349361680799723,0.2190494760588161,0.5787818909907784,0.9387844598689766,151.74737916349446,-23.229172313033622,4.994767533836439
0.6607533974657903,0.5701824853767112,0.93510741939951,0.9566086789005002,0.0396993836946206,0.7276177943585997,0.5578294493858427,155.27572591251956,84.47550585826957,3.6037725163040584
0.8986742789527888,0.4573773281182033,0.7868086515547815,0.7691397139815981,0.4251222454564347,0.896052727089003,0.7509095580407618,149.28316739339365,59.203858840312286,-0.5564096168435616
0.573104684532571,0.4013972526040533,0.6580769940725707,0.9061879272038011,0.6618291010861206,0.6410532944016574,0.8877724112929591,148.78178007600957,28.418821413124604,-2.6160437053744583
0.5238942719780683,0.7792209045148641,0.5941676496747752,0.9418796300206604,0.5133160291862245,0.9266910660138186,0.3296630799155238,148.87779499380832,140.06538177590326,-4.949112306198302
0.8655702880057077,0.5710510171182414,0.8609051053030071,0.7032603285925282,0.769118485454469,0.9763940311802386,0.502760362336666,146.95911951847202,91.45732448624041,-2.584636423404212
0.9903371902055078,0.5260418110399212,0.7936688853831473,0.8913632676868107,0.4852399650609872,0.575477226095155,0.8513681826249948,144.21591579853882,-42.66281927830809,3.46791746357535
0.6735335624224851,0.4564460653775268,0.6913773842275693,0.7006295061674529,0.6498545142678137,0.9071479360792428,0.7892546212196114,149.55939934213953,80.76271104254235,-4.792941304982002
0.7322557834132464,0.4947208812014705,0.8655272679971602,0.8660731746292792,0.2730261107637078,0.6229509143972224,0.8248656842811375,151.05396201051283,17.195209141671466,2.62960060622127
0.9160997435700536,0.6689830678119797,0.8361747746811603,0.8925320758490656,0.7591680313854067,0.7979179484952013,0.573414233916336,140.15408291949308,27.79157207833585,-0.6950852606787131
0.8122906187957393,0.7686065776027755,0.8459701611464223,0.7272610162847036,0.0170042948055356,0.7843895332203643,0.3725452036761517,157.06539341706852,86.37857988248784,4.031877988179423
0.6881216685574002,0.6327359568814818,0.7630553034011408,0.8055252522360734,0.4421051419279872,0.886296621898057,0.994098807851202,139.8798271315252,38.642101857876774,-4.785609050192116
0.8729731021610381,0.4180586978018107,0.8842290324764687,0.9633408516276166,0.935741123980436,0.9679312919448192,0.6436013158866283,140.2382684726349,73.78263780991895,-3.571124059927225
0.6361940780797414,0.9547335318364972,0.7582149502639917,0.8932011186674774,0.4230919352913831,0.5734308608046186,0.7727531858846945,137.83378864604913,-17.830079880681843,-0.8796839739873613
0.6736989304936167,0.7956736885562632,0.7250601517353881,0.9487824457443004,0.9391386366896536,0.9888737903030764,0.5426585031439333,134.18946113136522,87.06929890925566,-7.698956577257674
0.632079383593914,0.9461576574084454,0.9613065975810776,0.7121515019674838,0.4899480333261428,0.5775354417707803,0.3846043170101992,148.66539083018992,34.83087013367099,2.3868874594249574
0.7564051915535189,0.951242027586172,0.7408002529243437,0.7263843669441785,0.7258175714405335,0.7883807248115666,0.6920822727331162,135.37050423631342,11.95544758072089,-4.245482520437489
0.6956939580437851,0.6812074359517453,0.6688566845252746,0.9347210753210492,0.7314289049711329,0.9135066680154876,0.841680806712369,135.1262220601454,46.889704915632855,-6.814201251509737
0.9422461298953796,0.902237415410294,0.7281059861117026,0.9360495344785318,0.2423423062954184,0.5892386493522119,0.5690751717772087,142.47179383192002,-20.011502098852375,3.893235678602802
0.7681225622382203,0.8980713810139136,0.8874866825099739,0.8918178070634737,0.8071837958023856,0.6770617468763546,0.3729479305294169,139.79428917785094,28.26734482078689,-0.05257383793392721
0.5984962318153498,0.6188575826415009,0.7406971420037053,0.7691941536162199,0.9911744024304948,0.6494959106827097,0.4420842128268861,149.75433821888225,56.10413837677056,-2.210599118865632
0.5702972548209757,0.7588345047204744,0.8435178653139225,0.7535962827717082,0.5887146051033925,0.7366881717839621,0.8568221848064065,140.75982035795732,26.56657567380588,-3.775795125218817
0.9275994490848648,0.8659081205963466,0.7384044627743505,0.8138095473236062,0.1760705381891067,0.5805400831780183,0.8304797361695524,141.41875405736363,-46.84212607379338,3.000430129419704
0.8734589928967117,0.6469181342709776,0.8625441559110671,0.7390747988741029,0.6419850144437003,0.9387400748289204,0.6013471675735267,143.80093307517012,67.34182395731156,-2.1700005561489806
0.4442358684079229,0.7152959535782277,0.8646595913124789,0.7079346688223462,0.452436270546438,0.992473599032116,0.8889728457868408,142.42790429464176,102.05331462001504,-7.506382001552123
0.6947518067579326,0.9821201305792492,0.9960680195099916,0.7666254550255208,0.3185655496791003,0.9120466188432358,0.7113377527377849,136.52197668962037,54.921217862024065,-2.763043939234217
0.7957548527783231,0.879522966625446,0.5985254733574105,0.6776669557668209,0.7593373186594582,0.7909774733566347,0.6366160926593026,139.81951006777982,19.99125623313712,-4.333038796728955
0.8891826555765521,0.360787620626512,0.7438622156990088,0.9906971414309766,0.5574329032359324,0.8409109227918631,0.6620481771363447,148.5527662258523,61.29763848822097,-0.06353824481679227
0.9498083893510196,0.779417066282694,0.5620161307315126,0.687042428516857,0.932014045320788,0.790726656134046,0.3348527765843183,145.66600380940352,40.15451234481417,-1.9861621203522055
0.8531173675863357,0.4891479028113244,0.8991066795719613,0.7550581361753474,0.7762527813073442,0.8106876232517992,0.9079965562129994,140.85973791729245,11.924208393118857,-2.265835267337858
0.5875880021540509,0.755443422228836,0.6550830588516161,0.7513355957731671,0.4422814906639753,0.7441206705728459,0.5889030865385861,149.98506326971315,66.60853761876923,-2.360618667296152
0.6825598308991606,0.952769004100886,0.9003679646243601,0.7825918966986622,0.3495902298360343,0.9518134118148548,0.5727092209219871,140.02202238750402,84.255399643047,-3.242949566779413
0.8678860211035881,0.7274532964134999,0.5962119645888853,0.7787220559612577,0.1687037917466231,0.9300449155116136,0.8234636243797531,143.97698802447871,47.380567702325614,-2.617182198511968
0.6022388209762402,0.903728867543087,0.9117550950180128,0.9899545373706152,0.5942006361697034,0.7070604408578374,0.9069336479264128,129.60235036553024,-6.355893230562434,-3.7976803480310837
0.78140750024196,0.4115644620089338,0.7061831919621798,0.6770331499618374,0.1382232055781399,0.7344248475479349,0.3991712360664147,168.43171269171452,103.78647525443913,4.383896732871613
0.9803171153005108,0.9030879867883336,0.5056665837780852,0.6709877456530606,0.4358043140819544,0.778987593570053,0.88975525015722,136.85904458231587,-31.35189487551811,-2.8362510993150867
0.8218664581412791,0.9299696227088216,0.5573895459667126,0.8484112804098931,0.8793033791854683,0.9287373963072284,0.6123127350037723,131.7540720526112,37.12931856804963,-7.231276930072043
0.5916194229622457,0.8837158461566625,0.6781926385838523,0.7485838244353017,0.3161066340906156,0.8768316873528319,0.412092387507644,150.21018551833836,110.2550290311607,-2.814169717212235
0.4494093448743587,0.7545976743133287,0.8141351820886161,0.7859748831994551,0.3882032890021695,0.6354073452308268,0.9496708021149484,143.5885675515669,17.56884236512535,-2.903927336653594
0.7269989074048128,0.853630860775697,0.9830898756144048,0.8064132526412465,0.8816787519558966,0.7995892976866297,0.5594128673693901,136.07664499430402,37.0435908489942,-2.891546223783174
0.8352355211163504,0.3527486285289118,0.9368077836186116,0.941938900792516,0.839254852461113,0.7165943455049351,0.4150833469639415,152.33541395498958,66.2717610446424,2.2945528453818027
0.7525789819560611,0.3807586665614305,0.8436744986831664,0.9738635617115576,0.9697597741624464,0.9796764636315052,0.9253170302004452,135.62003041454585,57.98070950464514,-6.781368288943871
0.6351520350651539,0.558752213784802,0.7781709721345013,0.7465033422356555,0.0530339802964403,0.788188328879113,0.6072306365845739,159.39155545282247,97.56836029169664,1.3415725491164696
0.6570514601678603,0.8778846293153106,0.5961165397986611,0.9230182685906088,0.2278314462588209,0.7905517049720852,0.9405710344404644,136.65829866328704,15.66302315599169,-4.292131251077461
0.4875081205542306,0.6147789932732635,0.8148625154394251,0.8364854742960562,0.0313813052847009,0.85538676950958,0.8278856381294102,151.54865908526315,97.91960839617992,-2.177141779995748
0.7693935538052734,0.3785869311013573,0.6031724342059452,0.9023473810244026,0.8342122244221636,0.9742889982544136,0.5633976283532127,148.77907527494474,108.21588195218555,-4.969539796243284
0.994992278725119,0.7849957503989828,0.976629462730255,0.7900882326059203,0.6647990082359406,0.8297834261433581,0.3362148501732998,143.53457089030974,49.13890947739337,1.9426674377237354
0.8130392241153672,0.8734990145031782,0.9163558681450036,0.7448046215751682,0.6417124993941692,0.6552871935573308,0.9515942539757604,132.52552823631493,-48.150003338948004,-1.5046346529208046
0.6329677800958853,0.3987083620097739,0.5784716158448997,0.7728775343121577,0.3816959372193637,0.8149360943653996,0.4964217151614227,162.44604313530067,119.50565826377546,-0.8923394534472258
0.6749014770870922,0.6794478312550851,0.6432551296828666,0.7453421713136015,0.2386412766480751,0.6044613708114137,0.5581717820019845,156.8364182069265,43.58301106593911,2.0777211861608404
0.8482859042869088,0.5180709924807213,0.7278681748867317,0.9452743276397054,0.2750524021551142,0.9721493900941468,0.6791290540110957,147.36742303921127,89.34595532017012,-1.4669118110458585
0.500769153668686,0.392587224386417,0.703446065928315,0.8364293947953325,0.1747407918147702,0.9532604305976756,0.8674207967427534,154.72162257438242,125.03649415368733,-4.233864249252676
0.7678855594031294,0.4893334648979585,0.7747717562367924,0.8208362973818608,0.134880230551589,0.8975330143266437,0.8230870583821669,151.11371603403654,75.42902009896196,-0.6298424242129463
0.8520986717703682,0.983849289227222,0.766599925924419,0.9526594243727472,0.2035703259448877,0.9278122733152244,0.781171581573245,132.03180268194706,28.97151016996438,-2.898201536707514
0.9918180253330268,0.6750307809122685,0.8642095493430162,0.954832352510658,0.4655040008072385,0.6046017789342873,0.4481346499102084,146.98441768843128,2.9657718981346224,5.359836640743395
0.7054867548016099,0.8995928483580842,0.9416893273314876,0.6869685845530098,0.6754095090208846,0.6012514855388857,0.624455018945162,141.58635788334522,-4.26929003828134,0.19936777012792142
0.8587977234457773,0.7106457328920586,0.6439804686892472,0.9058042916452838,0.6651085250991688,0.8597096522111519,0.3798911998159305,145.39715762356525,73.77330079208943,-1.704006853192883
0.9542278999082988,0.3988674602322413,0.61034438902045,0.8092176658543512,0.9610504062653236,0.7994563323966407,0.7862897280328858,143.4023668382642,12.059823917056516,-3.0210600748698515
0.9537607474816864,0.9192893974962756,0.6122260311430376,0.7453154072367774,0.0906981018900705,0.9154161724550228,0.664665357418049,142.7852361153147,40.046619799404816,-0.9941512536080299
0.6064627402761825,0.9473529336511906,0.9342446923993946,0.6844809923272608,0.101606108364312,0.9097897678884675,0.8352048050183541,140.96969084057827,62.56540555155622,-3.1033431278791355
0.511314547869725,0.9162057702733946,0.7673193429680165,0.6866312491674929,0.6829690975737596,0.8178504632152281,0.8423359068454801,136.5566864632848,37.566616357720406,-7.077147011147315
0.7974276596226711,0.6671170663801413,0.8705887232411911,0.8115684373756378,0.4175850152217292,0.8267567238714955,0.3741784500858204,152.06767176958593,89.95155666897483,1.4314763264606167
0.4657760590990681,0.4500297523403251,0.5505458348674409,0.730220156763586,0.8020925586468762,0.8261480125998755,0.7880730353157548,150.99443982708038,87.88543221725085,-7.201745341187581
0.8048697953257715,0.835313866298972,0.6854596164818547,0.8249472555619903,0.795382141560219,0.6586660680006815,0.8704709114567413,133.06505324871293,-38.817730273479114,-3.360633602348294
0.6415307443211615,0.6054340277279594,0.6087997149415402,0.6930544270072058,0.931282972962338,0.8692406143252114,0.6632405678279261,145.3690828925129,71.10718398049282,-6.660959177740106
0.8292771616124226,0.5787111758057764,0.9289819620147354,0.869438130076501,0.23140340789841,0.6196489482276509,0.3345541700808062,158.81782298695782,61.36082857803273,6.755962569915768
0.7301292243911176,0.6778392093990125,0.9498942571089454,0.8018899556172638,0.0675820448274591,0.8179135001758666,0.3217383297500521,158.45740548507013,116.19611755565094,3.87057607532313
0.7565333759502968,0.4572460908480654,0.6865971059161509,0.8711259205878463,0.202962407501994,0.9524074769065168,0.7680030205940293,151.28447730126115,95.26330307881797,-2.011924373848965
0.7874521113712541,0.4596728848225543,0.6931481683732312,0.9039009968786016,0.3534231768982909,0.6845701827973856,0.8819310879379472,148.59193616127257,14.557840516549962,0.46418794076441683
0.9007835819849968,0.7597098451246744,0.5147088099398069,0.9533597686455058,0.8016340197293561,0.7377066430660418,0.9547730925497262,129.6491875839689,-42.13066009878314,-4.99510204418886
0.8329111687719783,0.4254383788983552,0.9532026526140344,0.7897745993365793,0.0549385420988058,0.9168122707552536,0.7265625199576482,155.04892006323155,91.5521858760946,2.1443025213153013
0.6715813714213676,0.696523931601407,0.6804915067514485,0.6677747762878962,0.3261126603640732,0.639258318176177,0.4317558284005488,159.0307184307696,64.12375552186172,1.990430301850753
0.6176147238311718,0.5852699564280424,0.7075004363419359,0.7259870209642283,0.1062086602202096,0.6440210753705216,0.7970296562467494,156.2955794340113,41.53290019288827,1.2129984677029848
0.5006691110985914,0.5242984292044975,0.6690583832177943,0.6799390789623281,0.9502954781962002,0.6072553799554516,0.6838682097479842,151.61585959171836,40.19648656108227,-3.6337578496195317
0.5941714243297247,0.6985234547457502,0.7907679376025776,0.8712468285130145,0.7176279786582096,0.9290956613614896,0.9221661494457402,134.48120428621746,53.44158013821242,-7.603241100147386
0.9882303973312946,0.7907198510515059,0.7222688930804169,0.7075379224960799,0.2731227963228891,0.9855343757633196,0.795046078574637,140.06155112306553,37.410225545472414,-2.303033735684379
0.9509876642728754,0.4122041644225807,0.890336357666424,0.9037587571196144,0.0798834447421917,0.61617664240128,0.9844292305976144,149.47218330780467,-21.99450845174913,5.3155943871519655
0.9660880794841212,0.895275980200942,0.6589405544634586,0.912556550684244,0.9772911472891632,0.7817769995190305,0.4219135812812793,133.95882440056909,9.99819851838833,-2.585989025048438
0.8195137098721621,0.7861122910719961,0.9524236143817196,0.8308699242197944,0.4153078791981779,0.6955986812750541,0.3453088187076443,149.55938830213518,53.10085524257148,3.623978205321125
0.8168595791117994,0.7036265188538863,0.5363789545857226,0.8741917005967239,0.5930481123390149,0.5899561176598168,0.7946204208633572,142.20353828631428,-26.645512576277113,-0.9358201474399158
0.8552166755449708,0.5583468146257142,0.5811818331823124,0.9736109620846968,0.9007643657966592,0.6460923939728245,0.411538963867711,147.43693090657484,29.580373544054353,-0.04838782431459204
0.8916467506767096,0.4867413099045287,0.639337894515231,0.8984229261296779,0.984834596911146,0.5904067433688587,0.488762426381567,148.21098977130316,6.881922217424749,0.8072513086936495
0.9063913821420364,0.6424961756665262,0.7012941022333353,0.7876303376282061,0.1309293657313726,0.845542112860852,0.9692123421743988,143.53343376986209,13.86891772188727,-0.7082369077559383
0.441584116299611,0.5749116937435698,0.5962200615858457,0.7278414288384293,0.7236778825633652,0.6827198932196303,0.9170279013645272,147.1264583843493,36.89214814782828,-5.970727840778332
0.6600325621999084,0.6411218099436929,0.9794232762967044,0.7563490816152869,0.5998962981475421,0.6749606505498397,0.6527982000455759,147.70917741375172,37.44787863733665,0.4292715870403819
0.5141048413166767,0.3704211487861885,0.9686949634410535,0.9586822810271,0.2880138422917137,0.7411572172030366,0.9071913167553124,150.97477205933765,69.96144208120545,-0.35971441394887127
0.9017436269148578,0.6987861013238044,0.9201693069588418,0.9624799886967907,0.535757430832258,0.5924811160509796,0.3308204446163847,148.51988909290938,23.59683632689089,5.280121607727841
0.8688635921553067,0.884778374861606,0.7124058911684329,0.7610695095034316,0.930416177307938,0.9162468857324662,0.8788635947478559,126.92700403231085,-3.8868959469184494,-7.367903799094423
0.4580682922496088,0.9407594291009918,0.536615024392353,0.8909345856340275,0.9320981978049786,0.9767752744085249,0.442082084551047,137.01868856516387,116.60364195089981,-10.52373754358091
0.7022801344296896,0.6364211832327846,0.8950549139376186,0.7878652829810846,0.7084056338020841,0.6563542584963474,0.9028098941723188,140.2235190268284,-8.847614544894961,-1.644728284830377
0.9859257945524924,0.4915013019578811,0.8151803394713256,0.8646202932856025,0.9551277646581982,0.9519258971667994,0.7645015850188746,136.55515742268284,33.34574204002856,-3.9370803709458446
0.7634045538227512,0.5270210329098974,0.9552552512194824,0.7446333235843156,0.5171723348441523,0.5757308168245462,0.608748976286102,153.8461226297192,21.237053344356266,3.880081467351844
0.901948949261657,0.9005504055593476,0.7149904385981775,0.7224375365259188,0.7819846383817615,0.9109749943477948,0.6521022871241051,134.26408052074106,24.637871450917647,-4.76004680224654
0.790636331202201,0.9751400635524414,0.6759854077895862,0.7043045662877078,0.91302740259991,0.6881393087842783,0.9018184420579876,128.91955093672854,-49.4492891920526,-5.4398605423740385
0.9975430690775664,0.8345167208011042,0.8006906928660227,0.7335559591660865,0.6854983864560517,0.9187670526394224,0.90427438460043,130.0265763325378,-11.149723225827458,-4.1735369338333195
0.6300154222888622,0.9916876349895214,0.9391763257016036,0.7270881838057689,0.5427953030392311,0.856280130323714,0.3679467334080297,143.41816508448358,88.94770016040718,-2.1676684401386987
0.434057738865701,0.4153438464272551,0.6933054728636152,0.971670992048673,0.339759541317091,0.6416424364151178,0.6792116822172053,157.51115567255437,84.78942283702068,-0.4756522472054901
0.5626861955639124,0.5303727187030887,0.7953153832662808,0.892736889277749,0.4028542982772128,0.7243332113648209,0.3617009691048893,159.10236253897418,114.31868220289559,1.1535660489164914
0.585417108375012,0.8589444921662612,0.5088286224057881,0.7510629409382034,0.0846547615962672,0.68960550970014,0.8507701881345925,147.55443519283344,25.721973781502893,-2.410980321501697
0.8773467563124895,0.8656175974240858,0.8859263963205825,0.8431552451157698,0.4298059298661985,0.8636319583358583,0.5951806807251461,138.77904485817373,39.702336330725394,-0.6635959251490068
0.4521966042138443,0.5576883569436579,0.8757789773606075,0.726463206296989,0.6005648731988206,0.9782412537390694,0.6400326606492313,150.38000286519136,138.3836340490922,-5.834331747391934
0.759415746742561,0.5752239725777926,0.7201254833542,0.8895161746855598,0.4632146767331235,0.6512364296159437,0.6665412663813719,149.27159746883885,26.04318583498287,0.9877242664656911
0.5622667712720489,0.9707193644293656,0.6646377732869405,0.9245120922054372,0.5306576449848639,0.932685658559327,0.5091573878333474,138.20665927283932,95.64256223678981,-6.338604717923067
0.6345198905491638,0.4386998967587788,0.6654486290680857,0.850682313187486,0.3586129140259237,0.6415909396222977,0.9297546844456842,151.51944723376315,23.05196795794281,-0.6059020161535755
0.86374988238223,0.7867469455036475,0.8917497682378273,0.725835872269545,0.5748913013985323,0.9317765304288884,0.780638836817042,136.72852413093312,34.43795283346576,-3.294674079324117
0.8454425877726741,0.7180550116635414,0.6301848875898355,0.8164488372678469,0.841006197767406,0.7724652462252404,0.4865101220244952,143.4520910178394,37.822901398834134,-2.364536724760375
0.4694785996380131,0.6203642695362523,0.9935781160538746,0.6731474109481488,0.2656380682492928,0.804572325354455,0.632681290610148,155.74123321577855,108.42249948103373,-0.6677152702512805
0.494591947045446,0.5338742704372975,0.5889454461616439,0.889879883057541,0.7055857204215948,0.975489001983274,0.6509046569529207,147.15342359496483,126.87536135293998,-7.894281870335439
0.4998329904070624,0.7785851371680355,0.5622034480940452,0.8443751872816436,0.3596889005297541,0.8169117067958671,0.6156416678586683,148.45416794703655,90.28053827358882,-4.545210070189953
0.8367722184863782,0.909333284815218,0.5823196045692008,0.9985926126901246,0.6171365425631161,0.7876007325569008,0.7403730898415573,131.30169131451981,-1.6090787633700123,-4.1225521854106235
0.5072307346322975,0.4233269542860089,0.7957786938494508,0.9347385167650656,0.3649102069060028,0.8663585132071745,0.3515774566203624,161.09111996190006,162.6935004482653,-0.5785897196351384
0.738480214996111,0.7938060268671803,0.5014195701644437,0.7027302461257793,0.0046263173460995,0.6811519740539151,0.6655949924621347,154.46840351469618,36.008029149212334,0.9194851929927617
0.7492926808703304,0.8135501831185288,0.9919164329307836,0.7868966390997608,0.0210217418185361,0.8954381946222842,0.7102630704196092,145.09939214634215,68.98407152339557,0.4919502497730183
0.5425298554689828,0.5691709131543223,0.7677256729177995,0.7820957193151997,0.5694159582763605,0.6419821690208031,0.9234227016925192,146.53675103219572,18.75209331879684,-2.570082173294965
0.807392800010213,0.5663771647900843,0.6322921618217375,0.7047802980328743,0.5216502970029288,0.828805663167726,0.7688604735599536,148.31242533123591,43.880253588167086,-2.5007571722460544
0.7814147738341055,0.3957451920883125,0.8865149076834558,0.8487932931967568,0.061296428524518,0.7904841971300715,0.7761038116035863,155.907429441206,67.72308269441932,2.8474079335476885
0.835017571933871,0.4910809336998062,0.8554012151999866,0.8682201551222208,0.5280663837573537,0.668860610573794,0.7845246247207993,146.83596274998817,8.678696581308024,1.5101131244213895
0.6316301383638707,0.4479785865829013,0.5074873642312785,0.8278542859201279,0.2305645997218393,0.9842581972167732,0.7371586610355148,154.85551022709075,123.84959142625492,-4.558448899174105
0.7626471110219629,0.4691163218792422,0.5928927702186004,0.6869415414472143,0.4857220901028832,0.8282320820933583,0.6260245950922405,156.13414145045707,78.57330745341409,-1.5746032615767303
0.5204069870334112,0.8115156759634452,0.7603990781555303,0.7938798467924293,0.3514899919385251,0.9134738159706896,0.6327870639971166,145.69233421976915,103.05911987096091,-4.691660288783956
0.8000069470155211,0.9723747371002858,0.9836956689372346,0.7629701321000746,0.1173787573158536,0.8162269806120238,0.582796333936369,142.79732492007378,45.478137610371455,1.4781417242298547
0.7900290085403083,0.3536377519603506,0.7384760606870728,0.8200721828804567,0.506780890097758,0.6383726330064953,0.4457712016387661,161.62455089189896,66.24259769131281,3.686956876380538
0.5389972617357525,0.5792547036762937,0.6767292380445364,0.7215346289630075,0.4586437395227383,0.8854394511253694,0.7900988926757833,149.85282609765457,91.09826446665836,-5.151546129907738
0.6632166033981168,0.6258137397275536,0.985608218433011,0.919217284897378,0.5420354323973212,0.8008370900645784,0.6419116593830724,144.12692232350423,65.69569585205703,-0.8995152936393909
0.5322486607991712,0.3892657160884708,0.5076542244643624,0.8724083363897032,0.5745182460382091,0.5738409263190046,0.6716505209631718,158.20720586657256,53.31879242279917,-1.020181463259902
0.8751895242929066,0.7183092945196874,0.9564914318293825,0.6870313424698813,0.5140746584852001,0.8784861072402017,0.6343486311523123,143.96159273841795,49.4580626421868,-0.440299983946823
0.5945569428253384,0.3548738811281045,0.5342597302464923,0.948979924400246,0.0941904541823588,0.9121220601472736,0.906148868640818,154.22289589804575,103.26128071071804,-3.5288972468900357
0.4723170481402139,0.8403396566692075,0.7262608021561369,0.9632639533949556,0.1675626754515586,0.6466798097321239,0.6591906985368674,147.0515133148452,53.155589485020386,-0.796853469886054
0.59565050231198,0.429073249478752,0.681277515594159,0.8307195928556836,0.5394963230643193,0.9128458949546344,0.7602246797789435,150.60627327426857,101.2172194118326,-4.706831222676021
0.697188801450568,0.4076105446540546,0.768139216813855,0.7201214704136722,0.0650475642966013,0.7793748866906436,0.4986245655818103,166.36185539686159,114.14968387473986,3.2366905330165943
0.997462931707254,0.7138726018441128,0.8523798263442199,0.7560210965938551,0.0319589133534255,0.8442149565986342,0.7105838651201188,147.48151044412472,32.4874481143204,2.8952066961069702
0.4906559982470548,0.7285700063593413,0.6924540297757263,0.800081625438328,0.930529816587764,0.9666726680915992,0.4856815170253294,143.27565518838085,123.47634795127668,-8.36422119562339
0.7527201507610658,0.4766634745822992,0.7914710807237426,0.8552813975835868,0.5138963621249425,0.6531602477413434,0.6530537625180859,152.1987828612012,36.08338616969849,1.591873085989115
0.7708664365826031,0.4548065802464039,0.6505275442294691,0.9411669540598802,0.6970397761278541,0.8526974914448542,0.4028839611325724,152.37609085100308,101.77289906458329,-1.4966754576531682
0.5028384518100583,0.5737765616919143,0.5378246131723945,0.7493118456808523,0.4747527471455412,0.6971312881496518,0.7327945247377572,153.9734083598285,64.37283868896901,-3.3840816890509036
0.5634694374186864,0.8246844266657549,0.7239874165421087,0.9449236313132672,0.906346792069471,0.675350439696135,0.6741864315646937,135.7771848764138,19.155771066046984,-4.929034825867891
0.684769953021487,0.9657356228746248,0.9423651938978472,0.7620308574173902,0.6363638474339054,0.7352774214596705,0.3196221129032354,144.060008857162,60.97421503578136,-0.13145936074681358
0.4691164097523301,0.7874147261147109,0.6691257731685442,0.8069160146538119,0.5315719657943057,0.7897708128321959,0.846541742596514,141.28722896558537,52.10974181459874,-6.231306868060231
0.5506734797185487,0.8723595672943112,0.702146118512718,0.8822551756115362,0.9817542108755664,0.611054249546892,0.3283262920784605,143.53452673029236,46.93049294088812,-2.7929883600897125
0.9816533127738926,0.835765812309813,0.8491205921823033,0.8235318537891745,0.6566561667330943,0.7459991680260387,0.9338777059797928,129.69919880365714,-48.84085793040301,-1.6165095528972784
0.5734891763045498,0.3758652845540172,0.800874027187506,0.9201839082385272,0.3881202526586851,0.7621046344419953,0.5631539974134463,158.21231186858267,107.63322492668605,0.30001158915328474
0.7091511378552989,0.5805789694758807,0.5739438613921428,0.9323913981319428,0.9370774325060842,0.5773478507554808,0.3212145599234944,151.60561998768728,44.85721745191541,-0.11885131850101201
0.8670974193233305,0.7549925001780993,0.9185077589611104,0.799999013845117,0.7260728476339375,0.6709982363422053,0.8015612750247311,136.36149918644426,-26.48304677148487,-0.33445858476440465
0.8308446031928931,0.8476508449351876,0.5050284675253665,0.7647521466212982,0.0364898276377928,0.6551994035935371,0.4484929740687332,155.2899288781109,39.59556219398527,2.951037732885282
0.4696461577133273,0.86310414046631,0.7899998442705867,0.9627786152270584,0.0245435560812467,0.9379815161999552,0.8359720660353881,140.5416753920789,93.81728539742696,-4.880332192067682
0.430278260754817,0.8020812164700788,0.8936209846533039,0.7376179323436176,0.3892547369094759,0.8279485902042787,0.9209996526827432,141.254114472549,60.2465207405852,-5.335734575419084
0.6317063196901795,0.6976595177589022,0.6839743453554167,0.7165623907205854,0.8909509934090117,0.9051089124251142,0.6865590028662651,141.31814649775686,70.02881773073389,-7.124672689204018
0.7042209513242137,0.7135848779151208,0.8892817784227226,0.8170299773818118,0.4115249615184775,0.5947662262292723,0.9105724291541176,142.04928182558723,-19.045468138007937,0.5950261875842557
0.7463536075749584,0.3786448550581319,0.5914048542778321,0.7800583569656113,0.7090737125529845,0.7024346114081526,0.6091455913369509,155.73795433448774,55.41355491468991,-0.8253068237157342
0.7280170784936016,0.5722895590572046,0.8920727482211762,0.801552541939913,0.2023321519620467,0.6525104921461095,0.633988290479928,154.9879461192276,45.63576545038996,3.610088076208758
0.4861817809638287,0.6068647486026602,0.6368483651869029,0.90886572503161,0.436060796807776,0.6270144356757322,0.9488041133742696,145.5341419974927,20.2833727156311,-3.242338011344062
0.6473785811334545,0.3567051503429837,0.9702647805278748,0.7595973859019022,0.0453132551743607,0.6548802274554847,0.979594344126596,157.14280040754178,36.7309447891854,3.229533924127428
0.5209505135034187,0.6019337558552236,0.7604032162288534,0.8222827529373816,0.4766302676208779,0.8469443224806752,0.7894828141280896,146.86632276194015,81.70488561844311,-4.508433408422532
0.4399166907390499,0.971148793234272,0.7624183152523047,0.7605674556018439,0.3772290242043113,0.6565105246527843,0.6850655998045845,143.92485712395603,40.1684924531796,-2.9072979430257937
0.6339003425551283,0.4361475609102275,0.9592054706853193,0.833866026911522,0.8041025195092812,0.7543072748144544,0.7774766768378296,145.94306375847535,50.26108006669733,-2.1495512706272666
0.7950134879536586,0.4073434701778249,0.9070501449048496,0.7553345951199159,0.1499218798836388,0.6801575261279761,0.8923237616698049,154.72836801703792,24.819994135350985,3.4133236406232736
0.6864716091630201,0.708706127396517,0.6663209747408235,0.9056876650678723,0.7704424272111455,0.6904176056695046,0.6476541757963374,141.56278195406395,24.050723845155318,-2.9015516296898487
0.8563676117298935,0.7494827191496545,0.6160064640990178,0.8674685038322314,0.2581040698322187,0.8246478999190394,0.9027418931762888,139.5579778848209,10.488985049944553,-2.273038031354221
0.700440947651447,0.4331973879710022,0.8331280653864531,0.9624162645354656,0.5485905421732273,0.8251577699532822,0.7339938833412063,147.09068877026766,69.3161541702288,-1.6095978225996257
0.8720774376711323,0.8890350152540112,0.6453426089335417,0.6952552313158586,0.4471618440534389,0.6315154313976139,0.3653849350888973,150.57876158343788,22.12140110838183,2.373698631828602
0.6437016767923193,0.9708575198334276,0.5018847659135047,0.6866935228676944,0.3691668014625308,0.9430381562049172,0.6463733164069876,142.56985667052498,77.70399889687256,-6.515187183098517
0.7735482057341458,0.7542818377935423,0.549945635745468,0.8283620113533285,0.3893498810408034,0.6598134599554561,0.8338450667027196,143.21133060305783,-7.631319698723353,-1.4263606855432698
0.8854562161852177,0.698160601362458,0.896239219012428,0.8021742155779881,0.1134225541586441,0.6432309139591077,0.6857770563600234,149.6694185054514,7.489031723374331,4.764726533629255
0.8386101730303182,0.4754779366378971,0.8762608418241283,0.8263096370543452,0.794924479476075,0.5768623818403594,0.4105809203680787,153.86911895877228,30.236142299908593,3.733305598693734
0.4642443631753757,0.746454037069405,0.929373359241885,0.7322254688218358,0.4865512078031903,0.7588435288916016,0.7855999213439377,145.00250506820004,60.1842457124119,-3.3466306495916696
0.4303393141130672,0.9731125153238498,0.6390183012512978,0.9037418082636112,0.036120167344017,0.6641460896622672,0.6199751850754329,147.85683747188193,62.07323795474935,-1.4854418125283244
0.471185833070643,0.8077695523570434,0.8282490656877353,0.7741914167698001,0.6944557069366731,0.6295116120101839,0.9908645201170238,136.68935971551505,-7.606011466185444,-4.8935376867933025
0.6578451223318519,0.7325698428630678,0.6439007756142379,0.7257257069154839,0.5471093840733524,0.8887683604189981,0.6364978569510316,146.26086684358677,79.00314918528997,-4.689471766502729
0.5501763412444045,0.4950775783986127,0.990741712685712,0.8863396064606872,0.873340603231271,0.789691170159964,0.5973178625750528,146.39862953782063,84.51692087020305,-2.7993244333842773
0.6549365475328979,0.5689598759265141,0.5359649122434621,0.9916101674980072,0.0105548757520983,0.730959819523014,0.7800454787626789,152.3824278134978,58.08001063800447,-0.15672160036561303
0.4584573079457587,0.8417274708301363,0.7056033053460152,0.9629100203922772,0.629580979349095,0.717778736453227,0.5860405475890911,141.5306279414057,62.46906989572896,-4.419219393812598
0.4929726066620175,0.9150556016997684,0.5050936943111101,0.8744442856437731,0.3415415355146121,0.8570625417674079,0.3983467794941934,148.81376296860046,116.63365258352428,-4.738411586373253
0.9339052956171284,0.4529142736290246,0.6203239341360658,0.7053919614748269,0.4131282234742006,0.7981750042520049,0.6154024249682899,155.88251215139667,53.64785875534264,1.0626494229477577
0.6755782813977949,0.9266911507779572,0.6768847606346698,0.9865643613624264,0.5663404015867266,0.6319180516273807,0.7139965719574091,135.33788102347046,-7.490993301906191,-2.3120621913987307
0.4400973286342198,0.5431819306577169,0.7492625499197504,0.9462265150330762,0.5069568770062107,0.9214093204072228,0.3216436732506727,156.20469259823136,171.84055825987457,-3.4631402935907762
0.5970028008219588,0.9578761191461485,0.8274409112912613,0.9185279219907044,0.3659732231172937,0.8032473612985185,0.4414117872010626,142.79027035729655,79.87596547811229,-1.7172251687871694
0.5534491254124604,0.9815519052068676,0.8340862084910792,0.7770238585855302,0.7200734872789837,0.818375521883202,0.8706388957924379,130.57484226837687,19.896640554278452,-7.059204205449736
0.6950275572676665,0.7100953031492168,0.8294749622875246,0.7777646291547287,0.1840175317833737,0.9743129326878808,0.4730765952900925,152.1451615600918,127.09875501182667,-1.1636328806730085
0.8710907365645753,0.57838221985932,0.6111181024347023,0.9204928044870346,0.3682791195237952,0.6373497871681617,0.4642034113834752,154.11891009710905,36.989686940254266,3.246839532652324
0.4882791591313921,0.7855794568713288,0.9041402948102708,0.6733709510412982,0.544740650827242,0.7961001471368931,0.8533530667686952,142.18289899818907,51.0320364426898,-4.738641079922369
0.4408888160222844,0.8552609851061821,0.6341583595321698,0.9795113276898972,0.8242473875754723,0.9657274083763588,0.3702753713075171,140.56667548192084,136.03636538174288,-8.475352485217257
0.7734437897874535,0.8981438415448055,0.5034187412096437,0.8127123448827799,0.3978220834976349,0.9529404116941133,0.3155954153326443,147.66010459443294,108.44934128909536,-3.4273328894944783
0.4331487996414208,0.9907285144365784,0.7810283239545038,0.8605428697815002,0.8794202093205139,0.6862794848453962,0.4275338351499939,139.47313545142046,59.67550533259728,-4.8988673218976135
0.9660414199311868,0.9782568655136016,0.945512875608022,0.9980293219594196,0.1077638742794718,0.5781299120856082,0.7090355439494644,136.09175876025395,-46.61075104394897,5.180236784127485
0.4777157426479845,0.3943170133939441,0.6147023148805744,0.6670335385827054,0.2662456832238623,0.9432698729500142,0.4647747394078975,167.12950553906697,177.73108115604668,-2.851525882243344
0.4572753094331022,0.7968008619900324,0.9500637234307892,0.8831157964985961,0.5469817292779727,0.6605527874627557,0.4619165485773148,147.82291705852828,74.64852335810919,-0.5923259983235173
0.6394686216381283,0.4572456115569274,0.8622852357615561,0.9231854838747784,0.0873590040698728,0.7671980274061724,0.9114411557580004,150.89595194830807,57.81005050907146,0.5010043472247013
0.8571968544017705,0.8061681171681467,0.9667397882328596,0.8403857221145955,0.8291249446553284,0.8330988375805233,0.3615518219791783,140.35703683939116,57.258285286663096,-0.6270154226721703
0.752707541851751,0.7098811453677931,0.9766025862971136,0.9329080021658918,0.5902633937977216,0.8081002078866373,0.4796194099922241,143.3143393636099,66.86156910739064,0.01221513978107545
0.963039238669916,0.5713268377114901,0.5729952786988617,0.6982652998579213,0.5309210034008122,0.6656641643351368,0.705600141202086,150.28265762686888,-3.850522246789475,1.0984119540037256
0.993208774233798,0.3623104122107097,0.5291092859819952,0.963320942487958,0.4018693563048622,0.9508102963794418,0.9296116439546916,144.13581504700508,40.67846986076474,-2.7401574065791627
0.930879290874096,0.8406312736844301,0.8943358648283772,0.7733068120335992,0.3882479309927833,0.6067453455042229,0.8167037748799516,139.05315160608296,-45.279954873867986,2.556796021416502
0.9545577336285056,0.693455810164481,0.6079658223643589,0.8454991241231526,0.9926763360193892,0.6829490935550003,0.3915137529113199,143.62384588545515,12.776105360150714,-0.5374270386971981
0.7434787019424136,0.5091590440541203,0.707912756847032,0.6966053221604404,0.4259485574386611,0.9296105268926068,0.6250570076311046,153.86768927820947,100.8179983536735,-2.2893013032566
0.52890698857747,0.3731584069293508,0.5224318202724956,0.7005087396466742,0.2247720420825534,0.7570824469069587,0.40192691367024,171.3137665463097,143.3084788417237,0.3768214133292021
0.8688159864799166,0.5029651129539062,0.8470834387396647,0.7805876494582338,0.3310474043479207,0.7127215998061928,0.7462807193290566,151.229078559452,25.36457442933881,2.5496932601757316
0.8941374341192085,0.811328344146186,0.6964176238303006,0.731146963248125,0.8040485480310892,0.8348619738371021,0.9064968022883032,131.77736370178056,-16.56403279431519,-5.13943681945303
0.7740276555461963,0.5210145824862014,0.8041034319263343,0.8224279230171734,0.4373865557885673,0.992037554129472,0.973494601571923,141.01434765815858,60.679446569094424,-4.638645996851487
0.4758723724342378,0.8369750602908864,0.7970956015005242,0.9245327194331238,0.5026884056784467,0.976650367429256,0.9941893235534462,131.18581266890118,65.59778425674129,-9.057469924025625
0.5926258318954857,0.774666873266047,0.7458666057967962,0.7105027087260262,0.9004707134591519,0.9700567514206188,0.8501716193968635,134.5108190978761,60.580281000422275,-9.406229603903007
0.6958257704932124,0.6220661992419991,0.5499501852323255,0.8609312430571984,0.8078555532546581,0.7338911545450895,0.6019686910680361,145.76897944994255,44.48488903857563,-3.6843618182428575
0.4711660970895968,0.4466899998066181,0.8959371878108587,0.8584971326604589,0.7545066895763035,0.992946590173428,0.5180732981504445,150.95805197275536,156.84369779500489,-5.511562532473561
0.5323621354173991,0.5179243442365746,0.856616052671583,0.9865841988177546,0.8126510991677794,0.8170651329954999,0.8202574474896727,139.99831949817278,62.5769963323101,-5.324657344891961
0.7179435241119145,0.4701075072448152,0.8409936201000208,0.7066209389400093,0.7731360858350139,0.8280569666939963,0.861466424991487,145.17086513447936,42.87509226948533,-3.615663757671698
0.5606828511665062,0.7636570450351478,0.5668867774625337,0.7241062328126115,0.707996625986448,0.6806365384412729,0.7503584228031859,144.45352429207955,26.213624537939886,-4.854487885011461
0.4316254411485583,0.4978896299212694,0.5905543952451504,0.8329170574895308,0.74352638495986,0.8191855764930274,0.6003384199113793,152.61496342504148,112.38910528233365,-5.927124066446452
0.6294110337719844,0.3981396212745404,0.8721437121247739,0.9628717017406307,0.915133697402886,0.5945553309002369,0.4286967808040802,153.13937467148955,61.080582478459945,1.0973311547752114
0.5753394608571575,0.5616898851362914,0.8249520232700698,0.8941543666836144,0.1340424456571002,0.983132877901764,0.7143701529097641,150.51338267769978,126.97625537137367,-2.8964104613549226
0.6419765016854418,0.4565091382702599,0.9611099893757384,0.9772787925214964,0.6555362445596447,0.9683626714934714,0.7082200021073584,143.24548285650275,104.20906427555087,-3.962932370523264
0.4983597767792572,0.5945188514553705,0.7593650046476663,0.8251636709621004,0.1690996166962165,0.946171043723066,0.49177829004611,157.24564908803083,156.08531504374835,-2.4056109417045226
0.67519354890067,0.5375200253951906,0.6300594090497189,0.8902827343482005,0.566592292363946,0.8779942311452331,0.7721999542619424,145.25628164810578,70.39150410569799,-4.615442788740392
0.5309639243256081,0.5282247122504605,0.7075245473057722,0.973629967352016,0.0438448683669013,0.6930391043009394,0.5670807154021018,159.08925805381526,97.66418757994697,1.6734740687853862
0.7873205411043658,0.9361328338062322,0.8537054607307397,0.7955697028742774,0.3202487153097635,0.8024196038032427,0.8705572896822182,134.84422170912868,2.1891387508664923,-2.0767479679093652
0.6595831436529909,0.474219581113936,0.8296164831017374,0.9661589640042832,0.8268601719610977,0.7739899405833893,0.3438439502071403,151.75201596531986,101.79618229960644,-0.7563702949873933
0.5533378879744552,0.8593971683091401,0.9982503956770652,0.8305741255420632,0.590058308372687,0.8964583155024692,0.6593626743843752,137.83394320610998,77.94811700731188,-4.545660082680118
0.932951044331029,0.783816061694641,0.9024213662836932,0.7925282556175777,0.117033240994839,0.9956968309854451,0.6775604999375665,142.67256735095972,67.49916372236981,-0.16006400082674835
0.7556541998213112,0.7203043214102298,0.8981276275020798,0.8555545429683905,0.1058554584192372,0.5730687189060276,0.6752379706953047,150.37944534497188,10.107412819497691,4.637031963806234
0.9015997505666244,0.4728561899197702,0.9176319942904226,0.6947673875046867,0.9906927244454466,0.8348442947346051,0.6550351331598705,144.45942517440258,37.63256857803346,-1.7285306107765408
0.8603773147554613,0.6375761681084147,0.9702784693553972,0.7406326780844699,0.3064730287409071,0.6530070804805016,0.3739756268921538,156.88953718783816,52.675216015998174,5.911292972137858
0.8991209502205607,0.8666113919317098,0.7250638303079728,0.8535140951263477,0.7577347589223509,0.847599644125669,0.8780204342790601,128.3658643587555,-15.596058563885485,-4.9696667228430735
0.760174100076361,0.4571311885406981,0.971399744569,0.9894572906377106,0.9154694655765376,0.9290079984993312,0.6753443420606868,139.16962365193518,74.2384232338039,-3.711853606922614
0.6340910271885987,0.5501176772679985,0.934703373491096,0.9559812038487838,0.0506284200371886,0.5906123151755533,0.7351386944836382,153.6234623020632,37.99237420339499,4.265442163095927
0.9098801545266224,0.4826271299854318,0.8528005632252832,0.7359740300029869,0.966457786676842,0.6683519629468577,0.7235708551636452,144.3495274511385,-7.333001131790889,-0.03098221301410373
0.9381772088543676,0.6989320770800302,0.8030052875660523,0.8896760590357797,0.4732992131472437,0.91008214910235,0.994909790759142,132.4121529116818,0.6837522092836062,-3.2756248326606925
0.7530075142744402,0.5600163993464105,0.6955030951321883,0.7066503260187963,0.7190707215257934,0.6886716520204232,0.4767635546466131,154.163141874522,53.955133064421936,0.026114243501508108
0.742808207482478,0.5597647845674661,0.6898427052320828,0.8307628134635032,0.4784584315489291,0.57665874188028,0.8337264534106497,148.24619634516316,-7.351319310146081,0.7107794003320892
0.6672554776990547,0.4550758888860398,0.8117144413353627,0.8576596472850853,0.0946221926452688,0.6994214211651275,0.8190991555837025,155.2137197281092,52.85817750693344,1.9562575585093258
0.7587752787890387,0.6302935781373911,0.8577052756093652,0.9454147760895388,0.5330624201246259,0.6450341628667258,0.4069233902008528,150.53802396740045,50.662893799498754,2.795629573354589
0.627116159585051,0.3912586167991199,0.6449569755968524,0.7868653976968629,0.0916065949304318,0.6772077662007173,0.7732715979934888,161.48940467869517,66.54680484934465,1.5264635782306948
0.7618334557834192,0.3534720529496876,0.8733137828178099,0.8505041112575265,0.389205907896749,0.8731634095890227,0.5894531393786038,156.03504085144354,103.64287835954374,0.7629334119770924
0.9071842997634454,0.9293397772841636,0.7308330047813529,0.9733873452071856,0.3859451366882591,0.5991832217035432,0.7061570839468065,135.90644124729891,-39.0394717377408,1.6144288402325955
0.5138203109214179,0.9534325735180704,0.5957147363383744,0.8696776309647485,0.9237961829823298,0.5756527186489001,0.4133145054696256,141.70623577053826,29.10039829630073,-3.7969918673837384
0.886919127370619,0.8893453132508362,0.6366253924065248,0.813578324735968,0.05749873106651,0.5940817626688882,0.5425684355276494,149.85083337687007,1.7161450845026407,4.195600481039791
0.7291408714288651,0.8052132014884739,0.9303491397139112,0.95095770482292,0.6336830077161693,0.689370495429568,0.5118539502341053,140.6297856667658,31.47227195437322,0.3026680731408077
0.7727672900014563,0.5457000599375458,0.7982690997635384,0.8182740117570336,0.5125462225557731,0.9027501624023788,0.8527238955385055,143.15147169949282,53.41348435679438,-3.2474150753356597
0.57449295398619,0.8215313223880036,0.8567147585804866,0.7560238042816153,0.6400024070448435,0.8457741983252262,0.8372997505616887,137.09345147459624,43.82306223576304,-5.69084955989403
0.5177420017054092,0.6987955623203552,0.594435508847047,0.9505747227859748,0.8439642581619718,0.5909791493268162,0.650163869487606,143.19169043532597,24.31942152793896,-3.8235823489962995
0.966611108175354,0.5021482301779793,0.7030720685350903,0.7130369909095615,0.3684642585172792,0.5783633643341608,0.841319864757308,151.48463258005745,-28.687133710793304,3.6439120919224797
0.8232389947508703,0.9756562900327026,0.8029449826154073,0.8135934682706518,0.5048112933473423,0.9798852223231816,0.801493083899288,130.01451236778848,32.650074902178666,-5.4967287874274025
0.4880254101706425,0.4461834030602298,0.9842488330261578,0.8671618829197609,0.3846030011544027,0.9195543520552858,0.3421963929324099,160.21038705517674,175.59939423248528,-0.46190058347471247
0.4950384623118898,0.4771106002234335,0.7719935967758011,0.8751634395769334,0.2303311069623529,0.5878551591909433,0.5990994400256042,160.63535546247655,75.5477917105175,2.2234418973277674
0.6820354129697288,0.8925560611644514,0.8106440581762149,0.8413152402203856,0.8745726888366501,0.8952968902108345,0.945285449075967,125.84426664606323,9.290737252753777,-8.2138400986965
0.4643961847864911,0.993232861356178,0.6972584207982868,0.9946617083455888,0.6930442272408904,0.8032432646288702,0.7708281238378976,130.1043835231686,39.481247271520765,-7.8612841596072185
0.9286619001794636,0.4712761705886827,0.6859054919926004,0.6956768409694469,0.1741532519709915,0.7425461413614073,0.3519066691379311,165.25515016117842,84.51492129106715,5.192347376669058
0.5360902570020347,0.7727127385630015,0.8563763247256888,0.8158085404493234,0.95538633258629,0.5998434141248109,0.6495197606500736,140.40141213686064,14.7967986960835,-3.1058316584871384
0.9204641924567044,0.608980364460374,0.7810487423408807,0.836932058261455,0.5547211171142111,0.6549201161105116,0.7372741017591848,144.3616107358954,-10.455818428910902,1.5837600402974907
0.7855226105572377,0.8269270913515534,0.5877482316821916,0.99115563996053,0.696603033177395,0.6596390326179757,0.8313895577052871,132.7923154613426,-28.59418717214554,-3.3639452327246318
0.5315650230628237,0.7042269326647272,0.6392530925090412,0.7249548517320302,0.7924526776789537,0.7186078995714333,0.9977848696545274,138.8090184699736,7.6616309885332745,-6.944475380108288
0.9858134950496787,0.6970487109132503,0.5108773262541761,0.8626648202643468,0.3053262255354108,0.5870040001249328,0.8901014745860976,142.98508779399148,-52.066077403101595,1.6004861455586996
0.5154002372653177,0.4692996992142709,0.904389858077408,0.8929173645190526,0.0866646864297258,0.6894741642528329,0.7291833779199094,157.32676551996443,82.20422119808462,1.8781707758143096
0.6327695912873217,0.6542033631392579,0.8260261278113415,0.9340601597978244,0.3286842000564673,0.6550798763490486,0.4570224029943093,153.23301598835388,69.3073424655621,2.2062619333157945
0.9591526665178176,0.9400883788034422,0.626401403458481,0.8121277761745864,0.2526328019107448,0.6168230326469918,0.4882269261691934,145.8332985152634,-7.9277403600352985,3.3436524761203907
0.8710884448150369,0.6824661259580149,0.6057611544596323,0.9420888984521918,0.7533180372643493,0.859628703475718,0.7896752766857543,134.98128888308872,17.204732560945857,-4.758421116099735
0.9069330159455876,0.9741687315439282,0.7948751454057099,0.6759051678393928,0.6844291647157837,0.8725589794293915,0.8569937770844119,129.68257807711396,-13.01905858852381,-4.645362849945422
0.5832741689187213,0.7207847279900852,0.52981017669832,0.7977089840445515,0.5604590423852942,0.7489505242417186,0.7615151959353947,145.17217889499653,43.82502792372715,-4.878484704892961
0.8766692984134696,0.4891925020139335,0.90234932087639,0.7111961141294071,0.9581448300191702,0.7277243307108994,0.661970040214747,145.54765496281243,17.636743327816617,-0.44359751136762854
0.9748736759910004,0.3879491263418713,0.5223355111616579,0.7312266718917745,0.7587455649652164,0.8358152297397661,0.7348587309402551,149.37090782793496,32.85706523391658,-2.269308440659383
0.7041739365526112,0.9318867359997248,0.7043039238052666,0.863130483104261,0.8070267771319424,0.6805781004626508,0.5427010263497478,137.28949435177358,13.408277387642693,-2.958758345675985
0.6992972092555179,0.4153322862594019,0.7598982047398606,0.7368844358002538,0.6301530042253233,0.6107763728065274,0.7561926061462647,153.89425704866855,23.888529169737435,0.5553161110661337
0.726066812790351,0.8359483186039702,0.8251532714517242,0.8210537311310928,0.5890986058002036,0.8301835089223382,0.3473123846426854,145.90493710346578,83.38321033690289,-1.170412556023405
0.7549857224270462,0.6819389119002492,0.8385351073394429,0.861390305882452,0.0094131927767035,0.6388170205597264,0.8877174405000695,147.53876942666622,2.7758203530166434,2.7909191862068288
0.5545241225629352,0.9626663358617358,0.8732173196079286,0.9519870612539276,0.1494265077325569,0.9170159693456116,0.7698132828478139,136.3301621341076,73.3194471649968,-4.1445656169095475
0.989387363219703,0.414193286525041,0.5031867288398809,0.9378508355849656,0.6692914951787736,0.9016788934120848,0.9726007818248682,139.11768595148857,11.644529970673638,-4.344322443241595
0.9827402484929282,0.6804089063013348,0.5149380567285974,0.9933758231128292,0.4164935570010002,0.7976586219062074,0.6407658116027093,142.23376029821196,20.17165046780891,-0.5484042664487289
0.7997109622047249,0.5458580584330521,0.882203973136592,0.8120245159114576,0.7067987379924682,0.5887582740755954,0.8173615260213719,144.26983517976558,-17.72421233278724,1.0066978700039886
0.9507364664007808,0.8497571846500545,0.98827996946334,0.9554708725730854,0.4994864569869551,0.9317083022168235,0.3987356581370476,138.081095783408,66.46512712531872,0.41593788362810447
0.6315444901635421,0.897931644353712,0.9106067163395885,0.7051335807955853,0.1167325617812,0.9891215957539652,0.7971766527429193,141.60303380991013,83.87502207640591,-3.8066126472304433
0.6198805605561242,0.5931507728108691,0.7580387574158551,0.9207182153053208,0.6364517244671937,0.7240748518268094,0.8518650046191075,141.73253858089305,28.001434686883385,-3.2928445413655285
0.771507296794141,0.3618760668195211,0.5566420857160078,0.7067237651902922,0.7158103606659733,0.596655371404343,0.9117705965904104,152.06590536889055,-7.343871725144132,-1.0874115343688446
0.6734574026818321,0.6394820113668104,0.7944561325013046,0.8030769602779291,0.3326326277108615,0.8836384719626842,0.3920001071113009,154.99078892034672,122.29410525996609,-0.37421225223598986
0.7399955515870386,0.5303091025801712,0.8926803423145204,0.8482069526240518,0.2055647622244382,0.8250774419019158,0.47804011393763,156.5607492984023,102.89503576271547,2.360896994465949
0.8285394714520837,0.9069740892915767,0.7445587515223582,0.9703180582008416,0.0447926319926199,0.7653720531180535,0.3594337522910475,148.16457759303182,65.96375807536951,2.950340277629871
0.6714151488205993,0.4684912266372264,0.580742199321275,0.7459325922817893,0.0703383208425826,0.7720868764483424,0.5990214779039594,163.10471739460485,97.5854753334531,1.0200379838505989
0.8792156615877365,0.5911912259563714,0.6849166772238224,0.8716354140908847,0.4756424176531297,0.821094111310253,0.6845908264822576,145.51417614963262,40.58411683848748,-0.8648348438988039
0.820084008303176,0.5808545599979207,0.7776759550893682,0.9326618272341112,0.3242755303385024,0.9830261865023754,0.8225955717578055,141.6323560614536,69.71125745101482,-3.0102161841524433
0.8326395723715798,0.9892398910858636,0.6434663102662432,0.8525880133090432,0.5363605741234535,0.8280051059223018,0.8067073397218685,130.88091258886936,-3.379324812530758,-4.552111543792673
0.4878570011165869,0.9861885470967492,0.5173345476681598,0.702548693485724,0.315643688058443,0.925401752260211,0.3361855546468379,151.34487716503912,136.74060698605692,-5.3710201701606906
0.9223892006913524,0.6722599316392639,0.6961556518635943,0.6988762087362751,0.7067355686425022,0.8460524892853862,0.5474530009852331,145.82642059255573,44.6272319601146,-1.6202955554142453
0.8520342986403439,0.7800663580054872,0.5437155873819031,0.9023740539130662,0.9131197880749836,0.9417763082939514,0.4141036241925756,138.76638749319082,72.42639784261287,-5.580713169708618
0.9223746783502712,0.4824367795876625,0.5743947173084977,0.9791236713661446,0.71743581834063,0.6943292309704832,0.866443422990349,140.62663926552713,-16.220571186551794,-1.5137118279360857
0.8711400633409715,0.524643949604368,0.6978968680971256,0.8717627867671107,0.3614207487107566,0.7795803820528167,0.5731061630927021,152.19416261938233,57.52788955829226,1.4151758740391076
0.7995087515453572,0.4498540276397951,0.5982135712767932,0.8016052503683917,0.7020286661733759,0.6096329181495742,0.8455332224243243,148.33294317931328,-8.217331950230554,-0.745303321155203
0.9424600855415356,0.5098544817440934,0.8847623228793591,0.6880947568147878,0.5612898227598311,0.7603683896093005,0.3878771097829449,156.3392316111961,64.06961437491923,3.5463286142476074
0.5159623961431392,0.7196189365553105,0.8961183707951696,0.974531164407817,0.4399655849061348,0.6589826677329975,0.7735364433575318,142.33236961703207,34.72196085310779,-1.3471956677934722
0.6038060477942053,0.3722733488050874,0.9712267183532411,0.8221458447670191,0.5296709638493193,0.857682229869101,0.8436879879633804,149.542927655655,82.73736322159164,-2.2406230291068545
0.575846520433675,0.5788144692825515,0.5061377197972007,0.7536590426711592,0.4692518368696454,0.6993095006103993,0.5447314571297175,157.48557598248428,79.0077414390682,-1.830079583129699
0.8789917111455895,0.8565467454538722,0.6482156808804082,0.803171798882545,0.4976418444733447,0.922235249869332,0.3253554207960714,145.84790996101557,86.00698012934166,-1.6566465643419666
0.7511362783266602,0.5716647496619046,0.6858510317846541,0.6912287359379746,0.3079621451725057,0.7728319700069638,0.9515897024858946,148.2600129106024,23.67067671743923,-1.689973130351461
0.8019957925313022,0.8101257535314057,0.8159732518370623,0.9530418922146934,0.5528251939389317,0.6539600089121821,0.5238728660118614,141.67043855644576,15.062047952137,1.1174342768429526
0.5479397934752532,0.5983101497584689,0.7409812565398036,0.753559095232474,0.7841372702134773,0.7524485321290608,0.8485449344627408,143.71179056007685,40.749200736300885,-5.224228916460182
0.9563591395033256,0.3763180554455303,0.9676428910358092,0.7543086104565447,0.2343057621044716,0.978972257184666,0.4223300070139926,159.55111663563787,125.14086201723,3.422079011835047
0.8487910449057374,0.8639455874177007,0.7964969094234722,0.7055672536140413,0.3753454465091756,0.6566632450797794,0.7782938705258269,141.75059450800123,-19.011771840450766,0.7803633829280454
0.9948320595826634,0.8648660616215151,0.8183217794169027,0.7596886005156246,0.9733168332147518,0.5990607688981796,0.8345609470774724,129.7642547892681,-81.17792462435644,-1.0191724608959152
0.4937441584407048,0.4675371734801266,0.5913564359898793,0.8277507659680297,0.2279699850534206,0.8069677332794251,0.8024788638347506,155.86912062612475,96.1738910826058,-3.175293842830771
0.4993926239284874,0.7321454765909297,0.7659155334979426,0.9877307149939444,0.879502400232853,0.9310529579779993,0.3195348394812325,143.47510390689902,135.60020294632724,-6.128960437676069
0.6541963467497824,0.7019609992745046,0.9850257856810084,0.8959554715688277,0.6835671971808078,0.5904390771085668,0.5508816848393674,144.99281746438626,24.018467922399434,1.3694258862925972
0.7959781210274975,0.9723406959434076,0.5620157585171079,0.7299784668536795,0.2334304541657535,0.6445524355265495,0.6155953716064468,145.80248034313104,2.974964878484014,0.388196088009368
0.4833623206065377,0.83212307133161,0.8142451012098882,0.6675276923865516,0.0170238821349702,0.8244130490724991,0.5246145783425137,156.16390530217438,115.96608122709243,-0.74344557728555
0.5490568618637724,0.9659205669443802,0.9769143644366148,0.8548552120117019,0.2814683684036923,0.6609449645037645,0.4141710248148568,147.0399654702991,63.746597616541166,1.497702523553039
0.6754814682961111,0.8108110989123118,0.5192427120582344,0.7131420335256993,0.8733387879685813,0.6087780878300416,0.5555143392701328,145.28553765962317,11.02323700932785,-3.16844878105018
0.7470476655754332,0.6006113214444124,0.7417825462218123,0.8059873015259574,0.3212984135278489,0.8862546080072526,0.3958625897945551,155.6956269578245,115.83888765934583,0.11682829974532442
0.532162642738527,0.4343043594090537,0.9498308198527708,0.7518445352414749,0.0141409203006985,0.7504482573608877,0.4601838723072341,167.43098597775253,135.1098146360396,3.7579780783539136
0.4615012686946655,0.508676525252841,0.6039230041733944,0.9111590143040698,0.7871410444981244,0.9552408278806814,0.909493442935803,140.9035280945316,92.3573553900141,-9.765502396086223
0.9740855549567574,0.4770306747780428,0.652580161608541,0.8917538075742565,0.456291943007056,0.9223739591382448,0.4531837865238364,152.07125977099844,88.81066120725413,0.3514309650237461
0.6457529969646674,0.6023256211432169,0.6421777886666673,0.9786922200903448,0.1008117156134083,0.6016836074663016,0.7551824349627613,151.919956511434,29.79701438696089,1.7174291349187054
0.490851573417933,0.7208238047539688,0.548515257852206,0.9539883408051236,0.8357082026482554,0.6547953465425933,0.9640869226167678,135.22318641831794,-1.378661159128813,-7.212770006153175
0.5947293739286323,0.4612977957528983,0.5612932633107102,0.9136563911421532,0.6596143222702737,0.6968214981047437,0.9552393953303292,145.00022530730257,23.092637364096802,-4.499835733895346
0.7188232758075892,0.9886813096894692,0.5564961771073935,0.8550388803103025,0.9308598443251288,0.9554324575918608,0.9601330137759936,121.94974227288283,4.521910469480509,-11.20818923294821
0.6890619064736864,0.4708726944453431,0.7686357460917712,0.8888960150541392,0.6835270386029205,0.7952103039585322,0.5228174654322552,151.31038267145948,85.26198439094415,-1.3439096791544658
0.719882932485154,0.5291716620410726,0.6669922054693561,0.8284491043050968,0.9571314149971027,0.6381371214111725,0.7169208705197347,144.71837951634666,9.100624724569773,-2.5530534955332462
0.7619810127112114,0.5582228336748818,0.957391218435494,0.7355916311554097,0.638804323203575,0.6082873594720689,0.6122768567340997,150.89852426932075,20.735853750266035,2.5201257728590063
0.6442262655448396,0.4207698937260894,0.5038787742743096,0.9209877826552176,0.5544744259633884,0.889796892434646,0.5130737286339926,155.16236714789292,121.19421811611733,-3.657862364797823
0.8452500837751681,0.7550148940364335,0.9102365028573832,0.888651071178107,0.88952903167434,0.9732937386046456,0.8259876208959636,128.22211522216492,28.75422539479374,-6.062538081293062
0.8655798100973635,0.5025142164864328,0.6709302207762371,0.6730161792951923,0.6385452863252177,0.6735172898062678,0.8840707218074781,147.653982912023,-9.81832548744711,-0.6542943849320767
0.9301555455786152,0.7185192965608501,0.7752096119933785,0.8705715153343165,0.7848661234657045,0.8115648305160428,0.9388415759059467,130.50705112168913,-23.94716526030347,-3.744621183058286
0.4341703089450879,0.9866687664521454,0.9541891905955936,0.8164787672370246,0.6540980457500258,0.6794796126121032,0.9680687438772684,130.45914026282776,-3.662333042604835,-5.604934354791767
0.6356042456399972,0.6721530225429795,0.8078564677415508,0.7375500179013734,0.3381764948947247,0.6779449571423963,0.4057521221390123,157.80606178865182,81.0992842696384,2.077522462696523
0.7273938530256254,0.471164349041451,0.7442686977658215,0.9847767230403982,0.2898326758372808,0.7393161958101375,0.3772076633856792,158.54793352070882,100.45856553120171,2.8503208349085245
0.7885724610500802,0.7836837960694162,0.7558593003323557,0.7020718120939943,0.4266102449811177,0.6964366131891451,0.9067104459457378,141.01621893889526,-14.115607451950764,-1.276720634825253
0.4327704722691843,0.6345769098839338,0.5591324151980339,0.904379286757557,0.8311460190341389,0.6863513361372678,0.4371707891986846,151.15136244885704,90.33764489806337,-4.429896613237352
0.9566017585881568,0.3684891809630823,0.7845599727695193,0.8144705816202473,0.6501933071944656,0.6372378683439307,0.4968265904213713,156.06504758325647,29.673667467213015,4.1720870079069865
0.6000894024489422,0.8777463104186771,0.5712198518692232,0.8333355514596726,0.2677334354032796,0.6718183428855117,0.7722161263115952,144.05070213349816,20.84942306695105,-2.4116611096278433
0.9163024901820932,0.992526427208558,0.9639663497896064,0.8242855938771549,0.3118870985885497,0.6134212809621332,0.960281117991865,130.80274107809512,-71.6084133563226,1.6285266674173458
0.5000299137844925,0.7492514905857933,0.6446894390598825,0.7636152798043323,0.3369848374023257,0.5782576756100749,0.8540210199470619,148.33464885998478,14.032451098591054,-1.7744523981631708
0.5100869356190287,0.7985093971915479,0.5098847213263848,0.9371010745886776,0.7849585705515117,0.5925059595175644,0.484180737427584,145.66432020874072,41.32067367510803,-3.515328921581177
0.5238901970169733,0.5271254513372967,0.8856158311742199,0.7752422042468439,0.1090681506691772,0.652553253957923,0.6623122199429087,159.80473313548057,77.96702828117348,2.432597702478604
0.8849265664033482,0.7922515622216879,0.6538804675636933,0.840462538585696,0.9020474049383116,0.6701717177830591,0.971989607541998,129.41512845182547,-61.23387661184939,-4.109300535557806
0.5955766992016431,0.828137947966547,0.9908792092739512,0.752890614712357,0.54298735976981,0.8383532430093288,0.4652838809297925,145.85460020364937,90.86197521690369,-1.745679804703716
0.8194964099786347,0.979860079805918,0.5326687084891357,0.690052062808937,0.2796729505952705,0.6972172410898114,0.4443271694053218,148.98885191752876,31.234372873958275,0.4113172425610037
0.6253460581543067,0.5487499431432529,0.9259193090699698,0.9628590464649146,0.9297714023729796,0.8570717510671475,0.4060960603950352,145.45920796799297,105.42070755839362,-2.9802909945999465
0.7379397618342202,0.4953124347581562,0.6405546043156471,0.7595774251293362,0.4187571553079074,0.7190555476298149,0.9684703766320408,148.1854376812439,13.821071860105691,-1.7825385200305972
0.6871388699528906,0.4817120682435961,0.6433994848967228,0.8943372250312513,0.1862986439680286,0.8111056021825995,0.8104512494595695,151.99261078003624,68.4169027634064,-1.149872242334165
0.9559479269679692,0.9945313174057496,0.5237775968580677,0.684336735379056,0.3019700618771693,0.6614789797544762,0.4606791681378651,147.0205185026433,0.7295222367927424,1.7369617283308254
0.901609411817091,0.8524796787991321,0.8689877865979888,0.996667841496386,0.4991147320096227,0.8697382378670181,0.8116059363928336,129.69749312298563,5.860188115735239,-2.414031688244122
0.6332713094012447,0.8745719951608504,0.928603961765041,0.7686064415796622,0.1998513114750952,0.7357077745649385,0.9458742226372356,139.25650296613748,9.897626466086692,-1.4175104399033707
0.9868675135122514,0.5319470987355596,0.5539674314695942,0.8125430216360249,0.641683918915719,0.7832096385904826,0.9891817622497197,139.41832182984166,-22.118312902316234,-2.770891592944462
0.9256317087651952,0.6799769239165194,0.806601080933488,0.9115282353747528,0.1916209018393158,0.624562972331038,0.831274031092374,143.76522970111455,-23.632722968389537,3.4798742056929366
0.9807422118469412,0.7030114071721205,0.6575333305094386,0.9768843176639554,0.6344411592472742,0.6821005494952633,0.4206179882674903,144.3411977678593,15.551470364028475,1.8845453117148714
0.5266170664386238,0.5496946148923527,0.8305376630860708,0.7915217710679899,0.90254762179511,0.9820169794344388,0.7958330909423971,140.80831357704793,97.31607440885472,-8.312058850413754
0.58030680244526,0.6924267335843627,0.7468562402860677,0.8854466866444135,0.0579575280050876,0.7728889819351279,0.8846688740658167,146.88215964817476,52.34577688056496,-1.52081330708999
0.6080430777521617,0.8265986668180371,0.9008871179133818,0.9671661276746398,0.9938070065264218,0.8993254047169175,0.5770389654481145,131.97083425794526,68.11803346493225,-6.595354151734535
0.6225690046536294,0.9714165480103284,0.6015881719958907,0.7750334578587617,0.8066883883796927,0.9477572562336324,0.3820215273237088,139.97551084919357,98.95806779115026,-7.243761891978654
0.501694987848647,0.8175974488542316,0.7286140602418506,0.7460893331408398,0.4344019127218181,0.7036198206767663,0.3343865580860049,155.06012566764292,98.4482090026664,-0.750775267901703
0.7739511548930483,0.7609673876817173,0.9391006129365214,0.7419299575401112,0.4148202450898012,0.94393528612533,0.586633537139351,144.36712521806632,82.58461571031161,-1.6819754724778275
0.7877315445906596,0.9501799577442084,0.7274021200976297,0.7445396121009664,0.9842630627216656,0.7166300240840628,0.8030829240809977,129.40934072954698,-31.291365242692255,-5.290225620003489
0.9574490324984124,0.8126211332038096,0.6310077933717668,0.9630756021928226,0.1762952816249976,0.856189738659454,0.9520948065350544,134.06938452409395,-7.2257609914385865,-1.9096164060708005
0.6481980734828218,0.8172252152938898,0.919331138623781,0.7254209147902797,0.8227944950061395,0.5804415115616322,0.8170470040096338,137.75318557431765,-24.595011954750632,-1.8470069760289585
0.4822119136476534,0.7261654683890322,0.6657874427512618,0.996813660370591,0.6006193273140386,0.6599214375862629,0.8669689019806599,138.99610238362405,20.97088055387135,-4.663833875432026
0.514441273279798,0.6004635557687213,0.6207296976524399,0.7144556099293767,0.2997215893755296,0.863930970959046,0.8393964598002828,151.3638383725037,87.74795267886448,-4.832692408279854
0.9012291434146956,0.6376452109024683,0.6934333614376273,0.8078511196353064,0.5780795781870587,0.9878218416282748,0.6953209635047692,141.51673409593602,63.73266834493342,-3.8577307326872616
0.9786495151782538,0.9204710715370888,0.547273196650272,0.952826479794687,0.8172736080324339,0.8956614411077914,0.3453990334501448,135.53410054071733,45.06734271704436,-3.489539744260219
0.7138862809871394,0.9456328747795164,0.7854725293736107,0.997061749867636,0.479437137205605,0.9314245052476806,0.9435842503972136,125.89760090705964,20.341174109127458,-6.533810776922242
0.9640457518794144,0.4458086199458981,0.5512944510973854,0.7590997616637494,0.4774511765371941,0.6330269596414871,0.7988939404536161,151.91305098871547,-11.059928566156628,1.7350155204673794
0.8643833953018182,0.4446752850324373,0.744401029287771,0.8631373136093581,0.9233330921663132,0.6169505501484909,0.5463400998267292,149.14289309817104,14.807237176996356,1.0820653464550203
0.6672263313022118,0.8291225781534282,0.7277943867299781,0.954741284397716,0.9765538409300694,0.9571027620589164,0.6978363206546749,129.41029292992184,56.80327935972944,-8.616198702117503
0.5465359364148303,0.9340755796859904,0.8204156207115688,0.8391082154625857,0.2672265111231069,0.6857150362780966,0.4436931902725396,148.57196479341033,68.98923992709432,0.21696313028466135
0.6933227628898426,0.3559863080614804,0.9259262943522372,0.9098031664373448,0.4813296485521176,0.7293652908720869,0.4712082494011339,158.16513241000925,94.5052084025217,2.660782240903001
