PS:PAN ratio,Feed rate(mL/h),Distance(cm),Mass fraction of solute,Mass fraction of SiO2 in solute ,Applied voltage(kV),Inner diameter(mm),wca,q,sigma
0.9607129143376312,0.3515949288689092,0.8679650207332867,0.7104050625810516,0.1694690071796946,0.8784530643810083,0.6638509131116124,155.58196045380427,79.2180339599438,3.6636429430419972
0.7897089104018751,0.3615533727281893,0.8486880149460336,0.8018842061786038,0.1488397372374376,0.6245961014917061,0.7048525129090486,154.73471161479227,35.9762521805157,5.55761746555344
0.5081148244600147,0.47224299422047,0.6733288677620358,0.8318716912150925,0.074167807805684,0.8221575480977059,0.5644171847562418,160.53310139564715,131.2649231440218,-0.388812644996619
0.9245380010814944,0.8821183993167977,0.5607433255372856,0.6914827430946138,0.1184251703669105,0.9431987521235096,0.6864660997058813,148.74819167630727,59.671062418754914,-1.9564568644431104
0.917071829690334,0.8033510162586754,0.6204290109074175,0.8319737654460635,0.1406142802977978,0.7914143980071499,0.8532560976296508,143.8267761262685,9.783284160279395,-0.38188122886090187
0.6641771479749808,0.3857762667176078,0.8116905893122033,0.8517530976346512,0.2982515368905791,0.881268510690967,0.6577713834572742,154.56338253211788,112.46760841995402,-0.6189555745491887
0.8378793963149999,0.7461927722781685,0.9373448539480188,0.9452435758641876,0.9424565335093564,0.5814540891439851,0.4910451950251295,136.68042627558145,-14.207477657143427,1.1097986525074819
0.7216108297033719,0.5344841412229264,0.7938610605565066,0.7190704836042843,0.4935264650027271,0.6650833664304671,0.7750201828846774,148.18877333362104,22.44863376604288,0.811590544091954
0.5473382942939128,0.9182210416438352,0.5865046552543445,0.8346347113041499,0.5645540808733244,0.663872489238218,0.6467461939905462,143.61293694118928,28.371394865135375,-3.9421643473756838
0.5345840503132744,0.7387024373201041,0.5363360643208415,0.762236953655234,0.3873402021287122,0.955047546170427,0.7792562768011599,149.65031114011083,105.2907372166904,-7.386230954925431
0.8827374669091737,0.4330651042379149,0.5271001988187336,0.8651180033114645,0.1309114605746286,0.9506745225549768,0.3619788243246185,161.81670030058413,136.83088586202413,0.4474396536392985
0.9613908564637582,0.5959279062443466,0.6624557400270064,0.8627871733884982,0.0603317981521416,0.5845633885897201,0.8662075060313643,147.0972672559586,-28.904953031973296,4.700158666945847
0.6726562853775582,0.3941565959328204,0.9133062989806422,0.7615525632165288,0.319222993137854,0.8798190565194253,0.4627368015282532,158.07398029932685,131.59389546525497,1.3723120640184625
0.7927092648845079,0.828557562567739,0.890437726255598,0.7373376905614032,0.7003149235357693,0.6790211210327008,0.5810972664310454,141.0003885787182,8.18028273206191,0.2629500912003798
0.926460181039246,0.411581359674716,0.938376523750839,0.7425053250589296,0.7815977611585385,0.6187380041091645,0.7764207850257413,143.01977147287283,-17.183352459800545,2.847159504387912
0.6321398898973108,0.7254253417971254,0.7079030308590997,0.8723753604980634,0.916069415330526,0.5775804734378011,0.8224468140407466,137.01747334366954,-21.3739352783892,-3.5595320096660004
0.5208573092034583,0.7306023827575125,0.6953023193606801,0.8235508970648278,0.60535400038833,0.984256259129336,0.5590906198365131,148.62984316461032,131.112787976031,-7.140950008177265
0.8038131473847487,0.379315101081452,0.7171702355470958,0.7473423084957058,0.3318686044873305,0.865648900194325,0.4164773409047295,159.99637443767264,117.68583015145848,1.4670408355970421
0.5497153658047491,0.8263303242176046,0.7722020337450135,0.7991736578288449,0.543544465783998,0.8486134035281516,0.7090104664242102,143.68667051782475,72.40813254346216,-5.018996876827002
0.928428192507895,0.5792961613186477,0.7716034470825011,0.7625366796651417,0.334077051161945,0.8690038934567919,0.7635510054534641,147.34197553017833,47.15904675379589,0.05554038987115252
0.9319411053358134,0.718262718848979,0.5414754082972781,0.8241680946645624,0.932409621278281,0.775597001804563,0.5780809709931437,141.38963764447962,14.910193308067006,-3.9547677161809256
0.4471945842452202,0.7220464787884637,0.8207660812092219,0.8008872567381784,0.886658739962809,0.6444407044895798,0.6247054573833388,143.12761192969973,42.55830200068384,-3.7684352495022937
0.5648540538555846,0.7585471603242059,0.8217397546528721,0.8904224879864536,0.7043587328902009,0.7881873789424931,0.953327000992906,136.24715023183992,27.39607814745104,-5.952621772223305
0.5395843965829873,0.68411726878759,0.6548003067395718,0.6670076439059374,0.8514523112827119,0.7875243171669999,0.4841556052384075,150.28593301612148,85.95770424188653,-4.876656543203284
0.9056198199450296,0.4790689816053419,0.8147337253106419,0.676863177033318,0.4203803451632171,0.6666010634267208,0.9258774641676444,146.1357184864311,-11.753056919621242,2.494555151399241
0.6355347922277084,0.6955044129155594,0.5408488653446095,0.9016896689323094,0.2092385928788293,0.6097416162812591,0.3439561955011243,156.68698149013196,66.89208236624762,2.0063916536575315
0.6875356163857615,0.8807107573479828,0.6322135461021836,0.9947650671033564,0.0146260600370697,0.7021487642271713,0.3261903365641814,152.78496002138112,75.81119427636021,2.0263037535897492
0.7550044471986098,0.7593654318130051,0.571013560765582,0.8386067617788857,0.7078695256965105,0.7416515118821037,0.4748698023654442,146.44054335867085,46.183439424520365,-2.8632600791297698
0.5936383983899081,0.455705120187737,0.6287345566777082,0.935220339247206,0.6212701986154812,0.733371956821764,0.975579680428238,144.06120186340283,34.57040649929169,-4.720743350866229
0.9875560027724652,0.5451848559120324,0.5177197780133567,0.7823301932808961,0.5596268389602522,0.8750230015722966,0.3314179288263261,154.86485148494333,85.46107325016621,-0.5217131165242136
0.5124414507665958,0.7856766194767733,0.8809784489408538,0.7043203451442223,0.8869766835671351,0.7110689025952261,0.6821460212986188,141.21202628066166,38.71731281748694,-4.095307069452848
0.947553261832684,0.7320046687934758,0.6976217065534807,0.961432975113976,0.5441007717775298,0.9613205109049656,0.8193902915802448,137.91204333115869,41.03573943914598,-4.662371324255563
0.6920472289532571,0.4926471904914716,0.8316472360668472,0.8564702652804115,0.0677872631078386,0.8225793683959929,0.9313343300124992,149.53118942458082,63.4373644230146,0.2156878948878892
0.6210554988197443,0.5001128666286734,0.5955396613416226,0.8003749622822071,0.5440317598568739,0.674851468198594,0.7779225361383344,149.9468294406163,39.21312040969888,-2.0880017969280344
0.5226231092727474,0.9085628968026168,0.8391152500796417,0.7188655277465751,0.4904046749231679,0.6323183127990448,0.7101829088033251,143.08168147422785,19.5902871343917,-1.2484846755205303
0.9000001821044216,0.7764124054388459,0.7384124084117709,0.8463840806979647,0.2938857414041338,0.7479118914004349,0.8771613940350659,140.61895209335327,-4.860428070179326,-0.041864523219503506
0.7169771399303954,0.7236913168294536,0.8252772944956176,0.8605107428704384,0.6039359813547023,0.83579318864648,0.9922263772366374,136.56444838535876,20.48162921103687,-4.702296840182466
0.8547549148640883,0.7790759733934733,0.7941791059860209,0.8736936127288155,0.7475018153517958,0.8772989795880676,0.4126100296279156,143.05236953169558,68.48453701546798,-2.531338177513803
0.6587928515314324,0.926332450295543,0.6438470163560366,0.8968882061463183,0.6533859136996685,0.6254527285520061,0.9168236587047444,134.50814500817577,-30.27525933735737,-4.266643012057606
0.6731789879410547,0.4451033961682142,0.8214262035761806,0.8525120743373376,0.2038609359370755,0.8990598247480263,0.9564424113675676,148.86151973256045,80.50190753457984,-1.9874124151843007
0.8988435203607141,0.9921035120081224,0.9374998034096284,0.8999281500053153,0.4472472001902856,0.7100011053245203,0.5979718012903443,136.27636820862858,-5.186760669459153,1.4175706478542223
0.8499039253989569,0.7486034629964662,0.8133533741144088,0.8750302528059053,0.0388776845861537,0.8724502698484873,0.519958591897596,150.51778677661667,82.29127575446766,1.8648338992749436
0.9577386087104108,0.8675451983653621,0.7254742205503895,0.8432363366437524,0.908905180849924,0.7914490837161037,0.5162605998032913,137.2536199962795,10.73667181164478,-2.816942917124089
0.9738538656603992,0.8170158887916388,0.5582338081545302,0.7877901775688116,0.3239810743117781,0.8196788132727296,0.9555623878463476,140.20636730635258,-9.318470423198143,-2.498833189748323
0.9274785987855771,0.4992816532740978,0.5401822132483967,0.8924009771583412,0.702945446241071,0.8125875170388404,0.9674721889501215,140.70474013252493,4.71963146884198,-4.3920233861899725
0.8289707341243664,0.8937698664626601,0.5643257308030116,0.7893974808832182,0.2572729819797495,0.665223704403952,0.7427031195186042,144.4063085075563,-6.780135588718289,-0.06277056866110196
0.4645324834241754,0.961868462510496,0.7091443256599572,0.7117488769459805,0.879771014922603,0.9733548488667632,0.9615035058274004,135.18902615577542,63.99720343581992,-11.992781468356572
0.7543677911299422,0.4099667614935133,0.8196538086921674,0.7753392969473505,0.6487376904273098,0.7578687261055261,0.4969180530194365,152.59473577003644,75.5600332086696,0.7246473878654133
0.995087499085346,0.9153885204807256,0.9927998245552146,0.9230990273424408,0.3485206020347182,0.9013685188089589,0.603502322702167,137.50483338469192,36.20783329224953,0.6173746396561418
0.9166583422843736,0.9590727340430536,0.8323316636250315,0.7210343521035864,0.8762832890012299,0.5919819961361875,0.8225327162899241,131.0443394965443,-71.99412739957491,-0.8138824382509375
0.4738592475602579,0.5212342974124626,0.651568438069509,0.9500932063383132,0.3249133985250109,0.6092544710155412,0.7924433807094291,150.27733649294981,46.267837874130024,-1.0478596567193084
0.6943123214290512,0.7731561847676296,0.5999426610368545,0.7832798774436969,0.7247681815124041,0.6629673983337818,0.7680811343883522,141.61281970920828,0.7853801825039582,-3.5459905938686016
0.776686243827075,0.7759030330613386,0.5743338436722678,0.8718575723768827,0.386055550466176,0.6286899933127209,0.8576178367640197,142.08646612113606,-17.39159988252464,-1.0594830546444753
0.783181977762246,0.9439448008479172,0.7833691487780691,0.9119384436428604,0.8477070826253553,0.635891140075892,0.4134359930241696,138.0045163618036,3.826243002242145,-1.0413841628646956
0.762444811404376,0.8537649990332766,0.7700727765293632,0.9254042300441568,0.0339593604846868,0.9085495867534742,0.4722132461231921,149.8292111769839,100.018195335265,-0.040418149086344786
0.6644507840433045,0.4888361832773285,0.5649606736211717,0.7075308651658639,0.4568801244052013,0.6495744782640912,0.8043296195477053,152.17963270110724,28.82988308551131,-0.8277749666096468
0.8853601946798217,0.5665332661818949,0.9881080979436888,0.8503164040382822,0.4937691558135889,0.6691021972260686,0.3419389923485578,149.63146429668012,46.59964365837737,5.3702770787361205
0.7063984975348381,0.6858541044446258,0.7725098447991725,0.9410433605365484,0.7903857739221575,0.6023024512830725,0.8798451205874208,135.86758232240487,-25.056286859242316,-2.344329688142499
0.5409090447601381,0.9806742400300152,0.9549829487737296,0.988223812713264,0.8607907698267152,0.9767851066705004,0.7845537136813019,130.35688343162812,71.46102936775638,-9.373459925623681
0.7585150318418565,0.4828226240309503,0.8612868544448347,0.9398408266032708,0.3896829544150572,0.941984609593844,0.6085036904447771,149.47617382407054,108.90931166209243,-1.4013339303822705
0.6483030468123774,0.8630724006418138,0.8713760747913017,0.8544717983476078,0.7513801848665783,0.7926255928964206,0.6793585311898428,137.76264853777613,38.64535012221718,-4.143921311150682
0.7088893675844515,0.4822279541882139,0.66330931336703,0.9973044385212776,0.8252610841283464,0.6854948017372562,0.8437884525834555,140.6847925475263,13.236052584088151,-3.7157945677357023
0.9789045848434418,0.7894858537990479,0.7646322476735725,0.9560040477389792,0.7136014289091972,0.8657652872233647,0.7392614208991058,134.9118084190055,12.539287076564598,-3.3743157665031758
0.7962242304967938,0.3805707520933292,0.6809517009484896,0.685296253616916,0.4833822108032679,0.6170230002516489,0.4098570473363848,159.12965589658666,54.98964873145354,4.106151326841393
0.9347280885187662,0.8573852439918457,0.9593836669267974,0.6775909384165529,0.3491332386069153,0.8616951113416133,0.4885045575615772,145.79670082246292,53.36769700572685,2.0469023571866183
0.7173890807015079,0.6669743612338122,0.8513906899334625,0.8281068525518724,0.9921904031655352,0.97856756794001,0.7719357959297588,137.44736930537695,70.62302662691187,-7.694529619114136
0.943414643360912,0.5468697512264846,0.7694152955704217,0.9526607706835836,0.1563703476407416,0.9686863326232604,0.7194296475490931,147.99106403961468,81.72698069726401,-0.3464992142870736
0.6276543085146201,0.7896010530218825,0.5016651151256463,0.9987146275088652,0.5156071388375334,0.6130094628960964,0.7161352856482719,142.86295607048137,8.82241326044073,-3.114333509725223
0.761377135747936,0.707860348561728,0.7281043578289892,0.9236220555662216,0.8160202950315008,0.5803139431407126,0.4564079878515594,143.0235354720879,7.859810799871192,0.1744225613762849
0.7758819144719573,0.493703441762485,0.604161990001423,0.734874598080428,0.9645880268761842,0.7122847709274654,0.3604352496212666,151.95145165881905,61.14707869043631,-1.6184490117644323
0.4689045560902053,0.8280306788257121,0.921844971832974,0.823373100231033,0.1172276647593768,0.786465278800686,0.9380009407064944,143.5692025993821,56.025630618799916,-2.12349036805032
0.6364719348658198,0.7574222921816172,0.9947372136878188,0.6704162607970316,0.6224148259462887,0.6696243985088302,0.3168320630757865,149.92416490325988,64.37083307156679,2.3391747418044733
0.9741850114304004,0.7163692805397343,0.6074677776714337,0.842773123246263,0.0714475865420537,0.8387334380318712,0.3499567001623165,155.25720947445015,79.33793545894449,2.7883682388980695
0.5309780434906883,0.4191274116290058,0.6198287687537141,0.9002521605238724,0.4936490555928464,0.8182636437113452,0.8198338488324383,150.7974878937532,88.15622936454487,-4.649027300097109
0.7165519085323352,0.9284980293484032,0.7436534216636549,0.7194188049778888,0.7027816439878464,0.7587951723522621,0.885178076206653,136.0505255709883,-3.857309510270631,-4.709916506811497
0.996765449265364,0.4351837736418213,0.7255090005288174,0.8748631319261131,0.9577068882754236,0.8451217967609025,0.6635623629753857,142.1421958612977,33.053474537333244,-2.63453732128041
0.5208211605530695,0.8247764252055376,0.8138329208518207,0.8442720590426842,0.1024400762781721,0.8538881691619529,0.9405895728227208,144.16987458824445,66.16952508000549,-3.489325218861916
0.6090008540853868,0.5344312521401906,0.6328658604091445,0.8233493522608267,0.4682015159120163,0.698174359282613,0.8716256397336422,147.86823201958023,35.528286521504306,-2.4807273106538905
0.4614378055179631,0.5117244001883487,0.9658863745136526,0.8682362158234678,0.8403696650443102,0.6427673648293107,0.4962643786686965,147.6880540485942,71.43598833564837,-0.8206793485795856
0.5052392436255391,0.7391968091324974,0.8399914699236437,0.9666300590076582,0.4886119795393775,0.6716485748244091,0.613928390911318,144.51956139121458,54.02803919382058,-1.4310387518005845
0.4378876629098319,0.6465979470009011,0.9529431557942754,0.8902331589363517,0.749078508425507,0.8361717642082569,0.3119244218225259,149.83802784846915,134.4991637600679,-3.0940056645711556
0.8150173117326764,0.614940980352303,0.9403980518396168,0.8185695313747908,0.7812454658829988,0.9202290950954796,0.3645482381949654,146.8296259708293,100.4535072812431,-1.501677009284488
0.9549347571613302,0.9770142578509688,0.5557389876717698,0.7859546911925488,0.4576336708814372,0.6610453156503375,0.7009746150638337,139.76372958981293,-32.91970372907244,-0.47268312960452896
0.9782673713475212,0.5691181699522614,0.7968933168923591,0.6808644117259182,0.6982924227630705,0.6256753156003451,0.4288758272368795,149.17290072896796,8.540750084490895,4.021398693758549
0.8368687963623103,0.4049893611171752,0.8402016327112978,0.9446943304274842,0.8131475695944176,0.7160338160537206,0.5455879707648496,145.75407259169472,42.98717205639044,0.37838751658161246
0.8969256000474234,0.5253209822181462,0.7388497614955374,0.7519270658337815,0.920199936609298,0.8742952955545809,0.789047037829819,141.4124256796705,34.03692837957105,-4.26348649266314
0.8787025917405806,0.7393481306456064,0.6967068983665927,0.861144243369447,0.4782996012903351,0.7349671077432606,0.8877689649538262,139.23207141252178,-9.68313953488316,-1.4882893144094538
0.5056473428456211,0.3857370039517579,0.6936594972092556,0.6858743401434936,0.6105325689222578,0.593449195154882,0.8735813450474851,151.61538183446442,30.75639575881076,-1.1960588536795167
0.8453032217167638,0.4419904016963007,0.5278837409495502,0.7520052776072716,0.9016107923629854,0.8053352238920024,0.6175220111581983,149.10502524526208,51.640204837131044,-3.8211126146708136
0.8545909005063562,0.4089164354309664,0.8494964204681922,0.9790584690669656,0.3036306923887285,0.8534298292618403,0.5555035080307933,151.39511002305184,89.36996867517243,1.702087113207313
0.9226902324597466,0.9496697133028976,0.9817941847591256,0.9927456407827993,0.7495831443111888,0.9101261946093088,0.5491772817877825,132.40079406959796,37.44068031499818,-2.8946575775227585
0.7875539294570456,0.4100168711810794,0.7173351357474536,0.706458011832323,0.1842147076198082,0.8063382303106917,0.6838187523924555,157.0292745314485,78.35230202977272,1.7496375362492373
0.6302226887126621,0.370188261841461,0.7984564625836698,0.8084511219727215,0.4550107139199874,0.749894328606691,0.888884463553478,149.57245917917012,55.49550664119432,-1.0946275005201036
0.7573987400462926,0.5443381731970955,0.5476766768796203,0.8166737622148867,0.1570509565461319,0.6249130741128939,0.3864343856869234,159.87700572647373,63.28857128832256,3.8505588504941497
0.5964510875207906,0.9126642709653248,0.927888239348287,0.8200880975750828,0.6522725823191553,0.7452614048234798,0.522559415961819,141.27809225261933,51.33845313493983,-2.0491977450029286
0.8947655346938962,0.7767778250132793,0.7746407911883382,0.8590612553661331,0.7197332029586221,0.9176473287217776,0.7567580465615555,137.25216486962145,35.329665607738555,-4.5767155807538265
0.6513666474656743,0.623957000956187,0.9403873193024124,0.9107816151603788,0.0803481122696716,0.8141795782428556,0.3363858613276421,155.93042301737205,122.69798404717281,3.217060954799938
0.7577491899284841,0.4269372822701682,0.7306584570524337,0.8746572434927546,0.2356418631883949,0.6261826039626838,0.9660973215832878,147.79824096427558,3.3666649883992315,1.9108348852925785
0.6635314530149191,0.3557850829584381,0.9192303536792916,0.907011832608816,0.6122078589367993,0.9076179369057014,0.3540429236463116,154.8174659028134,143.95164481055443,-0.6780263326251491
0.5706310446095563,0.3986472331499761,0.5737932702821708,0.9894262935450988,0.9552277820501616,0.980716811533354,0.8247878400510331,144.21457006537187,106.90285658358165,-10.362370201382715
0.4703479202212069,0.5929541470332186,0.9671841793852702,0.7676020343401818,0.3976395989077419,0.9113160428553602,0.5665912939036615,152.4648697429096,136.1078200054974,-2.324777434914908
0.9798725048524586,0.6201605121643876,0.6470251348467809,0.7480242986084658,0.5218122633944897,0.9171123079393996,0.8557744012597841,143.5318525586687,32.577876559525684,-3.0524608384734337
0.6980079952859412,0.5923950824712364,0.8012209641869521,0.714248310946167,0.6935193651316267,0.5785220917993926,0.9418305442452818,141.43258267404056,-25.261422316177367,-0.47150052659951874
0.6096339240999178,0.7827783542979216,0.839690267247117,0.9679253105968704,0.7638648460986488,0.6427847548856659,0.5702920824522281,139.78967487398876,25.455785641202404,-1.9075089784705979
0.5565526648759979,0.7656333571562414,0.8188613380596856,0.8627675213684248,0.8038899696421277,0.7755430337421252,0.771458675143097,138.73117225021434,42.17484000610152,-5.478440764516462
0.4903471902580516,0.5533701882065507,0.7136429093440089,0.9573118417893058,0.4309374446403765,0.9852993581699664,0.722234877581597,149.42405773793422,135.80229035262064,-6.616913637007358
0.8132465277894487,0.4126104822689251,0.8687282094711568,0.8290760693969295,0.7692835156684802,0.7698930831253102,0.616369907122285,146.83818490770355,52.37876997852153,-0.20795648617722945
0.7205743799568755,0.5435296837136554,0.7915016505260453,0.7936135182509905,0.293219558537215,0.9662041869794884,0.9887070283533598,146.04086141063425,76.52304736899332,-3.857053614416877
0.628370350827111,0.6558393732723107,0.981743211938372,0.8324612206430795,0.3825741816953439,0.6524644480911135,0.4110447245287951,150.82506549713216,65.96086595752719,3.479808441351792
0.6738935318953958,0.5757428278475345,0.5723152921992569,0.8284770914778249,0.1689508420015364,0.8596229612913167,0.6133569045940956,155.7852808450713,102.0873982998414,-1.6752960569520943
0.4543844453452036,0.4154773563996719,0.6568995956999025,0.9196758332008432,0.8691471904040071,0.8585436606265598,0.5404000867318915,151.3999479164795,126.67943549944748,-6.6209505580480945
0.8068344937491312,0.5824378929518514,0.9448278526583358,0.8694850204199093,0.8495067681110262,0.6945451240487697,0.6429699740666499,140.22509065194885,15.906240319256614,-0.07613730159217744
0.5709173890909216,0.9804100725443216,0.7374793543885012,0.8012807728684421,0.987492157939556,0.7764879242657047,0.51952863026344,138.28364026080087,46.880447108369914,-6.593501765848349
0.6698655631946887,0.9263100369752054,0.6388686176167413,0.7375955881798401,0.8912728100591862,0.6909280993606893,0.9788625848758434,133.0923201935798,-30.391346559223628,-6.643761520146951
0.9478764543582224,0.9389922732658204,0.5166287050721637,0.9700578238978989,0.4811382395690868,0.7290051227170475,0.5884877892346538,139.8738735497258,-1.576674504283291,-1.7692754390341463
0.6417951778634572,0.9586003815084018,0.9735886502107416,0.7570418700343021,0.7875518364379384,0.7158754115420594,0.4958497486749286,139.15446376251444,33.24961314375753,-1.652318272715899
0.720889541379854,0.6477408784839618,0.7702857217162425,0.8156479210495574,0.5613886381761051,0.7578757623812509,0.6790781250458613,145.5648631703809,44.30405426425976,-1.477364647949581
0.5526477957210338,0.6156964599676462,0.7865295802066364,0.9583524450959112,0.8212149542660799,0.7171264316321329,0.485109172653515,145.5615824235615,71.54099599060031,-3.066526302869803
0.4978230710075556,0.862444776408069,0.8136197647456729,0.7879772861373218,0.7065124509193069,0.8716011809380595,0.6971346198673557,141.4135371601805,77.67849483795361,-6.617912823002729
0.8465469808697805,0.6668388228421314,0.9307682820753852,0.8326002071906804,0.65978517588222,0.7774020325141677,0.9222754394515404,136.2705369630543,-0.7178324905868081,-1.6222885411662233
0.9043744956728044,0.7506798114635909,0.5505962416776481,0.9992911549983758,0.2591266908579077,0.7237366889966408,0.9333208995828308,139.8628929814022,-14.280070010860776,-1.4538208912264976
0.4576328766547222,0.9263802565482678,0.6546809821690682,0.7585739523679323,0.5943684207084332,0.9662601922556464,0.3733352957424551,150.20599770040837,142.02433295537918,-7.284801348594681
0.6901189323551584,0.8443716835585751,0.5192217608887185,0.9708506376648977,0.1009267510748909,0.5913505051680958,0.6384252607392413,148.01596227693327,14.136621578753772,0.8530847121584421
0.5664833202712585,0.363477345285178,0.5991061551598893,0.9322059248878032,0.0060512751570507,0.7688176037729775,0.6348931396633566,160.76278588983294,113.29437417927231,0.5938640726776597
0.96850018232679,0.9337347129145372,0.974961334440882,0.7631858386252421,0.6853416435803298,0.6729949488919967,0.352341284543832,140.1089543623298,1.203364412357031,3.236370398843339
0.6904450478295706,0.609552948826653,0.6200850211244457,0.902598413922092,0.8961365098399743,0.6154196774400675,0.557166260781808,144.46859974135677,19.68267740275924,-2.334680206606788
0.5821092944563426,0.7366853626789364,0.984367742690051,0.7263117522302113,0.5811997744158732,0.8947388839723558,0.8710247205385078,140.88677594049872,65.85067572919894,-4.377503746341162
0.5091478617017955,0.9402731134369168,0.839226058937156,0.7807497497860189,0.2499199015596075,0.8489144685915485,0.4231974263810146,150.31107824910896,111.18930490081588,-1.823158115980298
0.9887405406208318,0.520675628373221,0.8759445188104213,0.837296597086122,0.6576636814064714,0.7480718793460427,0.5274745763410584,145.60599868819364,29.39233760263739,2.3437130026715582
0.6844917453741872,0.4116196728753405,0.7343663825465069,0.9309969198409824,0.0869582392377318,0.93104237915611,0.8490977756741405,152.56411367656483,105.35811067058253,-1.764943303949323
0.4902773349413536,0.5298248590326264,0.6211579552651663,0.7065701882826435,0.3116698682919274,0.921579199806043,0.803552263127461,154.94774537921208,118.81744746994073,-5.171943954093883
0.5679000451734871,0.7372227526473043,0.6200634860265383,0.9243164424459952,0.7195510728506147,0.757061739355496,0.8772594955866939,139.32931790294163,29.971659700869104,-6.666237091142466
0.6579979643266834,0.864419925495664,0.5965437682057096,0.8664590004096826,0.0220793562257976,0.9277727174993436,0.5966221072543385,151.34930843488547,105.09433221630752,-2.9622703277619387
0.6250266149290669,0.5180066479728469,0.6639569197955428,0.990126542710229,0.0660612499252816,0.8647146153296392,0.5014495566299063,157.20412598714015,129.1623724993557,-0.40360828377422087
0.8015013049514943,0.8350196771969678,0.7523513166045204,0.7702010683933659,0.9388688987849544,0.7311186968485163,0.5402111025435402,139.4992348147265,15.954021708375656,-2.9639595110792873
0.8138517284793456,0.4783451938935465,0.542759103895508,0.6685786868375602,0.1254122394505547,0.8903212892389173,0.6043161803486032,160.17095741981115,101.72902577263228,0.013440072258521812
0.4974963362662246,0.9870823240644376,0.5129731307678059,0.9013048858601236,0.2437049969674425,0.6220342710777576,0.5918972571935155,147.315901378697,36.84369145378505,-2.354925950813684
0.4658745993514801,0.755344552218673,0.5420822953232088,0.845284384355444,0.9643197312566149,0.5857844709079288,0.9901298148976004,136.5639248619301,-19.33631210672271,-7.571425362729965
0.8582770861062629,0.98635350508911,0.6553455504537744,0.9614251109217316,0.4823980966104722,0.6230492709228286,0.9276824541034064,132.01077180000348,-57.61645797203927,-1.8791230126930263
0.6761812824971146,0.8469165908053817,0.7190250395487052,0.7059696422689946,0.5844702953659796,0.8892496768835729,0.8975508324706865,140.19174623664836,41.835768932074295,-6.0952669274487565
0.6078375531374247,0.8331644832477278,0.9656529579040056,0.7031833015936755,0.4245778692600364,0.6271882741235423,0.6670604341781152,144.36216608594836,19.43836992509431,1.5203086288537353
0.9501596096743185,0.4796104383810062,0.6338825216829649,0.806551406146248,0.1719688741882497,0.6271671835590177,0.372988686688865,158.6226650693584,43.89131315186451,6.337197401868019
0.7145627728500095,0.4072775249213867,0.958651524854156,0.8858490462921903,0.7112460117655218,0.8294174388658311,0.6103270833003567,147.03563646709887,82.13369161914197,-0.9733085030297581
0.7833154192319891,0.3546483588371054,0.6932426314655621,0.8918659552744739,0.3996890237694119,0.9464833931510184,0.5542813821950848,155.32833348814907,123.25431150325119,-1.6044988380598364
0.9079704858190702,0.8887937801425732,0.6112455147110119,0.7795186908389992,0.8259227561674725,0.8727479495218962,0.3927648011903787,143.05995659430744,52.782889613711326,-4.011024333280414
0.8888003815310916,0.5600030388230517,0.9548276425681212,0.8037485908464316,0.5348200474630301,0.7512526331450666,0.7398124381780857,143.19259326850272,20.443704398385872,1.6558625331207841
0.9947882669681412,0.9088365330296544,0.7496715343076934,0.9942240148809816,0.346093723834085,0.8807826672392451,0.9200734039660756,133.1438966478743,-3.0365376150207446,-2.7646900313207357
0.7244252179816812,0.6192724180394724,0.9859721882399664,0.946083382795122,0.5711352482146994,0.9795528005267772,0.4824462843384268,145.67035179888228,119.43630485339132,-2.442440320013102
0.5721109930434041,0.7132906497196445,0.5375278825749751,0.994184956046226,0.4167865863020122,0.8674938797891274,0.6096036983707012,148.47447751940587,98.29966369073105,-5.584207746418024
0.99938114861615,0.5920389264089589,0.5901383051981776,0.7401749062656814,0.3395481946050511,0.7962163190870316,0.404877514325936,154.99200592918342,60.510784611514,2.2844396124706625
0.4589915797720271,0.689517764566419,0.98220205232846,0.9855295776408338,0.5417662132670574,0.6088961644395164,0.9019304039589694,138.12444618272858,13.877577671651979,-1.535191664017318
0.8325106175233363,0.5391863154222706,0.5584967809990575,0.8157231990812326,0.2556943341910444,0.6795114815827703,0.6418185856301946,153.2988022936856,34.60959062883787,1.7248081136300129
0.5651803716420528,0.6047786327215567,0.8810517685008048,0.808260020406343,0.0711030363910895,0.8255368648640284,0.948198564723308,148.41585363434132,70.37796840263636,-0.9644520817071558
0.504699829837462,0.6740815163789773,0.7643962225578462,0.7390750381174207,0.5024549481191937,0.9233654932765164,0.8086842957946243,147.2506784136962,98.4165137680242,-6.010332624184937
0.9623076897963444,0.4874630865365297,0.7604226939264314,0.9797179457710116,0.3065377539429947,0.945002855909981,0.9594988693342976,142.31085631685386,45.796586961374096,-2.0021381808153733
0.7327159382356596,0.3904168964870266,0.8652267439185551,0.6668144029330291,0.4254687094434625,0.9823047977611687,0.6408837970839829,155.22340328463827,125.4419871265049,-1.4131599604323726
0.7910491776725934,0.7013952136398987,0.94401568893848,0.7891114159598248,0.712216185638601,0.5842967378296788,0.9354297599395454,135.37900878092228,-45.44995527137897,0.5009782053387931
0.4751613973572397,0.7428605543197515,0.7289125420570024,0.7798775072938692,0.3843873395306158,0.68419534920732,0.5251346980317215,152.00242404761897,75.68942801964934,-1.013412195480311
0.6194860404287905,0.9549279558617246,0.9827317180864364,0.8217860229878954,0.6938029246315789,0.9758899698839256,0.872170262814934,133.1000226998195,59.27079338714846,-7.282182852428491
0.735561491851112,0.9083187597896396,0.7791873075987162,0.843980387228644,0.1815039440527933,0.6603358962260669,0.4080402194696705,149.0074673255206,42.4157812328351,2.934224938620879
0.7125636173791307,0.468683059660012,0.8449000801138437,0.8510732644691275,0.2795915317419759,0.965462136218221,0.6937111625917036,151.76688146050358,116.34933166118347,-1.6736680126379593
0.5015496708681286,0.5856415731076583,0.7366908514951375,0.8582246062106343,0.8212175867996077,0.6590460141167572,0.3244491957192453,151.726100327781,85.48984379769455,-1.6975646287510162
0.7934039960568986,0.6262084429285973,0.522360065487736,0.8319326915018809,0.6640576318163651,0.6177890631991233,0.9932980004789674,140.20473498714946,-35.15416781850861,-2.942980098833833
0.8273151928946054,0.9137442719240018,0.91338950935688,0.9493838769184922,0.6902365789427933,0.6515703631995646,0.6127288979844757,134.57891463678453,-13.815357858906744,0.04823165874417659
0.9159253463016204,0.796425419355546,0.8518958826343055,0.774894396050141,0.9442256915673708,0.7055101222941169,0.6077294792148338,136.67522325812152,-10.67397975506385,-1.1307938411637244
0.8632848169157232,0.6929849027159757,0.7168178766219506,0.7675056430143933,0.1754819497991687,0.5887771531808305,0.4137935342171597,153.9586780704873,24.976203862832207,5.767360929976749
0.8121267619448251,0.9424258592644076,0.8708761668579426,0.7159291143425427,0.2674128331673784,0.7527948192648104,0.8654152537854566,139.40624094538845,-2.4931787011994597,0.047891027154845736
0.5115847762922311,0.5526679353250525,0.6744086876249099,0.7839697519276029,0.2872854431285488,0.8020284559898492,0.9571020666297588,149.63957219798507,68.4886540130099,-3.777090785528624
0.5293796673844667,0.4297715249658089,0.7661417844213603,0.9364447295492676,0.7634748007452148,0.7082772412353222,0.9853828702707472,141.7656133777736,32.46065110892724,-4.719798316559419
0.8905524231952191,0.3895955376055856,0.7639542240555701,0.7426353155639006,0.8417713575429279,0.8043744098785552,0.7032005041376054,146.62899568456476,40.77215472593176,-1.4739443574269666
0.5731629546073844,0.5299380052837426,0.7508545318052131,0.9498896377246028,0.7381268274164456,0.8779961356182281,0.8655550041260965,142.05526412478966,74.09474534822982,-6.703558958946817
0.6043820308739262,0.7260947623950356,0.5982066990653467,0.9432019933793612,0.2284880400284373,0.7268123935009748,0.5971462710003657,150.42120610060863,67.09926421313735,-1.3345893539887181
0.6206625314214035,0.8324981917068419,0.7740030525394632,0.9925112799749748,0.1191822395224122,0.584555343668837,0.8018513105364115,142.70414322485456,2.3116601506458587,1.2844029115411528
0.6427411596848358,0.6499011762102523,0.9347173363562702,0.8187496492915765,0.9392760382482832,0.700680292806543,0.9270310381600768,135.0726777720494,-0.8462828138951715,-3.864994697519944
0.7259199431416663,0.5719430898080294,0.9216495718462044,0.8939985184914842,0.8683414309504256,0.9650926135316072,0.6351639101483098,141.57220503008864,92.5503734939496,-5.118171327353514
0.9611159737688262,0.7199137187289499,0.7917604499339861,0.80301050039509,0.7998888558265321,0.8287764943790918,0.3279428928510678,145.21143384607996,55.3704710040825,-0.36612134066119423
0.8310332735198706,0.7416617407059166,0.573521801043423,0.6762100195585231,0.555490352178892,0.9383588187929672,0.8592863879281529,144.0125168692757,47.23690644260366,-5.713583991117542
0.9437696244490804,0.8791249645391868,0.911689250299661,0.868754498002537,0.8196234558286457,0.6185576820730145,0.3151154601430733,139.25642196379195,-4.994775387025697,2.628956148748555
0.7404257663659166,0.4396989894219525,0.8591755488547341,0.8393901719538736,0.9376530343071944,0.7617432486986563,0.6659593450966163,143.8685237637824,46.659170599307224,-2.280439429784673
0.9413317467054052,0.5540353827712073,0.7077962915402829,0.8529062073518539,0.0679133872950728,0.7123407278996404,0.8249114529188015,148.80418989002206,11.840874770024271,3.3247983594336294
0.6929372854781061,0.5074013477489389,0.5072358067407059,0.7374339555611259,0.3891901767552019,0.7875550112759098,0.5670266133845394,157.12255298275286,85.92421125600127,-1.5573990968130267
0.6701003344203856,0.9701305788440244,0.7828295158568739,0.8992320791078068,0.1710223194384637,0.7538134951119907,0.6782092266171103,142.77824729499338,38.40517175091049,-0.8067710987629072
0.543282210406516,0.7264039993393479,0.6090636578121397,0.9781919073110636,0.2101048447969649,0.6192408187587372,0.5903740048295346,150.4612945715641,50.5521308220629,-0.07407604376955995
0.4799656862227175,0.7709462455111942,0.8693699986199912,0.7316037846779129,0.123452104216031,0.6129804454378054,0.5840449423575529,152.7898784568747,57.681002677514066,2.577482348529004
0.9928889646035906,0.528835298604676,0.6986378837626808,0.8585896100792849,0.4833511062352548,0.6540110933384088,0.3410689984784975,152.31797712304237,33.335961112791466,4.5253657504165465
0.8878046512694322,0.3588105928161512,0.9126471830445638,0.7516082170878198,0.5997606427365632,0.6039890622263785,0.3865308031522309,154.07248400966506,38.68670172988102,6.059072582593705
0.6742068804765268,0.7608552400567291,0.9184540369519756,0.7261529929115705,0.76834921809177,0.7555833793966642,0.8018337573610543,138.74376097512126,20.1327863222557,-2.972412414980682
0.820239047441685,0.5606497004619622,0.7874539091379209,0.6858546003435415,0.9983598646404944,0.7765390846379687,0.348406914680173,148.9531819730749,65.16463863291702,-1.156002325602871
0.5170562728487365,0.804062026038123,0.7745501613627613,0.7167963494614135,0.4801314205324945,0.7247680989450064,0.6119836450835554,148.1578237024146,62.21485832938598,-2.12129809807796
0.5554788364498017,0.5863086471349823,0.8066908787975338,0.9203710792352964,0.9981497499638377,0.65657997361261,0.355830424626998,146.57692792366802,67.51261076634759,-2.207582699898461
0.7455331555962971,0.4567756759271689,0.7340215854611245,0.725277231556339,0.1054228511819377,0.7532795717608559,0.943437682871531,152.0993698476593,40.87200402513998,1.1946997660267005
0.978174753918773,0.936680770052951,0.94213307352038,0.8561447174976217,0.6315605644653429,0.7296842539917978,0.942610340879274,128.6822581660079,-51.72053000986715,-0.894191139214511
0.4728993471353881,0.7784529604583489,0.8836736051814822,0.6822149794800355,0.0047294622206234,0.9157529293772972,0.622423174682213,154.82664232885986,130.55428093301865,-1.2689435328243406
0.5442064831986386,0.6895641032843802,0.8078290941468523,0.998546245558561,0.222372375953108,0.8748030631169144,0.8288204687295321,144.82024103179378,86.23686089286231,-3.70510222948804
0.8923511227219423,0.7581125658353556,0.6060744464224043,0.9970650915679642,0.324397366749389,0.5989681631510461,0.572529120415736,144.83299352556813,-4.962723350280105,2.238440373281691
0.7663834717121252,0.3613085341057779,0.6960814490292296,0.7846843716147831,0.4236527706705778,0.8322688189275449,0.7226717837784606,153.47666602264354,78.27420016463896,-0.7780811847979329
0.9526255323019974,0.9678816468368052,0.7666940966373808,0.9986471424542948,0.0507081240390416,0.7325476254318852,0.7543986072767297,138.56324472745828,-8.84248496326899,1.8272893108160302
0.4981374504353393,0.7549018197211944,0.7491548347867135,0.9002952685992328,0.1760130315959316,0.9567003310443404,0.3503690993916559,155.73553269567373,163.25442996224137,-2.882204435982555
0.7750549800208419,0.3972558928616304,0.5304347832566899,0.8173856219304213,0.8466131173016666,0.8249802902423444,0.5920280642290208,150.8359064592081,73.51788133970697,-4.173447956045346
0.5263357278813608,0.9741349450791786,0.5528614278175789,0.943248604325434,0.508730128134186,0.8517074373790241,0.5423820663651239,144.21993953643477,85.25536867886507,-6.837424553310849
0.9503589581836192,0.9106976091146533,0.8039322632372892,0.9115769385914592,0.975446530104321,0.8207000700717686,0.7628525635260637,129.1529594230577,-15.321646171337662,-4.882995784422164
0.4590122993414228,0.4875756767520727,0.919762728053243,0.9736847489129083,0.256418178918615,0.9961964119250212,0.6260154936599851,152.70591603786445,163.39697494772273,-3.5864890695970457
0.8264022260093138,0.9271769940570735,0.6278361984942441,0.8016978406650819,0.357841459338798,0.6181350276379105,0.5317090835083345,145.37527251662166,-0.27182845981597953,1.39821753309424
0.5156590476077819,0.5641232963469861,0.8586235806667476,0.6819224294354483,0.4169518525380196,0.7070168150899967,0.5496288132594076,154.80053596055214,85.44959409231399,0.662420110394987
0.8042945324378306,0.9765964180176882,0.5793658991404356,0.746239210977857,0.6879811138210479,0.5853049692949032,0.5987166638303549,140.5070845332292,-27.344175046193243,-1.2411899190228604
0.9645540917315804,0.5646640410242711,0.642741531402564,0.7551094939326092,0.7434698159235965,0.9721620488469096,0.7632475365711302,143.77900394222206,54.90469327629409,-4.785199581710944
0.8876441475280643,0.3916853147597869,0.9149467981583144,0.8174682597648024,0.501599744856165,0.6792433510863196,0.406344145081665,153.30427915416976,55.045325068800054,5.142906366272105
0.5196408007381941,0.3884524810630314,0.501713053478909,0.8448511643819621,0.0791829036198824,0.64947645361211,0.7405418126195465,160.05922946593472,75.4074863409246,0.37592798182377735
0.7562001410074581,0.8818694481436595,0.9698161653303458,0.6873221633861963,0.954123789732334,0.6269824755335736,0.8996610604377981,131.07738322146525,-48.25422392943521,-2.1293160416422094
0.7365686292248408,0.6567094228940367,0.6427095761054789,0.8556024574668752,0.9783507860304796,0.7573265659476197,0.8974081632394066,136.5712058646914,2.9415607745618715,-6.374673918961885
0.7080898623933403,0.6863444878346076,0.8198321266294852,0.7922356712179263,0.186839614485767,0.6553326139240491,0.6389088174360686,150.03523241219557,35.65976404888762,2.9244514322500783
0.4367538513038514,0.6802786214696239,0.9331850141629556,0.9098443010178496,0.1856382004338674,0.7337705595098512,0.8206325624254547,146.5934336777153,69.3849243778891,-0.932839723388589
0.5793350343892969,0.877707016967321,0.8982830126866215,0.7695080059087461,0.2111882905739666,0.7157209897844795,0.650838088738212,146.50416622129492,50.15832789836054,0.5477705047408734
0.7229742552661744,0.8773316716099888,0.721232779165169,0.9648696910535088,0.6922997520469701,0.8035196677248925,0.5680535182387096,139.24643743235052,45.00687417993322,-4.2130048911243065
0.6198644630017779,0.6098079850526954,0.5231706280220553,0.9737417731480432,0.6471890979883184,0.8034576947624585,0.61631773191999,147.4619295137231,76.05564705982073,-5.3746075219451
0.453039751838079,0.3847066901644892,0.5133119977870756,0.8905861012816968,0.5115829894318614,0.9381509452389248,0.7035367466230313,155.73634885527528,142.9011323436483,-7.219399210028825
0.6697469727230693,0.7661343554232993,0.7309302493699452,0.9907489974204342,0.9785346337432512,0.6061650396143001,0.3794848472913777,140.9884522445454,24.55101488728075,-2.0546950148061294
0.5489234710349563,0.8965683245924471,0.7067684415684875,0.9167890664379558,0.9635664604480692,0.8463590376517311,0.903129536337348,132.03992802787494,30.119859503562456,-9.940537281641372
0.6985505335051347,0.9114194814525176,0.5167109457098045,0.8338013600778774,0.1953011281170389,0.6114435366393681,0.7084457433757849,146.4058780534889,2.2457155370771043,-0.29392840566701134
0.8295201139967345,0.8132651513283262,0.7469681057463015,0.6789863549017878,0.6326516360875861,0.701108043942082,0.3390590549583416,148.7709421252007,40.29475253449553,1.1397183338513737
0.7926554793362562,0.5766477988062392,0.939841465891945,0.7398692684915517,0.4476895458500209,0.9098720605860868,0.9372978800180032,142.8477067726628,51.02900022558194,-2.026242669539355
0.8012874238689035,0.8887913839720751,0.9022193055511376,0.9147063040822166,0.4649415025622928,0.8437345109622536,0.7944979799801952,135.9809587038976,25.03810413175683,-2.4436753278780095
0.4579742991695577,0.9149027156986778,0.7693734024880912,0.6870542604914239,0.1891049635643104,0.5808721872813207,0.5467151903880286,151.57498730365836,44.52181921659551,1.403276348902969
0.6931700362420704,0.5738114091977207,0.7183147399516436,0.6680603259407089,0.0088575040345093,0.9164866555080434,0.5709997764188743,159.72710083334022,123.64813864458614,0.4744141818569759
0.6948403497367049,0.7735124511281712,0.5563886965151386,0.9886336278797024,0.0024318852428768,0.5979583286775505,0.6651278334609818,149.53639244204075,20.61158102756641,1.8325559992356841
0.8451276737107644,0.4479130976511377,0.6813089888325142,0.9716125316894998,0.2075446476858178,0.9697042921867872,0.4952341081610047,155.1223820560612,126.40628482135641,-0.5880891120698234
0.8048549557013245,0.8562551228878601,0.8414793903978895,0.7248582154076805,0.7154171265638026,0.5722636767491838,0.5450766465262157,141.26014211085612,-17.325267786834296,1.621165275382944
0.7407479926074538,0.8993792709904576,0.9488369507400398,0.9213083549204262,0.8280363572195478,0.5852944233554972,0.4043086675039495,137.79720913827236,1.628395973296592,0.961742695497659
0.8005127363202691,0.4373205943301137,0.7919624924052311,0.902640251067963,0.8584205312866552,0.6854162495217886,0.6674546071744802,143.76805559072483,23.116967772894487,-0.7934672516637081
0.8909431436186558,0.8552838546180712,0.5898310034146627,0.8136664613289305,0.442559520759499,0.8326140437240686,0.6860663472330774,142.96369808656317,27.926928654034622,-2.711916590575738
0.9716517872138828,0.6509636845290874,0.6692153201424944,0.7586619906536608,0.7799385236570165,0.744022351476529,0.937075249655918,137.42529809457298,-28.334191866865545,-2.6375925246124083
0.4611301201099769,0.6631389767516447,0.8404459126459545,0.8583047851093718,0.33516601000238,0.6379818461595864,0.4109281993008257,153.96566912181117,86.24654794590215,1.4661883832093834
0.4527732522792246,0.7980397279978453,0.776480815923458,0.8231964741169404,0.969306006854404,0.961810053099051,0.3285427623414332,146.64869627389447,142.80462507773882,-8.201399905010431
0.4687559649980277,0.564112188417616,0.6155200908475311,0.7392849031611773,0.8103220040787815,0.8790335247727061,0.47701541051005,153.55263866871226,128.51498674470278,-6.518219564363235
0.9753005402638956,0.3835927742153134,0.7443129754871215,0.7483787185970061,0.9897489120767846,0.6378630725187856,0.6582544750915524,144.60323385878746,-9.860703217103547,0.8733618992812758
0.7877439870571303,0.8324573316873187,0.853746370707404,0.7863460553815688,0.5467768735994666,0.5795210410041123,0.7548529439814351,139.06973082440663,-29.73845129315428,1.3692219241131993
0.6959313914944312,0.4975122641472226,0.6435367097782725,0.9546576741515548,0.5399379940027547,0.9017259701119328,0.3363772365930084,154.82781287355158,132.90009769714786,-2.5737040130832454
0.5779988716376617,0.4370493275962275,0.5629962719556911,0.9940439772571662,0.757148086568598,0.958707333315584,0.7265883562183206,147.64520030004135,115.57785475709011,-8.39612675683024
0.8793460276829856,0.7510878567520165,0.5033737665185316,0.7540693869117793,0.820505980375004,0.6186479920134488,0.4510261117158002,146.2232193868718,0.3771677674048305,-0.8179088783196946
0.9721478253153328,0.4038626018921391,0.9591242384855302,0.8858585408471926,0.5209047698235917,0.9192340462977684,0.5320813300517171,148.55094415681233,85.11839374888164,1.484689045581707
0.7549685896232898,0.5565769955957416,0.6482344678895994,0.9228755234314204,0.6190010650892362,0.6741629805262735,0.8817403768091199,141.96245281746775,1.9073709920278688,-2.230922077667946
0.6766116660536861,0.6593482801715008,0.5334059398856396,0.8067671412113339,0.8057277425486975,0.7369059819826776,0.8141471244629646,142.74861318419732,21.795169385607444,-5.664954027961738
0.5484015141687838,0.8373442358393517,0.914788436062646,0.9347565984252478,0.2239684142931264,0.6191770124857731,0.8869360634902063,140.01439797691245,6.280748501478429,0.2191658307563904
0.5751979594765834,0.5736561314836587,0.8692586271884699,0.6784887767906537,0.3558320808808474,0.9889244250578058,0.47241437721617,156.74520266486678,155.20703173755197,-2.2455622486945197
0.6291994283268851,0.8085881267763269,0.81538229818086,0.9819395688359928,0.2745267692012567,0.8051977032004023,0.3983723919212354,148.78664245858857,95.98593528979633,-0.3893227189662837
0.8498584200589225,0.9279834019402198,0.865583896564901,0.7759670541866248,0.927308945543104,0.9541935239596951,0.9269917232521856,129.30693705999238,12.181677404782368,-7.518116518999685
0.696063298469106,0.7091027400513126,0.7766763432362848,0.950725519456785,0.2233983608031232,0.7041469547430247,0.3133208820127661,153.11041440144444,82.14798002237573,2.7177928672460423
0.99865775064142,0.871211735594067,0.5291820415360173,0.7076627915922257,0.2947720996927396,0.7081666868040627,0.3279130003566222,152.14411901949734,28.789548618416646,2.743588286116036
0.6310301772859053,0.4163966564405466,0.8583404519695836,0.6750084081702789,0.8152383489973256,0.8740012041790974,0.5425949561666554,152.27430721488795,108.72537874249835,-2.8394141210479464
0.9088717367874,0.5551850102710183,0.6315739417883955,0.7398023261255541,0.032974446726145,0.5922719895488667,0.6238203984992561,155.67500801785292,11.999633460531054,5.937173637987166
0.9783676470157016,0.4917946773241751,0.6357312845121821,0.8912817669457463,0.0819198472581509,0.6690470338089607,0.3888931229161598,157.5876404578064,50.14440275961576,6.159412167838596
0.6538257066468346,0.531759877791145,0.9419069729858244,0.6857841509637185,0.2483349488432154,0.9968019756819212,0.9407249359522352,148.7166943590524,100.37278991178859,-2.824062990755436
0.6619420745793589,0.8732523192547871,0.6841652234660366,0.7635076176088825,0.8831233796539464,0.9488093501597236,0.5376765158256481,142.14520813456397,86.27088666666477,-7.685981513050595
0.6362419850305121,0.5103121551693829,0.6202303718657801,0.7218056282194298,0.2385127656367907,0.9593930081583172,0.4850167926851519,160.50703798310792,148.38521524583135,-2.3098263283862783
0.8555295706039738,0.7192903840068965,0.8922129023822765,0.9612003715364852,0.5193635052435178,0.9044270846543888,0.6253714510125501,140.84960846180144,62.40225437044181,-1.8357230545549488
0.8825498081119261,0.6844885129758365,0.902357928044586,0.992171049646546,0.5459823232892024,0.7488556662411925,0.4871643879698439,142.55380340456495,38.65385051125965,1.4476562779211215
0.5395523894616359,0.4898449298396159,0.7891831895957546,0.7096907304033634,0.3259053682445074,0.8997978111729519,0.5451643384810976,158.01502887652748,137.99471263186388,-1.71256639331088
0.928252415991506,0.7202361811603788,0.6066307542145576,0.6979684519424613,0.636446560393963,0.6777722965602404,0.5900313867587699,146.1431820512085,0.8366246930847457,0.2260955000634443
0.99599793082933,0.9926377286594084,0.8892746070630102,0.8044538094852802,0.9515249714594142,0.6895348822273055,0.4115968806795145,134.37183561577348,-18.55111591376166,0.12151636165288146
0.4805501792552751,0.6774064401216824,0.7633486536819928,0.8520492695230266,0.0827474763086558,0.99026820128932,0.7604114838386695,151.9009464140016,136.66313032100658,-4.545913750935001
0.8018006470072062,0.4129900577784891,0.5509224902994267,0.7836682056979635,0.7497604807799942,0.7253889654723796,0.3272390451587885,156.47543506919658,78.11598637086567,-0.19909482436863746
0.6143986596100441,0.6559955176424401,0.7063537777750197,0.9808961312289244,0.1477755057266261,0.8444749944286523,0.3480239435508098,155.88777867819064,129.53404050686203,-0.15176450173828065
0.8652474666229739,0.6110934003351849,0.9335436740447997,0.6677115272348877,0.4908805942869382,0.7654437858345577,0.7721034399283261,144.85147524496657,21.653895825837584,1.374380309155733
0.9531853730861162,0.6290302552621356,0.658418787536529,0.8846588276690031,0.8286335526886447,0.8135237936747646,0.7033306298992831,139.9060313119214,16.61781490911483,-3.253781095082623
0.4777948762075333,0.9025942056423748,0.5900254380884243,0.6951728736541953,0.5755734476016785,0.689690290764085,0.4763294614635223,149.98417411185864,64.45072704151293,-3.5631269830549384
0.9663430394569172,0.5342589427376074,0.8068365145306576,0.6747094650917668,0.7032497587152162,0.6454809685092295,0.9442332074118228,140.51969205128486,-40.767536552324714,1.059421860688443
0.8903897741069198,0.6410719370546138,0.6197146992476219,0.6908454875996686,0.1644380503015786,0.7878607478206762,0.8925045970808301,148.81722159629166,20.290079845990206,0.1917738104881998
0.9918448288547468,0.4494682565626053,0.825275501551139,0.8641969110690406,0.4918898520007484,0.7953497574317244,0.8337490444449484,143.7068704679633,16.987945096951062,0.947986419774682
0.9157605442034892,0.6237812030192145,0.7953566534780792,0.9057375056420538,0.2114004119111791,0.7830746110600031,0.669063617653094,147.01193025235625,38.898036900761575,2.139014379427672
0.91204597953654,0.8536807206954589,0.6725315384979507,0.981484514401648,0.8091484427072452,0.6541054441476317,0.9723677312160172,128.8249223274131,-63.52299325729002,-3.651575905589188
0.469862635826397,0.8774030644157088,0.8852851286832277,0.9531919458584504,0.0219106594367124,0.8382426660269027,0.6025900407332268,148.22816377333834,105.1842280685173,-1.3294414499181642
0.7094297261397711,0.4103814559541964,0.5877509144439829,0.929852629335349,0.389170600374212,0.934982690239003,0.3784139584075809,158.71397292478267,146.52210433467766,-2.1671174139146183
0.8703061973354975,0.6810543163125445,0.5111599657820096,0.7086288726785341,0.9950022572622564,0.7756715487193911,0.5223560379338056,145.26446274229698,30.763055607775655,-4.307822750964712
0.9833087582672242,0.8255517112104833,0.6447080932605824,0.7017771739949377,0.772559210874587,0.7993730382767192,0.8902881869805086,135.94098030709893,-24.04133798580871,-3.8564928824159783
0.7216525523559391,0.8813976958490408,0.8078487765053461,0.8128008941811815,0.9788408553246613,0.8716136153126532,0.9881727022437612,129.60010481055463,4.358134867027512,-8.331890626397092
0.6986525271334483,0.990282506935384,0.9956200376019312,0.6928841729068929,0.4191571524596845,0.807269245190426,0.7998600910905602,138.03833597529317,23.708192837548914,-1.5633540357259954
0.5848930596499484,0.7358944102576759,0.597209179055855,0.8957427216673356,0.7029118970173414,0.9336030713335516,0.6461797755716072,144.7388291115384,97.02780206186442,-7.926523313635403
0.4803289302757179,0.9739807178683256,0.932117151898677,0.9161772146772786,0.4683307442732562,0.7030343835642267,0.5249137921499087,141.7180667115118,57.46362520729991,-1.6810693256840865
0.9100402095734108,0.4753563367496267,0.7056674474306268,0.9379147482376348,0.9583788010759884,0.646584406713143,0.900165682319412,136.54566866031632,-33.04967976323458,-2.12983484975519
0.9574077434659756,0.5903601423250416,0.5075127220271405,0.9247219936635788,0.3400781462188858,0.6689109866502853,0.4648062576136866,151.84316016642288,28.406316691344024,2.3916407407047413
0.5614057765431376,0.9260853900330068,0.5586370020777988,0.8884981789252567,0.9695790414552328,0.8057046961298319,0.5661327158589711,139.34494574847014,55.05992830125763,-8.605664095471287
0.8748152474897993,0.8875748148994972,0.8847576722433069,0.9228991740142992,0.7436734735185807,0.575175302305023,0.6421823599320757,134.00397852272656,-41.32718182406924,1.0605048944596487
0.9322328875592086,0.7553142825096102,0.6223983171541758,0.8873394062876163,0.8568902912958088,0.6929780496988771,0.4130489901003764,142.53469345705216,12.752717072665014,-1.0523559936984759
0.660395228227732,0.8635567205826276,0.5740530258147652,0.870076531566217,0.6143439712734535,0.8706171685692984,0.8931392493557752,138.42870994524228,37.55682808094594,-7.751827346096913
0.8402825961616794,0.9311419555430842,0.7341414540438227,0.9734545390247432,0.0112984550142853,0.9011333872542197,0.6915126045024031,143.23733170139863,57.99188442719534,-1.0632037996971662
0.443332498338474,0.5289623302535875,0.9823924705397512,0.8003089263773588,0.8475537909196299,0.8956107523562251,0.6220956949967494,146.60793661905615,118.96832332103635,-5.2751535788324695
0.7868534421781617,0.7742577583232829,0.8530751044423253,0.906890211799778,0.858839773285227,0.7928572015209029,0.923422890888648,131.68242864450832,-4.229001735409538,-4.930670232299178
0.4371217065771051,0.5129574198563338,0.8407529503620792,0.8421521819604778,0.5167967367789043,0.7550525960844332,0.8708494109586906,147.09509262017815,70.99069872503924,-3.4747968448697892
0.8203519453465244,0.4692080443450341,0.6820735841548288,0.9017659149321704,0.2677165866684951,0.9900216858787224,0.626671025805364,152.94933026955803,116.38076614829777,-2.08867432596338
0.5980611540978384,0.7685577121342222,0.9300217055356188,0.9088878764173496,0.0928497181880285,0.8896811963089488,0.6020878679780013,148.70344250446922,106.48670078498985,-0.5786597309456799
0.7059821233133303,0.7366846259686609,0.5303290221736477,0.720172467394541,0.9746352159488434,0.6996639639071124,0.9808355666046134,137.02972916137057,-21.08773129632694,-6.978347335474351
0.9913265470521848,0.7499559750911012,0.950109255979864,0.999072380618186,0.213250062631316,0.5798726688624288,0.7224117412301175,139.01203048836493,-36.71220921180491,5.880408693746676
0.5355806709454101,0.8598846634264421,0.7469521934603784,0.785498331937806,0.5348181553530071,0.6067326897309189,0.9120231535840488,139.4798617631316,-8.714979127632011,-2.807120499550718
0.9272357149888252,0.7056236681723673,0.7765335436244007,0.979063428069753,0.3395601540949388,0.9482645909136038,0.8694894665568597,139.19808266069373,43.50816598650598,-2.898622878588302
0.4870170843044398,0.5308022588182584,0.7095740388643763,0.9042326403398034,0.4528890024743555,0.7764775097524139,0.5750137838314574,152.84240262281182,104.00148732761724,-2.6153693703587306
0.9334070502240798,0.6347147702871363,0.5544523658714752,0.8794391196056851,0.0078713828688358,0.611982954205269,0.4511998524676078,155.77058997224327,27.42010203898986,5.607641397982505
0.7394410283453234,0.5787751135720061,0.7210742007626559,0.9179677113238782,0.0956070461333487,0.9471166532167652,0.3880115257882685,157.28330957690443,140.97924523817537,0.08237691862443436
0.9420995777941448,0.8541140929993242,0.8061151641291813,0.7505776901066434,0.0786774523385225,0.8108451510872473,0.4752386906598936,149.72786778014307,51.5297239972116,3.382850716398924
0.8804184943565742,0.65813911973756,0.6931042459110786,0.8824144213734181,0.7000303098842444,0.5767434287174478,0.5275121821577273,144.0692882868235,-8.681558794644541,1.663536351438376
0.4711842759220973,0.9154333399204012,0.5681092138437428,0.7164608148782199,0.1598299016536279,0.6487474830163005,0.9781787367219008,145.60830219127962,12.12785371632972,-3.2436128054339313
0.8954877726811095,0.6741556165660565,0.7668108101760691,0.8707507503756591,0.4451867732002341,0.954786223819864,0.8233935056716126,141.60819122515207,53.825264956064004,-3.329502623976541
0.4350221432283736,0.9465529438968228,0.871463846843326,0.7109768005805219,0.0249531406605226,0.6397017817614378,0.8392025813183484,146.51281106970615,31.302370176952806,0.3898344848117925
0.916749210854756,0.8947371723639026,0.776145940096894,0.7412536952511327,0.7380595147022176,0.7241255731701841,0.8311188004368231,134.50862557583588,-31.48351335420111,-2.1489137124150446
0.9129587308569274,0.6163942455484357,0.5309494530617324,0.9393302132398422,0.8177800649777076,0.6511268669390685,0.3769384196312608,146.7802859012325,21.465409991314772,-0.35905367188974474
0.6613967787702727,0.9483953007730452,0.9941659729463386,0.8803729127903948,0.5816469307673456,0.91921990458709,0.4173302776032788,141.3845205385567,95.4208168330843,-2.9462606430633884
0.8535478201761084,0.4127950402173576,0.841538273648976,0.7240221970753631,0.9162473961559612,0.5882488312046142,0.5176768446570551,148.03044910986094,10.180562314259795,2.535069348585654
0.8413217314976078,0.6699531261897643,0.6918260012772672,0.7925842366651298,0.661266908976152,0.7635514335970637,0.7354817301803647,142.7955745781133,18.697818937830654,-2.150960995608356
0.5347855089167246,0.8862655755457248,0.9177436339700024,0.984244660645846,0.9224062507633244,0.6432951759850378,0.9780969096133064,127.78954064603545,-24.24192052781503,-5.683801435823714
0.8080209682359698,0.7338706472133152,0.7576568368834689,0.8009348085163629,0.4128616783461492,0.8734903252445374,0.838083932084066,142.471317590097,41.169759817952254,-2.8127732371049468
0.6873332903292257,0.7567668068162807,0.9708060294837996,0.945653027159267,0.8833891029492398,0.9823235888596452,0.6728043098328373,135.88304102959492,82.45106369435993,-6.582422505051779
0.9229381090968792,0.4193619920152024,0.9975010891591892,0.6954724330897539,0.9736814206907828,0.6741353570705442,0.6490774434865212,143.08956385774815,3.7287670310286902,1.9462920134989259
0.8019992973613141,0.992069754333206,0.9748029266062704,0.8923693029750042,0.4610818445189237,0.9047714961730682,0.5245600267746138,138.5823063497315,62.03894144618237,-1.721621953101091
0.6669745133255457,0.4427924260337895,0.8809038603433735,0.8633912354351843,0.9969538839715204,0.913055954704904,0.4125365186593331,148.14974801793602,118.79327827260632,-4.121191576584666
0.4324223130022248,0.6720231207579828,0.7089495365030392,0.7874174198185719,0.5915181602662334,0.7276873295771559,0.8356836127380864,145.74632981442204,55.16045569417863,-4.924563319292508
0.641004905758565,0.3657660166609499,0.7081344720639522,0.7718424061510647,0.2658913566846879,0.7505806148478785,0.7546656167518135,155.97458154739317,76.74245912034584,0.39972328187436673
0.7370655856416759,0.7222636641282995,0.6829758510611346,0.993486820585706,0.9938761079439732,0.7217592291366112,0.3125459647188745,142.96123886881637,53.93572157835085,-3.1666772306190647
0.4434562233345487,0.7613436873943462,0.8518900992469634,0.9140479000849144,0.3934915450528694,0.8557990000521896,0.6271753861558285,146.7904556794256,106.63728602449426,-4.026209514849917
0.8758638926080982,0.4402771988511562,0.582577072360609,0.8592261589506871,0.3821059677074859,0.7862231895703882,0.5046812925282969,155.09647435818283,72.85368854802991,0.8579094529262975
0.4425446883986899,0.7063148760688354,0.7471021343304423,0.8890926703923117,0.1648363598081902,0.9266900697601812,0.9310720662079416,146.91418440112756,102.09442141329528,-5.711769909550772
0.7654469299497353,0.5219639188860757,0.8226201778113875,0.820333210859144,0.3649755857549183,0.8368208333360652,0.9828242617592752,144.19145986191725,39.139365609616746,-1.7205004890992939
0.6452367286853163,0.9001446613693503,0.6833089023846235,0.9842878510294732,0.4318504800079012,0.934842035195067,0.4566585124556392,145.25509301529226,106.60066896400363,-4.965142149139461
0.7503917651868239,0.8377853550884267,0.6303987410553484,0.9290569305671988,0.6986117408666855,0.8438035454479527,0.6062031599097355,140.6413266792723,50.11778758138878,-5.2499223856207005
0.4352770627592445,0.4671797488787205,0.5205897517700652,0.8907541170183377,0.2485394970626411,0.9298292455425364,0.7914392329629933,155.8167459454998,135.99213237456902,-6.2845864711415205
0.9754568303313136,0.4550923072849737,0.8936864573766921,0.8967385060307678,0.5600034701144911,0.7256226331810908,0.8822548037487149,140.59569154470887,-6.251077186947078,1.5529271604823256
0.9753500915894828,0.6478501548584371,0.8618523609273627,0.9086015675878374,0.6240462881167158,0.9795320496242556,0.93644060311623,135.4380675931429,31.723296849166733,-4.114501222804476
0.4591698915040121,0.4461975444781726,0.6892601281895191,0.6835302392953636,0.0016619043720972,0.761943145603249,0.8096584180420558,160.1635743970997,100.73888786379698,-0.06219760885956083
0.6344954807036409,0.8254052441636726,0.6609366083184599,0.7380119730371586,0.7217574612708862,0.6432509612317532,0.8009315092462157,140.64007022304358,-3.6756167216920117,-3.53604939194613
0.7494213184184887,0.4787607270890185,0.6063645642897284,0.8790086769547812,0.7459776084713571,0.7123520172732113,0.331967779245956,153.3946258742738,75.8055757855971,-0.5796379549970917
0.9478560710986706,0.9076271944375586,0.6904483630060974,0.8824197459897063,0.2488539560510539,0.6254574799390106,0.320271970037491,147.84751123074858,13.787003725729415,4.466602434185316
0.8775299729936582,0.6757833051911928,0.908402521699098,0.9938427808857409,0.1666794509854942,0.6678373461123057,0.7140002907288528,143.16037107265436,7.888532912134337,3.9878386214804746
0.8513162876798473,0.4913500134401927,0.6804850319053685,0.7940812481955908,0.046196049837553,0.8978269028329657,0.9808356645261108,150.08914727113796,56.605691354825915,-0.6828458329070148
0.5103801520436142,0.6970138483155655,0.7206121593271083,0.9772861913969692,0.947377833574084,0.8195201391159112,0.4335093068624102,144.22565802311672,97.20885308317915,-6.420503715770523
0.5063937592462415,0.5815474176706534,0.6254762951588531,0.813090269172817,0.0763666857208801,0.9226061243032844,0.882201238951185,153.42031342383862,111.62456841152878,-4.4285268647655975
0.7277660457048026,0.8340210219936557,0.8312629297273031,0.96614792830632,0.8233761487158671,0.8209928137340192,0.6750721962334563,135.34471933871473,34.82374715391627,-4.867309263026312
0.503632923382916,0.6669958014430147,0.8300733356340291,0.9731647977235396,0.2142325855027651,0.6056253150661723,0.3962016820642068,153.38060618532862,77.85988490612473,2.7552099372125394
0.9877895625683004,0.4892986729113877,0.954768232172697,0.869655870754654,0.2496745614082102,0.9900818542295138,0.7398791224507858,146.6944334284081,79.432020961594,0.8523842338644847
0.794747187078096,0.8817801939287448,0.591061002087513,0.821455312492569,0.1703099692344077,0.5988509192444972,0.8974053456200171,142.3037041813981,-31.994226899278114,0.5592628905162976
0.5172646496906912,0.4725215356508242,0.7941441202372646,0.8511134130314043,0.7264544635009796,0.867959039919883,0.3507450304725142,154.61485428172665,142.20218724919076,-3.303025941927886
0.8541912645957077,0.5896403427450411,0.5771070150148655,0.7654775219345852,0.2434376321745827,0.5960293784175317,0.8129080050458779,149.50389103369713,-10.868120406798674,2.391935954748828
0.8769090784879597,0.914200809130649,0.5115537186273148,0.8296479065236662,0.3713586419907512,0.5824778598852512,0.8764317918144467,139.28877571168132,-53.46627016462677,-0.48866311821580427
0.9079820709457598,0.5741035754014725,0.5020067808762946,0.6771094403346773,0.4181537493970101,0.8255859892901355,0.7005130642142151,151.88395740755865,45.70930661348508,-1.4244042965376174
0.9571901150543396,0.7961891199854358,0.6350064560907446,0.9762962420762966,0.8268131124595114,0.7428542704445543,0.9222847856054096,130.93287464674995,-38.58771955084958,-4.485817604433722
0.8129054796416002,0.6269494407838943,0.7319708225275605,0.7368775543490624,0.2536712200543101,0.7159329867817449,0.9908487597189648,144.86390020100606,-0.4731012043513883,0.29474936018591275
0.9214074069607324,0.9377899661456428,0.5781382172868151,0.8965775082242069,0.3657419163265416,0.8894848002590815,0.7697519782272156,139.2264200442281,24.07671255281727,-3.9520758532108804
0.71649547252514,0.5825269540232124,0.6375186207603781,0.8576880654601953,0.0057951909933703,0.6231685912845223,0.9553844994389727,149.3225264096062,5.778632215974289,1.8621455299622247
0.8993362906220335,0.7281601706033831,0.6993253963046316,0.9805865974018874,0.3460673049014758,0.7290073577088337,0.7803910677287909,140.8738623625925,3.0636055340476367,-0.0559422154165157
0.5978409671334999,0.5970517159470887,0.7027358239937838,0.6955289400748557,0.4127496839306702,0.9031240817074184,0.6757790177613132,152.82719091129067,105.63685562180412,-3.6317022358875612
0.9410129778117728,0.6425728144036931,0.9152024672926292,0.7347362389343061,0.2590316175777286,0.9976752771358812,0.781792683889747,145.75857757791647,71.50137594366734,-0.5081385109822131
0.6255116460390084,0.4268652494304045,0.5429451074642213,0.7593937538980153,0.2236317463188316,0.5860845256910043,0.9257359655377844,153.8168596007745,17.630269366390678,0.6487459356191821
0.8685428936187083,0.5290347762705677,0.7596856059597467,0.6792057722933008,0.4601562629645014,0.7849439950553396,0.7402464534057009,149.16140469142235,37.540820225797596,0.4987527456218315
0.6822276089322761,0.3559714243874874,0.8859487837160558,0.9739402872281128,0.6917824342614365,0.9540576135848192,0.5741722272802015,148.8928022709728,124.89537094109897,-3.3805239955723136
0.5910329573922812,0.5700030542090613,0.6333219709286048,0.7081127134334962,0.3798294200863331,0.708226105127439,0.6239917531022878,154.92530099016923,69.08058138900972,-0.6829436553121561
0.8110499453754134,0.5279323823822101,0.5359373583707838,0.9383564280625952,0.434853916852032,0.8134192336075687,0.4683812361342273,153.13856116875607,83.40313148474864,-1.199833750420768
0.6795767523665242,0.61314205384705,0.8735532124294563,0.8281043415726306,0.9466111202205946,0.8835216601452949,0.6268826969570922,141.7656026388315,74.76576751229999,-5.0863772988539715
0.4316160397432519,0.429345693665894,0.9414899009784456,0.9988522319781052,0.988326906565584,0.6935560250948173,0.990423209921473,136.92038256791054,32.58831435917612,-5.6739030312034915
0.5912786906570209,0.5714455648392651,0.6235918737517424,0.9070036474563312,0.5053129902483052,0.872693387808783,0.4340190193710413,153.9237442917522,124.64062566378361,-3.627901136716362
0.4562748408662879,0.7889028963025115,0.6600160486533055,0.861005034815311,0.579882852983733,0.6945754215541469,0.3724956416819749,150.9418407538077,87.63550182838793,-2.744056491150602
0.8378482840327784,0.6397473957591973,0.933489909256985,0.7024012440878096,0.1877611858008624,0.9985843613619546,0.6128690318864349,151.22081699235073,107.15963614203537,0.2499991034911543
0.4560845624436894,0.3668967225220515,0.8195704578358274,0.6743067849735336,0.9764436523094095,0.7909378920455934,0.916999275990651,146.3760184249082,68.2249239940001,-6.176810636277238
0.8176944843989264,0.815894252363502,0.622815556052469,0.8547679322521811,0.8331758326067192,0.9447390917811116,0.4879995745990977,142.42334136615014,76.19528592939012,-6.219218395734598
0.6958643259317807,0.4575469461062448,0.8194243901022902,0.8097902566310875,0.0379305058025727,0.7360040491347236,0.7802131135176249,154.10630093841908,63.183490980472826,2.7634759304469685
0.5228537067403479,0.9073013296344772,0.8907994243621141,0.948004285281446,0.4207219493573162,0.5911870117816745,0.5673487264221735,142.16313679844293,26.9760112011944,0.33450543373248187
0.934549264377568,0.9619929751627236,0.6173131679688959,0.7820032136667072,0.1473821585137815,0.7081177981353907,0.9775053278397244,138.6576990929254,-38.630948025039885,-0.25930626156169034
0.9704393073151196,0.7260513437354734,0.9798168256107288,0.7031384862481171,0.9056728714306324,0.9394100551202564,0.5193291058476018,140.07968000609497,54.61945799953581,-2.0169320727643116
0.7844045615618415,0.9434276412933208,0.5826080045436461,0.7162310675811563,0.184938377895672,0.7129946920903367,0.4225347769063509,151.76054548464938,45.62318871196084,1.1808526552132355
0.9336968445184534,0.539127497254823,0.524387199094745,0.758791624205911,0.037150574189112,0.9632285048121714,0.4249915289445349,160.9511469347188,121.58588614056585,0.7822927337521737
0.634783396194465,0.7683066300242849,0.7969780693200726,0.9749615537480898,0.7815932303059903,0.7464434626799601,0.3491574255483754,144.2281924134584,72.58361350927899,-2.472705873432315
0.4705819848558043,0.9540737583489948,0.681212400861469,0.8397317057750383,0.5256057806900779,0.8304811542993358,0.8909318255045432,138.92699954461312,49.10529679766404,-7.61388465363289
0.902246826207908,0.7011546369996603,0.8399406437188488,0.7708172207319465,0.1323007375400308,0.968866904279811,0.3169210538252501,155.20196835615525,122.17706276995507,2.0226057173096805
0.98472054143356,0.7537341416439758,0.679853507453208,0.991281394223232,0.4677339868519744,0.7664594387152219,0.8301259089242337,137.12505875062095,-10.949346346537785,-1.2763920102443753
0.7019155916689457,0.9971849565322028,0.7004290665825252,0.811729064046404,0.686240227175025,0.841952256408161,0.6117790076285677,139.08667687508108,43.940378075511326,-5.397573078380653
0.4495512397706801,0.3988905675161023,0.9846869235597429,0.745247434600892,0.2191521596632968,0.8552666833850101,0.9941993425516416,151.1953012658599,98.14917532175704,-1.735615797522268
0.8928127108053037,0.5988690296058126,0.8844527862629843,0.8320843476774916,0.3778059339530967,0.8035240615160586,0.9493955768055636,140.8455222943226,11.392206799667486,0.02465995276248128
0.7653634691875913,0.965736635919166,0.6884415565060767,0.9591671998501884,0.9746586984547774,0.9631514948917116,0.634117594976638,132.9539784563802,54.00343407909938,-9.108731535367719
0.7798882044988299,0.932579685996184,0.6279029834267987,0.9590984939179346,0.1433800990513751,0.8372227231708078,0.429424961468324,148.16862170872204,76.15164575544561,-0.8149514973928375
0.7966895346343077,0.4413525267354248,0.8262298923279104,0.8906376374489844,0.9691375282729272,0.8017333170526311,0.3258062467438086,148.69574805243613,85.86199615785286,-1.20014817958015
0.6521772150637339,0.5117047854777288,0.6183208322625696,0.8696349929176065,0.2039775357441837,0.6814655365052603,0.3861699597492666,159.530256024175,91.15279813425836,2.3386122629749115
0.8775487838423457,0.8528946504086201,0.9772581948224446,0.672979137438215,0.489805405964868,0.5963339498092872,0.4493590227580727,144.72827810089981,-2.805235006061812,5.041861062247268
0.5085684096778635,0.8081955552400737,0.9876329660248756,0.9174879759179752,0.7408333393594518,0.8565847146336724,0.9043387271208048,134.1876761819943,50.86817092748789,-6.476826712359214
0.6314469574660513,0.3800785126303205,0.5762705517871421,0.904842900052056,0.1761977612698582,0.7031096523511519,0.5644670722312861,159.45354239109963,90.01885592304654,1.2175605127424591
0.7771384261190001,0.919373742390033,0.8204428460318901,0.7765662453696803,0.5616282917112008,0.9387537721955466,0.6110743936457311,141.09413417400503,67.0892138956085,-4.0767557490492905
0.7365400623379235,0.4348381087573118,0.9416905416825672,0.9623173328793404,0.4098304549728805,0.8792332812387353,0.7174486266999822,147.09539868002872,86.99538136351488,-0.6053774753498617
0.5691187095131315,0.5781027120317792,0.7314205618912707,0.8379684860596276,0.9210544028896852,0.905859640399878,0.7556097383142687,142.92480700765472,84.39486775733552,-7.80291597059622
0.845419746540782,0.3820775883467334,0.878608200913922,0.7469078165910408,0.6900611358436866,0.6764838336774046,0.3847527860912585,153.48801171499943,57.20703938990698,3.6844214699911797
0.4389586489727151,0.8351795693274215,0.679275688258844,0.8099863214859465,0.1121400005643638,0.7864358284943516,0.3606473092196304,157.14889560778735,125.88483075622149,-1.0403797363833356
0.5732979761074131,0.6291891527294295,0.8095481154965682,0.705652902394189,0.0943075789566558,0.6628507959654725,0.9751433217291516,149.14483987319335,25.38795205229088,0.9201838947706311
0.7279849012722339,0.6146480010126915,0.8510072202238604,0.9638601462801216,0.1344285306568085,0.9154085390013176,0.9599047144048232,143.45401670614118,65.53010692647781,-2.181102524192479
0.9285247796349984,0.6593845686876928,0.5766742103557251,0.8086558180057251,0.8469478290173399,0.98303859262658,0.5148702243512722,145.23580587523438,79.57611587556171,-5.65338914879679
0.7820046046462328,0.4065127249317624,0.7950085690572094,0.8826931095272513,0.0066126383930371,0.7438728865872068,0.8680088216544184,152.13762195951125,48.49353518056514,2.91558627678416
0.5333495416984941,0.672387715730044,0.5234136218009601,0.9425535084570472,0.3133191180141814,0.5745546893627823,0.9972587054073668,144.284856441585,-3.5764091897476846,-2.6559761494642955
0.8192544530194507,0.4328023140629322,0.8475002882167774,0.9434082267441992,0.4723283325196665,0.9341466503201328,0.4732629502326007,151.41462268089435,115.27678114861168,-0.49467046198867
0.795001518735478,0.385534542444361,0.7333157621265939,0.7333313394778204,0.2466759386082027,0.7771668519212447,0.7917305382876834,154.01083174292106,57.73975465420074,1.408403291029564
0.6099969555590323,0.9177032048459116,0.9174653876175368,0.7063018140993871,0.6271274727720375,0.7758816028220833,0.4128548912671003,145.44843155985342,70.30974733160323,-1.4153452430900797
0.4699359990315189,0.9677954011957948,0.816668983309405,0.7728781815867314,0.293835338167664,0.6759529818767454,0.5239699486978491,147.71799421924084,60.07387430178433,-0.6274172125938998
0.7994664225947894,0.4746299540643739,0.9277432851282462,0.8183724569302533,0.3127209154136011,0.9618479149488436,0.8755014324488324,146.68147689473338,81.65534494003435,-1.409226102282767
0.8648105608655676,0.5361302256426359,0.5995322003861836,0.7942686329634255,0.4874575140163751,0.8773052027902328,0.7965149086913251,147.60649178314904,52.5573992365763,-2.9783114553764274
0.9419958430213,0.7800245601160172,0.7811713416365714,0.7460364198875371,0.848010179017817,0.9797117693040251,0.8449514460094288,135.4127236897261,29.878990929726672,-6.084586817001737
0.654354163094528,0.7470406319770413,0.7744322927158422,0.9446114107711748,0.4312071707702091,0.8944399597722887,0.61354637310766,145.11201271987966,89.50396483634611,-3.6551778662927785
0.750121233878426,0.6508866659638731,0.8487402874642573,0.9465231931844604,0.9442018914899276,0.709410084646319,0.5434355181184656,139.73973879310398,29.824658670989436,-2.097998897367729
0.7181345258703459,0.8445421326125706,0.5112721116183861,0.7990483963607405,0.5280196607696919,0.967823477723571,0.3518510599727682,151.3416945249183,119.27658956639685,-5.446220509823089
0.999904013896294,0.496856485163019,0.57069150498748,0.8871256371987021,0.3991765173867587,0.6465558811895736,0.4332228928418353,153.12279640171545,25.990498860185625,3.8502776110793686
0.7654335549009521,0.57749260261424,0.7100109787913833,0.7312267598653582,0.7316060177663606,0.936352482320965,0.8696096598189517,143.33603868794756,59.94353500313319,-5.861080089540798
0.8762821831663763,0.977097047754725,0.6877697857813654,0.9850202335826996,0.2313872985470185,0.604672842895754,0.7458567008152663,137.78042685646534,-34.883995909227295,1.3955047081802356
0.9317582953727592,0.7323545526385912,0.865339897057483,0.949239033789165,0.1467634005459207,0.576147802462793,0.970684425797761,137.960956527806,-53.4769622494195,4.131134470382982
0.4769720327271881,0.4160852477672786,0.8869100747542937,0.949726443710892,0.4008524545746535,0.9596841843942012,0.3111647103593911,158.64073870895604,188.5572546786462,-2.008613674669986
0.7514407880616345,0.6763494245993408,0.9646274609714296,0.7122569234791855,0.7353804736899543,0.9446867214895128,0.6318767335866043,143.4299453673663,81.85785278383234,-3.310650849042907
0.7114214814760499,0.4932557351293807,0.8158964000584921,0.875321596408313,0.3785146193798746,0.8895827056513481,0.3257822355589624,156.51304284452098,134.55561506165762,0.400051685663055
0.9251026623220892,0.8462322377131398,0.6430765709691851,0.7793675635109217,0.9750555442539984,0.757919054145885,0.6837653299783902,135.95858948744964,-11.828773347943942,-4.25754727520814
0.5366368579197983,0.8684522846948023,0.6263861918439209,0.9760541928150565,0.1419660633644987,0.6036586344437948,0.8277320777770895,143.88383212578267,12.331209177268697,-1.2034409516103484
0.7678915597674911,0.3950946649321427,0.55450467620156,0.8774948011429966,0.7439268499043755,0.6614722216122253,0.6115424072023613,150.29337510301463,36.332130291567054,-1.1708748248416552
0.9877926043122964,0.6664942575934885,0.9715529807519528,0.6709600428348488,0.837609536720729,0.8414599928334041,0.8109735314646037,137.06105197081587,3.0003490776974395,-1.224058770322513
0.4538634050403469,0.6242068238698948,0.858384531976497,0.8447120598226612,0.1884935811337133,0.6393723701595848,0.7109752648776407,151.2361844185327,61.67218961809379,1.0788885193115356
0.7839669089220013,0.648363611170524,0.867479878906339,0.9210877725360308,0.565971173404174,0.7886039848144792,0.4355757974229765,146.6315945085592,69.63833768541149,0.28054065583915794
0.8799221635532104,0.7145584490911192,0.6201361285476752,0.8746989798188878,0.3777609488325358,0.5849902426485746,0.7433886342265816,143.9168114170509,-23.923204373987783,1.7246805951375965
0.9465320073314314,0.6447364325933,0.9270765458975146,0.9521862671186592,0.8904429686287804,0.7452130398900423,0.9605070440798988,130.06697226526552,-32.72898987235047,-2.314142742013132
0.761106431818011,0.984147374831483,0.7638160170237056,0.6834243147424348,0.861236545989671,0.8090908162437371,0.841445185278504,133.7343183164776,-2.3543874487710603,-5.898397590273491
0.9137410019244,0.6824511549223771,0.5424031128394065,0.7609816969977752,0.1651997889539795,0.9425615680891584,0.4260272108640113,156.2498743287871,103.73996111317399,-0.41256951481661724
0.460073502261773,0.594277871831327,0.5492558815453084,0.7772717156311194,0.3418452546043885,0.5734400012465651,0.3581850815249127,160.53915278953502,83.58527229953035,1.0220274994945677
0.9190588649847444,0.7232014308133505,0.9804569160387564,0.95446504533324,0.3251903916332833,0.5771089527218815,0.6974702338792049,139.76237648310507,-26.69159460934769,5.196479854544864
0.650616220745674,0.4052388711767616,0.5636480722563446,0.7710963510326546,0.0532216805335026,0.8592397294551928,0.3867898991369469,166.26234849762528,147.91917112408433,0.963012639935831
0.8322739906885784,0.5377063510905176,0.5864490635490048,0.9194537514988947,0.3563257601714384,0.8364377560772173,0.90994721660072,145.43451389085843,38.109038539482384,-2.8423487932021816
0.9838328688683956,0.4261461479322108,0.5532181447780065,0.7780168852780527,0.4031363268737524,0.5741914708508427,0.6609210480213223,152.37251484062804,-9.05751332312098,4.052275637209894
0.6865364399535401,0.4247423955666115,0.5300498101954578,0.783658838608378,0.0226846876474685,0.8971545626012977,0.9040783069549256,156.58480045580532,93.56296114820475,-2.272363840874537
0.6212304215723854,0.9432774046415144,0.8399225218037774,0.8989936712210206,0.5584280869581554,0.6690393213853629,0.3109207645951783,144.9047457673814,54.535083767558746,0.044718786302410676
0.5141913693223892,0.4745883957699565,0.7927014443500459,0.6859428260747094,0.5413857303215782,0.7794619030248278,0.4354659737377501,157.97790972306979,118.76734118809213,-0.7682308179659497
0.4546751039704482,0.4363672025416289,0.7182129062551394,0.7892733443584724,0.275576871877254,0.8001277169270806,0.7002507875235546,156.96640876424428,113.60525592895358,-1.9382950868314544
0.5959750937392195,0.5884400596115014,0.738388182928269,0.9587796449800656,0.7771367362170503,0.6638818160043484,0.8249215805429967,140.3812241315153,18.511113099303913,-3.68741908293011
0.8925142676799629,0.4755872509641533,0.6317634029274207,0.8926971875041225,0.8467285763450757,0.8273698940727368,0.7356227091926008,143.0687410489663,35.529969646969974,-3.813078949648595
0.5531836236335854,0.4330142698063368,0.625153336640155,0.8729283276660402,0.3503579877273268,0.9329830812732184,0.7309982543413961,154.38122322630966,126.68120338662726,-4.720748591352219
0.4870653275976796,0.8881260395466073,0.9410261883392146,0.6718139235483969,0.0922397429262609,0.9479804619603768,0.375323601519417,155.4772826154334,152.69132828073646,-0.9016466039491987
0.9975839222937758,0.5014799366609743,0.6072609697542278,0.8433885524434466,0.2142507556895099,0.7806329169709494,0.4317762693100269,156.05871042000638,64.61845836489788,3.409446182796679
0.9575323742381826,0.8223698467222637,0.6421571465851512,0.7221011495204325,0.7590533996239042,0.9333537789283336,0.4750634664482415,144.04902927250328,58.956351645475046,-3.835364989734149
0.8501689667815953,0.5987271960811719,0.8685963225234866,0.6863252321195197,0.706849820981032,0.9014392657503708,0.4342105843733191,149.39140061492978,88.15293576651133,-0.8985145401560181
0.993931440432426,0.742764566657313,0.8964443786233427,0.7096049609207985,0.8984693047777598,0.7239938007715396,0.9638398282640036,131.70687047678655,-50.97270162400731,-1.6272303194545157
0.7932397226870804,0.3792345725043204,0.9234060525892148,0.9084044055765932,0.4010150762744096,0.784790608303912,0.3633181571795724,155.20011051916748,101.64874432056455,3.516507564737699
0.8371423298710765,0.6266973637427313,0.6694447557878301,0.8410351975214089,0.6519163316158897,0.9455770676663648,0.7174262508602893,144.0021430511822,68.44670907334738,-4.9010492586567
0.8292482485969178,0.5542866542614366,0.9157839087483556,0.8835125368077723,0.9960194033219704,0.6244904901618707,0.7063106133282817,137.48132315564308,-13.795124026869765,-0.27395516673158044
0.9336995030502846,0.4160146414646442,0.814889966874413,0.8150758491474542,0.6198396888654655,0.6209069414851537,0.957275728014812,141.65287596333738,-32.61197027162912,1.8095956832861213
0.5164390048974263,0.8029319473949246,0.5502117188446783,0.92169405748488,0.724061460582881,0.9228159816546836,0.3115188496130516,149.94847249876153,135.50003008014482,-7.383897191831348
0.9769110583278476,0.814220832102993,0.9705774811621222,0.8545446909277925,0.7370628543120781,0.8941566716759571,0.6876979006474387,134.68439789581484,22.27647061589221,-1.965287083335764
0.5309409645912245,0.7375124775933544,0.5269296413849254,0.7548508839986237,0.85034634197303,0.8336798913994236,0.9566241298229424,140.5395322468622,41.01994954269103,-9.629320540170731
0.7177147005549105,0.9897674151440368,0.8570323532336289,0.8402012898192628,0.4654930475354257,0.8213028056700422,0.557290535114533,140.73831543508112,50.30092131910708,-2.0818215171175085
0.6834991250478503,0.7193889767434467,0.8605763493337004,0.7303558193596782,0.4266244118165155,0.6706208645684917,0.4971604119096263,149.80344845482418,47.96164331577977,2.015330175927306
0.6649419470874162,0.4074146545506398,0.780994230124493,0.9391527123987378,0.6819221293115775,0.81830707365106,0.9824687874271888,141.98924647807155,45.625901086812,-4.513438459256796
0.847777047670306,0.4915841442356778,0.994120819422576,0.967464564637686,0.5639823519898488,0.752847204039222,0.8192175957099873,140.06302927632896,20.600658875263985,0.792426086827601
0.5819138179161513,0.3730207483950692,0.8482226311652284,0.7209257217176915,0.5884736459350528,0.6101384408715832,0.6525862817738342,153.30222264675268,50.434481562893964,1.629544812480483
0.7736691400519203,0.8741571513721565,0.6281367597917378,0.986804705633464,0.6401771174702954,0.7913146798265059,0.7950747480604325,135.86081410413013,12.101044797041947,-5.238068406311987
0.890365266981098,0.7826500758170776,0.908359703448656,0.6703583359280676,0.0465060798401296,0.6804917377653384,0.7368247546050128,147.3380772941867,4.0927822666335185,5.042173744577986
0.6263183145237339,0.6067665588357718,0.9262030991290696,0.8417486179345413,0.5094699632277486,0.960416989576818,0.7254957748186657,145.55460211117975,104.25882389162076,-3.956647303822567
0.8709718197309674,0.8578920803036628,0.5992445844898345,0.95025125524427,0.5990637865630632,0.7398590734034359,0.3688076731884827,144.38350436395226,37.881961907412084,-1.131475104342386
0.940204822146842,0.5596698401199134,0.5570951840988878,0.7953517799134129,0.4740679519384408,0.9037908294608824,0.5150770039655939,152.18123817295503,79.50084747344211,-1.5777531443970427
0.6501895424117845,0.8702683449990887,0.9940067781197162,0.8309934430954911,0.9090969102201985,0.9305304653938132,0.5642870827317945,137.12317943574894,78.06665505326025,-5.67722811956396
0.6269890995698855,0.4588795204539945,0.6860401067688049,0.9107340251086704,0.5282177433068671,0.7848471614019905,0.9184677404825786,145.8135394837161,51.72627430339008,-3.816918479050386
0.4994728424968406,0.905650325865452,0.8258527179667443,0.8701264616937227,0.8015241390632373,0.8651891378765768,0.922346417895612,133.63378034029625,43.54025434970047,-8.679625694486996
0.6452075610756686,0.5295568611492701,0.7486369885723503,0.7835709332758036,0.0335500900757566,0.642037407026709,0.5421484647283271,158.5212035441542,69.2959245780855,4.31018091470726
0.6168091560637543,0.8554177795159789,0.8852785075526589,0.7381960919186709,0.4374355349910973,0.94116842535723,0.559672597540603,146.53854694451053,103.72799760266979,-3.4643333411770105
0.8846026607009185,0.659473706835214,0.927251013445171,0.915745326090578,0.0683772235315369,0.8390162610384124,0.8267910836838499,144.07595180041255,40.169959073709705,1.934542843910006
0.7350115386335504,0.5591175519156395,0.8589079625345836,0.7759802276245324,0.3227456310865679,0.9256178517073256,0.8791484358361347,146.71914373423948,74.80749449326912,-2.2392072860176704
0.4559081030540493,0.3987812263055036,0.5134386107468304,0.9441132845788004,0.8381594936873288,0.9698096897659656,0.4993955995117455,154.19877933853508,160.65844505335815,-8.942018574820214
0.8902391049463549,0.8578156674252644,0.7231992930188327,0.7508818226735385,0.7527261867276551,0.7584781648923143,0.5468279904714515,141.05205362928524,14.844914679394742,-1.717766702241331
0.6003693109020714,0.4299514229160063,0.8516254209188807,0.7726316456919394,0.2419460818903526,0.7193598221075149,0.6384651687521508,155.9158771202627,83.00291088840738,2.1165484159898043
0.4852618026038447,0.79733325108069,0.5499918040682672,0.9733459347841747,0.2529786648809803,0.6983470757800186,0.9025307878822288,144.14260841418715,35.41888336623554,-4.450384931828659
0.8713494841610794,0.818649129255594,0.5643656846639765,0.6802962656055344,0.2728143654785451,0.7809411854259082,0.3766658593604997,154.1530797703189,62.354279240261974,1.0467975299392425
0.4619941230695152,0.9080068371248246,0.6173198150307685,0.9763423549481204,0.2565795834931261,0.849844874051859,0.5187510574996766,148.65484879135016,109.21857083038952,-4.875755179613055
0.9303125629107588,0.7055710183153736,0.7603913866513001,0.8380927158559438,0.6450628988341437,0.5890652687791939,0.974196358107836,135.12514824327587,-64.558151745128,0.2722519538321071
0.6093952143605496,0.3929238957595692,0.8169253378595673,0.942305482368718,0.7345115279829159,0.7895728957963558,0.6127234398579523,148.4989461990394,86.92686968089056,-2.5683185403144915
0.9947345524710862,0.7246486198127204,0.8398915990640216,0.920251663520067,0.0860616426290933,0.6245119444059601,0.7301620647687078,143.53322177378973,-20.187743524843707,5.539936065824173
0.8377805869375463,0.552174190297049,0.9041458198646024,0.7892915580687477,0.5122019089334608,0.7681586010000677,0.5084825354638426,149.2161786657348,59.01544266901811,2.069653053696593
0.8557751637389719,0.6155152167720039,0.5411136893787621,0.8403332925822888,0.7798241047022212,0.6932962292382736,0.5369075408594739,146.55244850509234,22.89718064823667,-1.713362947181315
0.7667226835883914,0.983361030681462,0.5199859969663807,0.8507863272242999,0.2089758056501171,0.9238652824330053,0.5161115570936995,147.9301903461748,83.77475105698974,-3.850785993173189
0.6090778078636094,0.750741280108504,0.7551633818731394,0.7929543593680768,0.3887779653697886,0.6776550606764533,0.5983522003153694,148.58086821904578,47.18302221006952,-0.10879076979403238
0.8394267556624266,0.8561620813573722,0.8299143960176179,0.7034641682098334,0.0762678605033466,0.7736755715535663,0.6340200263987705,148.29053554920475,38.3542541783698,2.565783836971318
0.7315361732859688,0.7730298475646107,0.9111048134802736,0.898550111475559,0.9759614162357192,0.9395700301101768,0.7872653099623704,133.13449201930766,49.516415328675116,-7.179911274682062
0.5610977047950589,0.4866003466818277,0.7320081513487415,0.805258606902488,0.8462256053273619,0.9199664211596202,0.7934879161164059,145.73845280037278,94.26742786289498,-7.296823896869396
0.6078017137884038,0.7077208488180844,0.8972174714329142,0.8054020951070266,0.8228589441426217,0.6831622903400262,0.505114990803642,144.03049922786528,46.951404771886786,-1.3430370174041233
0.4324199059369354,0.6029523934550822,0.5886752307658842,0.8824033410829735,0.9319927730835852,0.81534883514078,0.99343786148892,139.81656518507168,52.15071253233095,-10.221052635941323
0.8305687349494226,0.9464731838494528,0.8621721910984861,0.8601215964042449,0.9135954450383684,0.6916302715221392,0.4816838291598893,135.54982239437464,0.6596664516793515,-1.5653034965141657
0.94041494376659,0.5870078384311911,0.7560297847822162,0.9861397960836518,0.6010958647803076,0.8786643981926328,0.8538102132218247,138.45895617573947,27.03034345993164,-3.0343497188930115
0.4563947835787311,0.5004906984277491,0.5639616444421767,0.8151801026637104,0.4183858070859779,0.7464437080835618,0.9334155616473184,150.56454413063224,65.00841068501688,-4.81971691609647
0.8802341547663539,0.5912817695312435,0.7360759626274211,0.7772924359957407,0.0789759351356206,0.8413259908216895,0.8364268433407875,149.53539908989413,46.57680643083593,1.003764405820444
0.4670527324164411,0.5093554970471985,0.6026457670070484,0.8274249364389046,0.2018769149755889,0.6232652248065558,0.62378789917429,157.84453206186782,75.4520952201731,0.44213104133172687
0.8254342018376821,0.9048711415353372,0.9263642467729536,0.6782163872964622,0.0706192495115887,0.7858847744525232,0.9506040588710328,141.10945327494744,3.5869001392601394,1.1834327211488338
0.8578003352276409,0.958844475061022,0.8749376971086906,0.7562990985074254,0.38095870541567,0.8723851028424552,0.4628376405471038,144.1068584758505,60.19738422804237,-0.12291387953628868
0.6675142252354105,0.8042239295885423,0.5127252213253836,0.8611128079385655,0.1035697329227827,0.6818373996254958,0.6767006504192303,150.43853875319962,38.037911352537314,-0.48275359684807967
0.840619561662,0.5806397961492854,0.7027345512760694,0.6750589648834873,0.1559344741282446,0.5823443375324139,0.6335543472232378,154.41498109088198,11.402220790747426,5.2731516582315825
0.9709516361406196,0.9840757548788156,0.6414179376422185,0.9479493724509158,0.9036700638939248,0.5886231676393339,0.8427720796340546,127.43855443106811,-85.31653770421488,-2.8031482111705213
0.6025082165795453,0.7030800679476399,0.8046834374283682,0.7815340678603466,0.3287425194286286,0.6534306008051619,0.8122294821702841,146.09407286886739,23.645614474911504,0.059217464207262545
0.8104309344462299,0.65106124304279,0.740277758846179,0.7046388317664918,0.4320351367076165,0.855487417320226,0.6487175297107729,149.1671231781043,64.08852812835308,-1.1190516588894577
0.6209491839572696,0.4127887836448051,0.5072041411257531,0.9854436266427689,0.6149924273405518,0.8837804194524719,0.5262438552305025,153.77018815829592,121.50831706334927,-5.181432727392576
0.5496287877263232,0.8069459648563043,0.7317843571220142,0.7089959861607221,0.1375288211250968,0.9152526370640226,0.9552980911090968,146.77968988994454,76.57731908364906,-4.6377480274186
0.649884467048643,0.7394135094715859,0.7936520966099948,0.8597458152573745,0.7597496386175211,0.5970133987052614,0.5860749539475538,142.23939939594902,11.530247305485297,-0.7851663218560146
0.5693469973860819,0.3557192740483088,0.7157076460171042,0.7912766822369693,0.0994732371518517,0.8503268618376293,0.8298849152727689,157.44258419704266,108.00657518930915,-0.9646739289473867
0.8689617883449543,0.7965514491056553,0.8832957950303082,0.6864848695307557,0.953435584138694,0.9339584106123862,0.3660104902925278,143.1141184489187,77.54757431612008,-3.242652049669152
0.7181118601314507,0.3715199149424181,0.8979244751998543,0.83252869582545,0.0379340436440139,0.6005478377944279,0.5845446753411945,157.7931247459118,55.92440091453352,6.947431033425264
0.8678642288244209,0.8611734708629535,0.9574561248320508,0.7536411074956972,0.5224587672017887,0.7955572968386525,0.5632157011286629,141.42698768519304,31.38788263766205,0.7013097569245915
0.8027196642232726,0.6516664251222621,0.781035464478584,0.8956927062077815,0.5558652682722863,0.837502390727292,0.4135538419924354,148.3331584105019,81.9670743068566,-0.7093487173856188
0.6831290195005133,0.8189340956807056,0.9345068739750916,0.7696543922024682,0.9800795112277684,0.6873519796840637,0.7549872353325228,134.57890926731346,-4.075558815258371,-3.2667932217950617
0.6744034058987403,0.7669094439392414,0.5855577539941966,0.870989348760314,0.2732128205812377,0.6689048837953071,0.3593583830255168,153.8852075979339,66.49297578100595,1.0413159815940105
0.7502043788245707,0.6434893322914041,0.9421627747457086,0.7194620268578988,0.9729632110218212,0.5939333170745372,0.7082636126599784,139.07493921133764,-16.252838362425496,-0.036770770837509764
0.6463152760032136,0.9582004838065477,0.9892708868629578,0.790087532352989,0.6924078220428221,0.6355932743504324,0.3368843087640453,142.36176964147208,34.37614475939387,1.1063993239288261
0.6072182147545349,0.9288525445149614,0.925330885540851,0.6765228436245753,0.2470906200269578,0.6896369980556127,0.339576113983904,151.64345342918114,70.48418693921828,2.8617664856698846
0.6051460494100807,0.8067443661317495,0.644193464024316,0.8417328356791135,0.8956801466182444,0.676842053081282,0.7237190024112677,139.05203841725444,12.058119043259127,-5.360935093997958
0.6053298878837398,0.7452737648901386,0.7304424929969402,0.7509806344284647,0.0658757069928657,0.786664981834608,0.3741133396393196,158.1433484959882,110.86442535949203,1.5053383072098099
0.5309693995778904,0.5313542740066851,0.934453459164408,0.9797521171643028,0.3286204567078118,0.7364608551870606,0.7113121471339467,147.7744434685249,76.03835567014461,-0.09575768113763482
0.5125725131924705,0.440302298529004,0.8541566299544513,0.814521573301324,0.1847169745525832,0.8865789591922937,0.6419511087745546,156.87648086288314,135.30963105264664,-0.9263240524747218
0.527672877450179,0.8803252633211127,0.5081026263247287,0.7365302961833626,0.9154065745209324,0.6467868363582142,0.3558820272082393,147.92010647951872,51.40887801053951,-4.730805083966464
0.5435436661001647,0.4563928531685804,0.8556668778250003,0.7743428500712461,0.3989801712206514,0.902394162088221,0.7402424858873489,152.39263424870066,115.54804285135998,-2.7935319193794115
0.5676938522503399,0.6894986284576508,0.6288449365855101,0.7822614667213172,0.765461869715392,0.9340897091933946,0.6804258852508885,146.02642290294617,97.3573313886474,-7.904751714591172
0.4344802993702982,0.6787756171856192,0.8426183634636627,0.9218653517723574,0.6219059442293411,0.8756729021616567,0.5762034622234891,146.65321736852943,116.85775663997981,-5.364629636620701
0.5357568739210712,0.6518978602639152,0.5704605508867329,0.9309635083959352,0.5251688768068149,0.8525140701883052,0.6016749315297707,149.57629835098007,101.55548221742343,-5.631646372425502
0.5559206121196373,0.8036450162339883,0.7624178418392604,0.7487917809843762,0.9571783611703084,0.7881965146298769,0.5475738159958714,142.63623015485123,63.18891573017514,-5.738421274465751
0.4413041157173097,0.5123330624788148,0.9989441273852516,0.8347822251945212,0.7034150012081833,0.6264303584700734,0.5751616325264067,148.3448155321794,65.92487855548416,0.08021958522533892
0.8421759750130023,0.4014630957376221,0.6735105464320359,0.8629889304510603,0.4453776403951009,0.8962249308750752,0.7907376418409275,149.40926484515597,71.81959563602629,-2.2011700918757247
0.5856933143694684,0.4630452481513216,0.8044434114733502,0.6978153368472757,0.4157908676508299,0.6290519449924092,0.6899172235912971,153.769425693405,49.582795859630664,1.6581631064702649
0.94168381972866,0.8556857553055631,0.9557324530155784,0.6876149211997364,0.939891484133384,0.870982832677634,0.6246671213669905,135.6554640528013,19.245742875396967,-2.710471963271243
0.5358803562847188,0.8179121851143503,0.7090795053409286,0.7621855638531875,0.1194077500218324,0.7673678822401471,0.7492053935906896,149.7416780597168,65.80676916129583,-1.6561752704043222
0.7910262855180469,0.5129923615537526,0.5518089522841116,0.9596187662177385,0.0547926715870637,0.8559341890230439,0.6156780323251447,155.33321433734525,93.5917316957331,-0.1750287658752466
0.7883223847720682,0.6980912682222413,0.7375405649268534,0.6775978532150942,0.0674945668523738,0.8359538904895903,0.4098294895751118,157.86442595215578,98.26537152297,2.53561785278591
0.6903446274032303,0.8746322322444396,0.6308795710171416,0.8123826661730771,0.8966759819065172,0.916653399884499,0.5895365969869444,140.37223563695602,68.39108117126605,-7.881235033712369
0.7348723264780911,0.4827533820100675,0.6827672312511518,0.9247874742694352,0.670571083895773,0.7724556792818277,0.6801844367749854,146.57861930705283,54.59114758702686,-2.5637191404441935
0.632901834165281,0.7298653802117028,0.772968485992434,0.783639550709476,0.0319159344627006,0.8873460313122135,0.7885329634441022,150.22193965999406,86.6159394959441,-1.5070956717978437
0.6481795796154451,0.5173735779213411,0.9973108135432538,0.6956723622931599,0.2406443712771548,0.7618159186710216,0.7681069727291503,151.10509952147459,65.2916843335346,2.115014700423484
0.6711229570998853,0.712439499602681,0.5578618287504669,0.9931672204516272,0.4573395232523392,0.8563398837954619,0.4244622600027115,150.16795499792786,101.973163726869,-3.710131349209494
0.7987311510148573,0.9108120760549916,0.6004382354899475,0.7101789851358502,0.1850248626718193,0.8856140199429028,0.964723491282509,142.60646180727863,26.42043449172661,-3.9402201270735033
0.7974179424465484,0.654739659379761,0.8220957758678306,0.9016236255484752,0.2582657439173712,0.7546248232338906,0.5734804159803384,148.45262377217995,54.470156294559175,1.8780294429970221
0.8974373044134962,0.8883421883833338,0.5404301576933196,0.795863253101111,0.96216773055318,0.8605347965700659,0.4290678855287292,141.21591914718223,42.78255727855628,-5.583014662441035
0.4784843625857708,0.4984681573669712,0.9405835461613872,0.9552265739974318,0.1646506933453467,0.6187334001601956,0.507808062484719,154.90789853445446,85.90602381391895,3.6889457562289585
0.6918494131486203,0.9338505632310584,0.6877737822609776,0.7706214106962463,0.372248074366912,0.7418266686762283,0.6490011998077359,144.41239211827053,32.872738345242304,-1.798251832899891
0.5939500183634338,0.8075311869465073,0.775435206802419,0.7091420603748354,0.0092036069322354,0.949140265422358,0.631245107404115,153.52583963863742,119.5134137955885,-1.8699958329276225
0.8670987515767239,0.6772083521686081,0.6782227750793024,0.6976597986286573,0.1942533957791106,0.6711081600313159,0.338948652738679,157.13182605927844,53.72287280543282,4.813356657980812
0.5223823566257731,0.447206286006562,0.9340990647510472,0.8882236037235878,0.9813612859075448,0.6517475775754069,0.5877487755050916,144.96484088751717,55.36267292638542,-1.891756077585543
0.5609964483158444,0.3982535341287278,0.9519978855978604,0.8746812397921503,0.0704789818112134,0.8021215693716655,0.7873183033639163,153.83959394125475,98.63226865685418,1.463645000675713
0.697526586876519,0.5586216992670574,0.5477821765514331,0.7088296486979623,0.9479322070622188,0.7059339805008873,0.8451776584172835,143.6875027858395,11.328381228951198,-5.29887376525054
0.6424788454488729,0.9809651102726956,0.5030695079037436,0.895896826421043,0.8884599497274503,0.8226233797532019,0.4488660574073069,141.05770768231446,60.390108148270116,-7.704441124949333
0.6182344987385457,0.3582123710399373,0.7220000914350873,0.6756592736076504,0.4072173702347732,0.5990709830733324,0.3409797015043816,163.3194810143079,86.20990666777894,4.216418139379449
0.8108305027573557,0.6759890980206509,0.7173699195470868,0.8618097189242898,0.2449397078747819,0.9585415147602144,0.3847030198809507,153.7030590310678,122.38095101881123,-0.7557637017964404
0.5301282252232704,0.665953944446477,0.7685810486216829,0.9277089889481897,0.7279568915832307,0.7272738626856733,0.3485562501136321,149.15418812231383,91.9265272781835,-2.3204243378861262
0.6083868204843177,0.889726173529691,0.7640763564315044,0.8043022054505843,0.1144003715729335,0.7869129311630642,0.7689555956650953,145.9790265818741,52.89506568791275,-1.4486922022712392
0.8564583267910523,0.4372972172415373,0.8305539022419284,0.7509801438081296,0.3094219779941299,0.8288362743976418,0.7244832388244111,151.55794460250476,62.94974239062133,1.5358554039565282
0.781708090173946,0.9947837863568756,0.6674516270547861,0.6745186360274974,0.81780378218956,0.9898712095243551,0.5046716149544707,141.58535486472164,77.4012755975858,-7.108072945906516
0.8431453291757789,0.5373980360423812,0.8985093930892756,0.9593829219122352,0.6730861053352725,0.6054533066447729,0.5116765703645867,144.2404025906554,13.788384130787593,3.028469838659743
0.8756252612586397,0.3742281464813997,0.9626067809717532,0.8860409865380553,0.5599049890335654,0.7860015512766517,0.948131662439568,141.67100866711672,19.95375747326304,0.36196033983254894
0.4443880470108589,0.5194037524404083,0.5044529486636417,0.7184949730755325,0.6784253762512691,0.9299236377569948,0.3460359735619988,160.422678223239,167.24157255817695,-6.494110708567594
0.8523571171507176,0.5521250544444767,0.595064488334996,0.964840410645208,0.6421892612048233,0.5769290639394539,0.8116336467778784,141.7129012803493,-26.821764384570624,-0.23327502082215992
0.7592485330822432,0.4825268109478449,0.699124688878884,0.7510655268438482,0.2973193907554092,0.8402343190331565,0.9293514970563768,149.36587951896792,53.015984327482634,-1.644777213376713
0.844208433503779,0.3795334044124222,0.5667826070897826,0.6991522769535123,0.1131928562258762,0.690895801851906,0.805053557168227,157.20432465756946,34.95388060269031,2.8019690468700182
0.6833236514223656,0.9138021882625172,0.8468291569305729,0.821020195766105,0.6647749716548635,0.8237512143124746,0.5956701343522968,139.86891752793477,50.25432659398542,-3.612894131670508
0.8830209467334433,0.6373961470280046,0.881771461481426,0.6810301538408875,0.2251018649053552,0.924171550386402,0.8188833877929611,147.28694382125488,59.33094998652591,0.07674164935683772
0.9834922723537876,0.659414730095234,0.8770124335754377,0.9263195891838732,0.5408281598561918,0.8425505308860846,0.593189740979347,141.7384760710218,38.30487442549918,0.43426856551850535
0.677624009925123,0.3627348586492944,0.984850573919358,0.7482205397087965,0.9119669456472792,0.5767732914652619,0.7097980966928241,145.45153511412775,12.288828320219368,1.4753906766073062
0.5309773227977621,0.3602640893521198,0.5688471805422752,0.9587045794829312,0.3465761229718788,0.8379376447437688,0.9466252893017804,151.1534838252222,88.05562931872608,-4.956608891119558
0.5256278820876147,0.3588020620300652,0.7991509551285285,0.907890172567618,0.7402953596346855,0.8553742552753956,0.5902693878033068,151.2950284519108,118.99457523477433,-4.057240179223627
0.4423510697840719,0.5225633267165157,0.5032875035444428,0.8344416971788858,0.5865931906001856,0.8526499563627403,0.723195264675228,152.51365675698693,108.8043282247731,-7.1256687510312835
0.8821299750159524,0.8107534856208074,0.9632926429930486,0.8229958450361263,0.7883079207871884,0.6974066125940823,0.4806146348025113,139.05458891600932,9.696742450184667,1.0596926191312444
0.4492118710572991,0.3678077570146116,0.8199709968317765,0.8657562830202623,0.5768383596394897,0.8074819204717029,0.5555384111097899,154.974807513369,126.54761892520777,-2.4595557472554805
0.764385748150627,0.3803042769518459,0.5883822972859339,0.8187402807143752,0.2111699673200454,0.7660931736588905,0.8620177721650314,153.63973685882326,53.085755327002126,-0.1332970291105585
0.7423808883274855,0.9345102662290148,0.9680627352431216,0.9787826844833024,0.8516529080183616,0.8940182549145964,0.3819636961540109,136.6572140521766,74.13225846112663,-3.9060259559906747
0.4917684895337801,0.5391975821039792,0.8994973940921345,0.8854429432483967,0.282670975090806,0.7935683553331732,0.8993649606985149,147.19010004116475,75.29153231603765,-2.016586200688991
0.7254925012590216,0.9255755005783162,0.6168149503219632,0.8986453256038057,0.260321265074074,0.6979737570907036,0.9594666443621171,138.4582661987079,-12.936572624764478,-2.658987682079713
0.6598339042261562,0.7690641584862175,0.8106732059548931,0.8994088471571584,0.2863897537921672,0.9963387631997028,0.8981549040412271,141.794764236174,84.43063720068514,-5.423334434091713
0.5946309756875687,0.8595895358165998,0.749107175396527,0.7649733202676844,0.1156448915070448,0.7201284133927477,0.503603830567394,152.28232383518483,71.13578656194353,1.0015773763340736
0.4643528572305899,0.6613871228343554,0.9667865603706634,0.7496884249674745,0.9611297350566834,0.872635015148704,0.9765894425169088,136.62967671983063,57.00346597027461,-7.957590661411041
0.7570073228585563,0.8815908997304379,0.7257230643010617,0.7940191217341525,0.6133948132261215,0.8472623807751706,0.58334547534369,142.4358898200241,52.407903790538874,-3.647350327052822
0.9593059143909728,0.5465460315083491,0.851985900564003,0.769171811037511,0.468585053670779,0.8115522977109765,0.6875876662246699,146.33790591930386,35.36828062291864,1.428806249816151
0.9142331020579272,0.4571746610831998,0.6329023671278631,0.8920715843560934,0.3896953220612013,0.9762335869306724,0.7032869007804381,149.94129351595046,89.01331559987788,-2.611091386962468
0.8623907646117679,0.3917264279417282,0.8529921213538914,0.7320705869012083,0.2690131636866681,0.7567362282486563,0.31589472347017,160.40711749609878,95.79626279127615,5.563390734285432
0.6556715570265712,0.5692444803959892,0.9732415345523886,0.9324539864418618,0.823170610353339,0.6164591749679393,0.5767500256699478,142.06200818044465,26.165386494003755,0.4778484470088963
0.4919272107124008,0.9932536084831844,0.7628398604013713,0.739343571196365,0.4752881485889941,0.7690803680289637,0.9586329423680738,137.98608565238027,22.736787267529415,-5.809042937077354
0.6724759881334947,0.7472694407250204,0.8120740753840554,0.6792457331108473,0.4068418882258407,0.7194042476659016,0.645038133589718,148.3250290313127,43.44955931561491,0.18295232573886222
0.7946609106494541,0.5090185660808635,0.5086421119489822,0.6925988249149916,0.2979715938056575,0.9145684194781536,0.9806763419739069,150.61703607974297,59.45186862609579,-4.134083172119341
0.9063484161117776,0.3571323170844525,0.7734764087796195,0.8295234369175308,0.4077485462462857,0.7368625204989667,0.8444433448060086,148.35872246223227,23.41111513844942,1.7376735067347397
0.9132948961686174,0.8315530753860579,0.863434473905904,0.8346728050398191,0.2209164081781507,0.7741365678756296,0.5768506282703066,144.73718605339315,31.299766781448348,2.501572162139457
0.671963493168688,0.837519303751088,0.6659989163939798,0.8126516564016499,0.7730169221508213,0.8118184807547653,0.4947129884582659,144.0519771121168,63.27462193194518,-4.697073822479393
0.6068821880092379,0.620588712903673,0.8364708164467523,0.8780015753625606,0.4805394882896139,0.9484943338067618,0.565537284862371,149.07167009101948,122.18299608994198,-3.722977527198925
0.8019539697156135,0.5060430554741489,0.7979144884368855,0.8110879356752231,0.8009098926097351,0.9477583176720212,0.5433250823690817,147.35946926690121,96.95771623312113,-3.692855213730098
0.6521720587066712,0.9112746701894544,0.878821352926604,0.7714641097218693,0.6699194985567726,0.6627089589511604,0.3469263835208088,144.89856550618802,43.912164533532774,0.2671948848520413
0.7676562623798834,0.9947959301534316,0.6691351336222088,0.8539802800239295,0.5355198588172408,0.9878822353536524,0.8942622997581027,135.11928209613967,43.64623070995639,-7.938771202807677
0.5068942330136831,0.6918045255241216,0.9342011508514352,0.9501326253626864,0.6916123367091288,0.8134969384342976,0.4386431800386522,145.74203423757174,103.93784338914546,-2.996314271579729
0.557798311670239,0.6941126137326783,0.6686137641783614,0.733348964309243,0.6326355700212353,0.8061010244401116,0.5902333873133874,149.5050239920914,82.37296182922617,-4.268973281494361
0.7812676704980899,0.8010132532526743,0.5442863130415774,0.7856071180917408,0.1182863148547055,0.6702694706201143,0.5651688973860878,152.1337237235196,32.71607447995539,1.6029563333973806
0.7800675010109513,0.823390572029463,0.7245491132123734,0.8282800861747723,0.6511198123872404,0.6937956003789887,0.8728475739178335,136.72686951553982,-17.099196186516878,-2.797701599398554
0.5656480952192716,0.962200409437117,0.5798290347235795,0.963125282076046,0.6912569888709721,0.6383083828068402,0.7274853690368669,137.28582608371465,2.4522798343355294,-5.286902748421388
0.6121238824964282,0.5084586820013901,0.5639914011886796,0.8254138303664793,0.0263995114592581,0.8360356987716455,0.6204611807483082,159.57668047098468,113.87717150778207,-0.6879465726036615
0.7428062431574878,0.9418217804740524,0.8613424432382748,0.8058509576377049,0.9024137881343552,0.9797484362814372,0.927100842731282,130.00969343270225,32.15954117399991,-8.802262674203751
0.5732978721350847,0.9635669317416544,0.6544110709380504,0.6926442040071733,0.4098255917815641,0.6745726161377208,0.8878259513557718,141.62316667994645,2.4824550045546507,-3.445485059900703
0.9683558099825584,0.5430921129689185,0.6218068042926204,0.9717589068858694,0.9160247759570594,0.9308178298408728,0.5432789867895267,142.55746001435878,64.13231360809318,-4.7707340935506934
0.8374655269516289,0.3690377021815119,0.6815627388121132,0.7291398435748491,0.8127385291035698,0.8265007887537705,0.7018037913956083,149.11514669821563,56.27112476046222,-2.5376337480161024
0.4686021622822447,0.6393002313385954,0.8510036676426022,0.9304734487171354,0.9773245436173604,0.9027810162942354,0.9289446474835452,135.96408245634697,69.86058289977815,-9.525002552645322
0.4679015782746694,0.6366099768890159,0.8809834037039651,0.9818103542161168,0.4384944147363306,0.7276329629267699,0.5638794770099227,148.0334774915404,87.34309813238016,-1.276671502830493
0.5997822116859128,0.7420547152797525,0.8970259019195397,0.7127138407391223,0.8207379428731667,0.6747811804595916,0.834102505862245,138.90295505319355,6.7852381149773295,-2.9224566088694828
0.9866277713432028,0.7359414028468114,0.7195649666062944,0.9036532783578456,0.1922313704519042,0.834826829228823,0.4148462120603703,149.80818969777272,63.022661682378775,2.3851268166195374
0.7447388285142299,0.8117600193547854,0.5891594547479659,0.669728582149254,0.8909165955689602,0.7385009332469086,0.7603869395339595,140.50399708736805,5.0406361889498905,-5.246526550699371
0.8916326920099492,0.5226359881538414,0.6243656037483503,0.7233673114901248,0.9318273446274492,0.8414130101096431,0.4892487610660365,148.48496409639168,61.12010024772034,-3.0367708234202553
0.4723662800858154,0.5138831934897958,0.5373376070850999,0.8610326079008261,0.5716118711495891,0.8416661611904332,0.9525886089151387,147.54133325180098,77.21959491782349,-7.632290987257399
0.5118252838869353,0.7482688980868364,0.627348718275576,0.9258446054922896,0.7368301093042131,0.7441147015486946,0.5481794555942869,145.36931240374184,69.93473729079818,-5.272004046752656
0.4651650830973928,0.4531935542016925,0.7401318496527467,0.7423468002625577,0.4542572964683605,0.8033174011414398,0.7989684572049677,152.9909651481796,94.57971423526703,-3.38165594054609
0.5277847799609889,0.9425447737564976,0.7056959852874711,0.6816790284031229,0.1115569596611265,0.7530167324045436,0.5105152894706813,153.06198177245727,81.48901823934018,-0.5027198484688576
0.7001304883272942,0.6406628807989964,0.7547727100082724,0.8939301054995432,0.541435714557383,0.968486610375062,0.3150942725393851,152.17227115628003,139.5443020713829,-3.055896850454017
0.8052093643117026,0.9258266773071409,0.7383313483333004,0.7667772311404865,0.2819569598154167,0.7184528397520893,0.5066077192661447,146.69141578567076,31.78522133572395,1.277005092152352
0.5545710491541,0.8761309538278366,0.7023179777703055,0.8592397295765322,0.165525708649497,0.6681316224613953,0.4862200359789072,150.82744954228409,62.73965442781966,0.5272941791504309
